ISO-10303-21;
HEADER;
FILE_DESCRIPTION(('KiCad electronic assembly'),'2;1');
FILE_NAME('TPS5460-kangwei_tech.step','2025-10-12T16:01:11',('Pcbnew'),(
    'Kicad'),'Open CASCADE STEP processor 7.8','KiCad to STEP converter'
  ,'Unknown');
FILE_SCHEMA(('AUTOMOTIVE_DESIGN { 1 0 10303 214 1 1 1 1 }'));
ENDSEC;
DATA;
#1 = APPLICATION_PROTOCOL_DEFINITION('international standard',
  'automotive_design',2000,#2);
#2 = APPLICATION_CONTEXT(
  'core data for automotive mechanical design processes');
#3 = SHAPE_DEFINITION_REPRESENTATION(#4,#10);
#4 = PRODUCT_DEFINITION_SHAPE('','',#5);
#5 = PRODUCT_DEFINITION('design','',#6,#9);
#6 = PRODUCT_DEFINITION_FORMATION('','',#7);
#7 = PRODUCT('TPS5460-kangwei_tech 1','TPS5460-kangwei_tech 1','',(#8));
#8 = PRODUCT_CONTEXT('',#2,'mechanical');
#9 = PRODUCT_DEFINITION_CONTEXT('part definition',#2,'design');
#10 = SHAPE_REPRESENTATION('',(#11,#15,#19,#23,#27,#31),#35);
#11 = AXIS2_PLACEMENT_3D('',#12,#13,#14);
#12 = CARTESIAN_POINT('',(0.,0.,0.));
#13 = DIRECTION('',(0.,0.,1.));
#14 = DIRECTION('',(1.,0.,-0.));
#15 = AXIS2_PLACEMENT_3D('',#16,#17,#18);
#16 = CARTESIAN_POINT('',(11.32,5.73,1.595));
#17 = DIRECTION('',(0.,0.,1.));
#18 = DIRECTION('',(1.,0.,0.));
#19 = AXIS2_PLACEMENT_3D('',#20,#21,#22);
#20 = CARTESIAN_POINT('',(-20.32,-3.81,-8.5E-02));
#21 = DIRECTION('',(0.,-1.224646799147E-16,-1.));
#22 = DIRECTION('',(1.,0.,0.));
#23 = AXIS2_PLACEMENT_3D('',#24,#25,#26);
#24 = CARTESIAN_POINT('',(20.32,-3.81,-8.5E-02));
#25 = DIRECTION('',(0.,-1.224646799147E-16,-1.));
#26 = DIRECTION('',(1.,0.,0.));
#27 = AXIS2_PLACEMENT_3D('',#28,#29,#30);
#28 = CARTESIAN_POINT('',(0.,0.,0.));
#29 = DIRECTION('',(0.,0.,1.));
#30 = DIRECTION('',(1.,0.,-0.));
#31 = AXIS2_PLACEMENT_3D('',#32,#33,#34);
#32 = CARTESIAN_POINT('',(0.,0.,0.));
#33 = DIRECTION('',(0.,0.,1.));
#34 = DIRECTION('',(1.,0.,-0.));
#35 = ( GEOMETRIC_REPRESENTATION_CONTEXT(3) 
GLOBAL_UNCERTAINTY_ASSIGNED_CONTEXT((#39)) GLOBAL_UNIT_ASSIGNED_CONTEXT(
(#36,#37,#38)) REPRESENTATION_CONTEXT('Context #1',
  '3D Context with UNIT and UNCERTAINTY') );
#36 = ( LENGTH_UNIT() NAMED_UNIT(*) SI_UNIT(.MILLI.,.METRE.) );
#37 = ( NAMED_UNIT(*) PLANE_ANGLE_UNIT() SI_UNIT($,.RADIAN.) );
#38 = ( NAMED_UNIT(*) SI_UNIT($,.STERADIAN.) SOLID_ANGLE_UNIT() );
#39 = UNCERTAINTY_MEASURE_WITH_UNIT(LENGTH_MEASURE(1.E-07),#36,
  'distance_accuracy_value','confusion accuracy');
#40 = PRODUCT_RELATED_PRODUCT_CATEGORY('part',$,(#7));
#41 = SHAPE_DEFINITION_REPRESENTATION(#42,#48);
#42 = PRODUCT_DEFINITION_SHAPE('','',#43);
#43 = PRODUCT_DEFINITION('design','',#44,#47);
#44 = PRODUCT_DEFINITION_FORMATION('','',#45);
#45 = PRODUCT('L_Sunlord_MWSA0605S','L_Sunlord_MWSA0605S','',(#46));
#46 = PRODUCT_CONTEXT('',#2,'mechanical');
#47 = PRODUCT_DEFINITION_CONTEXT('part definition',#2,'design');
#48 = SHAPE_REPRESENTATION('',(#11,#49),#53);
#49 = AXIS2_PLACEMENT_3D('',#50,#51,#52);
#50 = CARTESIAN_POINT('',(0.,0.,0.));
#51 = DIRECTION('',(0.,0.,1.));
#52 = DIRECTION('',(1.,0.,0.));
#53 = ( GEOMETRIC_REPRESENTATION_CONTEXT(3) 
GLOBAL_UNCERTAINTY_ASSIGNED_CONTEXT((#57)) GLOBAL_UNIT_ASSIGNED_CONTEXT(
(#54,#55,#56)) REPRESENTATION_CONTEXT('Context #1',
  '3D Context with UNIT and UNCERTAINTY') );
#54 = ( LENGTH_UNIT() NAMED_UNIT(*) SI_UNIT(.MILLI.,.METRE.) );
#55 = ( NAMED_UNIT(*) PLANE_ANGLE_UNIT() SI_UNIT($,.RADIAN.) );
#56 = ( NAMED_UNIT(*) SI_UNIT($,.STERADIAN.) SOLID_ANGLE_UNIT() );
#57 = UNCERTAINTY_MEASURE_WITH_UNIT(LENGTH_MEASURE(1.E-07),#54,
  'distance_accuracy_value','confusion accuracy');
#58 = CONTEXT_DEPENDENT_SHAPE_REPRESENTATION(#59,#61);
#59 = ( REPRESENTATION_RELATIONSHIP('','',#48,#10) 
REPRESENTATION_RELATIONSHIP_WITH_TRANSFORMATION(#60) 
SHAPE_REPRESENTATION_RELATIONSHIP() );
#60 = ITEM_DEFINED_TRANSFORMATION('','',#11,#15);
#61 = PRODUCT_DEFINITION_SHAPE('Placement','Placement of an item',#62);
#62 = NEXT_ASSEMBLY_USAGE_OCCURRENCE('2','REF**','',#5,#43,$);
#63 = PRODUCT_RELATED_PRODUCT_CATEGORY('part',$,(#45));
#64 = SHAPE_DEFINITION_REPRESENTATION(#65,#71);
#65 = PRODUCT_DEFINITION_SHAPE('','',#66);
#66 = PRODUCT_DEFINITION('design','',#67,#70);
#67 = PRODUCT_DEFINITION_FORMATION('','',#68);
#68 = PRODUCT('TPS5460-kangwei_tech 1.1.1','TPS5460-kangwei_tech 1.1.1',
  '',(#69));
#69 = PRODUCT_CONTEXT('',#2,'mechanical');
#70 = PRODUCT_DEFINITION_CONTEXT('part definition',#2,'design');
#71 = SHAPE_REPRESENTATION('',(#11,#72,#790,#940),#1090);
#72 = MANIFOLD_SOLID_BREP('',#73);
#73 = CLOSED_SHELL('',(#74,#146,#179,#212,#326,#350,#374,#391,#416,#433,
    #464,#481,#505,#517,#542,#589,#613,#637,#654,#679,#696,#714,#732,
    #756,#767,#779));
#74 = ADVANCED_FACE('',(#75),#141,.F.);
#75 = FACE_BOUND('',#76,.F.);
#76 = EDGE_LOOP('',(#77,#87,#95,#103,#111,#119,#127,#135));
#77 = ORIENTED_EDGE('',*,*,#78,.F.);
#78 = EDGE_CURVE('',#79,#81,#83,.T.);
#79 = VERTEX_POINT('',#80);
#80 = CARTESIAN_POINT('',(-3.5,-2.97,4.47));
#81 = VERTEX_POINT('',#82);
#82 = CARTESIAN_POINT('',(-3.5,2.97,4.47));
#83 = LINE('',#84,#85);
#84 = CARTESIAN_POINT('',(-3.5,-2.97,4.47));
#85 = VECTOR('',#86,1.);
#86 = DIRECTION('',(0.,1.,0.));
#87 = ORIENTED_EDGE('',*,*,#88,.F.);
#88 = EDGE_CURVE('',#89,#79,#91,.T.);
#89 = VERTEX_POINT('',#90);
#90 = CARTESIAN_POINT('',(-3.5,-2.97,0.));
#91 = LINE('',#92,#93);
#92 = CARTESIAN_POINT('',(-3.5,-2.97,0.));
#93 = VECTOR('',#94,1.);
#94 = DIRECTION('',(0.,0.,1.));
#95 = ORIENTED_EDGE('',*,*,#96,.T.);
#96 = EDGE_CURVE('',#89,#97,#99,.T.);
#97 = VERTEX_POINT('',#98);
#98 = CARTESIAN_POINT('',(-3.5,-1.5,0.));
#99 = LINE('',#100,#101);
#100 = CARTESIAN_POINT('',(-3.5,-3.3,0.));
#101 = VECTOR('',#102,1.);
#102 = DIRECTION('',(0.,1.,0.));
#103 = ORIENTED_EDGE('',*,*,#104,.T.);
#104 = EDGE_CURVE('',#97,#105,#107,.T.);
#105 = VERTEX_POINT('',#106);
#106 = CARTESIAN_POINT('',(-3.5,-1.5,1.44));
#107 = LINE('',#108,#109);
#108 = CARTESIAN_POINT('',(-3.5,-1.5,0.));
#109 = VECTOR('',#110,1.);
#110 = DIRECTION('',(0.,0.,1.));
#111 = ORIENTED_EDGE('',*,*,#112,.F.);
#112 = EDGE_CURVE('',#113,#105,#115,.T.);
#113 = VERTEX_POINT('',#114);
#114 = CARTESIAN_POINT('',(-3.5,1.5,1.44));
#115 = LINE('',#116,#117);
#116 = CARTESIAN_POINT('',(-3.5,-2.4,1.44));
#117 = VECTOR('',#118,1.);
#118 = DIRECTION('',(0.,-1.,0.));
#119 = ORIENTED_EDGE('',*,*,#120,.F.);
#120 = EDGE_CURVE('',#121,#113,#123,.T.);
#121 = VERTEX_POINT('',#122);
#122 = CARTESIAN_POINT('',(-3.5,1.5,0.));
#123 = LINE('',#124,#125);
#124 = CARTESIAN_POINT('',(-3.5,1.5,0.));
#125 = VECTOR('',#126,1.);
#126 = DIRECTION('',(0.,0.,1.));
#127 = ORIENTED_EDGE('',*,*,#128,.T.);
#128 = EDGE_CURVE('',#121,#129,#131,.T.);
#129 = VERTEX_POINT('',#130);
#130 = CARTESIAN_POINT('',(-3.5,2.97,0.));
#131 = LINE('',#132,#133);
#132 = CARTESIAN_POINT('',(-3.5,-3.3,0.));
#133 = VECTOR('',#134,1.);
#134 = DIRECTION('',(0.,1.,0.));
#135 = ORIENTED_EDGE('',*,*,#136,.T.);
#136 = EDGE_CURVE('',#129,#81,#137,.T.);
#137 = LINE('',#138,#139);
#138 = CARTESIAN_POINT('',(-3.5,2.97,0.));
#139 = VECTOR('',#140,1.);
#140 = DIRECTION('',(0.,0.,1.));
#141 = PLANE('',#142);
#142 = AXIS2_PLACEMENT_3D('',#143,#144,#145);
#143 = CARTESIAN_POINT('',(-3.5,-3.3,0.));
#144 = DIRECTION('',(1.,0.,0.));
#145 = DIRECTION('',(0.,0.,1.));
#146 = ADVANCED_FACE('',(#147),#174,.T.);
#147 = FACE_BOUND('',#148,.T.);
#148 = EDGE_LOOP('',(#149,#159,#166,#167));
#149 = ORIENTED_EDGE('',*,*,#150,.T.);
#150 = EDGE_CURVE('',#151,#153,#155,.T.);
#151 = VERTEX_POINT('',#152);
#152 = CARTESIAN_POINT('',(-3.17,-2.97,4.8));
#153 = VERTEX_POINT('',#154);
#154 = CARTESIAN_POINT('',(-3.17,2.97,4.8));
#155 = LINE('',#156,#157);
#156 = CARTESIAN_POINT('',(-3.17,-2.97,4.8));
#157 = VECTOR('',#158,1.);
#158 = DIRECTION('',(0.,1.,0.));
#159 = ORIENTED_EDGE('',*,*,#160,.T.);
#160 = EDGE_CURVE('',#153,#81,#161,.T.);
#161 = CIRCLE('',#162,0.33);
#162 = AXIS2_PLACEMENT_3D('',#163,#164,#165);
#163 = CARTESIAN_POINT('',(-3.17,2.97,4.47));
#164 = DIRECTION('',(0.,-1.,0.));
#165 = DIRECTION('',(-1.,0.,0.));
#166 = ORIENTED_EDGE('',*,*,#78,.F.);
#167 = ORIENTED_EDGE('',*,*,#168,.F.);
#168 = EDGE_CURVE('',#151,#79,#169,.T.);
#169 = CIRCLE('',#170,0.33);
#170 = AXIS2_PLACEMENT_3D('',#171,#172,#173);
#171 = CARTESIAN_POINT('',(-3.17,-2.97,4.47));
#172 = DIRECTION('',(6.123233995737E-17,-1.,0.));
#173 = DIRECTION('',(-1.,-6.123233995737E-17,0.));
#174 = CYLINDRICAL_SURFACE('',#175,0.33);
#175 = AXIS2_PLACEMENT_3D('',#176,#177,#178);
#176 = CARTESIAN_POINT('',(-3.17,-2.97,4.47));
#177 = DIRECTION('',(0.,1.,0.));
#178 = DIRECTION('',(0.,0.,1.));
#179 = ADVANCED_FACE('',(#180),#207,.T.);
#180 = FACE_BOUND('',#181,.T.);
#181 = EDGE_LOOP('',(#182,#191,#199,#206));
#182 = ORIENTED_EDGE('',*,*,#183,.T.);
#183 = EDGE_CURVE('',#81,#184,#186,.T.);
#184 = VERTEX_POINT('',#185);
#185 = CARTESIAN_POINT('',(-3.17,3.3,4.47));
#186 = CIRCLE('',#187,0.33);
#187 = AXIS2_PLACEMENT_3D('',#188,#189,#190);
#188 = CARTESIAN_POINT('',(-3.17,2.97,4.47));
#189 = DIRECTION('',(0.,0.,-1.));
#190 = DIRECTION('',(-1.,0.,0.));
#191 = ORIENTED_EDGE('',*,*,#192,.F.);
#192 = EDGE_CURVE('',#193,#184,#195,.T.);
#193 = VERTEX_POINT('',#194);
#194 = CARTESIAN_POINT('',(-3.17,3.3,0.));
#195 = LINE('',#196,#197);
#196 = CARTESIAN_POINT('',(-3.17,3.3,0.));
#197 = VECTOR('',#198,1.);
#198 = DIRECTION('',(0.,0.,1.));
#199 = ORIENTED_EDGE('',*,*,#200,.F.);
#200 = EDGE_CURVE('',#129,#193,#201,.T.);
#201 = CIRCLE('',#202,0.33);
#202 = AXIS2_PLACEMENT_3D('',#203,#204,#205);
#203 = CARTESIAN_POINT('',(-3.17,2.97,0.));
#204 = DIRECTION('',(-0.,-0.,-1.));
#205 = DIRECTION('',(0.,-1.,0.));
#206 = ORIENTED_EDGE('',*,*,#136,.T.);
#207 = CYLINDRICAL_SURFACE('',#208,0.33);
#208 = AXIS2_PLACEMENT_3D('',#209,#210,#211);
#209 = CARTESIAN_POINT('',(-3.17,2.97,0.));
#210 = DIRECTION('',(0.,0.,1.));
#211 = DIRECTION('',(-1.,0.,0.));
#212 = ADVANCED_FACE('',(#213),#321,.F.);
#213 = FACE_BOUND('',#214,.F.);
#214 = EDGE_LOOP('',(#215,#216,#225,#233,#242,#250,#258,#266,#274,#282,
    #291,#297,#298,#299,#307,#315));
#215 = ORIENTED_EDGE('',*,*,#96,.F.);
#216 = ORIENTED_EDGE('',*,*,#217,.T.);
#217 = EDGE_CURVE('',#89,#218,#220,.T.);
#218 = VERTEX_POINT('',#219);
#219 = CARTESIAN_POINT('',(-3.17,-3.3,0.));
#220 = CIRCLE('',#221,0.33);
#221 = AXIS2_PLACEMENT_3D('',#222,#223,#224);
#222 = CARTESIAN_POINT('',(-3.17,-2.97,0.));
#223 = DIRECTION('',(-0.,0.,1.));
#224 = DIRECTION('',(0.,-1.,0.));
#225 = ORIENTED_EDGE('',*,*,#226,.T.);
#226 = EDGE_CURVE('',#218,#227,#229,.T.);
#227 = VERTEX_POINT('',#228);
#228 = CARTESIAN_POINT('',(3.17,-3.3,0.));
#229 = LINE('',#230,#231);
#230 = CARTESIAN_POINT('',(-3.5,-3.3,0.));
#231 = VECTOR('',#232,1.);
#232 = DIRECTION('',(1.,0.,0.));
#233 = ORIENTED_EDGE('',*,*,#234,.F.);
#234 = EDGE_CURVE('',#235,#227,#237,.T.);
#235 = VERTEX_POINT('',#236);
#236 = CARTESIAN_POINT('',(3.5,-2.97,0.));
#237 = CIRCLE('',#238,0.33);
#238 = AXIS2_PLACEMENT_3D('',#239,#240,#241);
#239 = CARTESIAN_POINT('',(3.17,-2.97,0.));
#240 = DIRECTION('',(-0.,-0.,-1.));
#241 = DIRECTION('',(0.,-1.,0.));
#242 = ORIENTED_EDGE('',*,*,#243,.T.);
#243 = EDGE_CURVE('',#235,#244,#246,.T.);
#244 = VERTEX_POINT('',#245);
#245 = CARTESIAN_POINT('',(3.5,-1.5,0.));
#246 = LINE('',#247,#248);
#247 = CARTESIAN_POINT('',(3.5,-3.3,0.));
#248 = VECTOR('',#249,1.);
#249 = DIRECTION('',(0.,1.,0.));
#250 = ORIENTED_EDGE('',*,*,#251,.F.);
#251 = EDGE_CURVE('',#252,#244,#254,.T.);
#252 = VERTEX_POINT('',#253);
#253 = CARTESIAN_POINT('',(1.895,-1.5,0.));
#254 = LINE('',#255,#256);
#255 = CARTESIAN_POINT('',(1.895,-1.5,0.));
#256 = VECTOR('',#257,1.);
#257 = DIRECTION('',(1.,0.,0.));
#258 = ORIENTED_EDGE('',*,*,#259,.T.);
#259 = EDGE_CURVE('',#252,#260,#262,.T.);
#260 = VERTEX_POINT('',#261);
#261 = CARTESIAN_POINT('',(1.895,1.5,0.));
#262 = LINE('',#263,#264);
#263 = CARTESIAN_POINT('',(1.895,-1.5,0.));
#264 = VECTOR('',#265,1.);
#265 = DIRECTION('',(0.,1.,0.));
#266 = ORIENTED_EDGE('',*,*,#267,.T.);
#267 = EDGE_CURVE('',#260,#268,#270,.T.);
#268 = VERTEX_POINT('',#269);
#269 = CARTESIAN_POINT('',(3.5,1.5,0.));
#270 = LINE('',#271,#272);
#271 = CARTESIAN_POINT('',(1.895,1.5,0.));
#272 = VECTOR('',#273,1.);
#273 = DIRECTION('',(1.,0.,0.));
#274 = ORIENTED_EDGE('',*,*,#275,.T.);
#275 = EDGE_CURVE('',#268,#276,#278,.T.);
#276 = VERTEX_POINT('',#277);
#277 = CARTESIAN_POINT('',(3.5,2.97,0.));
#278 = LINE('',#279,#280);
#279 = CARTESIAN_POINT('',(3.5,-3.3,0.));
#280 = VECTOR('',#281,1.);
#281 = DIRECTION('',(0.,1.,0.));
#282 = ORIENTED_EDGE('',*,*,#283,.T.);
#283 = EDGE_CURVE('',#276,#284,#286,.T.);
#284 = VERTEX_POINT('',#285);
#285 = CARTESIAN_POINT('',(3.17,3.3,0.));
#286 = CIRCLE('',#287,0.33);
#287 = AXIS2_PLACEMENT_3D('',#288,#289,#290);
#288 = CARTESIAN_POINT('',(3.17,2.97,0.));
#289 = DIRECTION('',(-0.,0.,1.));
#290 = DIRECTION('',(0.,-1.,0.));
#291 = ORIENTED_EDGE('',*,*,#292,.F.);
#292 = EDGE_CURVE('',#193,#284,#293,.T.);
#293 = LINE('',#294,#295);
#294 = CARTESIAN_POINT('',(-3.5,3.3,0.));
#295 = VECTOR('',#296,1.);
#296 = DIRECTION('',(1.,0.,0.));
#297 = ORIENTED_EDGE('',*,*,#200,.F.);
#298 = ORIENTED_EDGE('',*,*,#128,.F.);
#299 = ORIENTED_EDGE('',*,*,#300,.T.);
#300 = EDGE_CURVE('',#121,#301,#303,.T.);
#301 = VERTEX_POINT('',#302);
#302 = CARTESIAN_POINT('',(-1.895,1.5,0.));
#303 = LINE('',#304,#305);
#304 = CARTESIAN_POINT('',(-3.505,1.5,0.));
#305 = VECTOR('',#306,1.);
#306 = DIRECTION('',(1.,0.,0.));
#307 = ORIENTED_EDGE('',*,*,#308,.F.);
#308 = EDGE_CURVE('',#309,#301,#311,.T.);
#309 = VERTEX_POINT('',#310);
#310 = CARTESIAN_POINT('',(-1.895,-1.5,0.));
#311 = LINE('',#312,#313);
#312 = CARTESIAN_POINT('',(-1.895,-1.5,0.));
#313 = VECTOR('',#314,1.);
#314 = DIRECTION('',(0.,1.,0.));
#315 = ORIENTED_EDGE('',*,*,#316,.F.);
#316 = EDGE_CURVE('',#97,#309,#317,.T.);
#317 = LINE('',#318,#319);
#318 = CARTESIAN_POINT('',(-3.505,-1.5,0.));
#319 = VECTOR('',#320,1.);
#320 = DIRECTION('',(1.,0.,0.));
#321 = PLANE('',#322);
#322 = AXIS2_PLACEMENT_3D('',#323,#324,#325);
#323 = CARTESIAN_POINT('',(-3.5,-3.3,0.));
#324 = DIRECTION('',(0.,0.,1.));
#325 = DIRECTION('',(1.,0.,0.));
#326 = ADVANCED_FACE('',(#327),#345,.F.);
#327 = FACE_BOUND('',#328,.F.);
#328 = EDGE_LOOP('',(#329,#330,#331,#339));
#329 = ORIENTED_EDGE('',*,*,#300,.F.);
#330 = ORIENTED_EDGE('',*,*,#120,.T.);
#331 = ORIENTED_EDGE('',*,*,#332,.T.);
#332 = EDGE_CURVE('',#113,#333,#335,.T.);
#333 = VERTEX_POINT('',#334);
#334 = CARTESIAN_POINT('',(-1.895,1.5,1.44));
#335 = LINE('',#336,#337);
#336 = CARTESIAN_POINT('',(-3.505,1.5,1.44));
#337 = VECTOR('',#338,1.);
#338 = DIRECTION('',(1.,0.,0.));
#339 = ORIENTED_EDGE('',*,*,#340,.F.);
#340 = EDGE_CURVE('',#301,#333,#341,.T.);
#341 = LINE('',#342,#343);
#342 = CARTESIAN_POINT('',(-1.895,1.5,0.));
#343 = VECTOR('',#344,1.);
#344 = DIRECTION('',(0.,0.,1.));
#345 = PLANE('',#346);
#346 = AXIS2_PLACEMENT_3D('',#347,#348,#349);
#347 = CARTESIAN_POINT('',(-3.505,1.5,0.));
#348 = DIRECTION('',(0.,1.,0.));
#349 = DIRECTION('',(0.,0.,1.));
#350 = ADVANCED_FACE('',(#351),#369,.F.);
#351 = FACE_BOUND('',#352,.F.);
#352 = EDGE_LOOP('',(#353,#354,#355,#363));
#353 = ORIENTED_EDGE('',*,*,#332,.F.);
#354 = ORIENTED_EDGE('',*,*,#112,.T.);
#355 = ORIENTED_EDGE('',*,*,#356,.T.);
#356 = EDGE_CURVE('',#105,#357,#359,.T.);
#357 = VERTEX_POINT('',#358);
#358 = CARTESIAN_POINT('',(-1.895,-1.5,1.44));
#359 = LINE('',#360,#361);
#360 = CARTESIAN_POINT('',(-3.505,-1.5,1.44));
#361 = VECTOR('',#362,1.);
#362 = DIRECTION('',(1.,0.,0.));
#363 = ORIENTED_EDGE('',*,*,#364,.T.);
#364 = EDGE_CURVE('',#357,#333,#365,.T.);
#365 = LINE('',#366,#367);
#366 = CARTESIAN_POINT('',(-1.895,-1.5,1.44));
#367 = VECTOR('',#368,1.);
#368 = DIRECTION('',(0.,1.,0.));
#369 = PLANE('',#370);
#370 = AXIS2_PLACEMENT_3D('',#371,#372,#373);
#371 = CARTESIAN_POINT('',(-3.505,-1.5,1.44));
#372 = DIRECTION('',(0.,0.,1.));
#373 = DIRECTION('',(1.,0.,0.));
#374 = ADVANCED_FACE('',(#375),#386,.T.);
#375 = FACE_BOUND('',#376,.T.);
#376 = EDGE_LOOP('',(#377,#378,#379,#380));
#377 = ORIENTED_EDGE('',*,*,#316,.F.);
#378 = ORIENTED_EDGE('',*,*,#104,.T.);
#379 = ORIENTED_EDGE('',*,*,#356,.T.);
#380 = ORIENTED_EDGE('',*,*,#381,.F.);
#381 = EDGE_CURVE('',#309,#357,#382,.T.);
#382 = LINE('',#383,#384);
#383 = CARTESIAN_POINT('',(-1.895,-1.5,0.));
#384 = VECTOR('',#385,1.);
#385 = DIRECTION('',(0.,0.,1.));
#386 = PLANE('',#387);
#387 = AXIS2_PLACEMENT_3D('',#388,#389,#390);
#388 = CARTESIAN_POINT('',(-3.505,-1.5,0.));
#389 = DIRECTION('',(0.,1.,0.));
#390 = DIRECTION('',(0.,0.,1.));
#391 = ADVANCED_FACE('',(#392),#411,.T.);
#392 = FACE_BOUND('',#393,.T.);
#393 = EDGE_LOOP('',(#394,#395,#396,#404));
#394 = ORIENTED_EDGE('',*,*,#88,.F.);
#395 = ORIENTED_EDGE('',*,*,#217,.T.);
#396 = ORIENTED_EDGE('',*,*,#397,.T.);
#397 = EDGE_CURVE('',#218,#398,#400,.T.);
#398 = VERTEX_POINT('',#399);
#399 = CARTESIAN_POINT('',(-3.17,-3.3,4.47));
#400 = LINE('',#401,#402);
#401 = CARTESIAN_POINT('',(-3.17,-3.3,0.));
#402 = VECTOR('',#403,1.);
#403 = DIRECTION('',(0.,0.,1.));
#404 = ORIENTED_EDGE('',*,*,#405,.T.);
#405 = EDGE_CURVE('',#398,#79,#406,.T.);
#406 = CIRCLE('',#407,0.33);
#407 = AXIS2_PLACEMENT_3D('',#408,#409,#410);
#408 = CARTESIAN_POINT('',(-3.17,-2.97,4.47));
#409 = DIRECTION('',(-0.,-0.,-1.));
#410 = DIRECTION('',(0.,-1.,0.));
#411 = CYLINDRICAL_SURFACE('',#412,0.33);
#412 = AXIS2_PLACEMENT_3D('',#413,#414,#415);
#413 = CARTESIAN_POINT('',(-3.17,-2.97,0.));
#414 = DIRECTION('',(0.,0.,1.));
#415 = DIRECTION('',(-1.,0.,0.));
#416 = ADVANCED_FACE('',(#417),#428,.T.);
#417 = FACE_BOUND('',#418,.T.);
#418 = EDGE_LOOP('',(#419,#426,#427));
#419 = ORIENTED_EDGE('',*,*,#420,.F.);
#420 = EDGE_CURVE('',#151,#398,#421,.T.);
#421 = CIRCLE('',#422,0.33);
#422 = AXIS2_PLACEMENT_3D('',#423,#424,#425);
#423 = CARTESIAN_POINT('',(-3.17,-2.97,4.47));
#424 = DIRECTION('',(1.,0.,-0.));
#425 = DIRECTION('',(0.,0.,1.));
#426 = ORIENTED_EDGE('',*,*,#168,.T.);
#427 = ORIENTED_EDGE('',*,*,#405,.F.);
#428 = SPHERICAL_SURFACE('',#429,0.33);
#429 = AXIS2_PLACEMENT_3D('',#430,#431,#432);
#430 = CARTESIAN_POINT('',(-3.17,-2.97,4.47));
#431 = DIRECTION('',(-0.,-0.,-1.));
#432 = DIRECTION('',(0.,-1.,0.));
#433 = ADVANCED_FACE('',(#434),#459,.T.);
#434 = FACE_BOUND('',#435,.T.);
#435 = EDGE_LOOP('',(#436,#444,#445,#453));
#436 = ORIENTED_EDGE('',*,*,#437,.F.);
#437 = EDGE_CURVE('',#153,#438,#440,.T.);
#438 = VERTEX_POINT('',#439);
#439 = CARTESIAN_POINT('',(3.17,2.97,4.8));
#440 = LINE('',#441,#442);
#441 = CARTESIAN_POINT('',(-3.17,2.97,4.8));
#442 = VECTOR('',#443,1.);
#443 = DIRECTION('',(1.,0.,0.));
#444 = ORIENTED_EDGE('',*,*,#150,.F.);
#445 = ORIENTED_EDGE('',*,*,#446,.F.);
#446 = EDGE_CURVE('',#447,#151,#449,.T.);
#447 = VERTEX_POINT('',#448);
#448 = CARTESIAN_POINT('',(3.17,-2.97,4.8));
#449 = LINE('',#450,#451);
#450 = CARTESIAN_POINT('',(3.17,-2.97,4.8));
#451 = VECTOR('',#452,1.);
#452 = DIRECTION('',(-1.,-0.,-0.));
#453 = ORIENTED_EDGE('',*,*,#454,.F.);
#454 = EDGE_CURVE('',#438,#447,#455,.T.);
#455 = LINE('',#456,#457);
#456 = CARTESIAN_POINT('',(3.17,2.97,4.8));
#457 = VECTOR('',#458,1.);
#458 = DIRECTION('',(-0.,-1.,-0.));
#459 = PLANE('',#460);
#460 = AXIS2_PLACEMENT_3D('',#461,#462,#463);
#461 = CARTESIAN_POINT('',(-3.5,-3.3,4.8));
#462 = DIRECTION('',(0.,0.,1.));
#463 = DIRECTION('',(1.,0.,0.));
#464 = ADVANCED_FACE('',(#465),#476,.T.);
#465 = FACE_BOUND('',#466,.T.);
#466 = EDGE_LOOP('',(#467,#468,#475));
#467 = ORIENTED_EDGE('',*,*,#160,.F.);
#468 = ORIENTED_EDGE('',*,*,#469,.T.);
#469 = EDGE_CURVE('',#153,#184,#470,.T.);
#470 = CIRCLE('',#471,0.33);
#471 = AXIS2_PLACEMENT_3D('',#472,#473,#474);
#472 = CARTESIAN_POINT('',(-3.17,2.97,4.47));
#473 = DIRECTION('',(-1.,-6.123233995737E-17,-0.));
#474 = DIRECTION('',(-6.123233995737E-17,1.,0.));
#475 = ORIENTED_EDGE('',*,*,#183,.F.);
#476 = SPHERICAL_SURFACE('',#477,0.33);
#477 = AXIS2_PLACEMENT_3D('',#478,#479,#480);
#478 = CARTESIAN_POINT('',(-3.17,2.97,4.47));
#479 = DIRECTION('',(-0.,-0.,-1.));
#480 = DIRECTION('',(-1.,0.,0.));
#481 = ADVANCED_FACE('',(#482),#500,.T.);
#482 = FACE_BOUND('',#483,.T.);
#483 = EDGE_LOOP('',(#484,#485,#493,#499));
#484 = ORIENTED_EDGE('',*,*,#192,.T.);
#485 = ORIENTED_EDGE('',*,*,#486,.T.);
#486 = EDGE_CURVE('',#184,#487,#489,.T.);
#487 = VERTEX_POINT('',#488);
#488 = CARTESIAN_POINT('',(3.17,3.3,4.47));
#489 = LINE('',#490,#491);
#490 = CARTESIAN_POINT('',(-3.17,3.3,4.47));
#491 = VECTOR('',#492,1.);
#492 = DIRECTION('',(1.,0.,0.));
#493 = ORIENTED_EDGE('',*,*,#494,.F.);
#494 = EDGE_CURVE('',#284,#487,#495,.T.);
#495 = LINE('',#496,#497);
#496 = CARTESIAN_POINT('',(3.17,3.3,0.));
#497 = VECTOR('',#498,1.);
#498 = DIRECTION('',(0.,0.,1.));
#499 = ORIENTED_EDGE('',*,*,#292,.F.);
#500 = PLANE('',#501);
#501 = AXIS2_PLACEMENT_3D('',#502,#503,#504);
#502 = CARTESIAN_POINT('',(-3.5,3.3,0.));
#503 = DIRECTION('',(0.,1.,0.));
#504 = DIRECTION('',(0.,0.,1.));
#505 = ADVANCED_FACE('',(#506),#512,.F.);
#506 = FACE_BOUND('',#507,.F.);
#507 = EDGE_LOOP('',(#508,#509,#510,#511));
#508 = ORIENTED_EDGE('',*,*,#381,.F.);
#509 = ORIENTED_EDGE('',*,*,#308,.T.);
#510 = ORIENTED_EDGE('',*,*,#340,.T.);
#511 = ORIENTED_EDGE('',*,*,#364,.F.);
#512 = PLANE('',#513);
#513 = AXIS2_PLACEMENT_3D('',#514,#515,#516);
#514 = CARTESIAN_POINT('',(-1.895,-1.5,0.));
#515 = DIRECTION('',(1.,0.,0.));
#516 = DIRECTION('',(0.,0.,1.));
#517 = ADVANCED_FACE('',(#518),#537,.T.);
#518 = FACE_BOUND('',#519,.T.);
#519 = EDGE_LOOP('',(#520,#528,#529,#530));
#520 = ORIENTED_EDGE('',*,*,#521,.F.);
#521 = EDGE_CURVE('',#276,#522,#524,.T.);
#522 = VERTEX_POINT('',#523);
#523 = CARTESIAN_POINT('',(3.5,2.97,4.47));
#524 = LINE('',#525,#526);
#525 = CARTESIAN_POINT('',(3.5,2.97,0.));
#526 = VECTOR('',#527,1.);
#527 = DIRECTION('',(0.,0.,1.));
#528 = ORIENTED_EDGE('',*,*,#283,.T.);
#529 = ORIENTED_EDGE('',*,*,#494,.T.);
#530 = ORIENTED_EDGE('',*,*,#531,.T.);
#531 = EDGE_CURVE('',#487,#522,#532,.T.);
#532 = CIRCLE('',#533,0.33);
#533 = AXIS2_PLACEMENT_3D('',#534,#535,#536);
#534 = CARTESIAN_POINT('',(3.17,2.97,4.47));
#535 = DIRECTION('',(0.,0.,-1.));
#536 = DIRECTION('',(0.,1.,0.));
#537 = CYLINDRICAL_SURFACE('',#538,0.33);
#538 = AXIS2_PLACEMENT_3D('',#539,#540,#541);
#539 = CARTESIAN_POINT('',(3.17,2.97,0.));
#540 = DIRECTION('',(0.,0.,1.));
#541 = DIRECTION('',(1.,0.,0.));
#542 = ADVANCED_FACE('',(#543),#584,.T.);
#543 = FACE_BOUND('',#544,.T.);
#544 = EDGE_LOOP('',(#545,#553,#559,#560,#568,#576,#582,#583));
#545 = ORIENTED_EDGE('',*,*,#546,.T.);
#546 = EDGE_CURVE('',#522,#547,#549,.T.);
#547 = VERTEX_POINT('',#548);
#548 = CARTESIAN_POINT('',(3.5,-2.97,4.47));
#549 = LINE('',#550,#551);
#550 = CARTESIAN_POINT('',(3.5,2.97,4.47));
#551 = VECTOR('',#552,1.);
#552 = DIRECTION('',(-0.,-1.,-0.));
#553 = ORIENTED_EDGE('',*,*,#554,.F.);
#554 = EDGE_CURVE('',#235,#547,#555,.T.);
#555 = LINE('',#556,#557);
#556 = CARTESIAN_POINT('',(3.5,-2.97,0.));
#557 = VECTOR('',#558,1.);
#558 = DIRECTION('',(0.,0.,1.));
#559 = ORIENTED_EDGE('',*,*,#243,.T.);
#560 = ORIENTED_EDGE('',*,*,#561,.T.);
#561 = EDGE_CURVE('',#244,#562,#564,.T.);
#562 = VERTEX_POINT('',#563);
#563 = CARTESIAN_POINT('',(3.5,-1.5,1.44));
#564 = LINE('',#565,#566);
#565 = CARTESIAN_POINT('',(3.5,-1.5,0.));
#566 = VECTOR('',#567,1.);
#567 = DIRECTION('',(0.,0.,1.));
#568 = ORIENTED_EDGE('',*,*,#569,.F.);
#569 = EDGE_CURVE('',#570,#562,#572,.T.);
#570 = VERTEX_POINT('',#571);
#571 = CARTESIAN_POINT('',(3.5,1.5,1.44));
#572 = LINE('',#573,#574);
#573 = CARTESIAN_POINT('',(3.5,-2.4,1.44));
#574 = VECTOR('',#575,1.);
#575 = DIRECTION('',(0.,-1.,0.));
#576 = ORIENTED_EDGE('',*,*,#577,.F.);
#577 = EDGE_CURVE('',#268,#570,#578,.T.);
#578 = LINE('',#579,#580);
#579 = CARTESIAN_POINT('',(3.5,1.5,0.));
#580 = VECTOR('',#581,1.);
#581 = DIRECTION('',(0.,0.,1.));
#582 = ORIENTED_EDGE('',*,*,#275,.T.);
#583 = ORIENTED_EDGE('',*,*,#521,.T.);
#584 = PLANE('',#585);
#585 = AXIS2_PLACEMENT_3D('',#586,#587,#588);
#586 = CARTESIAN_POINT('',(3.5,-3.3,0.));
#587 = DIRECTION('',(1.,0.,0.));
#588 = DIRECTION('',(0.,0.,1.));
#589 = ADVANCED_FACE('',(#590),#608,.F.);
#590 = FACE_BOUND('',#591,.F.);
#591 = EDGE_LOOP('',(#592,#593,#601,#607));
#592 = ORIENTED_EDGE('',*,*,#267,.F.);
#593 = ORIENTED_EDGE('',*,*,#594,.T.);
#594 = EDGE_CURVE('',#260,#595,#597,.T.);
#595 = VERTEX_POINT('',#596);
#596 = CARTESIAN_POINT('',(1.895,1.5,1.44));
#597 = LINE('',#598,#599);
#598 = CARTESIAN_POINT('',(1.895,1.5,0.));
#599 = VECTOR('',#600,1.);
#600 = DIRECTION('',(0.,0.,1.));
#601 = ORIENTED_EDGE('',*,*,#602,.T.);
#602 = EDGE_CURVE('',#595,#570,#603,.T.);
#603 = LINE('',#604,#605);
#604 = CARTESIAN_POINT('',(1.895,1.5,1.44));
#605 = VECTOR('',#606,1.);
#606 = DIRECTION('',(1.,0.,0.));
#607 = ORIENTED_EDGE('',*,*,#577,.F.);
#608 = PLANE('',#609);
#609 = AXIS2_PLACEMENT_3D('',#610,#611,#612);
#610 = CARTESIAN_POINT('',(1.895,1.5,0.));
#611 = DIRECTION('',(0.,1.,0.));
#612 = DIRECTION('',(0.,0.,1.));
#613 = ADVANCED_FACE('',(#614),#632,.T.);
#614 = FACE_BOUND('',#615,.T.);
#615 = EDGE_LOOP('',(#616,#624,#625,#626));
#616 = ORIENTED_EDGE('',*,*,#617,.F.);
#617 = EDGE_CURVE('',#252,#618,#620,.T.);
#618 = VERTEX_POINT('',#619);
#619 = CARTESIAN_POINT('',(1.895,-1.5,1.44));
#620 = LINE('',#621,#622);
#621 = CARTESIAN_POINT('',(1.895,-1.5,0.));
#622 = VECTOR('',#623,1.);
#623 = DIRECTION('',(0.,0.,1.));
#624 = ORIENTED_EDGE('',*,*,#259,.T.);
#625 = ORIENTED_EDGE('',*,*,#594,.T.);
#626 = ORIENTED_EDGE('',*,*,#627,.F.);
#627 = EDGE_CURVE('',#618,#595,#628,.T.);
#628 = LINE('',#629,#630);
#629 = CARTESIAN_POINT('',(1.895,-1.5,1.44));
#630 = VECTOR('',#631,1.);
#631 = DIRECTION('',(0.,1.,0.));
#632 = PLANE('',#633);
#633 = AXIS2_PLACEMENT_3D('',#634,#635,#636);
#634 = CARTESIAN_POINT('',(1.895,-1.5,0.));
#635 = DIRECTION('',(1.,0.,0.));
#636 = DIRECTION('',(0.,0.,1.));
#637 = ADVANCED_FACE('',(#638),#649,.T.);
#638 = FACE_BOUND('',#639,.T.);
#639 = EDGE_LOOP('',(#640,#641,#642,#648));
#640 = ORIENTED_EDGE('',*,*,#251,.F.);
#641 = ORIENTED_EDGE('',*,*,#617,.T.);
#642 = ORIENTED_EDGE('',*,*,#643,.T.);
#643 = EDGE_CURVE('',#618,#562,#644,.T.);
#644 = LINE('',#645,#646);
#645 = CARTESIAN_POINT('',(1.895,-1.5,1.44));
#646 = VECTOR('',#647,1.);
#647 = DIRECTION('',(1.,0.,0.));
#648 = ORIENTED_EDGE('',*,*,#561,.F.);
#649 = PLANE('',#650);
#650 = AXIS2_PLACEMENT_3D('',#651,#652,#653);
#651 = CARTESIAN_POINT('',(1.895,-1.5,0.));
#652 = DIRECTION('',(0.,1.,0.));
#653 = DIRECTION('',(0.,0.,1.));
#654 = ADVANCED_FACE('',(#655),#674,.T.);
#655 = FACE_BOUND('',#656,.T.);
#656 = EDGE_LOOP('',(#657,#666,#672,#673));
#657 = ORIENTED_EDGE('',*,*,#658,.T.);
#658 = EDGE_CURVE('',#547,#659,#661,.T.);
#659 = VERTEX_POINT('',#660);
#660 = CARTESIAN_POINT('',(3.17,-3.3,4.47));
#661 = CIRCLE('',#662,0.33);
#662 = AXIS2_PLACEMENT_3D('',#663,#664,#665);
#663 = CARTESIAN_POINT('',(3.17,-2.97,4.47));
#664 = DIRECTION('',(0.,0.,-1.));
#665 = DIRECTION('',(1.,0.,0.));
#666 = ORIENTED_EDGE('',*,*,#667,.F.);
#667 = EDGE_CURVE('',#227,#659,#668,.T.);
#668 = LINE('',#669,#670);
#669 = CARTESIAN_POINT('',(3.17,-3.3,0.));
#670 = VECTOR('',#671,1.);
#671 = DIRECTION('',(0.,0.,1.));
#672 = ORIENTED_EDGE('',*,*,#234,.F.);
#673 = ORIENTED_EDGE('',*,*,#554,.T.);
#674 = CYLINDRICAL_SURFACE('',#675,0.33);
#675 = AXIS2_PLACEMENT_3D('',#676,#677,#678);
#676 = CARTESIAN_POINT('',(3.17,-2.97,0.));
#677 = DIRECTION('',(0.,0.,1.));
#678 = DIRECTION('',(1.,0.,0.));
#679 = ADVANCED_FACE('',(#680),#691,.F.);
#680 = FACE_BOUND('',#681,.F.);
#681 = EDGE_LOOP('',(#682,#683,#689,#690));
#682 = ORIENTED_EDGE('',*,*,#397,.T.);
#683 = ORIENTED_EDGE('',*,*,#684,.F.);
#684 = EDGE_CURVE('',#659,#398,#685,.T.);
#685 = LINE('',#686,#687);
#686 = CARTESIAN_POINT('',(3.17,-3.3,4.47));
#687 = VECTOR('',#688,1.);
#688 = DIRECTION('',(-1.,-0.,-0.));
#689 = ORIENTED_EDGE('',*,*,#667,.F.);
#690 = ORIENTED_EDGE('',*,*,#226,.F.);
#691 = PLANE('',#692);
#692 = AXIS2_PLACEMENT_3D('',#693,#694,#695);
#693 = CARTESIAN_POINT('',(-3.5,-3.3,0.));
#694 = DIRECTION('',(0.,1.,0.));
#695 = DIRECTION('',(0.,0.,1.));
#696 = ADVANCED_FACE('',(#697),#709,.T.);
#697 = FACE_BOUND('',#698,.T.);
#698 = EDGE_LOOP('',(#699,#700,#701,#702));
#699 = ORIENTED_EDGE('',*,*,#446,.T.);
#700 = ORIENTED_EDGE('',*,*,#420,.T.);
#701 = ORIENTED_EDGE('',*,*,#684,.F.);
#702 = ORIENTED_EDGE('',*,*,#703,.F.);
#703 = EDGE_CURVE('',#447,#659,#704,.T.);
#704 = CIRCLE('',#705,0.33);
#705 = AXIS2_PLACEMENT_3D('',#706,#707,#708);
#706 = CARTESIAN_POINT('',(3.17,-2.97,4.47));
#707 = DIRECTION('',(1.,6.123233995737E-17,0.));
#708 = DIRECTION('',(6.123233995737E-17,-1.,0.));
#709 = CYLINDRICAL_SURFACE('',#710,0.33);
#710 = AXIS2_PLACEMENT_3D('',#711,#712,#713);
#711 = CARTESIAN_POINT('',(3.17,-2.97,4.47));
#712 = DIRECTION('',(-1.,-0.,-0.));
#713 = DIRECTION('',(0.,0.,1.));
#714 = ADVANCED_FACE('',(#715),#727,.T.);
#715 = FACE_BOUND('',#716,.T.);
#716 = EDGE_LOOP('',(#717,#718,#725,#726));
#717 = ORIENTED_EDGE('',*,*,#437,.T.);
#718 = ORIENTED_EDGE('',*,*,#719,.T.);
#719 = EDGE_CURVE('',#438,#487,#720,.T.);
#720 = CIRCLE('',#721,0.33);
#721 = AXIS2_PLACEMENT_3D('',#722,#723,#724);
#722 = CARTESIAN_POINT('',(3.17,2.97,4.47));
#723 = DIRECTION('',(-1.,0.,0.));
#724 = DIRECTION('',(0.,0.,1.));
#725 = ORIENTED_EDGE('',*,*,#486,.F.);
#726 = ORIENTED_EDGE('',*,*,#469,.F.);
#727 = CYLINDRICAL_SURFACE('',#728,0.33);
#728 = AXIS2_PLACEMENT_3D('',#729,#730,#731);
#729 = CARTESIAN_POINT('',(-3.17,2.97,4.47));
#730 = DIRECTION('',(1.,0.,0.));
#731 = DIRECTION('',(0.,0.,1.));
#732 = ADVANCED_FACE('',(#733),#751,.T.);
#733 = FACE_BOUND('',#734,.T.);
#734 = EDGE_LOOP('',(#735,#736,#743,#744));
#735 = ORIENTED_EDGE('',*,*,#454,.T.);
#736 = ORIENTED_EDGE('',*,*,#737,.T.);
#737 = EDGE_CURVE('',#447,#547,#738,.T.);
#738 = CIRCLE('',#739,0.33);
#739 = AXIS2_PLACEMENT_3D('',#740,#741,#742);
#740 = CARTESIAN_POINT('',(3.17,-2.97,4.47));
#741 = DIRECTION('',(0.,1.,0.));
#742 = DIRECTION('',(0.,0.,1.));
#743 = ORIENTED_EDGE('',*,*,#546,.F.);
#744 = ORIENTED_EDGE('',*,*,#745,.F.);
#745 = EDGE_CURVE('',#438,#522,#746,.T.);
#746 = CIRCLE('',#747,0.33);
#747 = AXIS2_PLACEMENT_3D('',#748,#749,#750);
#748 = CARTESIAN_POINT('',(3.17,2.97,4.47));
#749 = DIRECTION('',(-6.123233995737E-17,1.,0.));
#750 = DIRECTION('',(1.,6.123233995737E-17,0.));
#751 = CYLINDRICAL_SURFACE('',#752,0.33);
#752 = AXIS2_PLACEMENT_3D('',#753,#754,#755);
#753 = CARTESIAN_POINT('',(3.17,2.97,4.47));
#754 = DIRECTION('',(-0.,-1.,-0.));
#755 = DIRECTION('',(0.,0.,1.));
#756 = ADVANCED_FACE('',(#757),#762,.T.);
#757 = FACE_BOUND('',#758,.T.);
#758 = EDGE_LOOP('',(#759,#760,#761));
#759 = ORIENTED_EDGE('',*,*,#719,.F.);
#760 = ORIENTED_EDGE('',*,*,#745,.T.);
#761 = ORIENTED_EDGE('',*,*,#531,.F.);
#762 = SPHERICAL_SURFACE('',#763,0.33);
#763 = AXIS2_PLACEMENT_3D('',#764,#765,#766);
#764 = CARTESIAN_POINT('',(3.17,2.97,4.47));
#765 = DIRECTION('',(-0.,-0.,-1.));
#766 = DIRECTION('',(0.,1.,0.));
#767 = ADVANCED_FACE('',(#768),#774,.F.);
#768 = FACE_BOUND('',#769,.F.);
#769 = EDGE_LOOP('',(#770,#771,#772,#773));
#770 = ORIENTED_EDGE('',*,*,#602,.F.);
#771 = ORIENTED_EDGE('',*,*,#627,.F.);
#772 = ORIENTED_EDGE('',*,*,#643,.T.);
#773 = ORIENTED_EDGE('',*,*,#569,.F.);
#774 = PLANE('',#775);
#775 = AXIS2_PLACEMENT_3D('',#776,#777,#778);
#776 = CARTESIAN_POINT('',(1.895,-1.5,1.44));
#777 = DIRECTION('',(0.,0.,1.));
#778 = DIRECTION('',(1.,0.,0.));
#779 = ADVANCED_FACE('',(#780),#785,.T.);
#780 = FACE_BOUND('',#781,.T.);
#781 = EDGE_LOOP('',(#782,#783,#784));
#782 = ORIENTED_EDGE('',*,*,#737,.F.);
#783 = ORIENTED_EDGE('',*,*,#703,.T.);
#784 = ORIENTED_EDGE('',*,*,#658,.F.);
#785 = SPHERICAL_SURFACE('',#786,0.33);
#786 = AXIS2_PLACEMENT_3D('',#787,#788,#789);
#787 = CARTESIAN_POINT('',(3.17,-2.97,4.47));
#788 = DIRECTION('',(-0.,-0.,-1.));
#789 = DIRECTION('',(1.,0.,0.));
#790 = MANIFOLD_SOLID_BREP('',#791);
#791 = CLOSED_SHELL('',(#792,#832,#872,#894,#916,#928));
#792 = ADVANCED_FACE('',(#793),#827,.F.);
#793 = FACE_BOUND('',#794,.F.);
#794 = EDGE_LOOP('',(#795,#805,#813,#821));
#795 = ORIENTED_EDGE('',*,*,#796,.F.);
#796 = EDGE_CURVE('',#797,#799,#801,.T.);
#797 = VERTEX_POINT('',#798);
#798 = CARTESIAN_POINT('',(-3.505,-1.5,0.));
#799 = VERTEX_POINT('',#800);
#800 = CARTESIAN_POINT('',(-3.505,-1.5,1.44));
#801 = LINE('',#802,#803);
#802 = CARTESIAN_POINT('',(-3.505,-1.5,0.));
#803 = VECTOR('',#804,1.);
#804 = DIRECTION('',(0.,0.,1.));
#805 = ORIENTED_EDGE('',*,*,#806,.T.);
#806 = EDGE_CURVE('',#797,#807,#809,.T.);
#807 = VERTEX_POINT('',#808);
#808 = CARTESIAN_POINT('',(-3.505,1.5,0.));
#809 = LINE('',#810,#811);
#810 = CARTESIAN_POINT('',(-3.505,-1.5,0.));
#811 = VECTOR('',#812,1.);
#812 = DIRECTION('',(0.,1.,0.));
#813 = ORIENTED_EDGE('',*,*,#814,.T.);
#814 = EDGE_CURVE('',#807,#815,#817,.T.);
#815 = VERTEX_POINT('',#816);
#816 = CARTESIAN_POINT('',(-3.505,1.5,1.44));
#817 = LINE('',#818,#819);
#818 = CARTESIAN_POINT('',(-3.505,1.5,0.));
#819 = VECTOR('',#820,1.);
#820 = DIRECTION('',(0.,0.,1.));
#821 = ORIENTED_EDGE('',*,*,#822,.F.);
#822 = EDGE_CURVE('',#799,#815,#823,.T.);
#823 = LINE('',#824,#825);
#824 = CARTESIAN_POINT('',(-3.505,-1.5,1.44));
#825 = VECTOR('',#826,1.);
#826 = DIRECTION('',(0.,1.,0.));
#827 = PLANE('',#828);
#828 = AXIS2_PLACEMENT_3D('',#829,#830,#831);
#829 = CARTESIAN_POINT('',(-3.505,-1.5,0.));
#830 = DIRECTION('',(1.,0.,0.));
#831 = DIRECTION('',(0.,0.,1.));
#832 = ADVANCED_FACE('',(#833),#867,.T.);
#833 = FACE_BOUND('',#834,.T.);
#834 = EDGE_LOOP('',(#835,#845,#853,#861));
#835 = ORIENTED_EDGE('',*,*,#836,.F.);
#836 = EDGE_CURVE('',#837,#839,#841,.T.);
#837 = VERTEX_POINT('',#838);
#838 = CARTESIAN_POINT('',(-1.895,-1.5,0.));
#839 = VERTEX_POINT('',#840);
#840 = CARTESIAN_POINT('',(-1.895,-1.5,1.44));
#841 = LINE('',#842,#843);
#842 = CARTESIAN_POINT('',(-1.895,-1.5,0.));
#843 = VECTOR('',#844,1.);
#844 = DIRECTION('',(0.,0.,1.));
#845 = ORIENTED_EDGE('',*,*,#846,.T.);
#846 = EDGE_CURVE('',#837,#847,#849,.T.);
#847 = VERTEX_POINT('',#848);
#848 = CARTESIAN_POINT('',(-1.895,1.5,0.));
#849 = LINE('',#850,#851);
#850 = CARTESIAN_POINT('',(-1.895,-1.5,0.));
#851 = VECTOR('',#852,1.);
#852 = DIRECTION('',(0.,1.,0.));
#853 = ORIENTED_EDGE('',*,*,#854,.T.);
#854 = EDGE_CURVE('',#847,#855,#857,.T.);
#855 = VERTEX_POINT('',#856);
#856 = CARTESIAN_POINT('',(-1.895,1.5,1.44));
#857 = LINE('',#858,#859);
#858 = CARTESIAN_POINT('',(-1.895,1.5,0.));
#859 = VECTOR('',#860,1.);
#860 = DIRECTION('',(0.,0.,1.));
#861 = ORIENTED_EDGE('',*,*,#862,.F.);
#862 = EDGE_CURVE('',#839,#855,#863,.T.);
#863 = LINE('',#864,#865);
#864 = CARTESIAN_POINT('',(-1.895,-1.5,1.44));
#865 = VECTOR('',#866,1.);
#866 = DIRECTION('',(0.,1.,0.));
#867 = PLANE('',#868);
#868 = AXIS2_PLACEMENT_3D('',#869,#870,#871);
#869 = CARTESIAN_POINT('',(-1.895,-1.5,0.));
#870 = DIRECTION('',(1.,0.,0.));
#871 = DIRECTION('',(0.,0.,1.));
#872 = ADVANCED_FACE('',(#873),#889,.F.);
#873 = FACE_BOUND('',#874,.F.);
#874 = EDGE_LOOP('',(#875,#881,#882,#888));
#875 = ORIENTED_EDGE('',*,*,#876,.F.);
#876 = EDGE_CURVE('',#797,#837,#877,.T.);
#877 = LINE('',#878,#879);
#878 = CARTESIAN_POINT('',(-3.505,-1.5,0.));
#879 = VECTOR('',#880,1.);
#880 = DIRECTION('',(1.,0.,0.));
#881 = ORIENTED_EDGE('',*,*,#796,.T.);
#882 = ORIENTED_EDGE('',*,*,#883,.T.);
#883 = EDGE_CURVE('',#799,#839,#884,.T.);
#884 = LINE('',#885,#886);
#885 = CARTESIAN_POINT('',(-3.505,-1.5,1.44));
#886 = VECTOR('',#887,1.);
#887 = DIRECTION('',(1.,0.,0.));
#888 = ORIENTED_EDGE('',*,*,#836,.F.);
#889 = PLANE('',#890);
#890 = AXIS2_PLACEMENT_3D('',#891,#892,#893);
#891 = CARTESIAN_POINT('',(-3.505,-1.5,0.));
#892 = DIRECTION('',(0.,1.,0.));
#893 = DIRECTION('',(0.,0.,1.));
#894 = ADVANCED_FACE('',(#895),#911,.T.);
#895 = FACE_BOUND('',#896,.T.);
#896 = EDGE_LOOP('',(#897,#903,#904,#910));
#897 = ORIENTED_EDGE('',*,*,#898,.F.);
#898 = EDGE_CURVE('',#807,#847,#899,.T.);
#899 = LINE('',#900,#901);
#900 = CARTESIAN_POINT('',(-3.505,1.5,0.));
#901 = VECTOR('',#902,1.);
#902 = DIRECTION('',(1.,0.,0.));
#903 = ORIENTED_EDGE('',*,*,#814,.T.);
#904 = ORIENTED_EDGE('',*,*,#905,.T.);
#905 = EDGE_CURVE('',#815,#855,#906,.T.);
#906 = LINE('',#907,#908);
#907 = CARTESIAN_POINT('',(-3.505,1.5,1.44));
#908 = VECTOR('',#909,1.);
#909 = DIRECTION('',(1.,0.,0.));
#910 = ORIENTED_EDGE('',*,*,#854,.F.);
#911 = PLANE('',#912);
#912 = AXIS2_PLACEMENT_3D('',#913,#914,#915);
#913 = CARTESIAN_POINT('',(-3.505,1.5,0.));
#914 = DIRECTION('',(0.,1.,0.));
#915 = DIRECTION('',(0.,0.,1.));
#916 = ADVANCED_FACE('',(#917),#923,.F.);
#917 = FACE_BOUND('',#918,.F.);
#918 = EDGE_LOOP('',(#919,#920,#921,#922));
#919 = ORIENTED_EDGE('',*,*,#806,.F.);
#920 = ORIENTED_EDGE('',*,*,#876,.T.);
#921 = ORIENTED_EDGE('',*,*,#846,.T.);
#922 = ORIENTED_EDGE('',*,*,#898,.F.);
#923 = PLANE('',#924);
#924 = AXIS2_PLACEMENT_3D('',#925,#926,#927);
#925 = CARTESIAN_POINT('',(-3.505,-1.5,0.));
#926 = DIRECTION('',(0.,0.,1.));
#927 = DIRECTION('',(1.,0.,0.));
#928 = ADVANCED_FACE('',(#929),#935,.T.);
#929 = FACE_BOUND('',#930,.T.);
#930 = EDGE_LOOP('',(#931,#932,#933,#934));
#931 = ORIENTED_EDGE('',*,*,#822,.F.);
#932 = ORIENTED_EDGE('',*,*,#883,.T.);
#933 = ORIENTED_EDGE('',*,*,#862,.T.);
#934 = ORIENTED_EDGE('',*,*,#905,.F.);
#935 = PLANE('',#936);
#936 = AXIS2_PLACEMENT_3D('',#937,#938,#939);
#937 = CARTESIAN_POINT('',(-3.505,-1.5,1.44));
#938 = DIRECTION('',(0.,0.,1.));
#939 = DIRECTION('',(1.,0.,0.));
#940 = MANIFOLD_SOLID_BREP('',#941);
#941 = CLOSED_SHELL('',(#942,#982,#1022,#1044,#1066,#1078));
#942 = ADVANCED_FACE('',(#943),#977,.F.);
#943 = FACE_BOUND('',#944,.F.);
#944 = EDGE_LOOP('',(#945,#955,#963,#971));
#945 = ORIENTED_EDGE('',*,*,#946,.F.);
#946 = EDGE_CURVE('',#947,#949,#951,.T.);
#947 = VERTEX_POINT('',#948);
#948 = CARTESIAN_POINT('',(1.895,-1.5,0.));
#949 = VERTEX_POINT('',#950);
#950 = CARTESIAN_POINT('',(1.895,-1.5,1.44));
#951 = LINE('',#952,#953);
#952 = CARTESIAN_POINT('',(1.895,-1.5,0.));
#953 = VECTOR('',#954,1.);
#954 = DIRECTION('',(0.,0.,1.));
#955 = ORIENTED_EDGE('',*,*,#956,.T.);
#956 = EDGE_CURVE('',#947,#957,#959,.T.);
#957 = VERTEX_POINT('',#958);
#958 = CARTESIAN_POINT('',(1.895,1.5,0.));
#959 = LINE('',#960,#961);
#960 = CARTESIAN_POINT('',(1.895,-1.5,0.));
#961 = VECTOR('',#962,1.);
#962 = DIRECTION('',(0.,1.,0.));
#963 = ORIENTED_EDGE('',*,*,#964,.T.);
#964 = EDGE_CURVE('',#957,#965,#967,.T.);
#965 = VERTEX_POINT('',#966);
#966 = CARTESIAN_POINT('',(1.895,1.5,1.44));
#967 = LINE('',#968,#969);
#968 = CARTESIAN_POINT('',(1.895,1.5,0.));
#969 = VECTOR('',#970,1.);
#970 = DIRECTION('',(0.,0.,1.));
#971 = ORIENTED_EDGE('',*,*,#972,.F.);
#972 = EDGE_CURVE('',#949,#965,#973,.T.);
#973 = LINE('',#974,#975);
#974 = CARTESIAN_POINT('',(1.895,-1.5,1.44));
#975 = VECTOR('',#976,1.);
#976 = DIRECTION('',(0.,1.,0.));
#977 = PLANE('',#978);
#978 = AXIS2_PLACEMENT_3D('',#979,#980,#981);
#979 = CARTESIAN_POINT('',(1.895,-1.5,0.));
#980 = DIRECTION('',(1.,0.,0.));
#981 = DIRECTION('',(0.,0.,1.));
#982 = ADVANCED_FACE('',(#983),#1017,.T.);
#983 = FACE_BOUND('',#984,.T.);
#984 = EDGE_LOOP('',(#985,#995,#1003,#1011));
#985 = ORIENTED_EDGE('',*,*,#986,.F.);
#986 = EDGE_CURVE('',#987,#989,#991,.T.);
#987 = VERTEX_POINT('',#988);
#988 = CARTESIAN_POINT('',(3.505,-1.5,0.));
#989 = VERTEX_POINT('',#990);
#990 = CARTESIAN_POINT('',(3.505,-1.5,1.44));
#991 = LINE('',#992,#993);
#992 = CARTESIAN_POINT('',(3.505,-1.5,0.));
#993 = VECTOR('',#994,1.);
#994 = DIRECTION('',(0.,0.,1.));
#995 = ORIENTED_EDGE('',*,*,#996,.T.);
#996 = EDGE_CURVE('',#987,#997,#999,.T.);
#997 = VERTEX_POINT('',#998);
#998 = CARTESIAN_POINT('',(3.505,1.5,0.));
#999 = LINE('',#1000,#1001);
#1000 = CARTESIAN_POINT('',(3.505,-1.5,0.));
#1001 = VECTOR('',#1002,1.);
#1002 = DIRECTION('',(0.,1.,0.));
#1003 = ORIENTED_EDGE('',*,*,#1004,.T.);
#1004 = EDGE_CURVE('',#997,#1005,#1007,.T.);
#1005 = VERTEX_POINT('',#1006);
#1006 = CARTESIAN_POINT('',(3.505,1.5,1.44));
#1007 = LINE('',#1008,#1009);
#1008 = CARTESIAN_POINT('',(3.505,1.5,0.));
#1009 = VECTOR('',#1010,1.);
#1010 = DIRECTION('',(0.,0.,1.));
#1011 = ORIENTED_EDGE('',*,*,#1012,.F.);
#1012 = EDGE_CURVE('',#989,#1005,#1013,.T.);
#1013 = LINE('',#1014,#1015);
#1014 = CARTESIAN_POINT('',(3.505,-1.5,1.44));
#1015 = VECTOR('',#1016,1.);
#1016 = DIRECTION('',(0.,1.,0.));
#1017 = PLANE('',#1018);
#1018 = AXIS2_PLACEMENT_3D('',#1019,#1020,#1021);
#1019 = CARTESIAN_POINT('',(3.505,-1.5,0.));
#1020 = DIRECTION('',(1.,0.,0.));
#1021 = DIRECTION('',(0.,0.,1.));
#1022 = ADVANCED_FACE('',(#1023),#1039,.F.);
#1023 = FACE_BOUND('',#1024,.F.);
#1024 = EDGE_LOOP('',(#1025,#1031,#1032,#1038));
#1025 = ORIENTED_EDGE('',*,*,#1026,.F.);
#1026 = EDGE_CURVE('',#947,#987,#1027,.T.);
#1027 = LINE('',#1028,#1029);
#1028 = CARTESIAN_POINT('',(1.895,-1.5,0.));
#1029 = VECTOR('',#1030,1.);
#1030 = DIRECTION('',(1.,0.,0.));
#1031 = ORIENTED_EDGE('',*,*,#946,.T.);
#1032 = ORIENTED_EDGE('',*,*,#1033,.T.);
#1033 = EDGE_CURVE('',#949,#989,#1034,.T.);
#1034 = LINE('',#1035,#1036);
#1035 = CARTESIAN_POINT('',(1.895,-1.5,1.44));
#1036 = VECTOR('',#1037,1.);
#1037 = DIRECTION('',(1.,0.,0.));
#1038 = ORIENTED_EDGE('',*,*,#986,.F.);
#1039 = PLANE('',#1040);
#1040 = AXIS2_PLACEMENT_3D('',#1041,#1042,#1043);
#1041 = CARTESIAN_POINT('',(1.895,-1.5,0.));
#1042 = DIRECTION('',(0.,1.,0.));
#1043 = DIRECTION('',(0.,0.,1.));
#1044 = ADVANCED_FACE('',(#1045),#1061,.T.);
#1045 = FACE_BOUND('',#1046,.T.);
#1046 = EDGE_LOOP('',(#1047,#1053,#1054,#1060));
#1047 = ORIENTED_EDGE('',*,*,#1048,.F.);
#1048 = EDGE_CURVE('',#957,#997,#1049,.T.);
#1049 = LINE('',#1050,#1051);
#1050 = CARTESIAN_POINT('',(1.895,1.5,0.));
#1051 = VECTOR('',#1052,1.);
#1052 = DIRECTION('',(1.,0.,0.));
#1053 = ORIENTED_EDGE('',*,*,#964,.T.);
#1054 = ORIENTED_EDGE('',*,*,#1055,.T.);
#1055 = EDGE_CURVE('',#965,#1005,#1056,.T.);
#1056 = LINE('',#1057,#1058);
#1057 = CARTESIAN_POINT('',(1.895,1.5,1.44));
#1058 = VECTOR('',#1059,1.);
#1059 = DIRECTION('',(1.,0.,0.));
#1060 = ORIENTED_EDGE('',*,*,#1004,.F.);
#1061 = PLANE('',#1062);
#1062 = AXIS2_PLACEMENT_3D('',#1063,#1064,#1065);
#1063 = CARTESIAN_POINT('',(1.895,1.5,0.));
#1064 = DIRECTION('',(0.,1.,0.));
#1065 = DIRECTION('',(0.,0.,1.));
#1066 = ADVANCED_FACE('',(#1067),#1073,.F.);
#1067 = FACE_BOUND('',#1068,.F.);
#1068 = EDGE_LOOP('',(#1069,#1070,#1071,#1072));
#1069 = ORIENTED_EDGE('',*,*,#956,.F.);
#1070 = ORIENTED_EDGE('',*,*,#1026,.T.);
#1071 = ORIENTED_EDGE('',*,*,#996,.T.);
#1072 = ORIENTED_EDGE('',*,*,#1048,.F.);
#1073 = PLANE('',#1074);
#1074 = AXIS2_PLACEMENT_3D('',#1075,#1076,#1077);
#1075 = CARTESIAN_POINT('',(1.895,-1.5,0.));
#1076 = DIRECTION('',(0.,0.,1.));
#1077 = DIRECTION('',(1.,0.,0.));
#1078 = ADVANCED_FACE('',(#1079),#1085,.T.);
#1079 = FACE_BOUND('',#1080,.T.);
#1080 = EDGE_LOOP('',(#1081,#1082,#1083,#1084));
#1081 = ORIENTED_EDGE('',*,*,#972,.F.);
#1082 = ORIENTED_EDGE('',*,*,#1033,.T.);
#1083 = ORIENTED_EDGE('',*,*,#1012,.T.);
#1084 = ORIENTED_EDGE('',*,*,#1055,.F.);
#1085 = PLANE('',#1086);
#1086 = AXIS2_PLACEMENT_3D('',#1087,#1088,#1089);
#1087 = CARTESIAN_POINT('',(1.895,-1.5,1.44));
#1088 = DIRECTION('',(0.,0.,1.));
#1089 = DIRECTION('',(1.,0.,0.));
#1090 = ( GEOMETRIC_REPRESENTATION_CONTEXT(3) 
GLOBAL_UNCERTAINTY_ASSIGNED_CONTEXT((#1094)) 
GLOBAL_UNIT_ASSIGNED_CONTEXT((#1091,#1092,#1093)) REPRESENTATION_CONTEXT
('Context #1','3D Context with UNIT and UNCERTAINTY') );
#1091 = ( LENGTH_UNIT() NAMED_UNIT(*) SI_UNIT(.MILLI.,.METRE.) );
#1092 = ( NAMED_UNIT(*) PLANE_ANGLE_UNIT() SI_UNIT($,.RADIAN.) );
#1093 = ( NAMED_UNIT(*) SI_UNIT($,.STERADIAN.) SOLID_ANGLE_UNIT() );
#1094 = UNCERTAINTY_MEASURE_WITH_UNIT(LENGTH_MEASURE(1.E-07),#1091,
  'distance_accuracy_value','confusion accuracy');
#1095 = CONTEXT_DEPENDENT_SHAPE_REPRESENTATION(#1096,#1098);
#1096 = ( REPRESENTATION_RELATIONSHIP('','',#71,#48) 
REPRESENTATION_RELATIONSHIP_WITH_TRANSFORMATION(#1097) 
SHAPE_REPRESENTATION_RELATIONSHIP() );
#1097 = ITEM_DEFINED_TRANSFORMATION('','',#11,#49);
#1098 = PRODUCT_DEFINITION_SHAPE('Placement','Placement of an item',
  #1099);
#1099 = NEXT_ASSEMBLY_USAGE_OCCURRENCE('1','','',#43,#66,$);
#1100 = PRODUCT_RELATED_PRODUCT_CATEGORY('part',$,(#68));
#1101 = SHAPE_DEFINITION_REPRESENTATION(#1102,#1108);
#1102 = PRODUCT_DEFINITION_SHAPE('','',#1103);
#1103 = PRODUCT_DEFINITION('design','',#1104,#1107);
#1104 = PRODUCT_DEFINITION_FORMATION('','',#1105);
#1105 = PRODUCT('PinHeader_2x04_P2.54mm_Vertical',
  'PinHeader_2x04_P2.54mm_Vertical','',(#1106));
#1106 = PRODUCT_CONTEXT('',#2,'mechanical');
#1107 = PRODUCT_DEFINITION_CONTEXT('part definition',#2,'design');
#1108 = ADVANCED_BREP_SHAPE_REPRESENTATION('',(#11,#1109),#5793);
#1109 = MANIFOLD_SOLID_BREP('',#1110);
#1110 = CLOSED_SHELL('',(#1111,#1151,#1182,#1213,#1678,#2143,#2160,#2177
    ,#2194,#2211,#2228,#2245,#2262,#2279,#2296,#2313,#2330,#2347,#2364,
    #2381,#2398,#2415,#2432,#2449,#2466,#2483,#2500,#2517,#2529,#2560,
    #2584,#2608,#2625,#2656,#2680,#2704,#2721,#2752,#2776,#2800,#2817,
    #2848,#2872,#2896,#2913,#2944,#2968,#2992,#3009,#3040,#3064,#3088,
    #3105,#3136,#3160,#3184,#3201,#3232,#3256,#3280,#3297,#3328,#3352,
    #3376,#3393,#3424,#3448,#3472,#3489,#3520,#3544,#3568,#3585,#3616,
    #3640,#3664,#3681,#3712,#3736,#3760,#3777,#3808,#3832,#3856,#3873,
    #3904,#3928,#3952,#3969,#4000,#4024,#4048,#4065,#4096,#4120,#4144,
    #4161,#4192,#4216,#4240,#4257,#4288,#4312,#4336,#4353,#4384,#4408,
    #4432,#4449,#4480,#4504,#4528,#4545,#4576,#4600,#4624,#4641,#4672,
    #4696,#4720,#4737,#4768,#4792,#4816,#4833,#4864,#4888,#4912,#4929,
    #4960,#4984,#5008,#5025,#5056,#5080,#5104,#5121,#5152,#5176,#5200,
    #5217,#5248,#5272,#5296,#5313,#5344,#5368,#5392,#5409,#5440,#5464,
    #5488,#5505,#5536,#5560,#5584,#5601,#5613,#5625,#5637,#5649,#5661,
    #5673,#5685,#5697,#5709,#5721,#5733,#5745,#5757,#5769,#5781));
#1111 = ADVANCED_FACE('',(#1112),#1146,.F.);
#1112 = FACE_BOUND('',#1113,.F.);
#1113 = EDGE_LOOP('',(#1114,#1124,#1132,#1140));
#1114 = ORIENTED_EDGE('',*,*,#1115,.T.);
#1115 = EDGE_CURVE('',#1116,#1118,#1120,.T.);
#1116 = VERTEX_POINT('',#1117);
#1117 = CARTESIAN_POINT('',(-1.016,1.27,0.));
#1118 = VERTEX_POINT('',#1119);
#1119 = CARTESIAN_POINT('',(-1.016,1.27,2.54));
#1120 = LINE('',#1121,#1122);
#1121 = CARTESIAN_POINT('',(-1.016,1.27,0.));
#1122 = VECTOR('',#1123,1.);
#1123 = DIRECTION('',(0.,0.,1.));
#1124 = ORIENTED_EDGE('',*,*,#1125,.T.);
#1125 = EDGE_CURVE('',#1118,#1126,#1128,.T.);
#1126 = VERTEX_POINT('',#1127);
#1127 = CARTESIAN_POINT('',(-1.27,1.016,2.54));
#1128 = LINE('',#1129,#1130);
#1129 = CARTESIAN_POINT('',(-1.016,1.27,2.54));
#1130 = VECTOR('',#1131,1.);
#1131 = DIRECTION('',(-0.707106781187,-0.707106781187,0.));
#1132 = ORIENTED_EDGE('',*,*,#1133,.F.);
#1133 = EDGE_CURVE('',#1134,#1126,#1136,.T.);
#1134 = VERTEX_POINT('',#1135);
#1135 = CARTESIAN_POINT('',(-1.27,1.016,0.));
#1136 = LINE('',#1137,#1138);
#1137 = CARTESIAN_POINT('',(-1.27,1.016,0.));
#1138 = VECTOR('',#1139,1.);
#1139 = DIRECTION('',(0.,0.,1.));
#1140 = ORIENTED_EDGE('',*,*,#1141,.F.);
#1141 = EDGE_CURVE('',#1116,#1134,#1142,.T.);
#1142 = LINE('',#1143,#1144);
#1143 = CARTESIAN_POINT('',(-1.016,1.27,0.));
#1144 = VECTOR('',#1145,1.);
#1145 = DIRECTION('',(-0.707106781187,-0.707106781187,0.));
#1146 = PLANE('',#1147);
#1147 = AXIS2_PLACEMENT_3D('',#1148,#1149,#1150);
#1148 = CARTESIAN_POINT('',(-1.016,1.27,0.));
#1149 = DIRECTION('',(0.707106781187,-0.707106781187,0.));
#1150 = DIRECTION('',(-0.707106781187,-0.707106781187,0.));
#1151 = ADVANCED_FACE('',(#1152),#1177,.F.);
#1152 = FACE_BOUND('',#1153,.F.);
#1153 = EDGE_LOOP('',(#1154,#1164,#1170,#1171));
#1154 = ORIENTED_EDGE('',*,*,#1155,.T.);
#1155 = EDGE_CURVE('',#1156,#1158,#1160,.T.);
#1156 = VERTEX_POINT('',#1157);
#1157 = CARTESIAN_POINT('',(3.556,1.27,0.));
#1158 = VERTEX_POINT('',#1159);
#1159 = CARTESIAN_POINT('',(3.556,1.27,2.54));
#1160 = LINE('',#1161,#1162);
#1161 = CARTESIAN_POINT('',(3.556,1.27,0.));
#1162 = VECTOR('',#1163,1.);
#1163 = DIRECTION('',(0.,0.,1.));
#1164 = ORIENTED_EDGE('',*,*,#1165,.T.);
#1165 = EDGE_CURVE('',#1158,#1118,#1166,.T.);
#1166 = LINE('',#1167,#1168);
#1167 = CARTESIAN_POINT('',(3.556,1.27,2.54));
#1168 = VECTOR('',#1169,1.);
#1169 = DIRECTION('',(-1.,0.,0.));
#1170 = ORIENTED_EDGE('',*,*,#1115,.F.);
#1171 = ORIENTED_EDGE('',*,*,#1172,.F.);
#1172 = EDGE_CURVE('',#1156,#1116,#1173,.T.);
#1173 = LINE('',#1174,#1175);
#1174 = CARTESIAN_POINT('',(3.556,1.27,0.));
#1175 = VECTOR('',#1176,1.);
#1176 = DIRECTION('',(-1.,0.,0.));
#1177 = PLANE('',#1178);
#1178 = AXIS2_PLACEMENT_3D('',#1179,#1180,#1181);
#1179 = CARTESIAN_POINT('',(3.556,1.27,0.));
#1180 = DIRECTION('',(0.,-1.,0.));
#1181 = DIRECTION('',(-1.,0.,0.));
#1182 = ADVANCED_FACE('',(#1183),#1208,.F.);
#1183 = FACE_BOUND('',#1184,.F.);
#1184 = EDGE_LOOP('',(#1185,#1186,#1194,#1202));
#1185 = ORIENTED_EDGE('',*,*,#1133,.T.);
#1186 = ORIENTED_EDGE('',*,*,#1187,.T.);
#1187 = EDGE_CURVE('',#1126,#1188,#1190,.T.);
#1188 = VERTEX_POINT('',#1189);
#1189 = CARTESIAN_POINT('',(-1.27,-1.016,2.54));
#1190 = LINE('',#1191,#1192);
#1191 = CARTESIAN_POINT('',(-1.27,1.016,2.54));
#1192 = VECTOR('',#1193,1.);
#1193 = DIRECTION('',(0.,-1.,0.));
#1194 = ORIENTED_EDGE('',*,*,#1195,.F.);
#1195 = EDGE_CURVE('',#1196,#1188,#1198,.T.);
#1196 = VERTEX_POINT('',#1197);
#1197 = CARTESIAN_POINT('',(-1.27,-1.016,0.));
#1198 = LINE('',#1199,#1200);
#1199 = CARTESIAN_POINT('',(-1.27,-1.016,0.));
#1200 = VECTOR('',#1201,1.);
#1201 = DIRECTION('',(0.,0.,1.));
#1202 = ORIENTED_EDGE('',*,*,#1203,.F.);
#1203 = EDGE_CURVE('',#1134,#1196,#1204,.T.);
#1204 = LINE('',#1205,#1206);
#1205 = CARTESIAN_POINT('',(-1.27,1.016,0.));
#1206 = VECTOR('',#1207,1.);
#1207 = DIRECTION('',(0.,-1.,0.));
#1208 = PLANE('',#1209);
#1209 = AXIS2_PLACEMENT_3D('',#1210,#1211,#1212);
#1210 = CARTESIAN_POINT('',(-1.27,1.016,0.));
#1211 = DIRECTION('',(1.,0.,0.));
#1212 = DIRECTION('',(0.,-1.,0.));
#1213 = ADVANCED_FACE('',(#1214,#1401,#1435,#1469,#1503,#1537,#1571,
    #1605,#1639),#1673,.F.);
#1214 = FACE_BOUND('',#1215,.F.);
#1215 = EDGE_LOOP('',(#1216,#1217,#1218,#1226,#1234,#1242,#1250,#1258,
    #1266,#1274,#1282,#1290,#1298,#1306,#1314,#1322,#1330,#1338,#1346,
    #1354,#1362,#1370,#1378,#1386,#1394,#1400));
#1216 = ORIENTED_EDGE('',*,*,#1141,.T.);
#1217 = ORIENTED_EDGE('',*,*,#1203,.T.);
#1218 = ORIENTED_EDGE('',*,*,#1219,.T.);
#1219 = EDGE_CURVE('',#1196,#1220,#1222,.T.);
#1220 = VERTEX_POINT('',#1221);
#1221 = CARTESIAN_POINT('',(-1.016,-1.27,0.));
#1222 = LINE('',#1223,#1224);
#1223 = CARTESIAN_POINT('',(-1.27,-1.016,0.));
#1224 = VECTOR('',#1225,1.);
#1225 = DIRECTION('',(0.707106781187,-0.707106781187,0.));
#1226 = ORIENTED_EDGE('',*,*,#1227,.T.);
#1227 = EDGE_CURVE('',#1220,#1228,#1230,.T.);
#1228 = VERTEX_POINT('',#1229);
#1229 = CARTESIAN_POINT('',(-1.27,-1.524,0.));
#1230 = LINE('',#1231,#1232);
#1231 = CARTESIAN_POINT('',(-1.016,-1.27,0.));
#1232 = VECTOR('',#1233,1.);
#1233 = DIRECTION('',(-0.707106781187,-0.707106781187,0.));
#1234 = ORIENTED_EDGE('',*,*,#1235,.T.);
#1235 = EDGE_CURVE('',#1228,#1236,#1238,.T.);
#1236 = VERTEX_POINT('',#1237);
#1237 = CARTESIAN_POINT('',(-1.27,-3.556,0.));
#1238 = LINE('',#1239,#1240);
#1239 = CARTESIAN_POINT('',(-1.27,-1.524,0.));
#1240 = VECTOR('',#1241,1.);
#1241 = DIRECTION('',(0.,-1.,0.));
#1242 = ORIENTED_EDGE('',*,*,#1243,.T.);
#1243 = EDGE_CURVE('',#1236,#1244,#1246,.T.);
#1244 = VERTEX_POINT('',#1245);
#1245 = CARTESIAN_POINT('',(-1.016,-3.81,0.));
#1246 = LINE('',#1247,#1248);
#1247 = CARTESIAN_POINT('',(-1.27,-3.556,0.));
#1248 = VECTOR('',#1249,1.);
#1249 = DIRECTION('',(0.707106781187,-0.707106781187,0.));
#1250 = ORIENTED_EDGE('',*,*,#1251,.T.);
#1251 = EDGE_CURVE('',#1244,#1252,#1254,.T.);
#1252 = VERTEX_POINT('',#1253);
#1253 = CARTESIAN_POINT('',(-1.27,-4.064,0.));
#1254 = LINE('',#1255,#1256);
#1255 = CARTESIAN_POINT('',(-1.016,-3.81,0.));
#1256 = VECTOR('',#1257,1.);
#1257 = DIRECTION('',(-0.707106781187,-0.707106781187,0.));
#1258 = ORIENTED_EDGE('',*,*,#1259,.T.);
#1259 = EDGE_CURVE('',#1252,#1260,#1262,.T.);
#1260 = VERTEX_POINT('',#1261);
#1261 = CARTESIAN_POINT('',(-1.27,-6.096,0.));
#1262 = LINE('',#1263,#1264);
#1263 = CARTESIAN_POINT('',(-1.27,-4.064,0.));
#1264 = VECTOR('',#1265,1.);
#1265 = DIRECTION('',(0.,-1.,0.));
#1266 = ORIENTED_EDGE('',*,*,#1267,.T.);
#1267 = EDGE_CURVE('',#1260,#1268,#1270,.T.);
#1268 = VERTEX_POINT('',#1269);
#1269 = CARTESIAN_POINT('',(-1.016,-6.35,0.));
#1270 = LINE('',#1271,#1272);
#1271 = CARTESIAN_POINT('',(-1.27,-6.096,0.));
#1272 = VECTOR('',#1273,1.);
#1273 = DIRECTION('',(0.707106781187,-0.707106781187,0.));
#1274 = ORIENTED_EDGE('',*,*,#1275,.T.);
#1275 = EDGE_CURVE('',#1268,#1276,#1278,.T.);
#1276 = VERTEX_POINT('',#1277);
#1277 = CARTESIAN_POINT('',(-1.27,-6.604,0.));
#1278 = LINE('',#1279,#1280);
#1279 = CARTESIAN_POINT('',(-1.016,-6.35,0.));
#1280 = VECTOR('',#1281,1.);
#1281 = DIRECTION('',(-0.707106781187,-0.707106781187,0.));
#1282 = ORIENTED_EDGE('',*,*,#1283,.T.);
#1283 = EDGE_CURVE('',#1276,#1284,#1286,.T.);
#1284 = VERTEX_POINT('',#1285);
#1285 = CARTESIAN_POINT('',(-1.27,-8.636,0.));
#1286 = LINE('',#1287,#1288);
#1287 = CARTESIAN_POINT('',(-1.27,-6.604,0.));
#1288 = VECTOR('',#1289,1.);
#1289 = DIRECTION('',(0.,-1.,0.));
#1290 = ORIENTED_EDGE('',*,*,#1291,.T.);
#1291 = EDGE_CURVE('',#1284,#1292,#1294,.T.);
#1292 = VERTEX_POINT('',#1293);
#1293 = CARTESIAN_POINT('',(-1.016,-8.89,0.));
#1294 = LINE('',#1295,#1296);
#1295 = CARTESIAN_POINT('',(-1.27,-8.636,0.));
#1296 = VECTOR('',#1297,1.);
#1297 = DIRECTION('',(0.707106781187,-0.707106781187,0.));
#1298 = ORIENTED_EDGE('',*,*,#1299,.T.);
#1299 = EDGE_CURVE('',#1292,#1300,#1302,.T.);
#1300 = VERTEX_POINT('',#1301);
#1301 = CARTESIAN_POINT('',(3.556,-8.89,0.));
#1302 = LINE('',#1303,#1304);
#1303 = CARTESIAN_POINT('',(-1.016,-8.89,0.));
#1304 = VECTOR('',#1305,1.);
#1305 = DIRECTION('',(1.,0.,0.));
#1306 = ORIENTED_EDGE('',*,*,#1307,.T.);
#1307 = EDGE_CURVE('',#1300,#1308,#1310,.T.);
#1308 = VERTEX_POINT('',#1309);
#1309 = CARTESIAN_POINT('',(3.81,-8.636,0.));
#1310 = LINE('',#1311,#1312);
#1311 = CARTESIAN_POINT('',(3.556,-8.89,0.));
#1312 = VECTOR('',#1313,1.);
#1313 = DIRECTION('',(0.707106781187,0.707106781187,0.));
#1314 = ORIENTED_EDGE('',*,*,#1315,.T.);
#1315 = EDGE_CURVE('',#1308,#1316,#1318,.T.);
#1316 = VERTEX_POINT('',#1317);
#1317 = CARTESIAN_POINT('',(3.81,-6.604,0.));
#1318 = LINE('',#1319,#1320);
#1319 = CARTESIAN_POINT('',(3.81,-8.636,0.));
#1320 = VECTOR('',#1321,1.);
#1321 = DIRECTION('',(0.,1.,0.));
#1322 = ORIENTED_EDGE('',*,*,#1323,.T.);
#1323 = EDGE_CURVE('',#1316,#1324,#1326,.T.);
#1324 = VERTEX_POINT('',#1325);
#1325 = CARTESIAN_POINT('',(3.556,-6.35,0.));
#1326 = LINE('',#1327,#1328);
#1327 = CARTESIAN_POINT('',(3.81,-6.604,0.));
#1328 = VECTOR('',#1329,1.);
#1329 = DIRECTION('',(-0.707106781187,0.707106781187,0.));
#1330 = ORIENTED_EDGE('',*,*,#1331,.T.);
#1331 = EDGE_CURVE('',#1324,#1332,#1334,.T.);
#1332 = VERTEX_POINT('',#1333);
#1333 = CARTESIAN_POINT('',(3.81,-6.096,0.));
#1334 = LINE('',#1335,#1336);
#1335 = CARTESIAN_POINT('',(3.556,-6.35,0.));
#1336 = VECTOR('',#1337,1.);
#1337 = DIRECTION('',(0.707106781187,0.707106781187,0.));
#1338 = ORIENTED_EDGE('',*,*,#1339,.T.);
#1339 = EDGE_CURVE('',#1332,#1340,#1342,.T.);
#1340 = VERTEX_POINT('',#1341);
#1341 = CARTESIAN_POINT('',(3.81,-4.064,0.));
#1342 = LINE('',#1343,#1344);
#1343 = CARTESIAN_POINT('',(3.81,-6.096,0.));
#1344 = VECTOR('',#1345,1.);
#1345 = DIRECTION('',(0.,1.,0.));
#1346 = ORIENTED_EDGE('',*,*,#1347,.T.);
#1347 = EDGE_CURVE('',#1340,#1348,#1350,.T.);
#1348 = VERTEX_POINT('',#1349);
#1349 = CARTESIAN_POINT('',(3.556,-3.81,0.));
#1350 = LINE('',#1351,#1352);
#1351 = CARTESIAN_POINT('',(3.81,-4.064,0.));
#1352 = VECTOR('',#1353,1.);
#1353 = DIRECTION('',(-0.707106781187,0.707106781187,0.));
#1354 = ORIENTED_EDGE('',*,*,#1355,.T.);
#1355 = EDGE_CURVE('',#1348,#1356,#1358,.T.);
#1356 = VERTEX_POINT('',#1357);
#1357 = CARTESIAN_POINT('',(3.81,-3.556,0.));
#1358 = LINE('',#1359,#1360);
#1359 = CARTESIAN_POINT('',(3.556,-3.81,0.));
#1360 = VECTOR('',#1361,1.);
#1361 = DIRECTION('',(0.707106781187,0.707106781187,0.));
#1362 = ORIENTED_EDGE('',*,*,#1363,.T.);
#1363 = EDGE_CURVE('',#1356,#1364,#1366,.T.);
#1364 = VERTEX_POINT('',#1365);
#1365 = CARTESIAN_POINT('',(3.81,-1.524,0.));
#1366 = LINE('',#1367,#1368);
#1367 = CARTESIAN_POINT('',(3.81,-3.556,0.));
#1368 = VECTOR('',#1369,1.);
#1369 = DIRECTION('',(0.,1.,0.));
#1370 = ORIENTED_EDGE('',*,*,#1371,.T.);
#1371 = EDGE_CURVE('',#1364,#1372,#1374,.T.);
#1372 = VERTEX_POINT('',#1373);
#1373 = CARTESIAN_POINT('',(3.556,-1.27,0.));
#1374 = LINE('',#1375,#1376);
#1375 = CARTESIAN_POINT('',(3.81,-1.524,0.));
#1376 = VECTOR('',#1377,1.);
#1377 = DIRECTION('',(-0.707106781187,0.707106781187,0.));
#1378 = ORIENTED_EDGE('',*,*,#1379,.T.);
#1379 = EDGE_CURVE('',#1372,#1380,#1382,.T.);
#1380 = VERTEX_POINT('',#1381);
#1381 = CARTESIAN_POINT('',(3.81,-1.016,0.));
#1382 = LINE('',#1383,#1384);
#1383 = CARTESIAN_POINT('',(3.556,-1.27,0.));
#1384 = VECTOR('',#1385,1.);
#1385 = DIRECTION('',(0.707106781187,0.707106781187,0.));
#1386 = ORIENTED_EDGE('',*,*,#1387,.T.);
#1387 = EDGE_CURVE('',#1380,#1388,#1390,.T.);
#1388 = VERTEX_POINT('',#1389);
#1389 = CARTESIAN_POINT('',(3.81,1.016,0.));
#1390 = LINE('',#1391,#1392);
#1391 = CARTESIAN_POINT('',(3.81,-1.016,0.));
#1392 = VECTOR('',#1393,1.);
#1393 = DIRECTION('',(0.,1.,0.));
#1394 = ORIENTED_EDGE('',*,*,#1395,.T.);
#1395 = EDGE_CURVE('',#1388,#1156,#1396,.T.);
#1396 = LINE('',#1397,#1398);
#1397 = CARTESIAN_POINT('',(3.81,1.016,0.));
#1398 = VECTOR('',#1399,1.);
#1399 = DIRECTION('',(-0.707106781187,0.707106781187,0.));
#1400 = ORIENTED_EDGE('',*,*,#1172,.T.);
#1401 = FACE_BOUND('',#1402,.F.);
#1402 = EDGE_LOOP('',(#1403,#1413,#1421,#1429));
#1403 = ORIENTED_EDGE('',*,*,#1404,.F.);
#1404 = EDGE_CURVE('',#1405,#1407,#1409,.T.);
#1405 = VERTEX_POINT('',#1406);
#1406 = CARTESIAN_POINT('',(2.86,-4.76,0.));
#1407 = VERTEX_POINT('',#1408);
#1408 = CARTESIAN_POINT('',(2.22,-4.76,0.));
#1409 = LINE('',#1410,#1411);
#1410 = CARTESIAN_POINT('',(1.745,-4.76,0.));
#1411 = VECTOR('',#1412,1.);
#1412 = DIRECTION('',(-1.,0.,0.));
#1413 = ORIENTED_EDGE('',*,*,#1414,.F.);
#1414 = EDGE_CURVE('',#1415,#1405,#1417,.T.);
#1415 = VERTEX_POINT('',#1416);
#1416 = CARTESIAN_POINT('',(2.86,-5.4,0.));
#1417 = LINE('',#1418,#1419);
#1418 = CARTESIAN_POINT('',(2.86,-4.605,0.));
#1419 = VECTOR('',#1420,1.);
#1420 = DIRECTION('',(0.,1.,0.));
#1421 = ORIENTED_EDGE('',*,*,#1422,.T.);
#1422 = EDGE_CURVE('',#1415,#1423,#1425,.T.);
#1423 = VERTEX_POINT('',#1424);
#1424 = CARTESIAN_POINT('',(2.22,-5.4,0.));
#1425 = LINE('',#1426,#1427);
#1426 = CARTESIAN_POINT('',(1.745,-5.4,0.));
#1427 = VECTOR('',#1428,1.);
#1428 = DIRECTION('',(-1.,0.,0.));
#1429 = ORIENTED_EDGE('',*,*,#1430,.T.);
#1430 = EDGE_CURVE('',#1423,#1407,#1431,.T.);
#1431 = LINE('',#1432,#1433);
#1432 = CARTESIAN_POINT('',(2.22,-4.605,0.));
#1433 = VECTOR('',#1434,1.);
#1434 = DIRECTION('',(0.,1.,0.));
#1435 = FACE_BOUND('',#1436,.F.);
#1436 = EDGE_LOOP('',(#1437,#1447,#1455,#1463));
#1437 = ORIENTED_EDGE('',*,*,#1438,.F.);
#1438 = EDGE_CURVE('',#1439,#1441,#1443,.T.);
#1439 = VERTEX_POINT('',#1440);
#1440 = CARTESIAN_POINT('',(0.32,-5.4,0.));
#1441 = VERTEX_POINT('',#1442);
#1442 = CARTESIAN_POINT('',(0.32,-4.76,0.));
#1443 = LINE('',#1444,#1445);
#1444 = CARTESIAN_POINT('',(0.32,-4.605,0.));
#1445 = VECTOR('',#1446,1.);
#1446 = DIRECTION('',(0.,1.,0.));
#1447 = ORIENTED_EDGE('',*,*,#1448,.T.);
#1448 = EDGE_CURVE('',#1439,#1449,#1451,.T.);
#1449 = VERTEX_POINT('',#1450);
#1450 = CARTESIAN_POINT('',(-0.32,-5.4,0.));
#1451 = LINE('',#1452,#1453);
#1452 = CARTESIAN_POINT('',(0.475,-5.4,0.));
#1453 = VECTOR('',#1454,1.);
#1454 = DIRECTION('',(-1.,0.,0.));
#1455 = ORIENTED_EDGE('',*,*,#1456,.T.);
#1456 = EDGE_CURVE('',#1449,#1457,#1459,.T.);
#1457 = VERTEX_POINT('',#1458);
#1458 = CARTESIAN_POINT('',(-0.32,-4.76,0.));
#1459 = LINE('',#1460,#1461);
#1460 = CARTESIAN_POINT('',(-0.32,-4.605,0.));
#1461 = VECTOR('',#1462,1.);
#1462 = DIRECTION('',(0.,1.,0.));
#1463 = ORIENTED_EDGE('',*,*,#1464,.F.);
#1464 = EDGE_CURVE('',#1441,#1457,#1465,.T.);
#1465 = LINE('',#1466,#1467);
#1466 = CARTESIAN_POINT('',(0.475,-4.76,0.));
#1467 = VECTOR('',#1468,1.);
#1468 = DIRECTION('',(-1.,0.,0.));
#1469 = FACE_BOUND('',#1470,.F.);
#1470 = EDGE_LOOP('',(#1471,#1481,#1489,#1497));
#1471 = ORIENTED_EDGE('',*,*,#1472,.F.);
#1472 = EDGE_CURVE('',#1473,#1475,#1477,.T.);
#1473 = VERTEX_POINT('',#1474);
#1474 = CARTESIAN_POINT('',(0.32,0.32,0.));
#1475 = VERTEX_POINT('',#1476);
#1476 = CARTESIAN_POINT('',(-0.32,0.32,0.));
#1477 = LINE('',#1478,#1479);
#1478 = CARTESIAN_POINT('',(0.475,0.32,0.));
#1479 = VECTOR('',#1480,1.);
#1480 = DIRECTION('',(-1.,0.,0.));
#1481 = ORIENTED_EDGE('',*,*,#1482,.F.);
#1482 = EDGE_CURVE('',#1483,#1473,#1485,.T.);
#1483 = VERTEX_POINT('',#1484);
#1484 = CARTESIAN_POINT('',(0.32,-0.32,0.));
#1485 = LINE('',#1486,#1487);
#1486 = CARTESIAN_POINT('',(0.32,-2.065,0.));
#1487 = VECTOR('',#1488,1.);
#1488 = DIRECTION('',(0.,1.,0.));
#1489 = ORIENTED_EDGE('',*,*,#1490,.T.);
#1490 = EDGE_CURVE('',#1483,#1491,#1493,.T.);
#1491 = VERTEX_POINT('',#1492);
#1492 = CARTESIAN_POINT('',(-0.32,-0.32,0.));
#1493 = LINE('',#1494,#1495);
#1494 = CARTESIAN_POINT('',(0.475,-0.32,0.));
#1495 = VECTOR('',#1496,1.);
#1496 = DIRECTION('',(-1.,0.,0.));
#1497 = ORIENTED_EDGE('',*,*,#1498,.T.);
#1498 = EDGE_CURVE('',#1491,#1475,#1499,.T.);
#1499 = LINE('',#1500,#1501);
#1500 = CARTESIAN_POINT('',(-0.32,-2.065,0.));
#1501 = VECTOR('',#1502,1.);
#1502 = DIRECTION('',(0.,1.,0.));
#1503 = FACE_BOUND('',#1504,.F.);
#1504 = EDGE_LOOP('',(#1505,#1515,#1523,#1531));
#1505 = ORIENTED_EDGE('',*,*,#1506,.F.);
#1506 = EDGE_CURVE('',#1507,#1509,#1511,.T.);
#1507 = VERTEX_POINT('',#1508);
#1508 = CARTESIAN_POINT('',(0.32,-2.86,0.));
#1509 = VERTEX_POINT('',#1510);
#1510 = CARTESIAN_POINT('',(0.32,-2.22,0.));
#1511 = LINE('',#1512,#1513);
#1512 = CARTESIAN_POINT('',(0.32,-3.335,0.));
#1513 = VECTOR('',#1514,1.);
#1514 = DIRECTION('',(0.,1.,0.));
#1515 = ORIENTED_EDGE('',*,*,#1516,.T.);
#1516 = EDGE_CURVE('',#1507,#1517,#1519,.T.);
#1517 = VERTEX_POINT('',#1518);
#1518 = CARTESIAN_POINT('',(-0.32,-2.86,0.));
#1519 = LINE('',#1520,#1521);
#1520 = CARTESIAN_POINT('',(0.475,-2.86,0.));
#1521 = VECTOR('',#1522,1.);
#1522 = DIRECTION('',(-1.,0.,0.));
#1523 = ORIENTED_EDGE('',*,*,#1524,.T.);
#1524 = EDGE_CURVE('',#1517,#1525,#1527,.T.);
#1525 = VERTEX_POINT('',#1526);
#1526 = CARTESIAN_POINT('',(-0.32,-2.22,0.));
#1527 = LINE('',#1528,#1529);
#1528 = CARTESIAN_POINT('',(-0.32,-3.335,0.));
#1529 = VECTOR('',#1530,1.);
#1530 = DIRECTION('',(0.,1.,0.));
#1531 = ORIENTED_EDGE('',*,*,#1532,.F.);
#1532 = EDGE_CURVE('',#1509,#1525,#1533,.T.);
#1533 = LINE('',#1534,#1535);
#1534 = CARTESIAN_POINT('',(0.475,-2.22,0.));
#1535 = VECTOR('',#1536,1.);
#1536 = DIRECTION('',(-1.,0.,0.));
#1537 = FACE_BOUND('',#1538,.F.);
#1538 = EDGE_LOOP('',(#1539,#1549,#1557,#1565));
#1539 = ORIENTED_EDGE('',*,*,#1540,.F.);
#1540 = EDGE_CURVE('',#1541,#1543,#1545,.T.);
#1541 = VERTEX_POINT('',#1542);
#1542 = CARTESIAN_POINT('',(2.86,0.32,0.));
#1543 = VERTEX_POINT('',#1544);
#1544 = CARTESIAN_POINT('',(2.22,0.32,0.));
#1545 = LINE('',#1546,#1547);
#1546 = CARTESIAN_POINT('',(1.745,0.32,0.));
#1547 = VECTOR('',#1548,1.);
#1548 = DIRECTION('',(-1.,0.,0.));
#1549 = ORIENTED_EDGE('',*,*,#1550,.F.);
#1550 = EDGE_CURVE('',#1551,#1541,#1553,.T.);
#1551 = VERTEX_POINT('',#1552);
#1552 = CARTESIAN_POINT('',(2.86,-0.32,0.));
#1553 = LINE('',#1554,#1555);
#1554 = CARTESIAN_POINT('',(2.86,-2.065,0.));
#1555 = VECTOR('',#1556,1.);
#1556 = DIRECTION('',(0.,1.,0.));
#1557 = ORIENTED_EDGE('',*,*,#1558,.T.);
#1558 = EDGE_CURVE('',#1551,#1559,#1561,.T.);
#1559 = VERTEX_POINT('',#1560);
#1560 = CARTESIAN_POINT('',(2.22,-0.32,0.));
#1561 = LINE('',#1562,#1563);
#1562 = CARTESIAN_POINT('',(1.745,-0.32,0.));
#1563 = VECTOR('',#1564,1.);
#1564 = DIRECTION('',(-1.,0.,0.));
#1565 = ORIENTED_EDGE('',*,*,#1566,.T.);
#1566 = EDGE_CURVE('',#1559,#1543,#1567,.T.);
#1567 = LINE('',#1568,#1569);
#1568 = CARTESIAN_POINT('',(2.22,-2.065,0.));
#1569 = VECTOR('',#1570,1.);
#1570 = DIRECTION('',(0.,1.,0.));
#1571 = FACE_BOUND('',#1572,.F.);
#1572 = EDGE_LOOP('',(#1573,#1583,#1591,#1599));
#1573 = ORIENTED_EDGE('',*,*,#1574,.F.);
#1574 = EDGE_CURVE('',#1575,#1577,#1579,.T.);
#1575 = VERTEX_POINT('',#1576);
#1576 = CARTESIAN_POINT('',(2.86,-2.22,0.));
#1577 = VERTEX_POINT('',#1578);
#1578 = CARTESIAN_POINT('',(2.22,-2.22,0.));
#1579 = LINE('',#1580,#1581);
#1580 = CARTESIAN_POINT('',(1.745,-2.22,0.));
#1581 = VECTOR('',#1582,1.);
#1582 = DIRECTION('',(-1.,0.,0.));
#1583 = ORIENTED_EDGE('',*,*,#1584,.F.);
#1584 = EDGE_CURVE('',#1585,#1575,#1587,.T.);
#1585 = VERTEX_POINT('',#1586);
#1586 = CARTESIAN_POINT('',(2.86,-2.86,0.));
#1587 = LINE('',#1588,#1589);
#1588 = CARTESIAN_POINT('',(2.86,-3.335,0.));
#1589 = VECTOR('',#1590,1.);
#1590 = DIRECTION('',(0.,1.,0.));
#1591 = ORIENTED_EDGE('',*,*,#1592,.T.);
#1592 = EDGE_CURVE('',#1585,#1593,#1595,.T.);
#1593 = VERTEX_POINT('',#1594);
#1594 = CARTESIAN_POINT('',(2.22,-2.86,0.));
#1595 = LINE('',#1596,#1597);
#1596 = CARTESIAN_POINT('',(1.745,-2.86,0.));
#1597 = VECTOR('',#1598,1.);
#1598 = DIRECTION('',(-1.,0.,0.));
#1599 = ORIENTED_EDGE('',*,*,#1600,.T.);
#1600 = EDGE_CURVE('',#1593,#1577,#1601,.T.);
#1601 = LINE('',#1602,#1603);
#1602 = CARTESIAN_POINT('',(2.22,-3.335,0.));
#1603 = VECTOR('',#1604,1.);
#1604 = DIRECTION('',(0.,1.,0.));
#1605 = FACE_BOUND('',#1606,.F.);
#1606 = EDGE_LOOP('',(#1607,#1617,#1625,#1633));
#1607 = ORIENTED_EDGE('',*,*,#1608,.T.);
#1608 = EDGE_CURVE('',#1609,#1611,#1613,.T.);
#1609 = VERTEX_POINT('',#1610);
#1610 = CARTESIAN_POINT('',(0.32,-7.94,0.));
#1611 = VERTEX_POINT('',#1612);
#1612 = CARTESIAN_POINT('',(-0.32,-7.94,0.));
#1613 = LINE('',#1614,#1615);
#1614 = CARTESIAN_POINT('',(0.475,-7.94,0.));
#1615 = VECTOR('',#1616,1.);
#1616 = DIRECTION('',(-1.,0.,0.));
#1617 = ORIENTED_EDGE('',*,*,#1618,.T.);
#1618 = EDGE_CURVE('',#1611,#1619,#1621,.T.);
#1619 = VERTEX_POINT('',#1620);
#1620 = CARTESIAN_POINT('',(-0.32,-7.3,0.));
#1621 = LINE('',#1622,#1623);
#1622 = CARTESIAN_POINT('',(-0.32,-5.875,0.));
#1623 = VECTOR('',#1624,1.);
#1624 = DIRECTION('',(0.,1.,0.));
#1625 = ORIENTED_EDGE('',*,*,#1626,.F.);
#1626 = EDGE_CURVE('',#1627,#1619,#1629,.T.);
#1627 = VERTEX_POINT('',#1628);
#1628 = CARTESIAN_POINT('',(0.32,-7.3,0.));
#1629 = LINE('',#1630,#1631);
#1630 = CARTESIAN_POINT('',(0.475,-7.3,0.));
#1631 = VECTOR('',#1632,1.);
#1632 = DIRECTION('',(-1.,0.,0.));
#1633 = ORIENTED_EDGE('',*,*,#1634,.F.);
#1634 = EDGE_CURVE('',#1609,#1627,#1635,.T.);
#1635 = LINE('',#1636,#1637);
#1636 = CARTESIAN_POINT('',(0.32,-5.875,0.));
#1637 = VECTOR('',#1638,1.);
#1638 = DIRECTION('',(0.,1.,0.));
#1639 = FACE_BOUND('',#1640,.F.);
#1640 = EDGE_LOOP('',(#1641,#1651,#1659,#1667));
#1641 = ORIENTED_EDGE('',*,*,#1642,.F.);
#1642 = EDGE_CURVE('',#1643,#1645,#1647,.T.);
#1643 = VERTEX_POINT('',#1644);
#1644 = CARTESIAN_POINT('',(2.86,-7.3,0.));
#1645 = VERTEX_POINT('',#1646);
#1646 = CARTESIAN_POINT('',(2.22,-7.3,0.));
#1647 = LINE('',#1648,#1649);
#1648 = CARTESIAN_POINT('',(1.745,-7.3,0.));
#1649 = VECTOR('',#1650,1.);
#1650 = DIRECTION('',(-1.,0.,0.));
#1651 = ORIENTED_EDGE('',*,*,#1652,.F.);
#1652 = EDGE_CURVE('',#1653,#1643,#1655,.T.);
#1653 = VERTEX_POINT('',#1654);
#1654 = CARTESIAN_POINT('',(2.86,-7.94,0.));
#1655 = LINE('',#1656,#1657);
#1656 = CARTESIAN_POINT('',(2.86,-5.875,0.));
#1657 = VECTOR('',#1658,1.);
#1658 = DIRECTION('',(0.,1.,0.));
#1659 = ORIENTED_EDGE('',*,*,#1660,.T.);
#1660 = EDGE_CURVE('',#1653,#1661,#1663,.T.);
#1661 = VERTEX_POINT('',#1662);
#1662 = CARTESIAN_POINT('',(2.22,-7.94,0.));
#1663 = LINE('',#1664,#1665);
#1664 = CARTESIAN_POINT('',(1.745,-7.94,0.));
#1665 = VECTOR('',#1666,1.);
#1666 = DIRECTION('',(-1.,0.,0.));
#1667 = ORIENTED_EDGE('',*,*,#1668,.T.);
#1668 = EDGE_CURVE('',#1661,#1645,#1669,.T.);
#1669 = LINE('',#1670,#1671);
#1670 = CARTESIAN_POINT('',(2.22,-5.875,0.));
#1671 = VECTOR('',#1672,1.);
#1672 = DIRECTION('',(0.,1.,0.));
#1673 = PLANE('',#1674);
#1674 = AXIS2_PLACEMENT_3D('',#1675,#1676,#1677);
#1675 = CARTESIAN_POINT('',(1.27,-3.81,0.));
#1676 = DIRECTION('',(0.,0.,1.));
#1677 = DIRECTION('',(1.,0.,-0.));
#1678 = ADVANCED_FACE('',(#1679,#1866,#1900,#1934,#1968,#2002,#2036,
    #2070,#2104),#2138,.T.);
#1679 = FACE_BOUND('',#1680,.T.);
#1680 = EDGE_LOOP('',(#1681,#1682,#1683,#1691,#1699,#1707,#1715,#1723,
    #1731,#1739,#1747,#1755,#1763,#1771,#1779,#1787,#1795,#1803,#1811,
    #1819,#1827,#1835,#1843,#1851,#1859,#1865));
#1681 = ORIENTED_EDGE('',*,*,#1125,.T.);
#1682 = ORIENTED_EDGE('',*,*,#1187,.T.);
#1683 = ORIENTED_EDGE('',*,*,#1684,.T.);
#1684 = EDGE_CURVE('',#1188,#1685,#1687,.T.);
#1685 = VERTEX_POINT('',#1686);
#1686 = CARTESIAN_POINT('',(-1.016,-1.27,2.54));
#1687 = LINE('',#1688,#1689);
#1688 = CARTESIAN_POINT('',(-1.27,-1.016,2.54));
#1689 = VECTOR('',#1690,1.);
#1690 = DIRECTION('',(0.707106781187,-0.707106781187,0.));
#1691 = ORIENTED_EDGE('',*,*,#1692,.T.);
#1692 = EDGE_CURVE('',#1685,#1693,#1695,.T.);
#1693 = VERTEX_POINT('',#1694);
#1694 = CARTESIAN_POINT('',(-1.27,-1.524,2.54));
#1695 = LINE('',#1696,#1697);
#1696 = CARTESIAN_POINT('',(-1.016,-1.27,2.54));
#1697 = VECTOR('',#1698,1.);
#1698 = DIRECTION('',(-0.707106781187,-0.707106781187,0.));
#1699 = ORIENTED_EDGE('',*,*,#1700,.T.);
#1700 = EDGE_CURVE('',#1693,#1701,#1703,.T.);
#1701 = VERTEX_POINT('',#1702);
#1702 = CARTESIAN_POINT('',(-1.27,-3.556,2.54));
#1703 = LINE('',#1704,#1705);
#1704 = CARTESIAN_POINT('',(-1.27,-1.524,2.54));
#1705 = VECTOR('',#1706,1.);
#1706 = DIRECTION('',(0.,-1.,0.));
#1707 = ORIENTED_EDGE('',*,*,#1708,.T.);
#1708 = EDGE_CURVE('',#1701,#1709,#1711,.T.);
#1709 = VERTEX_POINT('',#1710);
#1710 = CARTESIAN_POINT('',(-1.016,-3.81,2.54));
#1711 = LINE('',#1712,#1713);
#1712 = CARTESIAN_POINT('',(-1.27,-3.556,2.54));
#1713 = VECTOR('',#1714,1.);
#1714 = DIRECTION('',(0.707106781187,-0.707106781187,0.));
#1715 = ORIENTED_EDGE('',*,*,#1716,.T.);
#1716 = EDGE_CURVE('',#1709,#1717,#1719,.T.);
#1717 = VERTEX_POINT('',#1718);
#1718 = CARTESIAN_POINT('',(-1.27,-4.064,2.54));
#1719 = LINE('',#1720,#1721);
#1720 = CARTESIAN_POINT('',(-1.016,-3.81,2.54));
#1721 = VECTOR('',#1722,1.);
#1722 = DIRECTION('',(-0.707106781187,-0.707106781187,0.));
#1723 = ORIENTED_EDGE('',*,*,#1724,.T.);
#1724 = EDGE_CURVE('',#1717,#1725,#1727,.T.);
#1725 = VERTEX_POINT('',#1726);
#1726 = CARTESIAN_POINT('',(-1.27,-6.096,2.54));
#1727 = LINE('',#1728,#1729);
#1728 = CARTESIAN_POINT('',(-1.27,-4.064,2.54));
#1729 = VECTOR('',#1730,1.);
#1730 = DIRECTION('',(0.,-1.,0.));
#1731 = ORIENTED_EDGE('',*,*,#1732,.T.);
#1732 = EDGE_CURVE('',#1725,#1733,#1735,.T.);
#1733 = VERTEX_POINT('',#1734);
#1734 = CARTESIAN_POINT('',(-1.016,-6.35,2.54));
#1735 = LINE('',#1736,#1737);
#1736 = CARTESIAN_POINT('',(-1.27,-6.096,2.54));
#1737 = VECTOR('',#1738,1.);
#1738 = DIRECTION('',(0.707106781187,-0.707106781187,0.));
#1739 = ORIENTED_EDGE('',*,*,#1740,.T.);
#1740 = EDGE_CURVE('',#1733,#1741,#1743,.T.);
#1741 = VERTEX_POINT('',#1742);
#1742 = CARTESIAN_POINT('',(-1.27,-6.604,2.54));
#1743 = LINE('',#1744,#1745);
#1744 = CARTESIAN_POINT('',(-1.016,-6.35,2.54));
#1745 = VECTOR('',#1746,1.);
#1746 = DIRECTION('',(-0.707106781187,-0.707106781187,0.));
#1747 = ORIENTED_EDGE('',*,*,#1748,.T.);
#1748 = EDGE_CURVE('',#1741,#1749,#1751,.T.);
#1749 = VERTEX_POINT('',#1750);
#1750 = CARTESIAN_POINT('',(-1.27,-8.636,2.54));
#1751 = LINE('',#1752,#1753);
#1752 = CARTESIAN_POINT('',(-1.27,-6.604,2.54));
#1753 = VECTOR('',#1754,1.);
#1754 = DIRECTION('',(0.,-1.,0.));
#1755 = ORIENTED_EDGE('',*,*,#1756,.T.);
#1756 = EDGE_CURVE('',#1749,#1757,#1759,.T.);
#1757 = VERTEX_POINT('',#1758);
#1758 = CARTESIAN_POINT('',(-1.016,-8.89,2.54));
#1759 = LINE('',#1760,#1761);
#1760 = CARTESIAN_POINT('',(-1.27,-8.636,2.54));
#1761 = VECTOR('',#1762,1.);
#1762 = DIRECTION('',(0.707106781187,-0.707106781187,0.));
#1763 = ORIENTED_EDGE('',*,*,#1764,.T.);
#1764 = EDGE_CURVE('',#1757,#1765,#1767,.T.);
#1765 = VERTEX_POINT('',#1766);
#1766 = CARTESIAN_POINT('',(3.556,-8.89,2.54));
#1767 = LINE('',#1768,#1769);
#1768 = CARTESIAN_POINT('',(-1.016,-8.89,2.54));
#1769 = VECTOR('',#1770,1.);
#1770 = DIRECTION('',(1.,0.,0.));
#1771 = ORIENTED_EDGE('',*,*,#1772,.T.);
#1772 = EDGE_CURVE('',#1765,#1773,#1775,.T.);
#1773 = VERTEX_POINT('',#1774);
#1774 = CARTESIAN_POINT('',(3.81,-8.636,2.54));
#1775 = LINE('',#1776,#1777);
#1776 = CARTESIAN_POINT('',(3.556,-8.89,2.54));
#1777 = VECTOR('',#1778,1.);
#1778 = DIRECTION('',(0.707106781187,0.707106781187,0.));
#1779 = ORIENTED_EDGE('',*,*,#1780,.T.);
#1780 = EDGE_CURVE('',#1773,#1781,#1783,.T.);
#1781 = VERTEX_POINT('',#1782);
#1782 = CARTESIAN_POINT('',(3.81,-6.604,2.54));
#1783 = LINE('',#1784,#1785);
#1784 = CARTESIAN_POINT('',(3.81,-8.636,2.54));
#1785 = VECTOR('',#1786,1.);
#1786 = DIRECTION('',(0.,1.,0.));
#1787 = ORIENTED_EDGE('',*,*,#1788,.T.);
#1788 = EDGE_CURVE('',#1781,#1789,#1791,.T.);
#1789 = VERTEX_POINT('',#1790);
#1790 = CARTESIAN_POINT('',(3.556,-6.35,2.54));
#1791 = LINE('',#1792,#1793);
#1792 = CARTESIAN_POINT('',(3.81,-6.604,2.54));
#1793 = VECTOR('',#1794,1.);
#1794 = DIRECTION('',(-0.707106781187,0.707106781187,0.));
#1795 = ORIENTED_EDGE('',*,*,#1796,.T.);
#1796 = EDGE_CURVE('',#1789,#1797,#1799,.T.);
#1797 = VERTEX_POINT('',#1798);
#1798 = CARTESIAN_POINT('',(3.81,-6.096,2.54));
#1799 = LINE('',#1800,#1801);
#1800 = CARTESIAN_POINT('',(3.556,-6.35,2.54));
#1801 = VECTOR('',#1802,1.);
#1802 = DIRECTION('',(0.707106781187,0.707106781187,0.));
#1803 = ORIENTED_EDGE('',*,*,#1804,.T.);
#1804 = EDGE_CURVE('',#1797,#1805,#1807,.T.);
#1805 = VERTEX_POINT('',#1806);
#1806 = CARTESIAN_POINT('',(3.81,-4.064,2.54));
#1807 = LINE('',#1808,#1809);
#1808 = CARTESIAN_POINT('',(3.81,-6.096,2.54));
#1809 = VECTOR('',#1810,1.);
#1810 = DIRECTION('',(0.,1.,0.));
#1811 = ORIENTED_EDGE('',*,*,#1812,.T.);
#1812 = EDGE_CURVE('',#1805,#1813,#1815,.T.);
#1813 = VERTEX_POINT('',#1814);
#1814 = CARTESIAN_POINT('',(3.556,-3.81,2.54));
#1815 = LINE('',#1816,#1817);
#1816 = CARTESIAN_POINT('',(3.81,-4.064,2.54));
#1817 = VECTOR('',#1818,1.);
#1818 = DIRECTION('',(-0.707106781187,0.707106781187,0.));
#1819 = ORIENTED_EDGE('',*,*,#1820,.T.);
#1820 = EDGE_CURVE('',#1813,#1821,#1823,.T.);
#1821 = VERTEX_POINT('',#1822);
#1822 = CARTESIAN_POINT('',(3.81,-3.556,2.54));
#1823 = LINE('',#1824,#1825);
#1824 = CARTESIAN_POINT('',(3.556,-3.81,2.54));
#1825 = VECTOR('',#1826,1.);
#1826 = DIRECTION('',(0.707106781187,0.707106781187,0.));
#1827 = ORIENTED_EDGE('',*,*,#1828,.T.);
#1828 = EDGE_CURVE('',#1821,#1829,#1831,.T.);
#1829 = VERTEX_POINT('',#1830);
#1830 = CARTESIAN_POINT('',(3.81,-1.524,2.54));
#1831 = LINE('',#1832,#1833);
#1832 = CARTESIAN_POINT('',(3.81,-3.556,2.54));
#1833 = VECTOR('',#1834,1.);
#1834 = DIRECTION('',(0.,1.,0.));
#1835 = ORIENTED_EDGE('',*,*,#1836,.T.);
#1836 = EDGE_CURVE('',#1829,#1837,#1839,.T.);
#1837 = VERTEX_POINT('',#1838);
#1838 = CARTESIAN_POINT('',(3.556,-1.27,2.54));
#1839 = LINE('',#1840,#1841);
#1840 = CARTESIAN_POINT('',(3.81,-1.524,2.54));
#1841 = VECTOR('',#1842,1.);
#1842 = DIRECTION('',(-0.707106781187,0.707106781187,0.));
#1843 = ORIENTED_EDGE('',*,*,#1844,.T.);
#1844 = EDGE_CURVE('',#1837,#1845,#1847,.T.);
#1845 = VERTEX_POINT('',#1846);
#1846 = CARTESIAN_POINT('',(3.81,-1.016,2.54));
#1847 = LINE('',#1848,#1849);
#1848 = CARTESIAN_POINT('',(3.556,-1.27,2.54));
#1849 = VECTOR('',#1850,1.);
#1850 = DIRECTION('',(0.707106781187,0.707106781187,0.));
#1851 = ORIENTED_EDGE('',*,*,#1852,.T.);
#1852 = EDGE_CURVE('',#1845,#1853,#1855,.T.);
#1853 = VERTEX_POINT('',#1854);
#1854 = CARTESIAN_POINT('',(3.81,1.016,2.54));
#1855 = LINE('',#1856,#1857);
#1856 = CARTESIAN_POINT('',(3.81,-1.016,2.54));
#1857 = VECTOR('',#1858,1.);
#1858 = DIRECTION('',(0.,1.,0.));
#1859 = ORIENTED_EDGE('',*,*,#1860,.T.);
#1860 = EDGE_CURVE('',#1853,#1158,#1861,.T.);
#1861 = LINE('',#1862,#1863);
#1862 = CARTESIAN_POINT('',(3.81,1.016,2.54));
#1863 = VECTOR('',#1864,1.);
#1864 = DIRECTION('',(-0.707106781187,0.707106781187,0.));
#1865 = ORIENTED_EDGE('',*,*,#1165,.T.);
#1866 = FACE_BOUND('',#1867,.T.);
#1867 = EDGE_LOOP('',(#1868,#1878,#1886,#1894));
#1868 = ORIENTED_EDGE('',*,*,#1869,.F.);
#1869 = EDGE_CURVE('',#1870,#1872,#1874,.T.);
#1870 = VERTEX_POINT('',#1871);
#1871 = CARTESIAN_POINT('',(2.86,-4.76,2.54));
#1872 = VERTEX_POINT('',#1873);
#1873 = CARTESIAN_POINT('',(2.22,-4.76,2.54));
#1874 = LINE('',#1875,#1876);
#1875 = CARTESIAN_POINT('',(1.745,-4.76,2.54));
#1876 = VECTOR('',#1877,1.);
#1877 = DIRECTION('',(-1.,0.,0.));
#1878 = ORIENTED_EDGE('',*,*,#1879,.F.);
#1879 = EDGE_CURVE('',#1880,#1870,#1882,.T.);
#1880 = VERTEX_POINT('',#1881);
#1881 = CARTESIAN_POINT('',(2.86,-5.4,2.54));
#1882 = LINE('',#1883,#1884);
#1883 = CARTESIAN_POINT('',(2.86,-4.605,2.54));
#1884 = VECTOR('',#1885,1.);
#1885 = DIRECTION('',(0.,1.,0.));
#1886 = ORIENTED_EDGE('',*,*,#1887,.T.);
#1887 = EDGE_CURVE('',#1880,#1888,#1890,.T.);
#1888 = VERTEX_POINT('',#1889);
#1889 = CARTESIAN_POINT('',(2.22,-5.4,2.54));
#1890 = LINE('',#1891,#1892);
#1891 = CARTESIAN_POINT('',(1.745,-5.4,2.54));
#1892 = VECTOR('',#1893,1.);
#1893 = DIRECTION('',(-1.,0.,0.));
#1894 = ORIENTED_EDGE('',*,*,#1895,.T.);
#1895 = EDGE_CURVE('',#1888,#1872,#1896,.T.);
#1896 = LINE('',#1897,#1898);
#1897 = CARTESIAN_POINT('',(2.22,-4.605,2.54));
#1898 = VECTOR('',#1899,1.);
#1899 = DIRECTION('',(0.,1.,0.));
#1900 = FACE_BOUND('',#1901,.T.);
#1901 = EDGE_LOOP('',(#1902,#1912,#1920,#1928));
#1902 = ORIENTED_EDGE('',*,*,#1903,.F.);
#1903 = EDGE_CURVE('',#1904,#1906,#1908,.T.);
#1904 = VERTEX_POINT('',#1905);
#1905 = CARTESIAN_POINT('',(0.32,-5.4,2.54));
#1906 = VERTEX_POINT('',#1907);
#1907 = CARTESIAN_POINT('',(0.32,-4.76,2.54));
#1908 = LINE('',#1909,#1910);
#1909 = CARTESIAN_POINT('',(0.32,-4.605,2.54));
#1910 = VECTOR('',#1911,1.);
#1911 = DIRECTION('',(0.,1.,0.));
#1912 = ORIENTED_EDGE('',*,*,#1913,.T.);
#1913 = EDGE_CURVE('',#1904,#1914,#1916,.T.);
#1914 = VERTEX_POINT('',#1915);
#1915 = CARTESIAN_POINT('',(-0.32,-5.4,2.54));
#1916 = LINE('',#1917,#1918);
#1917 = CARTESIAN_POINT('',(0.475,-5.4,2.54));
#1918 = VECTOR('',#1919,1.);
#1919 = DIRECTION('',(-1.,0.,0.));
#1920 = ORIENTED_EDGE('',*,*,#1921,.T.);
#1921 = EDGE_CURVE('',#1914,#1922,#1924,.T.);
#1922 = VERTEX_POINT('',#1923);
#1923 = CARTESIAN_POINT('',(-0.32,-4.76,2.54));
#1924 = LINE('',#1925,#1926);
#1925 = CARTESIAN_POINT('',(-0.32,-4.605,2.54));
#1926 = VECTOR('',#1927,1.);
#1927 = DIRECTION('',(0.,1.,0.));
#1928 = ORIENTED_EDGE('',*,*,#1929,.F.);
#1929 = EDGE_CURVE('',#1906,#1922,#1930,.T.);
#1930 = LINE('',#1931,#1932);
#1931 = CARTESIAN_POINT('',(0.475,-4.76,2.54));
#1932 = VECTOR('',#1933,1.);
#1933 = DIRECTION('',(-1.,0.,0.));
#1934 = FACE_BOUND('',#1935,.T.);
#1935 = EDGE_LOOP('',(#1936,#1946,#1954,#1962));
#1936 = ORIENTED_EDGE('',*,*,#1937,.F.);
#1937 = EDGE_CURVE('',#1938,#1940,#1942,.T.);
#1938 = VERTEX_POINT('',#1939);
#1939 = CARTESIAN_POINT('',(0.32,0.32,2.54));
#1940 = VERTEX_POINT('',#1941);
#1941 = CARTESIAN_POINT('',(-0.32,0.32,2.54));
#1942 = LINE('',#1943,#1944);
#1943 = CARTESIAN_POINT('',(0.475,0.32,2.54));
#1944 = VECTOR('',#1945,1.);
#1945 = DIRECTION('',(-1.,0.,0.));
#1946 = ORIENTED_EDGE('',*,*,#1947,.F.);
#1947 = EDGE_CURVE('',#1948,#1938,#1950,.T.);
#1948 = VERTEX_POINT('',#1949);
#1949 = CARTESIAN_POINT('',(0.32,-0.32,2.54));
#1950 = LINE('',#1951,#1952);
#1951 = CARTESIAN_POINT('',(0.32,-2.065,2.54));
#1952 = VECTOR('',#1953,1.);
#1953 = DIRECTION('',(0.,1.,0.));
#1954 = ORIENTED_EDGE('',*,*,#1955,.T.);
#1955 = EDGE_CURVE('',#1948,#1956,#1958,.T.);
#1956 = VERTEX_POINT('',#1957);
#1957 = CARTESIAN_POINT('',(-0.32,-0.32,2.54));
#1958 = LINE('',#1959,#1960);
#1959 = CARTESIAN_POINT('',(0.475,-0.32,2.54));
#1960 = VECTOR('',#1961,1.);
#1961 = DIRECTION('',(-1.,0.,0.));
#1962 = ORIENTED_EDGE('',*,*,#1963,.T.);
#1963 = EDGE_CURVE('',#1956,#1940,#1964,.T.);
#1964 = LINE('',#1965,#1966);
#1965 = CARTESIAN_POINT('',(-0.32,-2.065,2.54));
#1966 = VECTOR('',#1967,1.);
#1967 = DIRECTION('',(0.,1.,0.));
#1968 = FACE_BOUND('',#1969,.T.);
#1969 = EDGE_LOOP('',(#1970,#1980,#1988,#1996));
#1970 = ORIENTED_EDGE('',*,*,#1971,.F.);
#1971 = EDGE_CURVE('',#1972,#1974,#1976,.T.);
#1972 = VERTEX_POINT('',#1973);
#1973 = CARTESIAN_POINT('',(0.32,-2.86,2.54));
#1974 = VERTEX_POINT('',#1975);
#1975 = CARTESIAN_POINT('',(0.32,-2.22,2.54));
#1976 = LINE('',#1977,#1978);
#1977 = CARTESIAN_POINT('',(0.32,-3.335,2.54));
#1978 = VECTOR('',#1979,1.);
#1979 = DIRECTION('',(0.,1.,0.));
#1980 = ORIENTED_EDGE('',*,*,#1981,.T.);
#1981 = EDGE_CURVE('',#1972,#1982,#1984,.T.);
#1982 = VERTEX_POINT('',#1983);
#1983 = CARTESIAN_POINT('',(-0.32,-2.86,2.54));
#1984 = LINE('',#1985,#1986);
#1985 = CARTESIAN_POINT('',(0.475,-2.86,2.54));
#1986 = VECTOR('',#1987,1.);
#1987 = DIRECTION('',(-1.,0.,0.));
#1988 = ORIENTED_EDGE('',*,*,#1989,.T.);
#1989 = EDGE_CURVE('',#1982,#1990,#1992,.T.);
#1990 = VERTEX_POINT('',#1991);
#1991 = CARTESIAN_POINT('',(-0.32,-2.22,2.54));
#1992 = LINE('',#1993,#1994);
#1993 = CARTESIAN_POINT('',(-0.32,-3.335,2.54));
#1994 = VECTOR('',#1995,1.);
#1995 = DIRECTION('',(0.,1.,0.));
#1996 = ORIENTED_EDGE('',*,*,#1997,.F.);
#1997 = EDGE_CURVE('',#1974,#1990,#1998,.T.);
#1998 = LINE('',#1999,#2000);
#1999 = CARTESIAN_POINT('',(0.475,-2.22,2.54));
#2000 = VECTOR('',#2001,1.);
#2001 = DIRECTION('',(-1.,0.,0.));
#2002 = FACE_BOUND('',#2003,.T.);
#2003 = EDGE_LOOP('',(#2004,#2014,#2022,#2030));
#2004 = ORIENTED_EDGE('',*,*,#2005,.F.);
#2005 = EDGE_CURVE('',#2006,#2008,#2010,.T.);
#2006 = VERTEX_POINT('',#2007);
#2007 = CARTESIAN_POINT('',(2.86,0.32,2.54));
#2008 = VERTEX_POINT('',#2009);
#2009 = CARTESIAN_POINT('',(2.22,0.32,2.54));
#2010 = LINE('',#2011,#2012);
#2011 = CARTESIAN_POINT('',(1.745,0.32,2.54));
#2012 = VECTOR('',#2013,1.);
#2013 = DIRECTION('',(-1.,0.,0.));
#2014 = ORIENTED_EDGE('',*,*,#2015,.F.);
#2015 = EDGE_CURVE('',#2016,#2006,#2018,.T.);
#2016 = VERTEX_POINT('',#2017);
#2017 = CARTESIAN_POINT('',(2.86,-0.32,2.54));
#2018 = LINE('',#2019,#2020);
#2019 = CARTESIAN_POINT('',(2.86,-2.065,2.54));
#2020 = VECTOR('',#2021,1.);
#2021 = DIRECTION('',(0.,1.,0.));
#2022 = ORIENTED_EDGE('',*,*,#2023,.T.);
#2023 = EDGE_CURVE('',#2016,#2024,#2026,.T.);
#2024 = VERTEX_POINT('',#2025);
#2025 = CARTESIAN_POINT('',(2.22,-0.32,2.54));
#2026 = LINE('',#2027,#2028);
#2027 = CARTESIAN_POINT('',(1.745,-0.32,2.54));
#2028 = VECTOR('',#2029,1.);
#2029 = DIRECTION('',(-1.,0.,0.));
#2030 = ORIENTED_EDGE('',*,*,#2031,.T.);
#2031 = EDGE_CURVE('',#2024,#2008,#2032,.T.);
#2032 = LINE('',#2033,#2034);
#2033 = CARTESIAN_POINT('',(2.22,-2.065,2.54));
#2034 = VECTOR('',#2035,1.);
#2035 = DIRECTION('',(0.,1.,0.));
#2036 = FACE_BOUND('',#2037,.T.);
#2037 = EDGE_LOOP('',(#2038,#2048,#2056,#2064));
#2038 = ORIENTED_EDGE('',*,*,#2039,.F.);
#2039 = EDGE_CURVE('',#2040,#2042,#2044,.T.);
#2040 = VERTEX_POINT('',#2041);
#2041 = CARTESIAN_POINT('',(2.86,-2.22,2.54));
#2042 = VERTEX_POINT('',#2043);
#2043 = CARTESIAN_POINT('',(2.22,-2.22,2.54));
#2044 = LINE('',#2045,#2046);
#2045 = CARTESIAN_POINT('',(1.745,-2.22,2.54));
#2046 = VECTOR('',#2047,1.);
#2047 = DIRECTION('',(-1.,0.,0.));
#2048 = ORIENTED_EDGE('',*,*,#2049,.F.);
#2049 = EDGE_CURVE('',#2050,#2040,#2052,.T.);
#2050 = VERTEX_POINT('',#2051);
#2051 = CARTESIAN_POINT('',(2.86,-2.86,2.54));
#2052 = LINE('',#2053,#2054);
#2053 = CARTESIAN_POINT('',(2.86,-3.335,2.54));
#2054 = VECTOR('',#2055,1.);
#2055 = DIRECTION('',(0.,1.,0.));
#2056 = ORIENTED_EDGE('',*,*,#2057,.T.);
#2057 = EDGE_CURVE('',#2050,#2058,#2060,.T.);
#2058 = VERTEX_POINT('',#2059);
#2059 = CARTESIAN_POINT('',(2.22,-2.86,2.54));
#2060 = LINE('',#2061,#2062);
#2061 = CARTESIAN_POINT('',(1.745,-2.86,2.54));
#2062 = VECTOR('',#2063,1.);
#2063 = DIRECTION('',(-1.,0.,0.));
#2064 = ORIENTED_EDGE('',*,*,#2065,.T.);
#2065 = EDGE_CURVE('',#2058,#2042,#2066,.T.);
#2066 = LINE('',#2067,#2068);
#2067 = CARTESIAN_POINT('',(2.22,-3.335,2.54));
#2068 = VECTOR('',#2069,1.);
#2069 = DIRECTION('',(0.,1.,0.));
#2070 = FACE_BOUND('',#2071,.T.);
#2071 = EDGE_LOOP('',(#2072,#2082,#2090,#2098));
#2072 = ORIENTED_EDGE('',*,*,#2073,.T.);
#2073 = EDGE_CURVE('',#2074,#2076,#2078,.T.);
#2074 = VERTEX_POINT('',#2075);
#2075 = CARTESIAN_POINT('',(0.32,-7.94,2.54));
#2076 = VERTEX_POINT('',#2077);
#2077 = CARTESIAN_POINT('',(-0.32,-7.94,2.54));
#2078 = LINE('',#2079,#2080);
#2079 = CARTESIAN_POINT('',(0.475,-7.94,2.54));
#2080 = VECTOR('',#2081,1.);
#2081 = DIRECTION('',(-1.,0.,0.));
#2082 = ORIENTED_EDGE('',*,*,#2083,.T.);
#2083 = EDGE_CURVE('',#2076,#2084,#2086,.T.);
#2084 = VERTEX_POINT('',#2085);
#2085 = CARTESIAN_POINT('',(-0.32,-7.3,2.54));
#2086 = LINE('',#2087,#2088);
#2087 = CARTESIAN_POINT('',(-0.32,-5.875,2.54));
#2088 = VECTOR('',#2089,1.);
#2089 = DIRECTION('',(0.,1.,0.));
#2090 = ORIENTED_EDGE('',*,*,#2091,.F.);
#2091 = EDGE_CURVE('',#2092,#2084,#2094,.T.);
#2092 = VERTEX_POINT('',#2093);
#2093 = CARTESIAN_POINT('',(0.32,-7.3,2.54));
#2094 = LINE('',#2095,#2096);
#2095 = CARTESIAN_POINT('',(0.475,-7.3,2.54));
#2096 = VECTOR('',#2097,1.);
#2097 = DIRECTION('',(-1.,0.,0.));
#2098 = ORIENTED_EDGE('',*,*,#2099,.F.);
#2099 = EDGE_CURVE('',#2074,#2092,#2100,.T.);
#2100 = LINE('',#2101,#2102);
#2101 = CARTESIAN_POINT('',(0.32,-5.875,2.54));
#2102 = VECTOR('',#2103,1.);
#2103 = DIRECTION('',(0.,1.,0.));
#2104 = FACE_BOUND('',#2105,.T.);
#2105 = EDGE_LOOP('',(#2106,#2116,#2124,#2132));
#2106 = ORIENTED_EDGE('',*,*,#2107,.F.);
#2107 = EDGE_CURVE('',#2108,#2110,#2112,.T.);
#2108 = VERTEX_POINT('',#2109);
#2109 = CARTESIAN_POINT('',(2.86,-7.3,2.54));
#2110 = VERTEX_POINT('',#2111);
#2111 = CARTESIAN_POINT('',(2.22,-7.3,2.54));
#2112 = LINE('',#2113,#2114);
#2113 = CARTESIAN_POINT('',(1.745,-7.3,2.54));
#2114 = VECTOR('',#2115,1.);
#2115 = DIRECTION('',(-1.,0.,0.));
#2116 = ORIENTED_EDGE('',*,*,#2117,.F.);
#2117 = EDGE_CURVE('',#2118,#2108,#2120,.T.);
#2118 = VERTEX_POINT('',#2119);
#2119 = CARTESIAN_POINT('',(2.86,-7.94,2.54));
#2120 = LINE('',#2121,#2122);
#2121 = CARTESIAN_POINT('',(2.86,-5.875,2.54));
#2122 = VECTOR('',#2123,1.);
#2123 = DIRECTION('',(0.,1.,0.));
#2124 = ORIENTED_EDGE('',*,*,#2125,.T.);
#2125 = EDGE_CURVE('',#2118,#2126,#2128,.T.);
#2126 = VERTEX_POINT('',#2127);
#2127 = CARTESIAN_POINT('',(2.22,-7.94,2.54));
#2128 = LINE('',#2129,#2130);
#2129 = CARTESIAN_POINT('',(1.745,-7.94,2.54));
#2130 = VECTOR('',#2131,1.);
#2131 = DIRECTION('',(-1.,0.,0.));
#2132 = ORIENTED_EDGE('',*,*,#2133,.T.);
#2133 = EDGE_CURVE('',#2126,#2110,#2134,.T.);
#2134 = LINE('',#2135,#2136);
#2135 = CARTESIAN_POINT('',(2.22,-5.875,2.54));
#2136 = VECTOR('',#2137,1.);
#2137 = DIRECTION('',(0.,1.,0.));
#2138 = PLANE('',#2139);
#2139 = AXIS2_PLACEMENT_3D('',#2140,#2141,#2142);
#2140 = CARTESIAN_POINT('',(1.27,-3.81,2.54));
#2141 = DIRECTION('',(0.,0.,1.));
#2142 = DIRECTION('',(1.,0.,-0.));
#2143 = ADVANCED_FACE('',(#2144),#2155,.F.);
#2144 = FACE_BOUND('',#2145,.F.);
#2145 = EDGE_LOOP('',(#2146,#2152,#2153,#2154));
#2146 = ORIENTED_EDGE('',*,*,#2147,.T.);
#2147 = EDGE_CURVE('',#1388,#1853,#2148,.T.);
#2148 = LINE('',#2149,#2150);
#2149 = CARTESIAN_POINT('',(3.81,1.016,0.));
#2150 = VECTOR('',#2151,1.);
#2151 = DIRECTION('',(0.,0.,1.));
#2152 = ORIENTED_EDGE('',*,*,#1860,.T.);
#2153 = ORIENTED_EDGE('',*,*,#1155,.F.);
#2154 = ORIENTED_EDGE('',*,*,#1395,.F.);
#2155 = PLANE('',#2156);
#2156 = AXIS2_PLACEMENT_3D('',#2157,#2158,#2159);
#2157 = CARTESIAN_POINT('',(3.81,1.016,0.));
#2158 = DIRECTION('',(-0.707106781187,-0.707106781187,0.));
#2159 = DIRECTION('',(-0.707106781187,0.707106781187,0.));
#2160 = ADVANCED_FACE('',(#2161),#2172,.F.);
#2161 = FACE_BOUND('',#2162,.F.);
#2162 = EDGE_LOOP('',(#2163,#2164,#2165,#2171));
#2163 = ORIENTED_EDGE('',*,*,#1195,.T.);
#2164 = ORIENTED_EDGE('',*,*,#1684,.T.);
#2165 = ORIENTED_EDGE('',*,*,#2166,.F.);
#2166 = EDGE_CURVE('',#1220,#1685,#2167,.T.);
#2167 = LINE('',#2168,#2169);
#2168 = CARTESIAN_POINT('',(-1.016,-1.27,0.));
#2169 = VECTOR('',#2170,1.);
#2170 = DIRECTION('',(0.,0.,1.));
#2171 = ORIENTED_EDGE('',*,*,#1219,.F.);
#2172 = PLANE('',#2173);
#2173 = AXIS2_PLACEMENT_3D('',#2174,#2175,#2176);
#2174 = CARTESIAN_POINT('',(-1.27,-1.016,0.));
#2175 = DIRECTION('',(0.707106781187,0.707106781187,0.));
#2176 = DIRECTION('',(0.707106781187,-0.707106781187,0.));
#2177 = ADVANCED_FACE('',(#2178),#2189,.F.);
#2178 = FACE_BOUND('',#2179,.F.);
#2179 = EDGE_LOOP('',(#2180,#2186,#2187,#2188));
#2180 = ORIENTED_EDGE('',*,*,#2181,.T.);
#2181 = EDGE_CURVE('',#1380,#1845,#2182,.T.);
#2182 = LINE('',#2183,#2184);
#2183 = CARTESIAN_POINT('',(3.81,-1.016,0.));
#2184 = VECTOR('',#2185,1.);
#2185 = DIRECTION('',(0.,0.,1.));
#2186 = ORIENTED_EDGE('',*,*,#1852,.T.);
#2187 = ORIENTED_EDGE('',*,*,#2147,.F.);
#2188 = ORIENTED_EDGE('',*,*,#1387,.F.);
#2189 = PLANE('',#2190);
#2190 = AXIS2_PLACEMENT_3D('',#2191,#2192,#2193);
#2191 = CARTESIAN_POINT('',(3.81,-1.016,0.));
#2192 = DIRECTION('',(-1.,0.,0.));
#2193 = DIRECTION('',(0.,1.,0.));
#2194 = ADVANCED_FACE('',(#2195),#2206,.F.);
#2195 = FACE_BOUND('',#2196,.F.);
#2196 = EDGE_LOOP('',(#2197,#2198,#2199,#2205));
#2197 = ORIENTED_EDGE('',*,*,#2166,.T.);
#2198 = ORIENTED_EDGE('',*,*,#1692,.T.);
#2199 = ORIENTED_EDGE('',*,*,#2200,.F.);
#2200 = EDGE_CURVE('',#1228,#1693,#2201,.T.);
#2201 = LINE('',#2202,#2203);
#2202 = CARTESIAN_POINT('',(-1.27,-1.524,0.));
#2203 = VECTOR('',#2204,1.);
#2204 = DIRECTION('',(0.,0.,1.));
#2205 = ORIENTED_EDGE('',*,*,#1227,.F.);
#2206 = PLANE('',#2207);
#2207 = AXIS2_PLACEMENT_3D('',#2208,#2209,#2210);
#2208 = CARTESIAN_POINT('',(-1.016,-1.27,0.));
#2209 = DIRECTION('',(0.707106781187,-0.707106781187,0.));
#2210 = DIRECTION('',(-0.707106781187,-0.707106781187,0.));
#2211 = ADVANCED_FACE('',(#2212),#2223,.F.);
#2212 = FACE_BOUND('',#2213,.F.);
#2213 = EDGE_LOOP('',(#2214,#2220,#2221,#2222));
#2214 = ORIENTED_EDGE('',*,*,#2215,.T.);
#2215 = EDGE_CURVE('',#1372,#1837,#2216,.T.);
#2216 = LINE('',#2217,#2218);
#2217 = CARTESIAN_POINT('',(3.556,-1.27,0.));
#2218 = VECTOR('',#2219,1.);
#2219 = DIRECTION('',(0.,0.,1.));
#2220 = ORIENTED_EDGE('',*,*,#1844,.T.);
#2221 = ORIENTED_EDGE('',*,*,#2181,.F.);
#2222 = ORIENTED_EDGE('',*,*,#1379,.F.);
#2223 = PLANE('',#2224);
#2224 = AXIS2_PLACEMENT_3D('',#2225,#2226,#2227);
#2225 = CARTESIAN_POINT('',(3.556,-1.27,0.));
#2226 = DIRECTION('',(-0.707106781187,0.707106781187,0.));
#2227 = DIRECTION('',(0.707106781187,0.707106781187,0.));
#2228 = ADVANCED_FACE('',(#2229),#2240,.F.);
#2229 = FACE_BOUND('',#2230,.F.);
#2230 = EDGE_LOOP('',(#2231,#2232,#2233,#2239));
#2231 = ORIENTED_EDGE('',*,*,#2200,.T.);
#2232 = ORIENTED_EDGE('',*,*,#1700,.T.);
#2233 = ORIENTED_EDGE('',*,*,#2234,.F.);
#2234 = EDGE_CURVE('',#1236,#1701,#2235,.T.);
#2235 = LINE('',#2236,#2237);
#2236 = CARTESIAN_POINT('',(-1.27,-3.556,0.));
#2237 = VECTOR('',#2238,1.);
#2238 = DIRECTION('',(0.,0.,1.));
#2239 = ORIENTED_EDGE('',*,*,#1235,.F.);
#2240 = PLANE('',#2241);
#2241 = AXIS2_PLACEMENT_3D('',#2242,#2243,#2244);
#2242 = CARTESIAN_POINT('',(-1.27,-1.524,0.));
#2243 = DIRECTION('',(1.,0.,0.));
#2244 = DIRECTION('',(0.,-1.,0.));
#2245 = ADVANCED_FACE('',(#2246),#2257,.F.);
#2246 = FACE_BOUND('',#2247,.F.);
#2247 = EDGE_LOOP('',(#2248,#2254,#2255,#2256));
#2248 = ORIENTED_EDGE('',*,*,#2249,.T.);
#2249 = EDGE_CURVE('',#1364,#1829,#2250,.T.);
#2250 = LINE('',#2251,#2252);
#2251 = CARTESIAN_POINT('',(3.81,-1.524,0.));
#2252 = VECTOR('',#2253,1.);
#2253 = DIRECTION('',(0.,0.,1.));
#2254 = ORIENTED_EDGE('',*,*,#1836,.T.);
#2255 = ORIENTED_EDGE('',*,*,#2215,.F.);
#2256 = ORIENTED_EDGE('',*,*,#1371,.F.);
#2257 = PLANE('',#2258);
#2258 = AXIS2_PLACEMENT_3D('',#2259,#2260,#2261);
#2259 = CARTESIAN_POINT('',(3.81,-1.524,0.));
#2260 = DIRECTION('',(-0.707106781187,-0.707106781187,0.));
#2261 = DIRECTION('',(-0.707106781187,0.707106781187,0.));
#2262 = ADVANCED_FACE('',(#2263),#2274,.F.);
#2263 = FACE_BOUND('',#2264,.F.);
#2264 = EDGE_LOOP('',(#2265,#2266,#2267,#2273));
#2265 = ORIENTED_EDGE('',*,*,#2234,.T.);
#2266 = ORIENTED_EDGE('',*,*,#1708,.T.);
#2267 = ORIENTED_EDGE('',*,*,#2268,.F.);
#2268 = EDGE_CURVE('',#1244,#1709,#2269,.T.);
#2269 = LINE('',#2270,#2271);
#2270 = CARTESIAN_POINT('',(-1.016,-3.81,0.));
#2271 = VECTOR('',#2272,1.);
#2272 = DIRECTION('',(0.,0.,1.));
#2273 = ORIENTED_EDGE('',*,*,#1243,.F.);
#2274 = PLANE('',#2275);
#2275 = AXIS2_PLACEMENT_3D('',#2276,#2277,#2278);
#2276 = CARTESIAN_POINT('',(-1.27,-3.556,0.));
#2277 = DIRECTION('',(0.707106781187,0.707106781187,0.));
#2278 = DIRECTION('',(0.707106781187,-0.707106781187,0.));
#2279 = ADVANCED_FACE('',(#2280),#2291,.F.);
#2280 = FACE_BOUND('',#2281,.F.);
#2281 = EDGE_LOOP('',(#2282,#2288,#2289,#2290));
#2282 = ORIENTED_EDGE('',*,*,#2283,.T.);
#2283 = EDGE_CURVE('',#1356,#1821,#2284,.T.);
#2284 = LINE('',#2285,#2286);
#2285 = CARTESIAN_POINT('',(3.81,-3.556,0.));
#2286 = VECTOR('',#2287,1.);
#2287 = DIRECTION('',(0.,0.,1.));
#2288 = ORIENTED_EDGE('',*,*,#1828,.T.);
#2289 = ORIENTED_EDGE('',*,*,#2249,.F.);
#2290 = ORIENTED_EDGE('',*,*,#1363,.F.);
#2291 = PLANE('',#2292);
#2292 = AXIS2_PLACEMENT_3D('',#2293,#2294,#2295);
#2293 = CARTESIAN_POINT('',(3.81,-3.556,0.));
#2294 = DIRECTION('',(-1.,0.,0.));
#2295 = DIRECTION('',(0.,1.,0.));
#2296 = ADVANCED_FACE('',(#2297),#2308,.F.);
#2297 = FACE_BOUND('',#2298,.F.);
#2298 = EDGE_LOOP('',(#2299,#2300,#2301,#2307));
#2299 = ORIENTED_EDGE('',*,*,#2268,.T.);
#2300 = ORIENTED_EDGE('',*,*,#1716,.T.);
#2301 = ORIENTED_EDGE('',*,*,#2302,.F.);
#2302 = EDGE_CURVE('',#1252,#1717,#2303,.T.);
#2303 = LINE('',#2304,#2305);
#2304 = CARTESIAN_POINT('',(-1.27,-4.064,0.));
#2305 = VECTOR('',#2306,1.);
#2306 = DIRECTION('',(0.,0.,1.));
#2307 = ORIENTED_EDGE('',*,*,#1251,.F.);
#2308 = PLANE('',#2309);
#2309 = AXIS2_PLACEMENT_3D('',#2310,#2311,#2312);
#2310 = CARTESIAN_POINT('',(-1.016,-3.81,0.));
#2311 = DIRECTION('',(0.707106781187,-0.707106781187,0.));
#2312 = DIRECTION('',(-0.707106781187,-0.707106781187,0.));
#2313 = ADVANCED_FACE('',(#2314),#2325,.F.);
#2314 = FACE_BOUND('',#2315,.F.);
#2315 = EDGE_LOOP('',(#2316,#2322,#2323,#2324));
#2316 = ORIENTED_EDGE('',*,*,#2317,.T.);
#2317 = EDGE_CURVE('',#1348,#1813,#2318,.T.);
#2318 = LINE('',#2319,#2320);
#2319 = CARTESIAN_POINT('',(3.556,-3.81,0.));
#2320 = VECTOR('',#2321,1.);
#2321 = DIRECTION('',(0.,0.,1.));
#2322 = ORIENTED_EDGE('',*,*,#1820,.T.);
#2323 = ORIENTED_EDGE('',*,*,#2283,.F.);
#2324 = ORIENTED_EDGE('',*,*,#1355,.F.);
#2325 = PLANE('',#2326);
#2326 = AXIS2_PLACEMENT_3D('',#2327,#2328,#2329);
#2327 = CARTESIAN_POINT('',(3.556,-3.81,0.));
#2328 = DIRECTION('',(-0.707106781187,0.707106781187,0.));
#2329 = DIRECTION('',(0.707106781187,0.707106781187,0.));
#2330 = ADVANCED_FACE('',(#2331),#2342,.F.);
#2331 = FACE_BOUND('',#2332,.F.);
#2332 = EDGE_LOOP('',(#2333,#2334,#2335,#2341));
#2333 = ORIENTED_EDGE('',*,*,#2302,.T.);
#2334 = ORIENTED_EDGE('',*,*,#1724,.T.);
#2335 = ORIENTED_EDGE('',*,*,#2336,.F.);
#2336 = EDGE_CURVE('',#1260,#1725,#2337,.T.);
#2337 = LINE('',#2338,#2339);
#2338 = CARTESIAN_POINT('',(-1.27,-6.096,0.));
#2339 = VECTOR('',#2340,1.);
#2340 = DIRECTION('',(0.,0.,1.));
#2341 = ORIENTED_EDGE('',*,*,#1259,.F.);
#2342 = PLANE('',#2343);
#2343 = AXIS2_PLACEMENT_3D('',#2344,#2345,#2346);
#2344 = CARTESIAN_POINT('',(-1.27,-4.064,0.));
#2345 = DIRECTION('',(1.,0.,0.));
#2346 = DIRECTION('',(0.,-1.,0.));
#2347 = ADVANCED_FACE('',(#2348),#2359,.F.);
#2348 = FACE_BOUND('',#2349,.F.);
#2349 = EDGE_LOOP('',(#2350,#2356,#2357,#2358));
#2350 = ORIENTED_EDGE('',*,*,#2351,.T.);
#2351 = EDGE_CURVE('',#1340,#1805,#2352,.T.);
#2352 = LINE('',#2353,#2354);
#2353 = CARTESIAN_POINT('',(3.81,-4.064,0.));
#2354 = VECTOR('',#2355,1.);
#2355 = DIRECTION('',(0.,0.,1.));
#2356 = ORIENTED_EDGE('',*,*,#1812,.T.);
#2357 = ORIENTED_EDGE('',*,*,#2317,.F.);
#2358 = ORIENTED_EDGE('',*,*,#1347,.F.);
#2359 = PLANE('',#2360);
#2360 = AXIS2_PLACEMENT_3D('',#2361,#2362,#2363);
#2361 = CARTESIAN_POINT('',(3.81,-4.064,0.));
#2362 = DIRECTION('',(-0.707106781187,-0.707106781187,0.));
#2363 = DIRECTION('',(-0.707106781187,0.707106781187,0.));
#2364 = ADVANCED_FACE('',(#2365),#2376,.F.);
#2365 = FACE_BOUND('',#2366,.F.);
#2366 = EDGE_LOOP('',(#2367,#2368,#2369,#2375));
#2367 = ORIENTED_EDGE('',*,*,#2336,.T.);
#2368 = ORIENTED_EDGE('',*,*,#1732,.T.);
#2369 = ORIENTED_EDGE('',*,*,#2370,.F.);
#2370 = EDGE_CURVE('',#1268,#1733,#2371,.T.);
#2371 = LINE('',#2372,#2373);
#2372 = CARTESIAN_POINT('',(-1.016,-6.35,0.));
#2373 = VECTOR('',#2374,1.);
#2374 = DIRECTION('',(0.,0.,1.));
#2375 = ORIENTED_EDGE('',*,*,#1267,.F.);
#2376 = PLANE('',#2377);
#2377 = AXIS2_PLACEMENT_3D('',#2378,#2379,#2380);
#2378 = CARTESIAN_POINT('',(-1.27,-6.096,0.));
#2379 = DIRECTION('',(0.707106781187,0.707106781187,0.));
#2380 = DIRECTION('',(0.707106781187,-0.707106781187,0.));
#2381 = ADVANCED_FACE('',(#2382),#2393,.F.);
#2382 = FACE_BOUND('',#2383,.F.);
#2383 = EDGE_LOOP('',(#2384,#2390,#2391,#2392));
#2384 = ORIENTED_EDGE('',*,*,#2385,.T.);
#2385 = EDGE_CURVE('',#1332,#1797,#2386,.T.);
#2386 = LINE('',#2387,#2388);
#2387 = CARTESIAN_POINT('',(3.81,-6.096,0.));
#2388 = VECTOR('',#2389,1.);
#2389 = DIRECTION('',(0.,0.,1.));
#2390 = ORIENTED_EDGE('',*,*,#1804,.T.);
#2391 = ORIENTED_EDGE('',*,*,#2351,.F.);
#2392 = ORIENTED_EDGE('',*,*,#1339,.F.);
#2393 = PLANE('',#2394);
#2394 = AXIS2_PLACEMENT_3D('',#2395,#2396,#2397);
#2395 = CARTESIAN_POINT('',(3.81,-6.096,0.));
#2396 = DIRECTION('',(-1.,0.,0.));
#2397 = DIRECTION('',(0.,1.,0.));
#2398 = ADVANCED_FACE('',(#2399),#2410,.F.);
#2399 = FACE_BOUND('',#2400,.F.);
#2400 = EDGE_LOOP('',(#2401,#2402,#2403,#2409));
#2401 = ORIENTED_EDGE('',*,*,#2370,.T.);
#2402 = ORIENTED_EDGE('',*,*,#1740,.T.);
#2403 = ORIENTED_EDGE('',*,*,#2404,.F.);
#2404 = EDGE_CURVE('',#1276,#1741,#2405,.T.);
#2405 = LINE('',#2406,#2407);
#2406 = CARTESIAN_POINT('',(-1.27,-6.604,0.));
#2407 = VECTOR('',#2408,1.);
#2408 = DIRECTION('',(0.,0.,1.));
#2409 = ORIENTED_EDGE('',*,*,#1275,.F.);
#2410 = PLANE('',#2411);
#2411 = AXIS2_PLACEMENT_3D('',#2412,#2413,#2414);
#2412 = CARTESIAN_POINT('',(-1.016,-6.35,0.));
#2413 = DIRECTION('',(0.707106781187,-0.707106781187,0.));
#2414 = DIRECTION('',(-0.707106781187,-0.707106781187,0.));
#2415 = ADVANCED_FACE('',(#2416),#2427,.F.);
#2416 = FACE_BOUND('',#2417,.F.);
#2417 = EDGE_LOOP('',(#2418,#2424,#2425,#2426));
#2418 = ORIENTED_EDGE('',*,*,#2419,.T.);
#2419 = EDGE_CURVE('',#1324,#1789,#2420,.T.);
#2420 = LINE('',#2421,#2422);
#2421 = CARTESIAN_POINT('',(3.556,-6.35,0.));
#2422 = VECTOR('',#2423,1.);
#2423 = DIRECTION('',(0.,0.,1.));
#2424 = ORIENTED_EDGE('',*,*,#1796,.T.);
#2425 = ORIENTED_EDGE('',*,*,#2385,.F.);
#2426 = ORIENTED_EDGE('',*,*,#1331,.F.);
#2427 = PLANE('',#2428);
#2428 = AXIS2_PLACEMENT_3D('',#2429,#2430,#2431);
#2429 = CARTESIAN_POINT('',(3.556,-6.35,0.));
#2430 = DIRECTION('',(-0.707106781187,0.707106781187,0.));
#2431 = DIRECTION('',(0.707106781187,0.707106781187,0.));
#2432 = ADVANCED_FACE('',(#2433),#2444,.F.);
#2433 = FACE_BOUND('',#2434,.F.);
#2434 = EDGE_LOOP('',(#2435,#2436,#2437,#2443));
#2435 = ORIENTED_EDGE('',*,*,#2404,.T.);
#2436 = ORIENTED_EDGE('',*,*,#1748,.T.);
#2437 = ORIENTED_EDGE('',*,*,#2438,.F.);
#2438 = EDGE_CURVE('',#1284,#1749,#2439,.T.);
#2439 = LINE('',#2440,#2441);
#2440 = CARTESIAN_POINT('',(-1.27,-8.636,0.));
#2441 = VECTOR('',#2442,1.);
#2442 = DIRECTION('',(0.,0.,1.));
#2443 = ORIENTED_EDGE('',*,*,#1283,.F.);
#2444 = PLANE('',#2445);
#2445 = AXIS2_PLACEMENT_3D('',#2446,#2447,#2448);
#2446 = CARTESIAN_POINT('',(-1.27,-6.604,0.));
#2447 = DIRECTION('',(1.,0.,0.));
#2448 = DIRECTION('',(0.,-1.,0.));
#2449 = ADVANCED_FACE('',(#2450),#2461,.F.);
#2450 = FACE_BOUND('',#2451,.F.);
#2451 = EDGE_LOOP('',(#2452,#2458,#2459,#2460));
#2452 = ORIENTED_EDGE('',*,*,#2453,.T.);
#2453 = EDGE_CURVE('',#1316,#1781,#2454,.T.);
#2454 = LINE('',#2455,#2456);
#2455 = CARTESIAN_POINT('',(3.81,-6.604,0.));
#2456 = VECTOR('',#2457,1.);
#2457 = DIRECTION('',(0.,0.,1.));
#2458 = ORIENTED_EDGE('',*,*,#1788,.T.);
#2459 = ORIENTED_EDGE('',*,*,#2419,.F.);
#2460 = ORIENTED_EDGE('',*,*,#1323,.F.);
#2461 = PLANE('',#2462);
#2462 = AXIS2_PLACEMENT_3D('',#2463,#2464,#2465);
#2463 = CARTESIAN_POINT('',(3.81,-6.604,0.));
#2464 = DIRECTION('',(-0.707106781187,-0.707106781187,0.));
#2465 = DIRECTION('',(-0.707106781187,0.707106781187,0.));
#2466 = ADVANCED_FACE('',(#2467),#2478,.F.);
#2467 = FACE_BOUND('',#2468,.F.);
#2468 = EDGE_LOOP('',(#2469,#2470,#2471,#2477));
#2469 = ORIENTED_EDGE('',*,*,#2438,.T.);
#2470 = ORIENTED_EDGE('',*,*,#1756,.T.);
#2471 = ORIENTED_EDGE('',*,*,#2472,.F.);
#2472 = EDGE_CURVE('',#1292,#1757,#2473,.T.);
#2473 = LINE('',#2474,#2475);
#2474 = CARTESIAN_POINT('',(-1.016,-8.89,0.));
#2475 = VECTOR('',#2476,1.);
#2476 = DIRECTION('',(0.,0.,1.));
#2477 = ORIENTED_EDGE('',*,*,#1291,.F.);
#2478 = PLANE('',#2479);
#2479 = AXIS2_PLACEMENT_3D('',#2480,#2481,#2482);
#2480 = CARTESIAN_POINT('',(-1.27,-8.636,0.));
#2481 = DIRECTION('',(0.707106781187,0.707106781187,0.));
#2482 = DIRECTION('',(0.707106781187,-0.707106781187,0.));
#2483 = ADVANCED_FACE('',(#2484),#2495,.F.);
#2484 = FACE_BOUND('',#2485,.F.);
#2485 = EDGE_LOOP('',(#2486,#2492,#2493,#2494));
#2486 = ORIENTED_EDGE('',*,*,#2487,.T.);
#2487 = EDGE_CURVE('',#1308,#1773,#2488,.T.);
#2488 = LINE('',#2489,#2490);
#2489 = CARTESIAN_POINT('',(3.81,-8.636,0.));
#2490 = VECTOR('',#2491,1.);
#2491 = DIRECTION('',(0.,0.,1.));
#2492 = ORIENTED_EDGE('',*,*,#1780,.T.);
#2493 = ORIENTED_EDGE('',*,*,#2453,.F.);
#2494 = ORIENTED_EDGE('',*,*,#1315,.F.);
#2495 = PLANE('',#2496);
#2496 = AXIS2_PLACEMENT_3D('',#2497,#2498,#2499);
#2497 = CARTESIAN_POINT('',(3.81,-8.636,0.));
#2498 = DIRECTION('',(-1.,0.,0.));
#2499 = DIRECTION('',(0.,1.,0.));
#2500 = ADVANCED_FACE('',(#2501),#2512,.F.);
#2501 = FACE_BOUND('',#2502,.F.);
#2502 = EDGE_LOOP('',(#2503,#2504,#2505,#2511));
#2503 = ORIENTED_EDGE('',*,*,#2472,.T.);
#2504 = ORIENTED_EDGE('',*,*,#1764,.T.);
#2505 = ORIENTED_EDGE('',*,*,#2506,.F.);
#2506 = EDGE_CURVE('',#1300,#1765,#2507,.T.);
#2507 = LINE('',#2508,#2509);
#2508 = CARTESIAN_POINT('',(3.556,-8.89,0.));
#2509 = VECTOR('',#2510,1.);
#2510 = DIRECTION('',(0.,0.,1.));
#2511 = ORIENTED_EDGE('',*,*,#1299,.F.);
#2512 = PLANE('',#2513);
#2513 = AXIS2_PLACEMENT_3D('',#2514,#2515,#2516);
#2514 = CARTESIAN_POINT('',(-1.016,-8.89,0.));
#2515 = DIRECTION('',(0.,1.,0.));
#2516 = DIRECTION('',(1.,0.,0.));
#2517 = ADVANCED_FACE('',(#2518),#2524,.F.);
#2518 = FACE_BOUND('',#2519,.F.);
#2519 = EDGE_LOOP('',(#2520,#2521,#2522,#2523));
#2520 = ORIENTED_EDGE('',*,*,#2506,.T.);
#2521 = ORIENTED_EDGE('',*,*,#1772,.T.);
#2522 = ORIENTED_EDGE('',*,*,#2487,.F.);
#2523 = ORIENTED_EDGE('',*,*,#1307,.F.);
#2524 = PLANE('',#2525);
#2525 = AXIS2_PLACEMENT_3D('',#2526,#2527,#2528);
#2526 = CARTESIAN_POINT('',(3.556,-8.89,0.));
#2527 = DIRECTION('',(-0.707106781187,0.707106781187,0.));
#2528 = DIRECTION('',(0.707106781187,0.707106781187,0.));
#2529 = ADVANCED_FACE('',(#2530),#2555,.T.);
#2530 = FACE_BOUND('',#2531,.T.);
#2531 = EDGE_LOOP('',(#2532,#2540,#2548,#2554));
#2532 = ORIENTED_EDGE('',*,*,#2533,.F.);
#2533 = EDGE_CURVE('',#2534,#1405,#2536,.T.);
#2534 = VERTEX_POINT('',#2535);
#2535 = CARTESIAN_POINT('',(2.86,-4.76,-2.84));
#2536 = LINE('',#2537,#2538);
#2537 = CARTESIAN_POINT('',(2.86,-4.76,-3.));
#2538 = VECTOR('',#2539,1.);
#2539 = DIRECTION('',(0.,0.,1.));
#2540 = ORIENTED_EDGE('',*,*,#2541,.F.);
#2541 = EDGE_CURVE('',#2542,#2534,#2544,.T.);
#2542 = VERTEX_POINT('',#2543);
#2543 = CARTESIAN_POINT('',(2.22,-4.76,-2.84));
#2544 = LINE('',#2545,#2546);
#2545 = CARTESIAN_POINT('',(2.22,-4.76,-2.84));
#2546 = VECTOR('',#2547,1.);
#2547 = DIRECTION('',(1.,0.,0.));
#2548 = ORIENTED_EDGE('',*,*,#2549,.T.);
#2549 = EDGE_CURVE('',#2542,#1407,#2550,.T.);
#2550 = LINE('',#2551,#2552);
#2551 = CARTESIAN_POINT('',(2.22,-4.76,-3.));
#2552 = VECTOR('',#2553,1.);
#2553 = DIRECTION('',(0.,0.,1.));
#2554 = ORIENTED_EDGE('',*,*,#1404,.F.);
#2555 = PLANE('',#2556);
#2556 = AXIS2_PLACEMENT_3D('',#2557,#2558,#2559);
#2557 = CARTESIAN_POINT('',(2.22,-4.76,-3.));
#2558 = DIRECTION('',(0.,1.,0.));
#2559 = DIRECTION('',(0.,-0.,1.));
#2560 = ADVANCED_FACE('',(#2561),#2579,.F.);
#2561 = FACE_BOUND('',#2562,.F.);
#2562 = EDGE_LOOP('',(#2563,#2571,#2577,#2578));
#2563 = ORIENTED_EDGE('',*,*,#2564,.F.);
#2564 = EDGE_CURVE('',#2565,#1423,#2567,.T.);
#2565 = VERTEX_POINT('',#2566);
#2566 = CARTESIAN_POINT('',(2.22,-5.4,-2.84));
#2567 = LINE('',#2568,#2569);
#2568 = CARTESIAN_POINT('',(2.22,-5.4,-3.));
#2569 = VECTOR('',#2570,1.);
#2570 = DIRECTION('',(0.,0.,1.));
#2571 = ORIENTED_EDGE('',*,*,#2572,.T.);
#2572 = EDGE_CURVE('',#2565,#2542,#2573,.T.);
#2573 = LINE('',#2574,#2575);
#2574 = CARTESIAN_POINT('',(2.22,-5.4,-2.84));
#2575 = VECTOR('',#2576,1.);
#2576 = DIRECTION('',(0.,1.,0.));
#2577 = ORIENTED_EDGE('',*,*,#2549,.T.);
#2578 = ORIENTED_EDGE('',*,*,#1430,.F.);
#2579 = PLANE('',#2580);
#2580 = AXIS2_PLACEMENT_3D('',#2581,#2582,#2583);
#2581 = CARTESIAN_POINT('',(2.22,-5.4,-3.));
#2582 = DIRECTION('',(1.,0.,0.));
#2583 = DIRECTION('',(0.,0.,1.));
#2584 = ADVANCED_FACE('',(#2585),#2603,.F.);
#2585 = FACE_BOUND('',#2586,.F.);
#2586 = EDGE_LOOP('',(#2587,#2595,#2601,#2602));
#2587 = ORIENTED_EDGE('',*,*,#2588,.F.);
#2588 = EDGE_CURVE('',#2589,#1415,#2591,.T.);
#2589 = VERTEX_POINT('',#2590);
#2590 = CARTESIAN_POINT('',(2.86,-5.4,-2.84));
#2591 = LINE('',#2592,#2593);
#2592 = CARTESIAN_POINT('',(2.86,-5.4,-3.));
#2593 = VECTOR('',#2594,1.);
#2594 = DIRECTION('',(0.,0.,1.));
#2595 = ORIENTED_EDGE('',*,*,#2596,.F.);
#2596 = EDGE_CURVE('',#2565,#2589,#2597,.T.);
#2597 = LINE('',#2598,#2599);
#2598 = CARTESIAN_POINT('',(2.22,-5.4,-2.84));
#2599 = VECTOR('',#2600,1.);
#2600 = DIRECTION('',(1.,0.,0.));
#2601 = ORIENTED_EDGE('',*,*,#2564,.T.);
#2602 = ORIENTED_EDGE('',*,*,#1422,.F.);
#2603 = PLANE('',#2604);
#2604 = AXIS2_PLACEMENT_3D('',#2605,#2606,#2607);
#2605 = CARTESIAN_POINT('',(2.22,-5.4,-3.));
#2606 = DIRECTION('',(0.,1.,0.));
#2607 = DIRECTION('',(0.,-0.,1.));
#2608 = ADVANCED_FACE('',(#2609),#2620,.T.);
#2609 = FACE_BOUND('',#2610,.T.);
#2610 = EDGE_LOOP('',(#2611,#2612,#2618,#2619));
#2611 = ORIENTED_EDGE('',*,*,#2588,.F.);
#2612 = ORIENTED_EDGE('',*,*,#2613,.T.);
#2613 = EDGE_CURVE('',#2589,#2534,#2614,.T.);
#2614 = LINE('',#2615,#2616);
#2615 = CARTESIAN_POINT('',(2.86,-5.4,-2.84));
#2616 = VECTOR('',#2617,1.);
#2617 = DIRECTION('',(0.,1.,0.));
#2618 = ORIENTED_EDGE('',*,*,#2533,.T.);
#2619 = ORIENTED_EDGE('',*,*,#1414,.F.);
#2620 = PLANE('',#2621);
#2621 = AXIS2_PLACEMENT_3D('',#2622,#2623,#2624);
#2622 = CARTESIAN_POINT('',(2.86,-5.4,-3.));
#2623 = DIRECTION('',(1.,0.,0.));
#2624 = DIRECTION('',(0.,0.,1.));
#2625 = ADVANCED_FACE('',(#2626),#2651,.T.);
#2626 = FACE_BOUND('',#2627,.T.);
#2627 = EDGE_LOOP('',(#2628,#2636,#2644,#2650));
#2628 = ORIENTED_EDGE('',*,*,#2629,.F.);
#2629 = EDGE_CURVE('',#2630,#1439,#2632,.T.);
#2630 = VERTEX_POINT('',#2631);
#2631 = CARTESIAN_POINT('',(0.32,-5.4,-2.84));
#2632 = LINE('',#2633,#2634);
#2633 = CARTESIAN_POINT('',(0.32,-5.4,-3.));
#2634 = VECTOR('',#2635,1.);
#2635 = DIRECTION('',(0.,0.,1.));
#2636 = ORIENTED_EDGE('',*,*,#2637,.T.);
#2637 = EDGE_CURVE('',#2630,#2638,#2640,.T.);
#2638 = VERTEX_POINT('',#2639);
#2639 = CARTESIAN_POINT('',(0.32,-4.76,-2.84));
#2640 = LINE('',#2641,#2642);
#2641 = CARTESIAN_POINT('',(0.32,-5.4,-2.84));
#2642 = VECTOR('',#2643,1.);
#2643 = DIRECTION('',(0.,1.,0.));
#2644 = ORIENTED_EDGE('',*,*,#2645,.T.);
#2645 = EDGE_CURVE('',#2638,#1441,#2646,.T.);
#2646 = LINE('',#2647,#2648);
#2647 = CARTESIAN_POINT('',(0.32,-4.76,-3.));
#2648 = VECTOR('',#2649,1.);
#2649 = DIRECTION('',(0.,0.,1.));
#2650 = ORIENTED_EDGE('',*,*,#1438,.F.);
#2651 = PLANE('',#2652);
#2652 = AXIS2_PLACEMENT_3D('',#2653,#2654,#2655);
#2653 = CARTESIAN_POINT('',(0.32,-5.4,-3.));
#2654 = DIRECTION('',(1.,0.,0.));
#2655 = DIRECTION('',(0.,0.,1.));
#2656 = ADVANCED_FACE('',(#2657),#2675,.T.);
#2657 = FACE_BOUND('',#2658,.T.);
#2658 = EDGE_LOOP('',(#2659,#2660,#2668,#2674));
#2659 = ORIENTED_EDGE('',*,*,#2645,.F.);
#2660 = ORIENTED_EDGE('',*,*,#2661,.F.);
#2661 = EDGE_CURVE('',#2662,#2638,#2664,.T.);
#2662 = VERTEX_POINT('',#2663);
#2663 = CARTESIAN_POINT('',(-0.32,-4.76,-2.84));
#2664 = LINE('',#2665,#2666);
#2665 = CARTESIAN_POINT('',(-0.32,-4.76,-2.84));
#2666 = VECTOR('',#2667,1.);
#2667 = DIRECTION('',(1.,0.,0.));
#2668 = ORIENTED_EDGE('',*,*,#2669,.T.);
#2669 = EDGE_CURVE('',#2662,#1457,#2670,.T.);
#2670 = LINE('',#2671,#2672);
#2671 = CARTESIAN_POINT('',(-0.32,-4.76,-3.));
#2672 = VECTOR('',#2673,1.);
#2673 = DIRECTION('',(0.,0.,1.));
#2674 = ORIENTED_EDGE('',*,*,#1464,.F.);
#2675 = PLANE('',#2676);
#2676 = AXIS2_PLACEMENT_3D('',#2677,#2678,#2679);
#2677 = CARTESIAN_POINT('',(-0.32,-4.76,-3.));
#2678 = DIRECTION('',(0.,1.,0.));
#2679 = DIRECTION('',(0.,-0.,1.));
#2680 = ADVANCED_FACE('',(#2681),#2699,.F.);
#2681 = FACE_BOUND('',#2682,.F.);
#2682 = EDGE_LOOP('',(#2683,#2691,#2697,#2698));
#2683 = ORIENTED_EDGE('',*,*,#2684,.F.);
#2684 = EDGE_CURVE('',#2685,#1449,#2687,.T.);
#2685 = VERTEX_POINT('',#2686);
#2686 = CARTESIAN_POINT('',(-0.32,-5.4,-2.84));
#2687 = LINE('',#2688,#2689);
#2688 = CARTESIAN_POINT('',(-0.32,-5.4,-3.));
#2689 = VECTOR('',#2690,1.);
#2690 = DIRECTION('',(0.,0.,1.));
#2691 = ORIENTED_EDGE('',*,*,#2692,.T.);
#2692 = EDGE_CURVE('',#2685,#2662,#2693,.T.);
#2693 = LINE('',#2694,#2695);
#2694 = CARTESIAN_POINT('',(-0.32,-5.4,-2.84));
#2695 = VECTOR('',#2696,1.);
#2696 = DIRECTION('',(0.,1.,0.));
#2697 = ORIENTED_EDGE('',*,*,#2669,.T.);
#2698 = ORIENTED_EDGE('',*,*,#1456,.F.);
#2699 = PLANE('',#2700);
#2700 = AXIS2_PLACEMENT_3D('',#2701,#2702,#2703);
#2701 = CARTESIAN_POINT('',(-0.32,-5.4,-3.));
#2702 = DIRECTION('',(1.,0.,0.));
#2703 = DIRECTION('',(0.,0.,1.));
#2704 = ADVANCED_FACE('',(#2705),#2716,.F.);
#2705 = FACE_BOUND('',#2706,.F.);
#2706 = EDGE_LOOP('',(#2707,#2708,#2714,#2715));
#2707 = ORIENTED_EDGE('',*,*,#2629,.F.);
#2708 = ORIENTED_EDGE('',*,*,#2709,.F.);
#2709 = EDGE_CURVE('',#2685,#2630,#2710,.T.);
#2710 = LINE('',#2711,#2712);
#2711 = CARTESIAN_POINT('',(-0.32,-5.4,-2.84));
#2712 = VECTOR('',#2713,1.);
#2713 = DIRECTION('',(1.,0.,0.));
#2714 = ORIENTED_EDGE('',*,*,#2684,.T.);
#2715 = ORIENTED_EDGE('',*,*,#1448,.F.);
#2716 = PLANE('',#2717);
#2717 = AXIS2_PLACEMENT_3D('',#2718,#2719,#2720);
#2718 = CARTESIAN_POINT('',(-0.32,-5.4,-3.));
#2719 = DIRECTION('',(0.,1.,0.));
#2720 = DIRECTION('',(0.,-0.,1.));
#2721 = ADVANCED_FACE('',(#2722),#2747,.T.);
#2722 = FACE_BOUND('',#2723,.T.);
#2723 = EDGE_LOOP('',(#2724,#2732,#2740,#2746));
#2724 = ORIENTED_EDGE('',*,*,#2725,.F.);
#2725 = EDGE_CURVE('',#2726,#1473,#2728,.T.);
#2726 = VERTEX_POINT('',#2727);
#2727 = CARTESIAN_POINT('',(0.32,0.32,-2.84));
#2728 = LINE('',#2729,#2730);
#2729 = CARTESIAN_POINT('',(0.32,0.32,-3.));
#2730 = VECTOR('',#2731,1.);
#2731 = DIRECTION('',(0.,0.,1.));
#2732 = ORIENTED_EDGE('',*,*,#2733,.F.);
#2733 = EDGE_CURVE('',#2734,#2726,#2736,.T.);
#2734 = VERTEX_POINT('',#2735);
#2735 = CARTESIAN_POINT('',(-0.32,0.32,-2.84));
#2736 = LINE('',#2737,#2738);
#2737 = CARTESIAN_POINT('',(-0.32,0.32,-2.84));
#2738 = VECTOR('',#2739,1.);
#2739 = DIRECTION('',(1.,0.,0.));
#2740 = ORIENTED_EDGE('',*,*,#2741,.T.);
#2741 = EDGE_CURVE('',#2734,#1475,#2742,.T.);
#2742 = LINE('',#2743,#2744);
#2743 = CARTESIAN_POINT('',(-0.32,0.32,-3.));
#2744 = VECTOR('',#2745,1.);
#2745 = DIRECTION('',(0.,0.,1.));
#2746 = ORIENTED_EDGE('',*,*,#1472,.F.);
#2747 = PLANE('',#2748);
#2748 = AXIS2_PLACEMENT_3D('',#2749,#2750,#2751);
#2749 = CARTESIAN_POINT('',(-0.32,0.32,-3.));
#2750 = DIRECTION('',(0.,1.,0.));
#2751 = DIRECTION('',(0.,-0.,1.));
#2752 = ADVANCED_FACE('',(#2753),#2771,.F.);
#2753 = FACE_BOUND('',#2754,.F.);
#2754 = EDGE_LOOP('',(#2755,#2763,#2769,#2770));
#2755 = ORIENTED_EDGE('',*,*,#2756,.F.);
#2756 = EDGE_CURVE('',#2757,#1491,#2759,.T.);
#2757 = VERTEX_POINT('',#2758);
#2758 = CARTESIAN_POINT('',(-0.32,-0.32,-2.84));
#2759 = LINE('',#2760,#2761);
#2760 = CARTESIAN_POINT('',(-0.32,-0.32,-3.));
#2761 = VECTOR('',#2762,1.);
#2762 = DIRECTION('',(0.,0.,1.));
#2763 = ORIENTED_EDGE('',*,*,#2764,.T.);
#2764 = EDGE_CURVE('',#2757,#2734,#2765,.T.);
#2765 = LINE('',#2766,#2767);
#2766 = CARTESIAN_POINT('',(-0.32,-0.32,-2.84));
#2767 = VECTOR('',#2768,1.);
#2768 = DIRECTION('',(0.,1.,0.));
#2769 = ORIENTED_EDGE('',*,*,#2741,.T.);
#2770 = ORIENTED_EDGE('',*,*,#1498,.F.);
#2771 = PLANE('',#2772);
#2772 = AXIS2_PLACEMENT_3D('',#2773,#2774,#2775);
#2773 = CARTESIAN_POINT('',(-0.32,-0.32,-3.));
#2774 = DIRECTION('',(1.,0.,0.));
#2775 = DIRECTION('',(0.,0.,1.));
#2776 = ADVANCED_FACE('',(#2777),#2795,.F.);
#2777 = FACE_BOUND('',#2778,.F.);
#2778 = EDGE_LOOP('',(#2779,#2787,#2793,#2794));
#2779 = ORIENTED_EDGE('',*,*,#2780,.F.);
#2780 = EDGE_CURVE('',#2781,#1483,#2783,.T.);
#2781 = VERTEX_POINT('',#2782);
#2782 = CARTESIAN_POINT('',(0.32,-0.32,-2.84));
#2783 = LINE('',#2784,#2785);
#2784 = CARTESIAN_POINT('',(0.32,-0.32,-3.));
#2785 = VECTOR('',#2786,1.);
#2786 = DIRECTION('',(0.,0.,1.));
#2787 = ORIENTED_EDGE('',*,*,#2788,.F.);
#2788 = EDGE_CURVE('',#2757,#2781,#2789,.T.);
#2789 = LINE('',#2790,#2791);
#2790 = CARTESIAN_POINT('',(-0.32,-0.32,-2.84));
#2791 = VECTOR('',#2792,1.);
#2792 = DIRECTION('',(1.,0.,0.));
#2793 = ORIENTED_EDGE('',*,*,#2756,.T.);
#2794 = ORIENTED_EDGE('',*,*,#1490,.F.);
#2795 = PLANE('',#2796);
#2796 = AXIS2_PLACEMENT_3D('',#2797,#2798,#2799);
#2797 = CARTESIAN_POINT('',(-0.32,-0.32,-3.));
#2798 = DIRECTION('',(0.,1.,0.));
#2799 = DIRECTION('',(0.,-0.,1.));
#2800 = ADVANCED_FACE('',(#2801),#2812,.T.);
#2801 = FACE_BOUND('',#2802,.T.);
#2802 = EDGE_LOOP('',(#2803,#2804,#2810,#2811));
#2803 = ORIENTED_EDGE('',*,*,#2780,.F.);
#2804 = ORIENTED_EDGE('',*,*,#2805,.T.);
#2805 = EDGE_CURVE('',#2781,#2726,#2806,.T.);
#2806 = LINE('',#2807,#2808);
#2807 = CARTESIAN_POINT('',(0.32,-0.32,-2.84));
#2808 = VECTOR('',#2809,1.);
#2809 = DIRECTION('',(0.,1.,0.));
#2810 = ORIENTED_EDGE('',*,*,#2725,.T.);
#2811 = ORIENTED_EDGE('',*,*,#1482,.F.);
#2812 = PLANE('',#2813);
#2813 = AXIS2_PLACEMENT_3D('',#2814,#2815,#2816);
#2814 = CARTESIAN_POINT('',(0.32,-0.32,-3.));
#2815 = DIRECTION('',(1.,0.,0.));
#2816 = DIRECTION('',(0.,0.,1.));
#2817 = ADVANCED_FACE('',(#2818),#2843,.T.);
#2818 = FACE_BOUND('',#2819,.T.);
#2819 = EDGE_LOOP('',(#2820,#2828,#2836,#2842));
#2820 = ORIENTED_EDGE('',*,*,#2821,.F.);
#2821 = EDGE_CURVE('',#2822,#1507,#2824,.T.);
#2822 = VERTEX_POINT('',#2823);
#2823 = CARTESIAN_POINT('',(0.32,-2.86,-2.84));
#2824 = LINE('',#2825,#2826);
#2825 = CARTESIAN_POINT('',(0.32,-2.86,-3.));
#2826 = VECTOR('',#2827,1.);
#2827 = DIRECTION('',(0.,0.,1.));
#2828 = ORIENTED_EDGE('',*,*,#2829,.T.);
#2829 = EDGE_CURVE('',#2822,#2830,#2832,.T.);
#2830 = VERTEX_POINT('',#2831);
#2831 = CARTESIAN_POINT('',(0.32,-2.22,-2.84));
#2832 = LINE('',#2833,#2834);
#2833 = CARTESIAN_POINT('',(0.32,-2.86,-2.84));
#2834 = VECTOR('',#2835,1.);
#2835 = DIRECTION('',(0.,1.,0.));
#2836 = ORIENTED_EDGE('',*,*,#2837,.T.);
#2837 = EDGE_CURVE('',#2830,#1509,#2838,.T.);
#2838 = LINE('',#2839,#2840);
#2839 = CARTESIAN_POINT('',(0.32,-2.22,-3.));
#2840 = VECTOR('',#2841,1.);
#2841 = DIRECTION('',(0.,0.,1.));
#2842 = ORIENTED_EDGE('',*,*,#1506,.F.);
#2843 = PLANE('',#2844);
#2844 = AXIS2_PLACEMENT_3D('',#2845,#2846,#2847);
#2845 = CARTESIAN_POINT('',(0.32,-2.86,-3.));
#2846 = DIRECTION('',(1.,0.,0.));
#2847 = DIRECTION('',(0.,0.,1.));
#2848 = ADVANCED_FACE('',(#2849),#2867,.T.);
#2849 = FACE_BOUND('',#2850,.T.);
#2850 = EDGE_LOOP('',(#2851,#2852,#2860,#2866));
#2851 = ORIENTED_EDGE('',*,*,#2837,.F.);
#2852 = ORIENTED_EDGE('',*,*,#2853,.F.);
#2853 = EDGE_CURVE('',#2854,#2830,#2856,.T.);
#2854 = VERTEX_POINT('',#2855);
#2855 = CARTESIAN_POINT('',(-0.32,-2.22,-2.84));
#2856 = LINE('',#2857,#2858);
#2857 = CARTESIAN_POINT('',(-0.32,-2.22,-2.84));
#2858 = VECTOR('',#2859,1.);
#2859 = DIRECTION('',(1.,0.,0.));
#2860 = ORIENTED_EDGE('',*,*,#2861,.T.);
#2861 = EDGE_CURVE('',#2854,#1525,#2862,.T.);
#2862 = LINE('',#2863,#2864);
#2863 = CARTESIAN_POINT('',(-0.32,-2.22,-3.));
#2864 = VECTOR('',#2865,1.);
#2865 = DIRECTION('',(0.,0.,1.));
#2866 = ORIENTED_EDGE('',*,*,#1532,.F.);
#2867 = PLANE('',#2868);
#2868 = AXIS2_PLACEMENT_3D('',#2869,#2870,#2871);
#2869 = CARTESIAN_POINT('',(-0.32,-2.22,-3.));
#2870 = DIRECTION('',(0.,1.,0.));
#2871 = DIRECTION('',(0.,-0.,1.));
#2872 = ADVANCED_FACE('',(#2873),#2891,.F.);
#2873 = FACE_BOUND('',#2874,.F.);
#2874 = EDGE_LOOP('',(#2875,#2883,#2889,#2890));
#2875 = ORIENTED_EDGE('',*,*,#2876,.F.);
#2876 = EDGE_CURVE('',#2877,#1517,#2879,.T.);
#2877 = VERTEX_POINT('',#2878);
#2878 = CARTESIAN_POINT('',(-0.32,-2.86,-2.84));
#2879 = LINE('',#2880,#2881);
#2880 = CARTESIAN_POINT('',(-0.32,-2.86,-3.));
#2881 = VECTOR('',#2882,1.);
#2882 = DIRECTION('',(0.,0.,1.));
#2883 = ORIENTED_EDGE('',*,*,#2884,.T.);
#2884 = EDGE_CURVE('',#2877,#2854,#2885,.T.);
#2885 = LINE('',#2886,#2887);
#2886 = CARTESIAN_POINT('',(-0.32,-2.86,-2.84));
#2887 = VECTOR('',#2888,1.);
#2888 = DIRECTION('',(0.,1.,0.));
#2889 = ORIENTED_EDGE('',*,*,#2861,.T.);
#2890 = ORIENTED_EDGE('',*,*,#1524,.F.);
#2891 = PLANE('',#2892);
#2892 = AXIS2_PLACEMENT_3D('',#2893,#2894,#2895);
#2893 = CARTESIAN_POINT('',(-0.32,-2.86,-3.));
#2894 = DIRECTION('',(1.,0.,0.));
#2895 = DIRECTION('',(0.,0.,1.));
#2896 = ADVANCED_FACE('',(#2897),#2908,.F.);
#2897 = FACE_BOUND('',#2898,.F.);
#2898 = EDGE_LOOP('',(#2899,#2900,#2906,#2907));
#2899 = ORIENTED_EDGE('',*,*,#2821,.F.);
#2900 = ORIENTED_EDGE('',*,*,#2901,.F.);
#2901 = EDGE_CURVE('',#2877,#2822,#2902,.T.);
#2902 = LINE('',#2903,#2904);
#2903 = CARTESIAN_POINT('',(-0.32,-2.86,-2.84));
#2904 = VECTOR('',#2905,1.);
#2905 = DIRECTION('',(1.,0.,0.));
#2906 = ORIENTED_EDGE('',*,*,#2876,.T.);
#2907 = ORIENTED_EDGE('',*,*,#1516,.F.);
#2908 = PLANE('',#2909);
#2909 = AXIS2_PLACEMENT_3D('',#2910,#2911,#2912);
#2910 = CARTESIAN_POINT('',(-0.32,-2.86,-3.));
#2911 = DIRECTION('',(0.,1.,0.));
#2912 = DIRECTION('',(0.,-0.,1.));
#2913 = ADVANCED_FACE('',(#2914),#2939,.T.);
#2914 = FACE_BOUND('',#2915,.T.);
#2915 = EDGE_LOOP('',(#2916,#2924,#2932,#2938));
#2916 = ORIENTED_EDGE('',*,*,#2917,.F.);
#2917 = EDGE_CURVE('',#2918,#1541,#2920,.T.);
#2918 = VERTEX_POINT('',#2919);
#2919 = CARTESIAN_POINT('',(2.86,0.32,-2.84));
#2920 = LINE('',#2921,#2922);
#2921 = CARTESIAN_POINT('',(2.86,0.32,-3.));
#2922 = VECTOR('',#2923,1.);
#2923 = DIRECTION('',(0.,0.,1.));
#2924 = ORIENTED_EDGE('',*,*,#2925,.F.);
#2925 = EDGE_CURVE('',#2926,#2918,#2928,.T.);
#2926 = VERTEX_POINT('',#2927);
#2927 = CARTESIAN_POINT('',(2.22,0.32,-2.84));
#2928 = LINE('',#2929,#2930);
#2929 = CARTESIAN_POINT('',(2.22,0.32,-2.84));
#2930 = VECTOR('',#2931,1.);
#2931 = DIRECTION('',(1.,0.,0.));
#2932 = ORIENTED_EDGE('',*,*,#2933,.T.);
#2933 = EDGE_CURVE('',#2926,#1543,#2934,.T.);
#2934 = LINE('',#2935,#2936);
#2935 = CARTESIAN_POINT('',(2.22,0.32,-3.));
#2936 = VECTOR('',#2937,1.);
#2937 = DIRECTION('',(0.,0.,1.));
#2938 = ORIENTED_EDGE('',*,*,#1540,.F.);
#2939 = PLANE('',#2940);
#2940 = AXIS2_PLACEMENT_3D('',#2941,#2942,#2943);
#2941 = CARTESIAN_POINT('',(2.22,0.32,-3.));
#2942 = DIRECTION('',(0.,1.,0.));
#2943 = DIRECTION('',(0.,-0.,1.));
#2944 = ADVANCED_FACE('',(#2945),#2963,.F.);
#2945 = FACE_BOUND('',#2946,.F.);
#2946 = EDGE_LOOP('',(#2947,#2955,#2961,#2962));
#2947 = ORIENTED_EDGE('',*,*,#2948,.F.);
#2948 = EDGE_CURVE('',#2949,#1559,#2951,.T.);
#2949 = VERTEX_POINT('',#2950);
#2950 = CARTESIAN_POINT('',(2.22,-0.32,-2.84));
#2951 = LINE('',#2952,#2953);
#2952 = CARTESIAN_POINT('',(2.22,-0.32,-3.));
#2953 = VECTOR('',#2954,1.);
#2954 = DIRECTION('',(0.,0.,1.));
#2955 = ORIENTED_EDGE('',*,*,#2956,.T.);
#2956 = EDGE_CURVE('',#2949,#2926,#2957,.T.);
#2957 = LINE('',#2958,#2959);
#2958 = CARTESIAN_POINT('',(2.22,-0.32,-2.84));
#2959 = VECTOR('',#2960,1.);
#2960 = DIRECTION('',(0.,1.,0.));
#2961 = ORIENTED_EDGE('',*,*,#2933,.T.);
#2962 = ORIENTED_EDGE('',*,*,#1566,.F.);
#2963 = PLANE('',#2964);
#2964 = AXIS2_PLACEMENT_3D('',#2965,#2966,#2967);
#2965 = CARTESIAN_POINT('',(2.22,-0.32,-3.));
#2966 = DIRECTION('',(1.,0.,0.));
#2967 = DIRECTION('',(0.,0.,1.));
#2968 = ADVANCED_FACE('',(#2969),#2987,.F.);
#2969 = FACE_BOUND('',#2970,.F.);
#2970 = EDGE_LOOP('',(#2971,#2979,#2985,#2986));
#2971 = ORIENTED_EDGE('',*,*,#2972,.F.);
#2972 = EDGE_CURVE('',#2973,#1551,#2975,.T.);
#2973 = VERTEX_POINT('',#2974);
#2974 = CARTESIAN_POINT('',(2.86,-0.32,-2.84));
#2975 = LINE('',#2976,#2977);
#2976 = CARTESIAN_POINT('',(2.86,-0.32,-3.));
#2977 = VECTOR('',#2978,1.);
#2978 = DIRECTION('',(0.,0.,1.));
#2979 = ORIENTED_EDGE('',*,*,#2980,.F.);
#2980 = EDGE_CURVE('',#2949,#2973,#2981,.T.);
#2981 = LINE('',#2982,#2983);
#2982 = CARTESIAN_POINT('',(2.22,-0.32,-2.84));
#2983 = VECTOR('',#2984,1.);
#2984 = DIRECTION('',(1.,0.,0.));
#2985 = ORIENTED_EDGE('',*,*,#2948,.T.);
#2986 = ORIENTED_EDGE('',*,*,#1558,.F.);
#2987 = PLANE('',#2988);
#2988 = AXIS2_PLACEMENT_3D('',#2989,#2990,#2991);
#2989 = CARTESIAN_POINT('',(2.22,-0.32,-3.));
#2990 = DIRECTION('',(0.,1.,0.));
#2991 = DIRECTION('',(0.,-0.,1.));
#2992 = ADVANCED_FACE('',(#2993),#3004,.T.);
#2993 = FACE_BOUND('',#2994,.T.);
#2994 = EDGE_LOOP('',(#2995,#2996,#3002,#3003));
#2995 = ORIENTED_EDGE('',*,*,#2972,.F.);
#2996 = ORIENTED_EDGE('',*,*,#2997,.T.);
#2997 = EDGE_CURVE('',#2973,#2918,#2998,.T.);
#2998 = LINE('',#2999,#3000);
#2999 = CARTESIAN_POINT('',(2.86,-0.32,-2.84));
#3000 = VECTOR('',#3001,1.);
#3001 = DIRECTION('',(0.,1.,0.));
#3002 = ORIENTED_EDGE('',*,*,#2917,.T.);
#3003 = ORIENTED_EDGE('',*,*,#1550,.F.);
#3004 = PLANE('',#3005);
#3005 = AXIS2_PLACEMENT_3D('',#3006,#3007,#3008);
#3006 = CARTESIAN_POINT('',(2.86,-0.32,-3.));
#3007 = DIRECTION('',(1.,0.,0.));
#3008 = DIRECTION('',(0.,0.,1.));
#3009 = ADVANCED_FACE('',(#3010),#3035,.T.);
#3010 = FACE_BOUND('',#3011,.T.);
#3011 = EDGE_LOOP('',(#3012,#3020,#3028,#3034));
#3012 = ORIENTED_EDGE('',*,*,#3013,.F.);
#3013 = EDGE_CURVE('',#3014,#1575,#3016,.T.);
#3014 = VERTEX_POINT('',#3015);
#3015 = CARTESIAN_POINT('',(2.86,-2.22,-2.84));
#3016 = LINE('',#3017,#3018);
#3017 = CARTESIAN_POINT('',(2.86,-2.22,-3.));
#3018 = VECTOR('',#3019,1.);
#3019 = DIRECTION('',(0.,0.,1.));
#3020 = ORIENTED_EDGE('',*,*,#3021,.F.);
#3021 = EDGE_CURVE('',#3022,#3014,#3024,.T.);
#3022 = VERTEX_POINT('',#3023);
#3023 = CARTESIAN_POINT('',(2.22,-2.22,-2.84));
#3024 = LINE('',#3025,#3026);
#3025 = CARTESIAN_POINT('',(2.22,-2.22,-2.84));
#3026 = VECTOR('',#3027,1.);
#3027 = DIRECTION('',(1.,0.,0.));
#3028 = ORIENTED_EDGE('',*,*,#3029,.T.);
#3029 = EDGE_CURVE('',#3022,#1577,#3030,.T.);
#3030 = LINE('',#3031,#3032);
#3031 = CARTESIAN_POINT('',(2.22,-2.22,-3.));
#3032 = VECTOR('',#3033,1.);
#3033 = DIRECTION('',(0.,0.,1.));
#3034 = ORIENTED_EDGE('',*,*,#1574,.F.);
#3035 = PLANE('',#3036);
#3036 = AXIS2_PLACEMENT_3D('',#3037,#3038,#3039);
#3037 = CARTESIAN_POINT('',(2.22,-2.22,-3.));
#3038 = DIRECTION('',(0.,1.,0.));
#3039 = DIRECTION('',(0.,-0.,1.));
#3040 = ADVANCED_FACE('',(#3041),#3059,.F.);
#3041 = FACE_BOUND('',#3042,.F.);
#3042 = EDGE_LOOP('',(#3043,#3051,#3057,#3058));
#3043 = ORIENTED_EDGE('',*,*,#3044,.F.);
#3044 = EDGE_CURVE('',#3045,#1593,#3047,.T.);
#3045 = VERTEX_POINT('',#3046);
#3046 = CARTESIAN_POINT('',(2.22,-2.86,-2.84));
#3047 = LINE('',#3048,#3049);
#3048 = CARTESIAN_POINT('',(2.22,-2.86,-3.));
#3049 = VECTOR('',#3050,1.);
#3050 = DIRECTION('',(0.,0.,1.));
#3051 = ORIENTED_EDGE('',*,*,#3052,.T.);
#3052 = EDGE_CURVE('',#3045,#3022,#3053,.T.);
#3053 = LINE('',#3054,#3055);
#3054 = CARTESIAN_POINT('',(2.22,-2.86,-2.84));
#3055 = VECTOR('',#3056,1.);
#3056 = DIRECTION('',(0.,1.,0.));
#3057 = ORIENTED_EDGE('',*,*,#3029,.T.);
#3058 = ORIENTED_EDGE('',*,*,#1600,.F.);
#3059 = PLANE('',#3060);
#3060 = AXIS2_PLACEMENT_3D('',#3061,#3062,#3063);
#3061 = CARTESIAN_POINT('',(2.22,-2.86,-3.));
#3062 = DIRECTION('',(1.,0.,0.));
#3063 = DIRECTION('',(0.,0.,1.));
#3064 = ADVANCED_FACE('',(#3065),#3083,.F.);
#3065 = FACE_BOUND('',#3066,.F.);
#3066 = EDGE_LOOP('',(#3067,#3075,#3081,#3082));
#3067 = ORIENTED_EDGE('',*,*,#3068,.F.);
#3068 = EDGE_CURVE('',#3069,#1585,#3071,.T.);
#3069 = VERTEX_POINT('',#3070);
#3070 = CARTESIAN_POINT('',(2.86,-2.86,-2.84));
#3071 = LINE('',#3072,#3073);
#3072 = CARTESIAN_POINT('',(2.86,-2.86,-3.));
#3073 = VECTOR('',#3074,1.);
#3074 = DIRECTION('',(0.,0.,1.));
#3075 = ORIENTED_EDGE('',*,*,#3076,.F.);
#3076 = EDGE_CURVE('',#3045,#3069,#3077,.T.);
#3077 = LINE('',#3078,#3079);
#3078 = CARTESIAN_POINT('',(2.22,-2.86,-2.84));
#3079 = VECTOR('',#3080,1.);
#3080 = DIRECTION('',(1.,0.,0.));
#3081 = ORIENTED_EDGE('',*,*,#3044,.T.);
#3082 = ORIENTED_EDGE('',*,*,#1592,.F.);
#3083 = PLANE('',#3084);
#3084 = AXIS2_PLACEMENT_3D('',#3085,#3086,#3087);
#3085 = CARTESIAN_POINT('',(2.22,-2.86,-3.));
#3086 = DIRECTION('',(0.,1.,0.));
#3087 = DIRECTION('',(0.,-0.,1.));
#3088 = ADVANCED_FACE('',(#3089),#3100,.T.);
#3089 = FACE_BOUND('',#3090,.T.);
#3090 = EDGE_LOOP('',(#3091,#3092,#3098,#3099));
#3091 = ORIENTED_EDGE('',*,*,#3068,.F.);
#3092 = ORIENTED_EDGE('',*,*,#3093,.T.);
#3093 = EDGE_CURVE('',#3069,#3014,#3094,.T.);
#3094 = LINE('',#3095,#3096);
#3095 = CARTESIAN_POINT('',(2.86,-2.86,-2.84));
#3096 = VECTOR('',#3097,1.);
#3097 = DIRECTION('',(0.,1.,0.));
#3098 = ORIENTED_EDGE('',*,*,#3013,.T.);
#3099 = ORIENTED_EDGE('',*,*,#1584,.F.);
#3100 = PLANE('',#3101);
#3101 = AXIS2_PLACEMENT_3D('',#3102,#3103,#3104);
#3102 = CARTESIAN_POINT('',(2.86,-2.86,-3.));
#3103 = DIRECTION('',(1.,0.,0.));
#3104 = DIRECTION('',(0.,0.,1.));
#3105 = ADVANCED_FACE('',(#3106),#3131,.F.);
#3106 = FACE_BOUND('',#3107,.F.);
#3107 = EDGE_LOOP('',(#3108,#3116,#3124,#3130));
#3108 = ORIENTED_EDGE('',*,*,#3109,.F.);
#3109 = EDGE_CURVE('',#3110,#1609,#3112,.T.);
#3110 = VERTEX_POINT('',#3111);
#3111 = CARTESIAN_POINT('',(0.32,-7.94,-2.84));
#3112 = LINE('',#3113,#3114);
#3113 = CARTESIAN_POINT('',(0.32,-7.94,-3.));
#3114 = VECTOR('',#3115,1.);
#3115 = DIRECTION('',(0.,0.,1.));
#3116 = ORIENTED_EDGE('',*,*,#3117,.F.);
#3117 = EDGE_CURVE('',#3118,#3110,#3120,.T.);
#3118 = VERTEX_POINT('',#3119);
#3119 = CARTESIAN_POINT('',(-0.32,-7.94,-2.84));
#3120 = LINE('',#3121,#3122);
#3121 = CARTESIAN_POINT('',(-0.32,-7.94,-2.84));
#3122 = VECTOR('',#3123,1.);
#3123 = DIRECTION('',(1.,0.,0.));
#3124 = ORIENTED_EDGE('',*,*,#3125,.T.);
#3125 = EDGE_CURVE('',#3118,#1611,#3126,.T.);
#3126 = LINE('',#3127,#3128);
#3127 = CARTESIAN_POINT('',(-0.32,-7.94,-3.));
#3128 = VECTOR('',#3129,1.);
#3129 = DIRECTION('',(0.,0.,1.));
#3130 = ORIENTED_EDGE('',*,*,#1608,.F.);
#3131 = PLANE('',#3132);
#3132 = AXIS2_PLACEMENT_3D('',#3133,#3134,#3135);
#3133 = CARTESIAN_POINT('',(-0.32,-7.94,-3.));
#3134 = DIRECTION('',(0.,1.,0.));
#3135 = DIRECTION('',(0.,-0.,1.));
#3136 = ADVANCED_FACE('',(#3137),#3155,.T.);
#3137 = FACE_BOUND('',#3138,.T.);
#3138 = EDGE_LOOP('',(#3139,#3140,#3148,#3154));
#3139 = ORIENTED_EDGE('',*,*,#3109,.F.);
#3140 = ORIENTED_EDGE('',*,*,#3141,.T.);
#3141 = EDGE_CURVE('',#3110,#3142,#3144,.T.);
#3142 = VERTEX_POINT('',#3143);
#3143 = CARTESIAN_POINT('',(0.32,-7.3,-2.84));
#3144 = LINE('',#3145,#3146);
#3145 = CARTESIAN_POINT('',(0.32,-7.94,-2.84));
#3146 = VECTOR('',#3147,1.);
#3147 = DIRECTION('',(0.,1.,0.));
#3148 = ORIENTED_EDGE('',*,*,#3149,.T.);
#3149 = EDGE_CURVE('',#3142,#1627,#3150,.T.);
#3150 = LINE('',#3151,#3152);
#3151 = CARTESIAN_POINT('',(0.32,-7.3,-3.));
#3152 = VECTOR('',#3153,1.);
#3153 = DIRECTION('',(0.,0.,1.));
#3154 = ORIENTED_EDGE('',*,*,#1634,.F.);
#3155 = PLANE('',#3156);
#3156 = AXIS2_PLACEMENT_3D('',#3157,#3158,#3159);
#3157 = CARTESIAN_POINT('',(0.32,-7.94,-3.));
#3158 = DIRECTION('',(1.,0.,0.));
#3159 = DIRECTION('',(0.,0.,1.));
#3160 = ADVANCED_FACE('',(#3161),#3179,.T.);
#3161 = FACE_BOUND('',#3162,.T.);
#3162 = EDGE_LOOP('',(#3163,#3164,#3172,#3178));
#3163 = ORIENTED_EDGE('',*,*,#3149,.F.);
#3164 = ORIENTED_EDGE('',*,*,#3165,.F.);
#3165 = EDGE_CURVE('',#3166,#3142,#3168,.T.);
#3166 = VERTEX_POINT('',#3167);
#3167 = CARTESIAN_POINT('',(-0.32,-7.3,-2.84));
#3168 = LINE('',#3169,#3170);
#3169 = CARTESIAN_POINT('',(-0.32,-7.3,-2.84));
#3170 = VECTOR('',#3171,1.);
#3171 = DIRECTION('',(1.,0.,0.));
#3172 = ORIENTED_EDGE('',*,*,#3173,.T.);
#3173 = EDGE_CURVE('',#3166,#1619,#3174,.T.);
#3174 = LINE('',#3175,#3176);
#3175 = CARTESIAN_POINT('',(-0.32,-7.3,-3.));
#3176 = VECTOR('',#3177,1.);
#3177 = DIRECTION('',(0.,0.,1.));
#3178 = ORIENTED_EDGE('',*,*,#1626,.F.);
#3179 = PLANE('',#3180);
#3180 = AXIS2_PLACEMENT_3D('',#3181,#3182,#3183);
#3181 = CARTESIAN_POINT('',(-0.32,-7.3,-3.));
#3182 = DIRECTION('',(0.,1.,0.));
#3183 = DIRECTION('',(0.,-0.,1.));
#3184 = ADVANCED_FACE('',(#3185),#3196,.F.);
#3185 = FACE_BOUND('',#3186,.F.);
#3186 = EDGE_LOOP('',(#3187,#3188,#3194,#3195));
#3187 = ORIENTED_EDGE('',*,*,#3125,.F.);
#3188 = ORIENTED_EDGE('',*,*,#3189,.T.);
#3189 = EDGE_CURVE('',#3118,#3166,#3190,.T.);
#3190 = LINE('',#3191,#3192);
#3191 = CARTESIAN_POINT('',(-0.32,-7.94,-2.84));
#3192 = VECTOR('',#3193,1.);
#3193 = DIRECTION('',(0.,1.,0.));
#3194 = ORIENTED_EDGE('',*,*,#3173,.T.);
#3195 = ORIENTED_EDGE('',*,*,#1618,.F.);
#3196 = PLANE('',#3197);
#3197 = AXIS2_PLACEMENT_3D('',#3198,#3199,#3200);
#3198 = CARTESIAN_POINT('',(-0.32,-7.94,-3.));
#3199 = DIRECTION('',(1.,0.,0.));
#3200 = DIRECTION('',(0.,0.,1.));
#3201 = ADVANCED_FACE('',(#3202),#3227,.T.);
#3202 = FACE_BOUND('',#3203,.T.);
#3203 = EDGE_LOOP('',(#3204,#3212,#3220,#3226));
#3204 = ORIENTED_EDGE('',*,*,#3205,.F.);
#3205 = EDGE_CURVE('',#3206,#1643,#3208,.T.);
#3206 = VERTEX_POINT('',#3207);
#3207 = CARTESIAN_POINT('',(2.86,-7.3,-2.84));
#3208 = LINE('',#3209,#3210);
#3209 = CARTESIAN_POINT('',(2.86,-7.3,-3.));
#3210 = VECTOR('',#3211,1.);
#3211 = DIRECTION('',(0.,0.,1.));
#3212 = ORIENTED_EDGE('',*,*,#3213,.F.);
#3213 = EDGE_CURVE('',#3214,#3206,#3216,.T.);
#3214 = VERTEX_POINT('',#3215);
#3215 = CARTESIAN_POINT('',(2.22,-7.3,-2.84));
#3216 = LINE('',#3217,#3218);
#3217 = CARTESIAN_POINT('',(2.22,-7.3,-2.84));
#3218 = VECTOR('',#3219,1.);
#3219 = DIRECTION('',(1.,0.,0.));
#3220 = ORIENTED_EDGE('',*,*,#3221,.T.);
#3221 = EDGE_CURVE('',#3214,#1645,#3222,.T.);
#3222 = LINE('',#3223,#3224);
#3223 = CARTESIAN_POINT('',(2.22,-7.3,-3.));
#3224 = VECTOR('',#3225,1.);
#3225 = DIRECTION('',(0.,0.,1.));
#3226 = ORIENTED_EDGE('',*,*,#1642,.F.);
#3227 = PLANE('',#3228);
#3228 = AXIS2_PLACEMENT_3D('',#3229,#3230,#3231);
#3229 = CARTESIAN_POINT('',(2.22,-7.3,-3.));
#3230 = DIRECTION('',(0.,1.,0.));
#3231 = DIRECTION('',(0.,-0.,1.));
#3232 = ADVANCED_FACE('',(#3233),#3251,.F.);
#3233 = FACE_BOUND('',#3234,.F.);
#3234 = EDGE_LOOP('',(#3235,#3243,#3249,#3250));
#3235 = ORIENTED_EDGE('',*,*,#3236,.F.);
#3236 = EDGE_CURVE('',#3237,#1661,#3239,.T.);
#3237 = VERTEX_POINT('',#3238);
#3238 = CARTESIAN_POINT('',(2.22,-7.94,-2.84));
#3239 = LINE('',#3240,#3241);
#3240 = CARTESIAN_POINT('',(2.22,-7.94,-3.));
#3241 = VECTOR('',#3242,1.);
#3242 = DIRECTION('',(0.,0.,1.));
#3243 = ORIENTED_EDGE('',*,*,#3244,.T.);
#3244 = EDGE_CURVE('',#3237,#3214,#3245,.T.);
#3245 = LINE('',#3246,#3247);
#3246 = CARTESIAN_POINT('',(2.22,-7.94,-2.84));
#3247 = VECTOR('',#3248,1.);
#3248 = DIRECTION('',(0.,1.,0.));
#3249 = ORIENTED_EDGE('',*,*,#3221,.T.);
#3250 = ORIENTED_EDGE('',*,*,#1668,.F.);
#3251 = PLANE('',#3252);
#3252 = AXIS2_PLACEMENT_3D('',#3253,#3254,#3255);
#3253 = CARTESIAN_POINT('',(2.22,-7.94,-3.));
#3254 = DIRECTION('',(1.,0.,0.));
#3255 = DIRECTION('',(0.,0.,1.));
#3256 = ADVANCED_FACE('',(#3257),#3275,.F.);
#3257 = FACE_BOUND('',#3258,.F.);
#3258 = EDGE_LOOP('',(#3259,#3267,#3273,#3274));
#3259 = ORIENTED_EDGE('',*,*,#3260,.F.);
#3260 = EDGE_CURVE('',#3261,#1653,#3263,.T.);
#3261 = VERTEX_POINT('',#3262);
#3262 = CARTESIAN_POINT('',(2.86,-7.94,-2.84));
#3263 = LINE('',#3264,#3265);
#3264 = CARTESIAN_POINT('',(2.86,-7.94,-3.));
#3265 = VECTOR('',#3266,1.);
#3266 = DIRECTION('',(0.,0.,1.));
#3267 = ORIENTED_EDGE('',*,*,#3268,.F.);
#3268 = EDGE_CURVE('',#3237,#3261,#3269,.T.);
#3269 = LINE('',#3270,#3271);
#3270 = CARTESIAN_POINT('',(2.22,-7.94,-2.84));
#3271 = VECTOR('',#3272,1.);
#3272 = DIRECTION('',(1.,0.,0.));
#3273 = ORIENTED_EDGE('',*,*,#3236,.T.);
#3274 = ORIENTED_EDGE('',*,*,#1660,.F.);
#3275 = PLANE('',#3276);
#3276 = AXIS2_PLACEMENT_3D('',#3277,#3278,#3279);
#3277 = CARTESIAN_POINT('',(2.22,-7.94,-3.));
#3278 = DIRECTION('',(0.,1.,0.));
#3279 = DIRECTION('',(0.,-0.,1.));
#3280 = ADVANCED_FACE('',(#3281),#3292,.T.);
#3281 = FACE_BOUND('',#3282,.T.);
#3282 = EDGE_LOOP('',(#3283,#3284,#3290,#3291));
#3283 = ORIENTED_EDGE('',*,*,#3260,.F.);
#3284 = ORIENTED_EDGE('',*,*,#3285,.T.);
#3285 = EDGE_CURVE('',#3261,#3206,#3286,.T.);
#3286 = LINE('',#3287,#3288);
#3287 = CARTESIAN_POINT('',(2.86,-7.94,-2.84));
#3288 = VECTOR('',#3289,1.);
#3289 = DIRECTION('',(0.,1.,0.));
#3290 = ORIENTED_EDGE('',*,*,#3205,.T.);
#3291 = ORIENTED_EDGE('',*,*,#1652,.F.);
#3292 = PLANE('',#3293);
#3293 = AXIS2_PLACEMENT_3D('',#3294,#3295,#3296);
#3294 = CARTESIAN_POINT('',(2.86,-7.94,-3.));
#3295 = DIRECTION('',(1.,0.,0.));
#3296 = DIRECTION('',(0.,0.,1.));
#3297 = ADVANCED_FACE('',(#3298),#3323,.T.);
#3298 = FACE_BOUND('',#3299,.T.);
#3299 = EDGE_LOOP('',(#3300,#3308,#3309,#3317));
#3300 = ORIENTED_EDGE('',*,*,#3301,.F.);
#3301 = EDGE_CURVE('',#1870,#3302,#3304,.T.);
#3302 = VERTEX_POINT('',#3303);
#3303 = CARTESIAN_POINT('',(2.86,-4.76,8.38));
#3304 = LINE('',#3305,#3306);
#3305 = CARTESIAN_POINT('',(2.86,-4.76,-3.));
#3306 = VECTOR('',#3307,1.);
#3307 = DIRECTION('',(0.,0.,1.));
#3308 = ORIENTED_EDGE('',*,*,#1869,.T.);
#3309 = ORIENTED_EDGE('',*,*,#3310,.T.);
#3310 = EDGE_CURVE('',#1872,#3311,#3313,.T.);
#3311 = VERTEX_POINT('',#3312);
#3312 = CARTESIAN_POINT('',(2.22,-4.76,8.38));
#3313 = LINE('',#3314,#3315);
#3314 = CARTESIAN_POINT('',(2.22,-4.76,-3.));
#3315 = VECTOR('',#3316,1.);
#3316 = DIRECTION('',(0.,0.,1.));
#3317 = ORIENTED_EDGE('',*,*,#3318,.T.);
#3318 = EDGE_CURVE('',#3311,#3302,#3319,.T.);
#3319 = LINE('',#3320,#3321);
#3320 = CARTESIAN_POINT('',(2.22,-4.76,8.38));
#3321 = VECTOR('',#3322,1.);
#3322 = DIRECTION('',(1.,0.,0.));
#3323 = PLANE('',#3324);
#3324 = AXIS2_PLACEMENT_3D('',#3325,#3326,#3327);
#3325 = CARTESIAN_POINT('',(2.22,-4.76,-3.));
#3326 = DIRECTION('',(0.,1.,0.));
#3327 = DIRECTION('',(0.,-0.,1.));
#3328 = ADVANCED_FACE('',(#3329),#3347,.F.);
#3329 = FACE_BOUND('',#3330,.F.);
#3330 = EDGE_LOOP('',(#3331,#3339,#3340,#3341));
#3331 = ORIENTED_EDGE('',*,*,#3332,.F.);
#3332 = EDGE_CURVE('',#1888,#3333,#3335,.T.);
#3333 = VERTEX_POINT('',#3334);
#3334 = CARTESIAN_POINT('',(2.22,-5.4,8.38));
#3335 = LINE('',#3336,#3337);
#3336 = CARTESIAN_POINT('',(2.22,-5.4,-3.));
#3337 = VECTOR('',#3338,1.);
#3338 = DIRECTION('',(0.,0.,1.));
#3339 = ORIENTED_EDGE('',*,*,#1895,.T.);
#3340 = ORIENTED_EDGE('',*,*,#3310,.T.);
#3341 = ORIENTED_EDGE('',*,*,#3342,.F.);
#3342 = EDGE_CURVE('',#3333,#3311,#3343,.T.);
#3343 = LINE('',#3344,#3345);
#3344 = CARTESIAN_POINT('',(2.22,-5.4,8.38));
#3345 = VECTOR('',#3346,1.);
#3346 = DIRECTION('',(0.,1.,0.));
#3347 = PLANE('',#3348);
#3348 = AXIS2_PLACEMENT_3D('',#3349,#3350,#3351);
#3349 = CARTESIAN_POINT('',(2.22,-5.4,-3.));
#3350 = DIRECTION('',(1.,0.,0.));
#3351 = DIRECTION('',(0.,0.,1.));
#3352 = ADVANCED_FACE('',(#3353),#3371,.F.);
#3353 = FACE_BOUND('',#3354,.F.);
#3354 = EDGE_LOOP('',(#3355,#3363,#3364,#3365));
#3355 = ORIENTED_EDGE('',*,*,#3356,.F.);
#3356 = EDGE_CURVE('',#1880,#3357,#3359,.T.);
#3357 = VERTEX_POINT('',#3358);
#3358 = CARTESIAN_POINT('',(2.86,-5.4,8.38));
#3359 = LINE('',#3360,#3361);
#3360 = CARTESIAN_POINT('',(2.86,-5.4,-3.));
#3361 = VECTOR('',#3362,1.);
#3362 = DIRECTION('',(0.,0.,1.));
#3363 = ORIENTED_EDGE('',*,*,#1887,.T.);
#3364 = ORIENTED_EDGE('',*,*,#3332,.T.);
#3365 = ORIENTED_EDGE('',*,*,#3366,.T.);
#3366 = EDGE_CURVE('',#3333,#3357,#3367,.T.);
#3367 = LINE('',#3368,#3369);
#3368 = CARTESIAN_POINT('',(2.22,-5.4,8.38));
#3369 = VECTOR('',#3370,1.);
#3370 = DIRECTION('',(1.,0.,0.));
#3371 = PLANE('',#3372);
#3372 = AXIS2_PLACEMENT_3D('',#3373,#3374,#3375);
#3373 = CARTESIAN_POINT('',(2.22,-5.4,-3.));
#3374 = DIRECTION('',(0.,1.,0.));
#3375 = DIRECTION('',(0.,-0.,1.));
#3376 = ADVANCED_FACE('',(#3377),#3388,.T.);
#3377 = FACE_BOUND('',#3378,.T.);
#3378 = EDGE_LOOP('',(#3379,#3380,#3381,#3382));
#3379 = ORIENTED_EDGE('',*,*,#3356,.F.);
#3380 = ORIENTED_EDGE('',*,*,#1879,.T.);
#3381 = ORIENTED_EDGE('',*,*,#3301,.T.);
#3382 = ORIENTED_EDGE('',*,*,#3383,.F.);
#3383 = EDGE_CURVE('',#3357,#3302,#3384,.T.);
#3384 = LINE('',#3385,#3386);
#3385 = CARTESIAN_POINT('',(2.86,-5.4,8.38));
#3386 = VECTOR('',#3387,1.);
#3387 = DIRECTION('',(0.,1.,0.));
#3388 = PLANE('',#3389);
#3389 = AXIS2_PLACEMENT_3D('',#3390,#3391,#3392);
#3390 = CARTESIAN_POINT('',(2.86,-5.4,-3.));
#3391 = DIRECTION('',(1.,0.,0.));
#3392 = DIRECTION('',(0.,0.,1.));
#3393 = ADVANCED_FACE('',(#3394),#3419,.T.);
#3394 = FACE_BOUND('',#3395,.T.);
#3395 = EDGE_LOOP('',(#3396,#3404,#3405,#3413));
#3396 = ORIENTED_EDGE('',*,*,#3397,.F.);
#3397 = EDGE_CURVE('',#1904,#3398,#3400,.T.);
#3398 = VERTEX_POINT('',#3399);
#3399 = CARTESIAN_POINT('',(0.32,-5.4,8.38));
#3400 = LINE('',#3401,#3402);
#3401 = CARTESIAN_POINT('',(0.32,-5.4,-3.));
#3402 = VECTOR('',#3403,1.);
#3403 = DIRECTION('',(0.,0.,1.));
#3404 = ORIENTED_EDGE('',*,*,#1903,.T.);
#3405 = ORIENTED_EDGE('',*,*,#3406,.T.);
#3406 = EDGE_CURVE('',#1906,#3407,#3409,.T.);
#3407 = VERTEX_POINT('',#3408);
#3408 = CARTESIAN_POINT('',(0.32,-4.76,8.38));
#3409 = LINE('',#3410,#3411);
#3410 = CARTESIAN_POINT('',(0.32,-4.76,-3.));
#3411 = VECTOR('',#3412,1.);
#3412 = DIRECTION('',(0.,0.,1.));
#3413 = ORIENTED_EDGE('',*,*,#3414,.F.);
#3414 = EDGE_CURVE('',#3398,#3407,#3415,.T.);
#3415 = LINE('',#3416,#3417);
#3416 = CARTESIAN_POINT('',(0.32,-5.4,8.38));
#3417 = VECTOR('',#3418,1.);
#3418 = DIRECTION('',(0.,1.,0.));
#3419 = PLANE('',#3420);
#3420 = AXIS2_PLACEMENT_3D('',#3421,#3422,#3423);
#3421 = CARTESIAN_POINT('',(0.32,-5.4,-3.));
#3422 = DIRECTION('',(1.,0.,0.));
#3423 = DIRECTION('',(0.,0.,1.));
#3424 = ADVANCED_FACE('',(#3425),#3443,.T.);
#3425 = FACE_BOUND('',#3426,.T.);
#3426 = EDGE_LOOP('',(#3427,#3428,#3429,#3437));
#3427 = ORIENTED_EDGE('',*,*,#3406,.F.);
#3428 = ORIENTED_EDGE('',*,*,#1929,.T.);
#3429 = ORIENTED_EDGE('',*,*,#3430,.T.);
#3430 = EDGE_CURVE('',#1922,#3431,#3433,.T.);
#3431 = VERTEX_POINT('',#3432);
#3432 = CARTESIAN_POINT('',(-0.32,-4.76,8.38));
#3433 = LINE('',#3434,#3435);
#3434 = CARTESIAN_POINT('',(-0.32,-4.76,-3.));
#3435 = VECTOR('',#3436,1.);
#3436 = DIRECTION('',(0.,0.,1.));
#3437 = ORIENTED_EDGE('',*,*,#3438,.T.);
#3438 = EDGE_CURVE('',#3431,#3407,#3439,.T.);
#3439 = LINE('',#3440,#3441);
#3440 = CARTESIAN_POINT('',(-0.32,-4.76,8.38));
#3441 = VECTOR('',#3442,1.);
#3442 = DIRECTION('',(1.,0.,0.));
#3443 = PLANE('',#3444);
#3444 = AXIS2_PLACEMENT_3D('',#3445,#3446,#3447);
#3445 = CARTESIAN_POINT('',(-0.32,-4.76,-3.));
#3446 = DIRECTION('',(0.,1.,0.));
#3447 = DIRECTION('',(0.,-0.,1.));
#3448 = ADVANCED_FACE('',(#3449),#3467,.F.);
#3449 = FACE_BOUND('',#3450,.F.);
#3450 = EDGE_LOOP('',(#3451,#3459,#3460,#3461));
#3451 = ORIENTED_EDGE('',*,*,#3452,.F.);
#3452 = EDGE_CURVE('',#1914,#3453,#3455,.T.);
#3453 = VERTEX_POINT('',#3454);
#3454 = CARTESIAN_POINT('',(-0.32,-5.4,8.38));
#3455 = LINE('',#3456,#3457);
#3456 = CARTESIAN_POINT('',(-0.32,-5.4,-3.));
#3457 = VECTOR('',#3458,1.);
#3458 = DIRECTION('',(0.,0.,1.));
#3459 = ORIENTED_EDGE('',*,*,#1921,.T.);
#3460 = ORIENTED_EDGE('',*,*,#3430,.T.);
#3461 = ORIENTED_EDGE('',*,*,#3462,.F.);
#3462 = EDGE_CURVE('',#3453,#3431,#3463,.T.);
#3463 = LINE('',#3464,#3465);
#3464 = CARTESIAN_POINT('',(-0.32,-5.4,8.38));
#3465 = VECTOR('',#3466,1.);
#3466 = DIRECTION('',(0.,1.,0.));
#3467 = PLANE('',#3468);
#3468 = AXIS2_PLACEMENT_3D('',#3469,#3470,#3471);
#3469 = CARTESIAN_POINT('',(-0.32,-5.4,-3.));
#3470 = DIRECTION('',(1.,0.,0.));
#3471 = DIRECTION('',(0.,0.,1.));
#3472 = ADVANCED_FACE('',(#3473),#3484,.F.);
#3473 = FACE_BOUND('',#3474,.F.);
#3474 = EDGE_LOOP('',(#3475,#3476,#3477,#3478));
#3475 = ORIENTED_EDGE('',*,*,#3397,.F.);
#3476 = ORIENTED_EDGE('',*,*,#1913,.T.);
#3477 = ORIENTED_EDGE('',*,*,#3452,.T.);
#3478 = ORIENTED_EDGE('',*,*,#3479,.T.);
#3479 = EDGE_CURVE('',#3453,#3398,#3480,.T.);
#3480 = LINE('',#3481,#3482);
#3481 = CARTESIAN_POINT('',(-0.32,-5.4,8.38));
#3482 = VECTOR('',#3483,1.);
#3483 = DIRECTION('',(1.,0.,0.));
#3484 = PLANE('',#3485);
#3485 = AXIS2_PLACEMENT_3D('',#3486,#3487,#3488);
#3486 = CARTESIAN_POINT('',(-0.32,-5.4,-3.));
#3487 = DIRECTION('',(0.,1.,0.));
#3488 = DIRECTION('',(0.,-0.,1.));
#3489 = ADVANCED_FACE('',(#3490),#3515,.T.);
#3490 = FACE_BOUND('',#3491,.T.);
#3491 = EDGE_LOOP('',(#3492,#3500,#3501,#3509));
#3492 = ORIENTED_EDGE('',*,*,#3493,.F.);
#3493 = EDGE_CURVE('',#1938,#3494,#3496,.T.);
#3494 = VERTEX_POINT('',#3495);
#3495 = CARTESIAN_POINT('',(0.32,0.32,8.38));
#3496 = LINE('',#3497,#3498);
#3497 = CARTESIAN_POINT('',(0.32,0.32,-3.));
#3498 = VECTOR('',#3499,1.);
#3499 = DIRECTION('',(0.,0.,1.));
#3500 = ORIENTED_EDGE('',*,*,#1937,.T.);
#3501 = ORIENTED_EDGE('',*,*,#3502,.T.);
#3502 = EDGE_CURVE('',#1940,#3503,#3505,.T.);
#3503 = VERTEX_POINT('',#3504);
#3504 = CARTESIAN_POINT('',(-0.32,0.32,8.38));
#3505 = LINE('',#3506,#3507);
#3506 = CARTESIAN_POINT('',(-0.32,0.32,-3.));
#3507 = VECTOR('',#3508,1.);
#3508 = DIRECTION('',(0.,0.,1.));
#3509 = ORIENTED_EDGE('',*,*,#3510,.T.);
#3510 = EDGE_CURVE('',#3503,#3494,#3511,.T.);
#3511 = LINE('',#3512,#3513);
#3512 = CARTESIAN_POINT('',(-0.32,0.32,8.38));
#3513 = VECTOR('',#3514,1.);
#3514 = DIRECTION('',(1.,0.,0.));
#3515 = PLANE('',#3516);
#3516 = AXIS2_PLACEMENT_3D('',#3517,#3518,#3519);
#3517 = CARTESIAN_POINT('',(-0.32,0.32,-3.));
#3518 = DIRECTION('',(0.,1.,0.));
#3519 = DIRECTION('',(0.,-0.,1.));
#3520 = ADVANCED_FACE('',(#3521),#3539,.F.);
#3521 = FACE_BOUND('',#3522,.F.);
#3522 = EDGE_LOOP('',(#3523,#3531,#3532,#3533));
#3523 = ORIENTED_EDGE('',*,*,#3524,.F.);
#3524 = EDGE_CURVE('',#1956,#3525,#3527,.T.);
#3525 = VERTEX_POINT('',#3526);
#3526 = CARTESIAN_POINT('',(-0.32,-0.32,8.38));
#3527 = LINE('',#3528,#3529);
#3528 = CARTESIAN_POINT('',(-0.32,-0.32,-3.));
#3529 = VECTOR('',#3530,1.);
#3530 = DIRECTION('',(0.,0.,1.));
#3531 = ORIENTED_EDGE('',*,*,#1963,.T.);
#3532 = ORIENTED_EDGE('',*,*,#3502,.T.);
#3533 = ORIENTED_EDGE('',*,*,#3534,.F.);
#3534 = EDGE_CURVE('',#3525,#3503,#3535,.T.);
#3535 = LINE('',#3536,#3537);
#3536 = CARTESIAN_POINT('',(-0.32,-0.32,8.38));
#3537 = VECTOR('',#3538,1.);
#3538 = DIRECTION('',(0.,1.,0.));
#3539 = PLANE('',#3540);
#3540 = AXIS2_PLACEMENT_3D('',#3541,#3542,#3543);
#3541 = CARTESIAN_POINT('',(-0.32,-0.32,-3.));
#3542 = DIRECTION('',(1.,0.,0.));
#3543 = DIRECTION('',(0.,0.,1.));
#3544 = ADVANCED_FACE('',(#3545),#3563,.F.);
#3545 = FACE_BOUND('',#3546,.F.);
#3546 = EDGE_LOOP('',(#3547,#3555,#3556,#3557));
#3547 = ORIENTED_EDGE('',*,*,#3548,.F.);
#3548 = EDGE_CURVE('',#1948,#3549,#3551,.T.);
#3549 = VERTEX_POINT('',#3550);
#3550 = CARTESIAN_POINT('',(0.32,-0.32,8.38));
#3551 = LINE('',#3552,#3553);
#3552 = CARTESIAN_POINT('',(0.32,-0.32,-3.));
#3553 = VECTOR('',#3554,1.);
#3554 = DIRECTION('',(0.,0.,1.));
#3555 = ORIENTED_EDGE('',*,*,#1955,.T.);
#3556 = ORIENTED_EDGE('',*,*,#3524,.T.);
#3557 = ORIENTED_EDGE('',*,*,#3558,.T.);
#3558 = EDGE_CURVE('',#3525,#3549,#3559,.T.);
#3559 = LINE('',#3560,#3561);
#3560 = CARTESIAN_POINT('',(-0.32,-0.32,8.38));
#3561 = VECTOR('',#3562,1.);
#3562 = DIRECTION('',(1.,0.,0.));
#3563 = PLANE('',#3564);
#3564 = AXIS2_PLACEMENT_3D('',#3565,#3566,#3567);
#3565 = CARTESIAN_POINT('',(-0.32,-0.32,-3.));
#3566 = DIRECTION('',(0.,1.,0.));
#3567 = DIRECTION('',(0.,-0.,1.));
#3568 = ADVANCED_FACE('',(#3569),#3580,.T.);
#3569 = FACE_BOUND('',#3570,.T.);
#3570 = EDGE_LOOP('',(#3571,#3572,#3573,#3574));
#3571 = ORIENTED_EDGE('',*,*,#3548,.F.);
#3572 = ORIENTED_EDGE('',*,*,#1947,.T.);
#3573 = ORIENTED_EDGE('',*,*,#3493,.T.);
#3574 = ORIENTED_EDGE('',*,*,#3575,.F.);
#3575 = EDGE_CURVE('',#3549,#3494,#3576,.T.);
#3576 = LINE('',#3577,#3578);
#3577 = CARTESIAN_POINT('',(0.32,-0.32,8.38));
#3578 = VECTOR('',#3579,1.);
#3579 = DIRECTION('',(0.,1.,0.));
#3580 = PLANE('',#3581);
#3581 = AXIS2_PLACEMENT_3D('',#3582,#3583,#3584);
#3582 = CARTESIAN_POINT('',(0.32,-0.32,-3.));
#3583 = DIRECTION('',(1.,0.,0.));
#3584 = DIRECTION('',(0.,0.,1.));
#3585 = ADVANCED_FACE('',(#3586),#3611,.T.);
#3586 = FACE_BOUND('',#3587,.T.);
#3587 = EDGE_LOOP('',(#3588,#3596,#3597,#3605));
#3588 = ORIENTED_EDGE('',*,*,#3589,.F.);
#3589 = EDGE_CURVE('',#1972,#3590,#3592,.T.);
#3590 = VERTEX_POINT('',#3591);
#3591 = CARTESIAN_POINT('',(0.32,-2.86,8.38));
#3592 = LINE('',#3593,#3594);
#3593 = CARTESIAN_POINT('',(0.32,-2.86,-3.));
#3594 = VECTOR('',#3595,1.);
#3595 = DIRECTION('',(0.,0.,1.));
#3596 = ORIENTED_EDGE('',*,*,#1971,.T.);
#3597 = ORIENTED_EDGE('',*,*,#3598,.T.);
#3598 = EDGE_CURVE('',#1974,#3599,#3601,.T.);
#3599 = VERTEX_POINT('',#3600);
#3600 = CARTESIAN_POINT('',(0.32,-2.22,8.38));
#3601 = LINE('',#3602,#3603);
#3602 = CARTESIAN_POINT('',(0.32,-2.22,-3.));
#3603 = VECTOR('',#3604,1.);
#3604 = DIRECTION('',(0.,0.,1.));
#3605 = ORIENTED_EDGE('',*,*,#3606,.F.);
#3606 = EDGE_CURVE('',#3590,#3599,#3607,.T.);
#3607 = LINE('',#3608,#3609);
#3608 = CARTESIAN_POINT('',(0.32,-2.86,8.38));
#3609 = VECTOR('',#3610,1.);
#3610 = DIRECTION('',(0.,1.,0.));
#3611 = PLANE('',#3612);
#3612 = AXIS2_PLACEMENT_3D('',#3613,#3614,#3615);
#3613 = CARTESIAN_POINT('',(0.32,-2.86,-3.));
#3614 = DIRECTION('',(1.,0.,0.));
#3615 = DIRECTION('',(0.,0.,1.));
#3616 = ADVANCED_FACE('',(#3617),#3635,.T.);
#3617 = FACE_BOUND('',#3618,.T.);
#3618 = EDGE_LOOP('',(#3619,#3620,#3621,#3629));
#3619 = ORIENTED_EDGE('',*,*,#3598,.F.);
#3620 = ORIENTED_EDGE('',*,*,#1997,.T.);
#3621 = ORIENTED_EDGE('',*,*,#3622,.T.);
#3622 = EDGE_CURVE('',#1990,#3623,#3625,.T.);
#3623 = VERTEX_POINT('',#3624);
#3624 = CARTESIAN_POINT('',(-0.32,-2.22,8.38));
#3625 = LINE('',#3626,#3627);
#3626 = CARTESIAN_POINT('',(-0.32,-2.22,-3.));
#3627 = VECTOR('',#3628,1.);
#3628 = DIRECTION('',(0.,0.,1.));
#3629 = ORIENTED_EDGE('',*,*,#3630,.T.);
#3630 = EDGE_CURVE('',#3623,#3599,#3631,.T.);
#3631 = LINE('',#3632,#3633);
#3632 = CARTESIAN_POINT('',(-0.32,-2.22,8.38));
#3633 = VECTOR('',#3634,1.);
#3634 = DIRECTION('',(1.,0.,0.));
#3635 = PLANE('',#3636);
#3636 = AXIS2_PLACEMENT_3D('',#3637,#3638,#3639);
#3637 = CARTESIAN_POINT('',(-0.32,-2.22,-3.));
#3638 = DIRECTION('',(0.,1.,0.));
#3639 = DIRECTION('',(0.,-0.,1.));
#3640 = ADVANCED_FACE('',(#3641),#3659,.F.);
#3641 = FACE_BOUND('',#3642,.F.);
#3642 = EDGE_LOOP('',(#3643,#3651,#3652,#3653));
#3643 = ORIENTED_EDGE('',*,*,#3644,.F.);
#3644 = EDGE_CURVE('',#1982,#3645,#3647,.T.);
#3645 = VERTEX_POINT('',#3646);
#3646 = CARTESIAN_POINT('',(-0.32,-2.86,8.38));
#3647 = LINE('',#3648,#3649);
#3648 = CARTESIAN_POINT('',(-0.32,-2.86,-3.));
#3649 = VECTOR('',#3650,1.);
#3650 = DIRECTION('',(0.,0.,1.));
#3651 = ORIENTED_EDGE('',*,*,#1989,.T.);
#3652 = ORIENTED_EDGE('',*,*,#3622,.T.);
#3653 = ORIENTED_EDGE('',*,*,#3654,.F.);
#3654 = EDGE_CURVE('',#3645,#3623,#3655,.T.);
#3655 = LINE('',#3656,#3657);
#3656 = CARTESIAN_POINT('',(-0.32,-2.86,8.38));
#3657 = VECTOR('',#3658,1.);
#3658 = DIRECTION('',(0.,1.,0.));
#3659 = PLANE('',#3660);
#3660 = AXIS2_PLACEMENT_3D('',#3661,#3662,#3663);
#3661 = CARTESIAN_POINT('',(-0.32,-2.86,-3.));
#3662 = DIRECTION('',(1.,0.,0.));
#3663 = DIRECTION('',(0.,0.,1.));
#3664 = ADVANCED_FACE('',(#3665),#3676,.F.);
#3665 = FACE_BOUND('',#3666,.F.);
#3666 = EDGE_LOOP('',(#3667,#3668,#3669,#3670));
#3667 = ORIENTED_EDGE('',*,*,#3589,.F.);
#3668 = ORIENTED_EDGE('',*,*,#1981,.T.);
#3669 = ORIENTED_EDGE('',*,*,#3644,.T.);
#3670 = ORIENTED_EDGE('',*,*,#3671,.T.);
#3671 = EDGE_CURVE('',#3645,#3590,#3672,.T.);
#3672 = LINE('',#3673,#3674);
#3673 = CARTESIAN_POINT('',(-0.32,-2.86,8.38));
#3674 = VECTOR('',#3675,1.);
#3675 = DIRECTION('',(1.,0.,0.));
#3676 = PLANE('',#3677);
#3677 = AXIS2_PLACEMENT_3D('',#3678,#3679,#3680);
#3678 = CARTESIAN_POINT('',(-0.32,-2.86,-3.));
#3679 = DIRECTION('',(0.,1.,0.));
#3680 = DIRECTION('',(0.,-0.,1.));
#3681 = ADVANCED_FACE('',(#3682),#3707,.T.);
#3682 = FACE_BOUND('',#3683,.T.);
#3683 = EDGE_LOOP('',(#3684,#3692,#3693,#3701));
#3684 = ORIENTED_EDGE('',*,*,#3685,.F.);
#3685 = EDGE_CURVE('',#2006,#3686,#3688,.T.);
#3686 = VERTEX_POINT('',#3687);
#3687 = CARTESIAN_POINT('',(2.86,0.32,8.38));
#3688 = LINE('',#3689,#3690);
#3689 = CARTESIAN_POINT('',(2.86,0.32,-3.));
#3690 = VECTOR('',#3691,1.);
#3691 = DIRECTION('',(0.,0.,1.));
#3692 = ORIENTED_EDGE('',*,*,#2005,.T.);
#3693 = ORIENTED_EDGE('',*,*,#3694,.T.);
#3694 = EDGE_CURVE('',#2008,#3695,#3697,.T.);
#3695 = VERTEX_POINT('',#3696);
#3696 = CARTESIAN_POINT('',(2.22,0.32,8.38));
#3697 = LINE('',#3698,#3699);
#3698 = CARTESIAN_POINT('',(2.22,0.32,-3.));
#3699 = VECTOR('',#3700,1.);
#3700 = DIRECTION('',(0.,0.,1.));
#3701 = ORIENTED_EDGE('',*,*,#3702,.T.);
#3702 = EDGE_CURVE('',#3695,#3686,#3703,.T.);
#3703 = LINE('',#3704,#3705);
#3704 = CARTESIAN_POINT('',(2.22,0.32,8.38));
#3705 = VECTOR('',#3706,1.);
#3706 = DIRECTION('',(1.,0.,0.));
#3707 = PLANE('',#3708);
#3708 = AXIS2_PLACEMENT_3D('',#3709,#3710,#3711);
#3709 = CARTESIAN_POINT('',(2.22,0.32,-3.));
#3710 = DIRECTION('',(0.,1.,0.));
#3711 = DIRECTION('',(0.,-0.,1.));
#3712 = ADVANCED_FACE('',(#3713),#3731,.F.);
#3713 = FACE_BOUND('',#3714,.F.);
#3714 = EDGE_LOOP('',(#3715,#3723,#3724,#3725));
#3715 = ORIENTED_EDGE('',*,*,#3716,.F.);
#3716 = EDGE_CURVE('',#2024,#3717,#3719,.T.);
#3717 = VERTEX_POINT('',#3718);
#3718 = CARTESIAN_POINT('',(2.22,-0.32,8.38));
#3719 = LINE('',#3720,#3721);
#3720 = CARTESIAN_POINT('',(2.22,-0.32,-3.));
#3721 = VECTOR('',#3722,1.);
#3722 = DIRECTION('',(0.,0.,1.));
#3723 = ORIENTED_EDGE('',*,*,#2031,.T.);
#3724 = ORIENTED_EDGE('',*,*,#3694,.T.);
#3725 = ORIENTED_EDGE('',*,*,#3726,.F.);
#3726 = EDGE_CURVE('',#3717,#3695,#3727,.T.);
#3727 = LINE('',#3728,#3729);
#3728 = CARTESIAN_POINT('',(2.22,-0.32,8.38));
#3729 = VECTOR('',#3730,1.);
#3730 = DIRECTION('',(0.,1.,0.));
#3731 = PLANE('',#3732);
#3732 = AXIS2_PLACEMENT_3D('',#3733,#3734,#3735);
#3733 = CARTESIAN_POINT('',(2.22,-0.32,-3.));
#3734 = DIRECTION('',(1.,0.,0.));
#3735 = DIRECTION('',(0.,0.,1.));
#3736 = ADVANCED_FACE('',(#3737),#3755,.F.);
#3737 = FACE_BOUND('',#3738,.F.);
#3738 = EDGE_LOOP('',(#3739,#3747,#3748,#3749));
#3739 = ORIENTED_EDGE('',*,*,#3740,.F.);
#3740 = EDGE_CURVE('',#2016,#3741,#3743,.T.);
#3741 = VERTEX_POINT('',#3742);
#3742 = CARTESIAN_POINT('',(2.86,-0.32,8.38));
#3743 = LINE('',#3744,#3745);
#3744 = CARTESIAN_POINT('',(2.86,-0.32,-3.));
#3745 = VECTOR('',#3746,1.);
#3746 = DIRECTION('',(0.,0.,1.));
#3747 = ORIENTED_EDGE('',*,*,#2023,.T.);
#3748 = ORIENTED_EDGE('',*,*,#3716,.T.);
#3749 = ORIENTED_EDGE('',*,*,#3750,.T.);
#3750 = EDGE_CURVE('',#3717,#3741,#3751,.T.);
#3751 = LINE('',#3752,#3753);
#3752 = CARTESIAN_POINT('',(2.22,-0.32,8.38));
#3753 = VECTOR('',#3754,1.);
#3754 = DIRECTION('',(1.,0.,0.));
#3755 = PLANE('',#3756);
#3756 = AXIS2_PLACEMENT_3D('',#3757,#3758,#3759);
#3757 = CARTESIAN_POINT('',(2.22,-0.32,-3.));
#3758 = DIRECTION('',(0.,1.,0.));
#3759 = DIRECTION('',(0.,-0.,1.));
#3760 = ADVANCED_FACE('',(#3761),#3772,.T.);
#3761 = FACE_BOUND('',#3762,.T.);
#3762 = EDGE_LOOP('',(#3763,#3764,#3765,#3766));
#3763 = ORIENTED_EDGE('',*,*,#3740,.F.);
#3764 = ORIENTED_EDGE('',*,*,#2015,.T.);
#3765 = ORIENTED_EDGE('',*,*,#3685,.T.);
#3766 = ORIENTED_EDGE('',*,*,#3767,.F.);
#3767 = EDGE_CURVE('',#3741,#3686,#3768,.T.);
#3768 = LINE('',#3769,#3770);
#3769 = CARTESIAN_POINT('',(2.86,-0.32,8.38));
#3770 = VECTOR('',#3771,1.);
#3771 = DIRECTION('',(0.,1.,0.));
#3772 = PLANE('',#3773);
#3773 = AXIS2_PLACEMENT_3D('',#3774,#3775,#3776);
#3774 = CARTESIAN_POINT('',(2.86,-0.32,-3.));
#3775 = DIRECTION('',(1.,0.,0.));
#3776 = DIRECTION('',(0.,0.,1.));
#3777 = ADVANCED_FACE('',(#3778),#3803,.T.);
#3778 = FACE_BOUND('',#3779,.T.);
#3779 = EDGE_LOOP('',(#3780,#3788,#3789,#3797));
#3780 = ORIENTED_EDGE('',*,*,#3781,.F.);
#3781 = EDGE_CURVE('',#2040,#3782,#3784,.T.);
#3782 = VERTEX_POINT('',#3783);
#3783 = CARTESIAN_POINT('',(2.86,-2.22,8.38));
#3784 = LINE('',#3785,#3786);
#3785 = CARTESIAN_POINT('',(2.86,-2.22,-3.));
#3786 = VECTOR('',#3787,1.);
#3787 = DIRECTION('',(0.,0.,1.));
#3788 = ORIENTED_EDGE('',*,*,#2039,.T.);
#3789 = ORIENTED_EDGE('',*,*,#3790,.T.);
#3790 = EDGE_CURVE('',#2042,#3791,#3793,.T.);
#3791 = VERTEX_POINT('',#3792);
#3792 = CARTESIAN_POINT('',(2.22,-2.22,8.38));
#3793 = LINE('',#3794,#3795);
#3794 = CARTESIAN_POINT('',(2.22,-2.22,-3.));
#3795 = VECTOR('',#3796,1.);
#3796 = DIRECTION('',(0.,0.,1.));
#3797 = ORIENTED_EDGE('',*,*,#3798,.T.);
#3798 = EDGE_CURVE('',#3791,#3782,#3799,.T.);
#3799 = LINE('',#3800,#3801);
#3800 = CARTESIAN_POINT('',(2.22,-2.22,8.38));
#3801 = VECTOR('',#3802,1.);
#3802 = DIRECTION('',(1.,0.,0.));
#3803 = PLANE('',#3804);
#3804 = AXIS2_PLACEMENT_3D('',#3805,#3806,#3807);
#3805 = CARTESIAN_POINT('',(2.22,-2.22,-3.));
#3806 = DIRECTION('',(0.,1.,0.));
#3807 = DIRECTION('',(0.,-0.,1.));
#3808 = ADVANCED_FACE('',(#3809),#3827,.F.);
#3809 = FACE_BOUND('',#3810,.F.);
#3810 = EDGE_LOOP('',(#3811,#3819,#3820,#3821));
#3811 = ORIENTED_EDGE('',*,*,#3812,.F.);
#3812 = EDGE_CURVE('',#2058,#3813,#3815,.T.);
#3813 = VERTEX_POINT('',#3814);
#3814 = CARTESIAN_POINT('',(2.22,-2.86,8.38));
#3815 = LINE('',#3816,#3817);
#3816 = CARTESIAN_POINT('',(2.22,-2.86,-3.));
#3817 = VECTOR('',#3818,1.);
#3818 = DIRECTION('',(0.,0.,1.));
#3819 = ORIENTED_EDGE('',*,*,#2065,.T.);
#3820 = ORIENTED_EDGE('',*,*,#3790,.T.);
#3821 = ORIENTED_EDGE('',*,*,#3822,.F.);
#3822 = EDGE_CURVE('',#3813,#3791,#3823,.T.);
#3823 = LINE('',#3824,#3825);
#3824 = CARTESIAN_POINT('',(2.22,-2.86,8.38));
#3825 = VECTOR('',#3826,1.);
#3826 = DIRECTION('',(0.,1.,0.));
#3827 = PLANE('',#3828);
#3828 = AXIS2_PLACEMENT_3D('',#3829,#3830,#3831);
#3829 = CARTESIAN_POINT('',(2.22,-2.86,-3.));
#3830 = DIRECTION('',(1.,0.,0.));
#3831 = DIRECTION('',(0.,0.,1.));
#3832 = ADVANCED_FACE('',(#3833),#3851,.F.);
#3833 = FACE_BOUND('',#3834,.F.);
#3834 = EDGE_LOOP('',(#3835,#3843,#3844,#3845));
#3835 = ORIENTED_EDGE('',*,*,#3836,.F.);
#3836 = EDGE_CURVE('',#2050,#3837,#3839,.T.);
#3837 = VERTEX_POINT('',#3838);
#3838 = CARTESIAN_POINT('',(2.86,-2.86,8.38));
#3839 = LINE('',#3840,#3841);
#3840 = CARTESIAN_POINT('',(2.86,-2.86,-3.));
#3841 = VECTOR('',#3842,1.);
#3842 = DIRECTION('',(0.,0.,1.));
#3843 = ORIENTED_EDGE('',*,*,#2057,.T.);
#3844 = ORIENTED_EDGE('',*,*,#3812,.T.);
#3845 = ORIENTED_EDGE('',*,*,#3846,.T.);
#3846 = EDGE_CURVE('',#3813,#3837,#3847,.T.);
#3847 = LINE('',#3848,#3849);
#3848 = CARTESIAN_POINT('',(2.22,-2.86,8.38));
#3849 = VECTOR('',#3850,1.);
#3850 = DIRECTION('',(1.,0.,0.));
#3851 = PLANE('',#3852);
#3852 = AXIS2_PLACEMENT_3D('',#3853,#3854,#3855);
#3853 = CARTESIAN_POINT('',(2.22,-2.86,-3.));
#3854 = DIRECTION('',(0.,1.,0.));
#3855 = DIRECTION('',(0.,-0.,1.));
#3856 = ADVANCED_FACE('',(#3857),#3868,.T.);
#3857 = FACE_BOUND('',#3858,.T.);
#3858 = EDGE_LOOP('',(#3859,#3860,#3861,#3862));
#3859 = ORIENTED_EDGE('',*,*,#3836,.F.);
#3860 = ORIENTED_EDGE('',*,*,#2049,.T.);
#3861 = ORIENTED_EDGE('',*,*,#3781,.T.);
#3862 = ORIENTED_EDGE('',*,*,#3863,.F.);
#3863 = EDGE_CURVE('',#3837,#3782,#3864,.T.);
#3864 = LINE('',#3865,#3866);
#3865 = CARTESIAN_POINT('',(2.86,-2.86,8.38));
#3866 = VECTOR('',#3867,1.);
#3867 = DIRECTION('',(0.,1.,0.));
#3868 = PLANE('',#3869);
#3869 = AXIS2_PLACEMENT_3D('',#3870,#3871,#3872);
#3870 = CARTESIAN_POINT('',(2.86,-2.86,-3.));
#3871 = DIRECTION('',(1.,0.,0.));
#3872 = DIRECTION('',(0.,0.,1.));
#3873 = ADVANCED_FACE('',(#3874),#3899,.F.);
#3874 = FACE_BOUND('',#3875,.F.);
#3875 = EDGE_LOOP('',(#3876,#3884,#3885,#3893));
#3876 = ORIENTED_EDGE('',*,*,#3877,.F.);
#3877 = EDGE_CURVE('',#2074,#3878,#3880,.T.);
#3878 = VERTEX_POINT('',#3879);
#3879 = CARTESIAN_POINT('',(0.32,-7.94,8.38));
#3880 = LINE('',#3881,#3882);
#3881 = CARTESIAN_POINT('',(0.32,-7.94,-3.));
#3882 = VECTOR('',#3883,1.);
#3883 = DIRECTION('',(0.,0.,1.));
#3884 = ORIENTED_EDGE('',*,*,#2073,.T.);
#3885 = ORIENTED_EDGE('',*,*,#3886,.T.);
#3886 = EDGE_CURVE('',#2076,#3887,#3889,.T.);
#3887 = VERTEX_POINT('',#3888);
#3888 = CARTESIAN_POINT('',(-0.32,-7.94,8.38));
#3889 = LINE('',#3890,#3891);
#3890 = CARTESIAN_POINT('',(-0.32,-7.94,-3.));
#3891 = VECTOR('',#3892,1.);
#3892 = DIRECTION('',(0.,0.,1.));
#3893 = ORIENTED_EDGE('',*,*,#3894,.T.);
#3894 = EDGE_CURVE('',#3887,#3878,#3895,.T.);
#3895 = LINE('',#3896,#3897);
#3896 = CARTESIAN_POINT('',(-0.32,-7.94,8.38));
#3897 = VECTOR('',#3898,1.);
#3898 = DIRECTION('',(1.,0.,0.));
#3899 = PLANE('',#3900);
#3900 = AXIS2_PLACEMENT_3D('',#3901,#3902,#3903);
#3901 = CARTESIAN_POINT('',(-0.32,-7.94,-3.));
#3902 = DIRECTION('',(0.,1.,0.));
#3903 = DIRECTION('',(0.,-0.,1.));
#3904 = ADVANCED_FACE('',(#3905),#3923,.T.);
#3905 = FACE_BOUND('',#3906,.T.);
#3906 = EDGE_LOOP('',(#3907,#3908,#3909,#3917));
#3907 = ORIENTED_EDGE('',*,*,#3877,.F.);
#3908 = ORIENTED_EDGE('',*,*,#2099,.T.);
#3909 = ORIENTED_EDGE('',*,*,#3910,.T.);
#3910 = EDGE_CURVE('',#2092,#3911,#3913,.T.);
#3911 = VERTEX_POINT('',#3912);
#3912 = CARTESIAN_POINT('',(0.32,-7.3,8.38));
#3913 = LINE('',#3914,#3915);
#3914 = CARTESIAN_POINT('',(0.32,-7.3,-3.));
#3915 = VECTOR('',#3916,1.);
#3916 = DIRECTION('',(0.,0.,1.));
#3917 = ORIENTED_EDGE('',*,*,#3918,.F.);
#3918 = EDGE_CURVE('',#3878,#3911,#3919,.T.);
#3919 = LINE('',#3920,#3921);
#3920 = CARTESIAN_POINT('',(0.32,-7.94,8.38));
#3921 = VECTOR('',#3922,1.);
#3922 = DIRECTION('',(0.,1.,0.));
#3923 = PLANE('',#3924);
#3924 = AXIS2_PLACEMENT_3D('',#3925,#3926,#3927);
#3925 = CARTESIAN_POINT('',(0.32,-7.94,-3.));
#3926 = DIRECTION('',(1.,0.,0.));
#3927 = DIRECTION('',(0.,0.,1.));
#3928 = ADVANCED_FACE('',(#3929),#3947,.T.);
#3929 = FACE_BOUND('',#3930,.T.);
#3930 = EDGE_LOOP('',(#3931,#3932,#3933,#3941));
#3931 = ORIENTED_EDGE('',*,*,#3910,.F.);
#3932 = ORIENTED_EDGE('',*,*,#2091,.T.);
#3933 = ORIENTED_EDGE('',*,*,#3934,.T.);
#3934 = EDGE_CURVE('',#2084,#3935,#3937,.T.);
#3935 = VERTEX_POINT('',#3936);
#3936 = CARTESIAN_POINT('',(-0.32,-7.3,8.38));
#3937 = LINE('',#3938,#3939);
#3938 = CARTESIAN_POINT('',(-0.32,-7.3,-3.));
#3939 = VECTOR('',#3940,1.);
#3940 = DIRECTION('',(0.,0.,1.));
#3941 = ORIENTED_EDGE('',*,*,#3942,.T.);
#3942 = EDGE_CURVE('',#3935,#3911,#3943,.T.);
#3943 = LINE('',#3944,#3945);
#3944 = CARTESIAN_POINT('',(-0.32,-7.3,8.38));
#3945 = VECTOR('',#3946,1.);
#3946 = DIRECTION('',(1.,0.,0.));
#3947 = PLANE('',#3948);
#3948 = AXIS2_PLACEMENT_3D('',#3949,#3950,#3951);
#3949 = CARTESIAN_POINT('',(-0.32,-7.3,-3.));
#3950 = DIRECTION('',(0.,1.,0.));
#3951 = DIRECTION('',(0.,-0.,1.));
#3952 = ADVANCED_FACE('',(#3953),#3964,.F.);
#3953 = FACE_BOUND('',#3954,.F.);
#3954 = EDGE_LOOP('',(#3955,#3956,#3957,#3958));
#3955 = ORIENTED_EDGE('',*,*,#3886,.F.);
#3956 = ORIENTED_EDGE('',*,*,#2083,.T.);
#3957 = ORIENTED_EDGE('',*,*,#3934,.T.);
#3958 = ORIENTED_EDGE('',*,*,#3959,.F.);
#3959 = EDGE_CURVE('',#3887,#3935,#3960,.T.);
#3960 = LINE('',#3961,#3962);
#3961 = CARTESIAN_POINT('',(-0.32,-7.94,8.38));
#3962 = VECTOR('',#3963,1.);
#3963 = DIRECTION('',(0.,1.,0.));
#3964 = PLANE('',#3965);
#3965 = AXIS2_PLACEMENT_3D('',#3966,#3967,#3968);
#3966 = CARTESIAN_POINT('',(-0.32,-7.94,-3.));
#3967 = DIRECTION('',(1.,0.,0.));
#3968 = DIRECTION('',(0.,0.,1.));
#3969 = ADVANCED_FACE('',(#3970),#3995,.T.);
#3970 = FACE_BOUND('',#3971,.T.);
#3971 = EDGE_LOOP('',(#3972,#3980,#3981,#3989));
#3972 = ORIENTED_EDGE('',*,*,#3973,.F.);
#3973 = EDGE_CURVE('',#2108,#3974,#3976,.T.);
#3974 = VERTEX_POINT('',#3975);
#3975 = CARTESIAN_POINT('',(2.86,-7.3,8.38));
#3976 = LINE('',#3977,#3978);
#3977 = CARTESIAN_POINT('',(2.86,-7.3,-3.));
#3978 = VECTOR('',#3979,1.);
#3979 = DIRECTION('',(0.,0.,1.));
#3980 = ORIENTED_EDGE('',*,*,#2107,.T.);
#3981 = ORIENTED_EDGE('',*,*,#3982,.T.);
#3982 = EDGE_CURVE('',#2110,#3983,#3985,.T.);
#3983 = VERTEX_POINT('',#3984);
#3984 = CARTESIAN_POINT('',(2.22,-7.3,8.38));
#3985 = LINE('',#3986,#3987);
#3986 = CARTESIAN_POINT('',(2.22,-7.3,-3.));
#3987 = VECTOR('',#3988,1.);
#3988 = DIRECTION('',(0.,0.,1.));
#3989 = ORIENTED_EDGE('',*,*,#3990,.T.);
#3990 = EDGE_CURVE('',#3983,#3974,#3991,.T.);
#3991 = LINE('',#3992,#3993);
#3992 = CARTESIAN_POINT('',(2.22,-7.3,8.38));
#3993 = VECTOR('',#3994,1.);
#3994 = DIRECTION('',(1.,0.,0.));
#3995 = PLANE('',#3996);
#3996 = AXIS2_PLACEMENT_3D('',#3997,#3998,#3999);
#3997 = CARTESIAN_POINT('',(2.22,-7.3,-3.));
#3998 = DIRECTION('',(0.,1.,0.));
#3999 = DIRECTION('',(0.,-0.,1.));
#4000 = ADVANCED_FACE('',(#4001),#4019,.F.);
#4001 = FACE_BOUND('',#4002,.F.);
#4002 = EDGE_LOOP('',(#4003,#4011,#4012,#4013));
#4003 = ORIENTED_EDGE('',*,*,#4004,.F.);
#4004 = EDGE_CURVE('',#2126,#4005,#4007,.T.);
#4005 = VERTEX_POINT('',#4006);
#4006 = CARTESIAN_POINT('',(2.22,-7.94,8.38));
#4007 = LINE('',#4008,#4009);
#4008 = CARTESIAN_POINT('',(2.22,-7.94,-3.));
#4009 = VECTOR('',#4010,1.);
#4010 = DIRECTION('',(0.,0.,1.));
#4011 = ORIENTED_EDGE('',*,*,#2133,.T.);
#4012 = ORIENTED_EDGE('',*,*,#3982,.T.);
#4013 = ORIENTED_EDGE('',*,*,#4014,.F.);
#4014 = EDGE_CURVE('',#4005,#3983,#4015,.T.);
#4015 = LINE('',#4016,#4017);
#4016 = CARTESIAN_POINT('',(2.22,-7.94,8.38));
#4017 = VECTOR('',#4018,1.);
#4018 = DIRECTION('',(0.,1.,0.));
#4019 = PLANE('',#4020);
#4020 = AXIS2_PLACEMENT_3D('',#4021,#4022,#4023);
#4021 = CARTESIAN_POINT('',(2.22,-7.94,-3.));
#4022 = DIRECTION('',(1.,0.,0.));
#4023 = DIRECTION('',(0.,0.,1.));
#4024 = ADVANCED_FACE('',(#4025),#4043,.F.);
#4025 = FACE_BOUND('',#4026,.F.);
#4026 = EDGE_LOOP('',(#4027,#4035,#4036,#4037));
#4027 = ORIENTED_EDGE('',*,*,#4028,.F.);
#4028 = EDGE_CURVE('',#2118,#4029,#4031,.T.);
#4029 = VERTEX_POINT('',#4030);
#4030 = CARTESIAN_POINT('',(2.86,-7.94,8.38));
#4031 = LINE('',#4032,#4033);
#4032 = CARTESIAN_POINT('',(2.86,-7.94,-3.));
#4033 = VECTOR('',#4034,1.);
#4034 = DIRECTION('',(0.,0.,1.));
#4035 = ORIENTED_EDGE('',*,*,#2125,.T.);
#4036 = ORIENTED_EDGE('',*,*,#4004,.T.);
#4037 = ORIENTED_EDGE('',*,*,#4038,.T.);
#4038 = EDGE_CURVE('',#4005,#4029,#4039,.T.);
#4039 = LINE('',#4040,#4041);
#4040 = CARTESIAN_POINT('',(2.22,-7.94,8.38));
#4041 = VECTOR('',#4042,1.);
#4042 = DIRECTION('',(1.,0.,0.));
#4043 = PLANE('',#4044);
#4044 = AXIS2_PLACEMENT_3D('',#4045,#4046,#4047);
#4045 = CARTESIAN_POINT('',(2.22,-7.94,-3.));
#4046 = DIRECTION('',(0.,1.,0.));
#4047 = DIRECTION('',(0.,-0.,1.));
#4048 = ADVANCED_FACE('',(#4049),#4060,.T.);
#4049 = FACE_BOUND('',#4050,.T.);
#4050 = EDGE_LOOP('',(#4051,#4052,#4053,#4054));
#4051 = ORIENTED_EDGE('',*,*,#4028,.F.);
#4052 = ORIENTED_EDGE('',*,*,#2117,.T.);
#4053 = ORIENTED_EDGE('',*,*,#3973,.T.);
#4054 = ORIENTED_EDGE('',*,*,#4055,.F.);
#4055 = EDGE_CURVE('',#4029,#3974,#4056,.T.);
#4056 = LINE('',#4057,#4058);
#4057 = CARTESIAN_POINT('',(2.86,-7.94,8.38));
#4058 = VECTOR('',#4059,1.);
#4059 = DIRECTION('',(0.,1.,0.));
#4060 = PLANE('',#4061);
#4061 = AXIS2_PLACEMENT_3D('',#4062,#4063,#4064);
#4062 = CARTESIAN_POINT('',(2.86,-7.94,-3.));
#4063 = DIRECTION('',(1.,0.,0.));
#4064 = DIRECTION('',(0.,0.,1.));
#4065 = ADVANCED_FACE('',(#4066),#4091,.F.);
#4066 = FACE_BOUND('',#4067,.T.);
#4067 = EDGE_LOOP('',(#4068,#4076,#4077,#4085));
#4068 = ORIENTED_EDGE('',*,*,#4069,.F.);
#4069 = EDGE_CURVE('',#2542,#4070,#4072,.T.);
#4070 = VERTEX_POINT('',#4071);
#4071 = CARTESIAN_POINT('',(2.38,-4.92,-3.));
#4072 = LINE('',#4073,#4074);
#4073 = CARTESIAN_POINT('',(2.38,-4.92,-3.));
#4074 = VECTOR('',#4075,1.);
#4075 = DIRECTION('',(0.57735026919,-0.57735026919,-0.57735026919));
#4076 = ORIENTED_EDGE('',*,*,#2541,.T.);
#4077 = ORIENTED_EDGE('',*,*,#4078,.T.);
#4078 = EDGE_CURVE('',#2534,#4079,#4081,.T.);
#4079 = VERTEX_POINT('',#4080);
#4080 = CARTESIAN_POINT('',(2.7,-4.92,-3.));
#4081 = LINE('',#4082,#4083);
#4082 = CARTESIAN_POINT('',(2.593333333333,-5.026666666667,
    -3.106666666667));
#4083 = VECTOR('',#4084,1.);
#4084 = DIRECTION('',(-0.57735026919,-0.57735026919,-0.57735026919));
#4085 = ORIENTED_EDGE('',*,*,#4086,.F.);
#4086 = EDGE_CURVE('',#4070,#4079,#4087,.T.);
#4087 = LINE('',#4088,#4089);
#4088 = CARTESIAN_POINT('',(2.22,-4.92,-3.));
#4089 = VECTOR('',#4090,1.);
#4090 = DIRECTION('',(1.,0.,0.));
#4091 = PLANE('',#4092);
#4092 = AXIS2_PLACEMENT_3D('',#4093,#4094,#4095);
#4093 = CARTESIAN_POINT('',(2.22,-4.84,-2.92));
#4094 = DIRECTION('',(-1.735167508357E-18,-0.707106781187,0.707106781187
    ));
#4095 = DIRECTION('',(-1.,1.226948711654E-18,-1.226948711654E-18));
#4096 = ADVANCED_FACE('',(#4097),#4115,.T.);
#4097 = FACE_BOUND('',#4098,.T.);
#4098 = EDGE_LOOP('',(#4099,#4107,#4108,#4109));
#4099 = ORIENTED_EDGE('',*,*,#4100,.F.);
#4100 = EDGE_CURVE('',#2565,#4101,#4103,.T.);
#4101 = VERTEX_POINT('',#4102);
#4102 = CARTESIAN_POINT('',(2.38,-5.24,-3.));
#4103 = LINE('',#4104,#4105);
#4104 = CARTESIAN_POINT('',(2.273333333333,-5.346666666667,
    -2.893333333333));
#4105 = VECTOR('',#4106,1.);
#4106 = DIRECTION('',(0.57735026919,0.57735026919,-0.57735026919));
#4107 = ORIENTED_EDGE('',*,*,#2572,.T.);
#4108 = ORIENTED_EDGE('',*,*,#4069,.T.);
#4109 = ORIENTED_EDGE('',*,*,#4110,.F.);
#4110 = EDGE_CURVE('',#4101,#4070,#4111,.T.);
#4111 = LINE('',#4112,#4113);
#4112 = CARTESIAN_POINT('',(2.38,-5.4,-3.));
#4113 = VECTOR('',#4114,1.);
#4114 = DIRECTION('',(0.,1.,0.));
#4115 = PLANE('',#4116);
#4116 = AXIS2_PLACEMENT_3D('',#4117,#4118,#4119);
#4117 = CARTESIAN_POINT('',(2.3,-5.4,-2.92));
#4118 = DIRECTION('',(-0.707106781187,-1.735167508357E-18,
    -0.707106781187));
#4119 = DIRECTION('',(-1.226948711654E-18,1.,-1.226948711654E-18));
#4120 = ADVANCED_FACE('',(#4121),#4139,.T.);
#4121 = FACE_BOUND('',#4122,.F.);
#4122 = EDGE_LOOP('',(#4123,#4124,#4125,#4133));
#4123 = ORIENTED_EDGE('',*,*,#4100,.F.);
#4124 = ORIENTED_EDGE('',*,*,#2596,.T.);
#4125 = ORIENTED_EDGE('',*,*,#4126,.T.);
#4126 = EDGE_CURVE('',#2589,#4127,#4129,.T.);
#4127 = VERTEX_POINT('',#4128);
#4128 = CARTESIAN_POINT('',(2.7,-5.24,-3.));
#4129 = LINE('',#4130,#4131);
#4130 = CARTESIAN_POINT('',(2.7,-5.24,-3.));
#4131 = VECTOR('',#4132,1.);
#4132 = DIRECTION('',(-0.57735026919,0.57735026919,-0.57735026919));
#4133 = ORIENTED_EDGE('',*,*,#4134,.F.);
#4134 = EDGE_CURVE('',#4101,#4127,#4135,.T.);
#4135 = LINE('',#4136,#4137);
#4136 = CARTESIAN_POINT('',(2.22,-5.24,-3.));
#4137 = VECTOR('',#4138,1.);
#4138 = DIRECTION('',(1.,0.,0.));
#4139 = PLANE('',#4140);
#4140 = AXIS2_PLACEMENT_3D('',#4141,#4142,#4143);
#4141 = CARTESIAN_POINT('',(2.22,-5.32,-2.92));
#4142 = DIRECTION('',(1.735167508357E-18,-0.707106781187,-0.707106781187
    ));
#4143 = DIRECTION('',(-1.,-1.226948711654E-18,-1.226948711654E-18));
#4144 = ADVANCED_FACE('',(#4145),#4156,.F.);
#4145 = FACE_BOUND('',#4146,.F.);
#4146 = EDGE_LOOP('',(#4147,#4148,#4149,#4150));
#4147 = ORIENTED_EDGE('',*,*,#4126,.F.);
#4148 = ORIENTED_EDGE('',*,*,#2613,.T.);
#4149 = ORIENTED_EDGE('',*,*,#4078,.T.);
#4150 = ORIENTED_EDGE('',*,*,#4151,.F.);
#4151 = EDGE_CURVE('',#4127,#4079,#4152,.T.);
#4152 = LINE('',#4153,#4154);
#4153 = CARTESIAN_POINT('',(2.7,-5.4,-3.));
#4154 = VECTOR('',#4155,1.);
#4155 = DIRECTION('',(0.,1.,0.));
#4156 = PLANE('',#4157);
#4157 = AXIS2_PLACEMENT_3D('',#4158,#4159,#4160);
#4158 = CARTESIAN_POINT('',(2.78,-5.4,-2.92));
#4159 = DIRECTION('',(-0.707106781187,1.735167508357E-18,0.707106781187)
  );
#4160 = DIRECTION('',(1.226948711654E-18,1.,-1.226948711654E-18));
#4161 = ADVANCED_FACE('',(#4162),#4187,.F.);
#4162 = FACE_BOUND('',#4163,.F.);
#4163 = EDGE_LOOP('',(#4164,#4172,#4173,#4181));
#4164 = ORIENTED_EDGE('',*,*,#4165,.F.);
#4165 = EDGE_CURVE('',#2630,#4166,#4168,.T.);
#4166 = VERTEX_POINT('',#4167);
#4167 = CARTESIAN_POINT('',(0.16,-5.24,-3.));
#4168 = LINE('',#4169,#4170);
#4169 = CARTESIAN_POINT('',(0.16,-5.24,-3.));
#4170 = VECTOR('',#4171,1.);
#4171 = DIRECTION('',(-0.57735026919,0.57735026919,-0.57735026919));
#4172 = ORIENTED_EDGE('',*,*,#2637,.T.);
#4173 = ORIENTED_EDGE('',*,*,#4174,.T.);
#4174 = EDGE_CURVE('',#2638,#4175,#4177,.T.);
#4175 = VERTEX_POINT('',#4176);
#4176 = CARTESIAN_POINT('',(0.16,-4.92,-3.));
#4177 = LINE('',#4178,#4179);
#4178 = CARTESIAN_POINT('',(5.333333333333E-02,-5.026666666667,
    -3.106666666667));
#4179 = VECTOR('',#4180,1.);
#4180 = DIRECTION('',(-0.57735026919,-0.57735026919,-0.57735026919));
#4181 = ORIENTED_EDGE('',*,*,#4182,.F.);
#4182 = EDGE_CURVE('',#4166,#4175,#4183,.T.);
#4183 = LINE('',#4184,#4185);
#4184 = CARTESIAN_POINT('',(0.16,-5.4,-3.));
#4185 = VECTOR('',#4186,1.);
#4186 = DIRECTION('',(0.,1.,0.));
#4187 = PLANE('',#4188);
#4188 = AXIS2_PLACEMENT_3D('',#4189,#4190,#4191);
#4189 = CARTESIAN_POINT('',(0.24,-5.4,-2.92));
#4190 = DIRECTION('',(-0.707106781187,1.735167508357E-18,0.707106781187)
  );
#4191 = DIRECTION('',(1.226948711654E-18,1.,-1.226948711654E-18));
#4192 = ADVANCED_FACE('',(#4193),#4211,.F.);
#4193 = FACE_BOUND('',#4194,.T.);
#4194 = EDGE_LOOP('',(#4195,#4203,#4204,#4205));
#4195 = ORIENTED_EDGE('',*,*,#4196,.F.);
#4196 = EDGE_CURVE('',#2662,#4197,#4199,.T.);
#4197 = VERTEX_POINT('',#4198);
#4198 = CARTESIAN_POINT('',(-0.16,-4.92,-3.));
#4199 = LINE('',#4200,#4201);
#4200 = CARTESIAN_POINT('',(-0.16,-4.92,-3.));
#4201 = VECTOR('',#4202,1.);
#4202 = DIRECTION('',(0.57735026919,-0.57735026919,-0.57735026919));
#4203 = ORIENTED_EDGE('',*,*,#2661,.T.);
#4204 = ORIENTED_EDGE('',*,*,#4174,.T.);
#4205 = ORIENTED_EDGE('',*,*,#4206,.F.);
#4206 = EDGE_CURVE('',#4197,#4175,#4207,.T.);
#4207 = LINE('',#4208,#4209);
#4208 = CARTESIAN_POINT('',(-0.32,-4.92,-3.));
#4209 = VECTOR('',#4210,1.);
#4210 = DIRECTION('',(1.,0.,0.));
#4211 = PLANE('',#4212);
#4212 = AXIS2_PLACEMENT_3D('',#4213,#4214,#4215);
#4213 = CARTESIAN_POINT('',(-0.32,-4.84,-2.92));
#4214 = DIRECTION('',(-1.735167508357E-18,-0.707106781187,0.707106781187
    ));
#4215 = DIRECTION('',(-1.,1.226948711654E-18,-1.226948711654E-18));
#4216 = ADVANCED_FACE('',(#4217),#4235,.T.);
#4217 = FACE_BOUND('',#4218,.T.);
#4218 = EDGE_LOOP('',(#4219,#4227,#4228,#4229));
#4219 = ORIENTED_EDGE('',*,*,#4220,.F.);
#4220 = EDGE_CURVE('',#2685,#4221,#4223,.T.);
#4221 = VERTEX_POINT('',#4222);
#4222 = CARTESIAN_POINT('',(-0.16,-5.24,-3.));
#4223 = LINE('',#4224,#4225);
#4224 = CARTESIAN_POINT('',(-0.266666666667,-5.346666666667,
    -2.893333333333));
#4225 = VECTOR('',#4226,1.);
#4226 = DIRECTION('',(0.57735026919,0.57735026919,-0.57735026919));
#4227 = ORIENTED_EDGE('',*,*,#2692,.T.);
#4228 = ORIENTED_EDGE('',*,*,#4196,.T.);
#4229 = ORIENTED_EDGE('',*,*,#4230,.F.);
#4230 = EDGE_CURVE('',#4221,#4197,#4231,.T.);
#4231 = LINE('',#4232,#4233);
#4232 = CARTESIAN_POINT('',(-0.16,-5.4,-3.));
#4233 = VECTOR('',#4234,1.);
#4234 = DIRECTION('',(0.,1.,0.));
#4235 = PLANE('',#4236);
#4236 = AXIS2_PLACEMENT_3D('',#4237,#4238,#4239);
#4237 = CARTESIAN_POINT('',(-0.24,-5.4,-2.92));
#4238 = DIRECTION('',(-0.707106781187,-1.735167508357E-18,
    -0.707106781187));
#4239 = DIRECTION('',(-1.226948711654E-18,1.,-1.226948711654E-18));
#4240 = ADVANCED_FACE('',(#4241),#4252,.T.);
#4241 = FACE_BOUND('',#4242,.F.);
#4242 = EDGE_LOOP('',(#4243,#4244,#4245,#4246));
#4243 = ORIENTED_EDGE('',*,*,#4220,.F.);
#4244 = ORIENTED_EDGE('',*,*,#2709,.T.);
#4245 = ORIENTED_EDGE('',*,*,#4165,.T.);
#4246 = ORIENTED_EDGE('',*,*,#4247,.F.);
#4247 = EDGE_CURVE('',#4221,#4166,#4248,.T.);
#4248 = LINE('',#4249,#4250);
#4249 = CARTESIAN_POINT('',(-0.32,-5.24,-3.));
#4250 = VECTOR('',#4251,1.);
#4251 = DIRECTION('',(1.,0.,0.));
#4252 = PLANE('',#4253);
#4253 = AXIS2_PLACEMENT_3D('',#4254,#4255,#4256);
#4254 = CARTESIAN_POINT('',(-0.32,-5.32,-2.92));
#4255 = DIRECTION('',(1.735167508357E-18,-0.707106781187,-0.707106781187
    ));
#4256 = DIRECTION('',(-1.,-1.226948711654E-18,-1.226948711654E-18));
#4257 = ADVANCED_FACE('',(#4258),#4283,.F.);
#4258 = FACE_BOUND('',#4259,.T.);
#4259 = EDGE_LOOP('',(#4260,#4268,#4269,#4277));
#4260 = ORIENTED_EDGE('',*,*,#4261,.F.);
#4261 = EDGE_CURVE('',#2734,#4262,#4264,.T.);
#4262 = VERTEX_POINT('',#4263);
#4263 = CARTESIAN_POINT('',(-0.16,0.16,-3.));
#4264 = LINE('',#4265,#4266);
#4265 = CARTESIAN_POINT('',(-0.16,0.16,-3.));
#4266 = VECTOR('',#4267,1.);
#4267 = DIRECTION('',(0.57735026919,-0.57735026919,-0.57735026919));
#4268 = ORIENTED_EDGE('',*,*,#2733,.T.);
#4269 = ORIENTED_EDGE('',*,*,#4270,.T.);
#4270 = EDGE_CURVE('',#2726,#4271,#4273,.T.);
#4271 = VERTEX_POINT('',#4272);
#4272 = CARTESIAN_POINT('',(0.16,0.16,-3.));
#4273 = LINE('',#4274,#4275);
#4274 = CARTESIAN_POINT('',(5.333333333333E-02,5.333333333333E-02,
    -3.106666666667));
#4275 = VECTOR('',#4276,1.);
#4276 = DIRECTION('',(-0.57735026919,-0.57735026919,-0.57735026919));
#4277 = ORIENTED_EDGE('',*,*,#4278,.F.);
#4278 = EDGE_CURVE('',#4262,#4271,#4279,.T.);
#4279 = LINE('',#4280,#4281);
#4280 = CARTESIAN_POINT('',(-0.32,0.16,-3.));
#4281 = VECTOR('',#4282,1.);
#4282 = DIRECTION('',(1.,0.,0.));
#4283 = PLANE('',#4284);
#4284 = AXIS2_PLACEMENT_3D('',#4285,#4286,#4287);
#4285 = CARTESIAN_POINT('',(-0.32,0.24,-2.92));
#4286 = DIRECTION('',(-1.735167508357E-18,-0.707106781187,0.707106781187
    ));
#4287 = DIRECTION('',(-1.,1.226948711654E-18,-1.226948711654E-18));
#4288 = ADVANCED_FACE('',(#4289),#4307,.T.);
#4289 = FACE_BOUND('',#4290,.T.);
#4290 = EDGE_LOOP('',(#4291,#4299,#4300,#4301));
#4291 = ORIENTED_EDGE('',*,*,#4292,.F.);
#4292 = EDGE_CURVE('',#2757,#4293,#4295,.T.);
#4293 = VERTEX_POINT('',#4294);
#4294 = CARTESIAN_POINT('',(-0.16,-0.16,-3.));
#4295 = LINE('',#4296,#4297);
#4296 = CARTESIAN_POINT('',(-0.266666666667,-0.266666666667,
    -2.893333333333));
#4297 = VECTOR('',#4298,1.);
#4298 = DIRECTION('',(0.57735026919,0.57735026919,-0.57735026919));
#4299 = ORIENTED_EDGE('',*,*,#2764,.T.);
#4300 = ORIENTED_EDGE('',*,*,#4261,.T.);
#4301 = ORIENTED_EDGE('',*,*,#4302,.F.);
#4302 = EDGE_CURVE('',#4293,#4262,#4303,.T.);
#4303 = LINE('',#4304,#4305);
#4304 = CARTESIAN_POINT('',(-0.16,-0.32,-3.));
#4305 = VECTOR('',#4306,1.);
#4306 = DIRECTION('',(0.,1.,0.));
#4307 = PLANE('',#4308);
#4308 = AXIS2_PLACEMENT_3D('',#4309,#4310,#4311);
#4309 = CARTESIAN_POINT('',(-0.24,-0.32,-2.92));
#4310 = DIRECTION('',(-0.707106781187,-1.735167508357E-18,
    -0.707106781187));
#4311 = DIRECTION('',(-1.226948711654E-18,1.,-1.226948711654E-18));
#4312 = ADVANCED_FACE('',(#4313),#4331,.T.);
#4313 = FACE_BOUND('',#4314,.F.);
#4314 = EDGE_LOOP('',(#4315,#4316,#4317,#4325));
#4315 = ORIENTED_EDGE('',*,*,#4292,.F.);
#4316 = ORIENTED_EDGE('',*,*,#2788,.T.);
#4317 = ORIENTED_EDGE('',*,*,#4318,.T.);
#4318 = EDGE_CURVE('',#2781,#4319,#4321,.T.);
#4319 = VERTEX_POINT('',#4320);
#4320 = CARTESIAN_POINT('',(0.16,-0.16,-3.));
#4321 = LINE('',#4322,#4323);
#4322 = CARTESIAN_POINT('',(0.16,-0.16,-3.));
#4323 = VECTOR('',#4324,1.);
#4324 = DIRECTION('',(-0.57735026919,0.57735026919,-0.57735026919));
#4325 = ORIENTED_EDGE('',*,*,#4326,.F.);
#4326 = EDGE_CURVE('',#4293,#4319,#4327,.T.);
#4327 = LINE('',#4328,#4329);
#4328 = CARTESIAN_POINT('',(-0.32,-0.16,-3.));
#4329 = VECTOR('',#4330,1.);
#4330 = DIRECTION('',(1.,0.,0.));
#4331 = PLANE('',#4332);
#4332 = AXIS2_PLACEMENT_3D('',#4333,#4334,#4335);
#4333 = CARTESIAN_POINT('',(-0.32,-0.24,-2.92));
#4334 = DIRECTION('',(1.735167508357E-18,-0.707106781187,-0.707106781187
    ));
#4335 = DIRECTION('',(-1.,-1.226948711654E-18,-1.226948711654E-18));
#4336 = ADVANCED_FACE('',(#4337),#4348,.F.);
#4337 = FACE_BOUND('',#4338,.F.);
#4338 = EDGE_LOOP('',(#4339,#4340,#4341,#4342));
#4339 = ORIENTED_EDGE('',*,*,#4318,.F.);
#4340 = ORIENTED_EDGE('',*,*,#2805,.T.);
#4341 = ORIENTED_EDGE('',*,*,#4270,.T.);
#4342 = ORIENTED_EDGE('',*,*,#4343,.F.);
#4343 = EDGE_CURVE('',#4319,#4271,#4344,.T.);
#4344 = LINE('',#4345,#4346);
#4345 = CARTESIAN_POINT('',(0.16,-0.32,-3.));
#4346 = VECTOR('',#4347,1.);
#4347 = DIRECTION('',(0.,1.,0.));
#4348 = PLANE('',#4349);
#4349 = AXIS2_PLACEMENT_3D('',#4350,#4351,#4352);
#4350 = CARTESIAN_POINT('',(0.24,-0.32,-2.92));
#4351 = DIRECTION('',(-0.707106781187,1.735167508357E-18,0.707106781187)
  );
#4352 = DIRECTION('',(1.226948711654E-18,1.,-1.226948711654E-18));
#4353 = ADVANCED_FACE('',(#4354),#4379,.F.);
#4354 = FACE_BOUND('',#4355,.F.);
#4355 = EDGE_LOOP('',(#4356,#4364,#4365,#4373));
#4356 = ORIENTED_EDGE('',*,*,#4357,.F.);
#4357 = EDGE_CURVE('',#2822,#4358,#4360,.T.);
#4358 = VERTEX_POINT('',#4359);
#4359 = CARTESIAN_POINT('',(0.16,-2.7,-3.));
#4360 = LINE('',#4361,#4362);
#4361 = CARTESIAN_POINT('',(0.16,-2.7,-3.));
#4362 = VECTOR('',#4363,1.);
#4363 = DIRECTION('',(-0.57735026919,0.57735026919,-0.57735026919));
#4364 = ORIENTED_EDGE('',*,*,#2829,.T.);
#4365 = ORIENTED_EDGE('',*,*,#4366,.T.);
#4366 = EDGE_CURVE('',#2830,#4367,#4369,.T.);
#4367 = VERTEX_POINT('',#4368);
#4368 = CARTESIAN_POINT('',(0.16,-2.38,-3.));
#4369 = LINE('',#4370,#4371);
#4370 = CARTESIAN_POINT('',(5.333333333333E-02,-2.486666666667,
    -3.106666666667));
#4371 = VECTOR('',#4372,1.);
#4372 = DIRECTION('',(-0.57735026919,-0.57735026919,-0.57735026919));
#4373 = ORIENTED_EDGE('',*,*,#4374,.F.);
#4374 = EDGE_CURVE('',#4358,#4367,#4375,.T.);
#4375 = LINE('',#4376,#4377);
#4376 = CARTESIAN_POINT('',(0.16,-2.86,-3.));
#4377 = VECTOR('',#4378,1.);
#4378 = DIRECTION('',(0.,1.,0.));
#4379 = PLANE('',#4380);
#4380 = AXIS2_PLACEMENT_3D('',#4381,#4382,#4383);
#4381 = CARTESIAN_POINT('',(0.24,-2.86,-2.92));
#4382 = DIRECTION('',(-0.707106781187,1.735167508357E-18,0.707106781187)
  );
#4383 = DIRECTION('',(1.226948711654E-18,1.,-1.226948711654E-18));
#4384 = ADVANCED_FACE('',(#4385),#4403,.F.);
#4385 = FACE_BOUND('',#4386,.T.);
#4386 = EDGE_LOOP('',(#4387,#4395,#4396,#4397));
#4387 = ORIENTED_EDGE('',*,*,#4388,.F.);
#4388 = EDGE_CURVE('',#2854,#4389,#4391,.T.);
#4389 = VERTEX_POINT('',#4390);
#4390 = CARTESIAN_POINT('',(-0.16,-2.38,-3.));
#4391 = LINE('',#4392,#4393);
#4392 = CARTESIAN_POINT('',(-0.16,-2.38,-3.));
#4393 = VECTOR('',#4394,1.);
#4394 = DIRECTION('',(0.57735026919,-0.57735026919,-0.57735026919));
#4395 = ORIENTED_EDGE('',*,*,#2853,.T.);
#4396 = ORIENTED_EDGE('',*,*,#4366,.T.);
#4397 = ORIENTED_EDGE('',*,*,#4398,.F.);
#4398 = EDGE_CURVE('',#4389,#4367,#4399,.T.);
#4399 = LINE('',#4400,#4401);
#4400 = CARTESIAN_POINT('',(-0.32,-2.38,-3.));
#4401 = VECTOR('',#4402,1.);
#4402 = DIRECTION('',(1.,0.,0.));
#4403 = PLANE('',#4404);
#4404 = AXIS2_PLACEMENT_3D('',#4405,#4406,#4407);
#4405 = CARTESIAN_POINT('',(-0.32,-2.3,-2.92));
#4406 = DIRECTION('',(-1.735167508357E-18,-0.707106781187,0.707106781187
    ));
#4407 = DIRECTION('',(-1.,1.226948711654E-18,-1.226948711654E-18));
#4408 = ADVANCED_FACE('',(#4409),#4427,.T.);
#4409 = FACE_BOUND('',#4410,.T.);
#4410 = EDGE_LOOP('',(#4411,#4419,#4420,#4421));
#4411 = ORIENTED_EDGE('',*,*,#4412,.F.);
#4412 = EDGE_CURVE('',#2877,#4413,#4415,.T.);
#4413 = VERTEX_POINT('',#4414);
#4414 = CARTESIAN_POINT('',(-0.16,-2.7,-3.));
#4415 = LINE('',#4416,#4417);
#4416 = CARTESIAN_POINT('',(-0.266666666667,-2.806666666667,
    -2.893333333333));
#4417 = VECTOR('',#4418,1.);
#4418 = DIRECTION('',(0.57735026919,0.57735026919,-0.57735026919));
#4419 = ORIENTED_EDGE('',*,*,#2884,.T.);
#4420 = ORIENTED_EDGE('',*,*,#4388,.T.);
#4421 = ORIENTED_EDGE('',*,*,#4422,.F.);
#4422 = EDGE_CURVE('',#4413,#4389,#4423,.T.);
#4423 = LINE('',#4424,#4425);
#4424 = CARTESIAN_POINT('',(-0.16,-2.86,-3.));
#4425 = VECTOR('',#4426,1.);
#4426 = DIRECTION('',(0.,1.,0.));
#4427 = PLANE('',#4428);
#4428 = AXIS2_PLACEMENT_3D('',#4429,#4430,#4431);
#4429 = CARTESIAN_POINT('',(-0.24,-2.86,-2.92));
#4430 = DIRECTION('',(-0.707106781187,-1.735167508357E-18,
    -0.707106781187));
#4431 = DIRECTION('',(-1.226948711654E-18,1.,-1.226948711654E-18));
#4432 = ADVANCED_FACE('',(#4433),#4444,.T.);
#4433 = FACE_BOUND('',#4434,.F.);
#4434 = EDGE_LOOP('',(#4435,#4436,#4437,#4438));
#4435 = ORIENTED_EDGE('',*,*,#4412,.F.);
#4436 = ORIENTED_EDGE('',*,*,#2901,.T.);
#4437 = ORIENTED_EDGE('',*,*,#4357,.T.);
#4438 = ORIENTED_EDGE('',*,*,#4439,.F.);
#4439 = EDGE_CURVE('',#4413,#4358,#4440,.T.);
#4440 = LINE('',#4441,#4442);
#4441 = CARTESIAN_POINT('',(-0.32,-2.7,-3.));
#4442 = VECTOR('',#4443,1.);
#4443 = DIRECTION('',(1.,0.,0.));
#4444 = PLANE('',#4445);
#4445 = AXIS2_PLACEMENT_3D('',#4446,#4447,#4448);
#4446 = CARTESIAN_POINT('',(-0.32,-2.78,-2.92));
#4447 = DIRECTION('',(1.735167508357E-18,-0.707106781187,-0.707106781187
    ));
#4448 = DIRECTION('',(-1.,-1.226948711654E-18,-1.226948711654E-18));
#4449 = ADVANCED_FACE('',(#4450),#4475,.F.);
#4450 = FACE_BOUND('',#4451,.T.);
#4451 = EDGE_LOOP('',(#4452,#4460,#4461,#4469));
#4452 = ORIENTED_EDGE('',*,*,#4453,.F.);
#4453 = EDGE_CURVE('',#2926,#4454,#4456,.T.);
#4454 = VERTEX_POINT('',#4455);
#4455 = CARTESIAN_POINT('',(2.38,0.16,-3.));
#4456 = LINE('',#4457,#4458);
#4457 = CARTESIAN_POINT('',(2.38,0.16,-3.));
#4458 = VECTOR('',#4459,1.);
#4459 = DIRECTION('',(0.57735026919,-0.57735026919,-0.57735026919));
#4460 = ORIENTED_EDGE('',*,*,#2925,.T.);
#4461 = ORIENTED_EDGE('',*,*,#4462,.T.);
#4462 = EDGE_CURVE('',#2918,#4463,#4465,.T.);
#4463 = VERTEX_POINT('',#4464);
#4464 = CARTESIAN_POINT('',(2.7,0.16,-3.));
#4465 = LINE('',#4466,#4467);
#4466 = CARTESIAN_POINT('',(2.593333333333,5.333333333333E-02,
    -3.106666666667));
#4467 = VECTOR('',#4468,1.);
#4468 = DIRECTION('',(-0.57735026919,-0.57735026919,-0.57735026919));
#4469 = ORIENTED_EDGE('',*,*,#4470,.F.);
#4470 = EDGE_CURVE('',#4454,#4463,#4471,.T.);
#4471 = LINE('',#4472,#4473);
#4472 = CARTESIAN_POINT('',(2.22,0.16,-3.));
#4473 = VECTOR('',#4474,1.);
#4474 = DIRECTION('',(1.,0.,0.));
#4475 = PLANE('',#4476);
#4476 = AXIS2_PLACEMENT_3D('',#4477,#4478,#4479);
#4477 = CARTESIAN_POINT('',(2.22,0.24,-2.92));
#4478 = DIRECTION('',(-1.735167508357E-18,-0.707106781187,0.707106781187
    ));
#4479 = DIRECTION('',(-1.,1.226948711654E-18,-1.226948711654E-18));
#4480 = ADVANCED_FACE('',(#4481),#4499,.T.);
#4481 = FACE_BOUND('',#4482,.T.);
#4482 = EDGE_LOOP('',(#4483,#4491,#4492,#4493));
#4483 = ORIENTED_EDGE('',*,*,#4484,.F.);
#4484 = EDGE_CURVE('',#2949,#4485,#4487,.T.);
#4485 = VERTEX_POINT('',#4486);
#4486 = CARTESIAN_POINT('',(2.38,-0.16,-3.));
#4487 = LINE('',#4488,#4489);
#4488 = CARTESIAN_POINT('',(2.273333333333,-0.266666666667,
    -2.893333333333));
#4489 = VECTOR('',#4490,1.);
#4490 = DIRECTION('',(0.57735026919,0.57735026919,-0.57735026919));
#4491 = ORIENTED_EDGE('',*,*,#2956,.T.);
#4492 = ORIENTED_EDGE('',*,*,#4453,.T.);
#4493 = ORIENTED_EDGE('',*,*,#4494,.F.);
#4494 = EDGE_CURVE('',#4485,#4454,#4495,.T.);
#4495 = LINE('',#4496,#4497);
#4496 = CARTESIAN_POINT('',(2.38,-0.32,-3.));
#4497 = VECTOR('',#4498,1.);
#4498 = DIRECTION('',(0.,1.,0.));
#4499 = PLANE('',#4500);
#4500 = AXIS2_PLACEMENT_3D('',#4501,#4502,#4503);
#4501 = CARTESIAN_POINT('',(2.3,-0.32,-2.92));
#4502 = DIRECTION('',(-0.707106781187,-1.735167508357E-18,
    -0.707106781187));
#4503 = DIRECTION('',(-1.226948711654E-18,1.,-1.226948711654E-18));
#4504 = ADVANCED_FACE('',(#4505),#4523,.T.);
#4505 = FACE_BOUND('',#4506,.F.);
#4506 = EDGE_LOOP('',(#4507,#4508,#4509,#4517));
#4507 = ORIENTED_EDGE('',*,*,#4484,.F.);
#4508 = ORIENTED_EDGE('',*,*,#2980,.T.);
#4509 = ORIENTED_EDGE('',*,*,#4510,.T.);
#4510 = EDGE_CURVE('',#2973,#4511,#4513,.T.);
#4511 = VERTEX_POINT('',#4512);
#4512 = CARTESIAN_POINT('',(2.7,-0.16,-3.));
#4513 = LINE('',#4514,#4515);
#4514 = CARTESIAN_POINT('',(2.7,-0.16,-3.));
#4515 = VECTOR('',#4516,1.);
#4516 = DIRECTION('',(-0.57735026919,0.57735026919,-0.57735026919));
#4517 = ORIENTED_EDGE('',*,*,#4518,.F.);
#4518 = EDGE_CURVE('',#4485,#4511,#4519,.T.);
#4519 = LINE('',#4520,#4521);
#4520 = CARTESIAN_POINT('',(2.22,-0.16,-3.));
#4521 = VECTOR('',#4522,1.);
#4522 = DIRECTION('',(1.,0.,0.));
#4523 = PLANE('',#4524);
#4524 = AXIS2_PLACEMENT_3D('',#4525,#4526,#4527);
#4525 = CARTESIAN_POINT('',(2.22,-0.24,-2.92));
#4526 = DIRECTION('',(1.735167508357E-18,-0.707106781187,-0.707106781187
    ));
#4527 = DIRECTION('',(-1.,-1.226948711654E-18,-1.226948711654E-18));
#4528 = ADVANCED_FACE('',(#4529),#4540,.F.);
#4529 = FACE_BOUND('',#4530,.F.);
#4530 = EDGE_LOOP('',(#4531,#4532,#4533,#4534));
#4531 = ORIENTED_EDGE('',*,*,#4510,.F.);
#4532 = ORIENTED_EDGE('',*,*,#2997,.T.);
#4533 = ORIENTED_EDGE('',*,*,#4462,.T.);
#4534 = ORIENTED_EDGE('',*,*,#4535,.F.);
#4535 = EDGE_CURVE('',#4511,#4463,#4536,.T.);
#4536 = LINE('',#4537,#4538);
#4537 = CARTESIAN_POINT('',(2.7,-0.32,-3.));
#4538 = VECTOR('',#4539,1.);
#4539 = DIRECTION('',(0.,1.,0.));
#4540 = PLANE('',#4541);
#4541 = AXIS2_PLACEMENT_3D('',#4542,#4543,#4544);
#4542 = CARTESIAN_POINT('',(2.78,-0.32,-2.92));
#4543 = DIRECTION('',(-0.707106781187,1.735167508357E-18,0.707106781187)
  );
#4544 = DIRECTION('',(1.226948711654E-18,1.,-1.226948711654E-18));
#4545 = ADVANCED_FACE('',(#4546),#4571,.F.);
#4546 = FACE_BOUND('',#4547,.T.);
#4547 = EDGE_LOOP('',(#4548,#4556,#4557,#4565));
#4548 = ORIENTED_EDGE('',*,*,#4549,.F.);
#4549 = EDGE_CURVE('',#3022,#4550,#4552,.T.);
#4550 = VERTEX_POINT('',#4551);
#4551 = CARTESIAN_POINT('',(2.38,-2.38,-3.));
#4552 = LINE('',#4553,#4554);
#4553 = CARTESIAN_POINT('',(2.38,-2.38,-3.));
#4554 = VECTOR('',#4555,1.);
#4555 = DIRECTION('',(0.57735026919,-0.57735026919,-0.57735026919));
#4556 = ORIENTED_EDGE('',*,*,#3021,.T.);
#4557 = ORIENTED_EDGE('',*,*,#4558,.T.);
#4558 = EDGE_CURVE('',#3014,#4559,#4561,.T.);
#4559 = VERTEX_POINT('',#4560);
#4560 = CARTESIAN_POINT('',(2.7,-2.38,-3.));
#4561 = LINE('',#4562,#4563);
#4562 = CARTESIAN_POINT('',(2.593333333333,-2.486666666667,
    -3.106666666667));
#4563 = VECTOR('',#4564,1.);
#4564 = DIRECTION('',(-0.57735026919,-0.57735026919,-0.57735026919));
#4565 = ORIENTED_EDGE('',*,*,#4566,.F.);
#4566 = EDGE_CURVE('',#4550,#4559,#4567,.T.);
#4567 = LINE('',#4568,#4569);
#4568 = CARTESIAN_POINT('',(2.22,-2.38,-3.));
#4569 = VECTOR('',#4570,1.);
#4570 = DIRECTION('',(1.,0.,0.));
#4571 = PLANE('',#4572);
#4572 = AXIS2_PLACEMENT_3D('',#4573,#4574,#4575);
#4573 = CARTESIAN_POINT('',(2.22,-2.3,-2.92));
#4574 = DIRECTION('',(-1.735167508357E-18,-0.707106781187,0.707106781187
    ));
#4575 = DIRECTION('',(-1.,1.226948711654E-18,-1.226948711654E-18));
#4576 = ADVANCED_FACE('',(#4577),#4595,.T.);
#4577 = FACE_BOUND('',#4578,.T.);
#4578 = EDGE_LOOP('',(#4579,#4587,#4588,#4589));
#4579 = ORIENTED_EDGE('',*,*,#4580,.F.);
#4580 = EDGE_CURVE('',#3045,#4581,#4583,.T.);
#4581 = VERTEX_POINT('',#4582);
#4582 = CARTESIAN_POINT('',(2.38,-2.7,-3.));
#4583 = LINE('',#4584,#4585);
#4584 = CARTESIAN_POINT('',(2.273333333333,-2.806666666667,
    -2.893333333333));
#4585 = VECTOR('',#4586,1.);
#4586 = DIRECTION('',(0.57735026919,0.57735026919,-0.57735026919));
#4587 = ORIENTED_EDGE('',*,*,#3052,.T.);
#4588 = ORIENTED_EDGE('',*,*,#4549,.T.);
#4589 = ORIENTED_EDGE('',*,*,#4590,.F.);
#4590 = EDGE_CURVE('',#4581,#4550,#4591,.T.);
#4591 = LINE('',#4592,#4593);
#4592 = CARTESIAN_POINT('',(2.38,-2.86,-3.));
#4593 = VECTOR('',#4594,1.);
#4594 = DIRECTION('',(0.,1.,0.));
#4595 = PLANE('',#4596);
#4596 = AXIS2_PLACEMENT_3D('',#4597,#4598,#4599);
#4597 = CARTESIAN_POINT('',(2.3,-2.86,-2.92));
#4598 = DIRECTION('',(-0.707106781187,-1.735167508357E-18,
    -0.707106781187));
#4599 = DIRECTION('',(-1.226948711654E-18,1.,-1.226948711654E-18));
#4600 = ADVANCED_FACE('',(#4601),#4619,.T.);
#4601 = FACE_BOUND('',#4602,.F.);
#4602 = EDGE_LOOP('',(#4603,#4604,#4605,#4613));
#4603 = ORIENTED_EDGE('',*,*,#4580,.F.);
#4604 = ORIENTED_EDGE('',*,*,#3076,.T.);
#4605 = ORIENTED_EDGE('',*,*,#4606,.T.);
#4606 = EDGE_CURVE('',#3069,#4607,#4609,.T.);
#4607 = VERTEX_POINT('',#4608);
#4608 = CARTESIAN_POINT('',(2.7,-2.7,-3.));
#4609 = LINE('',#4610,#4611);
#4610 = CARTESIAN_POINT('',(2.7,-2.7,-3.));
#4611 = VECTOR('',#4612,1.);
#4612 = DIRECTION('',(-0.57735026919,0.57735026919,-0.57735026919));
#4613 = ORIENTED_EDGE('',*,*,#4614,.F.);
#4614 = EDGE_CURVE('',#4581,#4607,#4615,.T.);
#4615 = LINE('',#4616,#4617);
#4616 = CARTESIAN_POINT('',(2.22,-2.7,-3.));
#4617 = VECTOR('',#4618,1.);
#4618 = DIRECTION('',(1.,0.,0.));
#4619 = PLANE('',#4620);
#4620 = AXIS2_PLACEMENT_3D('',#4621,#4622,#4623);
#4621 = CARTESIAN_POINT('',(2.22,-2.78,-2.92));
#4622 = DIRECTION('',(1.735167508357E-18,-0.707106781187,-0.707106781187
    ));
#4623 = DIRECTION('',(-1.,-1.226948711654E-18,-1.226948711654E-18));
#4624 = ADVANCED_FACE('',(#4625),#4636,.F.);
#4625 = FACE_BOUND('',#4626,.F.);
#4626 = EDGE_LOOP('',(#4627,#4628,#4629,#4630));
#4627 = ORIENTED_EDGE('',*,*,#4606,.F.);
#4628 = ORIENTED_EDGE('',*,*,#3093,.T.);
#4629 = ORIENTED_EDGE('',*,*,#4558,.T.);
#4630 = ORIENTED_EDGE('',*,*,#4631,.F.);
#4631 = EDGE_CURVE('',#4607,#4559,#4632,.T.);
#4632 = LINE('',#4633,#4634);
#4633 = CARTESIAN_POINT('',(2.7,-2.86,-3.));
#4634 = VECTOR('',#4635,1.);
#4635 = DIRECTION('',(0.,1.,0.));
#4636 = PLANE('',#4637);
#4637 = AXIS2_PLACEMENT_3D('',#4638,#4639,#4640);
#4638 = CARTESIAN_POINT('',(2.78,-2.86,-2.92));
#4639 = DIRECTION('',(-0.707106781187,1.735167508357E-18,0.707106781187)
  );
#4640 = DIRECTION('',(1.226948711654E-18,1.,-1.226948711654E-18));
#4641 = ADVANCED_FACE('',(#4642),#4667,.T.);
#4642 = FACE_BOUND('',#4643,.F.);
#4643 = EDGE_LOOP('',(#4644,#4652,#4653,#4661));
#4644 = ORIENTED_EDGE('',*,*,#4645,.F.);
#4645 = EDGE_CURVE('',#3118,#4646,#4648,.T.);
#4646 = VERTEX_POINT('',#4647);
#4647 = CARTESIAN_POINT('',(-0.16,-7.78,-3.));
#4648 = LINE('',#4649,#4650);
#4649 = CARTESIAN_POINT('',(-0.266666666667,-7.886666666667,
    -2.893333333333));
#4650 = VECTOR('',#4651,1.);
#4651 = DIRECTION('',(0.57735026919,0.57735026919,-0.57735026919));
#4652 = ORIENTED_EDGE('',*,*,#3117,.T.);
#4653 = ORIENTED_EDGE('',*,*,#4654,.T.);
#4654 = EDGE_CURVE('',#3110,#4655,#4657,.T.);
#4655 = VERTEX_POINT('',#4656);
#4656 = CARTESIAN_POINT('',(0.16,-7.78,-3.));
#4657 = LINE('',#4658,#4659);
#4658 = CARTESIAN_POINT('',(0.16,-7.78,-3.));
#4659 = VECTOR('',#4660,1.);
#4660 = DIRECTION('',(-0.57735026919,0.57735026919,-0.57735026919));
#4661 = ORIENTED_EDGE('',*,*,#4662,.F.);
#4662 = EDGE_CURVE('',#4646,#4655,#4663,.T.);
#4663 = LINE('',#4664,#4665);
#4664 = CARTESIAN_POINT('',(-0.32,-7.78,-3.));
#4665 = VECTOR('',#4666,1.);
#4666 = DIRECTION('',(1.,0.,0.));
#4667 = PLANE('',#4668);
#4668 = AXIS2_PLACEMENT_3D('',#4669,#4670,#4671);
#4669 = CARTESIAN_POINT('',(-0.32,-7.86,-2.92));
#4670 = DIRECTION('',(1.735167508357E-18,-0.707106781187,-0.707106781187
    ));
#4671 = DIRECTION('',(-1.,-1.226948711654E-18,-1.226948711654E-18));
#4672 = ADVANCED_FACE('',(#4673),#4691,.F.);
#4673 = FACE_BOUND('',#4674,.F.);
#4674 = EDGE_LOOP('',(#4675,#4676,#4677,#4685));
#4675 = ORIENTED_EDGE('',*,*,#4654,.F.);
#4676 = ORIENTED_EDGE('',*,*,#3141,.T.);
#4677 = ORIENTED_EDGE('',*,*,#4678,.T.);
#4678 = EDGE_CURVE('',#3142,#4679,#4681,.T.);
#4679 = VERTEX_POINT('',#4680);
#4680 = CARTESIAN_POINT('',(0.16,-7.46,-3.));
#4681 = LINE('',#4682,#4683);
#4682 = CARTESIAN_POINT('',(5.333333333333E-02,-7.566666666667,
    -3.106666666667));
#4683 = VECTOR('',#4684,1.);
#4684 = DIRECTION('',(-0.57735026919,-0.57735026919,-0.57735026919));
#4685 = ORIENTED_EDGE('',*,*,#4686,.F.);
#4686 = EDGE_CURVE('',#4655,#4679,#4687,.T.);
#4687 = LINE('',#4688,#4689);
#4688 = CARTESIAN_POINT('',(0.16,-7.94,-3.));
#4689 = VECTOR('',#4690,1.);
#4690 = DIRECTION('',(0.,1.,0.));
#4691 = PLANE('',#4692);
#4692 = AXIS2_PLACEMENT_3D('',#4693,#4694,#4695);
#4693 = CARTESIAN_POINT('',(0.24,-7.94,-2.92));
#4694 = DIRECTION('',(-0.707106781187,1.735167508357E-18,0.707106781187)
  );
#4695 = DIRECTION('',(1.226948711654E-18,1.,-1.226948711654E-18));
#4696 = ADVANCED_FACE('',(#4697),#4715,.F.);
#4697 = FACE_BOUND('',#4698,.T.);
#4698 = EDGE_LOOP('',(#4699,#4707,#4708,#4709));
#4699 = ORIENTED_EDGE('',*,*,#4700,.F.);
#4700 = EDGE_CURVE('',#3166,#4701,#4703,.T.);
#4701 = VERTEX_POINT('',#4702);
#4702 = CARTESIAN_POINT('',(-0.16,-7.46,-3.));
#4703 = LINE('',#4704,#4705);
#4704 = CARTESIAN_POINT('',(-0.16,-7.46,-3.));
#4705 = VECTOR('',#4706,1.);
#4706 = DIRECTION('',(0.57735026919,-0.57735026919,-0.57735026919));
#4707 = ORIENTED_EDGE('',*,*,#3165,.T.);
#4708 = ORIENTED_EDGE('',*,*,#4678,.T.);
#4709 = ORIENTED_EDGE('',*,*,#4710,.F.);
#4710 = EDGE_CURVE('',#4701,#4679,#4711,.T.);
#4711 = LINE('',#4712,#4713);
#4712 = CARTESIAN_POINT('',(-0.32,-7.46,-3.));
#4713 = VECTOR('',#4714,1.);
#4714 = DIRECTION('',(1.,0.,0.));
#4715 = PLANE('',#4716);
#4716 = AXIS2_PLACEMENT_3D('',#4717,#4718,#4719);
#4717 = CARTESIAN_POINT('',(-0.32,-7.38,-2.92));
#4718 = DIRECTION('',(-1.735167508357E-18,-0.707106781187,0.707106781187
    ));
#4719 = DIRECTION('',(-1.,1.226948711654E-18,-1.226948711654E-18));
#4720 = ADVANCED_FACE('',(#4721),#4732,.T.);
#4721 = FACE_BOUND('',#4722,.T.);
#4722 = EDGE_LOOP('',(#4723,#4724,#4725,#4726));
#4723 = ORIENTED_EDGE('',*,*,#4645,.F.);
#4724 = ORIENTED_EDGE('',*,*,#3189,.T.);
#4725 = ORIENTED_EDGE('',*,*,#4700,.T.);
#4726 = ORIENTED_EDGE('',*,*,#4727,.F.);
#4727 = EDGE_CURVE('',#4646,#4701,#4728,.T.);
#4728 = LINE('',#4729,#4730);
#4729 = CARTESIAN_POINT('',(-0.16,-7.94,-3.));
#4730 = VECTOR('',#4731,1.);
#4731 = DIRECTION('',(0.,1.,0.));
#4732 = PLANE('',#4733);
#4733 = AXIS2_PLACEMENT_3D('',#4734,#4735,#4736);
#4734 = CARTESIAN_POINT('',(-0.24,-7.94,-2.92));
#4735 = DIRECTION('',(-0.707106781187,-1.735167508357E-18,
    -0.707106781187));
#4736 = DIRECTION('',(-1.226948711654E-18,1.,-1.226948711654E-18));
#4737 = ADVANCED_FACE('',(#4738),#4763,.F.);
#4738 = FACE_BOUND('',#4739,.T.);
#4739 = EDGE_LOOP('',(#4740,#4748,#4749,#4757));
#4740 = ORIENTED_EDGE('',*,*,#4741,.F.);
#4741 = EDGE_CURVE('',#3214,#4742,#4744,.T.);
#4742 = VERTEX_POINT('',#4743);
#4743 = CARTESIAN_POINT('',(2.38,-7.46,-3.));
#4744 = LINE('',#4745,#4746);
#4745 = CARTESIAN_POINT('',(2.38,-7.46,-3.));
#4746 = VECTOR('',#4747,1.);
#4747 = DIRECTION('',(0.57735026919,-0.57735026919,-0.57735026919));
#4748 = ORIENTED_EDGE('',*,*,#3213,.T.);
#4749 = ORIENTED_EDGE('',*,*,#4750,.T.);
#4750 = EDGE_CURVE('',#3206,#4751,#4753,.T.);
#4751 = VERTEX_POINT('',#4752);
#4752 = CARTESIAN_POINT('',(2.7,-7.46,-3.));
#4753 = LINE('',#4754,#4755);
#4754 = CARTESIAN_POINT('',(2.593333333333,-7.566666666667,
    -3.106666666667));
#4755 = VECTOR('',#4756,1.);
#4756 = DIRECTION('',(-0.57735026919,-0.57735026919,-0.57735026919));
#4757 = ORIENTED_EDGE('',*,*,#4758,.F.);
#4758 = EDGE_CURVE('',#4742,#4751,#4759,.T.);
#4759 = LINE('',#4760,#4761);
#4760 = CARTESIAN_POINT('',(2.22,-7.46,-3.));
#4761 = VECTOR('',#4762,1.);
#4762 = DIRECTION('',(1.,0.,0.));
#4763 = PLANE('',#4764);
#4764 = AXIS2_PLACEMENT_3D('',#4765,#4766,#4767);
#4765 = CARTESIAN_POINT('',(2.22,-7.38,-2.92));
#4766 = DIRECTION('',(-1.735167508357E-18,-0.707106781187,0.707106781187
    ));
#4767 = DIRECTION('',(-1.,1.226948711654E-18,-1.226948711654E-18));
#4768 = ADVANCED_FACE('',(#4769),#4787,.T.);
#4769 = FACE_BOUND('',#4770,.T.);
#4770 = EDGE_LOOP('',(#4771,#4779,#4780,#4781));
#4771 = ORIENTED_EDGE('',*,*,#4772,.F.);
#4772 = EDGE_CURVE('',#3237,#4773,#4775,.T.);
#4773 = VERTEX_POINT('',#4774);
#4774 = CARTESIAN_POINT('',(2.38,-7.78,-3.));
#4775 = LINE('',#4776,#4777);
#4776 = CARTESIAN_POINT('',(2.273333333333,-7.886666666667,
    -2.893333333333));
#4777 = VECTOR('',#4778,1.);
#4778 = DIRECTION('',(0.57735026919,0.57735026919,-0.57735026919));
#4779 = ORIENTED_EDGE('',*,*,#3244,.T.);
#4780 = ORIENTED_EDGE('',*,*,#4741,.T.);
#4781 = ORIENTED_EDGE('',*,*,#4782,.F.);
#4782 = EDGE_CURVE('',#4773,#4742,#4783,.T.);
#4783 = LINE('',#4784,#4785);
#4784 = CARTESIAN_POINT('',(2.38,-7.94,-3.));
#4785 = VECTOR('',#4786,1.);
#4786 = DIRECTION('',(0.,1.,0.));
#4787 = PLANE('',#4788);
#4788 = AXIS2_PLACEMENT_3D('',#4789,#4790,#4791);
#4789 = CARTESIAN_POINT('',(2.3,-7.94,-2.92));
#4790 = DIRECTION('',(-0.707106781187,-1.735167508357E-18,
    -0.707106781187));
#4791 = DIRECTION('',(-1.226948711654E-18,1.,-1.226948711654E-18));
#4792 = ADVANCED_FACE('',(#4793),#4811,.T.);
#4793 = FACE_BOUND('',#4794,.F.);
#4794 = EDGE_LOOP('',(#4795,#4796,#4797,#4805));
#4795 = ORIENTED_EDGE('',*,*,#4772,.F.);
#4796 = ORIENTED_EDGE('',*,*,#3268,.T.);
#4797 = ORIENTED_EDGE('',*,*,#4798,.T.);
#4798 = EDGE_CURVE('',#3261,#4799,#4801,.T.);
#4799 = VERTEX_POINT('',#4800);
#4800 = CARTESIAN_POINT('',(2.7,-7.78,-3.));
#4801 = LINE('',#4802,#4803);
#4802 = CARTESIAN_POINT('',(2.7,-7.78,-3.));
#4803 = VECTOR('',#4804,1.);
#4804 = DIRECTION('',(-0.57735026919,0.57735026919,-0.57735026919));
#4805 = ORIENTED_EDGE('',*,*,#4806,.F.);
#4806 = EDGE_CURVE('',#4773,#4799,#4807,.T.);
#4807 = LINE('',#4808,#4809);
#4808 = CARTESIAN_POINT('',(2.22,-7.78,-3.));
#4809 = VECTOR('',#4810,1.);
#4810 = DIRECTION('',(1.,0.,0.));
#4811 = PLANE('',#4812);
#4812 = AXIS2_PLACEMENT_3D('',#4813,#4814,#4815);
#4813 = CARTESIAN_POINT('',(2.22,-7.86,-2.92));
#4814 = DIRECTION('',(1.735167508357E-18,-0.707106781187,-0.707106781187
    ));
#4815 = DIRECTION('',(-1.,-1.226948711654E-18,-1.226948711654E-18));
#4816 = ADVANCED_FACE('',(#4817),#4828,.F.);
#4817 = FACE_BOUND('',#4818,.F.);
#4818 = EDGE_LOOP('',(#4819,#4820,#4821,#4822));
#4819 = ORIENTED_EDGE('',*,*,#4798,.F.);
#4820 = ORIENTED_EDGE('',*,*,#3285,.T.);
#4821 = ORIENTED_EDGE('',*,*,#4750,.T.);
#4822 = ORIENTED_EDGE('',*,*,#4823,.F.);
#4823 = EDGE_CURVE('',#4799,#4751,#4824,.T.);
#4824 = LINE('',#4825,#4826);
#4825 = CARTESIAN_POINT('',(2.7,-7.94,-3.));
#4826 = VECTOR('',#4827,1.);
#4827 = DIRECTION('',(0.,1.,0.));
#4828 = PLANE('',#4829);
#4829 = AXIS2_PLACEMENT_3D('',#4830,#4831,#4832);
#4830 = CARTESIAN_POINT('',(2.78,-7.94,-2.92));
#4831 = DIRECTION('',(-0.707106781187,1.735167508357E-18,0.707106781187)
  );
#4832 = DIRECTION('',(1.226948711654E-18,1.,-1.226948711654E-18));
#4833 = ADVANCED_FACE('',(#4834),#4859,.T.);
#4834 = FACE_BOUND('',#4835,.F.);
#4835 = EDGE_LOOP('',(#4836,#4844,#4845,#4853));
#4836 = ORIENTED_EDGE('',*,*,#4837,.F.);
#4837 = EDGE_CURVE('',#3311,#4838,#4840,.T.);
#4838 = VERTEX_POINT('',#4839);
#4839 = CARTESIAN_POINT('',(2.38,-4.92,8.54));
#4840 = LINE('',#4841,#4842);
#4841 = CARTESIAN_POINT('',(2.38,-4.92,8.54));
#4842 = VECTOR('',#4843,1.);
#4843 = DIRECTION('',(0.57735026919,-0.57735026919,0.57735026919));
#4844 = ORIENTED_EDGE('',*,*,#3318,.T.);
#4845 = ORIENTED_EDGE('',*,*,#4846,.T.);
#4846 = EDGE_CURVE('',#3302,#4847,#4849,.T.);
#4847 = VERTEX_POINT('',#4848);
#4848 = CARTESIAN_POINT('',(2.7,-4.92,8.54));
#4849 = LINE('',#4850,#4851);
#4850 = CARTESIAN_POINT('',(2.593333333333,-5.026666666667,
    8.646666666667));
#4851 = VECTOR('',#4852,1.);
#4852 = DIRECTION('',(-0.57735026919,-0.57735026919,0.57735026919));
#4853 = ORIENTED_EDGE('',*,*,#4854,.F.);
#4854 = EDGE_CURVE('',#4838,#4847,#4855,.T.);
#4855 = LINE('',#4856,#4857);
#4856 = CARTESIAN_POINT('',(2.22,-4.92,8.54));
#4857 = VECTOR('',#4858,1.);
#4858 = DIRECTION('',(1.,0.,0.));
#4859 = PLANE('',#4860);
#4860 = AXIS2_PLACEMENT_3D('',#4861,#4862,#4863);
#4861 = CARTESIAN_POINT('',(2.22,-4.84,8.46));
#4862 = DIRECTION('',(1.735167508357E-18,0.707106781187,0.707106781187)
  );
#4863 = DIRECTION('',(-1.,1.226948711654E-18,1.226948711654E-18));
#4864 = ADVANCED_FACE('',(#4865),#4883,.F.);
#4865 = FACE_BOUND('',#4866,.F.);
#4866 = EDGE_LOOP('',(#4867,#4875,#4876,#4877));
#4867 = ORIENTED_EDGE('',*,*,#4868,.F.);
#4868 = EDGE_CURVE('',#3333,#4869,#4871,.T.);
#4869 = VERTEX_POINT('',#4870);
#4870 = CARTESIAN_POINT('',(2.38,-5.24,8.54));
#4871 = LINE('',#4872,#4873);
#4872 = CARTESIAN_POINT('',(2.273333333333,-5.346666666667,
    8.433333333333));
#4873 = VECTOR('',#4874,1.);
#4874 = DIRECTION('',(0.57735026919,0.57735026919,0.57735026919));
#4875 = ORIENTED_EDGE('',*,*,#3342,.T.);
#4876 = ORIENTED_EDGE('',*,*,#4837,.T.);
#4877 = ORIENTED_EDGE('',*,*,#4878,.F.);
#4878 = EDGE_CURVE('',#4869,#4838,#4879,.T.);
#4879 = LINE('',#4880,#4881);
#4880 = CARTESIAN_POINT('',(2.38,-5.4,8.54));
#4881 = VECTOR('',#4882,1.);
#4882 = DIRECTION('',(0.,1.,0.));
#4883 = PLANE('',#4884);
#4884 = AXIS2_PLACEMENT_3D('',#4885,#4886,#4887);
#4885 = CARTESIAN_POINT('',(2.3,-5.4,8.46));
#4886 = DIRECTION('',(0.707106781187,1.735167508357E-18,-0.707106781187)
  );
#4887 = DIRECTION('',(-1.226948711654E-18,1.,1.226948711654E-18));
#4888 = ADVANCED_FACE('',(#4889),#4907,.F.);
#4889 = FACE_BOUND('',#4890,.T.);
#4890 = EDGE_LOOP('',(#4891,#4892,#4893,#4901));
#4891 = ORIENTED_EDGE('',*,*,#4868,.F.);
#4892 = ORIENTED_EDGE('',*,*,#3366,.T.);
#4893 = ORIENTED_EDGE('',*,*,#4894,.T.);
#4894 = EDGE_CURVE('',#3357,#4895,#4897,.T.);
#4895 = VERTEX_POINT('',#4896);
#4896 = CARTESIAN_POINT('',(2.7,-5.24,8.54));
#4897 = LINE('',#4898,#4899);
#4898 = CARTESIAN_POINT('',(2.7,-5.24,8.54));
#4899 = VECTOR('',#4900,1.);
#4900 = DIRECTION('',(-0.57735026919,0.57735026919,0.57735026919));
#4901 = ORIENTED_EDGE('',*,*,#4902,.F.);
#4902 = EDGE_CURVE('',#4869,#4895,#4903,.T.);
#4903 = LINE('',#4904,#4905);
#4904 = CARTESIAN_POINT('',(2.22,-5.24,8.54));
#4905 = VECTOR('',#4906,1.);
#4906 = DIRECTION('',(1.,0.,0.));
#4907 = PLANE('',#4908);
#4908 = AXIS2_PLACEMENT_3D('',#4909,#4910,#4911);
#4909 = CARTESIAN_POINT('',(2.22,-5.32,8.46));
#4910 = DIRECTION('',(-1.735167508357E-18,0.707106781187,-0.707106781187
    ));
#4911 = DIRECTION('',(-1.,-1.226948711654E-18,1.226948711654E-18));
#4912 = ADVANCED_FACE('',(#4913),#4924,.T.);
#4913 = FACE_BOUND('',#4914,.T.);
#4914 = EDGE_LOOP('',(#4915,#4916,#4917,#4918));
#4915 = ORIENTED_EDGE('',*,*,#4894,.F.);
#4916 = ORIENTED_EDGE('',*,*,#3383,.T.);
#4917 = ORIENTED_EDGE('',*,*,#4846,.T.);
#4918 = ORIENTED_EDGE('',*,*,#4919,.F.);
#4919 = EDGE_CURVE('',#4895,#4847,#4920,.T.);
#4920 = LINE('',#4921,#4922);
#4921 = CARTESIAN_POINT('',(2.7,-5.4,8.54));
#4922 = VECTOR('',#4923,1.);
#4923 = DIRECTION('',(0.,1.,0.));
#4924 = PLANE('',#4925);
#4925 = AXIS2_PLACEMENT_3D('',#4926,#4927,#4928);
#4926 = CARTESIAN_POINT('',(2.78,-5.4,8.46));
#4927 = DIRECTION('',(0.707106781187,-1.735167508357E-18,0.707106781187)
  );
#4928 = DIRECTION('',(1.226948711654E-18,1.,1.226948711654E-18));
#4929 = ADVANCED_FACE('',(#4930),#4955,.T.);
#4930 = FACE_BOUND('',#4931,.T.);
#4931 = EDGE_LOOP('',(#4932,#4940,#4941,#4949));
#4932 = ORIENTED_EDGE('',*,*,#4933,.F.);
#4933 = EDGE_CURVE('',#3398,#4934,#4936,.T.);
#4934 = VERTEX_POINT('',#4935);
#4935 = CARTESIAN_POINT('',(0.16,-5.24,8.54));
#4936 = LINE('',#4937,#4938);
#4937 = CARTESIAN_POINT('',(0.16,-5.24,8.54));
#4938 = VECTOR('',#4939,1.);
#4939 = DIRECTION('',(-0.57735026919,0.57735026919,0.57735026919));
#4940 = ORIENTED_EDGE('',*,*,#3414,.T.);
#4941 = ORIENTED_EDGE('',*,*,#4942,.T.);
#4942 = EDGE_CURVE('',#3407,#4943,#4945,.T.);
#4943 = VERTEX_POINT('',#4944);
#4944 = CARTESIAN_POINT('',(0.16,-4.92,8.54));
#4945 = LINE('',#4946,#4947);
#4946 = CARTESIAN_POINT('',(5.333333333333E-02,-5.026666666667,
    8.646666666667));
#4947 = VECTOR('',#4948,1.);
#4948 = DIRECTION('',(-0.57735026919,-0.57735026919,0.57735026919));
#4949 = ORIENTED_EDGE('',*,*,#4950,.F.);
#4950 = EDGE_CURVE('',#4934,#4943,#4951,.T.);
#4951 = LINE('',#4952,#4953);
#4952 = CARTESIAN_POINT('',(0.16,-5.4,8.54));
#4953 = VECTOR('',#4954,1.);
#4954 = DIRECTION('',(0.,1.,0.));
#4955 = PLANE('',#4956);
#4956 = AXIS2_PLACEMENT_3D('',#4957,#4958,#4959);
#4957 = CARTESIAN_POINT('',(0.24,-5.4,8.46));
#4958 = DIRECTION('',(0.707106781187,-1.735167508357E-18,0.707106781187)
  );
#4959 = DIRECTION('',(1.226948711654E-18,1.,1.226948711654E-18));
#4960 = ADVANCED_FACE('',(#4961),#4979,.T.);
#4961 = FACE_BOUND('',#4962,.F.);
#4962 = EDGE_LOOP('',(#4963,#4971,#4972,#4973));
#4963 = ORIENTED_EDGE('',*,*,#4964,.F.);
#4964 = EDGE_CURVE('',#3431,#4965,#4967,.T.);
#4965 = VERTEX_POINT('',#4966);
#4966 = CARTESIAN_POINT('',(-0.16,-4.92,8.54));
#4967 = LINE('',#4968,#4969);
#4968 = CARTESIAN_POINT('',(-0.16,-4.92,8.54));
#4969 = VECTOR('',#4970,1.);
#4970 = DIRECTION('',(0.57735026919,-0.57735026919,0.57735026919));
#4971 = ORIENTED_EDGE('',*,*,#3438,.T.);
#4972 = ORIENTED_EDGE('',*,*,#4942,.T.);
#4973 = ORIENTED_EDGE('',*,*,#4974,.F.);
#4974 = EDGE_CURVE('',#4965,#4943,#4975,.T.);
#4975 = LINE('',#4976,#4977);
#4976 = CARTESIAN_POINT('',(-0.32,-4.92,8.54));
#4977 = VECTOR('',#4978,1.);
#4978 = DIRECTION('',(1.,0.,0.));
#4979 = PLANE('',#4980);
#4980 = AXIS2_PLACEMENT_3D('',#4981,#4982,#4983);
#4981 = CARTESIAN_POINT('',(-0.32,-4.84,8.46));
#4982 = DIRECTION('',(1.735167508357E-18,0.707106781187,0.707106781187)
  );
#4983 = DIRECTION('',(-1.,1.226948711654E-18,1.226948711654E-18));
#4984 = ADVANCED_FACE('',(#4985),#5003,.F.);
#4985 = FACE_BOUND('',#4986,.F.);
#4986 = EDGE_LOOP('',(#4987,#4995,#4996,#4997));
#4987 = ORIENTED_EDGE('',*,*,#4988,.F.);
#4988 = EDGE_CURVE('',#3453,#4989,#4991,.T.);
#4989 = VERTEX_POINT('',#4990);
#4990 = CARTESIAN_POINT('',(-0.16,-5.24,8.54));
#4991 = LINE('',#4992,#4993);
#4992 = CARTESIAN_POINT('',(-0.266666666667,-5.346666666667,
    8.433333333333));
#4993 = VECTOR('',#4994,1.);
#4994 = DIRECTION('',(0.57735026919,0.57735026919,0.57735026919));
#4995 = ORIENTED_EDGE('',*,*,#3462,.T.);
#4996 = ORIENTED_EDGE('',*,*,#4964,.T.);
#4997 = ORIENTED_EDGE('',*,*,#4998,.F.);
#4998 = EDGE_CURVE('',#4989,#4965,#4999,.T.);
#4999 = LINE('',#5000,#5001);
#5000 = CARTESIAN_POINT('',(-0.16,-5.4,8.54));
#5001 = VECTOR('',#5002,1.);
#5002 = DIRECTION('',(0.,1.,0.));
#5003 = PLANE('',#5004);
#5004 = AXIS2_PLACEMENT_3D('',#5005,#5006,#5007);
#5005 = CARTESIAN_POINT('',(-0.24,-5.4,8.46));
#5006 = DIRECTION('',(0.707106781187,1.735167508357E-18,-0.707106781187)
  );
#5007 = DIRECTION('',(-1.226948711654E-18,1.,1.226948711654E-18));
#5008 = ADVANCED_FACE('',(#5009),#5020,.F.);
#5009 = FACE_BOUND('',#5010,.T.);
#5010 = EDGE_LOOP('',(#5011,#5012,#5013,#5014));
#5011 = ORIENTED_EDGE('',*,*,#4988,.F.);
#5012 = ORIENTED_EDGE('',*,*,#3479,.T.);
#5013 = ORIENTED_EDGE('',*,*,#4933,.T.);
#5014 = ORIENTED_EDGE('',*,*,#5015,.F.);
#5015 = EDGE_CURVE('',#4989,#4934,#5016,.T.);
#5016 = LINE('',#5017,#5018);
#5017 = CARTESIAN_POINT('',(-0.32,-5.24,8.54));
#5018 = VECTOR('',#5019,1.);
#5019 = DIRECTION('',(1.,0.,0.));
#5020 = PLANE('',#5021);
#5021 = AXIS2_PLACEMENT_3D('',#5022,#5023,#5024);
#5022 = CARTESIAN_POINT('',(-0.32,-5.32,8.46));
#5023 = DIRECTION('',(-1.735167508357E-18,0.707106781187,-0.707106781187
    ));
#5024 = DIRECTION('',(-1.,-1.226948711654E-18,1.226948711654E-18));
#5025 = ADVANCED_FACE('',(#5026),#5051,.T.);
#5026 = FACE_BOUND('',#5027,.F.);
#5027 = EDGE_LOOP('',(#5028,#5036,#5037,#5045));
#5028 = ORIENTED_EDGE('',*,*,#5029,.F.);
#5029 = EDGE_CURVE('',#3503,#5030,#5032,.T.);
#5030 = VERTEX_POINT('',#5031);
#5031 = CARTESIAN_POINT('',(-0.16,0.16,8.54));
#5032 = LINE('',#5033,#5034);
#5033 = CARTESIAN_POINT('',(-0.16,0.16,8.54));
#5034 = VECTOR('',#5035,1.);
#5035 = DIRECTION('',(0.57735026919,-0.57735026919,0.57735026919));
#5036 = ORIENTED_EDGE('',*,*,#3510,.T.);
#5037 = ORIENTED_EDGE('',*,*,#5038,.T.);
#5038 = EDGE_CURVE('',#3494,#5039,#5041,.T.);
#5039 = VERTEX_POINT('',#5040);
#5040 = CARTESIAN_POINT('',(0.16,0.16,8.54));
#5041 = LINE('',#5042,#5043);
#5042 = CARTESIAN_POINT('',(5.333333333333E-02,5.333333333333E-02,
    8.646666666667));
#5043 = VECTOR('',#5044,1.);
#5044 = DIRECTION('',(-0.57735026919,-0.57735026919,0.57735026919));
#5045 = ORIENTED_EDGE('',*,*,#5046,.F.);
#5046 = EDGE_CURVE('',#5030,#5039,#5047,.T.);
#5047 = LINE('',#5048,#5049);
#5048 = CARTESIAN_POINT('',(-0.32,0.16,8.54));
#5049 = VECTOR('',#5050,1.);
#5050 = DIRECTION('',(1.,0.,0.));
#5051 = PLANE('',#5052);
#5052 = AXIS2_PLACEMENT_3D('',#5053,#5054,#5055);
#5053 = CARTESIAN_POINT('',(-0.32,0.24,8.46));
#5054 = DIRECTION('',(1.735167508357E-18,0.707106781187,0.707106781187)
  );
#5055 = DIRECTION('',(-1.,1.226948711654E-18,1.226948711654E-18));
#5056 = ADVANCED_FACE('',(#5057),#5075,.F.);
#5057 = FACE_BOUND('',#5058,.F.);
#5058 = EDGE_LOOP('',(#5059,#5067,#5068,#5069));
#5059 = ORIENTED_EDGE('',*,*,#5060,.F.);
#5060 = EDGE_CURVE('',#3525,#5061,#5063,.T.);
#5061 = VERTEX_POINT('',#5062);
#5062 = CARTESIAN_POINT('',(-0.16,-0.16,8.54));
#5063 = LINE('',#5064,#5065);
#5064 = CARTESIAN_POINT('',(-0.266666666667,-0.266666666667,
    8.433333333333));
#5065 = VECTOR('',#5066,1.);
#5066 = DIRECTION('',(0.57735026919,0.57735026919,0.57735026919));
#5067 = ORIENTED_EDGE('',*,*,#3534,.T.);
#5068 = ORIENTED_EDGE('',*,*,#5029,.T.);
#5069 = ORIENTED_EDGE('',*,*,#5070,.F.);
#5070 = EDGE_CURVE('',#5061,#5030,#5071,.T.);
#5071 = LINE('',#5072,#5073);
#5072 = CARTESIAN_POINT('',(-0.16,-0.32,8.54));
#5073 = VECTOR('',#5074,1.);
#5074 = DIRECTION('',(0.,1.,0.));
#5075 = PLANE('',#5076);
#5076 = AXIS2_PLACEMENT_3D('',#5077,#5078,#5079);
#5077 = CARTESIAN_POINT('',(-0.24,-0.32,8.46));
#5078 = DIRECTION('',(0.707106781187,1.735167508357E-18,-0.707106781187)
  );
#5079 = DIRECTION('',(-1.226948711654E-18,1.,1.226948711654E-18));
#5080 = ADVANCED_FACE('',(#5081),#5099,.F.);
#5081 = FACE_BOUND('',#5082,.T.);
#5082 = EDGE_LOOP('',(#5083,#5084,#5085,#5093));
#5083 = ORIENTED_EDGE('',*,*,#5060,.F.);
#5084 = ORIENTED_EDGE('',*,*,#3558,.T.);
#5085 = ORIENTED_EDGE('',*,*,#5086,.T.);
#5086 = EDGE_CURVE('',#3549,#5087,#5089,.T.);
#5087 = VERTEX_POINT('',#5088);
#5088 = CARTESIAN_POINT('',(0.16,-0.16,8.54));
#5089 = LINE('',#5090,#5091);
#5090 = CARTESIAN_POINT('',(0.16,-0.16,8.54));
#5091 = VECTOR('',#5092,1.);
#5092 = DIRECTION('',(-0.57735026919,0.57735026919,0.57735026919));
#5093 = ORIENTED_EDGE('',*,*,#5094,.F.);
#5094 = EDGE_CURVE('',#5061,#5087,#5095,.T.);
#5095 = LINE('',#5096,#5097);
#5096 = CARTESIAN_POINT('',(-0.32,-0.16,8.54));
#5097 = VECTOR('',#5098,1.);
#5098 = DIRECTION('',(1.,0.,0.));
#5099 = PLANE('',#5100);
#5100 = AXIS2_PLACEMENT_3D('',#5101,#5102,#5103);
#5101 = CARTESIAN_POINT('',(-0.32,-0.24,8.46));
#5102 = DIRECTION('',(-1.735167508357E-18,0.707106781187,-0.707106781187
    ));
#5103 = DIRECTION('',(-1.,-1.226948711654E-18,1.226948711654E-18));
#5104 = ADVANCED_FACE('',(#5105),#5116,.T.);
#5105 = FACE_BOUND('',#5106,.T.);
#5106 = EDGE_LOOP('',(#5107,#5108,#5109,#5110));
#5107 = ORIENTED_EDGE('',*,*,#5086,.F.);
#5108 = ORIENTED_EDGE('',*,*,#3575,.T.);
#5109 = ORIENTED_EDGE('',*,*,#5038,.T.);
#5110 = ORIENTED_EDGE('',*,*,#5111,.F.);
#5111 = EDGE_CURVE('',#5087,#5039,#5112,.T.);
#5112 = LINE('',#5113,#5114);
#5113 = CARTESIAN_POINT('',(0.16,-0.32,8.54));
#5114 = VECTOR('',#5115,1.);
#5115 = DIRECTION('',(0.,1.,0.));
#5116 = PLANE('',#5117);
#5117 = AXIS2_PLACEMENT_3D('',#5118,#5119,#5120);
#5118 = CARTESIAN_POINT('',(0.24,-0.32,8.46));
#5119 = DIRECTION('',(0.707106781187,-1.735167508357E-18,0.707106781187)
  );
#5120 = DIRECTION('',(1.226948711654E-18,1.,1.226948711654E-18));
#5121 = ADVANCED_FACE('',(#5122),#5147,.T.);
#5122 = FACE_BOUND('',#5123,.T.);
#5123 = EDGE_LOOP('',(#5124,#5132,#5133,#5141));
#5124 = ORIENTED_EDGE('',*,*,#5125,.F.);
#5125 = EDGE_CURVE('',#3590,#5126,#5128,.T.);
#5126 = VERTEX_POINT('',#5127);
#5127 = CARTESIAN_POINT('',(0.16,-2.7,8.54));
#5128 = LINE('',#5129,#5130);
#5129 = CARTESIAN_POINT('',(0.16,-2.7,8.54));
#5130 = VECTOR('',#5131,1.);
#5131 = DIRECTION('',(-0.57735026919,0.57735026919,0.57735026919));
#5132 = ORIENTED_EDGE('',*,*,#3606,.T.);
#5133 = ORIENTED_EDGE('',*,*,#5134,.T.);
#5134 = EDGE_CURVE('',#3599,#5135,#5137,.T.);
#5135 = VERTEX_POINT('',#5136);
#5136 = CARTESIAN_POINT('',(0.16,-2.38,8.54));
#5137 = LINE('',#5138,#5139);
#5138 = CARTESIAN_POINT('',(5.333333333333E-02,-2.486666666667,
    8.646666666667));
#5139 = VECTOR('',#5140,1.);
#5140 = DIRECTION('',(-0.57735026919,-0.57735026919,0.57735026919));
#5141 = ORIENTED_EDGE('',*,*,#5142,.F.);
#5142 = EDGE_CURVE('',#5126,#5135,#5143,.T.);
#5143 = LINE('',#5144,#5145);
#5144 = CARTESIAN_POINT('',(0.16,-2.86,8.54));
#5145 = VECTOR('',#5146,1.);
#5146 = DIRECTION('',(0.,1.,0.));
#5147 = PLANE('',#5148);
#5148 = AXIS2_PLACEMENT_3D('',#5149,#5150,#5151);
#5149 = CARTESIAN_POINT('',(0.24,-2.86,8.46));
#5150 = DIRECTION('',(0.707106781187,-1.735167508357E-18,0.707106781187)
  );
#5151 = DIRECTION('',(1.226948711654E-18,1.,1.226948711654E-18));
#5152 = ADVANCED_FACE('',(#5153),#5171,.T.);
#5153 = FACE_BOUND('',#5154,.F.);
#5154 = EDGE_LOOP('',(#5155,#5163,#5164,#5165));
#5155 = ORIENTED_EDGE('',*,*,#5156,.F.);
#5156 = EDGE_CURVE('',#3623,#5157,#5159,.T.);
#5157 = VERTEX_POINT('',#5158);
#5158 = CARTESIAN_POINT('',(-0.16,-2.38,8.54));
#5159 = LINE('',#5160,#5161);
#5160 = CARTESIAN_POINT('',(-0.16,-2.38,8.54));
#5161 = VECTOR('',#5162,1.);
#5162 = DIRECTION('',(0.57735026919,-0.57735026919,0.57735026919));
#5163 = ORIENTED_EDGE('',*,*,#3630,.T.);
#5164 = ORIENTED_EDGE('',*,*,#5134,.T.);
#5165 = ORIENTED_EDGE('',*,*,#5166,.F.);
#5166 = EDGE_CURVE('',#5157,#5135,#5167,.T.);
#5167 = LINE('',#5168,#5169);
#5168 = CARTESIAN_POINT('',(-0.32,-2.38,8.54));
#5169 = VECTOR('',#5170,1.);
#5170 = DIRECTION('',(1.,0.,0.));
#5171 = PLANE('',#5172);
#5172 = AXIS2_PLACEMENT_3D('',#5173,#5174,#5175);
#5173 = CARTESIAN_POINT('',(-0.32,-2.3,8.46));
#5174 = DIRECTION('',(1.735167508357E-18,0.707106781187,0.707106781187)
  );
#5175 = DIRECTION('',(-1.,1.226948711654E-18,1.226948711654E-18));
#5176 = ADVANCED_FACE('',(#5177),#5195,.F.);
#5177 = FACE_BOUND('',#5178,.F.);
#5178 = EDGE_LOOP('',(#5179,#5187,#5188,#5189));
#5179 = ORIENTED_EDGE('',*,*,#5180,.F.);
#5180 = EDGE_CURVE('',#3645,#5181,#5183,.T.);
#5181 = VERTEX_POINT('',#5182);
#5182 = CARTESIAN_POINT('',(-0.16,-2.7,8.54));
#5183 = LINE('',#5184,#5185);
#5184 = CARTESIAN_POINT('',(-0.266666666667,-2.806666666667,
    8.433333333333));
#5185 = VECTOR('',#5186,1.);
#5186 = DIRECTION('',(0.57735026919,0.57735026919,0.57735026919));
#5187 = ORIENTED_EDGE('',*,*,#3654,.T.);
#5188 = ORIENTED_EDGE('',*,*,#5156,.T.);
#5189 = ORIENTED_EDGE('',*,*,#5190,.F.);
#5190 = EDGE_CURVE('',#5181,#5157,#5191,.T.);
#5191 = LINE('',#5192,#5193);
#5192 = CARTESIAN_POINT('',(-0.16,-2.86,8.54));
#5193 = VECTOR('',#5194,1.);
#5194 = DIRECTION('',(0.,1.,0.));
#5195 = PLANE('',#5196);
#5196 = AXIS2_PLACEMENT_3D('',#5197,#5198,#5199);
#5197 = CARTESIAN_POINT('',(-0.24,-2.86,8.46));
#5198 = DIRECTION('',(0.707106781187,1.735167508357E-18,-0.707106781187)
  );
#5199 = DIRECTION('',(-1.226948711654E-18,1.,1.226948711654E-18));
#5200 = ADVANCED_FACE('',(#5201),#5212,.F.);
#5201 = FACE_BOUND('',#5202,.T.);
#5202 = EDGE_LOOP('',(#5203,#5204,#5205,#5206));
#5203 = ORIENTED_EDGE('',*,*,#5180,.F.);
#5204 = ORIENTED_EDGE('',*,*,#3671,.T.);
#5205 = ORIENTED_EDGE('',*,*,#5125,.T.);
#5206 = ORIENTED_EDGE('',*,*,#5207,.F.);
#5207 = EDGE_CURVE('',#5181,#5126,#5208,.T.);
#5208 = LINE('',#5209,#5210);
#5209 = CARTESIAN_POINT('',(-0.32,-2.7,8.54));
#5210 = VECTOR('',#5211,1.);
#5211 = DIRECTION('',(1.,0.,0.));
#5212 = PLANE('',#5213);
#5213 = AXIS2_PLACEMENT_3D('',#5214,#5215,#5216);
#5214 = CARTESIAN_POINT('',(-0.32,-2.78,8.46));
#5215 = DIRECTION('',(-1.735167508357E-18,0.707106781187,-0.707106781187
    ));
#5216 = DIRECTION('',(-1.,-1.226948711654E-18,1.226948711654E-18));
#5217 = ADVANCED_FACE('',(#5218),#5243,.T.);
#5218 = FACE_BOUND('',#5219,.F.);
#5219 = EDGE_LOOP('',(#5220,#5228,#5229,#5237));
#5220 = ORIENTED_EDGE('',*,*,#5221,.F.);
#5221 = EDGE_CURVE('',#3695,#5222,#5224,.T.);
#5222 = VERTEX_POINT('',#5223);
#5223 = CARTESIAN_POINT('',(2.38,0.16,8.54));
#5224 = LINE('',#5225,#5226);
#5225 = CARTESIAN_POINT('',(2.38,0.16,8.54));
#5226 = VECTOR('',#5227,1.);
#5227 = DIRECTION('',(0.57735026919,-0.57735026919,0.57735026919));
#5228 = ORIENTED_EDGE('',*,*,#3702,.T.);
#5229 = ORIENTED_EDGE('',*,*,#5230,.T.);
#5230 = EDGE_CURVE('',#3686,#5231,#5233,.T.);
#5231 = VERTEX_POINT('',#5232);
#5232 = CARTESIAN_POINT('',(2.7,0.16,8.54));
#5233 = LINE('',#5234,#5235);
#5234 = CARTESIAN_POINT('',(2.593333333333,5.333333333333E-02,
    8.646666666667));
#5235 = VECTOR('',#5236,1.);
#5236 = DIRECTION('',(-0.57735026919,-0.57735026919,0.57735026919));
#5237 = ORIENTED_EDGE('',*,*,#5238,.F.);
#5238 = EDGE_CURVE('',#5222,#5231,#5239,.T.);
#5239 = LINE('',#5240,#5241);
#5240 = CARTESIAN_POINT('',(2.22,0.16,8.54));
#5241 = VECTOR('',#5242,1.);
#5242 = DIRECTION('',(1.,0.,0.));
#5243 = PLANE('',#5244);
#5244 = AXIS2_PLACEMENT_3D('',#5245,#5246,#5247);
#5245 = CARTESIAN_POINT('',(2.22,0.24,8.46));
#5246 = DIRECTION('',(1.735167508357E-18,0.707106781187,0.707106781187)
  );
#5247 = DIRECTION('',(-1.,1.226948711654E-18,1.226948711654E-18));
#5248 = ADVANCED_FACE('',(#5249),#5267,.F.);
#5249 = FACE_BOUND('',#5250,.F.);
#5250 = EDGE_LOOP('',(#5251,#5259,#5260,#5261));
#5251 = ORIENTED_EDGE('',*,*,#5252,.F.);
#5252 = EDGE_CURVE('',#3717,#5253,#5255,.T.);
#5253 = VERTEX_POINT('',#5254);
#5254 = CARTESIAN_POINT('',(2.38,-0.16,8.54));
#5255 = LINE('',#5256,#5257);
#5256 = CARTESIAN_POINT('',(2.273333333333,-0.266666666667,
    8.433333333333));
#5257 = VECTOR('',#5258,1.);
#5258 = DIRECTION('',(0.57735026919,0.57735026919,0.57735026919));
#5259 = ORIENTED_EDGE('',*,*,#3726,.T.);
#5260 = ORIENTED_EDGE('',*,*,#5221,.T.);
#5261 = ORIENTED_EDGE('',*,*,#5262,.F.);
#5262 = EDGE_CURVE('',#5253,#5222,#5263,.T.);
#5263 = LINE('',#5264,#5265);
#5264 = CARTESIAN_POINT('',(2.38,-0.32,8.54));
#5265 = VECTOR('',#5266,1.);
#5266 = DIRECTION('',(0.,1.,0.));
#5267 = PLANE('',#5268);
#5268 = AXIS2_PLACEMENT_3D('',#5269,#5270,#5271);
#5269 = CARTESIAN_POINT('',(2.3,-0.32,8.46));
#5270 = DIRECTION('',(0.707106781187,1.735167508357E-18,-0.707106781187)
  );
#5271 = DIRECTION('',(-1.226948711654E-18,1.,1.226948711654E-18));
#5272 = ADVANCED_FACE('',(#5273),#5291,.F.);
#5273 = FACE_BOUND('',#5274,.T.);
#5274 = EDGE_LOOP('',(#5275,#5276,#5277,#5285));
#5275 = ORIENTED_EDGE('',*,*,#5252,.F.);
#5276 = ORIENTED_EDGE('',*,*,#3750,.T.);
#5277 = ORIENTED_EDGE('',*,*,#5278,.T.);
#5278 = EDGE_CURVE('',#3741,#5279,#5281,.T.);
#5279 = VERTEX_POINT('',#5280);
#5280 = CARTESIAN_POINT('',(2.7,-0.16,8.54));
#5281 = LINE('',#5282,#5283);
#5282 = CARTESIAN_POINT('',(2.7,-0.16,8.54));
#5283 = VECTOR('',#5284,1.);
#5284 = DIRECTION('',(-0.57735026919,0.57735026919,0.57735026919));
#5285 = ORIENTED_EDGE('',*,*,#5286,.F.);
#5286 = EDGE_CURVE('',#5253,#5279,#5287,.T.);
#5287 = LINE('',#5288,#5289);
#5288 = CARTESIAN_POINT('',(2.22,-0.16,8.54));
#5289 = VECTOR('',#5290,1.);
#5290 = DIRECTION('',(1.,0.,0.));
#5291 = PLANE('',#5292);
#5292 = AXIS2_PLACEMENT_3D('',#5293,#5294,#5295);
#5293 = CARTESIAN_POINT('',(2.22,-0.24,8.46));
#5294 = DIRECTION('',(-1.735167508357E-18,0.707106781187,-0.707106781187
    ));
#5295 = DIRECTION('',(-1.,-1.226948711654E-18,1.226948711654E-18));
#5296 = ADVANCED_FACE('',(#5297),#5308,.T.);
#5297 = FACE_BOUND('',#5298,.T.);
#5298 = EDGE_LOOP('',(#5299,#5300,#5301,#5302));
#5299 = ORIENTED_EDGE('',*,*,#5278,.F.);
#5300 = ORIENTED_EDGE('',*,*,#3767,.T.);
#5301 = ORIENTED_EDGE('',*,*,#5230,.T.);
#5302 = ORIENTED_EDGE('',*,*,#5303,.F.);
#5303 = EDGE_CURVE('',#5279,#5231,#5304,.T.);
#5304 = LINE('',#5305,#5306);
#5305 = CARTESIAN_POINT('',(2.7,-0.32,8.54));
#5306 = VECTOR('',#5307,1.);
#5307 = DIRECTION('',(0.,1.,0.));
#5308 = PLANE('',#5309);
#5309 = AXIS2_PLACEMENT_3D('',#5310,#5311,#5312);
#5310 = CARTESIAN_POINT('',(2.78,-0.32,8.46));
#5311 = DIRECTION('',(0.707106781187,-1.735167508357E-18,0.707106781187)
  );
#5312 = DIRECTION('',(1.226948711654E-18,1.,1.226948711654E-18));
#5313 = ADVANCED_FACE('',(#5314),#5339,.T.);
#5314 = FACE_BOUND('',#5315,.F.);
#5315 = EDGE_LOOP('',(#5316,#5324,#5325,#5333));
#5316 = ORIENTED_EDGE('',*,*,#5317,.F.);
#5317 = EDGE_CURVE('',#3791,#5318,#5320,.T.);
#5318 = VERTEX_POINT('',#5319);
#5319 = CARTESIAN_POINT('',(2.38,-2.38,8.54));
#5320 = LINE('',#5321,#5322);
#5321 = CARTESIAN_POINT('',(2.38,-2.38,8.54));
#5322 = VECTOR('',#5323,1.);
#5323 = DIRECTION('',(0.57735026919,-0.57735026919,0.57735026919));
#5324 = ORIENTED_EDGE('',*,*,#3798,.T.);
#5325 = ORIENTED_EDGE('',*,*,#5326,.T.);
#5326 = EDGE_CURVE('',#3782,#5327,#5329,.T.);
#5327 = VERTEX_POINT('',#5328);
#5328 = CARTESIAN_POINT('',(2.7,-2.38,8.54));
#5329 = LINE('',#5330,#5331);
#5330 = CARTESIAN_POINT('',(2.593333333333,-2.486666666667,
    8.646666666667));
#5331 = VECTOR('',#5332,1.);
#5332 = DIRECTION('',(-0.57735026919,-0.57735026919,0.57735026919));
#5333 = ORIENTED_EDGE('',*,*,#5334,.F.);
#5334 = EDGE_CURVE('',#5318,#5327,#5335,.T.);
#5335 = LINE('',#5336,#5337);
#5336 = CARTESIAN_POINT('',(2.22,-2.38,8.54));
#5337 = VECTOR('',#5338,1.);
#5338 = DIRECTION('',(1.,0.,0.));
#5339 = PLANE('',#5340);
#5340 = AXIS2_PLACEMENT_3D('',#5341,#5342,#5343);
#5341 = CARTESIAN_POINT('',(2.22,-2.3,8.46));
#5342 = DIRECTION('',(1.735167508357E-18,0.707106781187,0.707106781187)
  );
#5343 = DIRECTION('',(-1.,1.226948711654E-18,1.226948711654E-18));
#5344 = ADVANCED_FACE('',(#5345),#5363,.F.);
#5345 = FACE_BOUND('',#5346,.F.);
#5346 = EDGE_LOOP('',(#5347,#5355,#5356,#5357));
#5347 = ORIENTED_EDGE('',*,*,#5348,.F.);
#5348 = EDGE_CURVE('',#3813,#5349,#5351,.T.);
#5349 = VERTEX_POINT('',#5350);
#5350 = CARTESIAN_POINT('',(2.38,-2.7,8.54));
#5351 = LINE('',#5352,#5353);
#5352 = CARTESIAN_POINT('',(2.273333333333,-2.806666666667,
    8.433333333333));
#5353 = VECTOR('',#5354,1.);
#5354 = DIRECTION('',(0.57735026919,0.57735026919,0.57735026919));
#5355 = ORIENTED_EDGE('',*,*,#3822,.T.);
#5356 = ORIENTED_EDGE('',*,*,#5317,.T.);
#5357 = ORIENTED_EDGE('',*,*,#5358,.F.);
#5358 = EDGE_CURVE('',#5349,#5318,#5359,.T.);
#5359 = LINE('',#5360,#5361);
#5360 = CARTESIAN_POINT('',(2.38,-2.86,8.54));
#5361 = VECTOR('',#5362,1.);
#5362 = DIRECTION('',(0.,1.,0.));
#5363 = PLANE('',#5364);
#5364 = AXIS2_PLACEMENT_3D('',#5365,#5366,#5367);
#5365 = CARTESIAN_POINT('',(2.3,-2.86,8.46));
#5366 = DIRECTION('',(0.707106781187,1.735167508357E-18,-0.707106781187)
  );
#5367 = DIRECTION('',(-1.226948711654E-18,1.,1.226948711654E-18));
#5368 = ADVANCED_FACE('',(#5369),#5387,.F.);
#5369 = FACE_BOUND('',#5370,.T.);
#5370 = EDGE_LOOP('',(#5371,#5372,#5373,#5381));
#5371 = ORIENTED_EDGE('',*,*,#5348,.F.);
#5372 = ORIENTED_EDGE('',*,*,#3846,.T.);
#5373 = ORIENTED_EDGE('',*,*,#5374,.T.);
#5374 = EDGE_CURVE('',#3837,#5375,#5377,.T.);
#5375 = VERTEX_POINT('',#5376);
#5376 = CARTESIAN_POINT('',(2.7,-2.7,8.54));
#5377 = LINE('',#5378,#5379);
#5378 = CARTESIAN_POINT('',(2.7,-2.7,8.54));
#5379 = VECTOR('',#5380,1.);
#5380 = DIRECTION('',(-0.57735026919,0.57735026919,0.57735026919));
#5381 = ORIENTED_EDGE('',*,*,#5382,.F.);
#5382 = EDGE_CURVE('',#5349,#5375,#5383,.T.);
#5383 = LINE('',#5384,#5385);
#5384 = CARTESIAN_POINT('',(2.22,-2.7,8.54));
#5385 = VECTOR('',#5386,1.);
#5386 = DIRECTION('',(1.,0.,0.));
#5387 = PLANE('',#5388);
#5388 = AXIS2_PLACEMENT_3D('',#5389,#5390,#5391);
#5389 = CARTESIAN_POINT('',(2.22,-2.78,8.46));
#5390 = DIRECTION('',(-1.735167508357E-18,0.707106781187,-0.707106781187
    ));
#5391 = DIRECTION('',(-1.,-1.226948711654E-18,1.226948711654E-18));
#5392 = ADVANCED_FACE('',(#5393),#5404,.T.);
#5393 = FACE_BOUND('',#5394,.T.);
#5394 = EDGE_LOOP('',(#5395,#5396,#5397,#5398));
#5395 = ORIENTED_EDGE('',*,*,#5374,.F.);
#5396 = ORIENTED_EDGE('',*,*,#3863,.T.);
#5397 = ORIENTED_EDGE('',*,*,#5326,.T.);
#5398 = ORIENTED_EDGE('',*,*,#5399,.F.);
#5399 = EDGE_CURVE('',#5375,#5327,#5400,.T.);
#5400 = LINE('',#5401,#5402);
#5401 = CARTESIAN_POINT('',(2.7,-2.86,8.54));
#5402 = VECTOR('',#5403,1.);
#5403 = DIRECTION('',(0.,1.,0.));
#5404 = PLANE('',#5405);
#5405 = AXIS2_PLACEMENT_3D('',#5406,#5407,#5408);
#5406 = CARTESIAN_POINT('',(2.78,-2.86,8.46));
#5407 = DIRECTION('',(0.707106781187,-1.735167508357E-18,0.707106781187)
  );
#5408 = DIRECTION('',(1.226948711654E-18,1.,1.226948711654E-18));
#5409 = ADVANCED_FACE('',(#5410),#5435,.F.);
#5410 = FACE_BOUND('',#5411,.T.);
#5411 = EDGE_LOOP('',(#5412,#5420,#5421,#5429));
#5412 = ORIENTED_EDGE('',*,*,#5413,.F.);
#5413 = EDGE_CURVE('',#3887,#5414,#5416,.T.);
#5414 = VERTEX_POINT('',#5415);
#5415 = CARTESIAN_POINT('',(-0.16,-7.78,8.54));
#5416 = LINE('',#5417,#5418);
#5417 = CARTESIAN_POINT('',(-0.266666666667,-7.886666666667,
    8.433333333333));
#5418 = VECTOR('',#5419,1.);
#5419 = DIRECTION('',(0.57735026919,0.57735026919,0.57735026919));
#5420 = ORIENTED_EDGE('',*,*,#3894,.T.);
#5421 = ORIENTED_EDGE('',*,*,#5422,.T.);
#5422 = EDGE_CURVE('',#3878,#5423,#5425,.T.);
#5423 = VERTEX_POINT('',#5424);
#5424 = CARTESIAN_POINT('',(0.16,-7.78,8.54));
#5425 = LINE('',#5426,#5427);
#5426 = CARTESIAN_POINT('',(0.16,-7.78,8.54));
#5427 = VECTOR('',#5428,1.);
#5428 = DIRECTION('',(-0.57735026919,0.57735026919,0.57735026919));
#5429 = ORIENTED_EDGE('',*,*,#5430,.F.);
#5430 = EDGE_CURVE('',#5414,#5423,#5431,.T.);
#5431 = LINE('',#5432,#5433);
#5432 = CARTESIAN_POINT('',(-0.32,-7.78,8.54));
#5433 = VECTOR('',#5434,1.);
#5434 = DIRECTION('',(1.,0.,0.));
#5435 = PLANE('',#5436);
#5436 = AXIS2_PLACEMENT_3D('',#5437,#5438,#5439);
#5437 = CARTESIAN_POINT('',(-0.32,-7.86,8.46));
#5438 = DIRECTION('',(-1.735167508357E-18,0.707106781187,-0.707106781187
    ));
#5439 = DIRECTION('',(-1.,-1.226948711654E-18,1.226948711654E-18));
#5440 = ADVANCED_FACE('',(#5441),#5459,.T.);
#5441 = FACE_BOUND('',#5442,.T.);
#5442 = EDGE_LOOP('',(#5443,#5444,#5445,#5453));
#5443 = ORIENTED_EDGE('',*,*,#5422,.F.);
#5444 = ORIENTED_EDGE('',*,*,#3918,.T.);
#5445 = ORIENTED_EDGE('',*,*,#5446,.T.);
#5446 = EDGE_CURVE('',#3911,#5447,#5449,.T.);
#5447 = VERTEX_POINT('',#5448);
#5448 = CARTESIAN_POINT('',(0.16,-7.46,8.54));
#5449 = LINE('',#5450,#5451);
#5450 = CARTESIAN_POINT('',(5.333333333333E-02,-7.566666666667,
    8.646666666667));
#5451 = VECTOR('',#5452,1.);
#5452 = DIRECTION('',(-0.57735026919,-0.57735026919,0.57735026919));
#5453 = ORIENTED_EDGE('',*,*,#5454,.F.);
#5454 = EDGE_CURVE('',#5423,#5447,#5455,.T.);
#5455 = LINE('',#5456,#5457);
#5456 = CARTESIAN_POINT('',(0.16,-7.94,8.54));
#5457 = VECTOR('',#5458,1.);
#5458 = DIRECTION('',(0.,1.,0.));
#5459 = PLANE('',#5460);
#5460 = AXIS2_PLACEMENT_3D('',#5461,#5462,#5463);
#5461 = CARTESIAN_POINT('',(0.24,-7.94,8.46));
#5462 = DIRECTION('',(0.707106781187,-1.735167508357E-18,0.707106781187)
  );
#5463 = DIRECTION('',(1.226948711654E-18,1.,1.226948711654E-18));
#5464 = ADVANCED_FACE('',(#5465),#5483,.T.);
#5465 = FACE_BOUND('',#5466,.F.);
#5466 = EDGE_LOOP('',(#5467,#5475,#5476,#5477));
#5467 = ORIENTED_EDGE('',*,*,#5468,.F.);
#5468 = EDGE_CURVE('',#3935,#5469,#5471,.T.);
#5469 = VERTEX_POINT('',#5470);
#5470 = CARTESIAN_POINT('',(-0.16,-7.46,8.54));
#5471 = LINE('',#5472,#5473);
#5472 = CARTESIAN_POINT('',(-0.16,-7.46,8.54));
#5473 = VECTOR('',#5474,1.);
#5474 = DIRECTION('',(0.57735026919,-0.57735026919,0.57735026919));
#5475 = ORIENTED_EDGE('',*,*,#3942,.T.);
#5476 = ORIENTED_EDGE('',*,*,#5446,.T.);
#5477 = ORIENTED_EDGE('',*,*,#5478,.F.);
#5478 = EDGE_CURVE('',#5469,#5447,#5479,.T.);
#5479 = LINE('',#5480,#5481);
#5480 = CARTESIAN_POINT('',(-0.32,-7.46,8.54));
#5481 = VECTOR('',#5482,1.);
#5482 = DIRECTION('',(1.,0.,0.));
#5483 = PLANE('',#5484);
#5484 = AXIS2_PLACEMENT_3D('',#5485,#5486,#5487);
#5485 = CARTESIAN_POINT('',(-0.32,-7.38,8.46));
#5486 = DIRECTION('',(1.735167508357E-18,0.707106781187,0.707106781187)
  );
#5487 = DIRECTION('',(-1.,1.226948711654E-18,1.226948711654E-18));
#5488 = ADVANCED_FACE('',(#5489),#5500,.F.);
#5489 = FACE_BOUND('',#5490,.F.);
#5490 = EDGE_LOOP('',(#5491,#5492,#5493,#5494));
#5491 = ORIENTED_EDGE('',*,*,#5413,.F.);
#5492 = ORIENTED_EDGE('',*,*,#3959,.T.);
#5493 = ORIENTED_EDGE('',*,*,#5468,.T.);
#5494 = ORIENTED_EDGE('',*,*,#5495,.F.);
#5495 = EDGE_CURVE('',#5414,#5469,#5496,.T.);
#5496 = LINE('',#5497,#5498);
#5497 = CARTESIAN_POINT('',(-0.16,-7.94,8.54));
#5498 = VECTOR('',#5499,1.);
#5499 = DIRECTION('',(0.,1.,0.));
#5500 = PLANE('',#5501);
#5501 = AXIS2_PLACEMENT_3D('',#5502,#5503,#5504);
#5502 = CARTESIAN_POINT('',(-0.24,-7.94,8.46));
#5503 = DIRECTION('',(0.707106781187,1.735167508357E-18,-0.707106781187)
  );
#5504 = DIRECTION('',(-1.226948711654E-18,1.,1.226948711654E-18));
#5505 = ADVANCED_FACE('',(#5506),#5531,.T.);
#5506 = FACE_BOUND('',#5507,.F.);
#5507 = EDGE_LOOP('',(#5508,#5516,#5517,#5525));
#5508 = ORIENTED_EDGE('',*,*,#5509,.F.);
#5509 = EDGE_CURVE('',#3983,#5510,#5512,.T.);
#5510 = VERTEX_POINT('',#5511);
#5511 = CARTESIAN_POINT('',(2.38,-7.46,8.54));
#5512 = LINE('',#5513,#5514);
#5513 = CARTESIAN_POINT('',(2.38,-7.46,8.54));
#5514 = VECTOR('',#5515,1.);
#5515 = DIRECTION('',(0.57735026919,-0.57735026919,0.57735026919));
#5516 = ORIENTED_EDGE('',*,*,#3990,.T.);
#5517 = ORIENTED_EDGE('',*,*,#5518,.T.);
#5518 = EDGE_CURVE('',#3974,#5519,#5521,.T.);
#5519 = VERTEX_POINT('',#5520);
#5520 = CARTESIAN_POINT('',(2.7,-7.46,8.54));
#5521 = LINE('',#5522,#5523);
#5522 = CARTESIAN_POINT('',(2.593333333333,-7.566666666667,
    8.646666666667));
#5523 = VECTOR('',#5524,1.);
#5524 = DIRECTION('',(-0.57735026919,-0.57735026919,0.57735026919));
#5525 = ORIENTED_EDGE('',*,*,#5526,.F.);
#5526 = EDGE_CURVE('',#5510,#5519,#5527,.T.);
#5527 = LINE('',#5528,#5529);
#5528 = CARTESIAN_POINT('',(2.22,-7.46,8.54));
#5529 = VECTOR('',#5530,1.);
#5530 = DIRECTION('',(1.,0.,0.));
#5531 = PLANE('',#5532);
#5532 = AXIS2_PLACEMENT_3D('',#5533,#5534,#5535);
#5533 = CARTESIAN_POINT('',(2.22,-7.38,8.46));
#5534 = DIRECTION('',(1.735167508357E-18,0.707106781187,0.707106781187)
  );
#5535 = DIRECTION('',(-1.,1.226948711654E-18,1.226948711654E-18));
#5536 = ADVANCED_FACE('',(#5537),#5555,.F.);
#5537 = FACE_BOUND('',#5538,.F.);
#5538 = EDGE_LOOP('',(#5539,#5547,#5548,#5549));
#5539 = ORIENTED_EDGE('',*,*,#5540,.F.);
#5540 = EDGE_CURVE('',#4005,#5541,#5543,.T.);
#5541 = VERTEX_POINT('',#5542);
#5542 = CARTESIAN_POINT('',(2.38,-7.78,8.54));
#5543 = LINE('',#5544,#5545);
#5544 = CARTESIAN_POINT('',(2.273333333333,-7.886666666667,
    8.433333333333));
#5545 = VECTOR('',#5546,1.);
#5546 = DIRECTION('',(0.57735026919,0.57735026919,0.57735026919));
#5547 = ORIENTED_EDGE('',*,*,#4014,.T.);
#5548 = ORIENTED_EDGE('',*,*,#5509,.T.);
#5549 = ORIENTED_EDGE('',*,*,#5550,.F.);
#5550 = EDGE_CURVE('',#5541,#5510,#5551,.T.);
#5551 = LINE('',#5552,#5553);
#5552 = CARTESIAN_POINT('',(2.38,-7.94,8.54));
#5553 = VECTOR('',#5554,1.);
#5554 = DIRECTION('',(0.,1.,0.));
#5555 = PLANE('',#5556);
#5556 = AXIS2_PLACEMENT_3D('',#5557,#5558,#5559);
#5557 = CARTESIAN_POINT('',(2.3,-7.94,8.46));
#5558 = DIRECTION('',(0.707106781187,1.735167508357E-18,-0.707106781187)
  );
#5559 = DIRECTION('',(-1.226948711654E-18,1.,1.226948711654E-18));
#5560 = ADVANCED_FACE('',(#5561),#5579,.F.);
#5561 = FACE_BOUND('',#5562,.T.);
#5562 = EDGE_LOOP('',(#5563,#5564,#5565,#5573));
#5563 = ORIENTED_EDGE('',*,*,#5540,.F.);
#5564 = ORIENTED_EDGE('',*,*,#4038,.T.);
#5565 = ORIENTED_EDGE('',*,*,#5566,.T.);
#5566 = EDGE_CURVE('',#4029,#5567,#5569,.T.);
#5567 = VERTEX_POINT('',#5568);
#5568 = CARTESIAN_POINT('',(2.7,-7.78,8.54));
#5569 = LINE('',#5570,#5571);
#5570 = CARTESIAN_POINT('',(2.7,-7.78,8.54));
#5571 = VECTOR('',#5572,1.);
#5572 = DIRECTION('',(-0.57735026919,0.57735026919,0.57735026919));
#5573 = ORIENTED_EDGE('',*,*,#5574,.F.);
#5574 = EDGE_CURVE('',#5541,#5567,#5575,.T.);
#5575 = LINE('',#5576,#5577);
#5576 = CARTESIAN_POINT('',(2.22,-7.78,8.54));
#5577 = VECTOR('',#5578,1.);
#5578 = DIRECTION('',(1.,0.,0.));
#5579 = PLANE('',#5580);
#5580 = AXIS2_PLACEMENT_3D('',#5581,#5582,#5583);
#5581 = CARTESIAN_POINT('',(2.22,-7.86,8.46));
#5582 = DIRECTION('',(-1.735167508357E-18,0.707106781187,-0.707106781187
    ));
#5583 = DIRECTION('',(-1.,-1.226948711654E-18,1.226948711654E-18));
#5584 = ADVANCED_FACE('',(#5585),#5596,.T.);
#5585 = FACE_BOUND('',#5586,.T.);
#5586 = EDGE_LOOP('',(#5587,#5588,#5589,#5590));
#5587 = ORIENTED_EDGE('',*,*,#5566,.F.);
#5588 = ORIENTED_EDGE('',*,*,#4055,.T.);
#5589 = ORIENTED_EDGE('',*,*,#5518,.T.);
#5590 = ORIENTED_EDGE('',*,*,#5591,.F.);
#5591 = EDGE_CURVE('',#5567,#5519,#5592,.T.);
#5592 = LINE('',#5593,#5594);
#5593 = CARTESIAN_POINT('',(2.7,-7.94,8.54));
#5594 = VECTOR('',#5595,1.);
#5595 = DIRECTION('',(0.,1.,0.));
#5596 = PLANE('',#5597);
#5597 = AXIS2_PLACEMENT_3D('',#5598,#5599,#5600);
#5598 = CARTESIAN_POINT('',(2.78,-7.94,8.46));
#5599 = DIRECTION('',(0.707106781187,-1.735167508357E-18,0.707106781187)
  );
#5600 = DIRECTION('',(1.226948711654E-18,1.,1.226948711654E-18));
#5601 = ADVANCED_FACE('',(#5602),#5608,.F.);
#5602 = FACE_BOUND('',#5603,.F.);
#5603 = EDGE_LOOP('',(#5604,#5605,#5606,#5607));
#5604 = ORIENTED_EDGE('',*,*,#4110,.F.);
#5605 = ORIENTED_EDGE('',*,*,#4134,.T.);
#5606 = ORIENTED_EDGE('',*,*,#4151,.T.);
#5607 = ORIENTED_EDGE('',*,*,#4086,.F.);
#5608 = PLANE('',#5609);
#5609 = AXIS2_PLACEMENT_3D('',#5610,#5611,#5612);
#5610 = CARTESIAN_POINT('',(2.22,-5.4,-3.));
#5611 = DIRECTION('',(0.,0.,1.));
#5612 = DIRECTION('',(1.,0.,-0.));
#5613 = ADVANCED_FACE('',(#5614),#5620,.F.);
#5614 = FACE_BOUND('',#5615,.F.);
#5615 = EDGE_LOOP('',(#5616,#5617,#5618,#5619));
#5616 = ORIENTED_EDGE('',*,*,#4230,.F.);
#5617 = ORIENTED_EDGE('',*,*,#4247,.T.);
#5618 = ORIENTED_EDGE('',*,*,#4182,.T.);
#5619 = ORIENTED_EDGE('',*,*,#4206,.F.);
#5620 = PLANE('',#5621);
#5621 = AXIS2_PLACEMENT_3D('',#5622,#5623,#5624);
#5622 = CARTESIAN_POINT('',(-0.32,-5.4,-3.));
#5623 = DIRECTION('',(0.,0.,1.));
#5624 = DIRECTION('',(1.,0.,-0.));
#5625 = ADVANCED_FACE('',(#5626),#5632,.F.);
#5626 = FACE_BOUND('',#5627,.F.);
#5627 = EDGE_LOOP('',(#5628,#5629,#5630,#5631));
#5628 = ORIENTED_EDGE('',*,*,#4302,.F.);
#5629 = ORIENTED_EDGE('',*,*,#4326,.T.);
#5630 = ORIENTED_EDGE('',*,*,#4343,.T.);
#5631 = ORIENTED_EDGE('',*,*,#4278,.F.);
#5632 = PLANE('',#5633);
#5633 = AXIS2_PLACEMENT_3D('',#5634,#5635,#5636);
#5634 = CARTESIAN_POINT('',(-0.32,-0.32,-3.));
#5635 = DIRECTION('',(0.,0.,1.));
#5636 = DIRECTION('',(1.,0.,-0.));
#5637 = ADVANCED_FACE('',(#5638),#5644,.F.);
#5638 = FACE_BOUND('',#5639,.F.);
#5639 = EDGE_LOOP('',(#5640,#5641,#5642,#5643));
#5640 = ORIENTED_EDGE('',*,*,#4422,.F.);
#5641 = ORIENTED_EDGE('',*,*,#4439,.T.);
#5642 = ORIENTED_EDGE('',*,*,#4374,.T.);
#5643 = ORIENTED_EDGE('',*,*,#4398,.F.);
#5644 = PLANE('',#5645);
#5645 = AXIS2_PLACEMENT_3D('',#5646,#5647,#5648);
#5646 = CARTESIAN_POINT('',(-0.32,-2.86,-3.));
#5647 = DIRECTION('',(0.,0.,1.));
#5648 = DIRECTION('',(1.,0.,-0.));
#5649 = ADVANCED_FACE('',(#5650),#5656,.F.);
#5650 = FACE_BOUND('',#5651,.F.);
#5651 = EDGE_LOOP('',(#5652,#5653,#5654,#5655));
#5652 = ORIENTED_EDGE('',*,*,#4494,.F.);
#5653 = ORIENTED_EDGE('',*,*,#4518,.T.);
#5654 = ORIENTED_EDGE('',*,*,#4535,.T.);
#5655 = ORIENTED_EDGE('',*,*,#4470,.F.);
#5656 = PLANE('',#5657);
#5657 = AXIS2_PLACEMENT_3D('',#5658,#5659,#5660);
#5658 = CARTESIAN_POINT('',(2.22,-0.32,-3.));
#5659 = DIRECTION('',(0.,0.,1.));
#5660 = DIRECTION('',(1.,0.,-0.));
#5661 = ADVANCED_FACE('',(#5662),#5668,.F.);
#5662 = FACE_BOUND('',#5663,.F.);
#5663 = EDGE_LOOP('',(#5664,#5665,#5666,#5667));
#5664 = ORIENTED_EDGE('',*,*,#4590,.F.);
#5665 = ORIENTED_EDGE('',*,*,#4614,.T.);
#5666 = ORIENTED_EDGE('',*,*,#4631,.T.);
#5667 = ORIENTED_EDGE('',*,*,#4566,.F.);
#5668 = PLANE('',#5669);
#5669 = AXIS2_PLACEMENT_3D('',#5670,#5671,#5672);
#5670 = CARTESIAN_POINT('',(2.22,-2.86,-3.));
#5671 = DIRECTION('',(0.,0.,1.));
#5672 = DIRECTION('',(1.,0.,-0.));
#5673 = ADVANCED_FACE('',(#5674),#5680,.F.);
#5674 = FACE_BOUND('',#5675,.F.);
#5675 = EDGE_LOOP('',(#5676,#5677,#5678,#5679));
#5676 = ORIENTED_EDGE('',*,*,#4727,.F.);
#5677 = ORIENTED_EDGE('',*,*,#4662,.T.);
#5678 = ORIENTED_EDGE('',*,*,#4686,.T.);
#5679 = ORIENTED_EDGE('',*,*,#4710,.F.);
#5680 = PLANE('',#5681);
#5681 = AXIS2_PLACEMENT_3D('',#5682,#5683,#5684);
#5682 = CARTESIAN_POINT('',(-0.32,-7.94,-3.));
#5683 = DIRECTION('',(0.,0.,1.));
#5684 = DIRECTION('',(1.,0.,-0.));
#5685 = ADVANCED_FACE('',(#5686),#5692,.F.);
#5686 = FACE_BOUND('',#5687,.F.);
#5687 = EDGE_LOOP('',(#5688,#5689,#5690,#5691));
#5688 = ORIENTED_EDGE('',*,*,#4782,.F.);
#5689 = ORIENTED_EDGE('',*,*,#4806,.T.);
#5690 = ORIENTED_EDGE('',*,*,#4823,.T.);
#5691 = ORIENTED_EDGE('',*,*,#4758,.F.);
#5692 = PLANE('',#5693);
#5693 = AXIS2_PLACEMENT_3D('',#5694,#5695,#5696);
#5694 = CARTESIAN_POINT('',(2.22,-7.94,-3.));
#5695 = DIRECTION('',(0.,0.,1.));
#5696 = DIRECTION('',(1.,0.,-0.));
#5697 = ADVANCED_FACE('',(#5698),#5704,.T.);
#5698 = FACE_BOUND('',#5699,.T.);
#5699 = EDGE_LOOP('',(#5700,#5701,#5702,#5703));
#5700 = ORIENTED_EDGE('',*,*,#4919,.T.);
#5701 = ORIENTED_EDGE('',*,*,#4854,.F.);
#5702 = ORIENTED_EDGE('',*,*,#4878,.F.);
#5703 = ORIENTED_EDGE('',*,*,#4902,.T.);
#5704 = PLANE('',#5705);
#5705 = AXIS2_PLACEMENT_3D('',#5706,#5707,#5708);
#5706 = CARTESIAN_POINT('',(2.22,-5.4,8.54));
#5707 = DIRECTION('',(0.,0.,1.));
#5708 = DIRECTION('',(1.,0.,-0.));
#5709 = ADVANCED_FACE('',(#5710),#5716,.T.);
#5710 = FACE_BOUND('',#5711,.T.);
#5711 = EDGE_LOOP('',(#5712,#5713,#5714,#5715));
#5712 = ORIENTED_EDGE('',*,*,#4950,.T.);
#5713 = ORIENTED_EDGE('',*,*,#4974,.F.);
#5714 = ORIENTED_EDGE('',*,*,#4998,.F.);
#5715 = ORIENTED_EDGE('',*,*,#5015,.T.);
#5716 = PLANE('',#5717);
#5717 = AXIS2_PLACEMENT_3D('',#5718,#5719,#5720);
#5718 = CARTESIAN_POINT('',(-0.32,-5.4,8.54));
#5719 = DIRECTION('',(0.,0.,1.));
#5720 = DIRECTION('',(1.,0.,-0.));
#5721 = ADVANCED_FACE('',(#5722),#5728,.T.);
#5722 = FACE_BOUND('',#5723,.T.);
#5723 = EDGE_LOOP('',(#5724,#5725,#5726,#5727));
#5724 = ORIENTED_EDGE('',*,*,#5111,.T.);
#5725 = ORIENTED_EDGE('',*,*,#5046,.F.);
#5726 = ORIENTED_EDGE('',*,*,#5070,.F.);
#5727 = ORIENTED_EDGE('',*,*,#5094,.T.);
#5728 = PLANE('',#5729);
#5729 = AXIS2_PLACEMENT_3D('',#5730,#5731,#5732);
#5730 = CARTESIAN_POINT('',(-0.32,-0.32,8.54));
#5731 = DIRECTION('',(0.,0.,1.));
#5732 = DIRECTION('',(1.,0.,-0.));
#5733 = ADVANCED_FACE('',(#5734),#5740,.T.);
#5734 = FACE_BOUND('',#5735,.T.);
#5735 = EDGE_LOOP('',(#5736,#5737,#5738,#5739));
#5736 = ORIENTED_EDGE('',*,*,#5142,.T.);
#5737 = ORIENTED_EDGE('',*,*,#5166,.F.);
#5738 = ORIENTED_EDGE('',*,*,#5190,.F.);
#5739 = ORIENTED_EDGE('',*,*,#5207,.T.);
#5740 = PLANE('',#5741);
#5741 = AXIS2_PLACEMENT_3D('',#5742,#5743,#5744);
#5742 = CARTESIAN_POINT('',(-0.32,-2.86,8.54));
#5743 = DIRECTION('',(0.,0.,1.));
#5744 = DIRECTION('',(1.,0.,-0.));
#5745 = ADVANCED_FACE('',(#5746),#5752,.T.);
#5746 = FACE_BOUND('',#5747,.T.);
#5747 = EDGE_LOOP('',(#5748,#5749,#5750,#5751));
#5748 = ORIENTED_EDGE('',*,*,#5303,.T.);
#5749 = ORIENTED_EDGE('',*,*,#5238,.F.);
#5750 = ORIENTED_EDGE('',*,*,#5262,.F.);
#5751 = ORIENTED_EDGE('',*,*,#5286,.T.);
#5752 = PLANE('',#5753);
#5753 = AXIS2_PLACEMENT_3D('',#5754,#5755,#5756);
#5754 = CARTESIAN_POINT('',(2.22,-0.32,8.54));
#5755 = DIRECTION('',(0.,0.,1.));
#5756 = DIRECTION('',(1.,0.,-0.));
#5757 = ADVANCED_FACE('',(#5758),#5764,.T.);
#5758 = FACE_BOUND('',#5759,.T.);
#5759 = EDGE_LOOP('',(#5760,#5761,#5762,#5763));
#5760 = ORIENTED_EDGE('',*,*,#5399,.T.);
#5761 = ORIENTED_EDGE('',*,*,#5334,.F.);
#5762 = ORIENTED_EDGE('',*,*,#5358,.F.);
#5763 = ORIENTED_EDGE('',*,*,#5382,.T.);
#5764 = PLANE('',#5765);
#5765 = AXIS2_PLACEMENT_3D('',#5766,#5767,#5768);
#5766 = CARTESIAN_POINT('',(2.22,-2.86,8.54));
#5767 = DIRECTION('',(0.,0.,1.));
#5768 = DIRECTION('',(1.,0.,-0.));
#5769 = ADVANCED_FACE('',(#5770),#5776,.T.);
#5770 = FACE_BOUND('',#5771,.T.);
#5771 = EDGE_LOOP('',(#5772,#5773,#5774,#5775));
#5772 = ORIENTED_EDGE('',*,*,#5454,.T.);
#5773 = ORIENTED_EDGE('',*,*,#5478,.F.);
#5774 = ORIENTED_EDGE('',*,*,#5495,.F.);
#5775 = ORIENTED_EDGE('',*,*,#5430,.T.);
#5776 = PLANE('',#5777);
#5777 = AXIS2_PLACEMENT_3D('',#5778,#5779,#5780);
#5778 = CARTESIAN_POINT('',(-0.32,-7.94,8.54));
#5779 = DIRECTION('',(0.,0.,1.));
#5780 = DIRECTION('',(1.,0.,-0.));
#5781 = ADVANCED_FACE('',(#5782),#5788,.T.);
#5782 = FACE_BOUND('',#5783,.T.);
#5783 = EDGE_LOOP('',(#5784,#5785,#5786,#5787));
#5784 = ORIENTED_EDGE('',*,*,#5591,.T.);
#5785 = ORIENTED_EDGE('',*,*,#5526,.F.);
#5786 = ORIENTED_EDGE('',*,*,#5550,.F.);
#5787 = ORIENTED_EDGE('',*,*,#5574,.T.);
#5788 = PLANE('',#5789);
#5789 = AXIS2_PLACEMENT_3D('',#5790,#5791,#5792);
#5790 = CARTESIAN_POINT('',(2.22,-7.94,8.54));
#5791 = DIRECTION('',(0.,0.,1.));
#5792 = DIRECTION('',(1.,0.,-0.));
#5793 = ( GEOMETRIC_REPRESENTATION_CONTEXT(3) 
GLOBAL_UNCERTAINTY_ASSIGNED_CONTEXT((#5797)) 
GLOBAL_UNIT_ASSIGNED_CONTEXT((#5794,#5795,#5796)) REPRESENTATION_CONTEXT
('Context #1','3D Context with UNIT and UNCERTAINTY') );
#5794 = ( LENGTH_UNIT() NAMED_UNIT(*) SI_UNIT(.MILLI.,.METRE.) );
#5795 = ( NAMED_UNIT(*) PLANE_ANGLE_UNIT() SI_UNIT($,.RADIAN.) );
#5796 = ( NAMED_UNIT(*) SI_UNIT($,.STERADIAN.) SOLID_ANGLE_UNIT() );
#5797 = UNCERTAINTY_MEASURE_WITH_UNIT(LENGTH_MEASURE(1.E-07),#5794,
  'distance_accuracy_value','confusion accuracy');
#5798 = CONTEXT_DEPENDENT_SHAPE_REPRESENTATION(#5799,#5801);
#5799 = ( REPRESENTATION_RELATIONSHIP('','',#1108,#10) 
REPRESENTATION_RELATIONSHIP_WITH_TRANSFORMATION(#5800) 
SHAPE_REPRESENTATION_RELATIONSHIP() );
#5800 = ITEM_DEFINED_TRANSFORMATION('','',#11,#19);
#5801 = PRODUCT_DEFINITION_SHAPE('Placement','Placement of an item',
  #5802);
#5802 = NEXT_ASSEMBLY_USAGE_OCCURRENCE('3','REF**','',#5,#1103,$);
#5803 = PRODUCT_RELATED_PRODUCT_CATEGORY('part',$,(#1105));
#5804 = SHAPE_DEFINITION_REPRESENTATION(#5805,#5811);
#5805 = PRODUCT_DEFINITION_SHAPE('','',#5806);
#5806 = PRODUCT_DEFINITION('design','',#5807,#5810);
#5807 = PRODUCT_DEFINITION_FORMATION('','',#5808);
#5808 = PRODUCT('PinSocket_2x04_P2.54mm_Vertical',
  'PinSocket_2x04_P2.54mm_Vertical','',(#5809));
#5809 = PRODUCT_CONTEXT('',#2,'mechanical');
#5810 = PRODUCT_DEFINITION_CONTEXT('part definition',#2,'design');
#5811 = ADVANCED_BREP_SHAPE_REPRESENTATION('',(#11,#5812),#12302);
#5812 = MANIFOLD_SOLID_BREP('',#5813);
#5813 = CLOSED_SHELL('',(#5814,#5854,#5917,#5980,#5997,#6286,#6308,#6325
    ,#6870,#6882,#6894,#6925,#6949,#6973,#6990,#7021,#7045,#7069,#7086,
    #7117,#7141,#7165,#7182,#7213,#7237,#7261,#7278,#7309,#7333,#7357,
    #7374,#7405,#7429,#7453,#7470,#7501,#7525,#7549,#7566,#7597,#7621,
    #7645,#7662,#7679,#7726,#7743,#7790,#7807,#7854,#7871,#7918,#7935,
    #7982,#7999,#8046,#8063,#8110,#8127,#8174,#8191,#8238,#8255,#8302,
    #8319,#8366,#8383,#8430,#8447,#8494,#8511,#8558,#8575,#8622,#8639,
    #8686,#8717,#8773,#8797,#8846,#8877,#8933,#8957,#9006,#9037,#9093,
    #9117,#9166,#9197,#9253,#9277,#9326,#9357,#9413,#9437,#9486,#9517,
    #9573,#9597,#9646,#9677,#9733,#9757,#9806,#9837,#9893,#9917,#9966,
    #9983,#10000,#10017,#10034,#10046,#10063,#10080,#10097,#10114,#10126
    ,#10143,#10160,#10177,#10194,#10206,#10223,#10240,#10257,#10274,
    #10286,#10303,#10320,#10337,#10354,#10366,#10383,#10400,#10417,
    #10434,#10446,#10463,#10480,#10497,#10514,#10526,#10543,#10560,
    #10577,#10594,#10606,#10623,#10640,#10689,#10713,#10755,#10772,
    #10789,#10806,#10855,#10879,#10921,#10938,#10955,#10972,#11021,
    #11045,#11087,#11104,#11121,#11138,#11187,#11211,#11253,#11270,
    #11287,#11304,#11353,#11377,#11419,#11436,#11453,#11470,#11519,
    #11543,#11585,#11602,#11619,#11636,#11685,#11709,#11751,#11768,
    #11785,#11802,#11851,#11875,#11917,#11934,#11951,#11968,#11980,
    #11997,#12014,#12026,#12043,#12060,#12072,#12089,#12106,#12118,
    #12135,#12152,#12164,#12181,#12198,#12210,#12227,#12244,#12256,
    #12273,#12290));
#5814 = ADVANCED_FACE('',(#5815),#5849,.F.);
#5815 = FACE_BOUND('',#5816,.F.);
#5816 = EDGE_LOOP('',(#5817,#5827,#5835,#5843));
#5817 = ORIENTED_EDGE('',*,*,#5818,.T.);
#5818 = EDGE_CURVE('',#5819,#5821,#5823,.T.);
#5819 = VERTEX_POINT('',#5820);
#5820 = CARTESIAN_POINT('',(1.27,-8.89,0.));
#5821 = VERTEX_POINT('',#5822);
#5822 = CARTESIAN_POINT('',(1.27,-8.89,8.5));
#5823 = LINE('',#5824,#5825);
#5824 = CARTESIAN_POINT('',(1.27,-8.89,0.));
#5825 = VECTOR('',#5826,1.);
#5826 = DIRECTION('',(0.,0.,1.));
#5827 = ORIENTED_EDGE('',*,*,#5828,.T.);
#5828 = EDGE_CURVE('',#5821,#5829,#5831,.T.);
#5829 = VERTEX_POINT('',#5830);
#5830 = CARTESIAN_POINT('',(1.27,1.27,8.5));
#5831 = LINE('',#5832,#5833);
#5832 = CARTESIAN_POINT('',(1.27,-8.89,8.5));
#5833 = VECTOR('',#5834,1.);
#5834 = DIRECTION('',(1.110223024625E-16,1.,0.));
#5835 = ORIENTED_EDGE('',*,*,#5836,.F.);
#5836 = EDGE_CURVE('',#5837,#5829,#5839,.T.);
#5837 = VERTEX_POINT('',#5838);
#5838 = CARTESIAN_POINT('',(1.27,1.27,0.));
#5839 = LINE('',#5840,#5841);
#5840 = CARTESIAN_POINT('',(1.27,1.27,0.));
#5841 = VECTOR('',#5842,1.);
#5842 = DIRECTION('',(0.,0.,1.));
#5843 = ORIENTED_EDGE('',*,*,#5844,.F.);
#5844 = EDGE_CURVE('',#5819,#5837,#5845,.T.);
#5845 = LINE('',#5846,#5847);
#5846 = CARTESIAN_POINT('',(1.27,-8.89,0.));
#5847 = VECTOR('',#5848,1.);
#5848 = DIRECTION('',(1.110223024625E-16,1.,0.));
#5849 = PLANE('',#5850);
#5850 = AXIS2_PLACEMENT_3D('',#5851,#5852,#5853);
#5851 = CARTESIAN_POINT('',(1.27,-8.89,0.));
#5852 = DIRECTION('',(-1.,1.110223024625E-16,0.));
#5853 = DIRECTION('',(1.110223024625E-16,1.,0.));
#5854 = ADVANCED_FACE('',(#5855),#5912,.F.);
#5855 = FACE_BOUND('',#5856,.F.);
#5856 = EDGE_LOOP('',(#5857,#5867,#5875,#5881,#5882,#5890,#5898,#5906));
#5857 = ORIENTED_EDGE('',*,*,#5858,.F.);
#5858 = EDGE_CURVE('',#5859,#5861,#5863,.T.);
#5859 = VERTEX_POINT('',#5860);
#5860 = CARTESIAN_POINT('',(-3.81,-8.89,0.));
#5861 = VERTEX_POINT('',#5862);
#5862 = CARTESIAN_POINT('',(-2.963333333333,-8.89,0.));
#5863 = LINE('',#5864,#5865);
#5864 = CARTESIAN_POINT('',(-3.81,-8.89,0.));
#5865 = VECTOR('',#5866,1.);
#5866 = DIRECTION('',(1.,-1.110223024625E-16,0.));
#5867 = ORIENTED_EDGE('',*,*,#5868,.T.);
#5868 = EDGE_CURVE('',#5859,#5869,#5871,.T.);
#5869 = VERTEX_POINT('',#5870);
#5870 = CARTESIAN_POINT('',(-3.81,-8.89,8.5));
#5871 = LINE('',#5872,#5873);
#5872 = CARTESIAN_POINT('',(-3.81,-8.89,0.));
#5873 = VECTOR('',#5874,1.);
#5874 = DIRECTION('',(0.,0.,1.));
#5875 = ORIENTED_EDGE('',*,*,#5876,.T.);
#5876 = EDGE_CURVE('',#5869,#5821,#5877,.T.);
#5877 = LINE('',#5878,#5879);
#5878 = CARTESIAN_POINT('',(-3.81,-8.89,8.5));
#5879 = VECTOR('',#5880,1.);
#5880 = DIRECTION('',(1.,-1.110223024625E-16,0.));
#5881 = ORIENTED_EDGE('',*,*,#5818,.F.);
#5882 = ORIENTED_EDGE('',*,*,#5883,.F.);
#5883 = EDGE_CURVE('',#5884,#5819,#5886,.T.);
#5884 = VERTEX_POINT('',#5885);
#5885 = CARTESIAN_POINT('',(0.423333333333,-8.89,0.));
#5886 = LINE('',#5887,#5888);
#5887 = CARTESIAN_POINT('',(-3.81,-8.89,0.));
#5888 = VECTOR('',#5889,1.);
#5889 = DIRECTION('',(1.,-1.110223024625E-16,0.));
#5890 = ORIENTED_EDGE('',*,*,#5891,.T.);
#5891 = EDGE_CURVE('',#5884,#5892,#5894,.T.);
#5892 = VERTEX_POINT('',#5893);
#5893 = CARTESIAN_POINT('',(0.423333333333,-8.89,0.2));
#5894 = LINE('',#5895,#5896);
#5895 = CARTESIAN_POINT('',(0.423333333333,-8.89,0.));
#5896 = VECTOR('',#5897,1.);
#5897 = DIRECTION('',(0.,0.,1.));
#5898 = ORIENTED_EDGE('',*,*,#5899,.F.);
#5899 = EDGE_CURVE('',#5900,#5892,#5902,.T.);
#5900 = VERTEX_POINT('',#5901);
#5901 = CARTESIAN_POINT('',(-2.963333333333,-8.89,0.2));
#5902 = LINE('',#5903,#5904);
#5903 = CARTESIAN_POINT('',(-2.963333333333,-8.89,0.2));
#5904 = VECTOR('',#5905,1.);
#5905 = DIRECTION('',(1.,-1.110223024625E-16,0.));
#5906 = ORIENTED_EDGE('',*,*,#5907,.F.);
#5907 = EDGE_CURVE('',#5861,#5900,#5908,.T.);
#5908 = LINE('',#5909,#5910);
#5909 = CARTESIAN_POINT('',(-2.963333333333,-8.89,0.));
#5910 = VECTOR('',#5911,1.);
#5911 = DIRECTION('',(0.,0.,1.));
#5912 = PLANE('',#5913);
#5913 = AXIS2_PLACEMENT_3D('',#5914,#5915,#5916);
#5914 = CARTESIAN_POINT('',(-3.81,-8.89,0.));
#5915 = DIRECTION('',(1.110223024625E-16,1.,0.));
#5916 = DIRECTION('',(1.,-1.110223024625E-16,0.));
#5917 = ADVANCED_FACE('',(#5918),#5975,.F.);
#5918 = FACE_BOUND('',#5919,.F.);
#5919 = EDGE_LOOP('',(#5920,#5928,#5929,#5937,#5945,#5953,#5961,#5969));
#5920 = ORIENTED_EDGE('',*,*,#5921,.F.);
#5921 = EDGE_CURVE('',#5837,#5922,#5924,.T.);
#5922 = VERTEX_POINT('',#5923);
#5923 = CARTESIAN_POINT('',(0.423333333333,1.27,0.));
#5924 = LINE('',#5925,#5926);
#5925 = CARTESIAN_POINT('',(1.27,1.27,0.));
#5926 = VECTOR('',#5927,1.);
#5927 = DIRECTION('',(-1.,1.110223024625E-16,0.));
#5928 = ORIENTED_EDGE('',*,*,#5836,.T.);
#5929 = ORIENTED_EDGE('',*,*,#5930,.T.);
#5930 = EDGE_CURVE('',#5829,#5931,#5933,.T.);
#5931 = VERTEX_POINT('',#5932);
#5932 = CARTESIAN_POINT('',(-3.81,1.27,8.5));
#5933 = LINE('',#5934,#5935);
#5934 = CARTESIAN_POINT('',(1.27,1.27,8.5));
#5935 = VECTOR('',#5936,1.);
#5936 = DIRECTION('',(-1.,1.110223024625E-16,0.));
#5937 = ORIENTED_EDGE('',*,*,#5938,.F.);
#5938 = EDGE_CURVE('',#5939,#5931,#5941,.T.);
#5939 = VERTEX_POINT('',#5940);
#5940 = CARTESIAN_POINT('',(-3.81,1.27,0.));
#5941 = LINE('',#5942,#5943);
#5942 = CARTESIAN_POINT('',(-3.81,1.27,0.));
#5943 = VECTOR('',#5944,1.);
#5944 = DIRECTION('',(0.,0.,1.));
#5945 = ORIENTED_EDGE('',*,*,#5946,.F.);
#5946 = EDGE_CURVE('',#5947,#5939,#5949,.T.);
#5947 = VERTEX_POINT('',#5948);
#5948 = CARTESIAN_POINT('',(-2.963333333333,1.27,0.));
#5949 = LINE('',#5950,#5951);
#5950 = CARTESIAN_POINT('',(1.27,1.27,0.));
#5951 = VECTOR('',#5952,1.);
#5952 = DIRECTION('',(-1.,1.110223024625E-16,0.));
#5953 = ORIENTED_EDGE('',*,*,#5954,.T.);
#5954 = EDGE_CURVE('',#5947,#5955,#5957,.T.);
#5955 = VERTEX_POINT('',#5956);
#5956 = CARTESIAN_POINT('',(-2.963333333333,1.27,0.2));
#5957 = LINE('',#5958,#5959);
#5958 = CARTESIAN_POINT('',(-2.963333333333,1.27,0.));
#5959 = VECTOR('',#5960,1.);
#5960 = DIRECTION('',(0.,0.,1.));
#5961 = ORIENTED_EDGE('',*,*,#5962,.F.);
#5962 = EDGE_CURVE('',#5963,#5955,#5965,.T.);
#5963 = VERTEX_POINT('',#5964);
#5964 = CARTESIAN_POINT('',(0.423333333333,1.27,0.2));
#5965 = LINE('',#5966,#5967);
#5966 = CARTESIAN_POINT('',(0.423333333333,1.27,0.2));
#5967 = VECTOR('',#5968,1.);
#5968 = DIRECTION('',(-1.,1.110223024625E-16,0.));
#5969 = ORIENTED_EDGE('',*,*,#5970,.F.);
#5970 = EDGE_CURVE('',#5922,#5963,#5971,.T.);
#5971 = LINE('',#5972,#5973);
#5972 = CARTESIAN_POINT('',(0.423333333333,1.27,0.));
#5973 = VECTOR('',#5974,1.);
#5974 = DIRECTION('',(0.,0.,1.));
#5975 = PLANE('',#5976);
#5976 = AXIS2_PLACEMENT_3D('',#5977,#5978,#5979);
#5977 = CARTESIAN_POINT('',(1.27,1.27,0.));
#5978 = DIRECTION('',(-1.110223024625E-16,-1.,0.));
#5979 = DIRECTION('',(-1.,1.110223024625E-16,0.));
#5980 = ADVANCED_FACE('',(#5981),#5992,.F.);
#5981 = FACE_BOUND('',#5982,.F.);
#5982 = EDGE_LOOP('',(#5983,#5984,#5985,#5986));
#5983 = ORIENTED_EDGE('',*,*,#5883,.T.);
#5984 = ORIENTED_EDGE('',*,*,#5844,.T.);
#5985 = ORIENTED_EDGE('',*,*,#5921,.T.);
#5986 = ORIENTED_EDGE('',*,*,#5987,.F.);
#5987 = EDGE_CURVE('',#5884,#5922,#5988,.T.);
#5988 = LINE('',#5989,#5990);
#5989 = CARTESIAN_POINT('',(0.423333333333,-8.89,0.));
#5990 = VECTOR('',#5991,1.);
#5991 = DIRECTION('',(1.110223024625E-16,1.,0.));
#5992 = PLANE('',#5993);
#5993 = AXIS2_PLACEMENT_3D('',#5994,#5995,#5996);
#5994 = CARTESIAN_POINT('',(-1.27,-3.81,0.));
#5995 = DIRECTION('',(0.,0.,1.));
#5996 = DIRECTION('',(1.110223024625E-16,1.,-0.));
#5997 = ADVANCED_FACE('',(#5998,#6009,#6043,#6077,#6111,#6145,#6179,
    #6213,#6247),#6281,.T.);
#5998 = FACE_BOUND('',#5999,.T.);
#5999 = EDGE_LOOP('',(#6000,#6001,#6002,#6008));
#6000 = ORIENTED_EDGE('',*,*,#5828,.T.);
#6001 = ORIENTED_EDGE('',*,*,#5930,.T.);
#6002 = ORIENTED_EDGE('',*,*,#6003,.T.);
#6003 = EDGE_CURVE('',#5931,#5869,#6004,.T.);
#6004 = LINE('',#6005,#6006);
#6005 = CARTESIAN_POINT('',(-3.81,1.27,8.5));
#6006 = VECTOR('',#6007,1.);
#6007 = DIRECTION('',(-1.110223024625E-16,-1.,0.));
#6008 = ORIENTED_EDGE('',*,*,#5876,.T.);
#6009 = FACE_BOUND('',#6010,.T.);
#6010 = EDGE_LOOP('',(#6011,#6021,#6029,#6037));
#6011 = ORIENTED_EDGE('',*,*,#6012,.F.);
#6012 = EDGE_CURVE('',#6013,#6015,#6017,.T.);
#6013 = VERTEX_POINT('',#6014);
#6014 = CARTESIAN_POINT('',(-0.6,-7.02,8.5));
#6015 = VERTEX_POINT('',#6016);
#6016 = CARTESIAN_POINT('',(-0.6,-8.22,8.5));
#6017 = LINE('',#6018,#6019);
#6018 = CARTESIAN_POINT('',(-0.6,-7.02,8.5));
#6019 = VECTOR('',#6020,1.);
#6020 = DIRECTION('',(-2.334869823773E-16,-1.,0.));
#6021 = ORIENTED_EDGE('',*,*,#6022,.F.);
#6022 = EDGE_CURVE('',#6023,#6013,#6025,.T.);
#6023 = VERTEX_POINT('',#6024);
#6024 = CARTESIAN_POINT('',(0.6,-7.02,8.5));
#6025 = LINE('',#6026,#6027);
#6026 = CARTESIAN_POINT('',(0.6,-7.02,8.5));
#6027 = VECTOR('',#6028,1.);
#6028 = DIRECTION('',(-1.,2.334869823773E-16,0.));
#6029 = ORIENTED_EDGE('',*,*,#6030,.F.);
#6030 = EDGE_CURVE('',#6031,#6023,#6033,.T.);
#6031 = VERTEX_POINT('',#6032);
#6032 = CARTESIAN_POINT('',(0.6,-8.22,8.5));
#6033 = LINE('',#6034,#6035);
#6034 = CARTESIAN_POINT('',(0.6,-8.22,8.5));
#6035 = VECTOR('',#6036,1.);
#6036 = DIRECTION('',(2.334869823773E-16,1.,0.));
#6037 = ORIENTED_EDGE('',*,*,#6038,.F.);
#6038 = EDGE_CURVE('',#6015,#6031,#6039,.T.);
#6039 = LINE('',#6040,#6041);
#6040 = CARTESIAN_POINT('',(-0.6,-8.22,8.5));
#6041 = VECTOR('',#6042,1.);
#6042 = DIRECTION('',(1.,-2.334869823773E-16,0.));
#6043 = FACE_BOUND('',#6044,.T.);
#6044 = EDGE_LOOP('',(#6045,#6055,#6063,#6071));
#6045 = ORIENTED_EDGE('',*,*,#6046,.F.);
#6046 = EDGE_CURVE('',#6047,#6049,#6051,.T.);
#6047 = VERTEX_POINT('',#6048);
#6048 = CARTESIAN_POINT('',(-0.6,-4.48,8.5));
#6049 = VERTEX_POINT('',#6050);
#6050 = CARTESIAN_POINT('',(-0.6,-5.68,8.5));
#6051 = LINE('',#6052,#6053);
#6052 = CARTESIAN_POINT('',(-0.6,-4.48,8.5));
#6053 = VECTOR('',#6054,1.);
#6054 = DIRECTION('',(-2.334869823773E-16,-1.,0.));
#6055 = ORIENTED_EDGE('',*,*,#6056,.F.);
#6056 = EDGE_CURVE('',#6057,#6047,#6059,.T.);
#6057 = VERTEX_POINT('',#6058);
#6058 = CARTESIAN_POINT('',(0.6,-4.48,8.5));
#6059 = LINE('',#6060,#6061);
#6060 = CARTESIAN_POINT('',(0.6,-4.48,8.5));
#6061 = VECTOR('',#6062,1.);
#6062 = DIRECTION('',(-1.,2.334869823773E-16,0.));
#6063 = ORIENTED_EDGE('',*,*,#6064,.F.);
#6064 = EDGE_CURVE('',#6065,#6057,#6067,.T.);
#6065 = VERTEX_POINT('',#6066);
#6066 = CARTESIAN_POINT('',(0.6,-5.68,8.5));
#6067 = LINE('',#6068,#6069);
#6068 = CARTESIAN_POINT('',(0.6,-5.68,8.5));
#6069 = VECTOR('',#6070,1.);
#6070 = DIRECTION('',(2.334869823773E-16,1.,0.));
#6071 = ORIENTED_EDGE('',*,*,#6072,.F.);
#6072 = EDGE_CURVE('',#6049,#6065,#6073,.T.);
#6073 = LINE('',#6074,#6075);
#6074 = CARTESIAN_POINT('',(-0.6,-5.68,8.5));
#6075 = VECTOR('',#6076,1.);
#6076 = DIRECTION('',(1.,-2.334869823773E-16,0.));
#6077 = FACE_BOUND('',#6078,.T.);
#6078 = EDGE_LOOP('',(#6079,#6089,#6097,#6105));
#6079 = ORIENTED_EDGE('',*,*,#6080,.F.);
#6080 = EDGE_CURVE('',#6081,#6083,#6085,.T.);
#6081 = VERTEX_POINT('',#6082);
#6082 = CARTESIAN_POINT('',(-0.6,-1.94,8.5));
#6083 = VERTEX_POINT('',#6084);
#6084 = CARTESIAN_POINT('',(-0.6,-3.14,8.5));
#6085 = LINE('',#6086,#6087);
#6086 = CARTESIAN_POINT('',(-0.6,-1.94,8.5));
#6087 = VECTOR('',#6088,1.);
#6088 = DIRECTION('',(-2.334869823773E-16,-1.,0.));
#6089 = ORIENTED_EDGE('',*,*,#6090,.F.);
#6090 = EDGE_CURVE('',#6091,#6081,#6093,.T.);
#6091 = VERTEX_POINT('',#6092);
#6092 = CARTESIAN_POINT('',(0.6,-1.94,8.5));
#6093 = LINE('',#6094,#6095);
#6094 = CARTESIAN_POINT('',(0.6,-1.94,8.5));
#6095 = VECTOR('',#6096,1.);
#6096 = DIRECTION('',(-1.,2.334869823773E-16,0.));
#6097 = ORIENTED_EDGE('',*,*,#6098,.F.);
#6098 = EDGE_CURVE('',#6099,#6091,#6101,.T.);
#6099 = VERTEX_POINT('',#6100);
#6100 = CARTESIAN_POINT('',(0.6,-3.14,8.5));
#6101 = LINE('',#6102,#6103);
#6102 = CARTESIAN_POINT('',(0.6,-3.14,8.5));
#6103 = VECTOR('',#6104,1.);
#6104 = DIRECTION('',(2.334869823773E-16,1.,0.));
#6105 = ORIENTED_EDGE('',*,*,#6106,.F.);
#6106 = EDGE_CURVE('',#6083,#6099,#6107,.T.);
#6107 = LINE('',#6108,#6109);
#6108 = CARTESIAN_POINT('',(-0.6,-3.14,8.5));
#6109 = VECTOR('',#6110,1.);
#6110 = DIRECTION('',(1.,-2.334869823773E-16,0.));
#6111 = FACE_BOUND('',#6112,.T.);
#6112 = EDGE_LOOP('',(#6113,#6123,#6131,#6139));
#6113 = ORIENTED_EDGE('',*,*,#6114,.F.);
#6114 = EDGE_CURVE('',#6115,#6117,#6119,.T.);
#6115 = VERTEX_POINT('',#6116);
#6116 = CARTESIAN_POINT('',(-0.6,0.6,8.5));
#6117 = VERTEX_POINT('',#6118);
#6118 = CARTESIAN_POINT('',(-0.6,-0.6,8.5));
#6119 = LINE('',#6120,#6121);
#6120 = CARTESIAN_POINT('',(-0.6,0.6,8.5));
#6121 = VECTOR('',#6122,1.);
#6122 = DIRECTION('',(-2.334869823773E-16,-1.,0.));
#6123 = ORIENTED_EDGE('',*,*,#6124,.F.);
#6124 = EDGE_CURVE('',#6125,#6115,#6127,.T.);
#6125 = VERTEX_POINT('',#6126);
#6126 = CARTESIAN_POINT('',(0.6,0.6,8.5));
#6127 = LINE('',#6128,#6129);
#6128 = CARTESIAN_POINT('',(0.6,0.6,8.5));
#6129 = VECTOR('',#6130,1.);
#6130 = DIRECTION('',(-1.,2.334869823773E-16,0.));
#6131 = ORIENTED_EDGE('',*,*,#6132,.F.);
#6132 = EDGE_CURVE('',#6133,#6125,#6135,.T.);
#6133 = VERTEX_POINT('',#6134);
#6134 = CARTESIAN_POINT('',(0.6,-0.6,8.5));
#6135 = LINE('',#6136,#6137);
#6136 = CARTESIAN_POINT('',(0.6,-0.6,8.5));
#6137 = VECTOR('',#6138,1.);
#6138 = DIRECTION('',(2.334869823773E-16,1.,0.));
#6139 = ORIENTED_EDGE('',*,*,#6140,.F.);
#6140 = EDGE_CURVE('',#6117,#6133,#6141,.T.);
#6141 = LINE('',#6142,#6143);
#6142 = CARTESIAN_POINT('',(-0.6,-0.6,8.5));
#6143 = VECTOR('',#6144,1.);
#6144 = DIRECTION('',(1.,-2.334869823773E-16,0.));
#6145 = FACE_BOUND('',#6146,.T.);
#6146 = EDGE_LOOP('',(#6147,#6157,#6165,#6173));
#6147 = ORIENTED_EDGE('',*,*,#6148,.F.);
#6148 = EDGE_CURVE('',#6149,#6151,#6153,.T.);
#6149 = VERTEX_POINT('',#6150);
#6150 = CARTESIAN_POINT('',(-1.94,-8.22,8.5));
#6151 = VERTEX_POINT('',#6152);
#6152 = CARTESIAN_POINT('',(-1.94,-7.02,8.5));
#6153 = LINE('',#6154,#6155);
#6154 = CARTESIAN_POINT('',(-1.94,-8.22,8.5));
#6155 = VECTOR('',#6156,1.);
#6156 = DIRECTION('',(1.110223024625E-16,1.,0.));
#6157 = ORIENTED_EDGE('',*,*,#6158,.F.);
#6158 = EDGE_CURVE('',#6159,#6149,#6161,.T.);
#6159 = VERTEX_POINT('',#6160);
#6160 = CARTESIAN_POINT('',(-3.14,-8.22,8.5));
#6161 = LINE('',#6162,#6163);
#6162 = CARTESIAN_POINT('',(-3.14,-8.22,8.5));
#6163 = VECTOR('',#6164,1.);
#6164 = DIRECTION('',(1.,-1.110223024625E-16,0.));
#6165 = ORIENTED_EDGE('',*,*,#6166,.F.);
#6166 = EDGE_CURVE('',#6167,#6159,#6169,.T.);
#6167 = VERTEX_POINT('',#6168);
#6168 = CARTESIAN_POINT('',(-3.14,-7.02,8.5));
#6169 = LINE('',#6170,#6171);
#6170 = CARTESIAN_POINT('',(-3.14,-7.02,8.5));
#6171 = VECTOR('',#6172,1.);
#6172 = DIRECTION('',(-1.110223024625E-16,-1.,0.));
#6173 = ORIENTED_EDGE('',*,*,#6174,.F.);
#6174 = EDGE_CURVE('',#6151,#6167,#6175,.T.);
#6175 = LINE('',#6176,#6177);
#6176 = CARTESIAN_POINT('',(-1.94,-7.02,8.5));
#6177 = VECTOR('',#6178,1.);
#6178 = DIRECTION('',(-1.,1.110223024625E-16,0.));
#6179 = FACE_BOUND('',#6180,.T.);
#6180 = EDGE_LOOP('',(#6181,#6191,#6199,#6207));
#6181 = ORIENTED_EDGE('',*,*,#6182,.F.);
#6182 = EDGE_CURVE('',#6183,#6185,#6187,.T.);
#6183 = VERTEX_POINT('',#6184);
#6184 = CARTESIAN_POINT('',(-1.94,-5.68,8.5));
#6185 = VERTEX_POINT('',#6186);
#6186 = CARTESIAN_POINT('',(-1.94,-4.48,8.5));
#6187 = LINE('',#6188,#6189);
#6188 = CARTESIAN_POINT('',(-1.94,-5.68,8.5));
#6189 = VECTOR('',#6190,1.);
#6190 = DIRECTION('',(1.110223024625E-16,1.,0.));
#6191 = ORIENTED_EDGE('',*,*,#6192,.F.);
#6192 = EDGE_CURVE('',#6193,#6183,#6195,.T.);
#6193 = VERTEX_POINT('',#6194);
#6194 = CARTESIAN_POINT('',(-3.14,-5.68,8.5));
#6195 = LINE('',#6196,#6197);
#6196 = CARTESIAN_POINT('',(-3.14,-5.68,8.5));
#6197 = VECTOR('',#6198,1.);
#6198 = DIRECTION('',(1.,-1.110223024625E-16,0.));
#6199 = ORIENTED_EDGE('',*,*,#6200,.F.);
#6200 = EDGE_CURVE('',#6201,#6193,#6203,.T.);
#6201 = VERTEX_POINT('',#6202);
#6202 = CARTESIAN_POINT('',(-3.14,-4.48,8.5));
#6203 = LINE('',#6204,#6205);
#6204 = CARTESIAN_POINT('',(-3.14,-4.48,8.5));
#6205 = VECTOR('',#6206,1.);
#6206 = DIRECTION('',(-1.110223024625E-16,-1.,0.));
#6207 = ORIENTED_EDGE('',*,*,#6208,.F.);
#6208 = EDGE_CURVE('',#6185,#6201,#6209,.T.);
#6209 = LINE('',#6210,#6211);
#6210 = CARTESIAN_POINT('',(-1.94,-4.48,8.5));
#6211 = VECTOR('',#6212,1.);
#6212 = DIRECTION('',(-1.,1.110223024625E-16,0.));
#6213 = FACE_BOUND('',#6214,.T.);
#6214 = EDGE_LOOP('',(#6215,#6225,#6233,#6241));
#6215 = ORIENTED_EDGE('',*,*,#6216,.F.);
#6216 = EDGE_CURVE('',#6217,#6219,#6221,.T.);
#6217 = VERTEX_POINT('',#6218);
#6218 = CARTESIAN_POINT('',(-1.94,-3.14,8.5));
#6219 = VERTEX_POINT('',#6220);
#6220 = CARTESIAN_POINT('',(-1.94,-1.94,8.5));
#6221 = LINE('',#6222,#6223);
#6222 = CARTESIAN_POINT('',(-1.94,-3.14,8.5));
#6223 = VECTOR('',#6224,1.);
#6224 = DIRECTION('',(1.110223024625E-16,1.,0.));
#6225 = ORIENTED_EDGE('',*,*,#6226,.F.);
#6226 = EDGE_CURVE('',#6227,#6217,#6229,.T.);
#6227 = VERTEX_POINT('',#6228);
#6228 = CARTESIAN_POINT('',(-3.14,-3.14,8.5));
#6229 = LINE('',#6230,#6231);
#6230 = CARTESIAN_POINT('',(-3.14,-3.14,8.5));
#6231 = VECTOR('',#6232,1.);
#6232 = DIRECTION('',(1.,-1.110223024625E-16,0.));
#6233 = ORIENTED_EDGE('',*,*,#6234,.F.);
#6234 = EDGE_CURVE('',#6235,#6227,#6237,.T.);
#6235 = VERTEX_POINT('',#6236);
#6236 = CARTESIAN_POINT('',(-3.14,-1.94,8.5));
#6237 = LINE('',#6238,#6239);
#6238 = CARTESIAN_POINT('',(-3.14,-1.94,8.5));
#6239 = VECTOR('',#6240,1.);
#6240 = DIRECTION('',(-1.110223024625E-16,-1.,0.));
#6241 = ORIENTED_EDGE('',*,*,#6242,.F.);
#6242 = EDGE_CURVE('',#6219,#6235,#6243,.T.);
#6243 = LINE('',#6244,#6245);
#6244 = CARTESIAN_POINT('',(-1.94,-1.94,8.5));
#6245 = VECTOR('',#6246,1.);
#6246 = DIRECTION('',(-1.,1.110223024625E-16,0.));
#6247 = FACE_BOUND('',#6248,.T.);
#6248 = EDGE_LOOP('',(#6249,#6259,#6267,#6275));
#6249 = ORIENTED_EDGE('',*,*,#6250,.F.);
#6250 = EDGE_CURVE('',#6251,#6253,#6255,.T.);
#6251 = VERTEX_POINT('',#6252);
#6252 = CARTESIAN_POINT('',(-1.94,-0.6,8.5));
#6253 = VERTEX_POINT('',#6254);
#6254 = CARTESIAN_POINT('',(-1.94,0.6,8.5));
#6255 = LINE('',#6256,#6257);
#6256 = CARTESIAN_POINT('',(-1.94,-0.6,8.5));
#6257 = VECTOR('',#6258,1.);
#6258 = DIRECTION('',(1.110223024625E-16,1.,0.));
#6259 = ORIENTED_EDGE('',*,*,#6260,.F.);
#6260 = EDGE_CURVE('',#6261,#6251,#6263,.T.);
#6261 = VERTEX_POINT('',#6262);
#6262 = CARTESIAN_POINT('',(-3.14,-0.6,8.5));
#6263 = LINE('',#6264,#6265);
#6264 = CARTESIAN_POINT('',(-3.14,-0.6,8.5));
#6265 = VECTOR('',#6266,1.);
#6266 = DIRECTION('',(1.,-1.110223024625E-16,0.));
#6267 = ORIENTED_EDGE('',*,*,#6268,.F.);
#6268 = EDGE_CURVE('',#6269,#6261,#6271,.T.);
#6269 = VERTEX_POINT('',#6270);
#6270 = CARTESIAN_POINT('',(-3.14,0.6,8.5));
#6271 = LINE('',#6272,#6273);
#6272 = CARTESIAN_POINT('',(-3.14,0.6,8.5));
#6273 = VECTOR('',#6274,1.);
#6274 = DIRECTION('',(-1.110223024625E-16,-1.,0.));
#6275 = ORIENTED_EDGE('',*,*,#6276,.F.);
#6276 = EDGE_CURVE('',#6253,#6269,#6277,.T.);
#6277 = LINE('',#6278,#6279);
#6278 = CARTESIAN_POINT('',(-1.94,0.6,8.5));
#6279 = VECTOR('',#6280,1.);
#6280 = DIRECTION('',(-1.,1.110223024625E-16,0.));
#6281 = PLANE('',#6282);
#6282 = AXIS2_PLACEMENT_3D('',#6283,#6284,#6285);
#6283 = CARTESIAN_POINT('',(-1.27,-3.81,8.5));
#6284 = DIRECTION('',(0.,0.,1.));
#6285 = DIRECTION('',(1.110223024625E-16,1.,-0.));
#6286 = ADVANCED_FACE('',(#6287),#6303,.F.);
#6287 = FACE_BOUND('',#6288,.F.);
#6288 = EDGE_LOOP('',(#6289,#6290,#6296,#6297));
#6289 = ORIENTED_EDGE('',*,*,#5858,.T.);
#6290 = ORIENTED_EDGE('',*,*,#6291,.F.);
#6291 = EDGE_CURVE('',#5947,#5861,#6292,.T.);
#6292 = LINE('',#6293,#6294);
#6293 = CARTESIAN_POINT('',(-2.963333333333,1.27,0.));
#6294 = VECTOR('',#6295,1.);
#6295 = DIRECTION('',(-1.110223024625E-16,-1.,0.));
#6296 = ORIENTED_EDGE('',*,*,#5946,.T.);
#6297 = ORIENTED_EDGE('',*,*,#6298,.T.);
#6298 = EDGE_CURVE('',#5939,#5859,#6299,.T.);
#6299 = LINE('',#6300,#6301);
#6300 = CARTESIAN_POINT('',(-3.81,1.27,0.));
#6301 = VECTOR('',#6302,1.);
#6302 = DIRECTION('',(-1.110223024625E-16,-1.,0.));
#6303 = PLANE('',#6304);
#6304 = AXIS2_PLACEMENT_3D('',#6305,#6306,#6307);
#6305 = CARTESIAN_POINT('',(-1.27,-3.81,0.));
#6306 = DIRECTION('',(0.,0.,1.));
#6307 = DIRECTION('',(1.110223024625E-16,1.,-0.));
#6308 = ADVANCED_FACE('',(#6309),#6320,.T.);
#6309 = FACE_BOUND('',#6310,.T.);
#6310 = EDGE_LOOP('',(#6311,#6312,#6318,#6319));
#6311 = ORIENTED_EDGE('',*,*,#5954,.T.);
#6312 = ORIENTED_EDGE('',*,*,#6313,.T.);
#6313 = EDGE_CURVE('',#5955,#5900,#6314,.T.);
#6314 = LINE('',#6315,#6316);
#6315 = CARTESIAN_POINT('',(-2.963333333333,1.27,0.2));
#6316 = VECTOR('',#6317,1.);
#6317 = DIRECTION('',(-1.110223024625E-16,-1.,0.));
#6318 = ORIENTED_EDGE('',*,*,#5907,.F.);
#6319 = ORIENTED_EDGE('',*,*,#6291,.F.);
#6320 = PLANE('',#6321);
#6321 = AXIS2_PLACEMENT_3D('',#6322,#6323,#6324);
#6322 = CARTESIAN_POINT('',(-2.963333333333,1.27,0.));
#6323 = DIRECTION('',(1.,-1.110223024625E-16,0.));
#6324 = DIRECTION('',(-1.110223024625E-16,-1.,0.));
#6325 = ADVANCED_FACE('',(#6326,#6337,#6403,#6469,#6535,#6601,#6667,
    #6733,#6799),#6865,.F.);
#6326 = FACE_BOUND('',#6327,.F.);
#6327 = EDGE_LOOP('',(#6328,#6334,#6335,#6336));
#6328 = ORIENTED_EDGE('',*,*,#6329,.T.);
#6329 = EDGE_CURVE('',#5892,#5963,#6330,.T.);
#6330 = LINE('',#6331,#6332);
#6331 = CARTESIAN_POINT('',(0.423333333333,-8.89,0.2));
#6332 = VECTOR('',#6333,1.);
#6333 = DIRECTION('',(1.110223024625E-16,1.,0.));
#6334 = ORIENTED_EDGE('',*,*,#5962,.T.);
#6335 = ORIENTED_EDGE('',*,*,#6313,.T.);
#6336 = ORIENTED_EDGE('',*,*,#5899,.T.);
#6337 = FACE_BOUND('',#6338,.F.);
#6338 = EDGE_LOOP('',(#6339,#6349,#6357,#6365,#6373,#6381,#6389,#6397));
#6339 = ORIENTED_EDGE('',*,*,#6340,.F.);
#6340 = EDGE_CURVE('',#6341,#6343,#6345,.T.);
#6341 = VERTEX_POINT('',#6342);
#6342 = CARTESIAN_POINT('',(0.1,-7.17,0.2));
#6343 = VERTEX_POINT('',#6344);
#6344 = CARTESIAN_POINT('',(-0.1,-7.17,0.2));
#6345 = LINE('',#6346,#6347);
#6346 = CARTESIAN_POINT('',(0.1,-7.17,0.2));
#6347 = VECTOR('',#6348,1.);
#6348 = DIRECTION('',(-1.,2.334869823773E-16,0.));
#6349 = ORIENTED_EDGE('',*,*,#6350,.T.);
#6350 = EDGE_CURVE('',#6341,#6351,#6353,.T.);
#6351 = VERTEX_POINT('',#6352);
#6352 = CARTESIAN_POINT('',(0.1,-7.32,0.2));
#6353 = LINE('',#6354,#6355);
#6354 = CARTESIAN_POINT('',(0.1,-7.17,0.2));
#6355 = VECTOR('',#6356,1.);
#6356 = DIRECTION('',(-2.334869823773E-16,-1.,0.));
#6357 = ORIENTED_EDGE('',*,*,#6358,.F.);
#6358 = EDGE_CURVE('',#6359,#6351,#6361,.T.);
#6359 = VERTEX_POINT('',#6360);
#6360 = CARTESIAN_POINT('',(0.1,-7.92,0.2));
#6361 = LINE('',#6362,#6363);
#6362 = CARTESIAN_POINT('',(0.1,-5.715,0.2));
#6363 = VECTOR('',#6364,1.);
#6364 = DIRECTION('',(2.334869823773E-16,1.,-0.));
#6365 = ORIENTED_EDGE('',*,*,#6366,.T.);
#6366 = EDGE_CURVE('',#6359,#6367,#6369,.T.);
#6367 = VERTEX_POINT('',#6368);
#6368 = CARTESIAN_POINT('',(0.1,-8.07,0.2));
#6369 = LINE('',#6370,#6371);
#6370 = CARTESIAN_POINT('',(0.1,-7.17,0.2));
#6371 = VECTOR('',#6372,1.);
#6372 = DIRECTION('',(-2.334869823773E-16,-1.,0.));
#6373 = ORIENTED_EDGE('',*,*,#6374,.T.);
#6374 = EDGE_CURVE('',#6367,#6375,#6377,.T.);
#6375 = VERTEX_POINT('',#6376);
#6376 = CARTESIAN_POINT('',(-0.1,-8.07,0.2));
#6377 = LINE('',#6378,#6379);
#6378 = CARTESIAN_POINT('',(0.1,-8.07,0.2));
#6379 = VECTOR('',#6380,1.);
#6380 = DIRECTION('',(-1.,2.334869823773E-16,0.));
#6381 = ORIENTED_EDGE('',*,*,#6382,.T.);
#6382 = EDGE_CURVE('',#6375,#6383,#6385,.T.);
#6383 = VERTEX_POINT('',#6384);
#6384 = CARTESIAN_POINT('',(-0.1,-7.92,0.2));
#6385 = LINE('',#6386,#6387);
#6386 = CARTESIAN_POINT('',(-0.1,-8.07,0.2));
#6387 = VECTOR('',#6388,1.);
#6388 = DIRECTION('',(2.334869823773E-16,1.,0.));
#6389 = ORIENTED_EDGE('',*,*,#6390,.T.);
#6390 = EDGE_CURVE('',#6383,#6391,#6393,.T.);
#6391 = VERTEX_POINT('',#6392);
#6392 = CARTESIAN_POINT('',(-0.1,-7.32,0.2));
#6393 = LINE('',#6394,#6395);
#6394 = CARTESIAN_POINT('',(-0.1,-5.715,0.2));
#6395 = VECTOR('',#6396,1.);
#6396 = DIRECTION('',(2.334869823773E-16,1.,-0.));
#6397 = ORIENTED_EDGE('',*,*,#6398,.T.);
#6398 = EDGE_CURVE('',#6391,#6343,#6399,.T.);
#6399 = LINE('',#6400,#6401);
#6400 = CARTESIAN_POINT('',(-0.1,-8.07,0.2));
#6401 = VECTOR('',#6402,1.);
#6402 = DIRECTION('',(2.334869823773E-16,1.,0.));
#6403 = FACE_BOUND('',#6404,.F.);
#6404 = EDGE_LOOP('',(#6405,#6415,#6423,#6431,#6439,#6447,#6455,#6463));
#6405 = ORIENTED_EDGE('',*,*,#6406,.F.);
#6406 = EDGE_CURVE('',#6407,#6409,#6411,.T.);
#6407 = VERTEX_POINT('',#6408);
#6408 = CARTESIAN_POINT('',(0.1,-4.63,0.2));
#6409 = VERTEX_POINT('',#6410);
#6410 = CARTESIAN_POINT('',(-0.1,-4.63,0.2));
#6411 = LINE('',#6412,#6413);
#6412 = CARTESIAN_POINT('',(0.1,-4.63,0.2));
#6413 = VECTOR('',#6414,1.);
#6414 = DIRECTION('',(-1.,2.334869823773E-16,0.));
#6415 = ORIENTED_EDGE('',*,*,#6416,.T.);
#6416 = EDGE_CURVE('',#6407,#6417,#6419,.T.);
#6417 = VERTEX_POINT('',#6418);
#6418 = CARTESIAN_POINT('',(0.1,-4.78,0.2));
#6419 = LINE('',#6420,#6421);
#6420 = CARTESIAN_POINT('',(0.1,-4.63,0.2));
#6421 = VECTOR('',#6422,1.);
#6422 = DIRECTION('',(-2.334869823773E-16,-1.,0.));
#6423 = ORIENTED_EDGE('',*,*,#6424,.F.);
#6424 = EDGE_CURVE('',#6425,#6417,#6427,.T.);
#6425 = VERTEX_POINT('',#6426);
#6426 = CARTESIAN_POINT('',(0.1,-5.38,0.2));
#6427 = LINE('',#6428,#6429);
#6428 = CARTESIAN_POINT('',(0.1,-4.445,0.2));
#6429 = VECTOR('',#6430,1.);
#6430 = DIRECTION('',(2.334869823773E-16,1.,-0.));
#6431 = ORIENTED_EDGE('',*,*,#6432,.T.);
#6432 = EDGE_CURVE('',#6425,#6433,#6435,.T.);
#6433 = VERTEX_POINT('',#6434);
#6434 = CARTESIAN_POINT('',(0.1,-5.53,0.2));
#6435 = LINE('',#6436,#6437);
#6436 = CARTESIAN_POINT('',(0.1,-4.63,0.2));
#6437 = VECTOR('',#6438,1.);
#6438 = DIRECTION('',(-2.334869823773E-16,-1.,0.));
#6439 = ORIENTED_EDGE('',*,*,#6440,.T.);
#6440 = EDGE_CURVE('',#6433,#6441,#6443,.T.);
#6441 = VERTEX_POINT('',#6442);
#6442 = CARTESIAN_POINT('',(-0.1,-5.53,0.2));
#6443 = LINE('',#6444,#6445);
#6444 = CARTESIAN_POINT('',(0.1,-5.53,0.2));
#6445 = VECTOR('',#6446,1.);
#6446 = DIRECTION('',(-1.,2.334869823773E-16,0.));
#6447 = ORIENTED_EDGE('',*,*,#6448,.T.);
#6448 = EDGE_CURVE('',#6441,#6449,#6451,.T.);
#6449 = VERTEX_POINT('',#6450);
#6450 = CARTESIAN_POINT('',(-0.1,-5.38,0.2));
#6451 = LINE('',#6452,#6453);
#6452 = CARTESIAN_POINT('',(-0.1,-5.53,0.2));
#6453 = VECTOR('',#6454,1.);
#6454 = DIRECTION('',(2.334869823773E-16,1.,0.));
#6455 = ORIENTED_EDGE('',*,*,#6456,.T.);
#6456 = EDGE_CURVE('',#6449,#6457,#6459,.T.);
#6457 = VERTEX_POINT('',#6458);
#6458 = CARTESIAN_POINT('',(-0.1,-4.78,0.2));
#6459 = LINE('',#6460,#6461);
#6460 = CARTESIAN_POINT('',(-0.1,-4.445,0.2));
#6461 = VECTOR('',#6462,1.);
#6462 = DIRECTION('',(2.334869823773E-16,1.,-0.));
#6463 = ORIENTED_EDGE('',*,*,#6464,.T.);
#6464 = EDGE_CURVE('',#6457,#6409,#6465,.T.);
#6465 = LINE('',#6466,#6467);
#6466 = CARTESIAN_POINT('',(-0.1,-5.53,0.2));
#6467 = VECTOR('',#6468,1.);
#6468 = DIRECTION('',(2.334869823773E-16,1.,0.));
#6469 = FACE_BOUND('',#6470,.F.);
#6470 = EDGE_LOOP('',(#6471,#6481,#6489,#6497,#6505,#6513,#6521,#6529));
#6471 = ORIENTED_EDGE('',*,*,#6472,.F.);
#6472 = EDGE_CURVE('',#6473,#6475,#6477,.T.);
#6473 = VERTEX_POINT('',#6474);
#6474 = CARTESIAN_POINT('',(0.1,-2.09,0.2));
#6475 = VERTEX_POINT('',#6476);
#6476 = CARTESIAN_POINT('',(-0.1,-2.09,0.2));
#6477 = LINE('',#6478,#6479);
#6478 = CARTESIAN_POINT('',(0.1,-2.09,0.2));
#6479 = VECTOR('',#6480,1.);
#6480 = DIRECTION('',(-1.,2.334869823773E-16,0.));
#6481 = ORIENTED_EDGE('',*,*,#6482,.T.);
#6482 = EDGE_CURVE('',#6473,#6483,#6485,.T.);
#6483 = VERTEX_POINT('',#6484);
#6484 = CARTESIAN_POINT('',(0.1,-2.24,0.2));
#6485 = LINE('',#6486,#6487);
#6486 = CARTESIAN_POINT('',(0.1,-2.09,0.2));
#6487 = VECTOR('',#6488,1.);
#6488 = DIRECTION('',(-2.334869823773E-16,-1.,0.));
#6489 = ORIENTED_EDGE('',*,*,#6490,.F.);
#6490 = EDGE_CURVE('',#6491,#6483,#6493,.T.);
#6491 = VERTEX_POINT('',#6492);
#6492 = CARTESIAN_POINT('',(0.1,-2.84,0.2));
#6493 = LINE('',#6494,#6495);
#6494 = CARTESIAN_POINT('',(0.1,-3.175,0.2));
#6495 = VECTOR('',#6496,1.);
#6496 = DIRECTION('',(2.334869823773E-16,1.,-0.));
#6497 = ORIENTED_EDGE('',*,*,#6498,.T.);
#6498 = EDGE_CURVE('',#6491,#6499,#6501,.T.);
#6499 = VERTEX_POINT('',#6500);
#6500 = CARTESIAN_POINT('',(0.1,-2.99,0.2));
#6501 = LINE('',#6502,#6503);
#6502 = CARTESIAN_POINT('',(0.1,-2.09,0.2));
#6503 = VECTOR('',#6504,1.);
#6504 = DIRECTION('',(-2.334869823773E-16,-1.,0.));
#6505 = ORIENTED_EDGE('',*,*,#6506,.T.);
#6506 = EDGE_CURVE('',#6499,#6507,#6509,.T.);
#6507 = VERTEX_POINT('',#6508);
#6508 = CARTESIAN_POINT('',(-0.1,-2.99,0.2));
#6509 = LINE('',#6510,#6511);
#6510 = CARTESIAN_POINT('',(0.1,-2.99,0.2));
#6511 = VECTOR('',#6512,1.);
#6512 = DIRECTION('',(-1.,2.334869823773E-16,0.));
#6513 = ORIENTED_EDGE('',*,*,#6514,.T.);
#6514 = EDGE_CURVE('',#6507,#6515,#6517,.T.);
#6515 = VERTEX_POINT('',#6516);
#6516 = CARTESIAN_POINT('',(-0.1,-2.84,0.2));
#6517 = LINE('',#6518,#6519);
#6518 = CARTESIAN_POINT('',(-0.1,-2.99,0.2));
#6519 = VECTOR('',#6520,1.);
#6520 = DIRECTION('',(2.334869823773E-16,1.,0.));
#6521 = ORIENTED_EDGE('',*,*,#6522,.T.);
#6522 = EDGE_CURVE('',#6515,#6523,#6525,.T.);
#6523 = VERTEX_POINT('',#6524);
#6524 = CARTESIAN_POINT('',(-0.1,-2.24,0.2));
#6525 = LINE('',#6526,#6527);
#6526 = CARTESIAN_POINT('',(-0.1,-3.175,0.2));
#6527 = VECTOR('',#6528,1.);
#6528 = DIRECTION('',(2.334869823773E-16,1.,-0.));
#6529 = ORIENTED_EDGE('',*,*,#6530,.T.);
#6530 = EDGE_CURVE('',#6523,#6475,#6531,.T.);
#6531 = LINE('',#6532,#6533);
#6532 = CARTESIAN_POINT('',(-0.1,-2.99,0.2));
#6533 = VECTOR('',#6534,1.);
#6534 = DIRECTION('',(2.334869823773E-16,1.,0.));
#6535 = FACE_BOUND('',#6536,.F.);
#6536 = EDGE_LOOP('',(#6537,#6547,#6555,#6563,#6571,#6579,#6587,#6595));
#6537 = ORIENTED_EDGE('',*,*,#6538,.F.);
#6538 = EDGE_CURVE('',#6539,#6541,#6543,.T.);
#6539 = VERTEX_POINT('',#6540);
#6540 = CARTESIAN_POINT('',(0.1,0.45,0.2));
#6541 = VERTEX_POINT('',#6542);
#6542 = CARTESIAN_POINT('',(-0.1,0.45,0.2));
#6543 = LINE('',#6544,#6545);
#6544 = CARTESIAN_POINT('',(0.1,0.45,0.2));
#6545 = VECTOR('',#6546,1.);
#6546 = DIRECTION('',(-1.,2.334869823773E-16,0.));
#6547 = ORIENTED_EDGE('',*,*,#6548,.T.);
#6548 = EDGE_CURVE('',#6539,#6549,#6551,.T.);
#6549 = VERTEX_POINT('',#6550);
#6550 = CARTESIAN_POINT('',(0.1,0.3,0.2));
#6551 = LINE('',#6552,#6553);
#6552 = CARTESIAN_POINT('',(0.1,0.45,0.2));
#6553 = VECTOR('',#6554,1.);
#6554 = DIRECTION('',(-2.334869823773E-16,-1.,0.));
#6555 = ORIENTED_EDGE('',*,*,#6556,.F.);
#6556 = EDGE_CURVE('',#6557,#6549,#6559,.T.);
#6557 = VERTEX_POINT('',#6558);
#6558 = CARTESIAN_POINT('',(0.1,-0.3,0.2));
#6559 = LINE('',#6560,#6561);
#6560 = CARTESIAN_POINT('',(0.1,-1.905,0.2));
#6561 = VECTOR('',#6562,1.);
#6562 = DIRECTION('',(2.334869823773E-16,1.,-0.));
#6563 = ORIENTED_EDGE('',*,*,#6564,.T.);
#6564 = EDGE_CURVE('',#6557,#6565,#6567,.T.);
#6565 = VERTEX_POINT('',#6566);
#6566 = CARTESIAN_POINT('',(0.1,-0.45,0.2));
#6567 = LINE('',#6568,#6569);
#6568 = CARTESIAN_POINT('',(0.1,0.45,0.2));
#6569 = VECTOR('',#6570,1.);
#6570 = DIRECTION('',(-2.334869823773E-16,-1.,0.));
#6571 = ORIENTED_EDGE('',*,*,#6572,.T.);
#6572 = EDGE_CURVE('',#6565,#6573,#6575,.T.);
#6573 = VERTEX_POINT('',#6574);
#6574 = CARTESIAN_POINT('',(-0.1,-0.45,0.2));
#6575 = LINE('',#6576,#6577);
#6576 = CARTESIAN_POINT('',(0.1,-0.45,0.2));
#6577 = VECTOR('',#6578,1.);
#6578 = DIRECTION('',(-1.,2.334869823773E-16,0.));
#6579 = ORIENTED_EDGE('',*,*,#6580,.T.);
#6580 = EDGE_CURVE('',#6573,#6581,#6583,.T.);
#6581 = VERTEX_POINT('',#6582);
#6582 = CARTESIAN_POINT('',(-0.1,-0.3,0.2));
#6583 = LINE('',#6584,#6585);
#6584 = CARTESIAN_POINT('',(-0.1,-0.45,0.2));
#6585 = VECTOR('',#6586,1.);
#6586 = DIRECTION('',(2.334869823773E-16,1.,0.));
#6587 = ORIENTED_EDGE('',*,*,#6588,.T.);
#6588 = EDGE_CURVE('',#6581,#6589,#6591,.T.);
#6589 = VERTEX_POINT('',#6590);
#6590 = CARTESIAN_POINT('',(-0.1,0.3,0.2));
#6591 = LINE('',#6592,#6593);
#6592 = CARTESIAN_POINT('',(-0.1,-1.905,0.2));
#6593 = VECTOR('',#6594,1.);
#6594 = DIRECTION('',(2.334869823773E-16,1.,-0.));
#6595 = ORIENTED_EDGE('',*,*,#6596,.T.);
#6596 = EDGE_CURVE('',#6589,#6541,#6597,.T.);
#6597 = LINE('',#6598,#6599);
#6598 = CARTESIAN_POINT('',(-0.1,-0.45,0.2));
#6599 = VECTOR('',#6600,1.);
#6600 = DIRECTION('',(2.334869823773E-16,1.,0.));
#6601 = FACE_BOUND('',#6602,.F.);
#6602 = EDGE_LOOP('',(#6603,#6613,#6621,#6629,#6637,#6645,#6653,#6661));
#6603 = ORIENTED_EDGE('',*,*,#6604,.F.);
#6604 = EDGE_CURVE('',#6605,#6607,#6609,.T.);
#6605 = VERTEX_POINT('',#6606);
#6606 = CARTESIAN_POINT('',(-2.64,-8.07,0.2));
#6607 = VERTEX_POINT('',#6608);
#6608 = CARTESIAN_POINT('',(-2.44,-8.07,0.2));
#6609 = LINE('',#6610,#6611);
#6610 = CARTESIAN_POINT('',(-2.64,-8.07,0.2));
#6611 = VECTOR('',#6612,1.);
#6612 = DIRECTION('',(1.,-1.110223024625E-16,0.));
#6613 = ORIENTED_EDGE('',*,*,#6614,.T.);
#6614 = EDGE_CURVE('',#6605,#6615,#6617,.T.);
#6615 = VERTEX_POINT('',#6616);
#6616 = CARTESIAN_POINT('',(-2.64,-7.92,0.2));
#6617 = LINE('',#6618,#6619);
#6618 = CARTESIAN_POINT('',(-2.64,-8.07,0.2));
#6619 = VECTOR('',#6620,1.);
#6620 = DIRECTION('',(1.110223024625E-16,1.,0.));
#6621 = ORIENTED_EDGE('',*,*,#6622,.F.);
#6622 = EDGE_CURVE('',#6623,#6615,#6625,.T.);
#6623 = VERTEX_POINT('',#6624);
#6624 = CARTESIAN_POINT('',(-2.64,-7.32,0.2));
#6625 = LINE('',#6626,#6627);
#6626 = CARTESIAN_POINT('',(-2.64,-5.715,0.2));
#6627 = VECTOR('',#6628,1.);
#6628 = DIRECTION('',(-1.110223024625E-16,-1.,0.));
#6629 = ORIENTED_EDGE('',*,*,#6630,.T.);
#6630 = EDGE_CURVE('',#6623,#6631,#6633,.T.);
#6631 = VERTEX_POINT('',#6632);
#6632 = CARTESIAN_POINT('',(-2.64,-7.17,0.2));
#6633 = LINE('',#6634,#6635);
#6634 = CARTESIAN_POINT('',(-2.64,-8.07,0.2));
#6635 = VECTOR('',#6636,1.);
#6636 = DIRECTION('',(1.110223024625E-16,1.,0.));
#6637 = ORIENTED_EDGE('',*,*,#6638,.T.);
#6638 = EDGE_CURVE('',#6631,#6639,#6641,.T.);
#6639 = VERTEX_POINT('',#6640);
#6640 = CARTESIAN_POINT('',(-2.44,-7.17,0.2));
#6641 = LINE('',#6642,#6643);
#6642 = CARTESIAN_POINT('',(-2.64,-7.17,0.2));
#6643 = VECTOR('',#6644,1.);
#6644 = DIRECTION('',(1.,-1.110223024625E-16,0.));
#6645 = ORIENTED_EDGE('',*,*,#6646,.T.);
#6646 = EDGE_CURVE('',#6639,#6647,#6649,.T.);
#6647 = VERTEX_POINT('',#6648);
#6648 = CARTESIAN_POINT('',(-2.44,-7.32,0.2));
#6649 = LINE('',#6650,#6651);
#6650 = CARTESIAN_POINT('',(-2.44,-7.17,0.2));
#6651 = VECTOR('',#6652,1.);
#6652 = DIRECTION('',(-1.110223024625E-16,-1.,0.));
#6653 = ORIENTED_EDGE('',*,*,#6654,.T.);
#6654 = EDGE_CURVE('',#6647,#6655,#6657,.T.);
#6655 = VERTEX_POINT('',#6656);
#6656 = CARTESIAN_POINT('',(-2.44,-7.92,0.2));
#6657 = LINE('',#6658,#6659);
#6658 = CARTESIAN_POINT('',(-2.44,-5.715,0.2));
#6659 = VECTOR('',#6660,1.);
#6660 = DIRECTION('',(-1.110223024625E-16,-1.,0.));
#6661 = ORIENTED_EDGE('',*,*,#6662,.T.);
#6662 = EDGE_CURVE('',#6655,#6607,#6663,.T.);
#6663 = LINE('',#6664,#6665);
#6664 = CARTESIAN_POINT('',(-2.44,-7.17,0.2));
#6665 = VECTOR('',#6666,1.);
#6666 = DIRECTION('',(-1.110223024625E-16,-1.,0.));
#6667 = FACE_BOUND('',#6668,.F.);
#6668 = EDGE_LOOP('',(#6669,#6679,#6687,#6695,#6703,#6711,#6719,#6727));
#6669 = ORIENTED_EDGE('',*,*,#6670,.F.);
#6670 = EDGE_CURVE('',#6671,#6673,#6675,.T.);
#6671 = VERTEX_POINT('',#6672);
#6672 = CARTESIAN_POINT('',(-2.64,-5.53,0.2));
#6673 = VERTEX_POINT('',#6674);
#6674 = CARTESIAN_POINT('',(-2.44,-5.53,0.2));
#6675 = LINE('',#6676,#6677);
#6676 = CARTESIAN_POINT('',(-2.64,-5.53,0.2));
#6677 = VECTOR('',#6678,1.);
#6678 = DIRECTION('',(1.,-1.110223024625E-16,0.));
#6679 = ORIENTED_EDGE('',*,*,#6680,.T.);
#6680 = EDGE_CURVE('',#6671,#6681,#6683,.T.);
#6681 = VERTEX_POINT('',#6682);
#6682 = CARTESIAN_POINT('',(-2.64,-5.38,0.2));
#6683 = LINE('',#6684,#6685);
#6684 = CARTESIAN_POINT('',(-2.64,-5.53,0.2));
#6685 = VECTOR('',#6686,1.);
#6686 = DIRECTION('',(1.110223024625E-16,1.,0.));
#6687 = ORIENTED_EDGE('',*,*,#6688,.F.);
#6688 = EDGE_CURVE('',#6689,#6681,#6691,.T.);
#6689 = VERTEX_POINT('',#6690);
#6690 = CARTESIAN_POINT('',(-2.64,-4.78,0.2));
#6691 = LINE('',#6692,#6693);
#6692 = CARTESIAN_POINT('',(-2.64,-4.445,0.2));
#6693 = VECTOR('',#6694,1.);
#6694 = DIRECTION('',(-1.110223024625E-16,-1.,0.));
#6695 = ORIENTED_EDGE('',*,*,#6696,.T.);
#6696 = EDGE_CURVE('',#6689,#6697,#6699,.T.);
#6697 = VERTEX_POINT('',#6698);
#6698 = CARTESIAN_POINT('',(-2.64,-4.63,0.2));
#6699 = LINE('',#6700,#6701);
#6700 = CARTESIAN_POINT('',(-2.64,-5.53,0.2));
#6701 = VECTOR('',#6702,1.);
#6702 = DIRECTION('',(1.110223024625E-16,1.,0.));
#6703 = ORIENTED_EDGE('',*,*,#6704,.T.);
#6704 = EDGE_CURVE('',#6697,#6705,#6707,.T.);
#6705 = VERTEX_POINT('',#6706);
#6706 = CARTESIAN_POINT('',(-2.44,-4.63,0.2));
#6707 = LINE('',#6708,#6709);
#6708 = CARTESIAN_POINT('',(-2.64,-4.63,0.2));
#6709 = VECTOR('',#6710,1.);
#6710 = DIRECTION('',(1.,-1.110223024625E-16,0.));
#6711 = ORIENTED_EDGE('',*,*,#6712,.T.);
#6712 = EDGE_CURVE('',#6705,#6713,#6715,.T.);
#6713 = VERTEX_POINT('',#6714);
#6714 = CARTESIAN_POINT('',(-2.44,-4.78,0.2));
#6715 = LINE('',#6716,#6717);
#6716 = CARTESIAN_POINT('',(-2.44,-4.63,0.2));
#6717 = VECTOR('',#6718,1.);
#6718 = DIRECTION('',(-1.110223024625E-16,-1.,0.));
#6719 = ORIENTED_EDGE('',*,*,#6720,.T.);
#6720 = EDGE_CURVE('',#6713,#6721,#6723,.T.);
#6721 = VERTEX_POINT('',#6722);
#6722 = CARTESIAN_POINT('',(-2.44,-5.38,0.2));
#6723 = LINE('',#6724,#6725);
#6724 = CARTESIAN_POINT('',(-2.44,-4.445,0.2));
#6725 = VECTOR('',#6726,1.);
#6726 = DIRECTION('',(-1.110223024625E-16,-1.,0.));
#6727 = ORIENTED_EDGE('',*,*,#6728,.T.);
#6728 = EDGE_CURVE('',#6721,#6673,#6729,.T.);
#6729 = LINE('',#6730,#6731);
#6730 = CARTESIAN_POINT('',(-2.44,-4.63,0.2));
#6731 = VECTOR('',#6732,1.);
#6732 = DIRECTION('',(-1.110223024625E-16,-1.,0.));
#6733 = FACE_BOUND('',#6734,.F.);
#6734 = EDGE_LOOP('',(#6735,#6745,#6753,#6761,#6769,#6777,#6785,#6793));
#6735 = ORIENTED_EDGE('',*,*,#6736,.F.);
#6736 = EDGE_CURVE('',#6737,#6739,#6741,.T.);
#6737 = VERTEX_POINT('',#6738);
#6738 = CARTESIAN_POINT('',(-2.64,-2.99,0.2));
#6739 = VERTEX_POINT('',#6740);
#6740 = CARTESIAN_POINT('',(-2.44,-2.99,0.2));
#6741 = LINE('',#6742,#6743);
#6742 = CARTESIAN_POINT('',(-2.64,-2.99,0.2));
#6743 = VECTOR('',#6744,1.);
#6744 = DIRECTION('',(1.,-1.110223024625E-16,0.));
#6745 = ORIENTED_EDGE('',*,*,#6746,.T.);
#6746 = EDGE_CURVE('',#6737,#6747,#6749,.T.);
#6747 = VERTEX_POINT('',#6748);
#6748 = CARTESIAN_POINT('',(-2.64,-2.84,0.2));
#6749 = LINE('',#6750,#6751);
#6750 = CARTESIAN_POINT('',(-2.64,-2.99,0.2));
#6751 = VECTOR('',#6752,1.);
#6752 = DIRECTION('',(1.110223024625E-16,1.,0.));
#6753 = ORIENTED_EDGE('',*,*,#6754,.F.);
#6754 = EDGE_CURVE('',#6755,#6747,#6757,.T.);
#6755 = VERTEX_POINT('',#6756);
#6756 = CARTESIAN_POINT('',(-2.64,-2.24,0.2));
#6757 = LINE('',#6758,#6759);
#6758 = CARTESIAN_POINT('',(-2.64,-3.175,0.2));
#6759 = VECTOR('',#6760,1.);
#6760 = DIRECTION('',(-1.110223024625E-16,-1.,0.));
#6761 = ORIENTED_EDGE('',*,*,#6762,.T.);
#6762 = EDGE_CURVE('',#6755,#6763,#6765,.T.);
#6763 = VERTEX_POINT('',#6764);
#6764 = CARTESIAN_POINT('',(-2.64,-2.09,0.2));
#6765 = LINE('',#6766,#6767);
#6766 = CARTESIAN_POINT('',(-2.64,-2.99,0.2));
#6767 = VECTOR('',#6768,1.);
#6768 = DIRECTION('',(1.110223024625E-16,1.,0.));
#6769 = ORIENTED_EDGE('',*,*,#6770,.T.);
#6770 = EDGE_CURVE('',#6763,#6771,#6773,.T.);
#6771 = VERTEX_POINT('',#6772);
#6772 = CARTESIAN_POINT('',(-2.44,-2.09,0.2));
#6773 = LINE('',#6774,#6775);
#6774 = CARTESIAN_POINT('',(-2.64,-2.09,0.2));
#6775 = VECTOR('',#6776,1.);
#6776 = DIRECTION('',(1.,-1.110223024625E-16,0.));
#6777 = ORIENTED_EDGE('',*,*,#6778,.T.);
#6778 = EDGE_CURVE('',#6771,#6779,#6781,.T.);
#6779 = VERTEX_POINT('',#6780);
#6780 = CARTESIAN_POINT('',(-2.44,-2.24,0.2));
#6781 = LINE('',#6782,#6783);
#6782 = CARTESIAN_POINT('',(-2.44,-2.09,0.2));
#6783 = VECTOR('',#6784,1.);
#6784 = DIRECTION('',(-1.110223024625E-16,-1.,0.));
#6785 = ORIENTED_EDGE('',*,*,#6786,.T.);
#6786 = EDGE_CURVE('',#6779,#6787,#6789,.T.);
#6787 = VERTEX_POINT('',#6788);
#6788 = CARTESIAN_POINT('',(-2.44,-2.84,0.2));
#6789 = LINE('',#6790,#6791);
#6790 = CARTESIAN_POINT('',(-2.44,-3.175,0.2));
#6791 = VECTOR('',#6792,1.);
#6792 = DIRECTION('',(-1.110223024625E-16,-1.,0.));
#6793 = ORIENTED_EDGE('',*,*,#6794,.T.);
#6794 = EDGE_CURVE('',#6787,#6739,#6795,.T.);
#6795 = LINE('',#6796,#6797);
#6796 = CARTESIAN_POINT('',(-2.44,-2.09,0.2));
#6797 = VECTOR('',#6798,1.);
#6798 = DIRECTION('',(-1.110223024625E-16,-1.,0.));
#6799 = FACE_BOUND('',#6800,.F.);
#6800 = EDGE_LOOP('',(#6801,#6811,#6819,#6827,#6835,#6843,#6851,#6859));
#6801 = ORIENTED_EDGE('',*,*,#6802,.F.);
#6802 = EDGE_CURVE('',#6803,#6805,#6807,.T.);
#6803 = VERTEX_POINT('',#6804);
#6804 = CARTESIAN_POINT('',(-2.64,-0.45,0.2));
#6805 = VERTEX_POINT('',#6806);
#6806 = CARTESIAN_POINT('',(-2.44,-0.45,0.2));
#6807 = LINE('',#6808,#6809);
#6808 = CARTESIAN_POINT('',(-2.64,-0.45,0.2));
#6809 = VECTOR('',#6810,1.);
#6810 = DIRECTION('',(1.,-1.110223024625E-16,0.));
#6811 = ORIENTED_EDGE('',*,*,#6812,.T.);
#6812 = EDGE_CURVE('',#6803,#6813,#6815,.T.);
#6813 = VERTEX_POINT('',#6814);
#6814 = CARTESIAN_POINT('',(-2.64,-0.3,0.2));
#6815 = LINE('',#6816,#6817);
#6816 = CARTESIAN_POINT('',(-2.64,-0.45,0.2));
#6817 = VECTOR('',#6818,1.);
#6818 = DIRECTION('',(1.110223024625E-16,1.,0.));
#6819 = ORIENTED_EDGE('',*,*,#6820,.F.);
#6820 = EDGE_CURVE('',#6821,#6813,#6823,.T.);
#6821 = VERTEX_POINT('',#6822);
#6822 = CARTESIAN_POINT('',(-2.64,0.3,0.2));
#6823 = LINE('',#6824,#6825);
#6824 = CARTESIAN_POINT('',(-2.64,-1.905,0.2));
#6825 = VECTOR('',#6826,1.);
#6826 = DIRECTION('',(-1.110223024625E-16,-1.,0.));
#6827 = ORIENTED_EDGE('',*,*,#6828,.T.);
#6828 = EDGE_CURVE('',#6821,#6829,#6831,.T.);
#6829 = VERTEX_POINT('',#6830);
#6830 = CARTESIAN_POINT('',(-2.64,0.45,0.2));
#6831 = LINE('',#6832,#6833);
#6832 = CARTESIAN_POINT('',(-2.64,-0.45,0.2));
#6833 = VECTOR('',#6834,1.);
#6834 = DIRECTION('',(1.110223024625E-16,1.,0.));
#6835 = ORIENTED_EDGE('',*,*,#6836,.T.);
#6836 = EDGE_CURVE('',#6829,#6837,#6839,.T.);
#6837 = VERTEX_POINT('',#6838);
#6838 = CARTESIAN_POINT('',(-2.44,0.45,0.2));
#6839 = LINE('',#6840,#6841);
#6840 = CARTESIAN_POINT('',(-2.64,0.45,0.2));
#6841 = VECTOR('',#6842,1.);
#6842 = DIRECTION('',(1.,-1.110223024625E-16,0.));
#6843 = ORIENTED_EDGE('',*,*,#6844,.T.);
#6844 = EDGE_CURVE('',#6837,#6845,#6847,.T.);
#6845 = VERTEX_POINT('',#6846);
#6846 = CARTESIAN_POINT('',(-2.44,0.3,0.2));
#6847 = LINE('',#6848,#6849);
#6848 = CARTESIAN_POINT('',(-2.44,0.45,0.2));
#6849 = VECTOR('',#6850,1.);
#6850 = DIRECTION('',(-1.110223024625E-16,-1.,0.));
#6851 = ORIENTED_EDGE('',*,*,#6852,.T.);
#6852 = EDGE_CURVE('',#6845,#6853,#6855,.T.);
#6853 = VERTEX_POINT('',#6854);
#6854 = CARTESIAN_POINT('',(-2.44,-0.3,0.2));
#6855 = LINE('',#6856,#6857);
#6856 = CARTESIAN_POINT('',(-2.44,-1.905,0.2));
#6857 = VECTOR('',#6858,1.);
#6858 = DIRECTION('',(-1.110223024625E-16,-1.,0.));
#6859 = ORIENTED_EDGE('',*,*,#6860,.T.);
#6860 = EDGE_CURVE('',#6853,#6805,#6861,.T.);
#6861 = LINE('',#6862,#6863);
#6862 = CARTESIAN_POINT('',(-2.44,0.45,0.2));
#6863 = VECTOR('',#6864,1.);
#6864 = DIRECTION('',(-1.110223024625E-16,-1.,0.));
#6865 = PLANE('',#6866);
#6866 = AXIS2_PLACEMENT_3D('',#6867,#6868,#6869);
#6867 = CARTESIAN_POINT('',(-1.27,-3.81,0.2));
#6868 = DIRECTION('',(0.,0.,1.));
#6869 = DIRECTION('',(1.110223024625E-16,1.,-0.));
#6870 = ADVANCED_FACE('',(#6871),#6877,.T.);
#6871 = FACE_BOUND('',#6872,.T.);
#6872 = EDGE_LOOP('',(#6873,#6874,#6875,#6876));
#6873 = ORIENTED_EDGE('',*,*,#5891,.T.);
#6874 = ORIENTED_EDGE('',*,*,#6329,.T.);
#6875 = ORIENTED_EDGE('',*,*,#5970,.F.);
#6876 = ORIENTED_EDGE('',*,*,#5987,.F.);
#6877 = PLANE('',#6878);
#6878 = AXIS2_PLACEMENT_3D('',#6879,#6880,#6881);
#6879 = CARTESIAN_POINT('',(0.423333333333,-8.89,0.));
#6880 = DIRECTION('',(-1.,1.110223024625E-16,0.));
#6881 = DIRECTION('',(1.110223024625E-16,1.,0.));
#6882 = ADVANCED_FACE('',(#6883),#6889,.F.);
#6883 = FACE_BOUND('',#6884,.F.);
#6884 = EDGE_LOOP('',(#6885,#6886,#6887,#6888));
#6885 = ORIENTED_EDGE('',*,*,#5938,.T.);
#6886 = ORIENTED_EDGE('',*,*,#6003,.T.);
#6887 = ORIENTED_EDGE('',*,*,#5868,.F.);
#6888 = ORIENTED_EDGE('',*,*,#6298,.F.);
#6889 = PLANE('',#6890);
#6890 = AXIS2_PLACEMENT_3D('',#6891,#6892,#6893);
#6891 = CARTESIAN_POINT('',(-3.81,1.27,0.));
#6892 = DIRECTION('',(1.,-1.110223024625E-16,0.));
#6893 = DIRECTION('',(-1.110223024625E-16,-1.,0.));
#6894 = ADVANCED_FACE('',(#6895),#6920,.T.);
#6895 = FACE_BOUND('',#6896,.T.);
#6896 = EDGE_LOOP('',(#6897,#6905,#6906,#6914));
#6897 = ORIENTED_EDGE('',*,*,#6898,.F.);
#6898 = EDGE_CURVE('',#6013,#6899,#6901,.T.);
#6899 = VERTEX_POINT('',#6900);
#6900 = CARTESIAN_POINT('',(-0.3,-7.32,8.2));
#6901 = LINE('',#6902,#6903);
#6902 = CARTESIAN_POINT('',(-0.3,-7.32,8.2));
#6903 = VECTOR('',#6904,1.);
#6904 = DIRECTION('',(0.57735026919,-0.57735026919,-0.57735026919));
#6905 = ORIENTED_EDGE('',*,*,#6012,.T.);
#6906 = ORIENTED_EDGE('',*,*,#6907,.T.);
#6907 = EDGE_CURVE('',#6015,#6908,#6910,.T.);
#6908 = VERTEX_POINT('',#6909);
#6909 = CARTESIAN_POINT('',(-0.3,-7.92,8.2));
#6910 = LINE('',#6911,#6912);
#6911 = CARTESIAN_POINT('',(-0.3,-7.92,8.2));
#6912 = VECTOR('',#6913,1.);
#6913 = DIRECTION('',(0.57735026919,0.57735026919,-0.57735026919));
#6914 = ORIENTED_EDGE('',*,*,#6915,.F.);
#6915 = EDGE_CURVE('',#6899,#6908,#6916,.T.);
#6916 = LINE('',#6917,#6918);
#6917 = CARTESIAN_POINT('',(-0.3,-7.02,8.2));
#6918 = VECTOR('',#6919,1.);
#6919 = DIRECTION('',(-2.334869823773E-16,-1.,0.));
#6920 = PLANE('',#6921);
#6921 = AXIS2_PLACEMENT_3D('',#6922,#6923,#6924);
#6922 = CARTESIAN_POINT('',(-0.45,-7.02,8.35));
#6923 = DIRECTION('',(0.707106781187,-1.651002285576E-16,0.707106781187)
  );
#6924 = DIRECTION('',(-2.334869823772E-16,-1.,1.261136295335E-28));
#6925 = ADVANCED_FACE('',(#6926),#6944,.T.);
#6926 = FACE_BOUND('',#6927,.T.);
#6927 = EDGE_LOOP('',(#6928,#6929,#6930,#6938));
#6928 = ORIENTED_EDGE('',*,*,#6907,.F.);
#6929 = ORIENTED_EDGE('',*,*,#6038,.T.);
#6930 = ORIENTED_EDGE('',*,*,#6931,.T.);
#6931 = EDGE_CURVE('',#6031,#6932,#6934,.T.);
#6932 = VERTEX_POINT('',#6933);
#6933 = CARTESIAN_POINT('',(0.3,-7.92,8.2));
#6934 = LINE('',#6935,#6936);
#6935 = CARTESIAN_POINT('',(0.3,-7.92,8.2));
#6936 = VECTOR('',#6937,1.);
#6937 = DIRECTION('',(-0.57735026919,0.57735026919,-0.57735026919));
#6938 = ORIENTED_EDGE('',*,*,#6939,.F.);
#6939 = EDGE_CURVE('',#6908,#6932,#6940,.T.);
#6940 = LINE('',#6941,#6942);
#6941 = CARTESIAN_POINT('',(-0.6,-7.92,8.2));
#6942 = VECTOR('',#6943,1.);
#6943 = DIRECTION('',(1.,-2.334869823773E-16,0.));
#6944 = PLANE('',#6945);
#6945 = AXIS2_PLACEMENT_3D('',#6946,#6947,#6948);
#6946 = CARTESIAN_POINT('',(-0.6,-8.07,8.35));
#6947 = DIRECTION('',(1.651002285576E-16,0.707106781187,0.707106781187)
  );
#6948 = DIRECTION('',(1.,-2.334869823772E-16,1.261226126545E-28));
#6949 = ADVANCED_FACE('',(#6950),#6968,.T.);
#6950 = FACE_BOUND('',#6951,.T.);
#6951 = EDGE_LOOP('',(#6952,#6953,#6954,#6962));
#6952 = ORIENTED_EDGE('',*,*,#6931,.F.);
#6953 = ORIENTED_EDGE('',*,*,#6030,.T.);
#6954 = ORIENTED_EDGE('',*,*,#6955,.T.);
#6955 = EDGE_CURVE('',#6023,#6956,#6958,.T.);
#6956 = VERTEX_POINT('',#6957);
#6957 = CARTESIAN_POINT('',(0.3,-7.32,8.2));
#6958 = LINE('',#6959,#6960);
#6959 = CARTESIAN_POINT('',(0.3,-7.32,8.2));
#6960 = VECTOR('',#6961,1.);
#6961 = DIRECTION('',(-0.57735026919,-0.57735026919,-0.57735026919));
#6962 = ORIENTED_EDGE('',*,*,#6963,.F.);
#6963 = EDGE_CURVE('',#6932,#6956,#6964,.T.);
#6964 = LINE('',#6965,#6966);
#6965 = CARTESIAN_POINT('',(0.3,-8.22,8.2));
#6966 = VECTOR('',#6967,1.);
#6967 = DIRECTION('',(2.334869823773E-16,1.,0.));
#6968 = PLANE('',#6969);
#6969 = AXIS2_PLACEMENT_3D('',#6970,#6971,#6972);
#6970 = CARTESIAN_POINT('',(0.45,-8.22,8.35));
#6971 = DIRECTION('',(-0.707106781187,1.651002285576E-16,0.707106781187)
  );
#6972 = DIRECTION('',(2.334869823772E-16,1.,1.261136295335E-28));
#6973 = ADVANCED_FACE('',(#6974),#6985,.T.);
#6974 = FACE_BOUND('',#6975,.T.);
#6975 = EDGE_LOOP('',(#6976,#6977,#6978,#6979));
#6976 = ORIENTED_EDGE('',*,*,#6955,.F.);
#6977 = ORIENTED_EDGE('',*,*,#6022,.T.);
#6978 = ORIENTED_EDGE('',*,*,#6898,.T.);
#6979 = ORIENTED_EDGE('',*,*,#6980,.F.);
#6980 = EDGE_CURVE('',#6956,#6899,#6981,.T.);
#6981 = LINE('',#6982,#6983);
#6982 = CARTESIAN_POINT('',(0.6,-7.32,8.2));
#6983 = VECTOR('',#6984,1.);
#6984 = DIRECTION('',(-1.,2.334869823773E-16,0.));
#6985 = PLANE('',#6986);
#6986 = AXIS2_PLACEMENT_3D('',#6987,#6988,#6989);
#6987 = CARTESIAN_POINT('',(0.6,-7.17,8.35));
#6988 = DIRECTION('',(-1.651002285576E-16,-0.707106781187,0.707106781187
    ));
#6989 = DIRECTION('',(-1.,2.334869823772E-16,1.261226126545E-28));
#6990 = ADVANCED_FACE('',(#6991),#7016,.T.);
#6991 = FACE_BOUND('',#6992,.T.);
#6992 = EDGE_LOOP('',(#6993,#7001,#7002,#7010));
#6993 = ORIENTED_EDGE('',*,*,#6994,.F.);
#6994 = EDGE_CURVE('',#6047,#6995,#6997,.T.);
#6995 = VERTEX_POINT('',#6996);
#6996 = CARTESIAN_POINT('',(-0.3,-4.78,8.2));
#6997 = LINE('',#6998,#6999);
#6998 = CARTESIAN_POINT('',(-0.3,-4.78,8.2));
#6999 = VECTOR('',#7000,1.);
#7000 = DIRECTION('',(0.57735026919,-0.57735026919,-0.57735026919));
#7001 = ORIENTED_EDGE('',*,*,#6046,.T.);
#7002 = ORIENTED_EDGE('',*,*,#7003,.T.);
#7003 = EDGE_CURVE('',#6049,#7004,#7006,.T.);
#7004 = VERTEX_POINT('',#7005);
#7005 = CARTESIAN_POINT('',(-0.3,-5.38,8.2));
#7006 = LINE('',#7007,#7008);
#7007 = CARTESIAN_POINT('',(-0.3,-5.38,8.2));
#7008 = VECTOR('',#7009,1.);
#7009 = DIRECTION('',(0.57735026919,0.57735026919,-0.57735026919));
#7010 = ORIENTED_EDGE('',*,*,#7011,.F.);
#7011 = EDGE_CURVE('',#6995,#7004,#7012,.T.);
#7012 = LINE('',#7013,#7014);
#7013 = CARTESIAN_POINT('',(-0.3,-4.48,8.2));
#7014 = VECTOR('',#7015,1.);
#7015 = DIRECTION('',(-2.334869823773E-16,-1.,0.));
#7016 = PLANE('',#7017);
#7017 = AXIS2_PLACEMENT_3D('',#7018,#7019,#7020);
#7018 = CARTESIAN_POINT('',(-0.45,-4.48,8.35));
#7019 = DIRECTION('',(0.707106781187,-1.651002285576E-16,0.707106781187)
  );
#7020 = DIRECTION('',(-2.334869823772E-16,-1.,1.261136295335E-28));
#7021 = ADVANCED_FACE('',(#7022),#7040,.T.);
#7022 = FACE_BOUND('',#7023,.T.);
#7023 = EDGE_LOOP('',(#7024,#7025,#7026,#7034));
#7024 = ORIENTED_EDGE('',*,*,#7003,.F.);
#7025 = ORIENTED_EDGE('',*,*,#6072,.T.);
#7026 = ORIENTED_EDGE('',*,*,#7027,.T.);
#7027 = EDGE_CURVE('',#6065,#7028,#7030,.T.);
#7028 = VERTEX_POINT('',#7029);
#7029 = CARTESIAN_POINT('',(0.3,-5.38,8.2));
#7030 = LINE('',#7031,#7032);
#7031 = CARTESIAN_POINT('',(0.3,-5.38,8.2));
#7032 = VECTOR('',#7033,1.);
#7033 = DIRECTION('',(-0.57735026919,0.57735026919,-0.57735026919));
#7034 = ORIENTED_EDGE('',*,*,#7035,.F.);
#7035 = EDGE_CURVE('',#7004,#7028,#7036,.T.);
#7036 = LINE('',#7037,#7038);
#7037 = CARTESIAN_POINT('',(-0.6,-5.38,8.2));
#7038 = VECTOR('',#7039,1.);
#7039 = DIRECTION('',(1.,-2.334869823773E-16,0.));
#7040 = PLANE('',#7041);
#7041 = AXIS2_PLACEMENT_3D('',#7042,#7043,#7044);
#7042 = CARTESIAN_POINT('',(-0.6,-5.53,8.35));
#7043 = DIRECTION('',(1.651002285576E-16,0.707106781187,0.707106781187)
  );
#7044 = DIRECTION('',(1.,-2.334869823772E-16,1.261226126545E-28));
#7045 = ADVANCED_FACE('',(#7046),#7064,.T.);
#7046 = FACE_BOUND('',#7047,.T.);
#7047 = EDGE_LOOP('',(#7048,#7049,#7050,#7058));
#7048 = ORIENTED_EDGE('',*,*,#7027,.F.);
#7049 = ORIENTED_EDGE('',*,*,#6064,.T.);
#7050 = ORIENTED_EDGE('',*,*,#7051,.T.);
#7051 = EDGE_CURVE('',#6057,#7052,#7054,.T.);
#7052 = VERTEX_POINT('',#7053);
#7053 = CARTESIAN_POINT('',(0.3,-4.78,8.2));
#7054 = LINE('',#7055,#7056);
#7055 = CARTESIAN_POINT('',(0.3,-4.78,8.2));
#7056 = VECTOR('',#7057,1.);
#7057 = DIRECTION('',(-0.57735026919,-0.57735026919,-0.57735026919));
#7058 = ORIENTED_EDGE('',*,*,#7059,.F.);
#7059 = EDGE_CURVE('',#7028,#7052,#7060,.T.);
#7060 = LINE('',#7061,#7062);
#7061 = CARTESIAN_POINT('',(0.3,-5.68,8.2));
#7062 = VECTOR('',#7063,1.);
#7063 = DIRECTION('',(2.334869823773E-16,1.,0.));
#7064 = PLANE('',#7065);
#7065 = AXIS2_PLACEMENT_3D('',#7066,#7067,#7068);
#7066 = CARTESIAN_POINT('',(0.45,-5.68,8.35));
#7067 = DIRECTION('',(-0.707106781187,1.651002285576E-16,0.707106781187)
  );
#7068 = DIRECTION('',(2.334869823772E-16,1.,1.261136295335E-28));
#7069 = ADVANCED_FACE('',(#7070),#7081,.T.);
#7070 = FACE_BOUND('',#7071,.T.);
#7071 = EDGE_LOOP('',(#7072,#7073,#7074,#7075));
#7072 = ORIENTED_EDGE('',*,*,#7051,.F.);
#7073 = ORIENTED_EDGE('',*,*,#6056,.T.);
#7074 = ORIENTED_EDGE('',*,*,#6994,.T.);
#7075 = ORIENTED_EDGE('',*,*,#7076,.F.);
#7076 = EDGE_CURVE('',#7052,#6995,#7077,.T.);
#7077 = LINE('',#7078,#7079);
#7078 = CARTESIAN_POINT('',(0.6,-4.78,8.2));
#7079 = VECTOR('',#7080,1.);
#7080 = DIRECTION('',(-1.,2.334869823773E-16,0.));
#7081 = PLANE('',#7082);
#7082 = AXIS2_PLACEMENT_3D('',#7083,#7084,#7085);
#7083 = CARTESIAN_POINT('',(0.6,-4.63,8.35));
#7084 = DIRECTION('',(-1.651002285576E-16,-0.707106781187,0.707106781187
    ));
#7085 = DIRECTION('',(-1.,2.334869823772E-16,1.261226126545E-28));
#7086 = ADVANCED_FACE('',(#7087),#7112,.T.);
#7087 = FACE_BOUND('',#7088,.T.);
#7088 = EDGE_LOOP('',(#7089,#7097,#7098,#7106));
#7089 = ORIENTED_EDGE('',*,*,#7090,.F.);
#7090 = EDGE_CURVE('',#6081,#7091,#7093,.T.);
#7091 = VERTEX_POINT('',#7092);
#7092 = CARTESIAN_POINT('',(-0.3,-2.24,8.2));
#7093 = LINE('',#7094,#7095);
#7094 = CARTESIAN_POINT('',(-0.3,-2.24,8.2));
#7095 = VECTOR('',#7096,1.);
#7096 = DIRECTION('',(0.57735026919,-0.57735026919,-0.57735026919));
#7097 = ORIENTED_EDGE('',*,*,#6080,.T.);
#7098 = ORIENTED_EDGE('',*,*,#7099,.T.);
#7099 = EDGE_CURVE('',#6083,#7100,#7102,.T.);
#7100 = VERTEX_POINT('',#7101);
#7101 = CARTESIAN_POINT('',(-0.3,-2.84,8.2));
#7102 = LINE('',#7103,#7104);
#7103 = CARTESIAN_POINT('',(-0.3,-2.84,8.2));
#7104 = VECTOR('',#7105,1.);
#7105 = DIRECTION('',(0.57735026919,0.57735026919,-0.57735026919));
#7106 = ORIENTED_EDGE('',*,*,#7107,.F.);
#7107 = EDGE_CURVE('',#7091,#7100,#7108,.T.);
#7108 = LINE('',#7109,#7110);
#7109 = CARTESIAN_POINT('',(-0.3,-1.94,8.2));
#7110 = VECTOR('',#7111,1.);
#7111 = DIRECTION('',(-2.334869823773E-16,-1.,0.));
#7112 = PLANE('',#7113);
#7113 = AXIS2_PLACEMENT_3D('',#7114,#7115,#7116);
#7114 = CARTESIAN_POINT('',(-0.45,-1.94,8.35));
#7115 = DIRECTION('',(0.707106781187,-1.651002285576E-16,0.707106781187)
  );
#7116 = DIRECTION('',(-2.334869823772E-16,-1.,1.261136295335E-28));
#7117 = ADVANCED_FACE('',(#7118),#7136,.T.);
#7118 = FACE_BOUND('',#7119,.T.);
#7119 = EDGE_LOOP('',(#7120,#7121,#7122,#7130));
#7120 = ORIENTED_EDGE('',*,*,#7099,.F.);
#7121 = ORIENTED_EDGE('',*,*,#6106,.T.);
#7122 = ORIENTED_EDGE('',*,*,#7123,.T.);
#7123 = EDGE_CURVE('',#6099,#7124,#7126,.T.);
#7124 = VERTEX_POINT('',#7125);
#7125 = CARTESIAN_POINT('',(0.3,-2.84,8.2));
#7126 = LINE('',#7127,#7128);
#7127 = CARTESIAN_POINT('',(0.3,-2.84,8.2));
#7128 = VECTOR('',#7129,1.);
#7129 = DIRECTION('',(-0.57735026919,0.57735026919,-0.57735026919));
#7130 = ORIENTED_EDGE('',*,*,#7131,.F.);
#7131 = EDGE_CURVE('',#7100,#7124,#7132,.T.);
#7132 = LINE('',#7133,#7134);
#7133 = CARTESIAN_POINT('',(-0.6,-2.84,8.2));
#7134 = VECTOR('',#7135,1.);
#7135 = DIRECTION('',(1.,-2.334869823773E-16,0.));
#7136 = PLANE('',#7137);
#7137 = AXIS2_PLACEMENT_3D('',#7138,#7139,#7140);
#7138 = CARTESIAN_POINT('',(-0.6,-2.99,8.35));
#7139 = DIRECTION('',(1.651002285576E-16,0.707106781187,0.707106781187)
  );
#7140 = DIRECTION('',(1.,-2.334869823772E-16,1.261226126545E-28));
#7141 = ADVANCED_FACE('',(#7142),#7160,.T.);
#7142 = FACE_BOUND('',#7143,.T.);
#7143 = EDGE_LOOP('',(#7144,#7145,#7146,#7154));
#7144 = ORIENTED_EDGE('',*,*,#7123,.F.);
#7145 = ORIENTED_EDGE('',*,*,#6098,.T.);
#7146 = ORIENTED_EDGE('',*,*,#7147,.T.);
#7147 = EDGE_CURVE('',#6091,#7148,#7150,.T.);
#7148 = VERTEX_POINT('',#7149);
#7149 = CARTESIAN_POINT('',(0.3,-2.24,8.2));
#7150 = LINE('',#7151,#7152);
#7151 = CARTESIAN_POINT('',(0.3,-2.24,8.2));
#7152 = VECTOR('',#7153,1.);
#7153 = DIRECTION('',(-0.57735026919,-0.57735026919,-0.57735026919));
#7154 = ORIENTED_EDGE('',*,*,#7155,.F.);
#7155 = EDGE_CURVE('',#7124,#7148,#7156,.T.);
#7156 = LINE('',#7157,#7158);
#7157 = CARTESIAN_POINT('',(0.3,-3.14,8.2));
#7158 = VECTOR('',#7159,1.);
#7159 = DIRECTION('',(2.334869823773E-16,1.,0.));
#7160 = PLANE('',#7161);
#7161 = AXIS2_PLACEMENT_3D('',#7162,#7163,#7164);
#7162 = CARTESIAN_POINT('',(0.45,-3.14,8.35));
#7163 = DIRECTION('',(-0.707106781187,1.651002285576E-16,0.707106781187)
  );
#7164 = DIRECTION('',(2.334869823772E-16,1.,1.261136295335E-28));
#7165 = ADVANCED_FACE('',(#7166),#7177,.T.);
#7166 = FACE_BOUND('',#7167,.T.);
#7167 = EDGE_LOOP('',(#7168,#7169,#7170,#7171));
#7168 = ORIENTED_EDGE('',*,*,#7147,.F.);
#7169 = ORIENTED_EDGE('',*,*,#6090,.T.);
#7170 = ORIENTED_EDGE('',*,*,#7090,.T.);
#7171 = ORIENTED_EDGE('',*,*,#7172,.F.);
#7172 = EDGE_CURVE('',#7148,#7091,#7173,.T.);
#7173 = LINE('',#7174,#7175);
#7174 = CARTESIAN_POINT('',(0.6,-2.24,8.2));
#7175 = VECTOR('',#7176,1.);
#7176 = DIRECTION('',(-1.,2.334869823773E-16,0.));
#7177 = PLANE('',#7178);
#7178 = AXIS2_PLACEMENT_3D('',#7179,#7180,#7181);
#7179 = CARTESIAN_POINT('',(0.6,-2.09,8.35));
#7180 = DIRECTION('',(-1.651002285576E-16,-0.707106781187,0.707106781187
    ));
#7181 = DIRECTION('',(-1.,2.334869823772E-16,1.261226126545E-28));
#7182 = ADVANCED_FACE('',(#7183),#7208,.T.);
#7183 = FACE_BOUND('',#7184,.T.);
#7184 = EDGE_LOOP('',(#7185,#7193,#7194,#7202));
#7185 = ORIENTED_EDGE('',*,*,#7186,.F.);
#7186 = EDGE_CURVE('',#6115,#7187,#7189,.T.);
#7187 = VERTEX_POINT('',#7188);
#7188 = CARTESIAN_POINT('',(-0.3,0.3,8.2));
#7189 = LINE('',#7190,#7191);
#7190 = CARTESIAN_POINT('',(-0.3,0.3,8.2));
#7191 = VECTOR('',#7192,1.);
#7192 = DIRECTION('',(0.57735026919,-0.57735026919,-0.57735026919));
#7193 = ORIENTED_EDGE('',*,*,#6114,.T.);
#7194 = ORIENTED_EDGE('',*,*,#7195,.T.);
#7195 = EDGE_CURVE('',#6117,#7196,#7198,.T.);
#7196 = VERTEX_POINT('',#7197);
#7197 = CARTESIAN_POINT('',(-0.3,-0.3,8.2));
#7198 = LINE('',#7199,#7200);
#7199 = CARTESIAN_POINT('',(-0.3,-0.3,8.2));
#7200 = VECTOR('',#7201,1.);
#7201 = DIRECTION('',(0.57735026919,0.57735026919,-0.57735026919));
#7202 = ORIENTED_EDGE('',*,*,#7203,.F.);
#7203 = EDGE_CURVE('',#7187,#7196,#7204,.T.);
#7204 = LINE('',#7205,#7206);
#7205 = CARTESIAN_POINT('',(-0.3,0.6,8.2));
#7206 = VECTOR('',#7207,1.);
#7207 = DIRECTION('',(-2.334869823773E-16,-1.,0.));
#7208 = PLANE('',#7209);
#7209 = AXIS2_PLACEMENT_3D('',#7210,#7211,#7212);
#7210 = CARTESIAN_POINT('',(-0.45,0.6,8.35));
#7211 = DIRECTION('',(0.707106781187,-1.651002285576E-16,0.707106781187)
  );
#7212 = DIRECTION('',(-2.334869823772E-16,-1.,1.261136295335E-28));
#7213 = ADVANCED_FACE('',(#7214),#7232,.T.);
#7214 = FACE_BOUND('',#7215,.T.);
#7215 = EDGE_LOOP('',(#7216,#7217,#7218,#7226));
#7216 = ORIENTED_EDGE('',*,*,#7195,.F.);
#7217 = ORIENTED_EDGE('',*,*,#6140,.T.);
#7218 = ORIENTED_EDGE('',*,*,#7219,.T.);
#7219 = EDGE_CURVE('',#6133,#7220,#7222,.T.);
#7220 = VERTEX_POINT('',#7221);
#7221 = CARTESIAN_POINT('',(0.3,-0.3,8.2));
#7222 = LINE('',#7223,#7224);
#7223 = CARTESIAN_POINT('',(0.3,-0.3,8.2));
#7224 = VECTOR('',#7225,1.);
#7225 = DIRECTION('',(-0.57735026919,0.57735026919,-0.57735026919));
#7226 = ORIENTED_EDGE('',*,*,#7227,.F.);
#7227 = EDGE_CURVE('',#7196,#7220,#7228,.T.);
#7228 = LINE('',#7229,#7230);
#7229 = CARTESIAN_POINT('',(-0.6,-0.3,8.2));
#7230 = VECTOR('',#7231,1.);
#7231 = DIRECTION('',(1.,-2.334869823773E-16,0.));
#7232 = PLANE('',#7233);
#7233 = AXIS2_PLACEMENT_3D('',#7234,#7235,#7236);
#7234 = CARTESIAN_POINT('',(-0.6,-0.45,8.35));
#7235 = DIRECTION('',(1.651002285576E-16,0.707106781187,0.707106781187)
  );
#7236 = DIRECTION('',(1.,-2.334869823772E-16,1.261226126545E-28));
#7237 = ADVANCED_FACE('',(#7238),#7256,.T.);
#7238 = FACE_BOUND('',#7239,.T.);
#7239 = EDGE_LOOP('',(#7240,#7241,#7242,#7250));
#7240 = ORIENTED_EDGE('',*,*,#7219,.F.);
#7241 = ORIENTED_EDGE('',*,*,#6132,.T.);
#7242 = ORIENTED_EDGE('',*,*,#7243,.T.);
#7243 = EDGE_CURVE('',#6125,#7244,#7246,.T.);
#7244 = VERTEX_POINT('',#7245);
#7245 = CARTESIAN_POINT('',(0.3,0.3,8.2));
#7246 = LINE('',#7247,#7248);
#7247 = CARTESIAN_POINT('',(0.3,0.3,8.2));
#7248 = VECTOR('',#7249,1.);
#7249 = DIRECTION('',(-0.57735026919,-0.57735026919,-0.57735026919));
#7250 = ORIENTED_EDGE('',*,*,#7251,.F.);
#7251 = EDGE_CURVE('',#7220,#7244,#7252,.T.);
#7252 = LINE('',#7253,#7254);
#7253 = CARTESIAN_POINT('',(0.3,-0.6,8.2));
#7254 = VECTOR('',#7255,1.);
#7255 = DIRECTION('',(2.334869823773E-16,1.,0.));
#7256 = PLANE('',#7257);
#7257 = AXIS2_PLACEMENT_3D('',#7258,#7259,#7260);
#7258 = CARTESIAN_POINT('',(0.45,-0.6,8.35));
#7259 = DIRECTION('',(-0.707106781187,1.651002285576E-16,0.707106781187)
  );
#7260 = DIRECTION('',(2.334869823772E-16,1.,1.261136295335E-28));
#7261 = ADVANCED_FACE('',(#7262),#7273,.T.);
#7262 = FACE_BOUND('',#7263,.T.);
#7263 = EDGE_LOOP('',(#7264,#7265,#7266,#7267));
#7264 = ORIENTED_EDGE('',*,*,#7243,.F.);
#7265 = ORIENTED_EDGE('',*,*,#6124,.T.);
#7266 = ORIENTED_EDGE('',*,*,#7186,.T.);
#7267 = ORIENTED_EDGE('',*,*,#7268,.F.);
#7268 = EDGE_CURVE('',#7244,#7187,#7269,.T.);
#7269 = LINE('',#7270,#7271);
#7270 = CARTESIAN_POINT('',(0.6,0.3,8.2));
#7271 = VECTOR('',#7272,1.);
#7272 = DIRECTION('',(-1.,2.334869823773E-16,0.));
#7273 = PLANE('',#7274);
#7274 = AXIS2_PLACEMENT_3D('',#7275,#7276,#7277);
#7275 = CARTESIAN_POINT('',(0.6,0.45,8.35));
#7276 = DIRECTION('',(-1.651002285576E-16,-0.707106781187,0.707106781187
    ));
#7277 = DIRECTION('',(-1.,2.334869823772E-16,1.261226126545E-28));
#7278 = ADVANCED_FACE('',(#7279),#7304,.T.);
#7279 = FACE_BOUND('',#7280,.T.);
#7280 = EDGE_LOOP('',(#7281,#7289,#7290,#7298));
#7281 = ORIENTED_EDGE('',*,*,#7282,.F.);
#7282 = EDGE_CURVE('',#6149,#7283,#7285,.T.);
#7283 = VERTEX_POINT('',#7284);
#7284 = CARTESIAN_POINT('',(-2.24,-7.92,8.2));
#7285 = LINE('',#7286,#7287);
#7286 = CARTESIAN_POINT('',(-2.24,-7.92,8.2));
#7287 = VECTOR('',#7288,1.);
#7288 = DIRECTION('',(-0.57735026919,0.57735026919,-0.57735026919));
#7289 = ORIENTED_EDGE('',*,*,#6148,.T.);
#7290 = ORIENTED_EDGE('',*,*,#7291,.T.);
#7291 = EDGE_CURVE('',#6151,#7292,#7294,.T.);
#7292 = VERTEX_POINT('',#7293);
#7293 = CARTESIAN_POINT('',(-2.24,-7.32,8.2));
#7294 = LINE('',#7295,#7296);
#7295 = CARTESIAN_POINT('',(-2.24,-7.32,8.2));
#7296 = VECTOR('',#7297,1.);
#7297 = DIRECTION('',(-0.57735026919,-0.57735026919,-0.57735026919));
#7298 = ORIENTED_EDGE('',*,*,#7299,.F.);
#7299 = EDGE_CURVE('',#7283,#7292,#7300,.T.);
#7300 = LINE('',#7301,#7302);
#7301 = CARTESIAN_POINT('',(-2.24,-8.22,8.2));
#7302 = VECTOR('',#7303,1.);
#7303 = DIRECTION('',(1.110223024625E-16,1.,0.));
#7304 = PLANE('',#7305);
#7305 = AXIS2_PLACEMENT_3D('',#7306,#7307,#7308);
#7306 = CARTESIAN_POINT('',(-2.09,-8.22,8.35));
#7307 = DIRECTION('',(-0.707106781187,7.850462293414E-17,0.707106781187)
  );
#7308 = DIRECTION('',(1.110223024625E-16,1.,2.68018785873E-29));
#7309 = ADVANCED_FACE('',(#7310),#7328,.T.);
#7310 = FACE_BOUND('',#7311,.T.);
#7311 = EDGE_LOOP('',(#7312,#7313,#7314,#7322));
#7312 = ORIENTED_EDGE('',*,*,#7291,.F.);
#7313 = ORIENTED_EDGE('',*,*,#6174,.T.);
#7314 = ORIENTED_EDGE('',*,*,#7315,.T.);
#7315 = EDGE_CURVE('',#6167,#7316,#7318,.T.);
#7316 = VERTEX_POINT('',#7317);
#7317 = CARTESIAN_POINT('',(-2.84,-7.32,8.2));
#7318 = LINE('',#7319,#7320);
#7319 = CARTESIAN_POINT('',(-2.84,-7.32,8.2));
#7320 = VECTOR('',#7321,1.);
#7321 = DIRECTION('',(0.57735026919,-0.57735026919,-0.57735026919));
#7322 = ORIENTED_EDGE('',*,*,#7323,.F.);
#7323 = EDGE_CURVE('',#7292,#7316,#7324,.T.);
#7324 = LINE('',#7325,#7326);
#7325 = CARTESIAN_POINT('',(-1.94,-7.32,8.2));
#7326 = VECTOR('',#7327,1.);
#7327 = DIRECTION('',(-1.,1.110223024625E-16,0.));
#7328 = PLANE('',#7329);
#7329 = AXIS2_PLACEMENT_3D('',#7330,#7331,#7332);
#7330 = CARTESIAN_POINT('',(-1.94,-7.17,8.35));
#7331 = DIRECTION('',(-7.850462293414E-17,-0.707106781187,0.707106781187
    ));
#7332 = DIRECTION('',(-1.,1.110223024625E-16,2.680187753847E-29));
#7333 = ADVANCED_FACE('',(#7334),#7352,.T.);
#7334 = FACE_BOUND('',#7335,.T.);
#7335 = EDGE_LOOP('',(#7336,#7337,#7338,#7346));
#7336 = ORIENTED_EDGE('',*,*,#7315,.F.);
#7337 = ORIENTED_EDGE('',*,*,#6166,.T.);
#7338 = ORIENTED_EDGE('',*,*,#7339,.T.);
#7339 = EDGE_CURVE('',#6159,#7340,#7342,.T.);
#7340 = VERTEX_POINT('',#7341);
#7341 = CARTESIAN_POINT('',(-2.84,-7.92,8.2));
#7342 = LINE('',#7343,#7344);
#7343 = CARTESIAN_POINT('',(-2.84,-7.92,8.2));
#7344 = VECTOR('',#7345,1.);
#7345 = DIRECTION('',(0.57735026919,0.57735026919,-0.57735026919));
#7346 = ORIENTED_EDGE('',*,*,#7347,.F.);
#7347 = EDGE_CURVE('',#7316,#7340,#7348,.T.);
#7348 = LINE('',#7349,#7350);
#7349 = CARTESIAN_POINT('',(-2.84,-7.02,8.2));
#7350 = VECTOR('',#7351,1.);
#7351 = DIRECTION('',(-1.110223024625E-16,-1.,0.));
#7352 = PLANE('',#7353);
#7353 = AXIS2_PLACEMENT_3D('',#7354,#7355,#7356);
#7354 = CARTESIAN_POINT('',(-2.99,-7.02,8.35));
#7355 = DIRECTION('',(0.707106781187,-7.850462293414E-17,0.707106781187)
  );
#7356 = DIRECTION('',(-1.110223024625E-16,-1.,2.68018785873E-29));
#7357 = ADVANCED_FACE('',(#7358),#7369,.T.);
#7358 = FACE_BOUND('',#7359,.T.);
#7359 = EDGE_LOOP('',(#7360,#7361,#7362,#7363));
#7360 = ORIENTED_EDGE('',*,*,#7339,.F.);
#7361 = ORIENTED_EDGE('',*,*,#6158,.T.);
#7362 = ORIENTED_EDGE('',*,*,#7282,.T.);
#7363 = ORIENTED_EDGE('',*,*,#7364,.F.);
#7364 = EDGE_CURVE('',#7340,#7283,#7365,.T.);
#7365 = LINE('',#7366,#7367);
#7366 = CARTESIAN_POINT('',(-3.14,-7.92,8.2));
#7367 = VECTOR('',#7368,1.);
#7368 = DIRECTION('',(1.,-1.110223024625E-16,0.));
#7369 = PLANE('',#7370);
#7370 = AXIS2_PLACEMENT_3D('',#7371,#7372,#7373);
#7371 = CARTESIAN_POINT('',(-3.14,-8.07,8.35));
#7372 = DIRECTION('',(7.850462293414E-17,0.707106781187,0.707106781187)
  );
#7373 = DIRECTION('',(1.,-1.110223024625E-16,2.680187753847E-29));
#7374 = ADVANCED_FACE('',(#7375),#7400,.T.);
#7375 = FACE_BOUND('',#7376,.T.);
#7376 = EDGE_LOOP('',(#7377,#7385,#7386,#7394));
#7377 = ORIENTED_EDGE('',*,*,#7378,.F.);
#7378 = EDGE_CURVE('',#6183,#7379,#7381,.T.);
#7379 = VERTEX_POINT('',#7380);
#7380 = CARTESIAN_POINT('',(-2.24,-5.38,8.2));
#7381 = LINE('',#7382,#7383);
#7382 = CARTESIAN_POINT('',(-2.24,-5.38,8.2));
#7383 = VECTOR('',#7384,1.);
#7384 = DIRECTION('',(-0.57735026919,0.57735026919,-0.57735026919));
#7385 = ORIENTED_EDGE('',*,*,#6182,.T.);
#7386 = ORIENTED_EDGE('',*,*,#7387,.T.);
#7387 = EDGE_CURVE('',#6185,#7388,#7390,.T.);
#7388 = VERTEX_POINT('',#7389);
#7389 = CARTESIAN_POINT('',(-2.24,-4.78,8.2));
#7390 = LINE('',#7391,#7392);
#7391 = CARTESIAN_POINT('',(-2.24,-4.78,8.2));
#7392 = VECTOR('',#7393,1.);
#7393 = DIRECTION('',(-0.57735026919,-0.57735026919,-0.57735026919));
#7394 = ORIENTED_EDGE('',*,*,#7395,.F.);
#7395 = EDGE_CURVE('',#7379,#7388,#7396,.T.);
#7396 = LINE('',#7397,#7398);
#7397 = CARTESIAN_POINT('',(-2.24,-5.68,8.2));
#7398 = VECTOR('',#7399,1.);
#7399 = DIRECTION('',(1.110223024625E-16,1.,0.));
#7400 = PLANE('',#7401);
#7401 = AXIS2_PLACEMENT_3D('',#7402,#7403,#7404);
#7402 = CARTESIAN_POINT('',(-2.09,-5.68,8.35));
#7403 = DIRECTION('',(-0.707106781187,7.850462293414E-17,0.707106781187)
  );
#7404 = DIRECTION('',(1.110223024625E-16,1.,2.68018785873E-29));
#7405 = ADVANCED_FACE('',(#7406),#7424,.T.);
#7406 = FACE_BOUND('',#7407,.T.);
#7407 = EDGE_LOOP('',(#7408,#7409,#7410,#7418));
#7408 = ORIENTED_EDGE('',*,*,#7387,.F.);
#7409 = ORIENTED_EDGE('',*,*,#6208,.T.);
#7410 = ORIENTED_EDGE('',*,*,#7411,.T.);
#7411 = EDGE_CURVE('',#6201,#7412,#7414,.T.);
#7412 = VERTEX_POINT('',#7413);
#7413 = CARTESIAN_POINT('',(-2.84,-4.78,8.2));
#7414 = LINE('',#7415,#7416);
#7415 = CARTESIAN_POINT('',(-2.84,-4.78,8.2));
#7416 = VECTOR('',#7417,1.);
#7417 = DIRECTION('',(0.57735026919,-0.57735026919,-0.57735026919));
#7418 = ORIENTED_EDGE('',*,*,#7419,.F.);
#7419 = EDGE_CURVE('',#7388,#7412,#7420,.T.);
#7420 = LINE('',#7421,#7422);
#7421 = CARTESIAN_POINT('',(-1.94,-4.78,8.2));
#7422 = VECTOR('',#7423,1.);
#7423 = DIRECTION('',(-1.,1.110223024625E-16,0.));
#7424 = PLANE('',#7425);
#7425 = AXIS2_PLACEMENT_3D('',#7426,#7427,#7428);
#7426 = CARTESIAN_POINT('',(-1.94,-4.63,8.35));
#7427 = DIRECTION('',(-7.850462293414E-17,-0.707106781187,0.707106781187
    ));
#7428 = DIRECTION('',(-1.,1.110223024625E-16,2.680187753847E-29));
#7429 = ADVANCED_FACE('',(#7430),#7448,.T.);
#7430 = FACE_BOUND('',#7431,.T.);
#7431 = EDGE_LOOP('',(#7432,#7433,#7434,#7442));
#7432 = ORIENTED_EDGE('',*,*,#7411,.F.);
#7433 = ORIENTED_EDGE('',*,*,#6200,.T.);
#7434 = ORIENTED_EDGE('',*,*,#7435,.T.);
#7435 = EDGE_CURVE('',#6193,#7436,#7438,.T.);
#7436 = VERTEX_POINT('',#7437);
#7437 = CARTESIAN_POINT('',(-2.84,-5.38,8.2));
#7438 = LINE('',#7439,#7440);
#7439 = CARTESIAN_POINT('',(-2.84,-5.38,8.2));
#7440 = VECTOR('',#7441,1.);
#7441 = DIRECTION('',(0.57735026919,0.57735026919,-0.57735026919));
#7442 = ORIENTED_EDGE('',*,*,#7443,.F.);
#7443 = EDGE_CURVE('',#7412,#7436,#7444,.T.);
#7444 = LINE('',#7445,#7446);
#7445 = CARTESIAN_POINT('',(-2.84,-4.48,8.2));
#7446 = VECTOR('',#7447,1.);
#7447 = DIRECTION('',(-1.110223024625E-16,-1.,0.));
#7448 = PLANE('',#7449);
#7449 = AXIS2_PLACEMENT_3D('',#7450,#7451,#7452);
#7450 = CARTESIAN_POINT('',(-2.99,-4.48,8.35));
#7451 = DIRECTION('',(0.707106781187,-7.850462293414E-17,0.707106781187)
  );
#7452 = DIRECTION('',(-1.110223024625E-16,-1.,2.68018785873E-29));
#7453 = ADVANCED_FACE('',(#7454),#7465,.T.);
#7454 = FACE_BOUND('',#7455,.T.);
#7455 = EDGE_LOOP('',(#7456,#7457,#7458,#7459));
#7456 = ORIENTED_EDGE('',*,*,#7435,.F.);
#7457 = ORIENTED_EDGE('',*,*,#6192,.T.);
#7458 = ORIENTED_EDGE('',*,*,#7378,.T.);
#7459 = ORIENTED_EDGE('',*,*,#7460,.F.);
#7460 = EDGE_CURVE('',#7436,#7379,#7461,.T.);
#7461 = LINE('',#7462,#7463);
#7462 = CARTESIAN_POINT('',(-3.14,-5.38,8.2));
#7463 = VECTOR('',#7464,1.);
#7464 = DIRECTION('',(1.,-1.110223024625E-16,0.));
#7465 = PLANE('',#7466);
#7466 = AXIS2_PLACEMENT_3D('',#7467,#7468,#7469);
#7467 = CARTESIAN_POINT('',(-3.14,-5.53,8.35));
#7468 = DIRECTION('',(7.850462293414E-17,0.707106781187,0.707106781187)
  );
#7469 = DIRECTION('',(1.,-1.110223024625E-16,2.680187753847E-29));
#7470 = ADVANCED_FACE('',(#7471),#7496,.T.);
#7471 = FACE_BOUND('',#7472,.T.);
#7472 = EDGE_LOOP('',(#7473,#7481,#7482,#7490));
#7473 = ORIENTED_EDGE('',*,*,#7474,.F.);
#7474 = EDGE_CURVE('',#6217,#7475,#7477,.T.);
#7475 = VERTEX_POINT('',#7476);
#7476 = CARTESIAN_POINT('',(-2.24,-2.84,8.2));
#7477 = LINE('',#7478,#7479);
#7478 = CARTESIAN_POINT('',(-2.24,-2.84,8.2));
#7479 = VECTOR('',#7480,1.);
#7480 = DIRECTION('',(-0.57735026919,0.57735026919,-0.57735026919));
#7481 = ORIENTED_EDGE('',*,*,#6216,.T.);
#7482 = ORIENTED_EDGE('',*,*,#7483,.T.);
#7483 = EDGE_CURVE('',#6219,#7484,#7486,.T.);
#7484 = VERTEX_POINT('',#7485);
#7485 = CARTESIAN_POINT('',(-2.24,-2.24,8.2));
#7486 = LINE('',#7487,#7488);
#7487 = CARTESIAN_POINT('',(-2.24,-2.24,8.2));
#7488 = VECTOR('',#7489,1.);
#7489 = DIRECTION('',(-0.57735026919,-0.57735026919,-0.57735026919));
#7490 = ORIENTED_EDGE('',*,*,#7491,.F.);
#7491 = EDGE_CURVE('',#7475,#7484,#7492,.T.);
#7492 = LINE('',#7493,#7494);
#7493 = CARTESIAN_POINT('',(-2.24,-3.14,8.2));
#7494 = VECTOR('',#7495,1.);
#7495 = DIRECTION('',(1.110223024625E-16,1.,0.));
#7496 = PLANE('',#7497);
#7497 = AXIS2_PLACEMENT_3D('',#7498,#7499,#7500);
#7498 = CARTESIAN_POINT('',(-2.09,-3.14,8.35));
#7499 = DIRECTION('',(-0.707106781187,7.850462293414E-17,0.707106781187)
  );
#7500 = DIRECTION('',(1.110223024625E-16,1.,2.68018785873E-29));
#7501 = ADVANCED_FACE('',(#7502),#7520,.T.);
#7502 = FACE_BOUND('',#7503,.T.);
#7503 = EDGE_LOOP('',(#7504,#7505,#7506,#7514));
#7504 = ORIENTED_EDGE('',*,*,#7483,.F.);
#7505 = ORIENTED_EDGE('',*,*,#6242,.T.);
#7506 = ORIENTED_EDGE('',*,*,#7507,.T.);
#7507 = EDGE_CURVE('',#6235,#7508,#7510,.T.);
#7508 = VERTEX_POINT('',#7509);
#7509 = CARTESIAN_POINT('',(-2.84,-2.24,8.2));
#7510 = LINE('',#7511,#7512);
#7511 = CARTESIAN_POINT('',(-2.84,-2.24,8.2));
#7512 = VECTOR('',#7513,1.);
#7513 = DIRECTION('',(0.57735026919,-0.57735026919,-0.57735026919));
#7514 = ORIENTED_EDGE('',*,*,#7515,.F.);
#7515 = EDGE_CURVE('',#7484,#7508,#7516,.T.);
#7516 = LINE('',#7517,#7518);
#7517 = CARTESIAN_POINT('',(-1.94,-2.24,8.2));
#7518 = VECTOR('',#7519,1.);
#7519 = DIRECTION('',(-1.,1.110223024625E-16,0.));
#7520 = PLANE('',#7521);
#7521 = AXIS2_PLACEMENT_3D('',#7522,#7523,#7524);
#7522 = CARTESIAN_POINT('',(-1.94,-2.09,8.35));
#7523 = DIRECTION('',(-7.850462293414E-17,-0.707106781187,0.707106781187
    ));
#7524 = DIRECTION('',(-1.,1.110223024625E-16,2.680187753847E-29));
#7525 = ADVANCED_FACE('',(#7526),#7544,.T.);
#7526 = FACE_BOUND('',#7527,.T.);
#7527 = EDGE_LOOP('',(#7528,#7529,#7530,#7538));
#7528 = ORIENTED_EDGE('',*,*,#7507,.F.);
#7529 = ORIENTED_EDGE('',*,*,#6234,.T.);
#7530 = ORIENTED_EDGE('',*,*,#7531,.T.);
#7531 = EDGE_CURVE('',#6227,#7532,#7534,.T.);
#7532 = VERTEX_POINT('',#7533);
#7533 = CARTESIAN_POINT('',(-2.84,-2.84,8.2));
#7534 = LINE('',#7535,#7536);
#7535 = CARTESIAN_POINT('',(-2.84,-2.84,8.2));
#7536 = VECTOR('',#7537,1.);
#7537 = DIRECTION('',(0.57735026919,0.57735026919,-0.57735026919));
#7538 = ORIENTED_EDGE('',*,*,#7539,.F.);
#7539 = EDGE_CURVE('',#7508,#7532,#7540,.T.);
#7540 = LINE('',#7541,#7542);
#7541 = CARTESIAN_POINT('',(-2.84,-1.94,8.2));
#7542 = VECTOR('',#7543,1.);
#7543 = DIRECTION('',(-1.110223024625E-16,-1.,0.));
#7544 = PLANE('',#7545);
#7545 = AXIS2_PLACEMENT_3D('',#7546,#7547,#7548);
#7546 = CARTESIAN_POINT('',(-2.99,-1.94,8.35));
#7547 = DIRECTION('',(0.707106781187,-7.850462293414E-17,0.707106781187)
  );
#7548 = DIRECTION('',(-1.110223024625E-16,-1.,2.68018785873E-29));
#7549 = ADVANCED_FACE('',(#7550),#7561,.T.);
#7550 = FACE_BOUND('',#7551,.T.);
#7551 = EDGE_LOOP('',(#7552,#7553,#7554,#7555));
#7552 = ORIENTED_EDGE('',*,*,#7531,.F.);
#7553 = ORIENTED_EDGE('',*,*,#6226,.T.);
#7554 = ORIENTED_EDGE('',*,*,#7474,.T.);
#7555 = ORIENTED_EDGE('',*,*,#7556,.F.);
#7556 = EDGE_CURVE('',#7532,#7475,#7557,.T.);
#7557 = LINE('',#7558,#7559);
#7558 = CARTESIAN_POINT('',(-3.14,-2.84,8.2));
#7559 = VECTOR('',#7560,1.);
#7560 = DIRECTION('',(1.,-1.110223024625E-16,0.));
#7561 = PLANE('',#7562);
#7562 = AXIS2_PLACEMENT_3D('',#7563,#7564,#7565);
#7563 = CARTESIAN_POINT('',(-3.14,-2.99,8.35));
#7564 = DIRECTION('',(7.850462293414E-17,0.707106781187,0.707106781187)
  );
#7565 = DIRECTION('',(1.,-1.110223024625E-16,2.680187753847E-29));
#7566 = ADVANCED_FACE('',(#7567),#7592,.T.);
#7567 = FACE_BOUND('',#7568,.T.);
#7568 = EDGE_LOOP('',(#7569,#7577,#7578,#7586));
#7569 = ORIENTED_EDGE('',*,*,#7570,.F.);
#7570 = EDGE_CURVE('',#6251,#7571,#7573,.T.);
#7571 = VERTEX_POINT('',#7572);
#7572 = CARTESIAN_POINT('',(-2.24,-0.3,8.2));
#7573 = LINE('',#7574,#7575);
#7574 = CARTESIAN_POINT('',(-2.24,-0.3,8.2));
#7575 = VECTOR('',#7576,1.);
#7576 = DIRECTION('',(-0.57735026919,0.57735026919,-0.57735026919));
#7577 = ORIENTED_EDGE('',*,*,#6250,.T.);
#7578 = ORIENTED_EDGE('',*,*,#7579,.T.);
#7579 = EDGE_CURVE('',#6253,#7580,#7582,.T.);
#7580 = VERTEX_POINT('',#7581);
#7581 = CARTESIAN_POINT('',(-2.24,0.3,8.2));
#7582 = LINE('',#7583,#7584);
#7583 = CARTESIAN_POINT('',(-2.24,0.3,8.2));
#7584 = VECTOR('',#7585,1.);
#7585 = DIRECTION('',(-0.57735026919,-0.57735026919,-0.57735026919));
#7586 = ORIENTED_EDGE('',*,*,#7587,.F.);
#7587 = EDGE_CURVE('',#7571,#7580,#7588,.T.);
#7588 = LINE('',#7589,#7590);
#7589 = CARTESIAN_POINT('',(-2.24,-0.6,8.2));
#7590 = VECTOR('',#7591,1.);
#7591 = DIRECTION('',(1.110223024625E-16,1.,0.));
#7592 = PLANE('',#7593);
#7593 = AXIS2_PLACEMENT_3D('',#7594,#7595,#7596);
#7594 = CARTESIAN_POINT('',(-2.09,-0.6,8.35));
#7595 = DIRECTION('',(-0.707106781187,7.850462293414E-17,0.707106781187)
  );
#7596 = DIRECTION('',(1.110223024625E-16,1.,2.68018785873E-29));
#7597 = ADVANCED_FACE('',(#7598),#7616,.T.);
#7598 = FACE_BOUND('',#7599,.T.);
#7599 = EDGE_LOOP('',(#7600,#7601,#7602,#7610));
#7600 = ORIENTED_EDGE('',*,*,#7579,.F.);
#7601 = ORIENTED_EDGE('',*,*,#6276,.T.);
#7602 = ORIENTED_EDGE('',*,*,#7603,.T.);
#7603 = EDGE_CURVE('',#6269,#7604,#7606,.T.);
#7604 = VERTEX_POINT('',#7605);
#7605 = CARTESIAN_POINT('',(-2.84,0.3,8.2));
#7606 = LINE('',#7607,#7608);
#7607 = CARTESIAN_POINT('',(-2.84,0.3,8.2));
#7608 = VECTOR('',#7609,1.);
#7609 = DIRECTION('',(0.57735026919,-0.57735026919,-0.57735026919));
#7610 = ORIENTED_EDGE('',*,*,#7611,.F.);
#7611 = EDGE_CURVE('',#7580,#7604,#7612,.T.);
#7612 = LINE('',#7613,#7614);
#7613 = CARTESIAN_POINT('',(-1.94,0.3,8.2));
#7614 = VECTOR('',#7615,1.);
#7615 = DIRECTION('',(-1.,1.110223024625E-16,0.));
#7616 = PLANE('',#7617);
#7617 = AXIS2_PLACEMENT_3D('',#7618,#7619,#7620);
#7618 = CARTESIAN_POINT('',(-1.94,0.45,8.35));
#7619 = DIRECTION('',(-7.850462293414E-17,-0.707106781187,0.707106781187
    ));
#7620 = DIRECTION('',(-1.,1.110223024625E-16,2.680187753847E-29));
#7621 = ADVANCED_FACE('',(#7622),#7640,.T.);
#7622 = FACE_BOUND('',#7623,.T.);
#7623 = EDGE_LOOP('',(#7624,#7625,#7626,#7634));
#7624 = ORIENTED_EDGE('',*,*,#7603,.F.);
#7625 = ORIENTED_EDGE('',*,*,#6268,.T.);
#7626 = ORIENTED_EDGE('',*,*,#7627,.T.);
#7627 = EDGE_CURVE('',#6261,#7628,#7630,.T.);
#7628 = VERTEX_POINT('',#7629);
#7629 = CARTESIAN_POINT('',(-2.84,-0.3,8.2));
#7630 = LINE('',#7631,#7632);
#7631 = CARTESIAN_POINT('',(-2.84,-0.3,8.2));
#7632 = VECTOR('',#7633,1.);
#7633 = DIRECTION('',(0.57735026919,0.57735026919,-0.57735026919));
#7634 = ORIENTED_EDGE('',*,*,#7635,.F.);
#7635 = EDGE_CURVE('',#7604,#7628,#7636,.T.);
#7636 = LINE('',#7637,#7638);
#7637 = CARTESIAN_POINT('',(-2.84,0.6,8.2));
#7638 = VECTOR('',#7639,1.);
#7639 = DIRECTION('',(-1.110223024625E-16,-1.,0.));
#7640 = PLANE('',#7641);
#7641 = AXIS2_PLACEMENT_3D('',#7642,#7643,#7644);
#7642 = CARTESIAN_POINT('',(-2.99,0.6,8.35));
#7643 = DIRECTION('',(0.707106781187,-7.850462293414E-17,0.707106781187)
  );
#7644 = DIRECTION('',(-1.110223024625E-16,-1.,2.68018785873E-29));
#7645 = ADVANCED_FACE('',(#7646),#7657,.T.);
#7646 = FACE_BOUND('',#7647,.T.);
#7647 = EDGE_LOOP('',(#7648,#7649,#7650,#7651));
#7648 = ORIENTED_EDGE('',*,*,#7627,.F.);
#7649 = ORIENTED_EDGE('',*,*,#6260,.T.);
#7650 = ORIENTED_EDGE('',*,*,#7570,.T.);
#7651 = ORIENTED_EDGE('',*,*,#7652,.F.);
#7652 = EDGE_CURVE('',#7628,#7571,#7653,.T.);
#7653 = LINE('',#7654,#7655);
#7654 = CARTESIAN_POINT('',(-3.14,-0.3,8.2));
#7655 = VECTOR('',#7656,1.);
#7656 = DIRECTION('',(1.,-1.110223024625E-16,0.));
#7657 = PLANE('',#7658);
#7658 = AXIS2_PLACEMENT_3D('',#7659,#7660,#7661);
#7659 = CARTESIAN_POINT('',(-3.14,-0.45,8.35));
#7660 = DIRECTION('',(7.850462293414E-17,0.707106781187,0.707106781187)
  );
#7661 = DIRECTION('',(1.,-1.110223024625E-16,2.680187753847E-29));
#7662 = ADVANCED_FACE('',(#7663),#7674,.T.);
#7663 = FACE_BOUND('',#7664,.T.);
#7664 = EDGE_LOOP('',(#7665,#7666,#7667,#7673));
#7665 = ORIENTED_EDGE('',*,*,#6340,.F.);
#7666 = ORIENTED_EDGE('',*,*,#6350,.T.);
#7667 = ORIENTED_EDGE('',*,*,#7668,.T.);
#7668 = EDGE_CURVE('',#6351,#6391,#7669,.T.);
#7669 = LINE('',#7670,#7671);
#7670 = CARTESIAN_POINT('',(0.1,-7.32,0.2));
#7671 = VECTOR('',#7672,1.);
#7672 = DIRECTION('',(-1.,2.334869823773E-16,0.));
#7673 = ORIENTED_EDGE('',*,*,#6398,.T.);
#7674 = PLANE('',#7675);
#7675 = AXIS2_PLACEMENT_3D('',#7676,#7677,#7678);
#7676 = CARTESIAN_POINT('',(0.1,-7.32,0.2));
#7677 = DIRECTION('',(0.,0.,-1.));
#7678 = DIRECTION('',(2.334869823773E-16,1.,0.));
#7679 = ADVANCED_FACE('',(#7680),#7721,.F.);
#7680 = FACE_BOUND('',#7681,.F.);
#7681 = EDGE_LOOP('',(#7682,#7690,#7691,#7699,#7707,#7715));
#7682 = ORIENTED_EDGE('',*,*,#7683,.T.);
#7683 = EDGE_CURVE('',#7684,#6391,#7686,.T.);
#7684 = VERTEX_POINT('',#7685);
#7685 = CARTESIAN_POINT('',(-0.1,-7.32,-2.5));
#7686 = LINE('',#7687,#7688);
#7687 = CARTESIAN_POINT('',(-0.1,-7.32,-2.5));
#7688 = VECTOR('',#7689,1.);
#7689 = DIRECTION('',(0.,0.,1.));
#7690 = ORIENTED_EDGE('',*,*,#6390,.F.);
#7691 = ORIENTED_EDGE('',*,*,#7692,.T.);
#7692 = EDGE_CURVE('',#6383,#7693,#7695,.T.);
#7693 = VERTEX_POINT('',#7694);
#7694 = CARTESIAN_POINT('',(-0.1,-7.92,-2.5));
#7695 = LINE('',#7696,#7697);
#7696 = CARTESIAN_POINT('',(-0.1,-7.92,0.2));
#7697 = VECTOR('',#7698,1.);
#7698 = DIRECTION('',(-0.,0.,-1.));
#7699 = ORIENTED_EDGE('',*,*,#7700,.T.);
#7700 = EDGE_CURVE('',#7693,#7701,#7703,.T.);
#7701 = VERTEX_POINT('',#7702);
#7702 = CARTESIAN_POINT('',(-0.1,-7.77,-3.1));
#7703 = LINE('',#7704,#7705);
#7704 = CARTESIAN_POINT('',(-0.1,-7.92,-2.5));
#7705 = VECTOR('',#7706,1.);
#7706 = DIRECTION('',(5.662891120873E-17,0.242535625036,-0.970142500145)
  );
#7707 = ORIENTED_EDGE('',*,*,#7708,.T.);
#7708 = EDGE_CURVE('',#7701,#7709,#7711,.T.);
#7709 = VERTEX_POINT('',#7710);
#7710 = CARTESIAN_POINT('',(-0.1,-7.47,-3.1));
#7711 = LINE('',#7712,#7713);
#7712 = CARTESIAN_POINT('',(-0.1,-7.77,-3.1));
#7713 = VECTOR('',#7714,1.);
#7714 = DIRECTION('',(2.334869823773E-16,1.,0.));
#7715 = ORIENTED_EDGE('',*,*,#7716,.T.);
#7716 = EDGE_CURVE('',#7709,#7684,#7717,.T.);
#7717 = LINE('',#7718,#7719);
#7718 = CARTESIAN_POINT('',(-0.1,-7.47,-3.1));
#7719 = VECTOR('',#7720,1.);
#7720 = DIRECTION('',(5.662891120873E-17,0.242535625036,0.970142500145)
  );
#7721 = PLANE('',#7722);
#7722 = AXIS2_PLACEMENT_3D('',#7723,#7724,#7725);
#7723 = CARTESIAN_POINT('',(-0.1,-7.62,3.911477598424));
#7724 = DIRECTION('',(1.,-2.334869823773E-16,0.));
#7725 = DIRECTION('',(0.,0.,1.));
#7726 = ADVANCED_FACE('',(#7727),#7738,.T.);
#7727 = FACE_BOUND('',#7728,.T.);
#7728 = EDGE_LOOP('',(#7729,#7735,#7736,#7737));
#7729 = ORIENTED_EDGE('',*,*,#7730,.F.);
#7730 = EDGE_CURVE('',#6359,#6383,#7731,.T.);
#7731 = LINE('',#7732,#7733);
#7732 = CARTESIAN_POINT('',(0.1,-7.92,0.2));
#7733 = VECTOR('',#7734,1.);
#7734 = DIRECTION('',(-1.,2.334869823773E-16,0.));
#7735 = ORIENTED_EDGE('',*,*,#6366,.T.);
#7736 = ORIENTED_EDGE('',*,*,#6374,.T.);
#7737 = ORIENTED_EDGE('',*,*,#6382,.T.);
#7738 = PLANE('',#7739);
#7739 = AXIS2_PLACEMENT_3D('',#7740,#7741,#7742);
#7740 = CARTESIAN_POINT('',(0.1,-7.32,0.2));
#7741 = DIRECTION('',(0.,0.,-1.));
#7742 = DIRECTION('',(2.334869823773E-16,1.,0.));
#7743 = ADVANCED_FACE('',(#7744),#7785,.T.);
#7744 = FACE_BOUND('',#7745,.T.);
#7745 = EDGE_LOOP('',(#7746,#7754,#7755,#7763,#7771,#7779));
#7746 = ORIENTED_EDGE('',*,*,#7747,.T.);
#7747 = EDGE_CURVE('',#7748,#6351,#7750,.T.);
#7748 = VERTEX_POINT('',#7749);
#7749 = CARTESIAN_POINT('',(0.1,-7.32,-2.5));
#7750 = LINE('',#7751,#7752);
#7751 = CARTESIAN_POINT('',(0.1,-7.32,-2.5));
#7752 = VECTOR('',#7753,1.);
#7753 = DIRECTION('',(0.,0.,1.));
#7754 = ORIENTED_EDGE('',*,*,#6358,.F.);
#7755 = ORIENTED_EDGE('',*,*,#7756,.T.);
#7756 = EDGE_CURVE('',#6359,#7757,#7759,.T.);
#7757 = VERTEX_POINT('',#7758);
#7758 = CARTESIAN_POINT('',(0.1,-7.92,-2.5));
#7759 = LINE('',#7760,#7761);
#7760 = CARTESIAN_POINT('',(0.1,-7.92,0.2));
#7761 = VECTOR('',#7762,1.);
#7762 = DIRECTION('',(-0.,0.,-1.));
#7763 = ORIENTED_EDGE('',*,*,#7764,.T.);
#7764 = EDGE_CURVE('',#7757,#7765,#7767,.T.);
#7765 = VERTEX_POINT('',#7766);
#7766 = CARTESIAN_POINT('',(0.1,-7.77,-3.1));
#7767 = LINE('',#7768,#7769);
#7768 = CARTESIAN_POINT('',(0.1,-7.92,-2.5));
#7769 = VECTOR('',#7770,1.);
#7770 = DIRECTION('',(5.662891120873E-17,0.242535625036,-0.970142500145)
  );
#7771 = ORIENTED_EDGE('',*,*,#7772,.F.);
#7772 = EDGE_CURVE('',#7773,#7765,#7775,.T.);
#7773 = VERTEX_POINT('',#7774);
#7774 = CARTESIAN_POINT('',(0.1,-7.47,-3.1));
#7775 = LINE('',#7776,#7777);
#7776 = CARTESIAN_POINT('',(0.1,-7.47,-3.1));
#7777 = VECTOR('',#7778,1.);
#7778 = DIRECTION('',(-2.334869823773E-16,-1.,0.));
#7779 = ORIENTED_EDGE('',*,*,#7780,.T.);
#7780 = EDGE_CURVE('',#7773,#7748,#7781,.T.);
#7781 = LINE('',#7782,#7783);
#7782 = CARTESIAN_POINT('',(0.1,-7.47,-3.1));
#7783 = VECTOR('',#7784,1.);
#7784 = DIRECTION('',(5.662891120873E-17,0.242535625036,0.970142500145)
  );
#7785 = PLANE('',#7786);
#7786 = AXIS2_PLACEMENT_3D('',#7787,#7788,#7789);
#7787 = CARTESIAN_POINT('',(0.1,-7.62,3.911477598424));
#7788 = DIRECTION('',(1.,-2.334869823773E-16,0.));
#7789 = DIRECTION('',(0.,0.,1.));
#7790 = ADVANCED_FACE('',(#7791),#7802,.T.);
#7791 = FACE_BOUND('',#7792,.T.);
#7792 = EDGE_LOOP('',(#7793,#7794,#7795,#7801));
#7793 = ORIENTED_EDGE('',*,*,#6406,.F.);
#7794 = ORIENTED_EDGE('',*,*,#6416,.T.);
#7795 = ORIENTED_EDGE('',*,*,#7796,.T.);
#7796 = EDGE_CURVE('',#6417,#6457,#7797,.T.);
#7797 = LINE('',#7798,#7799);
#7798 = CARTESIAN_POINT('',(0.1,-4.78,0.2));
#7799 = VECTOR('',#7800,1.);
#7800 = DIRECTION('',(-1.,2.334869823773E-16,0.));
#7801 = ORIENTED_EDGE('',*,*,#6464,.T.);
#7802 = PLANE('',#7803);
#7803 = AXIS2_PLACEMENT_3D('',#7804,#7805,#7806);
#7804 = CARTESIAN_POINT('',(0.1,-4.78,0.2));
#7805 = DIRECTION('',(0.,0.,-1.));
#7806 = DIRECTION('',(2.334869823773E-16,1.,0.));
#7807 = ADVANCED_FACE('',(#7808),#7849,.F.);
#7808 = FACE_BOUND('',#7809,.F.);
#7809 = EDGE_LOOP('',(#7810,#7818,#7819,#7827,#7835,#7843));
#7810 = ORIENTED_EDGE('',*,*,#7811,.T.);
#7811 = EDGE_CURVE('',#7812,#6457,#7814,.T.);
#7812 = VERTEX_POINT('',#7813);
#7813 = CARTESIAN_POINT('',(-0.1,-4.78,-2.5));
#7814 = LINE('',#7815,#7816);
#7815 = CARTESIAN_POINT('',(-0.1,-4.78,-2.5));
#7816 = VECTOR('',#7817,1.);
#7817 = DIRECTION('',(0.,0.,1.));
#7818 = ORIENTED_EDGE('',*,*,#6456,.F.);
#7819 = ORIENTED_EDGE('',*,*,#7820,.T.);
#7820 = EDGE_CURVE('',#6449,#7821,#7823,.T.);
#7821 = VERTEX_POINT('',#7822);
#7822 = CARTESIAN_POINT('',(-0.1,-5.38,-2.5));
#7823 = LINE('',#7824,#7825);
#7824 = CARTESIAN_POINT('',(-0.1,-5.38,0.2));
#7825 = VECTOR('',#7826,1.);
#7826 = DIRECTION('',(-0.,0.,-1.));
#7827 = ORIENTED_EDGE('',*,*,#7828,.T.);
#7828 = EDGE_CURVE('',#7821,#7829,#7831,.T.);
#7829 = VERTEX_POINT('',#7830);
#7830 = CARTESIAN_POINT('',(-0.1,-5.23,-3.1));
#7831 = LINE('',#7832,#7833);
#7832 = CARTESIAN_POINT('',(-0.1,-5.38,-2.5));
#7833 = VECTOR('',#7834,1.);
#7834 = DIRECTION('',(5.662891120873E-17,0.242535625036,-0.970142500145)
  );
#7835 = ORIENTED_EDGE('',*,*,#7836,.T.);
#7836 = EDGE_CURVE('',#7829,#7837,#7839,.T.);
#7837 = VERTEX_POINT('',#7838);
#7838 = CARTESIAN_POINT('',(-0.1,-4.93,-3.1));
#7839 = LINE('',#7840,#7841);
#7840 = CARTESIAN_POINT('',(-0.1,-5.23,-3.1));
#7841 = VECTOR('',#7842,1.);
#7842 = DIRECTION('',(2.334869823773E-16,1.,0.));
#7843 = ORIENTED_EDGE('',*,*,#7844,.T.);
#7844 = EDGE_CURVE('',#7837,#7812,#7845,.T.);
#7845 = LINE('',#7846,#7847);
#7846 = CARTESIAN_POINT('',(-0.1,-4.93,-3.1));
#7847 = VECTOR('',#7848,1.);
#7848 = DIRECTION('',(5.662891120873E-17,0.242535625036,0.970142500145)
  );
#7849 = PLANE('',#7850);
#7850 = AXIS2_PLACEMENT_3D('',#7851,#7852,#7853);
#7851 = CARTESIAN_POINT('',(-0.1,-5.08,3.911477598424));
#7852 = DIRECTION('',(1.,-2.334869823773E-16,0.));
#7853 = DIRECTION('',(0.,0.,1.));
#7854 = ADVANCED_FACE('',(#7855),#7866,.T.);
#7855 = FACE_BOUND('',#7856,.T.);
#7856 = EDGE_LOOP('',(#7857,#7863,#7864,#7865));
#7857 = ORIENTED_EDGE('',*,*,#7858,.F.);
#7858 = EDGE_CURVE('',#6425,#6449,#7859,.T.);
#7859 = LINE('',#7860,#7861);
#7860 = CARTESIAN_POINT('',(0.1,-5.38,0.2));
#7861 = VECTOR('',#7862,1.);
#7862 = DIRECTION('',(-1.,2.334869823773E-16,0.));
#7863 = ORIENTED_EDGE('',*,*,#6432,.T.);
#7864 = ORIENTED_EDGE('',*,*,#6440,.T.);
#7865 = ORIENTED_EDGE('',*,*,#6448,.T.);
#7866 = PLANE('',#7867);
#7867 = AXIS2_PLACEMENT_3D('',#7868,#7869,#7870);
#7868 = CARTESIAN_POINT('',(0.1,-4.78,0.2));
#7869 = DIRECTION('',(0.,0.,-1.));
#7870 = DIRECTION('',(2.334869823773E-16,1.,0.));
#7871 = ADVANCED_FACE('',(#7872),#7913,.T.);
#7872 = FACE_BOUND('',#7873,.T.);
#7873 = EDGE_LOOP('',(#7874,#7882,#7883,#7891,#7899,#7907));
#7874 = ORIENTED_EDGE('',*,*,#7875,.T.);
#7875 = EDGE_CURVE('',#7876,#6417,#7878,.T.);
#7876 = VERTEX_POINT('',#7877);
#7877 = CARTESIAN_POINT('',(0.1,-4.78,-2.5));
#7878 = LINE('',#7879,#7880);
#7879 = CARTESIAN_POINT('',(0.1,-4.78,-2.5));
#7880 = VECTOR('',#7881,1.);
#7881 = DIRECTION('',(0.,0.,1.));
#7882 = ORIENTED_EDGE('',*,*,#6424,.F.);
#7883 = ORIENTED_EDGE('',*,*,#7884,.T.);
#7884 = EDGE_CURVE('',#6425,#7885,#7887,.T.);
#7885 = VERTEX_POINT('',#7886);
#7886 = CARTESIAN_POINT('',(0.1,-5.38,-2.5));
#7887 = LINE('',#7888,#7889);
#7888 = CARTESIAN_POINT('',(0.1,-5.38,0.2));
#7889 = VECTOR('',#7890,1.);
#7890 = DIRECTION('',(-0.,0.,-1.));
#7891 = ORIENTED_EDGE('',*,*,#7892,.T.);
#7892 = EDGE_CURVE('',#7885,#7893,#7895,.T.);
#7893 = VERTEX_POINT('',#7894);
#7894 = CARTESIAN_POINT('',(0.1,-5.23,-3.1));
#7895 = LINE('',#7896,#7897);
#7896 = CARTESIAN_POINT('',(0.1,-5.38,-2.5));
#7897 = VECTOR('',#7898,1.);
#7898 = DIRECTION('',(5.662891120873E-17,0.242535625036,-0.970142500145)
  );
#7899 = ORIENTED_EDGE('',*,*,#7900,.F.);
#7900 = EDGE_CURVE('',#7901,#7893,#7903,.T.);
#7901 = VERTEX_POINT('',#7902);
#7902 = CARTESIAN_POINT('',(0.1,-4.93,-3.1));
#7903 = LINE('',#7904,#7905);
#7904 = CARTESIAN_POINT('',(0.1,-4.93,-3.1));
#7905 = VECTOR('',#7906,1.);
#7906 = DIRECTION('',(-2.334869823773E-16,-1.,0.));
#7907 = ORIENTED_EDGE('',*,*,#7908,.T.);
#7908 = EDGE_CURVE('',#7901,#7876,#7909,.T.);
#7909 = LINE('',#7910,#7911);
#7910 = CARTESIAN_POINT('',(0.1,-4.93,-3.1));
#7911 = VECTOR('',#7912,1.);
#7912 = DIRECTION('',(5.662891120873E-17,0.242535625036,0.970142500145)
  );
#7913 = PLANE('',#7914);
#7914 = AXIS2_PLACEMENT_3D('',#7915,#7916,#7917);
#7915 = CARTESIAN_POINT('',(0.1,-5.08,3.911477598424));
#7916 = DIRECTION('',(1.,-2.334869823773E-16,0.));
#7917 = DIRECTION('',(0.,0.,1.));
#7918 = ADVANCED_FACE('',(#7919),#7930,.T.);
#7919 = FACE_BOUND('',#7920,.T.);
#7920 = EDGE_LOOP('',(#7921,#7922,#7923,#7929));
#7921 = ORIENTED_EDGE('',*,*,#6472,.F.);
#7922 = ORIENTED_EDGE('',*,*,#6482,.T.);
#7923 = ORIENTED_EDGE('',*,*,#7924,.T.);
#7924 = EDGE_CURVE('',#6483,#6523,#7925,.T.);
#7925 = LINE('',#7926,#7927);
#7926 = CARTESIAN_POINT('',(0.1,-2.24,0.2));
#7927 = VECTOR('',#7928,1.);
#7928 = DIRECTION('',(-1.,2.334869823773E-16,0.));
#7929 = ORIENTED_EDGE('',*,*,#6530,.T.);
#7930 = PLANE('',#7931);
#7931 = AXIS2_PLACEMENT_3D('',#7932,#7933,#7934);
#7932 = CARTESIAN_POINT('',(0.1,-2.24,0.2));
#7933 = DIRECTION('',(0.,0.,-1.));
#7934 = DIRECTION('',(2.334869823773E-16,1.,0.));
#7935 = ADVANCED_FACE('',(#7936),#7977,.F.);
#7936 = FACE_BOUND('',#7937,.F.);
#7937 = EDGE_LOOP('',(#7938,#7946,#7947,#7955,#7963,#7971));
#7938 = ORIENTED_EDGE('',*,*,#7939,.T.);
#7939 = EDGE_CURVE('',#7940,#6523,#7942,.T.);
#7940 = VERTEX_POINT('',#7941);
#7941 = CARTESIAN_POINT('',(-0.1,-2.24,-2.5));
#7942 = LINE('',#7943,#7944);
#7943 = CARTESIAN_POINT('',(-0.1,-2.24,-2.5));
#7944 = VECTOR('',#7945,1.);
#7945 = DIRECTION('',(0.,0.,1.));
#7946 = ORIENTED_EDGE('',*,*,#6522,.F.);
#7947 = ORIENTED_EDGE('',*,*,#7948,.T.);
#7948 = EDGE_CURVE('',#6515,#7949,#7951,.T.);
#7949 = VERTEX_POINT('',#7950);
#7950 = CARTESIAN_POINT('',(-0.1,-2.84,-2.5));
#7951 = LINE('',#7952,#7953);
#7952 = CARTESIAN_POINT('',(-0.1,-2.84,0.2));
#7953 = VECTOR('',#7954,1.);
#7954 = DIRECTION('',(-0.,0.,-1.));
#7955 = ORIENTED_EDGE('',*,*,#7956,.T.);
#7956 = EDGE_CURVE('',#7949,#7957,#7959,.T.);
#7957 = VERTEX_POINT('',#7958);
#7958 = CARTESIAN_POINT('',(-0.1,-2.69,-3.1));
#7959 = LINE('',#7960,#7961);
#7960 = CARTESIAN_POINT('',(-0.1,-2.84,-2.5));
#7961 = VECTOR('',#7962,1.);
#7962 = DIRECTION('',(5.662891120873E-17,0.242535625036,-0.970142500145)
  );
#7963 = ORIENTED_EDGE('',*,*,#7964,.T.);
#7964 = EDGE_CURVE('',#7957,#7965,#7967,.T.);
#7965 = VERTEX_POINT('',#7966);
#7966 = CARTESIAN_POINT('',(-0.1,-2.39,-3.1));
#7967 = LINE('',#7968,#7969);
#7968 = CARTESIAN_POINT('',(-0.1,-2.69,-3.1));
#7969 = VECTOR('',#7970,1.);
#7970 = DIRECTION('',(2.334869823773E-16,1.,0.));
#7971 = ORIENTED_EDGE('',*,*,#7972,.T.);
#7972 = EDGE_CURVE('',#7965,#7940,#7973,.T.);
#7973 = LINE('',#7974,#7975);
#7974 = CARTESIAN_POINT('',(-0.1,-2.39,-3.1));
#7975 = VECTOR('',#7976,1.);
#7976 = DIRECTION('',(5.662891120873E-17,0.242535625036,0.970142500145)
  );
#7977 = PLANE('',#7978);
#7978 = AXIS2_PLACEMENT_3D('',#7979,#7980,#7981);
#7979 = CARTESIAN_POINT('',(-0.1,-2.54,3.911477598424));
#7980 = DIRECTION('',(1.,-2.334869823773E-16,0.));
#7981 = DIRECTION('',(0.,0.,1.));
#7982 = ADVANCED_FACE('',(#7983),#7994,.T.);
#7983 = FACE_BOUND('',#7984,.T.);
#7984 = EDGE_LOOP('',(#7985,#7991,#7992,#7993));
#7985 = ORIENTED_EDGE('',*,*,#7986,.F.);
#7986 = EDGE_CURVE('',#6491,#6515,#7987,.T.);
#7987 = LINE('',#7988,#7989);
#7988 = CARTESIAN_POINT('',(0.1,-2.84,0.2));
#7989 = VECTOR('',#7990,1.);
#7990 = DIRECTION('',(-1.,2.334869823773E-16,0.));
#7991 = ORIENTED_EDGE('',*,*,#6498,.T.);
#7992 = ORIENTED_EDGE('',*,*,#6506,.T.);
#7993 = ORIENTED_EDGE('',*,*,#6514,.T.);
#7994 = PLANE('',#7995);
#7995 = AXIS2_PLACEMENT_3D('',#7996,#7997,#7998);
#7996 = CARTESIAN_POINT('',(0.1,-2.24,0.2));
#7997 = DIRECTION('',(0.,0.,-1.));
#7998 = DIRECTION('',(2.334869823773E-16,1.,0.));
#7999 = ADVANCED_FACE('',(#8000),#8041,.T.);
#8000 = FACE_BOUND('',#8001,.T.);
#8001 = EDGE_LOOP('',(#8002,#8010,#8011,#8019,#8027,#8035));
#8002 = ORIENTED_EDGE('',*,*,#8003,.T.);
#8003 = EDGE_CURVE('',#8004,#6483,#8006,.T.);
#8004 = VERTEX_POINT('',#8005);
#8005 = CARTESIAN_POINT('',(0.1,-2.24,-2.5));
#8006 = LINE('',#8007,#8008);
#8007 = CARTESIAN_POINT('',(0.1,-2.24,-2.5));
#8008 = VECTOR('',#8009,1.);
#8009 = DIRECTION('',(0.,0.,1.));
#8010 = ORIENTED_EDGE('',*,*,#6490,.F.);
#8011 = ORIENTED_EDGE('',*,*,#8012,.T.);
#8012 = EDGE_CURVE('',#6491,#8013,#8015,.T.);
#8013 = VERTEX_POINT('',#8014);
#8014 = CARTESIAN_POINT('',(0.1,-2.84,-2.5));
#8015 = LINE('',#8016,#8017);
#8016 = CARTESIAN_POINT('',(0.1,-2.84,0.2));
#8017 = VECTOR('',#8018,1.);
#8018 = DIRECTION('',(-0.,0.,-1.));
#8019 = ORIENTED_EDGE('',*,*,#8020,.T.);
#8020 = EDGE_CURVE('',#8013,#8021,#8023,.T.);
#8021 = VERTEX_POINT('',#8022);
#8022 = CARTESIAN_POINT('',(0.1,-2.69,-3.1));
#8023 = LINE('',#8024,#8025);
#8024 = CARTESIAN_POINT('',(0.1,-2.84,-2.5));
#8025 = VECTOR('',#8026,1.);
#8026 = DIRECTION('',(5.662891120873E-17,0.242535625036,-0.970142500145)
  );
#8027 = ORIENTED_EDGE('',*,*,#8028,.F.);
#8028 = EDGE_CURVE('',#8029,#8021,#8031,.T.);
#8029 = VERTEX_POINT('',#8030);
#8030 = CARTESIAN_POINT('',(0.1,-2.39,-3.1));
#8031 = LINE('',#8032,#8033);
#8032 = CARTESIAN_POINT('',(0.1,-2.39,-3.1));
#8033 = VECTOR('',#8034,1.);
#8034 = DIRECTION('',(-2.334869823773E-16,-1.,0.));
#8035 = ORIENTED_EDGE('',*,*,#8036,.T.);
#8036 = EDGE_CURVE('',#8029,#8004,#8037,.T.);
#8037 = LINE('',#8038,#8039);
#8038 = CARTESIAN_POINT('',(0.1,-2.39,-3.1));
#8039 = VECTOR('',#8040,1.);
#8040 = DIRECTION('',(5.662891120873E-17,0.242535625036,0.970142500145)
  );
#8041 = PLANE('',#8042);
#8042 = AXIS2_PLACEMENT_3D('',#8043,#8044,#8045);
#8043 = CARTESIAN_POINT('',(0.1,-2.54,3.911477598424));
#8044 = DIRECTION('',(1.,-2.334869823773E-16,0.));
#8045 = DIRECTION('',(0.,0.,1.));
#8046 = ADVANCED_FACE('',(#8047),#8058,.T.);
#8047 = FACE_BOUND('',#8048,.T.);
#8048 = EDGE_LOOP('',(#8049,#8050,#8051,#8057));
#8049 = ORIENTED_EDGE('',*,*,#6538,.F.);
#8050 = ORIENTED_EDGE('',*,*,#6548,.T.);
#8051 = ORIENTED_EDGE('',*,*,#8052,.T.);
#8052 = EDGE_CURVE('',#6549,#6589,#8053,.T.);
#8053 = LINE('',#8054,#8055);
#8054 = CARTESIAN_POINT('',(0.1,0.3,0.2));
#8055 = VECTOR('',#8056,1.);
#8056 = DIRECTION('',(-1.,2.334869823773E-16,0.));
#8057 = ORIENTED_EDGE('',*,*,#6596,.T.);
#8058 = PLANE('',#8059);
#8059 = AXIS2_PLACEMENT_3D('',#8060,#8061,#8062);
#8060 = CARTESIAN_POINT('',(0.1,0.3,0.2));
#8061 = DIRECTION('',(0.,0.,-1.));
#8062 = DIRECTION('',(2.334869823773E-16,1.,0.));
#8063 = ADVANCED_FACE('',(#8064),#8105,.F.);
#8064 = FACE_BOUND('',#8065,.F.);
#8065 = EDGE_LOOP('',(#8066,#8074,#8075,#8083,#8091,#8099));
#8066 = ORIENTED_EDGE('',*,*,#8067,.T.);
#8067 = EDGE_CURVE('',#8068,#6589,#8070,.T.);
#8068 = VERTEX_POINT('',#8069);
#8069 = CARTESIAN_POINT('',(-0.1,0.3,-2.5));
#8070 = LINE('',#8071,#8072);
#8071 = CARTESIAN_POINT('',(-0.1,0.3,-2.5));
#8072 = VECTOR('',#8073,1.);
#8073 = DIRECTION('',(0.,0.,1.));
#8074 = ORIENTED_EDGE('',*,*,#6588,.F.);
#8075 = ORIENTED_EDGE('',*,*,#8076,.T.);
#8076 = EDGE_CURVE('',#6581,#8077,#8079,.T.);
#8077 = VERTEX_POINT('',#8078);
#8078 = CARTESIAN_POINT('',(-0.1,-0.3,-2.5));
#8079 = LINE('',#8080,#8081);
#8080 = CARTESIAN_POINT('',(-0.1,-0.3,0.2));
#8081 = VECTOR('',#8082,1.);
#8082 = DIRECTION('',(-0.,0.,-1.));
#8083 = ORIENTED_EDGE('',*,*,#8084,.T.);
#8084 = EDGE_CURVE('',#8077,#8085,#8087,.T.);
#8085 = VERTEX_POINT('',#8086);
#8086 = CARTESIAN_POINT('',(-0.1,-0.15,-3.1));
#8087 = LINE('',#8088,#8089);
#8088 = CARTESIAN_POINT('',(-0.1,-0.3,-2.5));
#8089 = VECTOR('',#8090,1.);
#8090 = DIRECTION('',(5.662891120873E-17,0.242535625036,-0.970142500145)
  );
#8091 = ORIENTED_EDGE('',*,*,#8092,.T.);
#8092 = EDGE_CURVE('',#8085,#8093,#8095,.T.);
#8093 = VERTEX_POINT('',#8094);
#8094 = CARTESIAN_POINT('',(-0.1,0.15,-3.1));
#8095 = LINE('',#8096,#8097);
#8096 = CARTESIAN_POINT('',(-0.1,-0.15,-3.1));
#8097 = VECTOR('',#8098,1.);
#8098 = DIRECTION('',(2.334869823773E-16,1.,0.));
#8099 = ORIENTED_EDGE('',*,*,#8100,.T.);
#8100 = EDGE_CURVE('',#8093,#8068,#8101,.T.);
#8101 = LINE('',#8102,#8103);
#8102 = CARTESIAN_POINT('',(-0.1,0.15,-3.1));
#8103 = VECTOR('',#8104,1.);
#8104 = DIRECTION('',(5.662891120873E-17,0.242535625036,0.970142500145)
  );
#8105 = PLANE('',#8106);
#8106 = AXIS2_PLACEMENT_3D('',#8107,#8108,#8109);
#8107 = CARTESIAN_POINT('',(-0.1,1.110223024625E-17,3.911477598424));
#8108 = DIRECTION('',(1.,-2.334869823773E-16,0.));
#8109 = DIRECTION('',(0.,0.,1.));
#8110 = ADVANCED_FACE('',(#8111),#8122,.T.);
#8111 = FACE_BOUND('',#8112,.T.);
#8112 = EDGE_LOOP('',(#8113,#8119,#8120,#8121));
#8113 = ORIENTED_EDGE('',*,*,#8114,.F.);
#8114 = EDGE_CURVE('',#6557,#6581,#8115,.T.);
#8115 = LINE('',#8116,#8117);
#8116 = CARTESIAN_POINT('',(0.1,-0.3,0.2));
#8117 = VECTOR('',#8118,1.);
#8118 = DIRECTION('',(-1.,2.334869823773E-16,0.));
#8119 = ORIENTED_EDGE('',*,*,#6564,.T.);
#8120 = ORIENTED_EDGE('',*,*,#6572,.T.);
#8121 = ORIENTED_EDGE('',*,*,#6580,.T.);
#8122 = PLANE('',#8123);
#8123 = AXIS2_PLACEMENT_3D('',#8124,#8125,#8126);
#8124 = CARTESIAN_POINT('',(0.1,0.3,0.2));
#8125 = DIRECTION('',(0.,0.,-1.));
#8126 = DIRECTION('',(2.334869823773E-16,1.,0.));
#8127 = ADVANCED_FACE('',(#8128),#8169,.T.);
#8128 = FACE_BOUND('',#8129,.T.);
#8129 = EDGE_LOOP('',(#8130,#8138,#8139,#8147,#8155,#8163));
#8130 = ORIENTED_EDGE('',*,*,#8131,.T.);
#8131 = EDGE_CURVE('',#8132,#6549,#8134,.T.);
#8132 = VERTEX_POINT('',#8133);
#8133 = CARTESIAN_POINT('',(0.1,0.3,-2.5));
#8134 = LINE('',#8135,#8136);
#8135 = CARTESIAN_POINT('',(0.1,0.3,-2.5));
#8136 = VECTOR('',#8137,1.);
#8137 = DIRECTION('',(0.,0.,1.));
#8138 = ORIENTED_EDGE('',*,*,#6556,.F.);
#8139 = ORIENTED_EDGE('',*,*,#8140,.T.);
#8140 = EDGE_CURVE('',#6557,#8141,#8143,.T.);
#8141 = VERTEX_POINT('',#8142);
#8142 = CARTESIAN_POINT('',(0.1,-0.3,-2.5));
#8143 = LINE('',#8144,#8145);
#8144 = CARTESIAN_POINT('',(0.1,-0.3,0.2));
#8145 = VECTOR('',#8146,1.);
#8146 = DIRECTION('',(-0.,0.,-1.));
#8147 = ORIENTED_EDGE('',*,*,#8148,.T.);
#8148 = EDGE_CURVE('',#8141,#8149,#8151,.T.);
#8149 = VERTEX_POINT('',#8150);
#8150 = CARTESIAN_POINT('',(0.1,-0.15,-3.1));
#8151 = LINE('',#8152,#8153);
#8152 = CARTESIAN_POINT('',(0.1,-0.3,-2.5));
#8153 = VECTOR('',#8154,1.);
#8154 = DIRECTION('',(5.662891120873E-17,0.242535625036,-0.970142500145)
  );
#8155 = ORIENTED_EDGE('',*,*,#8156,.F.);
#8156 = EDGE_CURVE('',#8157,#8149,#8159,.T.);
#8157 = VERTEX_POINT('',#8158);
#8158 = CARTESIAN_POINT('',(0.1,0.15,-3.1));
#8159 = LINE('',#8160,#8161);
#8160 = CARTESIAN_POINT('',(0.1,0.15,-3.1));
#8161 = VECTOR('',#8162,1.);
#8162 = DIRECTION('',(-2.334869823773E-16,-1.,0.));
#8163 = ORIENTED_EDGE('',*,*,#8164,.T.);
#8164 = EDGE_CURVE('',#8157,#8132,#8165,.T.);
#8165 = LINE('',#8166,#8167);
#8166 = CARTESIAN_POINT('',(0.1,0.15,-3.1));
#8167 = VECTOR('',#8168,1.);
#8168 = DIRECTION('',(5.662891120873E-17,0.242535625036,0.970142500145)
  );
#8169 = PLANE('',#8170);
#8170 = AXIS2_PLACEMENT_3D('',#8171,#8172,#8173);
#8171 = CARTESIAN_POINT('',(0.1,-1.110223024625E-17,3.911477598424));
#8172 = DIRECTION('',(1.,-2.334869823773E-16,0.));
#8173 = DIRECTION('',(0.,0.,1.));
#8174 = ADVANCED_FACE('',(#8175),#8186,.T.);
#8175 = FACE_BOUND('',#8176,.T.);
#8176 = EDGE_LOOP('',(#8177,#8178,#8179,#8185));
#8177 = ORIENTED_EDGE('',*,*,#6604,.F.);
#8178 = ORIENTED_EDGE('',*,*,#6614,.T.);
#8179 = ORIENTED_EDGE('',*,*,#8180,.T.);
#8180 = EDGE_CURVE('',#6615,#6655,#8181,.T.);
#8181 = LINE('',#8182,#8183);
#8182 = CARTESIAN_POINT('',(-2.64,-7.92,0.2));
#8183 = VECTOR('',#8184,1.);
#8184 = DIRECTION('',(1.,-1.110223024625E-16,0.));
#8185 = ORIENTED_EDGE('',*,*,#6662,.T.);
#8186 = PLANE('',#8187);
#8187 = AXIS2_PLACEMENT_3D('',#8188,#8189,#8190);
#8188 = CARTESIAN_POINT('',(-2.64,-7.92,0.2));
#8189 = DIRECTION('',(0.,-0.,-1.));
#8190 = DIRECTION('',(-1.110223024625E-16,-1.,0.));
#8191 = ADVANCED_FACE('',(#8192),#8233,.F.);
#8192 = FACE_BOUND('',#8193,.F.);
#8193 = EDGE_LOOP('',(#8194,#8202,#8203,#8211,#8219,#8227));
#8194 = ORIENTED_EDGE('',*,*,#8195,.T.);
#8195 = EDGE_CURVE('',#8196,#6655,#8198,.T.);
#8196 = VERTEX_POINT('',#8197);
#8197 = CARTESIAN_POINT('',(-2.44,-7.92,-2.5));
#8198 = LINE('',#8199,#8200);
#8199 = CARTESIAN_POINT('',(-2.44,-7.92,-2.5));
#8200 = VECTOR('',#8201,1.);
#8201 = DIRECTION('',(0.,0.,1.));
#8202 = ORIENTED_EDGE('',*,*,#6654,.F.);
#8203 = ORIENTED_EDGE('',*,*,#8204,.T.);
#8204 = EDGE_CURVE('',#6647,#8205,#8207,.T.);
#8205 = VERTEX_POINT('',#8206);
#8206 = CARTESIAN_POINT('',(-2.44,-7.32,-2.5));
#8207 = LINE('',#8208,#8209);
#8208 = CARTESIAN_POINT('',(-2.44,-7.32,0.2));
#8209 = VECTOR('',#8210,1.);
#8210 = DIRECTION('',(0.,0.,-1.));
#8211 = ORIENTED_EDGE('',*,*,#8212,.T.);
#8212 = EDGE_CURVE('',#8205,#8213,#8215,.T.);
#8213 = VERTEX_POINT('',#8214);
#8214 = CARTESIAN_POINT('',(-2.44,-7.47,-3.1));
#8215 = LINE('',#8216,#8217);
#8216 = CARTESIAN_POINT('',(-2.44,-7.32,-2.5));
#8217 = VECTOR('',#8218,1.);
#8218 = DIRECTION('',(-2.692686352073E-17,-0.242535625036,
    -0.970142500145));
#8219 = ORIENTED_EDGE('',*,*,#8220,.T.);
#8220 = EDGE_CURVE('',#8213,#8221,#8223,.T.);
#8221 = VERTEX_POINT('',#8222);
#8222 = CARTESIAN_POINT('',(-2.44,-7.77,-3.1));
#8223 = LINE('',#8224,#8225);
#8224 = CARTESIAN_POINT('',(-2.44,-7.47,-3.1));
#8225 = VECTOR('',#8226,1.);
#8226 = DIRECTION('',(-1.110223024625E-16,-1.,0.));
#8227 = ORIENTED_EDGE('',*,*,#8228,.T.);
#8228 = EDGE_CURVE('',#8221,#8196,#8229,.T.);
#8229 = LINE('',#8230,#8231);
#8230 = CARTESIAN_POINT('',(-2.44,-7.77,-3.1));
#8231 = VECTOR('',#8232,1.);
#8232 = DIRECTION('',(-2.692686352073E-17,-0.242535625036,0.970142500145
    ));
#8233 = PLANE('',#8234);
#8234 = AXIS2_PLACEMENT_3D('',#8235,#8236,#8237);
#8235 = CARTESIAN_POINT('',(-2.44,-7.62,3.911477598424));
#8236 = DIRECTION('',(-1.,1.110223024625E-16,0.));
#8237 = DIRECTION('',(0.,0.,1.));
#8238 = ADVANCED_FACE('',(#8239),#8250,.T.);
#8239 = FACE_BOUND('',#8240,.T.);
#8240 = EDGE_LOOP('',(#8241,#8247,#8248,#8249));
#8241 = ORIENTED_EDGE('',*,*,#8242,.F.);
#8242 = EDGE_CURVE('',#6623,#6647,#8243,.T.);
#8243 = LINE('',#8244,#8245);
#8244 = CARTESIAN_POINT('',(-2.64,-7.32,0.2));
#8245 = VECTOR('',#8246,1.);
#8246 = DIRECTION('',(1.,-1.110223024625E-16,0.));
#8247 = ORIENTED_EDGE('',*,*,#6630,.T.);
#8248 = ORIENTED_EDGE('',*,*,#6638,.T.);
#8249 = ORIENTED_EDGE('',*,*,#6646,.T.);
#8250 = PLANE('',#8251);
#8251 = AXIS2_PLACEMENT_3D('',#8252,#8253,#8254);
#8252 = CARTESIAN_POINT('',(-2.64,-7.92,0.2));
#8253 = DIRECTION('',(0.,-0.,-1.));
#8254 = DIRECTION('',(-1.110223024625E-16,-1.,0.));
#8255 = ADVANCED_FACE('',(#8256),#8297,.T.);
#8256 = FACE_BOUND('',#8257,.T.);
#8257 = EDGE_LOOP('',(#8258,#8266,#8267,#8275,#8283,#8291));
#8258 = ORIENTED_EDGE('',*,*,#8259,.T.);
#8259 = EDGE_CURVE('',#8260,#6615,#8262,.T.);
#8260 = VERTEX_POINT('',#8261);
#8261 = CARTESIAN_POINT('',(-2.64,-7.92,-2.5));
#8262 = LINE('',#8263,#8264);
#8263 = CARTESIAN_POINT('',(-2.64,-7.92,-2.5));
#8264 = VECTOR('',#8265,1.);
#8265 = DIRECTION('',(0.,0.,1.));
#8266 = ORIENTED_EDGE('',*,*,#6622,.F.);
#8267 = ORIENTED_EDGE('',*,*,#8268,.T.);
#8268 = EDGE_CURVE('',#6623,#8269,#8271,.T.);
#8269 = VERTEX_POINT('',#8270);
#8270 = CARTESIAN_POINT('',(-2.64,-7.32,-2.5));
#8271 = LINE('',#8272,#8273);
#8272 = CARTESIAN_POINT('',(-2.64,-7.32,0.2));
#8273 = VECTOR('',#8274,1.);
#8274 = DIRECTION('',(0.,0.,-1.));
#8275 = ORIENTED_EDGE('',*,*,#8276,.T.);
#8276 = EDGE_CURVE('',#8269,#8277,#8279,.T.);
#8277 = VERTEX_POINT('',#8278);
#8278 = CARTESIAN_POINT('',(-2.64,-7.47,-3.1));
#8279 = LINE('',#8280,#8281);
#8280 = CARTESIAN_POINT('',(-2.64,-7.32,-2.5));
#8281 = VECTOR('',#8282,1.);
#8282 = DIRECTION('',(-2.692686352073E-17,-0.242535625036,
    -0.970142500145));
#8283 = ORIENTED_EDGE('',*,*,#8284,.F.);
#8284 = EDGE_CURVE('',#8285,#8277,#8287,.T.);
#8285 = VERTEX_POINT('',#8286);
#8286 = CARTESIAN_POINT('',(-2.64,-7.77,-3.1));
#8287 = LINE('',#8288,#8289);
#8288 = CARTESIAN_POINT('',(-2.64,-7.77,-3.1));
#8289 = VECTOR('',#8290,1.);
#8290 = DIRECTION('',(1.110223024625E-16,1.,0.));
#8291 = ORIENTED_EDGE('',*,*,#8292,.T.);
#8292 = EDGE_CURVE('',#8285,#8260,#8293,.T.);
#8293 = LINE('',#8294,#8295);
#8294 = CARTESIAN_POINT('',(-2.64,-7.77,-3.1));
#8295 = VECTOR('',#8296,1.);
#8296 = DIRECTION('',(-2.692686352073E-17,-0.242535625036,0.970142500145
    ));
#8297 = PLANE('',#8298);
#8298 = AXIS2_PLACEMENT_3D('',#8299,#8300,#8301);
#8299 = CARTESIAN_POINT('',(-2.64,-7.62,3.911477598424));
#8300 = DIRECTION('',(-1.,1.110223024625E-16,0.));
#8301 = DIRECTION('',(0.,0.,1.));
#8302 = ADVANCED_FACE('',(#8303),#8314,.T.);
#8303 = FACE_BOUND('',#8304,.T.);
#8304 = EDGE_LOOP('',(#8305,#8306,#8307,#8313));
#8305 = ORIENTED_EDGE('',*,*,#6670,.F.);
#8306 = ORIENTED_EDGE('',*,*,#6680,.T.);
#8307 = ORIENTED_EDGE('',*,*,#8308,.T.);
#8308 = EDGE_CURVE('',#6681,#6721,#8309,.T.);
#8309 = LINE('',#8310,#8311);
#8310 = CARTESIAN_POINT('',(-2.64,-5.38,0.2));
#8311 = VECTOR('',#8312,1.);
#8312 = DIRECTION('',(1.,-1.110223024625E-16,0.));
#8313 = ORIENTED_EDGE('',*,*,#6728,.T.);
#8314 = PLANE('',#8315);
#8315 = AXIS2_PLACEMENT_3D('',#8316,#8317,#8318);
#8316 = CARTESIAN_POINT('',(-2.64,-5.38,0.2));
#8317 = DIRECTION('',(0.,-0.,-1.));
#8318 = DIRECTION('',(-1.110223024625E-16,-1.,0.));
#8319 = ADVANCED_FACE('',(#8320),#8361,.F.);
#8320 = FACE_BOUND('',#8321,.F.);
#8321 = EDGE_LOOP('',(#8322,#8330,#8331,#8339,#8347,#8355));
#8322 = ORIENTED_EDGE('',*,*,#8323,.T.);
#8323 = EDGE_CURVE('',#8324,#6721,#8326,.T.);
#8324 = VERTEX_POINT('',#8325);
#8325 = CARTESIAN_POINT('',(-2.44,-5.38,-2.5));
#8326 = LINE('',#8327,#8328);
#8327 = CARTESIAN_POINT('',(-2.44,-5.38,-2.5));
#8328 = VECTOR('',#8329,1.);
#8329 = DIRECTION('',(0.,0.,1.));
#8330 = ORIENTED_EDGE('',*,*,#6720,.F.);
#8331 = ORIENTED_EDGE('',*,*,#8332,.T.);
#8332 = EDGE_CURVE('',#6713,#8333,#8335,.T.);
#8333 = VERTEX_POINT('',#8334);
#8334 = CARTESIAN_POINT('',(-2.44,-4.78,-2.5));
#8335 = LINE('',#8336,#8337);
#8336 = CARTESIAN_POINT('',(-2.44,-4.78,0.2));
#8337 = VECTOR('',#8338,1.);
#8338 = DIRECTION('',(0.,0.,-1.));
#8339 = ORIENTED_EDGE('',*,*,#8340,.T.);
#8340 = EDGE_CURVE('',#8333,#8341,#8343,.T.);
#8341 = VERTEX_POINT('',#8342);
#8342 = CARTESIAN_POINT('',(-2.44,-4.93,-3.1));
#8343 = LINE('',#8344,#8345);
#8344 = CARTESIAN_POINT('',(-2.44,-4.78,-2.5));
#8345 = VECTOR('',#8346,1.);
#8346 = DIRECTION('',(-2.692686352073E-17,-0.242535625036,
    -0.970142500145));
#8347 = ORIENTED_EDGE('',*,*,#8348,.T.);
#8348 = EDGE_CURVE('',#8341,#8349,#8351,.T.);
#8349 = VERTEX_POINT('',#8350);
#8350 = CARTESIAN_POINT('',(-2.44,-5.23,-3.1));
#8351 = LINE('',#8352,#8353);
#8352 = CARTESIAN_POINT('',(-2.44,-4.93,-3.1));
#8353 = VECTOR('',#8354,1.);
#8354 = DIRECTION('',(-1.110223024625E-16,-1.,0.));
#8355 = ORIENTED_EDGE('',*,*,#8356,.T.);
#8356 = EDGE_CURVE('',#8349,#8324,#8357,.T.);
#8357 = LINE('',#8358,#8359);
#8358 = CARTESIAN_POINT('',(-2.44,-5.23,-3.1));
#8359 = VECTOR('',#8360,1.);
#8360 = DIRECTION('',(-2.692686352073E-17,-0.242535625036,0.970142500145
    ));
#8361 = PLANE('',#8362);
#8362 = AXIS2_PLACEMENT_3D('',#8363,#8364,#8365);
#8363 = CARTESIAN_POINT('',(-2.44,-5.08,3.911477598424));
#8364 = DIRECTION('',(-1.,1.110223024625E-16,0.));
#8365 = DIRECTION('',(0.,0.,1.));
#8366 = ADVANCED_FACE('',(#8367),#8378,.T.);
#8367 = FACE_BOUND('',#8368,.T.);
#8368 = EDGE_LOOP('',(#8369,#8375,#8376,#8377));
#8369 = ORIENTED_EDGE('',*,*,#8370,.F.);
#8370 = EDGE_CURVE('',#6689,#6713,#8371,.T.);
#8371 = LINE('',#8372,#8373);
#8372 = CARTESIAN_POINT('',(-2.64,-4.78,0.2));
#8373 = VECTOR('',#8374,1.);
#8374 = DIRECTION('',(1.,-1.110223024625E-16,0.));
#8375 = ORIENTED_EDGE('',*,*,#6696,.T.);
#8376 = ORIENTED_EDGE('',*,*,#6704,.T.);
#8377 = ORIENTED_EDGE('',*,*,#6712,.T.);
#8378 = PLANE('',#8379);
#8379 = AXIS2_PLACEMENT_3D('',#8380,#8381,#8382);
#8380 = CARTESIAN_POINT('',(-2.64,-5.38,0.2));
#8381 = DIRECTION('',(0.,-0.,-1.));
#8382 = DIRECTION('',(-1.110223024625E-16,-1.,0.));
#8383 = ADVANCED_FACE('',(#8384),#8425,.T.);
#8384 = FACE_BOUND('',#8385,.T.);
#8385 = EDGE_LOOP('',(#8386,#8394,#8395,#8403,#8411,#8419));
#8386 = ORIENTED_EDGE('',*,*,#8387,.T.);
#8387 = EDGE_CURVE('',#8388,#6681,#8390,.T.);
#8388 = VERTEX_POINT('',#8389);
#8389 = CARTESIAN_POINT('',(-2.64,-5.38,-2.5));
#8390 = LINE('',#8391,#8392);
#8391 = CARTESIAN_POINT('',(-2.64,-5.38,-2.5));
#8392 = VECTOR('',#8393,1.);
#8393 = DIRECTION('',(0.,0.,1.));
#8394 = ORIENTED_EDGE('',*,*,#6688,.F.);
#8395 = ORIENTED_EDGE('',*,*,#8396,.T.);
#8396 = EDGE_CURVE('',#6689,#8397,#8399,.T.);
#8397 = VERTEX_POINT('',#8398);
#8398 = CARTESIAN_POINT('',(-2.64,-4.78,-2.5));
#8399 = LINE('',#8400,#8401);
#8400 = CARTESIAN_POINT('',(-2.64,-4.78,0.2));
#8401 = VECTOR('',#8402,1.);
#8402 = DIRECTION('',(0.,0.,-1.));
#8403 = ORIENTED_EDGE('',*,*,#8404,.T.);
#8404 = EDGE_CURVE('',#8397,#8405,#8407,.T.);
#8405 = VERTEX_POINT('',#8406);
#8406 = CARTESIAN_POINT('',(-2.64,-4.93,-3.1));
#8407 = LINE('',#8408,#8409);
#8408 = CARTESIAN_POINT('',(-2.64,-4.78,-2.5));
#8409 = VECTOR('',#8410,1.);
#8410 = DIRECTION('',(-2.692686352073E-17,-0.242535625036,
    -0.970142500145));
#8411 = ORIENTED_EDGE('',*,*,#8412,.F.);
#8412 = EDGE_CURVE('',#8413,#8405,#8415,.T.);
#8413 = VERTEX_POINT('',#8414);
#8414 = CARTESIAN_POINT('',(-2.64,-5.23,-3.1));
#8415 = LINE('',#8416,#8417);
#8416 = CARTESIAN_POINT('',(-2.64,-5.23,-3.1));
#8417 = VECTOR('',#8418,1.);
#8418 = DIRECTION('',(1.110223024625E-16,1.,0.));
#8419 = ORIENTED_EDGE('',*,*,#8420,.T.);
#8420 = EDGE_CURVE('',#8413,#8388,#8421,.T.);
#8421 = LINE('',#8422,#8423);
#8422 = CARTESIAN_POINT('',(-2.64,-5.23,-3.1));
#8423 = VECTOR('',#8424,1.);
#8424 = DIRECTION('',(-2.692686352073E-17,-0.242535625036,0.970142500145
    ));
#8425 = PLANE('',#8426);
#8426 = AXIS2_PLACEMENT_3D('',#8427,#8428,#8429);
#8427 = CARTESIAN_POINT('',(-2.64,-5.08,3.911477598424));
#8428 = DIRECTION('',(-1.,1.110223024625E-16,0.));
#8429 = DIRECTION('',(0.,0.,1.));
#8430 = ADVANCED_FACE('',(#8431),#8442,.T.);
#8431 = FACE_BOUND('',#8432,.T.);
#8432 = EDGE_LOOP('',(#8433,#8434,#8435,#8441));
#8433 = ORIENTED_EDGE('',*,*,#6736,.F.);
#8434 = ORIENTED_EDGE('',*,*,#6746,.T.);
#8435 = ORIENTED_EDGE('',*,*,#8436,.T.);
#8436 = EDGE_CURVE('',#6747,#6787,#8437,.T.);
#8437 = LINE('',#8438,#8439);
#8438 = CARTESIAN_POINT('',(-2.64,-2.84,0.2));
#8439 = VECTOR('',#8440,1.);
#8440 = DIRECTION('',(1.,-1.110223024625E-16,0.));
#8441 = ORIENTED_EDGE('',*,*,#6794,.T.);
#8442 = PLANE('',#8443);
#8443 = AXIS2_PLACEMENT_3D('',#8444,#8445,#8446);
#8444 = CARTESIAN_POINT('',(-2.64,-2.84,0.2));
#8445 = DIRECTION('',(0.,-0.,-1.));
#8446 = DIRECTION('',(-1.110223024625E-16,-1.,0.));
#8447 = ADVANCED_FACE('',(#8448),#8489,.F.);
#8448 = FACE_BOUND('',#8449,.F.);
#8449 = EDGE_LOOP('',(#8450,#8458,#8459,#8467,#8475,#8483));
#8450 = ORIENTED_EDGE('',*,*,#8451,.T.);
#8451 = EDGE_CURVE('',#8452,#6787,#8454,.T.);
#8452 = VERTEX_POINT('',#8453);
#8453 = CARTESIAN_POINT('',(-2.44,-2.84,-2.5));
#8454 = LINE('',#8455,#8456);
#8455 = CARTESIAN_POINT('',(-2.44,-2.84,-2.5));
#8456 = VECTOR('',#8457,1.);
#8457 = DIRECTION('',(0.,0.,1.));
#8458 = ORIENTED_EDGE('',*,*,#6786,.F.);
#8459 = ORIENTED_EDGE('',*,*,#8460,.T.);
#8460 = EDGE_CURVE('',#6779,#8461,#8463,.T.);
#8461 = VERTEX_POINT('',#8462);
#8462 = CARTESIAN_POINT('',(-2.44,-2.24,-2.5));
#8463 = LINE('',#8464,#8465);
#8464 = CARTESIAN_POINT('',(-2.44,-2.24,0.2));
#8465 = VECTOR('',#8466,1.);
#8466 = DIRECTION('',(0.,0.,-1.));
#8467 = ORIENTED_EDGE('',*,*,#8468,.T.);
#8468 = EDGE_CURVE('',#8461,#8469,#8471,.T.);
#8469 = VERTEX_POINT('',#8470);
#8470 = CARTESIAN_POINT('',(-2.44,-2.39,-3.1));
#8471 = LINE('',#8472,#8473);
#8472 = CARTESIAN_POINT('',(-2.44,-2.24,-2.5));
#8473 = VECTOR('',#8474,1.);
#8474 = DIRECTION('',(-2.692686352073E-17,-0.242535625036,
    -0.970142500145));
#8475 = ORIENTED_EDGE('',*,*,#8476,.T.);
#8476 = EDGE_CURVE('',#8469,#8477,#8479,.T.);
#8477 = VERTEX_POINT('',#8478);
#8478 = CARTESIAN_POINT('',(-2.44,-2.69,-3.1));
#8479 = LINE('',#8480,#8481);
#8480 = CARTESIAN_POINT('',(-2.44,-2.39,-3.1));
#8481 = VECTOR('',#8482,1.);
#8482 = DIRECTION('',(-1.110223024625E-16,-1.,0.));
#8483 = ORIENTED_EDGE('',*,*,#8484,.T.);
#8484 = EDGE_CURVE('',#8477,#8452,#8485,.T.);
#8485 = LINE('',#8486,#8487);
#8486 = CARTESIAN_POINT('',(-2.44,-2.69,-3.1));
#8487 = VECTOR('',#8488,1.);
#8488 = DIRECTION('',(-2.692686352073E-17,-0.242535625036,0.970142500145
    ));
#8489 = PLANE('',#8490);
#8490 = AXIS2_PLACEMENT_3D('',#8491,#8492,#8493);
#8491 = CARTESIAN_POINT('',(-2.44,-2.54,3.911477598424));
#8492 = DIRECTION('',(-1.,1.110223024625E-16,0.));
#8493 = DIRECTION('',(0.,0.,1.));
#8494 = ADVANCED_FACE('',(#8495),#8506,.T.);
#8495 = FACE_BOUND('',#8496,.T.);
#8496 = EDGE_LOOP('',(#8497,#8503,#8504,#8505));
#8497 = ORIENTED_EDGE('',*,*,#8498,.F.);
#8498 = EDGE_CURVE('',#6755,#6779,#8499,.T.);
#8499 = LINE('',#8500,#8501);
#8500 = CARTESIAN_POINT('',(-2.64,-2.24,0.2));
#8501 = VECTOR('',#8502,1.);
#8502 = DIRECTION('',(1.,-1.110223024625E-16,0.));
#8503 = ORIENTED_EDGE('',*,*,#6762,.T.);
#8504 = ORIENTED_EDGE('',*,*,#6770,.T.);
#8505 = ORIENTED_EDGE('',*,*,#6778,.T.);
#8506 = PLANE('',#8507);
#8507 = AXIS2_PLACEMENT_3D('',#8508,#8509,#8510);
#8508 = CARTESIAN_POINT('',(-2.64,-2.84,0.2));
#8509 = DIRECTION('',(0.,-0.,-1.));
#8510 = DIRECTION('',(-1.110223024625E-16,-1.,0.));
#8511 = ADVANCED_FACE('',(#8512),#8553,.T.);
#8512 = FACE_BOUND('',#8513,.T.);
#8513 = EDGE_LOOP('',(#8514,#8522,#8523,#8531,#8539,#8547));
#8514 = ORIENTED_EDGE('',*,*,#8515,.T.);
#8515 = EDGE_CURVE('',#8516,#6747,#8518,.T.);
#8516 = VERTEX_POINT('',#8517);
#8517 = CARTESIAN_POINT('',(-2.64,-2.84,-2.5));
#8518 = LINE('',#8519,#8520);
#8519 = CARTESIAN_POINT('',(-2.64,-2.84,-2.5));
#8520 = VECTOR('',#8521,1.);
#8521 = DIRECTION('',(0.,0.,1.));
#8522 = ORIENTED_EDGE('',*,*,#6754,.F.);
#8523 = ORIENTED_EDGE('',*,*,#8524,.T.);
#8524 = EDGE_CURVE('',#6755,#8525,#8527,.T.);
#8525 = VERTEX_POINT('',#8526);
#8526 = CARTESIAN_POINT('',(-2.64,-2.24,-2.5));
#8527 = LINE('',#8528,#8529);
#8528 = CARTESIAN_POINT('',(-2.64,-2.24,0.2));
#8529 = VECTOR('',#8530,1.);
#8530 = DIRECTION('',(0.,0.,-1.));
#8531 = ORIENTED_EDGE('',*,*,#8532,.T.);
#8532 = EDGE_CURVE('',#8525,#8533,#8535,.T.);
#8533 = VERTEX_POINT('',#8534);
#8534 = CARTESIAN_POINT('',(-2.64,-2.39,-3.1));
#8535 = LINE('',#8536,#8537);
#8536 = CARTESIAN_POINT('',(-2.64,-2.24,-2.5));
#8537 = VECTOR('',#8538,1.);
#8538 = DIRECTION('',(-2.692686352073E-17,-0.242535625036,
    -0.970142500145));
#8539 = ORIENTED_EDGE('',*,*,#8540,.F.);
#8540 = EDGE_CURVE('',#8541,#8533,#8543,.T.);
#8541 = VERTEX_POINT('',#8542);
#8542 = CARTESIAN_POINT('',(-2.64,-2.69,-3.1));
#8543 = LINE('',#8544,#8545);
#8544 = CARTESIAN_POINT('',(-2.64,-2.69,-3.1));
#8545 = VECTOR('',#8546,1.);
#8546 = DIRECTION('',(1.110223024625E-16,1.,0.));
#8547 = ORIENTED_EDGE('',*,*,#8548,.T.);
#8548 = EDGE_CURVE('',#8541,#8516,#8549,.T.);
#8549 = LINE('',#8550,#8551);
#8550 = CARTESIAN_POINT('',(-2.64,-2.69,-3.1));
#8551 = VECTOR('',#8552,1.);
#8552 = DIRECTION('',(-2.692686352073E-17,-0.242535625036,0.970142500145
    ));
#8553 = PLANE('',#8554);
#8554 = AXIS2_PLACEMENT_3D('',#8555,#8556,#8557);
#8555 = CARTESIAN_POINT('',(-2.64,-2.54,3.911477598424));
#8556 = DIRECTION('',(-1.,1.110223024625E-16,0.));
#8557 = DIRECTION('',(0.,0.,1.));
#8558 = ADVANCED_FACE('',(#8559),#8570,.T.);
#8559 = FACE_BOUND('',#8560,.T.);
#8560 = EDGE_LOOP('',(#8561,#8562,#8563,#8569));
#8561 = ORIENTED_EDGE('',*,*,#6802,.F.);
#8562 = ORIENTED_EDGE('',*,*,#6812,.T.);
#8563 = ORIENTED_EDGE('',*,*,#8564,.T.);
#8564 = EDGE_CURVE('',#6813,#6853,#8565,.T.);
#8565 = LINE('',#8566,#8567);
#8566 = CARTESIAN_POINT('',(-2.64,-0.3,0.2));
#8567 = VECTOR('',#8568,1.);
#8568 = DIRECTION('',(1.,-1.110223024625E-16,0.));
#8569 = ORIENTED_EDGE('',*,*,#6860,.T.);
#8570 = PLANE('',#8571);
#8571 = AXIS2_PLACEMENT_3D('',#8572,#8573,#8574);
#8572 = CARTESIAN_POINT('',(-2.64,-0.3,0.2));
#8573 = DIRECTION('',(0.,-0.,-1.));
#8574 = DIRECTION('',(-1.110223024625E-16,-1.,0.));
#8575 = ADVANCED_FACE('',(#8576),#8617,.F.);
#8576 = FACE_BOUND('',#8577,.F.);
#8577 = EDGE_LOOP('',(#8578,#8586,#8587,#8595,#8603,#8611));
#8578 = ORIENTED_EDGE('',*,*,#8579,.T.);
#8579 = EDGE_CURVE('',#8580,#6853,#8582,.T.);
#8580 = VERTEX_POINT('',#8581);
#8581 = CARTESIAN_POINT('',(-2.44,-0.3,-2.5));
#8582 = LINE('',#8583,#8584);
#8583 = CARTESIAN_POINT('',(-2.44,-0.3,-2.5));
#8584 = VECTOR('',#8585,1.);
#8585 = DIRECTION('',(0.,0.,1.));
#8586 = ORIENTED_EDGE('',*,*,#6852,.F.);
#8587 = ORIENTED_EDGE('',*,*,#8588,.T.);
#8588 = EDGE_CURVE('',#6845,#8589,#8591,.T.);
#8589 = VERTEX_POINT('',#8590);
#8590 = CARTESIAN_POINT('',(-2.44,0.3,-2.5));
#8591 = LINE('',#8592,#8593);
#8592 = CARTESIAN_POINT('',(-2.44,0.3,0.2));
#8593 = VECTOR('',#8594,1.);
#8594 = DIRECTION('',(0.,0.,-1.));
#8595 = ORIENTED_EDGE('',*,*,#8596,.T.);
#8596 = EDGE_CURVE('',#8589,#8597,#8599,.T.);
#8597 = VERTEX_POINT('',#8598);
#8598 = CARTESIAN_POINT('',(-2.44,0.15,-3.1));
#8599 = LINE('',#8600,#8601);
#8600 = CARTESIAN_POINT('',(-2.44,0.3,-2.5));
#8601 = VECTOR('',#8602,1.);
#8602 = DIRECTION('',(-2.692686352073E-17,-0.242535625036,
    -0.970142500145));
#8603 = ORIENTED_EDGE('',*,*,#8604,.T.);
#8604 = EDGE_CURVE('',#8597,#8605,#8607,.T.);
#8605 = VERTEX_POINT('',#8606);
#8606 = CARTESIAN_POINT('',(-2.44,-0.15,-3.1));
#8607 = LINE('',#8608,#8609);
#8608 = CARTESIAN_POINT('',(-2.44,0.15,-3.1));
#8609 = VECTOR('',#8610,1.);
#8610 = DIRECTION('',(-1.110223024625E-16,-1.,0.));
#8611 = ORIENTED_EDGE('',*,*,#8612,.T.);
#8612 = EDGE_CURVE('',#8605,#8580,#8613,.T.);
#8613 = LINE('',#8614,#8615);
#8614 = CARTESIAN_POINT('',(-2.44,-0.15,-3.1));
#8615 = VECTOR('',#8616,1.);
#8616 = DIRECTION('',(-2.692686352073E-17,-0.242535625036,0.970142500145
    ));
#8617 = PLANE('',#8618);
#8618 = AXIS2_PLACEMENT_3D('',#8619,#8620,#8621);
#8619 = CARTESIAN_POINT('',(-2.44,2.708944180085E-16,3.911477598424));
#8620 = DIRECTION('',(-1.,1.110223024625E-16,0.));
#8621 = DIRECTION('',(0.,0.,1.));
#8622 = ADVANCED_FACE('',(#8623),#8634,.T.);
#8623 = FACE_BOUND('',#8624,.T.);
#8624 = EDGE_LOOP('',(#8625,#8631,#8632,#8633));
#8625 = ORIENTED_EDGE('',*,*,#8626,.F.);
#8626 = EDGE_CURVE('',#6821,#6845,#8627,.T.);
#8627 = LINE('',#8628,#8629);
#8628 = CARTESIAN_POINT('',(-2.64,0.3,0.2));
#8629 = VECTOR('',#8630,1.);
#8630 = DIRECTION('',(1.,-1.110223024625E-16,0.));
#8631 = ORIENTED_EDGE('',*,*,#6828,.T.);
#8632 = ORIENTED_EDGE('',*,*,#6836,.T.);
#8633 = ORIENTED_EDGE('',*,*,#6844,.T.);
#8634 = PLANE('',#8635);
#8635 = AXIS2_PLACEMENT_3D('',#8636,#8637,#8638);
#8636 = CARTESIAN_POINT('',(-2.64,-0.3,0.2));
#8637 = DIRECTION('',(0.,-0.,-1.));
#8638 = DIRECTION('',(-1.110223024625E-16,-1.,0.));
#8639 = ADVANCED_FACE('',(#8640),#8681,.T.);
#8640 = FACE_BOUND('',#8641,.T.);
#8641 = EDGE_LOOP('',(#8642,#8650,#8651,#8659,#8667,#8675));
#8642 = ORIENTED_EDGE('',*,*,#8643,.T.);
#8643 = EDGE_CURVE('',#8644,#6813,#8646,.T.);
#8644 = VERTEX_POINT('',#8645);
#8645 = CARTESIAN_POINT('',(-2.64,-0.3,-2.5));
#8646 = LINE('',#8647,#8648);
#8647 = CARTESIAN_POINT('',(-2.64,-0.3,-2.5));
#8648 = VECTOR('',#8649,1.);
#8649 = DIRECTION('',(0.,0.,1.));
#8650 = ORIENTED_EDGE('',*,*,#6820,.F.);
#8651 = ORIENTED_EDGE('',*,*,#8652,.T.);
#8652 = EDGE_CURVE('',#6821,#8653,#8655,.T.);
#8653 = VERTEX_POINT('',#8654);
#8654 = CARTESIAN_POINT('',(-2.64,0.3,-2.5));
#8655 = LINE('',#8656,#8657);
#8656 = CARTESIAN_POINT('',(-2.64,0.3,0.2));
#8657 = VECTOR('',#8658,1.);
#8658 = DIRECTION('',(0.,0.,-1.));
#8659 = ORIENTED_EDGE('',*,*,#8660,.T.);
#8660 = EDGE_CURVE('',#8653,#8661,#8663,.T.);
#8661 = VERTEX_POINT('',#8662);
#8662 = CARTESIAN_POINT('',(-2.64,0.15,-3.1));
#8663 = LINE('',#8664,#8665);
#8664 = CARTESIAN_POINT('',(-2.64,0.3,-2.5));
#8665 = VECTOR('',#8666,1.);
#8666 = DIRECTION('',(-2.692686352073E-17,-0.242535625036,
    -0.970142500145));
#8667 = ORIENTED_EDGE('',*,*,#8668,.F.);
#8668 = EDGE_CURVE('',#8669,#8661,#8671,.T.);
#8669 = VERTEX_POINT('',#8670);
#8670 = CARTESIAN_POINT('',(-2.64,-0.15,-3.1));
#8671 = LINE('',#8672,#8673);
#8672 = CARTESIAN_POINT('',(-2.64,-0.15,-3.1));
#8673 = VECTOR('',#8674,1.);
#8674 = DIRECTION('',(1.110223024625E-16,1.,0.));
#8675 = ORIENTED_EDGE('',*,*,#8676,.T.);
#8676 = EDGE_CURVE('',#8669,#8644,#8677,.T.);
#8677 = LINE('',#8678,#8679);
#8678 = CARTESIAN_POINT('',(-2.64,-0.15,-3.1));
#8679 = VECTOR('',#8680,1.);
#8680 = DIRECTION('',(-2.692686352073E-17,-0.242535625036,0.970142500145
    ));
#8681 = PLANE('',#8682);
#8682 = AXIS2_PLACEMENT_3D('',#8683,#8684,#8685);
#8683 = CARTESIAN_POINT('',(-2.64,2.93098878501E-16,3.911477598424));
#8684 = DIRECTION('',(-1.,1.110223024625E-16,0.));
#8685 = DIRECTION('',(0.,0.,1.));
#8686 = ADVANCED_FACE('',(#8687),#8712,.F.);
#8687 = FACE_BOUND('',#8688,.F.);
#8688 = EDGE_LOOP('',(#8689,#8697,#8705,#8711));
#8689 = ORIENTED_EDGE('',*,*,#8690,.T.);
#8690 = EDGE_CURVE('',#6899,#8691,#8693,.T.);
#8691 = VERTEX_POINT('',#8692);
#8692 = CARTESIAN_POINT('',(-0.3,-7.32,0.9));
#8693 = LINE('',#8694,#8695);
#8694 = CARTESIAN_POINT('',(-0.3,-7.32,8.2));
#8695 = VECTOR('',#8696,1.);
#8696 = DIRECTION('',(0.,0.,-1.));
#8697 = ORIENTED_EDGE('',*,*,#8698,.T.);
#8698 = EDGE_CURVE('',#8691,#8699,#8701,.T.);
#8699 = VERTEX_POINT('',#8700);
#8700 = CARTESIAN_POINT('',(-0.3,-7.92,0.9));
#8701 = LINE('',#8702,#8703);
#8702 = CARTESIAN_POINT('',(-0.3,-7.32,0.9));
#8703 = VECTOR('',#8704,1.);
#8704 = DIRECTION('',(-2.334869823773E-16,-1.,0.));
#8705 = ORIENTED_EDGE('',*,*,#8706,.F.);
#8706 = EDGE_CURVE('',#6908,#8699,#8707,.T.);
#8707 = LINE('',#8708,#8709);
#8708 = CARTESIAN_POINT('',(-0.3,-7.92,8.2));
#8709 = VECTOR('',#8710,1.);
#8710 = DIRECTION('',(0.,0.,-1.));
#8711 = ORIENTED_EDGE('',*,*,#6915,.F.);
#8712 = PLANE('',#8713);
#8713 = AXIS2_PLACEMENT_3D('',#8714,#8715,#8716);
#8714 = CARTESIAN_POINT('',(-0.3,-7.32,8.2));
#8715 = DIRECTION('',(-1.,2.334869823773E-16,0.));
#8716 = DIRECTION('',(-2.334869823773E-16,-1.,0.));
#8717 = ADVANCED_FACE('',(#8718),#8768,.F.);
#8718 = FACE_BOUND('',#8719,.F.);
#8719 = EDGE_LOOP('',(#8720,#8721,#8722,#8730,#8738,#8746,#8754,#8762));
#8720 = ORIENTED_EDGE('',*,*,#6939,.F.);
#8721 = ORIENTED_EDGE('',*,*,#8706,.T.);
#8722 = ORIENTED_EDGE('',*,*,#8723,.T.);
#8723 = EDGE_CURVE('',#8699,#8724,#8726,.T.);
#8724 = VERTEX_POINT('',#8725);
#8725 = CARTESIAN_POINT('',(-0.1,-7.92,0.9));
#8726 = LINE('',#8727,#8728);
#8727 = CARTESIAN_POINT('',(-0.3,-7.92,0.9));
#8728 = VECTOR('',#8729,1.);
#8729 = DIRECTION('',(1.,-2.334869823773E-16,0.));
#8730 = ORIENTED_EDGE('',*,*,#8731,.T.);
#8731 = EDGE_CURVE('',#8724,#8732,#8734,.T.);
#8732 = VERTEX_POINT('',#8733);
#8733 = CARTESIAN_POINT('',(-0.1,-7.92,7.4));
#8734 = LINE('',#8735,#8736);
#8735 = CARTESIAN_POINT('',(-0.1,-7.92,6.055738799212));
#8736 = VECTOR('',#8737,1.);
#8737 = DIRECTION('',(0.,0.,1.));
#8738 = ORIENTED_EDGE('',*,*,#8739,.F.);
#8739 = EDGE_CURVE('',#8740,#8732,#8742,.T.);
#8740 = VERTEX_POINT('',#8741);
#8741 = CARTESIAN_POINT('',(0.1,-7.92,7.4));
#8742 = LINE('',#8743,#8744);
#8743 = CARTESIAN_POINT('',(0.1,-7.92,7.4));
#8744 = VECTOR('',#8745,1.);
#8745 = DIRECTION('',(-1.,2.334869823773E-16,0.));
#8746 = ORIENTED_EDGE('',*,*,#8747,.F.);
#8747 = EDGE_CURVE('',#8748,#8740,#8750,.T.);
#8748 = VERTEX_POINT('',#8749);
#8749 = CARTESIAN_POINT('',(0.1,-7.92,0.9));
#8750 = LINE('',#8751,#8752);
#8751 = CARTESIAN_POINT('',(0.1,-7.92,6.055738799212));
#8752 = VECTOR('',#8753,1.);
#8753 = DIRECTION('',(0.,0.,1.));
#8754 = ORIENTED_EDGE('',*,*,#8755,.T.);
#8755 = EDGE_CURVE('',#8748,#8756,#8758,.T.);
#8756 = VERTEX_POINT('',#8757);
#8757 = CARTESIAN_POINT('',(0.3,-7.92,0.9));
#8758 = LINE('',#8759,#8760);
#8759 = CARTESIAN_POINT('',(-0.3,-7.92,0.9));
#8760 = VECTOR('',#8761,1.);
#8761 = DIRECTION('',(1.,-2.334869823773E-16,0.));
#8762 = ORIENTED_EDGE('',*,*,#8763,.F.);
#8763 = EDGE_CURVE('',#6932,#8756,#8764,.T.);
#8764 = LINE('',#8765,#8766);
#8765 = CARTESIAN_POINT('',(0.3,-7.92,8.2));
#8766 = VECTOR('',#8767,1.);
#8767 = DIRECTION('',(0.,0.,-1.));
#8768 = PLANE('',#8769);
#8769 = AXIS2_PLACEMENT_3D('',#8770,#8771,#8772);
#8770 = CARTESIAN_POINT('',(-0.3,-7.92,8.2));
#8771 = DIRECTION('',(-2.334869823773E-16,-1.,0.));
#8772 = DIRECTION('',(1.,-2.334869823773E-16,0.));
#8773 = ADVANCED_FACE('',(#8774),#8792,.F.);
#8774 = FACE_BOUND('',#8775,.F.);
#8775 = EDGE_LOOP('',(#8776,#8777,#8785,#8791));
#8776 = ORIENTED_EDGE('',*,*,#8763,.T.);
#8777 = ORIENTED_EDGE('',*,*,#8778,.T.);
#8778 = EDGE_CURVE('',#8756,#8779,#8781,.T.);
#8779 = VERTEX_POINT('',#8780);
#8780 = CARTESIAN_POINT('',(0.3,-7.32,0.9));
#8781 = LINE('',#8782,#8783);
#8782 = CARTESIAN_POINT('',(0.3,-7.92,0.9));
#8783 = VECTOR('',#8784,1.);
#8784 = DIRECTION('',(2.334869823773E-16,1.,0.));
#8785 = ORIENTED_EDGE('',*,*,#8786,.F.);
#8786 = EDGE_CURVE('',#6956,#8779,#8787,.T.);
#8787 = LINE('',#8788,#8789);
#8788 = CARTESIAN_POINT('',(0.3,-7.32,8.2));
#8789 = VECTOR('',#8790,1.);
#8790 = DIRECTION('',(0.,0.,-1.));
#8791 = ORIENTED_EDGE('',*,*,#6963,.F.);
#8792 = PLANE('',#8793);
#8793 = AXIS2_PLACEMENT_3D('',#8794,#8795,#8796);
#8794 = CARTESIAN_POINT('',(0.3,-7.92,8.2));
#8795 = DIRECTION('',(1.,-2.334869823773E-16,0.));
#8796 = DIRECTION('',(2.334869823773E-16,1.,0.));
#8797 = ADVANCED_FACE('',(#8798),#8841,.F.);
#8798 = FACE_BOUND('',#8799,.F.);
#8799 = EDGE_LOOP('',(#8800,#8801,#8802,#8810,#8818,#8826,#8834,#8840));
#8800 = ORIENTED_EDGE('',*,*,#6980,.F.);
#8801 = ORIENTED_EDGE('',*,*,#8786,.T.);
#8802 = ORIENTED_EDGE('',*,*,#8803,.T.);
#8803 = EDGE_CURVE('',#8779,#8804,#8806,.T.);
#8804 = VERTEX_POINT('',#8805);
#8805 = CARTESIAN_POINT('',(0.1,-7.32,0.9));
#8806 = LINE('',#8807,#8808);
#8807 = CARTESIAN_POINT('',(0.3,-7.32,0.9));
#8808 = VECTOR('',#8809,1.);
#8809 = DIRECTION('',(-1.,2.334869823773E-16,0.));
#8810 = ORIENTED_EDGE('',*,*,#8811,.F.);
#8811 = EDGE_CURVE('',#8812,#8804,#8814,.T.);
#8812 = VERTEX_POINT('',#8813);
#8813 = CARTESIAN_POINT('',(0.1,-7.32,7.4));
#8814 = LINE('',#8815,#8816);
#8815 = CARTESIAN_POINT('',(0.1,-7.32,6.055738799212));
#8816 = VECTOR('',#8817,1.);
#8817 = DIRECTION('',(0.,0.,-1.));
#8818 = ORIENTED_EDGE('',*,*,#8819,.T.);
#8819 = EDGE_CURVE('',#8812,#8820,#8822,.T.);
#8820 = VERTEX_POINT('',#8821);
#8821 = CARTESIAN_POINT('',(-0.1,-7.32,7.4));
#8822 = LINE('',#8823,#8824);
#8823 = CARTESIAN_POINT('',(0.1,-7.32,7.4));
#8824 = VECTOR('',#8825,1.);
#8825 = DIRECTION('',(-1.,2.334869823773E-16,0.));
#8826 = ORIENTED_EDGE('',*,*,#8827,.T.);
#8827 = EDGE_CURVE('',#8820,#8828,#8830,.T.);
#8828 = VERTEX_POINT('',#8829);
#8829 = CARTESIAN_POINT('',(-0.1,-7.32,0.9));
#8830 = LINE('',#8831,#8832);
#8831 = CARTESIAN_POINT('',(-0.1,-7.32,6.055738799212));
#8832 = VECTOR('',#8833,1.);
#8833 = DIRECTION('',(0.,0.,-1.));
#8834 = ORIENTED_EDGE('',*,*,#8835,.T.);
#8835 = EDGE_CURVE('',#8828,#8691,#8836,.T.);
#8836 = LINE('',#8837,#8838);
#8837 = CARTESIAN_POINT('',(0.3,-7.32,0.9));
#8838 = VECTOR('',#8839,1.);
#8839 = DIRECTION('',(-1.,2.334869823773E-16,0.));
#8840 = ORIENTED_EDGE('',*,*,#8690,.F.);
#8841 = PLANE('',#8842);
#8842 = AXIS2_PLACEMENT_3D('',#8843,#8844,#8845);
#8843 = CARTESIAN_POINT('',(0.3,-7.32,8.2));
#8844 = DIRECTION('',(2.334869823773E-16,1.,0.));
#8845 = DIRECTION('',(-1.,2.334869823773E-16,0.));
#8846 = ADVANCED_FACE('',(#8847),#8872,.F.);
#8847 = FACE_BOUND('',#8848,.F.);
#8848 = EDGE_LOOP('',(#8849,#8857,#8865,#8871));
#8849 = ORIENTED_EDGE('',*,*,#8850,.T.);
#8850 = EDGE_CURVE('',#6995,#8851,#8853,.T.);
#8851 = VERTEX_POINT('',#8852);
#8852 = CARTESIAN_POINT('',(-0.3,-4.78,0.9));
#8853 = LINE('',#8854,#8855);
#8854 = CARTESIAN_POINT('',(-0.3,-4.78,8.2));
#8855 = VECTOR('',#8856,1.);
#8856 = DIRECTION('',(0.,0.,-1.));
#8857 = ORIENTED_EDGE('',*,*,#8858,.T.);
#8858 = EDGE_CURVE('',#8851,#8859,#8861,.T.);
#8859 = VERTEX_POINT('',#8860);
#8860 = CARTESIAN_POINT('',(-0.3,-5.38,0.9));
#8861 = LINE('',#8862,#8863);
#8862 = CARTESIAN_POINT('',(-0.3,-4.78,0.9));
#8863 = VECTOR('',#8864,1.);
#8864 = DIRECTION('',(-2.334869823773E-16,-1.,0.));
#8865 = ORIENTED_EDGE('',*,*,#8866,.F.);
#8866 = EDGE_CURVE('',#7004,#8859,#8867,.T.);
#8867 = LINE('',#8868,#8869);
#8868 = CARTESIAN_POINT('',(-0.3,-5.38,8.2));
#8869 = VECTOR('',#8870,1.);
#8870 = DIRECTION('',(0.,0.,-1.));
#8871 = ORIENTED_EDGE('',*,*,#7011,.F.);
#8872 = PLANE('',#8873);
#8873 = AXIS2_PLACEMENT_3D('',#8874,#8875,#8876);
#8874 = CARTESIAN_POINT('',(-0.3,-4.78,8.2));
#8875 = DIRECTION('',(-1.,2.334869823773E-16,0.));
#8876 = DIRECTION('',(-2.334869823773E-16,-1.,0.));
#8877 = ADVANCED_FACE('',(#8878),#8928,.F.);
#8878 = FACE_BOUND('',#8879,.F.);
#8879 = EDGE_LOOP('',(#8880,#8881,#8882,#8890,#8898,#8906,#8914,#8922));
#8880 = ORIENTED_EDGE('',*,*,#7035,.F.);
#8881 = ORIENTED_EDGE('',*,*,#8866,.T.);
#8882 = ORIENTED_EDGE('',*,*,#8883,.T.);
#8883 = EDGE_CURVE('',#8859,#8884,#8886,.T.);
#8884 = VERTEX_POINT('',#8885);
#8885 = CARTESIAN_POINT('',(-0.1,-5.38,0.9));
#8886 = LINE('',#8887,#8888);
#8887 = CARTESIAN_POINT('',(-0.3,-5.38,0.9));
#8888 = VECTOR('',#8889,1.);
#8889 = DIRECTION('',(1.,-2.334869823773E-16,0.));
#8890 = ORIENTED_EDGE('',*,*,#8891,.T.);
#8891 = EDGE_CURVE('',#8884,#8892,#8894,.T.);
#8892 = VERTEX_POINT('',#8893);
#8893 = CARTESIAN_POINT('',(-0.1,-5.38,7.4));
#8894 = LINE('',#8895,#8896);
#8895 = CARTESIAN_POINT('',(-0.1,-5.38,6.055738799212));
#8896 = VECTOR('',#8897,1.);
#8897 = DIRECTION('',(0.,0.,1.));
#8898 = ORIENTED_EDGE('',*,*,#8899,.F.);
#8899 = EDGE_CURVE('',#8900,#8892,#8902,.T.);
#8900 = VERTEX_POINT('',#8901);
#8901 = CARTESIAN_POINT('',(0.1,-5.38,7.4));
#8902 = LINE('',#8903,#8904);
#8903 = CARTESIAN_POINT('',(0.1,-5.38,7.4));
#8904 = VECTOR('',#8905,1.);
#8905 = DIRECTION('',(-1.,2.334869823773E-16,0.));
#8906 = ORIENTED_EDGE('',*,*,#8907,.F.);
#8907 = EDGE_CURVE('',#8908,#8900,#8910,.T.);
#8908 = VERTEX_POINT('',#8909);
#8909 = CARTESIAN_POINT('',(0.1,-5.38,0.9));
#8910 = LINE('',#8911,#8912);
#8911 = CARTESIAN_POINT('',(0.1,-5.38,6.055738799212));
#8912 = VECTOR('',#8913,1.);
#8913 = DIRECTION('',(0.,0.,1.));
#8914 = ORIENTED_EDGE('',*,*,#8915,.T.);
#8915 = EDGE_CURVE('',#8908,#8916,#8918,.T.);
#8916 = VERTEX_POINT('',#8917);
#8917 = CARTESIAN_POINT('',(0.3,-5.38,0.9));
#8918 = LINE('',#8919,#8920);
#8919 = CARTESIAN_POINT('',(-0.3,-5.38,0.9));
#8920 = VECTOR('',#8921,1.);
#8921 = DIRECTION('',(1.,-2.334869823773E-16,0.));
#8922 = ORIENTED_EDGE('',*,*,#8923,.F.);
#8923 = EDGE_CURVE('',#7028,#8916,#8924,.T.);
#8924 = LINE('',#8925,#8926);
#8925 = CARTESIAN_POINT('',(0.3,-5.38,8.2));
#8926 = VECTOR('',#8927,1.);
#8927 = DIRECTION('',(0.,0.,-1.));
#8928 = PLANE('',#8929);
#8929 = AXIS2_PLACEMENT_3D('',#8930,#8931,#8932);
#8930 = CARTESIAN_POINT('',(-0.3,-5.38,8.2));
#8931 = DIRECTION('',(-2.334869823773E-16,-1.,0.));
#8932 = DIRECTION('',(1.,-2.334869823773E-16,0.));
#8933 = ADVANCED_FACE('',(#8934),#8952,.F.);
#8934 = FACE_BOUND('',#8935,.F.);
#8935 = EDGE_LOOP('',(#8936,#8937,#8945,#8951));
#8936 = ORIENTED_EDGE('',*,*,#8923,.T.);
#8937 = ORIENTED_EDGE('',*,*,#8938,.T.);
#8938 = EDGE_CURVE('',#8916,#8939,#8941,.T.);
#8939 = VERTEX_POINT('',#8940);
#8940 = CARTESIAN_POINT('',(0.3,-4.78,0.9));
#8941 = LINE('',#8942,#8943);
#8942 = CARTESIAN_POINT('',(0.3,-5.38,0.9));
#8943 = VECTOR('',#8944,1.);
#8944 = DIRECTION('',(2.334869823773E-16,1.,0.));
#8945 = ORIENTED_EDGE('',*,*,#8946,.F.);
#8946 = EDGE_CURVE('',#7052,#8939,#8947,.T.);
#8947 = LINE('',#8948,#8949);
#8948 = CARTESIAN_POINT('',(0.3,-4.78,8.2));
#8949 = VECTOR('',#8950,1.);
#8950 = DIRECTION('',(0.,0.,-1.));
#8951 = ORIENTED_EDGE('',*,*,#7059,.F.);
#8952 = PLANE('',#8953);
#8953 = AXIS2_PLACEMENT_3D('',#8954,#8955,#8956);
#8954 = CARTESIAN_POINT('',(0.3,-5.38,8.2));
#8955 = DIRECTION('',(1.,-2.334869823773E-16,0.));
#8956 = DIRECTION('',(2.334869823773E-16,1.,0.));
#8957 = ADVANCED_FACE('',(#8958),#9001,.F.);
#8958 = FACE_BOUND('',#8959,.F.);
#8959 = EDGE_LOOP('',(#8960,#8961,#8962,#8970,#8978,#8986,#8994,#9000));
#8960 = ORIENTED_EDGE('',*,*,#7076,.F.);
#8961 = ORIENTED_EDGE('',*,*,#8946,.T.);
#8962 = ORIENTED_EDGE('',*,*,#8963,.T.);
#8963 = EDGE_CURVE('',#8939,#8964,#8966,.T.);
#8964 = VERTEX_POINT('',#8965);
#8965 = CARTESIAN_POINT('',(0.1,-4.78,0.9));
#8966 = LINE('',#8967,#8968);
#8967 = CARTESIAN_POINT('',(0.3,-4.78,0.9));
#8968 = VECTOR('',#8969,1.);
#8969 = DIRECTION('',(-1.,2.334869823773E-16,0.));
#8970 = ORIENTED_EDGE('',*,*,#8971,.F.);
#8971 = EDGE_CURVE('',#8972,#8964,#8974,.T.);
#8972 = VERTEX_POINT('',#8973);
#8973 = CARTESIAN_POINT('',(0.1,-4.78,7.4));
#8974 = LINE('',#8975,#8976);
#8975 = CARTESIAN_POINT('',(0.1,-4.78,6.055738799212));
#8976 = VECTOR('',#8977,1.);
#8977 = DIRECTION('',(0.,0.,-1.));
#8978 = ORIENTED_EDGE('',*,*,#8979,.T.);
#8979 = EDGE_CURVE('',#8972,#8980,#8982,.T.);
#8980 = VERTEX_POINT('',#8981);
#8981 = CARTESIAN_POINT('',(-0.1,-4.78,7.4));
#8982 = LINE('',#8983,#8984);
#8983 = CARTESIAN_POINT('',(0.1,-4.78,7.4));
#8984 = VECTOR('',#8985,1.);
#8985 = DIRECTION('',(-1.,2.334869823773E-16,0.));
#8986 = ORIENTED_EDGE('',*,*,#8987,.T.);
#8987 = EDGE_CURVE('',#8980,#8988,#8990,.T.);
#8988 = VERTEX_POINT('',#8989);
#8989 = CARTESIAN_POINT('',(-0.1,-4.78,0.9));
#8990 = LINE('',#8991,#8992);
#8991 = CARTESIAN_POINT('',(-0.1,-4.78,6.055738799212));
#8992 = VECTOR('',#8993,1.);
#8993 = DIRECTION('',(0.,0.,-1.));
#8994 = ORIENTED_EDGE('',*,*,#8995,.T.);
#8995 = EDGE_CURVE('',#8988,#8851,#8996,.T.);
#8996 = LINE('',#8997,#8998);
#8997 = CARTESIAN_POINT('',(0.3,-4.78,0.9));
#8998 = VECTOR('',#8999,1.);
#8999 = DIRECTION('',(-1.,2.334869823773E-16,0.));
#9000 = ORIENTED_EDGE('',*,*,#8850,.F.);
#9001 = PLANE('',#9002);
#9002 = AXIS2_PLACEMENT_3D('',#9003,#9004,#9005);
#9003 = CARTESIAN_POINT('',(0.3,-4.78,8.2));
#9004 = DIRECTION('',(2.334869823773E-16,1.,0.));
#9005 = DIRECTION('',(-1.,2.334869823773E-16,0.));
#9006 = ADVANCED_FACE('',(#9007),#9032,.F.);
#9007 = FACE_BOUND('',#9008,.F.);
#9008 = EDGE_LOOP('',(#9009,#9017,#9025,#9031));
#9009 = ORIENTED_EDGE('',*,*,#9010,.T.);
#9010 = EDGE_CURVE('',#7091,#9011,#9013,.T.);
#9011 = VERTEX_POINT('',#9012);
#9012 = CARTESIAN_POINT('',(-0.3,-2.24,0.9));
#9013 = LINE('',#9014,#9015);
#9014 = CARTESIAN_POINT('',(-0.3,-2.24,8.2));
#9015 = VECTOR('',#9016,1.);
#9016 = DIRECTION('',(0.,0.,-1.));
#9017 = ORIENTED_EDGE('',*,*,#9018,.T.);
#9018 = EDGE_CURVE('',#9011,#9019,#9021,.T.);
#9019 = VERTEX_POINT('',#9020);
#9020 = CARTESIAN_POINT('',(-0.3,-2.84,0.9));
#9021 = LINE('',#9022,#9023);
#9022 = CARTESIAN_POINT('',(-0.3,-2.24,0.9));
#9023 = VECTOR('',#9024,1.);
#9024 = DIRECTION('',(-2.334869823773E-16,-1.,0.));
#9025 = ORIENTED_EDGE('',*,*,#9026,.F.);
#9026 = EDGE_CURVE('',#7100,#9019,#9027,.T.);
#9027 = LINE('',#9028,#9029);
#9028 = CARTESIAN_POINT('',(-0.3,-2.84,8.2));
#9029 = VECTOR('',#9030,1.);
#9030 = DIRECTION('',(0.,0.,-1.));
#9031 = ORIENTED_EDGE('',*,*,#7107,.F.);
#9032 = PLANE('',#9033);
#9033 = AXIS2_PLACEMENT_3D('',#9034,#9035,#9036);
#9034 = CARTESIAN_POINT('',(-0.3,-2.24,8.2));
#9035 = DIRECTION('',(-1.,2.334869823773E-16,0.));
#9036 = DIRECTION('',(-2.334869823773E-16,-1.,0.));
#9037 = ADVANCED_FACE('',(#9038),#9088,.F.);
#9038 = FACE_BOUND('',#9039,.F.);
#9039 = EDGE_LOOP('',(#9040,#9041,#9042,#9050,#9058,#9066,#9074,#9082));
#9040 = ORIENTED_EDGE('',*,*,#7131,.F.);
#9041 = ORIENTED_EDGE('',*,*,#9026,.T.);
#9042 = ORIENTED_EDGE('',*,*,#9043,.T.);
#9043 = EDGE_CURVE('',#9019,#9044,#9046,.T.);
#9044 = VERTEX_POINT('',#9045);
#9045 = CARTESIAN_POINT('',(-0.1,-2.84,0.9));
#9046 = LINE('',#9047,#9048);
#9047 = CARTESIAN_POINT('',(-0.3,-2.84,0.9));
#9048 = VECTOR('',#9049,1.);
#9049 = DIRECTION('',(1.,-2.334869823773E-16,0.));
#9050 = ORIENTED_EDGE('',*,*,#9051,.T.);
#9051 = EDGE_CURVE('',#9044,#9052,#9054,.T.);
#9052 = VERTEX_POINT('',#9053);
#9053 = CARTESIAN_POINT('',(-0.1,-2.84,7.4));
#9054 = LINE('',#9055,#9056);
#9055 = CARTESIAN_POINT('',(-0.1,-2.84,6.055738799212));
#9056 = VECTOR('',#9057,1.);
#9057 = DIRECTION('',(0.,0.,1.));
#9058 = ORIENTED_EDGE('',*,*,#9059,.F.);
#9059 = EDGE_CURVE('',#9060,#9052,#9062,.T.);
#9060 = VERTEX_POINT('',#9061);
#9061 = CARTESIAN_POINT('',(0.1,-2.84,7.4));
#9062 = LINE('',#9063,#9064);
#9063 = CARTESIAN_POINT('',(0.1,-2.84,7.4));
#9064 = VECTOR('',#9065,1.);
#9065 = DIRECTION('',(-1.,2.334869823773E-16,0.));
#9066 = ORIENTED_EDGE('',*,*,#9067,.F.);
#9067 = EDGE_CURVE('',#9068,#9060,#9070,.T.);
#9068 = VERTEX_POINT('',#9069);
#9069 = CARTESIAN_POINT('',(0.1,-2.84,0.9));
#9070 = LINE('',#9071,#9072);
#9071 = CARTESIAN_POINT('',(0.1,-2.84,6.055738799212));
#9072 = VECTOR('',#9073,1.);
#9073 = DIRECTION('',(0.,0.,1.));
#9074 = ORIENTED_EDGE('',*,*,#9075,.T.);
#9075 = EDGE_CURVE('',#9068,#9076,#9078,.T.);
#9076 = VERTEX_POINT('',#9077);
#9077 = CARTESIAN_POINT('',(0.3,-2.84,0.9));
#9078 = LINE('',#9079,#9080);
#9079 = CARTESIAN_POINT('',(-0.3,-2.84,0.9));
#9080 = VECTOR('',#9081,1.);
#9081 = DIRECTION('',(1.,-2.334869823773E-16,0.));
#9082 = ORIENTED_EDGE('',*,*,#9083,.F.);
#9083 = EDGE_CURVE('',#7124,#9076,#9084,.T.);
#9084 = LINE('',#9085,#9086);
#9085 = CARTESIAN_POINT('',(0.3,-2.84,8.2));
#9086 = VECTOR('',#9087,1.);
#9087 = DIRECTION('',(0.,0.,-1.));
#9088 = PLANE('',#9089);
#9089 = AXIS2_PLACEMENT_3D('',#9090,#9091,#9092);
#9090 = CARTESIAN_POINT('',(-0.3,-2.84,8.2));
#9091 = DIRECTION('',(-2.334869823773E-16,-1.,0.));
#9092 = DIRECTION('',(1.,-2.334869823773E-16,0.));
#9093 = ADVANCED_FACE('',(#9094),#9112,.F.);
#9094 = FACE_BOUND('',#9095,.F.);
#9095 = EDGE_LOOP('',(#9096,#9097,#9105,#9111));
#9096 = ORIENTED_EDGE('',*,*,#9083,.T.);
#9097 = ORIENTED_EDGE('',*,*,#9098,.T.);
#9098 = EDGE_CURVE('',#9076,#9099,#9101,.T.);
#9099 = VERTEX_POINT('',#9100);
#9100 = CARTESIAN_POINT('',(0.3,-2.24,0.9));
#9101 = LINE('',#9102,#9103);
#9102 = CARTESIAN_POINT('',(0.3,-2.84,0.9));
#9103 = VECTOR('',#9104,1.);
#9104 = DIRECTION('',(2.334869823773E-16,1.,0.));
#9105 = ORIENTED_EDGE('',*,*,#9106,.F.);
#9106 = EDGE_CURVE('',#7148,#9099,#9107,.T.);
#9107 = LINE('',#9108,#9109);
#9108 = CARTESIAN_POINT('',(0.3,-2.24,8.2));
#9109 = VECTOR('',#9110,1.);
#9110 = DIRECTION('',(0.,0.,-1.));
#9111 = ORIENTED_EDGE('',*,*,#7155,.F.);
#9112 = PLANE('',#9113);
#9113 = AXIS2_PLACEMENT_3D('',#9114,#9115,#9116);
#9114 = CARTESIAN_POINT('',(0.3,-2.84,8.2));
#9115 = DIRECTION('',(1.,-2.334869823773E-16,0.));
#9116 = DIRECTION('',(2.334869823773E-16,1.,0.));
#9117 = ADVANCED_FACE('',(#9118),#9161,.F.);
#9118 = FACE_BOUND('',#9119,.F.);
#9119 = EDGE_LOOP('',(#9120,#9121,#9122,#9130,#9138,#9146,#9154,#9160));
#9120 = ORIENTED_EDGE('',*,*,#7172,.F.);
#9121 = ORIENTED_EDGE('',*,*,#9106,.T.);
#9122 = ORIENTED_EDGE('',*,*,#9123,.T.);
#9123 = EDGE_CURVE('',#9099,#9124,#9126,.T.);
#9124 = VERTEX_POINT('',#9125);
#9125 = CARTESIAN_POINT('',(0.1,-2.24,0.9));
#9126 = LINE('',#9127,#9128);
#9127 = CARTESIAN_POINT('',(0.3,-2.24,0.9));
#9128 = VECTOR('',#9129,1.);
#9129 = DIRECTION('',(-1.,2.334869823773E-16,0.));
#9130 = ORIENTED_EDGE('',*,*,#9131,.F.);
#9131 = EDGE_CURVE('',#9132,#9124,#9134,.T.);
#9132 = VERTEX_POINT('',#9133);
#9133 = CARTESIAN_POINT('',(0.1,-2.24,7.4));
#9134 = LINE('',#9135,#9136);
#9135 = CARTESIAN_POINT('',(0.1,-2.24,6.055738799212));
#9136 = VECTOR('',#9137,1.);
#9137 = DIRECTION('',(0.,0.,-1.));
#9138 = ORIENTED_EDGE('',*,*,#9139,.T.);
#9139 = EDGE_CURVE('',#9132,#9140,#9142,.T.);
#9140 = VERTEX_POINT('',#9141);
#9141 = CARTESIAN_POINT('',(-0.1,-2.24,7.4));
#9142 = LINE('',#9143,#9144);
#9143 = CARTESIAN_POINT('',(0.1,-2.24,7.4));
#9144 = VECTOR('',#9145,1.);
#9145 = DIRECTION('',(-1.,2.334869823773E-16,0.));
#9146 = ORIENTED_EDGE('',*,*,#9147,.T.);
#9147 = EDGE_CURVE('',#9140,#9148,#9150,.T.);
#9148 = VERTEX_POINT('',#9149);
#9149 = CARTESIAN_POINT('',(-0.1,-2.24,0.9));
#9150 = LINE('',#9151,#9152);
#9151 = CARTESIAN_POINT('',(-0.1,-2.24,6.055738799212));
#9152 = VECTOR('',#9153,1.);
#9153 = DIRECTION('',(0.,0.,-1.));
#9154 = ORIENTED_EDGE('',*,*,#9155,.T.);
#9155 = EDGE_CURVE('',#9148,#9011,#9156,.T.);
#9156 = LINE('',#9157,#9158);
#9157 = CARTESIAN_POINT('',(0.3,-2.24,0.9));
#9158 = VECTOR('',#9159,1.);
#9159 = DIRECTION('',(-1.,2.334869823773E-16,0.));
#9160 = ORIENTED_EDGE('',*,*,#9010,.F.);
#9161 = PLANE('',#9162);
#9162 = AXIS2_PLACEMENT_3D('',#9163,#9164,#9165);
#9163 = CARTESIAN_POINT('',(0.3,-2.24,8.2));
#9164 = DIRECTION('',(2.334869823773E-16,1.,0.));
#9165 = DIRECTION('',(-1.,2.334869823773E-16,0.));
#9166 = ADVANCED_FACE('',(#9167),#9192,.F.);
#9167 = FACE_BOUND('',#9168,.F.);
#9168 = EDGE_LOOP('',(#9169,#9177,#9185,#9191));
#9169 = ORIENTED_EDGE('',*,*,#9170,.T.);
#9170 = EDGE_CURVE('',#7187,#9171,#9173,.T.);
#9171 = VERTEX_POINT('',#9172);
#9172 = CARTESIAN_POINT('',(-0.3,0.3,0.9));
#9173 = LINE('',#9174,#9175);
#9174 = CARTESIAN_POINT('',(-0.3,0.3,8.2));
#9175 = VECTOR('',#9176,1.);
#9176 = DIRECTION('',(0.,0.,-1.));
#9177 = ORIENTED_EDGE('',*,*,#9178,.T.);
#9178 = EDGE_CURVE('',#9171,#9179,#9181,.T.);
#9179 = VERTEX_POINT('',#9180);
#9180 = CARTESIAN_POINT('',(-0.3,-0.3,0.9));
#9181 = LINE('',#9182,#9183);
#9182 = CARTESIAN_POINT('',(-0.3,0.3,0.9));
#9183 = VECTOR('',#9184,1.);
#9184 = DIRECTION('',(-2.334869823773E-16,-1.,0.));
#9185 = ORIENTED_EDGE('',*,*,#9186,.F.);
#9186 = EDGE_CURVE('',#7196,#9179,#9187,.T.);
#9187 = LINE('',#9188,#9189);
#9188 = CARTESIAN_POINT('',(-0.3,-0.3,8.2));
#9189 = VECTOR('',#9190,1.);
#9190 = DIRECTION('',(0.,0.,-1.));
#9191 = ORIENTED_EDGE('',*,*,#7203,.F.);
#9192 = PLANE('',#9193);
#9193 = AXIS2_PLACEMENT_3D('',#9194,#9195,#9196);
#9194 = CARTESIAN_POINT('',(-0.3,0.3,8.2));
#9195 = DIRECTION('',(-1.,2.334869823773E-16,0.));
#9196 = DIRECTION('',(-2.334869823773E-16,-1.,0.));
#9197 = ADVANCED_FACE('',(#9198),#9248,.F.);
#9198 = FACE_BOUND('',#9199,.F.);
#9199 = EDGE_LOOP('',(#9200,#9201,#9202,#9210,#9218,#9226,#9234,#9242));
#9200 = ORIENTED_EDGE('',*,*,#7227,.F.);
#9201 = ORIENTED_EDGE('',*,*,#9186,.T.);
#9202 = ORIENTED_EDGE('',*,*,#9203,.T.);
#9203 = EDGE_CURVE('',#9179,#9204,#9206,.T.);
#9204 = VERTEX_POINT('',#9205);
#9205 = CARTESIAN_POINT('',(-0.1,-0.3,0.9));
#9206 = LINE('',#9207,#9208);
#9207 = CARTESIAN_POINT('',(-0.3,-0.3,0.9));
#9208 = VECTOR('',#9209,1.);
#9209 = DIRECTION('',(1.,-2.334869823773E-16,0.));
#9210 = ORIENTED_EDGE('',*,*,#9211,.T.);
#9211 = EDGE_CURVE('',#9204,#9212,#9214,.T.);
#9212 = VERTEX_POINT('',#9213);
#9213 = CARTESIAN_POINT('',(-0.1,-0.3,7.4));
#9214 = LINE('',#9215,#9216);
#9215 = CARTESIAN_POINT('',(-0.1,-0.3,6.055738799212));
#9216 = VECTOR('',#9217,1.);
#9217 = DIRECTION('',(0.,0.,1.));
#9218 = ORIENTED_EDGE('',*,*,#9219,.F.);
#9219 = EDGE_CURVE('',#9220,#9212,#9222,.T.);
#9220 = VERTEX_POINT('',#9221);
#9221 = CARTESIAN_POINT('',(0.1,-0.3,7.4));
#9222 = LINE('',#9223,#9224);
#9223 = CARTESIAN_POINT('',(0.1,-0.3,7.4));
#9224 = VECTOR('',#9225,1.);
#9225 = DIRECTION('',(-1.,2.334869823773E-16,0.));
#9226 = ORIENTED_EDGE('',*,*,#9227,.F.);
#9227 = EDGE_CURVE('',#9228,#9220,#9230,.T.);
#9228 = VERTEX_POINT('',#9229);
#9229 = CARTESIAN_POINT('',(0.1,-0.3,0.9));
#9230 = LINE('',#9231,#9232);
#9231 = CARTESIAN_POINT('',(0.1,-0.3,6.055738799212));
#9232 = VECTOR('',#9233,1.);
#9233 = DIRECTION('',(0.,0.,1.));
#9234 = ORIENTED_EDGE('',*,*,#9235,.T.);
#9235 = EDGE_CURVE('',#9228,#9236,#9238,.T.);
#9236 = VERTEX_POINT('',#9237);
#9237 = CARTESIAN_POINT('',(0.3,-0.3,0.9));
#9238 = LINE('',#9239,#9240);
#9239 = CARTESIAN_POINT('',(-0.3,-0.3,0.9));
#9240 = VECTOR('',#9241,1.);
#9241 = DIRECTION('',(1.,-2.334869823773E-16,0.));
#9242 = ORIENTED_EDGE('',*,*,#9243,.F.);
#9243 = EDGE_CURVE('',#7220,#9236,#9244,.T.);
#9244 = LINE('',#9245,#9246);
#9245 = CARTESIAN_POINT('',(0.3,-0.3,8.2));
#9246 = VECTOR('',#9247,1.);
#9247 = DIRECTION('',(0.,0.,-1.));
#9248 = PLANE('',#9249);
#9249 = AXIS2_PLACEMENT_3D('',#9250,#9251,#9252);
#9250 = CARTESIAN_POINT('',(-0.3,-0.3,8.2));
#9251 = DIRECTION('',(-2.334869823773E-16,-1.,0.));
#9252 = DIRECTION('',(1.,-2.334869823773E-16,0.));
#9253 = ADVANCED_FACE('',(#9254),#9272,.F.);
#9254 = FACE_BOUND('',#9255,.F.);
#9255 = EDGE_LOOP('',(#9256,#9257,#9265,#9271));
#9256 = ORIENTED_EDGE('',*,*,#9243,.T.);
#9257 = ORIENTED_EDGE('',*,*,#9258,.T.);
#9258 = EDGE_CURVE('',#9236,#9259,#9261,.T.);
#9259 = VERTEX_POINT('',#9260);
#9260 = CARTESIAN_POINT('',(0.3,0.3,0.9));
#9261 = LINE('',#9262,#9263);
#9262 = CARTESIAN_POINT('',(0.3,-0.3,0.9));
#9263 = VECTOR('',#9264,1.);
#9264 = DIRECTION('',(2.334869823773E-16,1.,0.));
#9265 = ORIENTED_EDGE('',*,*,#9266,.F.);
#9266 = EDGE_CURVE('',#7244,#9259,#9267,.T.);
#9267 = LINE('',#9268,#9269);
#9268 = CARTESIAN_POINT('',(0.3,0.3,8.2));
#9269 = VECTOR('',#9270,1.);
#9270 = DIRECTION('',(0.,0.,-1.));
#9271 = ORIENTED_EDGE('',*,*,#7251,.F.);
#9272 = PLANE('',#9273);
#9273 = AXIS2_PLACEMENT_3D('',#9274,#9275,#9276);
#9274 = CARTESIAN_POINT('',(0.3,-0.3,8.2));
#9275 = DIRECTION('',(1.,-2.334869823773E-16,0.));
#9276 = DIRECTION('',(2.334869823773E-16,1.,0.));
#9277 = ADVANCED_FACE('',(#9278),#9321,.F.);
#9278 = FACE_BOUND('',#9279,.F.);
#9279 = EDGE_LOOP('',(#9280,#9281,#9282,#9290,#9298,#9306,#9314,#9320));
#9280 = ORIENTED_EDGE('',*,*,#7268,.F.);
#9281 = ORIENTED_EDGE('',*,*,#9266,.T.);
#9282 = ORIENTED_EDGE('',*,*,#9283,.T.);
#9283 = EDGE_CURVE('',#9259,#9284,#9286,.T.);
#9284 = VERTEX_POINT('',#9285);
#9285 = CARTESIAN_POINT('',(0.1,0.3,0.9));
#9286 = LINE('',#9287,#9288);
#9287 = CARTESIAN_POINT('',(0.3,0.3,0.9));
#9288 = VECTOR('',#9289,1.);
#9289 = DIRECTION('',(-1.,2.334869823773E-16,0.));
#9290 = ORIENTED_EDGE('',*,*,#9291,.F.);
#9291 = EDGE_CURVE('',#9292,#9284,#9294,.T.);
#9292 = VERTEX_POINT('',#9293);
#9293 = CARTESIAN_POINT('',(0.1,0.3,7.4));
#9294 = LINE('',#9295,#9296);
#9295 = CARTESIAN_POINT('',(0.1,0.3,6.055738799212));
#9296 = VECTOR('',#9297,1.);
#9297 = DIRECTION('',(0.,0.,-1.));
#9298 = ORIENTED_EDGE('',*,*,#9299,.T.);
#9299 = EDGE_CURVE('',#9292,#9300,#9302,.T.);
#9300 = VERTEX_POINT('',#9301);
#9301 = CARTESIAN_POINT('',(-0.1,0.3,7.4));
#9302 = LINE('',#9303,#9304);
#9303 = CARTESIAN_POINT('',(0.1,0.3,7.4));
#9304 = VECTOR('',#9305,1.);
#9305 = DIRECTION('',(-1.,2.334869823773E-16,0.));
#9306 = ORIENTED_EDGE('',*,*,#9307,.T.);
#9307 = EDGE_CURVE('',#9300,#9308,#9310,.T.);
#9308 = VERTEX_POINT('',#9309);
#9309 = CARTESIAN_POINT('',(-0.1,0.3,0.9));
#9310 = LINE('',#9311,#9312);
#9311 = CARTESIAN_POINT('',(-0.1,0.3,6.055738799212));
#9312 = VECTOR('',#9313,1.);
#9313 = DIRECTION('',(0.,0.,-1.));
#9314 = ORIENTED_EDGE('',*,*,#9315,.T.);
#9315 = EDGE_CURVE('',#9308,#9171,#9316,.T.);
#9316 = LINE('',#9317,#9318);
#9317 = CARTESIAN_POINT('',(0.3,0.3,0.9));
#9318 = VECTOR('',#9319,1.);
#9319 = DIRECTION('',(-1.,2.334869823773E-16,0.));
#9320 = ORIENTED_EDGE('',*,*,#9170,.F.);
#9321 = PLANE('',#9322);
#9322 = AXIS2_PLACEMENT_3D('',#9323,#9324,#9325);
#9323 = CARTESIAN_POINT('',(0.3,0.3,8.2));
#9324 = DIRECTION('',(2.334869823773E-16,1.,0.));
#9325 = DIRECTION('',(-1.,2.334869823773E-16,0.));
#9326 = ADVANCED_FACE('',(#9327),#9352,.F.);
#9327 = FACE_BOUND('',#9328,.F.);
#9328 = EDGE_LOOP('',(#9329,#9337,#9345,#9351));
#9329 = ORIENTED_EDGE('',*,*,#9330,.T.);
#9330 = EDGE_CURVE('',#7283,#9331,#9333,.T.);
#9331 = VERTEX_POINT('',#9332);
#9332 = CARTESIAN_POINT('',(-2.24,-7.92,0.9));
#9333 = LINE('',#9334,#9335);
#9334 = CARTESIAN_POINT('',(-2.24,-7.92,8.2));
#9335 = VECTOR('',#9336,1.);
#9336 = DIRECTION('',(0.,-0.,-1.));
#9337 = ORIENTED_EDGE('',*,*,#9338,.T.);
#9338 = EDGE_CURVE('',#9331,#9339,#9341,.T.);
#9339 = VERTEX_POINT('',#9340);
#9340 = CARTESIAN_POINT('',(-2.24,-7.32,0.9));
#9341 = LINE('',#9342,#9343);
#9342 = CARTESIAN_POINT('',(-2.24,-7.92,0.9));
#9343 = VECTOR('',#9344,1.);
#9344 = DIRECTION('',(1.110223024625E-16,1.,0.));
#9345 = ORIENTED_EDGE('',*,*,#9346,.F.);
#9346 = EDGE_CURVE('',#7292,#9339,#9347,.T.);
#9347 = LINE('',#9348,#9349);
#9348 = CARTESIAN_POINT('',(-2.24,-7.32,8.2));
#9349 = VECTOR('',#9350,1.);
#9350 = DIRECTION('',(0.,-0.,-1.));
#9351 = ORIENTED_EDGE('',*,*,#7299,.F.);
#9352 = PLANE('',#9353);
#9353 = AXIS2_PLACEMENT_3D('',#9354,#9355,#9356);
#9354 = CARTESIAN_POINT('',(-2.24,-7.92,8.2));
#9355 = DIRECTION('',(1.,-1.110223024625E-16,0.));
#9356 = DIRECTION('',(1.110223024625E-16,1.,0.));
#9357 = ADVANCED_FACE('',(#9358),#9408,.F.);
#9358 = FACE_BOUND('',#9359,.F.);
#9359 = EDGE_LOOP('',(#9360,#9361,#9362,#9370,#9378,#9386,#9394,#9402));
#9360 = ORIENTED_EDGE('',*,*,#7323,.F.);
#9361 = ORIENTED_EDGE('',*,*,#9346,.T.);
#9362 = ORIENTED_EDGE('',*,*,#9363,.T.);
#9363 = EDGE_CURVE('',#9339,#9364,#9366,.T.);
#9364 = VERTEX_POINT('',#9365);
#9365 = CARTESIAN_POINT('',(-2.44,-7.32,0.9));
#9366 = LINE('',#9367,#9368);
#9367 = CARTESIAN_POINT('',(-2.24,-7.32,0.9));
#9368 = VECTOR('',#9369,1.);
#9369 = DIRECTION('',(-1.,1.110223024625E-16,0.));
#9370 = ORIENTED_EDGE('',*,*,#9371,.T.);
#9371 = EDGE_CURVE('',#9364,#9372,#9374,.T.);
#9372 = VERTEX_POINT('',#9373);
#9373 = CARTESIAN_POINT('',(-2.44,-7.32,7.4));
#9374 = LINE('',#9375,#9376);
#9375 = CARTESIAN_POINT('',(-2.44,-7.32,6.055738799212));
#9376 = VECTOR('',#9377,1.);
#9377 = DIRECTION('',(0.,-0.,1.));
#9378 = ORIENTED_EDGE('',*,*,#9379,.F.);
#9379 = EDGE_CURVE('',#9380,#9372,#9382,.T.);
#9380 = VERTEX_POINT('',#9381);
#9381 = CARTESIAN_POINT('',(-2.64,-7.32,7.4));
#9382 = LINE('',#9383,#9384);
#9383 = CARTESIAN_POINT('',(-2.64,-7.32,7.4));
#9384 = VECTOR('',#9385,1.);
#9385 = DIRECTION('',(1.,-1.110223024625E-16,0.));
#9386 = ORIENTED_EDGE('',*,*,#9387,.F.);
#9387 = EDGE_CURVE('',#9388,#9380,#9390,.T.);
#9388 = VERTEX_POINT('',#9389);
#9389 = CARTESIAN_POINT('',(-2.64,-7.32,0.9));
#9390 = LINE('',#9391,#9392);
#9391 = CARTESIAN_POINT('',(-2.64,-7.32,6.055738799212));
#9392 = VECTOR('',#9393,1.);
#9393 = DIRECTION('',(0.,-0.,1.));
#9394 = ORIENTED_EDGE('',*,*,#9395,.T.);
#9395 = EDGE_CURVE('',#9388,#9396,#9398,.T.);
#9396 = VERTEX_POINT('',#9397);
#9397 = CARTESIAN_POINT('',(-2.84,-7.32,0.9));
#9398 = LINE('',#9399,#9400);
#9399 = CARTESIAN_POINT('',(-2.24,-7.32,0.9));
#9400 = VECTOR('',#9401,1.);
#9401 = DIRECTION('',(-1.,1.110223024625E-16,0.));
#9402 = ORIENTED_EDGE('',*,*,#9403,.F.);
#9403 = EDGE_CURVE('',#7316,#9396,#9404,.T.);
#9404 = LINE('',#9405,#9406);
#9405 = CARTESIAN_POINT('',(-2.84,-7.32,8.2));
#9406 = VECTOR('',#9407,1.);
#9407 = DIRECTION('',(0.,-0.,-1.));
#9408 = PLANE('',#9409);
#9409 = AXIS2_PLACEMENT_3D('',#9410,#9411,#9412);
#9410 = CARTESIAN_POINT('',(-2.24,-7.32,8.2));
#9411 = DIRECTION('',(1.110223024625E-16,1.,0.));
#9412 = DIRECTION('',(-1.,1.110223024625E-16,0.));
#9413 = ADVANCED_FACE('',(#9414),#9432,.F.);
#9414 = FACE_BOUND('',#9415,.F.);
#9415 = EDGE_LOOP('',(#9416,#9417,#9425,#9431));
#9416 = ORIENTED_EDGE('',*,*,#9403,.T.);
#9417 = ORIENTED_EDGE('',*,*,#9418,.T.);
#9418 = EDGE_CURVE('',#9396,#9419,#9421,.T.);
#9419 = VERTEX_POINT('',#9420);
#9420 = CARTESIAN_POINT('',(-2.84,-7.92,0.9));
#9421 = LINE('',#9422,#9423);
#9422 = CARTESIAN_POINT('',(-2.84,-7.32,0.9));
#9423 = VECTOR('',#9424,1.);
#9424 = DIRECTION('',(-1.110223024625E-16,-1.,0.));
#9425 = ORIENTED_EDGE('',*,*,#9426,.F.);
#9426 = EDGE_CURVE('',#7340,#9419,#9427,.T.);
#9427 = LINE('',#9428,#9429);
#9428 = CARTESIAN_POINT('',(-2.84,-7.92,8.2));
#9429 = VECTOR('',#9430,1.);
#9430 = DIRECTION('',(0.,-0.,-1.));
#9431 = ORIENTED_EDGE('',*,*,#7347,.F.);
#9432 = PLANE('',#9433);
#9433 = AXIS2_PLACEMENT_3D('',#9434,#9435,#9436);
#9434 = CARTESIAN_POINT('',(-2.84,-7.32,8.2));
#9435 = DIRECTION('',(-1.,1.110223024625E-16,0.));
#9436 = DIRECTION('',(-1.110223024625E-16,-1.,0.));
#9437 = ADVANCED_FACE('',(#9438),#9481,.F.);
#9438 = FACE_BOUND('',#9439,.F.);
#9439 = EDGE_LOOP('',(#9440,#9441,#9442,#9450,#9458,#9466,#9474,#9480));
#9440 = ORIENTED_EDGE('',*,*,#7364,.F.);
#9441 = ORIENTED_EDGE('',*,*,#9426,.T.);
#9442 = ORIENTED_EDGE('',*,*,#9443,.T.);
#9443 = EDGE_CURVE('',#9419,#9444,#9446,.T.);
#9444 = VERTEX_POINT('',#9445);
#9445 = CARTESIAN_POINT('',(-2.64,-7.92,0.9));
#9446 = LINE('',#9447,#9448);
#9447 = CARTESIAN_POINT('',(-2.84,-7.92,0.9));
#9448 = VECTOR('',#9449,1.);
#9449 = DIRECTION('',(1.,-1.110223024625E-16,0.));
#9450 = ORIENTED_EDGE('',*,*,#9451,.F.);
#9451 = EDGE_CURVE('',#9452,#9444,#9454,.T.);
#9452 = VERTEX_POINT('',#9453);
#9453 = CARTESIAN_POINT('',(-2.64,-7.92,7.4));
#9454 = LINE('',#9455,#9456);
#9455 = CARTESIAN_POINT('',(-2.64,-7.92,6.055738799212));
#9456 = VECTOR('',#9457,1.);
#9457 = DIRECTION('',(-0.,0.,-1.));
#9458 = ORIENTED_EDGE('',*,*,#9459,.T.);
#9459 = EDGE_CURVE('',#9452,#9460,#9462,.T.);
#9460 = VERTEX_POINT('',#9461);
#9461 = CARTESIAN_POINT('',(-2.44,-7.92,7.4));
#9462 = LINE('',#9463,#9464);
#9463 = CARTESIAN_POINT('',(-2.64,-7.92,7.4));
#9464 = VECTOR('',#9465,1.);
#9465 = DIRECTION('',(1.,-1.110223024625E-16,0.));
#9466 = ORIENTED_EDGE('',*,*,#9467,.T.);
#9467 = EDGE_CURVE('',#9460,#9468,#9470,.T.);
#9468 = VERTEX_POINT('',#9469);
#9469 = CARTESIAN_POINT('',(-2.44,-7.92,0.9));
#9470 = LINE('',#9471,#9472);
#9471 = CARTESIAN_POINT('',(-2.44,-7.92,6.055738799212));
#9472 = VECTOR('',#9473,1.);
#9473 = DIRECTION('',(-0.,0.,-1.));
#9474 = ORIENTED_EDGE('',*,*,#9475,.T.);
#9475 = EDGE_CURVE('',#9468,#9331,#9476,.T.);
#9476 = LINE('',#9477,#9478);
#9477 = CARTESIAN_POINT('',(-2.84,-7.92,0.9));
#9478 = VECTOR('',#9479,1.);
#9479 = DIRECTION('',(1.,-1.110223024625E-16,0.));
#9480 = ORIENTED_EDGE('',*,*,#9330,.F.);
#9481 = PLANE('',#9482);
#9482 = AXIS2_PLACEMENT_3D('',#9483,#9484,#9485);
#9483 = CARTESIAN_POINT('',(-2.84,-7.92,8.2));
#9484 = DIRECTION('',(-1.110223024625E-16,-1.,0.));
#9485 = DIRECTION('',(1.,-1.110223024625E-16,0.));
#9486 = ADVANCED_FACE('',(#9487),#9512,.F.);
#9487 = FACE_BOUND('',#9488,.F.);
#9488 = EDGE_LOOP('',(#9489,#9497,#9505,#9511));
#9489 = ORIENTED_EDGE('',*,*,#9490,.T.);
#9490 = EDGE_CURVE('',#7379,#9491,#9493,.T.);
#9491 = VERTEX_POINT('',#9492);
#9492 = CARTESIAN_POINT('',(-2.24,-5.38,0.9));
#9493 = LINE('',#9494,#9495);
#9494 = CARTESIAN_POINT('',(-2.24,-5.38,8.2));
#9495 = VECTOR('',#9496,1.);
#9496 = DIRECTION('',(0.,-0.,-1.));
#9497 = ORIENTED_EDGE('',*,*,#9498,.T.);
#9498 = EDGE_CURVE('',#9491,#9499,#9501,.T.);
#9499 = VERTEX_POINT('',#9500);
#9500 = CARTESIAN_POINT('',(-2.24,-4.78,0.9));
#9501 = LINE('',#9502,#9503);
#9502 = CARTESIAN_POINT('',(-2.24,-5.38,0.9));
#9503 = VECTOR('',#9504,1.);
#9504 = DIRECTION('',(1.110223024625E-16,1.,0.));
#9505 = ORIENTED_EDGE('',*,*,#9506,.F.);
#9506 = EDGE_CURVE('',#7388,#9499,#9507,.T.);
#9507 = LINE('',#9508,#9509);
#9508 = CARTESIAN_POINT('',(-2.24,-4.78,8.2));
#9509 = VECTOR('',#9510,1.);
#9510 = DIRECTION('',(0.,-0.,-1.));
#9511 = ORIENTED_EDGE('',*,*,#7395,.F.);
#9512 = PLANE('',#9513);
#9513 = AXIS2_PLACEMENT_3D('',#9514,#9515,#9516);
#9514 = CARTESIAN_POINT('',(-2.24,-5.38,8.2));
#9515 = DIRECTION('',(1.,-1.110223024625E-16,0.));
#9516 = DIRECTION('',(1.110223024625E-16,1.,0.));
#9517 = ADVANCED_FACE('',(#9518),#9568,.F.);
#9518 = FACE_BOUND('',#9519,.F.);
#9519 = EDGE_LOOP('',(#9520,#9521,#9522,#9530,#9538,#9546,#9554,#9562));
#9520 = ORIENTED_EDGE('',*,*,#7419,.F.);
#9521 = ORIENTED_EDGE('',*,*,#9506,.T.);
#9522 = ORIENTED_EDGE('',*,*,#9523,.T.);
#9523 = EDGE_CURVE('',#9499,#9524,#9526,.T.);
#9524 = VERTEX_POINT('',#9525);
#9525 = CARTESIAN_POINT('',(-2.44,-4.78,0.9));
#9526 = LINE('',#9527,#9528);
#9527 = CARTESIAN_POINT('',(-2.24,-4.78,0.9));
#9528 = VECTOR('',#9529,1.);
#9529 = DIRECTION('',(-1.,1.110223024625E-16,0.));
#9530 = ORIENTED_EDGE('',*,*,#9531,.T.);
#9531 = EDGE_CURVE('',#9524,#9532,#9534,.T.);
#9532 = VERTEX_POINT('',#9533);
#9533 = CARTESIAN_POINT('',(-2.44,-4.78,7.4));
#9534 = LINE('',#9535,#9536);
#9535 = CARTESIAN_POINT('',(-2.44,-4.78,6.055738799212));
#9536 = VECTOR('',#9537,1.);
#9537 = DIRECTION('',(0.,-0.,1.));
#9538 = ORIENTED_EDGE('',*,*,#9539,.F.);
#9539 = EDGE_CURVE('',#9540,#9532,#9542,.T.);
#9540 = VERTEX_POINT('',#9541);
#9541 = CARTESIAN_POINT('',(-2.64,-4.78,7.4));
#9542 = LINE('',#9543,#9544);
#9543 = CARTESIAN_POINT('',(-2.64,-4.78,7.4));
#9544 = VECTOR('',#9545,1.);
#9545 = DIRECTION('',(1.,-1.110223024625E-16,0.));
#9546 = ORIENTED_EDGE('',*,*,#9547,.F.);
#9547 = EDGE_CURVE('',#9548,#9540,#9550,.T.);
#9548 = VERTEX_POINT('',#9549);
#9549 = CARTESIAN_POINT('',(-2.64,-4.78,0.9));
#9550 = LINE('',#9551,#9552);
#9551 = CARTESIAN_POINT('',(-2.64,-4.78,6.055738799212));
#9552 = VECTOR('',#9553,1.);
#9553 = DIRECTION('',(0.,-0.,1.));
#9554 = ORIENTED_EDGE('',*,*,#9555,.T.);
#9555 = EDGE_CURVE('',#9548,#9556,#9558,.T.);
#9556 = VERTEX_POINT('',#9557);
#9557 = CARTESIAN_POINT('',(-2.84,-4.78,0.9));
#9558 = LINE('',#9559,#9560);
#9559 = CARTESIAN_POINT('',(-2.24,-4.78,0.9));
#9560 = VECTOR('',#9561,1.);
#9561 = DIRECTION('',(-1.,1.110223024625E-16,0.));
#9562 = ORIENTED_EDGE('',*,*,#9563,.F.);
#9563 = EDGE_CURVE('',#7412,#9556,#9564,.T.);
#9564 = LINE('',#9565,#9566);
#9565 = CARTESIAN_POINT('',(-2.84,-4.78,8.2));
#9566 = VECTOR('',#9567,1.);
#9567 = DIRECTION('',(0.,-0.,-1.));
#9568 = PLANE('',#9569);
#9569 = AXIS2_PLACEMENT_3D('',#9570,#9571,#9572);
#9570 = CARTESIAN_POINT('',(-2.24,-4.78,8.2));
#9571 = DIRECTION('',(1.110223024625E-16,1.,0.));
#9572 = DIRECTION('',(-1.,1.110223024625E-16,0.));
#9573 = ADVANCED_FACE('',(#9574),#9592,.F.);
#9574 = FACE_BOUND('',#9575,.F.);
#9575 = EDGE_LOOP('',(#9576,#9577,#9585,#9591));
#9576 = ORIENTED_EDGE('',*,*,#9563,.T.);
#9577 = ORIENTED_EDGE('',*,*,#9578,.T.);
#9578 = EDGE_CURVE('',#9556,#9579,#9581,.T.);
#9579 = VERTEX_POINT('',#9580);
#9580 = CARTESIAN_POINT('',(-2.84,-5.38,0.9));
#9581 = LINE('',#9582,#9583);
#9582 = CARTESIAN_POINT('',(-2.84,-4.78,0.9));
#9583 = VECTOR('',#9584,1.);
#9584 = DIRECTION('',(-1.110223024625E-16,-1.,0.));
#9585 = ORIENTED_EDGE('',*,*,#9586,.F.);
#9586 = EDGE_CURVE('',#7436,#9579,#9587,.T.);
#9587 = LINE('',#9588,#9589);
#9588 = CARTESIAN_POINT('',(-2.84,-5.38,8.2));
#9589 = VECTOR('',#9590,1.);
#9590 = DIRECTION('',(0.,-0.,-1.));
#9591 = ORIENTED_EDGE('',*,*,#7443,.F.);
#9592 = PLANE('',#9593);
#9593 = AXIS2_PLACEMENT_3D('',#9594,#9595,#9596);
#9594 = CARTESIAN_POINT('',(-2.84,-4.78,8.2));
#9595 = DIRECTION('',(-1.,1.110223024625E-16,0.));
#9596 = DIRECTION('',(-1.110223024625E-16,-1.,0.));
#9597 = ADVANCED_FACE('',(#9598),#9641,.F.);
#9598 = FACE_BOUND('',#9599,.F.);
#9599 = EDGE_LOOP('',(#9600,#9601,#9602,#9610,#9618,#9626,#9634,#9640));
#9600 = ORIENTED_EDGE('',*,*,#7460,.F.);
#9601 = ORIENTED_EDGE('',*,*,#9586,.T.);
#9602 = ORIENTED_EDGE('',*,*,#9603,.T.);
#9603 = EDGE_CURVE('',#9579,#9604,#9606,.T.);
#9604 = VERTEX_POINT('',#9605);
#9605 = CARTESIAN_POINT('',(-2.64,-5.38,0.9));
#9606 = LINE('',#9607,#9608);
#9607 = CARTESIAN_POINT('',(-2.84,-5.38,0.9));
#9608 = VECTOR('',#9609,1.);
#9609 = DIRECTION('',(1.,-1.110223024625E-16,0.));
#9610 = ORIENTED_EDGE('',*,*,#9611,.F.);
#9611 = EDGE_CURVE('',#9612,#9604,#9614,.T.);
#9612 = VERTEX_POINT('',#9613);
#9613 = CARTESIAN_POINT('',(-2.64,-5.38,7.4));
#9614 = LINE('',#9615,#9616);
#9615 = CARTESIAN_POINT('',(-2.64,-5.38,6.055738799212));
#9616 = VECTOR('',#9617,1.);
#9617 = DIRECTION('',(-0.,0.,-1.));
#9618 = ORIENTED_EDGE('',*,*,#9619,.T.);
#9619 = EDGE_CURVE('',#9612,#9620,#9622,.T.);
#9620 = VERTEX_POINT('',#9621);
#9621 = CARTESIAN_POINT('',(-2.44,-5.38,7.4));
#9622 = LINE('',#9623,#9624);
#9623 = CARTESIAN_POINT('',(-2.64,-5.38,7.4));
#9624 = VECTOR('',#9625,1.);
#9625 = DIRECTION('',(1.,-1.110223024625E-16,0.));
#9626 = ORIENTED_EDGE('',*,*,#9627,.T.);
#9627 = EDGE_CURVE('',#9620,#9628,#9630,.T.);
#9628 = VERTEX_POINT('',#9629);
#9629 = CARTESIAN_POINT('',(-2.44,-5.38,0.9));
#9630 = LINE('',#9631,#9632);
#9631 = CARTESIAN_POINT('',(-2.44,-5.38,6.055738799212));
#9632 = VECTOR('',#9633,1.);
#9633 = DIRECTION('',(-0.,0.,-1.));
#9634 = ORIENTED_EDGE('',*,*,#9635,.T.);
#9635 = EDGE_CURVE('',#9628,#9491,#9636,.T.);
#9636 = LINE('',#9637,#9638);
#9637 = CARTESIAN_POINT('',(-2.84,-5.38,0.9));
#9638 = VECTOR('',#9639,1.);
#9639 = DIRECTION('',(1.,-1.110223024625E-16,0.));
#9640 = ORIENTED_EDGE('',*,*,#9490,.F.);
#9641 = PLANE('',#9642);
#9642 = AXIS2_PLACEMENT_3D('',#9643,#9644,#9645);
#9643 = CARTESIAN_POINT('',(-2.84,-5.38,8.2));
#9644 = DIRECTION('',(-1.110223024625E-16,-1.,0.));
#9645 = DIRECTION('',(1.,-1.110223024625E-16,0.));
#9646 = ADVANCED_FACE('',(#9647),#9672,.F.);
#9647 = FACE_BOUND('',#9648,.F.);
#9648 = EDGE_LOOP('',(#9649,#9657,#9665,#9671));
#9649 = ORIENTED_EDGE('',*,*,#9650,.T.);
#9650 = EDGE_CURVE('',#7475,#9651,#9653,.T.);
#9651 = VERTEX_POINT('',#9652);
#9652 = CARTESIAN_POINT('',(-2.24,-2.84,0.9));
#9653 = LINE('',#9654,#9655);
#9654 = CARTESIAN_POINT('',(-2.24,-2.84,8.2));
#9655 = VECTOR('',#9656,1.);
#9656 = DIRECTION('',(0.,-0.,-1.));
#9657 = ORIENTED_EDGE('',*,*,#9658,.T.);
#9658 = EDGE_CURVE('',#9651,#9659,#9661,.T.);
#9659 = VERTEX_POINT('',#9660);
#9660 = CARTESIAN_POINT('',(-2.24,-2.24,0.9));
#9661 = LINE('',#9662,#9663);
#9662 = CARTESIAN_POINT('',(-2.24,-2.84,0.9));
#9663 = VECTOR('',#9664,1.);
#9664 = DIRECTION('',(1.110223024625E-16,1.,0.));
#9665 = ORIENTED_EDGE('',*,*,#9666,.F.);
#9666 = EDGE_CURVE('',#7484,#9659,#9667,.T.);
#9667 = LINE('',#9668,#9669);
#9668 = CARTESIAN_POINT('',(-2.24,-2.24,8.2));
#9669 = VECTOR('',#9670,1.);
#9670 = DIRECTION('',(0.,-0.,-1.));
#9671 = ORIENTED_EDGE('',*,*,#7491,.F.);
#9672 = PLANE('',#9673);
#9673 = AXIS2_PLACEMENT_3D('',#9674,#9675,#9676);
#9674 = CARTESIAN_POINT('',(-2.24,-2.84,8.2));
#9675 = DIRECTION('',(1.,-1.110223024625E-16,0.));
#9676 = DIRECTION('',(1.110223024625E-16,1.,0.));
#9677 = ADVANCED_FACE('',(#9678),#9728,.F.);
#9678 = FACE_BOUND('',#9679,.F.);
#9679 = EDGE_LOOP('',(#9680,#9681,#9682,#9690,#9698,#9706,#9714,#9722));
#9680 = ORIENTED_EDGE('',*,*,#7515,.F.);
#9681 = ORIENTED_EDGE('',*,*,#9666,.T.);
#9682 = ORIENTED_EDGE('',*,*,#9683,.T.);
#9683 = EDGE_CURVE('',#9659,#9684,#9686,.T.);
#9684 = VERTEX_POINT('',#9685);
#9685 = CARTESIAN_POINT('',(-2.44,-2.24,0.9));
#9686 = LINE('',#9687,#9688);
#9687 = CARTESIAN_POINT('',(-2.24,-2.24,0.9));
#9688 = VECTOR('',#9689,1.);
#9689 = DIRECTION('',(-1.,1.110223024625E-16,0.));
#9690 = ORIENTED_EDGE('',*,*,#9691,.T.);
#9691 = EDGE_CURVE('',#9684,#9692,#9694,.T.);
#9692 = VERTEX_POINT('',#9693);
#9693 = CARTESIAN_POINT('',(-2.44,-2.24,7.4));
#9694 = LINE('',#9695,#9696);
#9695 = CARTESIAN_POINT('',(-2.44,-2.24,6.055738799212));
#9696 = VECTOR('',#9697,1.);
#9697 = DIRECTION('',(0.,-0.,1.));
#9698 = ORIENTED_EDGE('',*,*,#9699,.F.);
#9699 = EDGE_CURVE('',#9700,#9692,#9702,.T.);
#9700 = VERTEX_POINT('',#9701);
#9701 = CARTESIAN_POINT('',(-2.64,-2.24,7.4));
#9702 = LINE('',#9703,#9704);
#9703 = CARTESIAN_POINT('',(-2.64,-2.24,7.4));
#9704 = VECTOR('',#9705,1.);
#9705 = DIRECTION('',(1.,-1.110223024625E-16,0.));
#9706 = ORIENTED_EDGE('',*,*,#9707,.F.);
#9707 = EDGE_CURVE('',#9708,#9700,#9710,.T.);
#9708 = VERTEX_POINT('',#9709);
#9709 = CARTESIAN_POINT('',(-2.64,-2.24,0.9));
#9710 = LINE('',#9711,#9712);
#9711 = CARTESIAN_POINT('',(-2.64,-2.24,6.055738799212));
#9712 = VECTOR('',#9713,1.);
#9713 = DIRECTION('',(0.,-0.,1.));
#9714 = ORIENTED_EDGE('',*,*,#9715,.T.);
#9715 = EDGE_CURVE('',#9708,#9716,#9718,.T.);
#9716 = VERTEX_POINT('',#9717);
#9717 = CARTESIAN_POINT('',(-2.84,-2.24,0.9));
#9718 = LINE('',#9719,#9720);
#9719 = CARTESIAN_POINT('',(-2.24,-2.24,0.9));
#9720 = VECTOR('',#9721,1.);
#9721 = DIRECTION('',(-1.,1.110223024625E-16,0.));
#9722 = ORIENTED_EDGE('',*,*,#9723,.F.);
#9723 = EDGE_CURVE('',#7508,#9716,#9724,.T.);
#9724 = LINE('',#9725,#9726);
#9725 = CARTESIAN_POINT('',(-2.84,-2.24,8.2));
#9726 = VECTOR('',#9727,1.);
#9727 = DIRECTION('',(0.,-0.,-1.));
#9728 = PLANE('',#9729);
#9729 = AXIS2_PLACEMENT_3D('',#9730,#9731,#9732);
#9730 = CARTESIAN_POINT('',(-2.24,-2.24,8.2));
#9731 = DIRECTION('',(1.110223024625E-16,1.,0.));
#9732 = DIRECTION('',(-1.,1.110223024625E-16,0.));
#9733 = ADVANCED_FACE('',(#9734),#9752,.F.);
#9734 = FACE_BOUND('',#9735,.F.);
#9735 = EDGE_LOOP('',(#9736,#9737,#9745,#9751));
#9736 = ORIENTED_EDGE('',*,*,#9723,.T.);
#9737 = ORIENTED_EDGE('',*,*,#9738,.T.);
#9738 = EDGE_CURVE('',#9716,#9739,#9741,.T.);
#9739 = VERTEX_POINT('',#9740);
#9740 = CARTESIAN_POINT('',(-2.84,-2.84,0.9));
#9741 = LINE('',#9742,#9743);
#9742 = CARTESIAN_POINT('',(-2.84,-2.24,0.9));
#9743 = VECTOR('',#9744,1.);
#9744 = DIRECTION('',(-1.110223024625E-16,-1.,0.));
#9745 = ORIENTED_EDGE('',*,*,#9746,.F.);
#9746 = EDGE_CURVE('',#7532,#9739,#9747,.T.);
#9747 = LINE('',#9748,#9749);
#9748 = CARTESIAN_POINT('',(-2.84,-2.84,8.2));
#9749 = VECTOR('',#9750,1.);
#9750 = DIRECTION('',(0.,-0.,-1.));
#9751 = ORIENTED_EDGE('',*,*,#7539,.F.);
#9752 = PLANE('',#9753);
#9753 = AXIS2_PLACEMENT_3D('',#9754,#9755,#9756);
#9754 = CARTESIAN_POINT('',(-2.84,-2.24,8.2));
#9755 = DIRECTION('',(-1.,1.110223024625E-16,0.));
#9756 = DIRECTION('',(-1.110223024625E-16,-1.,0.));
#9757 = ADVANCED_FACE('',(#9758),#9801,.F.);
#9758 = FACE_BOUND('',#9759,.F.);
#9759 = EDGE_LOOP('',(#9760,#9761,#9762,#9770,#9778,#9786,#9794,#9800));
#9760 = ORIENTED_EDGE('',*,*,#7556,.F.);
#9761 = ORIENTED_EDGE('',*,*,#9746,.T.);
#9762 = ORIENTED_EDGE('',*,*,#9763,.T.);
#9763 = EDGE_CURVE('',#9739,#9764,#9766,.T.);
#9764 = VERTEX_POINT('',#9765);
#9765 = CARTESIAN_POINT('',(-2.64,-2.84,0.9));
#9766 = LINE('',#9767,#9768);
#9767 = CARTESIAN_POINT('',(-2.84,-2.84,0.9));
#9768 = VECTOR('',#9769,1.);
#9769 = DIRECTION('',(1.,-1.110223024625E-16,0.));
#9770 = ORIENTED_EDGE('',*,*,#9771,.F.);
#9771 = EDGE_CURVE('',#9772,#9764,#9774,.T.);
#9772 = VERTEX_POINT('',#9773);
#9773 = CARTESIAN_POINT('',(-2.64,-2.84,7.4));
#9774 = LINE('',#9775,#9776);
#9775 = CARTESIAN_POINT('',(-2.64,-2.84,6.055738799212));
#9776 = VECTOR('',#9777,1.);
#9777 = DIRECTION('',(-0.,0.,-1.));
#9778 = ORIENTED_EDGE('',*,*,#9779,.T.);
#9779 = EDGE_CURVE('',#9772,#9780,#9782,.T.);
#9780 = VERTEX_POINT('',#9781);
#9781 = CARTESIAN_POINT('',(-2.44,-2.84,7.4));
#9782 = LINE('',#9783,#9784);
#9783 = CARTESIAN_POINT('',(-2.64,-2.84,7.4));
#9784 = VECTOR('',#9785,1.);
#9785 = DIRECTION('',(1.,-1.110223024625E-16,0.));
#9786 = ORIENTED_EDGE('',*,*,#9787,.T.);
#9787 = EDGE_CURVE('',#9780,#9788,#9790,.T.);
#9788 = VERTEX_POINT('',#9789);
#9789 = CARTESIAN_POINT('',(-2.44,-2.84,0.9));
#9790 = LINE('',#9791,#9792);
#9791 = CARTESIAN_POINT('',(-2.44,-2.84,6.055738799212));
#9792 = VECTOR('',#9793,1.);
#9793 = DIRECTION('',(-0.,0.,-1.));
#9794 = ORIENTED_EDGE('',*,*,#9795,.T.);
#9795 = EDGE_CURVE('',#9788,#9651,#9796,.T.);
#9796 = LINE('',#9797,#9798);
#9797 = CARTESIAN_POINT('',(-2.84,-2.84,0.9));
#9798 = VECTOR('',#9799,1.);
#9799 = DIRECTION('',(1.,-1.110223024625E-16,0.));
#9800 = ORIENTED_EDGE('',*,*,#9650,.F.);
#9801 = PLANE('',#9802);
#9802 = AXIS2_PLACEMENT_3D('',#9803,#9804,#9805);
#9803 = CARTESIAN_POINT('',(-2.84,-2.84,8.2));
#9804 = DIRECTION('',(-1.110223024625E-16,-1.,0.));
#9805 = DIRECTION('',(1.,-1.110223024625E-16,0.));
#9806 = ADVANCED_FACE('',(#9807),#9832,.F.);
#9807 = FACE_BOUND('',#9808,.F.);
#9808 = EDGE_LOOP('',(#9809,#9817,#9825,#9831));
#9809 = ORIENTED_EDGE('',*,*,#9810,.T.);
#9810 = EDGE_CURVE('',#7571,#9811,#9813,.T.);
#9811 = VERTEX_POINT('',#9812);
#9812 = CARTESIAN_POINT('',(-2.24,-0.3,0.9));
#9813 = LINE('',#9814,#9815);
#9814 = CARTESIAN_POINT('',(-2.24,-0.3,8.2));
#9815 = VECTOR('',#9816,1.);
#9816 = DIRECTION('',(0.,-0.,-1.));
#9817 = ORIENTED_EDGE('',*,*,#9818,.T.);
#9818 = EDGE_CURVE('',#9811,#9819,#9821,.T.);
#9819 = VERTEX_POINT('',#9820);
#9820 = CARTESIAN_POINT('',(-2.24,0.3,0.9));
#9821 = LINE('',#9822,#9823);
#9822 = CARTESIAN_POINT('',(-2.24,-0.3,0.9));
#9823 = VECTOR('',#9824,1.);
#9824 = DIRECTION('',(1.110223024625E-16,1.,0.));
#9825 = ORIENTED_EDGE('',*,*,#9826,.F.);
#9826 = EDGE_CURVE('',#7580,#9819,#9827,.T.);
#9827 = LINE('',#9828,#9829);
#9828 = CARTESIAN_POINT('',(-2.24,0.3,8.2));
#9829 = VECTOR('',#9830,1.);
#9830 = DIRECTION('',(0.,-0.,-1.));
#9831 = ORIENTED_EDGE('',*,*,#7587,.F.);
#9832 = PLANE('',#9833);
#9833 = AXIS2_PLACEMENT_3D('',#9834,#9835,#9836);
#9834 = CARTESIAN_POINT('',(-2.24,-0.3,8.2));
#9835 = DIRECTION('',(1.,-1.110223024625E-16,0.));
#9836 = DIRECTION('',(1.110223024625E-16,1.,0.));
#9837 = ADVANCED_FACE('',(#9838),#9888,.F.);
#9838 = FACE_BOUND('',#9839,.F.);
#9839 = EDGE_LOOP('',(#9840,#9841,#9842,#9850,#9858,#9866,#9874,#9882));
#9840 = ORIENTED_EDGE('',*,*,#7611,.F.);
#9841 = ORIENTED_EDGE('',*,*,#9826,.T.);
#9842 = ORIENTED_EDGE('',*,*,#9843,.T.);
#9843 = EDGE_CURVE('',#9819,#9844,#9846,.T.);
#9844 = VERTEX_POINT('',#9845);
#9845 = CARTESIAN_POINT('',(-2.44,0.3,0.9));
#9846 = LINE('',#9847,#9848);
#9847 = CARTESIAN_POINT('',(-2.24,0.3,0.9));
#9848 = VECTOR('',#9849,1.);
#9849 = DIRECTION('',(-1.,1.110223024625E-16,0.));
#9850 = ORIENTED_EDGE('',*,*,#9851,.T.);
#9851 = EDGE_CURVE('',#9844,#9852,#9854,.T.);
#9852 = VERTEX_POINT('',#9853);
#9853 = CARTESIAN_POINT('',(-2.44,0.3,7.4));
#9854 = LINE('',#9855,#9856);
#9855 = CARTESIAN_POINT('',(-2.44,0.3,6.055738799212));
#9856 = VECTOR('',#9857,1.);
#9857 = DIRECTION('',(0.,-0.,1.));
#9858 = ORIENTED_EDGE('',*,*,#9859,.F.);
#9859 = EDGE_CURVE('',#9860,#9852,#9862,.T.);
#9860 = VERTEX_POINT('',#9861);
#9861 = CARTESIAN_POINT('',(-2.64,0.3,7.4));
#9862 = LINE('',#9863,#9864);
#9863 = CARTESIAN_POINT('',(-2.64,0.3,7.4));
#9864 = VECTOR('',#9865,1.);
#9865 = DIRECTION('',(1.,-1.110223024625E-16,0.));
#9866 = ORIENTED_EDGE('',*,*,#9867,.F.);
#9867 = EDGE_CURVE('',#9868,#9860,#9870,.T.);
#9868 = VERTEX_POINT('',#9869);
#9869 = CARTESIAN_POINT('',(-2.64,0.3,0.9));
#9870 = LINE('',#9871,#9872);
#9871 = CARTESIAN_POINT('',(-2.64,0.3,6.055738799212));
#9872 = VECTOR('',#9873,1.);
#9873 = DIRECTION('',(0.,-0.,1.));
#9874 = ORIENTED_EDGE('',*,*,#9875,.T.);
#9875 = EDGE_CURVE('',#9868,#9876,#9878,.T.);
#9876 = VERTEX_POINT('',#9877);
#9877 = CARTESIAN_POINT('',(-2.84,0.3,0.9));
#9878 = LINE('',#9879,#9880);
#9879 = CARTESIAN_POINT('',(-2.24,0.3,0.9));
#9880 = VECTOR('',#9881,1.);
#9881 = DIRECTION('',(-1.,1.110223024625E-16,0.));
#9882 = ORIENTED_EDGE('',*,*,#9883,.F.);
#9883 = EDGE_CURVE('',#7604,#9876,#9884,.T.);
#9884 = LINE('',#9885,#9886);
#9885 = CARTESIAN_POINT('',(-2.84,0.3,8.2));
#9886 = VECTOR('',#9887,1.);
#9887 = DIRECTION('',(0.,-0.,-1.));
#9888 = PLANE('',#9889);
#9889 = AXIS2_PLACEMENT_3D('',#9890,#9891,#9892);
#9890 = CARTESIAN_POINT('',(-2.24,0.3,8.2));
#9891 = DIRECTION('',(1.110223024625E-16,1.,0.));
#9892 = DIRECTION('',(-1.,1.110223024625E-16,0.));
#9893 = ADVANCED_FACE('',(#9894),#9912,.F.);
#9894 = FACE_BOUND('',#9895,.F.);
#9895 = EDGE_LOOP('',(#9896,#9897,#9905,#9911));
#9896 = ORIENTED_EDGE('',*,*,#9883,.T.);
#9897 = ORIENTED_EDGE('',*,*,#9898,.T.);
#9898 = EDGE_CURVE('',#9876,#9899,#9901,.T.);
#9899 = VERTEX_POINT('',#9900);
#9900 = CARTESIAN_POINT('',(-2.84,-0.3,0.9));
#9901 = LINE('',#9902,#9903);
#9902 = CARTESIAN_POINT('',(-2.84,0.3,0.9));
#9903 = VECTOR('',#9904,1.);
#9904 = DIRECTION('',(-1.110223024625E-16,-1.,0.));
#9905 = ORIENTED_EDGE('',*,*,#9906,.F.);
#9906 = EDGE_CURVE('',#7628,#9899,#9907,.T.);
#9907 = LINE('',#9908,#9909);
#9908 = CARTESIAN_POINT('',(-2.84,-0.3,8.2));
#9909 = VECTOR('',#9910,1.);
#9910 = DIRECTION('',(0.,-0.,-1.));
#9911 = ORIENTED_EDGE('',*,*,#7635,.F.);
#9912 = PLANE('',#9913);
#9913 = AXIS2_PLACEMENT_3D('',#9914,#9915,#9916);
#9914 = CARTESIAN_POINT('',(-2.84,0.3,8.2));
#9915 = DIRECTION('',(-1.,1.110223024625E-16,0.));
#9916 = DIRECTION('',(-1.110223024625E-16,-1.,0.));
#9917 = ADVANCED_FACE('',(#9918),#9961,.F.);
#9918 = FACE_BOUND('',#9919,.F.);
#9919 = EDGE_LOOP('',(#9920,#9921,#9922,#9930,#9938,#9946,#9954,#9960));
#9920 = ORIENTED_EDGE('',*,*,#7652,.F.);
#9921 = ORIENTED_EDGE('',*,*,#9906,.T.);
#9922 = ORIENTED_EDGE('',*,*,#9923,.T.);
#9923 = EDGE_CURVE('',#9899,#9924,#9926,.T.);
#9924 = VERTEX_POINT('',#9925);
#9925 = CARTESIAN_POINT('',(-2.64,-0.3,0.9));
#9926 = LINE('',#9927,#9928);
#9927 = CARTESIAN_POINT('',(-2.84,-0.3,0.9));
#9928 = VECTOR('',#9929,1.);
#9929 = DIRECTION('',(1.,-1.110223024625E-16,0.));
#9930 = ORIENTED_EDGE('',*,*,#9931,.F.);
#9931 = EDGE_CURVE('',#9932,#9924,#9934,.T.);
#9932 = VERTEX_POINT('',#9933);
#9933 = CARTESIAN_POINT('',(-2.64,-0.3,7.4));
#9934 = LINE('',#9935,#9936);
#9935 = CARTESIAN_POINT('',(-2.64,-0.3,6.055738799212));
#9936 = VECTOR('',#9937,1.);
#9937 = DIRECTION('',(-0.,0.,-1.));
#9938 = ORIENTED_EDGE('',*,*,#9939,.T.);
#9939 = EDGE_CURVE('',#9932,#9940,#9942,.T.);
#9940 = VERTEX_POINT('',#9941);
#9941 = CARTESIAN_POINT('',(-2.44,-0.3,7.4));
#9942 = LINE('',#9943,#9944);
#9943 = CARTESIAN_POINT('',(-2.64,-0.3,7.4));
#9944 = VECTOR('',#9945,1.);
#9945 = DIRECTION('',(1.,-1.110223024625E-16,0.));
#9946 = ORIENTED_EDGE('',*,*,#9947,.T.);
#9947 = EDGE_CURVE('',#9940,#9948,#9950,.T.);
#9948 = VERTEX_POINT('',#9949);
#9949 = CARTESIAN_POINT('',(-2.44,-0.3,0.9));
#9950 = LINE('',#9951,#9952);
#9951 = CARTESIAN_POINT('',(-2.44,-0.3,6.055738799212));
#9952 = VECTOR('',#9953,1.);
#9953 = DIRECTION('',(-0.,0.,-1.));
#9954 = ORIENTED_EDGE('',*,*,#9955,.T.);
#9955 = EDGE_CURVE('',#9948,#9811,#9956,.T.);
#9956 = LINE('',#9957,#9958);
#9957 = CARTESIAN_POINT('',(-2.84,-0.3,0.9));
#9958 = VECTOR('',#9959,1.);
#9959 = DIRECTION('',(1.,-1.110223024625E-16,0.));
#9960 = ORIENTED_EDGE('',*,*,#9810,.F.);
#9961 = PLANE('',#9962);
#9962 = AXIS2_PLACEMENT_3D('',#9963,#9964,#9965);
#9963 = CARTESIAN_POINT('',(-2.84,-0.3,8.2));
#9964 = DIRECTION('',(-1.110223024625E-16,-1.,0.));
#9965 = DIRECTION('',(1.,-1.110223024625E-16,0.));
#9966 = ADVANCED_FACE('',(#9967),#9978,.T.);
#9967 = FACE_BOUND('',#9968,.T.);
#9968 = EDGE_LOOP('',(#9969,#9975,#9976,#9977));
#9969 = ORIENTED_EDGE('',*,*,#9970,.T.);
#9970 = EDGE_CURVE('',#7748,#7684,#9971,.T.);
#9971 = LINE('',#9972,#9973);
#9972 = CARTESIAN_POINT('',(0.1,-7.32,-2.5));
#9973 = VECTOR('',#9974,1.);
#9974 = DIRECTION('',(-1.,2.334869823773E-16,0.));
#9975 = ORIENTED_EDGE('',*,*,#7683,.T.);
#9976 = ORIENTED_EDGE('',*,*,#7668,.F.);
#9977 = ORIENTED_EDGE('',*,*,#7747,.F.);
#9978 = PLANE('',#9979);
#9979 = AXIS2_PLACEMENT_3D('',#9980,#9981,#9982);
#9980 = CARTESIAN_POINT('',(0.1,-7.32,-2.5));
#9981 = DIRECTION('',(2.334869823773E-16,1.,0.));
#9982 = DIRECTION('',(0.,-0.,1.));
#9983 = ADVANCED_FACE('',(#9984),#9995,.T.);
#9984 = FACE_BOUND('',#9985,.T.);
#9985 = EDGE_LOOP('',(#9986,#9992,#9993,#9994));
#9986 = ORIENTED_EDGE('',*,*,#9987,.T.);
#9987 = EDGE_CURVE('',#7773,#7709,#9988,.T.);
#9988 = LINE('',#9989,#9990);
#9989 = CARTESIAN_POINT('',(0.1,-7.47,-3.1));
#9990 = VECTOR('',#9991,1.);
#9991 = DIRECTION('',(-1.,2.334869823773E-16,0.));
#9992 = ORIENTED_EDGE('',*,*,#7716,.T.);
#9993 = ORIENTED_EDGE('',*,*,#9970,.F.);
#9994 = ORIENTED_EDGE('',*,*,#7780,.F.);
#9995 = PLANE('',#9996);
#9996 = AXIS2_PLACEMENT_3D('',#9997,#9998,#9999);
#9997 = CARTESIAN_POINT('',(0.1,-7.47,-3.1));
#9998 = DIRECTION('',(2.26515644835E-16,0.970142500145,-0.242535625036)
  );
#9999 = DIRECTION('',(5.662891120873E-17,0.242535625036,0.970142500145)
  );
#10000 = ADVANCED_FACE('',(#10001),#10012,.T.);
#10001 = FACE_BOUND('',#10002,.T.);
#10002 = EDGE_LOOP('',(#10003,#10009,#10010,#10011));
#10003 = ORIENTED_EDGE('',*,*,#10004,.T.);
#10004 = EDGE_CURVE('',#7765,#7701,#10005,.T.);
#10005 = LINE('',#10006,#10007);
#10006 = CARTESIAN_POINT('',(0.1,-7.77,-3.1));
#10007 = VECTOR('',#10008,1.);
#10008 = DIRECTION('',(-1.,2.334869823773E-16,0.));
#10009 = ORIENTED_EDGE('',*,*,#7708,.T.);
#10010 = ORIENTED_EDGE('',*,*,#9987,.F.);
#10011 = ORIENTED_EDGE('',*,*,#7772,.T.);
#10012 = PLANE('',#10013);
#10013 = AXIS2_PLACEMENT_3D('',#10014,#10015,#10016);
#10014 = CARTESIAN_POINT('',(0.1,-7.77,-3.1));
#10015 = DIRECTION('',(0.,0.,-1.));
#10016 = DIRECTION('',(2.334869823773E-16,1.,0.));
#10017 = ADVANCED_FACE('',(#10018),#10029,.T.);
#10018 = FACE_BOUND('',#10019,.T.);
#10019 = EDGE_LOOP('',(#10020,#10026,#10027,#10028));
#10020 = ORIENTED_EDGE('',*,*,#10021,.T.);
#10021 = EDGE_CURVE('',#7757,#7693,#10022,.T.);
#10022 = LINE('',#10023,#10024);
#10023 = CARTESIAN_POINT('',(0.1,-7.92,-2.5));
#10024 = VECTOR('',#10025,1.);
#10025 = DIRECTION('',(-1.,2.334869823773E-16,0.));
#10026 = ORIENTED_EDGE('',*,*,#7700,.T.);
#10027 = ORIENTED_EDGE('',*,*,#10004,.F.);
#10028 = ORIENTED_EDGE('',*,*,#7764,.F.);
#10029 = PLANE('',#10030);
#10030 = AXIS2_PLACEMENT_3D('',#10031,#10032,#10033);
#10031 = CARTESIAN_POINT('',(0.1,-7.92,-2.5));
#10032 = DIRECTION('',(-2.26515644835E-16,-0.970142500145,
    -0.242535625036));
#10033 = DIRECTION('',(5.662891120873E-17,0.242535625036,-0.970142500145
    ));
#10034 = ADVANCED_FACE('',(#10035),#10041,.T.);
#10035 = FACE_BOUND('',#10036,.T.);
#10036 = EDGE_LOOP('',(#10037,#10038,#10039,#10040));
#10037 = ORIENTED_EDGE('',*,*,#7730,.T.);
#10038 = ORIENTED_EDGE('',*,*,#7692,.T.);
#10039 = ORIENTED_EDGE('',*,*,#10021,.F.);
#10040 = ORIENTED_EDGE('',*,*,#7756,.F.);
#10041 = PLANE('',#10042);
#10042 = AXIS2_PLACEMENT_3D('',#10043,#10044,#10045);
#10043 = CARTESIAN_POINT('',(0.1,-7.92,0.2));
#10044 = DIRECTION('',(-2.334869823773E-16,-1.,0.));
#10045 = DIRECTION('',(-0.,0.,-1.));
#10046 = ADVANCED_FACE('',(#10047),#10058,.T.);
#10047 = FACE_BOUND('',#10048,.T.);
#10048 = EDGE_LOOP('',(#10049,#10055,#10056,#10057));
#10049 = ORIENTED_EDGE('',*,*,#10050,.T.);
#10050 = EDGE_CURVE('',#7876,#7812,#10051,.T.);
#10051 = LINE('',#10052,#10053);
#10052 = CARTESIAN_POINT('',(0.1,-4.78,-2.5));
#10053 = VECTOR('',#10054,1.);
#10054 = DIRECTION('',(-1.,2.334869823773E-16,0.));
#10055 = ORIENTED_EDGE('',*,*,#7811,.T.);
#10056 = ORIENTED_EDGE('',*,*,#7796,.F.);
#10057 = ORIENTED_EDGE('',*,*,#7875,.F.);
#10058 = PLANE('',#10059);
#10059 = AXIS2_PLACEMENT_3D('',#10060,#10061,#10062);
#10060 = CARTESIAN_POINT('',(0.1,-4.78,-2.5));
#10061 = DIRECTION('',(2.334869823773E-16,1.,0.));
#10062 = DIRECTION('',(0.,-0.,1.));
#10063 = ADVANCED_FACE('',(#10064),#10075,.T.);
#10064 = FACE_BOUND('',#10065,.T.);
#10065 = EDGE_LOOP('',(#10066,#10072,#10073,#10074));
#10066 = ORIENTED_EDGE('',*,*,#10067,.T.);
#10067 = EDGE_CURVE('',#7901,#7837,#10068,.T.);
#10068 = LINE('',#10069,#10070);
#10069 = CARTESIAN_POINT('',(0.1,-4.93,-3.1));
#10070 = VECTOR('',#10071,1.);
#10071 = DIRECTION('',(-1.,2.334869823773E-16,0.));
#10072 = ORIENTED_EDGE('',*,*,#7844,.T.);
#10073 = ORIENTED_EDGE('',*,*,#10050,.F.);
#10074 = ORIENTED_EDGE('',*,*,#7908,.F.);
#10075 = PLANE('',#10076);
#10076 = AXIS2_PLACEMENT_3D('',#10077,#10078,#10079);
#10077 = CARTESIAN_POINT('',(0.1,-4.93,-3.1));
#10078 = DIRECTION('',(2.26515644835E-16,0.970142500145,-0.242535625036)
  );
#10079 = DIRECTION('',(5.662891120873E-17,0.242535625036,0.970142500145)
  );
#10080 = ADVANCED_FACE('',(#10081),#10092,.T.);
#10081 = FACE_BOUND('',#10082,.T.);
#10082 = EDGE_LOOP('',(#10083,#10089,#10090,#10091));
#10083 = ORIENTED_EDGE('',*,*,#10084,.T.);
#10084 = EDGE_CURVE('',#7893,#7829,#10085,.T.);
#10085 = LINE('',#10086,#10087);
#10086 = CARTESIAN_POINT('',(0.1,-5.23,-3.1));
#10087 = VECTOR('',#10088,1.);
#10088 = DIRECTION('',(-1.,2.334869823773E-16,0.));
#10089 = ORIENTED_EDGE('',*,*,#7836,.T.);
#10090 = ORIENTED_EDGE('',*,*,#10067,.F.);
#10091 = ORIENTED_EDGE('',*,*,#7900,.T.);
#10092 = PLANE('',#10093);
#10093 = AXIS2_PLACEMENT_3D('',#10094,#10095,#10096);
#10094 = CARTESIAN_POINT('',(0.1,-5.23,-3.1));
#10095 = DIRECTION('',(0.,0.,-1.));
#10096 = DIRECTION('',(2.334869823773E-16,1.,0.));
#10097 = ADVANCED_FACE('',(#10098),#10109,.T.);
#10098 = FACE_BOUND('',#10099,.T.);
#10099 = EDGE_LOOP('',(#10100,#10106,#10107,#10108));
#10100 = ORIENTED_EDGE('',*,*,#10101,.T.);
#10101 = EDGE_CURVE('',#7885,#7821,#10102,.T.);
#10102 = LINE('',#10103,#10104);
#10103 = CARTESIAN_POINT('',(0.1,-5.38,-2.5));
#10104 = VECTOR('',#10105,1.);
#10105 = DIRECTION('',(-1.,2.334869823773E-16,0.));
#10106 = ORIENTED_EDGE('',*,*,#7828,.T.);
#10107 = ORIENTED_EDGE('',*,*,#10084,.F.);
#10108 = ORIENTED_EDGE('',*,*,#7892,.F.);
#10109 = PLANE('',#10110);
#10110 = AXIS2_PLACEMENT_3D('',#10111,#10112,#10113);
#10111 = CARTESIAN_POINT('',(0.1,-5.38,-2.5));
#10112 = DIRECTION('',(-2.26515644835E-16,-0.970142500145,
    -0.242535625036));
#10113 = DIRECTION('',(5.662891120873E-17,0.242535625036,-0.970142500145
    ));
#10114 = ADVANCED_FACE('',(#10115),#10121,.T.);
#10115 = FACE_BOUND('',#10116,.T.);
#10116 = EDGE_LOOP('',(#10117,#10118,#10119,#10120));
#10117 = ORIENTED_EDGE('',*,*,#7858,.T.);
#10118 = ORIENTED_EDGE('',*,*,#7820,.T.);
#10119 = ORIENTED_EDGE('',*,*,#10101,.F.);
#10120 = ORIENTED_EDGE('',*,*,#7884,.F.);
#10121 = PLANE('',#10122);
#10122 = AXIS2_PLACEMENT_3D('',#10123,#10124,#10125);
#10123 = CARTESIAN_POINT('',(0.1,-5.38,0.2));
#10124 = DIRECTION('',(-2.334869823773E-16,-1.,0.));
#10125 = DIRECTION('',(-0.,0.,-1.));
#10126 = ADVANCED_FACE('',(#10127),#10138,.T.);
#10127 = FACE_BOUND('',#10128,.T.);
#10128 = EDGE_LOOP('',(#10129,#10135,#10136,#10137));
#10129 = ORIENTED_EDGE('',*,*,#10130,.T.);
#10130 = EDGE_CURVE('',#8004,#7940,#10131,.T.);
#10131 = LINE('',#10132,#10133);
#10132 = CARTESIAN_POINT('',(0.1,-2.24,-2.5));
#10133 = VECTOR('',#10134,1.);
#10134 = DIRECTION('',(-1.,2.334869823773E-16,0.));
#10135 = ORIENTED_EDGE('',*,*,#7939,.T.);
#10136 = ORIENTED_EDGE('',*,*,#7924,.F.);
#10137 = ORIENTED_EDGE('',*,*,#8003,.F.);
#10138 = PLANE('',#10139);
#10139 = AXIS2_PLACEMENT_3D('',#10140,#10141,#10142);
#10140 = CARTESIAN_POINT('',(0.1,-2.24,-2.5));
#10141 = DIRECTION('',(2.334869823773E-16,1.,0.));
#10142 = DIRECTION('',(0.,-0.,1.));
#10143 = ADVANCED_FACE('',(#10144),#10155,.T.);
#10144 = FACE_BOUND('',#10145,.T.);
#10145 = EDGE_LOOP('',(#10146,#10152,#10153,#10154));
#10146 = ORIENTED_EDGE('',*,*,#10147,.T.);
#10147 = EDGE_CURVE('',#8029,#7965,#10148,.T.);
#10148 = LINE('',#10149,#10150);
#10149 = CARTESIAN_POINT('',(0.1,-2.39,-3.1));
#10150 = VECTOR('',#10151,1.);
#10151 = DIRECTION('',(-1.,2.334869823773E-16,0.));
#10152 = ORIENTED_EDGE('',*,*,#7972,.T.);
#10153 = ORIENTED_EDGE('',*,*,#10130,.F.);
#10154 = ORIENTED_EDGE('',*,*,#8036,.F.);
#10155 = PLANE('',#10156);
#10156 = AXIS2_PLACEMENT_3D('',#10157,#10158,#10159);
#10157 = CARTESIAN_POINT('',(0.1,-2.39,-3.1));
#10158 = DIRECTION('',(2.26515644835E-16,0.970142500145,-0.242535625036)
  );
#10159 = DIRECTION('',(5.662891120873E-17,0.242535625036,0.970142500145)
  );
#10160 = ADVANCED_FACE('',(#10161),#10172,.T.);
#10161 = FACE_BOUND('',#10162,.T.);
#10162 = EDGE_LOOP('',(#10163,#10169,#10170,#10171));
#10163 = ORIENTED_EDGE('',*,*,#10164,.T.);
#10164 = EDGE_CURVE('',#8021,#7957,#10165,.T.);
#10165 = LINE('',#10166,#10167);
#10166 = CARTESIAN_POINT('',(0.1,-2.69,-3.1));
#10167 = VECTOR('',#10168,1.);
#10168 = DIRECTION('',(-1.,2.334869823773E-16,0.));
#10169 = ORIENTED_EDGE('',*,*,#7964,.T.);
#10170 = ORIENTED_EDGE('',*,*,#10147,.F.);
#10171 = ORIENTED_EDGE('',*,*,#8028,.T.);
#10172 = PLANE('',#10173);
#10173 = AXIS2_PLACEMENT_3D('',#10174,#10175,#10176);
#10174 = CARTESIAN_POINT('',(0.1,-2.69,-3.1));
#10175 = DIRECTION('',(0.,0.,-1.));
#10176 = DIRECTION('',(2.334869823773E-16,1.,0.));
#10177 = ADVANCED_FACE('',(#10178),#10189,.T.);
#10178 = FACE_BOUND('',#10179,.T.);
#10179 = EDGE_LOOP('',(#10180,#10186,#10187,#10188));
#10180 = ORIENTED_EDGE('',*,*,#10181,.T.);
#10181 = EDGE_CURVE('',#8013,#7949,#10182,.T.);
#10182 = LINE('',#10183,#10184);
#10183 = CARTESIAN_POINT('',(0.1,-2.84,-2.5));
#10184 = VECTOR('',#10185,1.);
#10185 = DIRECTION('',(-1.,2.334869823773E-16,0.));
#10186 = ORIENTED_EDGE('',*,*,#7956,.T.);
#10187 = ORIENTED_EDGE('',*,*,#10164,.F.);
#10188 = ORIENTED_EDGE('',*,*,#8020,.F.);
#10189 = PLANE('',#10190);
#10190 = AXIS2_PLACEMENT_3D('',#10191,#10192,#10193);
#10191 = CARTESIAN_POINT('',(0.1,-2.84,-2.5));
#10192 = DIRECTION('',(-2.26515644835E-16,-0.970142500145,
    -0.242535625036));
#10193 = DIRECTION('',(5.662891120873E-17,0.242535625036,-0.970142500145
    ));
#10194 = ADVANCED_FACE('',(#10195),#10201,.T.);
#10195 = FACE_BOUND('',#10196,.T.);
#10196 = EDGE_LOOP('',(#10197,#10198,#10199,#10200));
#10197 = ORIENTED_EDGE('',*,*,#7986,.T.);
#10198 = ORIENTED_EDGE('',*,*,#7948,.T.);
#10199 = ORIENTED_EDGE('',*,*,#10181,.F.);
#10200 = ORIENTED_EDGE('',*,*,#8012,.F.);
#10201 = PLANE('',#10202);
#10202 = AXIS2_PLACEMENT_3D('',#10203,#10204,#10205);
#10203 = CARTESIAN_POINT('',(0.1,-2.84,0.2));
#10204 = DIRECTION('',(-2.334869823773E-16,-1.,0.));
#10205 = DIRECTION('',(-0.,0.,-1.));
#10206 = ADVANCED_FACE('',(#10207),#10218,.T.);
#10207 = FACE_BOUND('',#10208,.T.);
#10208 = EDGE_LOOP('',(#10209,#10215,#10216,#10217));
#10209 = ORIENTED_EDGE('',*,*,#10210,.T.);
#10210 = EDGE_CURVE('',#8132,#8068,#10211,.T.);
#10211 = LINE('',#10212,#10213);
#10212 = CARTESIAN_POINT('',(0.1,0.3,-2.5));
#10213 = VECTOR('',#10214,1.);
#10214 = DIRECTION('',(-1.,2.334869823773E-16,0.));
#10215 = ORIENTED_EDGE('',*,*,#8067,.T.);
#10216 = ORIENTED_EDGE('',*,*,#8052,.F.);
#10217 = ORIENTED_EDGE('',*,*,#8131,.F.);
#10218 = PLANE('',#10219);
#10219 = AXIS2_PLACEMENT_3D('',#10220,#10221,#10222);
#10220 = CARTESIAN_POINT('',(0.1,0.3,-2.5));
#10221 = DIRECTION('',(2.334869823773E-16,1.,0.));
#10222 = DIRECTION('',(0.,-0.,1.));
#10223 = ADVANCED_FACE('',(#10224),#10235,.T.);
#10224 = FACE_BOUND('',#10225,.T.);
#10225 = EDGE_LOOP('',(#10226,#10232,#10233,#10234));
#10226 = ORIENTED_EDGE('',*,*,#10227,.T.);
#10227 = EDGE_CURVE('',#8157,#8093,#10228,.T.);
#10228 = LINE('',#10229,#10230);
#10229 = CARTESIAN_POINT('',(0.1,0.15,-3.1));
#10230 = VECTOR('',#10231,1.);
#10231 = DIRECTION('',(-1.,2.334869823773E-16,0.));
#10232 = ORIENTED_EDGE('',*,*,#8100,.T.);
#10233 = ORIENTED_EDGE('',*,*,#10210,.F.);
#10234 = ORIENTED_EDGE('',*,*,#8164,.F.);
#10235 = PLANE('',#10236);
#10236 = AXIS2_PLACEMENT_3D('',#10237,#10238,#10239);
#10237 = CARTESIAN_POINT('',(0.1,0.15,-3.1));
#10238 = DIRECTION('',(2.26515644835E-16,0.970142500145,-0.242535625036)
  );
#10239 = DIRECTION('',(5.662891120873E-17,0.242535625036,0.970142500145)
  );
#10240 = ADVANCED_FACE('',(#10241),#10252,.T.);
#10241 = FACE_BOUND('',#10242,.T.);
#10242 = EDGE_LOOP('',(#10243,#10249,#10250,#10251));
#10243 = ORIENTED_EDGE('',*,*,#10244,.T.);
#10244 = EDGE_CURVE('',#8149,#8085,#10245,.T.);
#10245 = LINE('',#10246,#10247);
#10246 = CARTESIAN_POINT('',(0.1,-0.15,-3.1));
#10247 = VECTOR('',#10248,1.);
#10248 = DIRECTION('',(-1.,2.334869823773E-16,0.));
#10249 = ORIENTED_EDGE('',*,*,#8092,.T.);
#10250 = ORIENTED_EDGE('',*,*,#10227,.F.);
#10251 = ORIENTED_EDGE('',*,*,#8156,.T.);
#10252 = PLANE('',#10253);
#10253 = AXIS2_PLACEMENT_3D('',#10254,#10255,#10256);
#10254 = CARTESIAN_POINT('',(0.1,-0.15,-3.1));
#10255 = DIRECTION('',(0.,0.,-1.));
#10256 = DIRECTION('',(2.334869823773E-16,1.,0.));
#10257 = ADVANCED_FACE('',(#10258),#10269,.T.);
#10258 = FACE_BOUND('',#10259,.T.);
#10259 = EDGE_LOOP('',(#10260,#10266,#10267,#10268));
#10260 = ORIENTED_EDGE('',*,*,#10261,.T.);
#10261 = EDGE_CURVE('',#8141,#8077,#10262,.T.);
#10262 = LINE('',#10263,#10264);
#10263 = CARTESIAN_POINT('',(0.1,-0.3,-2.5));
#10264 = VECTOR('',#10265,1.);
#10265 = DIRECTION('',(-1.,2.334869823773E-16,0.));
#10266 = ORIENTED_EDGE('',*,*,#8084,.T.);
#10267 = ORIENTED_EDGE('',*,*,#10244,.F.);
#10268 = ORIENTED_EDGE('',*,*,#8148,.F.);
#10269 = PLANE('',#10270);
#10270 = AXIS2_PLACEMENT_3D('',#10271,#10272,#10273);
#10271 = CARTESIAN_POINT('',(0.1,-0.3,-2.5));
#10272 = DIRECTION('',(-2.26515644835E-16,-0.970142500145,
    -0.242535625036));
#10273 = DIRECTION('',(5.662891120873E-17,0.242535625036,-0.970142500145
    ));
#10274 = ADVANCED_FACE('',(#10275),#10281,.T.);
#10275 = FACE_BOUND('',#10276,.T.);
#10276 = EDGE_LOOP('',(#10277,#10278,#10279,#10280));
#10277 = ORIENTED_EDGE('',*,*,#8114,.T.);
#10278 = ORIENTED_EDGE('',*,*,#8076,.T.);
#10279 = ORIENTED_EDGE('',*,*,#10261,.F.);
#10280 = ORIENTED_EDGE('',*,*,#8140,.F.);
#10281 = PLANE('',#10282);
#10282 = AXIS2_PLACEMENT_3D('',#10283,#10284,#10285);
#10283 = CARTESIAN_POINT('',(0.1,-0.3,0.2));
#10284 = DIRECTION('',(-2.334869823773E-16,-1.,0.));
#10285 = DIRECTION('',(-0.,0.,-1.));
#10286 = ADVANCED_FACE('',(#10287),#10298,.T.);
#10287 = FACE_BOUND('',#10288,.T.);
#10288 = EDGE_LOOP('',(#10289,#10295,#10296,#10297));
#10289 = ORIENTED_EDGE('',*,*,#10290,.T.);
#10290 = EDGE_CURVE('',#8260,#8196,#10291,.T.);
#10291 = LINE('',#10292,#10293);
#10292 = CARTESIAN_POINT('',(-2.64,-7.92,-2.5));
#10293 = VECTOR('',#10294,1.);
#10294 = DIRECTION('',(1.,-1.110223024625E-16,0.));
#10295 = ORIENTED_EDGE('',*,*,#8195,.T.);
#10296 = ORIENTED_EDGE('',*,*,#8180,.F.);
#10297 = ORIENTED_EDGE('',*,*,#8259,.F.);
#10298 = PLANE('',#10299);
#10299 = AXIS2_PLACEMENT_3D('',#10300,#10301,#10302);
#10300 = CARTESIAN_POINT('',(-2.64,-7.92,-2.5));
#10301 = DIRECTION('',(-1.110223024625E-16,-1.,0.));
#10302 = DIRECTION('',(0.,0.,1.));
#10303 = ADVANCED_FACE('',(#10304),#10315,.T.);
#10304 = FACE_BOUND('',#10305,.T.);
#10305 = EDGE_LOOP('',(#10306,#10312,#10313,#10314));
#10306 = ORIENTED_EDGE('',*,*,#10307,.T.);
#10307 = EDGE_CURVE('',#8285,#8221,#10308,.T.);
#10308 = LINE('',#10309,#10310);
#10309 = CARTESIAN_POINT('',(-2.64,-7.77,-3.1));
#10310 = VECTOR('',#10311,1.);
#10311 = DIRECTION('',(1.,-1.110223024625E-16,0.));
#10312 = ORIENTED_EDGE('',*,*,#8228,.T.);
#10313 = ORIENTED_EDGE('',*,*,#10290,.F.);
#10314 = ORIENTED_EDGE('',*,*,#8292,.F.);
#10315 = PLANE('',#10316);
#10316 = AXIS2_PLACEMENT_3D('',#10317,#10318,#10319);
#10317 = CARTESIAN_POINT('',(-2.64,-7.77,-3.1));
#10318 = DIRECTION('',(-1.077074540829E-16,-0.970142500145,
    -0.242535625036));
#10319 = DIRECTION('',(-2.692686352073E-17,-0.242535625036,
    0.970142500145));
#10320 = ADVANCED_FACE('',(#10321),#10332,.T.);
#10321 = FACE_BOUND('',#10322,.T.);
#10322 = EDGE_LOOP('',(#10323,#10329,#10330,#10331));
#10323 = ORIENTED_EDGE('',*,*,#10324,.T.);
#10324 = EDGE_CURVE('',#8277,#8213,#10325,.T.);
#10325 = LINE('',#10326,#10327);
#10326 = CARTESIAN_POINT('',(-2.64,-7.47,-3.1));
#10327 = VECTOR('',#10328,1.);
#10328 = DIRECTION('',(1.,-1.110223024625E-16,0.));
#10329 = ORIENTED_EDGE('',*,*,#8220,.T.);
#10330 = ORIENTED_EDGE('',*,*,#10307,.F.);
#10331 = ORIENTED_EDGE('',*,*,#8284,.T.);
#10332 = PLANE('',#10333);
#10333 = AXIS2_PLACEMENT_3D('',#10334,#10335,#10336);
#10334 = CARTESIAN_POINT('',(-2.64,-7.47,-3.1));
#10335 = DIRECTION('',(0.,-0.,-1.));
#10336 = DIRECTION('',(-1.110223024625E-16,-1.,0.));
#10337 = ADVANCED_FACE('',(#10338),#10349,.T.);
#10338 = FACE_BOUND('',#10339,.T.);
#10339 = EDGE_LOOP('',(#10340,#10346,#10347,#10348));
#10340 = ORIENTED_EDGE('',*,*,#10341,.T.);
#10341 = EDGE_CURVE('',#8269,#8205,#10342,.T.);
#10342 = LINE('',#10343,#10344);
#10343 = CARTESIAN_POINT('',(-2.64,-7.32,-2.5));
#10344 = VECTOR('',#10345,1.);
#10345 = DIRECTION('',(1.,-1.110223024625E-16,0.));
#10346 = ORIENTED_EDGE('',*,*,#8212,.T.);
#10347 = ORIENTED_EDGE('',*,*,#10324,.F.);
#10348 = ORIENTED_EDGE('',*,*,#8276,.F.);
#10349 = PLANE('',#10350);
#10350 = AXIS2_PLACEMENT_3D('',#10351,#10352,#10353);
#10351 = CARTESIAN_POINT('',(-2.64,-7.32,-2.5));
#10352 = DIRECTION('',(1.077074540829E-16,0.970142500145,-0.242535625036
    ));
#10353 = DIRECTION('',(-2.692686352073E-17,-0.242535625036,
    -0.970142500145));
#10354 = ADVANCED_FACE('',(#10355),#10361,.T.);
#10355 = FACE_BOUND('',#10356,.T.);
#10356 = EDGE_LOOP('',(#10357,#10358,#10359,#10360));
#10357 = ORIENTED_EDGE('',*,*,#8242,.T.);
#10358 = ORIENTED_EDGE('',*,*,#8204,.T.);
#10359 = ORIENTED_EDGE('',*,*,#10341,.F.);
#10360 = ORIENTED_EDGE('',*,*,#8268,.F.);
#10361 = PLANE('',#10362);
#10362 = AXIS2_PLACEMENT_3D('',#10363,#10364,#10365);
#10363 = CARTESIAN_POINT('',(-2.64,-7.32,0.2));
#10364 = DIRECTION('',(1.110223024625E-16,1.,0.));
#10365 = DIRECTION('',(0.,0.,-1.));
#10366 = ADVANCED_FACE('',(#10367),#10378,.T.);
#10367 = FACE_BOUND('',#10368,.T.);
#10368 = EDGE_LOOP('',(#10369,#10375,#10376,#10377));
#10369 = ORIENTED_EDGE('',*,*,#10370,.T.);
#10370 = EDGE_CURVE('',#8388,#8324,#10371,.T.);
#10371 = LINE('',#10372,#10373);
#10372 = CARTESIAN_POINT('',(-2.64,-5.38,-2.5));
#10373 = VECTOR('',#10374,1.);
#10374 = DIRECTION('',(1.,-1.110223024625E-16,0.));
#10375 = ORIENTED_EDGE('',*,*,#8323,.T.);
#10376 = ORIENTED_EDGE('',*,*,#8308,.F.);
#10377 = ORIENTED_EDGE('',*,*,#8387,.F.);
#10378 = PLANE('',#10379);
#10379 = AXIS2_PLACEMENT_3D('',#10380,#10381,#10382);
#10380 = CARTESIAN_POINT('',(-2.64,-5.38,-2.5));
#10381 = DIRECTION('',(-1.110223024625E-16,-1.,0.));
#10382 = DIRECTION('',(0.,0.,1.));
#10383 = ADVANCED_FACE('',(#10384),#10395,.T.);
#10384 = FACE_BOUND('',#10385,.T.);
#10385 = EDGE_LOOP('',(#10386,#10392,#10393,#10394));
#10386 = ORIENTED_EDGE('',*,*,#10387,.T.);
#10387 = EDGE_CURVE('',#8413,#8349,#10388,.T.);
#10388 = LINE('',#10389,#10390);
#10389 = CARTESIAN_POINT('',(-2.64,-5.23,-3.1));
#10390 = VECTOR('',#10391,1.);
#10391 = DIRECTION('',(1.,-1.110223024625E-16,0.));
#10392 = ORIENTED_EDGE('',*,*,#8356,.T.);
#10393 = ORIENTED_EDGE('',*,*,#10370,.F.);
#10394 = ORIENTED_EDGE('',*,*,#8420,.F.);
#10395 = PLANE('',#10396);
#10396 = AXIS2_PLACEMENT_3D('',#10397,#10398,#10399);
#10397 = CARTESIAN_POINT('',(-2.64,-5.23,-3.1));
#10398 = DIRECTION('',(-1.077074540829E-16,-0.970142500145,
    -0.242535625036));
#10399 = DIRECTION('',(-2.692686352073E-17,-0.242535625036,
    0.970142500145));
#10400 = ADVANCED_FACE('',(#10401),#10412,.T.);
#10401 = FACE_BOUND('',#10402,.T.);
#10402 = EDGE_LOOP('',(#10403,#10409,#10410,#10411));
#10403 = ORIENTED_EDGE('',*,*,#10404,.T.);
#10404 = EDGE_CURVE('',#8405,#8341,#10405,.T.);
#10405 = LINE('',#10406,#10407);
#10406 = CARTESIAN_POINT('',(-2.64,-4.93,-3.1));
#10407 = VECTOR('',#10408,1.);
#10408 = DIRECTION('',(1.,-1.110223024625E-16,0.));
#10409 = ORIENTED_EDGE('',*,*,#8348,.T.);
#10410 = ORIENTED_EDGE('',*,*,#10387,.F.);
#10411 = ORIENTED_EDGE('',*,*,#8412,.T.);
#10412 = PLANE('',#10413);
#10413 = AXIS2_PLACEMENT_3D('',#10414,#10415,#10416);
#10414 = CARTESIAN_POINT('',(-2.64,-4.93,-3.1));
#10415 = DIRECTION('',(0.,-0.,-1.));
#10416 = DIRECTION('',(-1.110223024625E-16,-1.,0.));
#10417 = ADVANCED_FACE('',(#10418),#10429,.T.);
#10418 = FACE_BOUND('',#10419,.T.);
#10419 = EDGE_LOOP('',(#10420,#10426,#10427,#10428));
#10420 = ORIENTED_EDGE('',*,*,#10421,.T.);
#10421 = EDGE_CURVE('',#8397,#8333,#10422,.T.);
#10422 = LINE('',#10423,#10424);
#10423 = CARTESIAN_POINT('',(-2.64,-4.78,-2.5));
#10424 = VECTOR('',#10425,1.);
#10425 = DIRECTION('',(1.,-1.110223024625E-16,0.));
#10426 = ORIENTED_EDGE('',*,*,#8340,.T.);
#10427 = ORIENTED_EDGE('',*,*,#10404,.F.);
#10428 = ORIENTED_EDGE('',*,*,#8404,.F.);
#10429 = PLANE('',#10430);
#10430 = AXIS2_PLACEMENT_3D('',#10431,#10432,#10433);
#10431 = CARTESIAN_POINT('',(-2.64,-4.78,-2.5));
#10432 = DIRECTION('',(1.077074540829E-16,0.970142500145,-0.242535625036
    ));
#10433 = DIRECTION('',(-2.692686352073E-17,-0.242535625036,
    -0.970142500145));
#10434 = ADVANCED_FACE('',(#10435),#10441,.T.);
#10435 = FACE_BOUND('',#10436,.T.);
#10436 = EDGE_LOOP('',(#10437,#10438,#10439,#10440));
#10437 = ORIENTED_EDGE('',*,*,#8370,.T.);
#10438 = ORIENTED_EDGE('',*,*,#8332,.T.);
#10439 = ORIENTED_EDGE('',*,*,#10421,.F.);
#10440 = ORIENTED_EDGE('',*,*,#8396,.F.);
#10441 = PLANE('',#10442);
#10442 = AXIS2_PLACEMENT_3D('',#10443,#10444,#10445);
#10443 = CARTESIAN_POINT('',(-2.64,-4.78,0.2));
#10444 = DIRECTION('',(1.110223024625E-16,1.,0.));
#10445 = DIRECTION('',(0.,0.,-1.));
#10446 = ADVANCED_FACE('',(#10447),#10458,.T.);
#10447 = FACE_BOUND('',#10448,.T.);
#10448 = EDGE_LOOP('',(#10449,#10455,#10456,#10457));
#10449 = ORIENTED_EDGE('',*,*,#10450,.T.);
#10450 = EDGE_CURVE('',#8516,#8452,#10451,.T.);
#10451 = LINE('',#10452,#10453);
#10452 = CARTESIAN_POINT('',(-2.64,-2.84,-2.5));
#10453 = VECTOR('',#10454,1.);
#10454 = DIRECTION('',(1.,-1.110223024625E-16,0.));
#10455 = ORIENTED_EDGE('',*,*,#8451,.T.);
#10456 = ORIENTED_EDGE('',*,*,#8436,.F.);
#10457 = ORIENTED_EDGE('',*,*,#8515,.F.);
#10458 = PLANE('',#10459);
#10459 = AXIS2_PLACEMENT_3D('',#10460,#10461,#10462);
#10460 = CARTESIAN_POINT('',(-2.64,-2.84,-2.5));
#10461 = DIRECTION('',(-1.110223024625E-16,-1.,0.));
#10462 = DIRECTION('',(0.,0.,1.));
#10463 = ADVANCED_FACE('',(#10464),#10475,.T.);
#10464 = FACE_BOUND('',#10465,.T.);
#10465 = EDGE_LOOP('',(#10466,#10472,#10473,#10474));
#10466 = ORIENTED_EDGE('',*,*,#10467,.T.);
#10467 = EDGE_CURVE('',#8541,#8477,#10468,.T.);
#10468 = LINE('',#10469,#10470);
#10469 = CARTESIAN_POINT('',(-2.64,-2.69,-3.1));
#10470 = VECTOR('',#10471,1.);
#10471 = DIRECTION('',(1.,-1.110223024625E-16,0.));
#10472 = ORIENTED_EDGE('',*,*,#8484,.T.);
#10473 = ORIENTED_EDGE('',*,*,#10450,.F.);
#10474 = ORIENTED_EDGE('',*,*,#8548,.F.);
#10475 = PLANE('',#10476);
#10476 = AXIS2_PLACEMENT_3D('',#10477,#10478,#10479);
#10477 = CARTESIAN_POINT('',(-2.64,-2.69,-3.1));
#10478 = DIRECTION('',(-1.077074540829E-16,-0.970142500145,
    -0.242535625036));
#10479 = DIRECTION('',(-2.692686352073E-17,-0.242535625036,
    0.970142500145));
#10480 = ADVANCED_FACE('',(#10481),#10492,.T.);
#10481 = FACE_BOUND('',#10482,.T.);
#10482 = EDGE_LOOP('',(#10483,#10489,#10490,#10491));
#10483 = ORIENTED_EDGE('',*,*,#10484,.T.);
#10484 = EDGE_CURVE('',#8533,#8469,#10485,.T.);
#10485 = LINE('',#10486,#10487);
#10486 = CARTESIAN_POINT('',(-2.64,-2.39,-3.1));
#10487 = VECTOR('',#10488,1.);
#10488 = DIRECTION('',(1.,-1.110223024625E-16,0.));
#10489 = ORIENTED_EDGE('',*,*,#8476,.T.);
#10490 = ORIENTED_EDGE('',*,*,#10467,.F.);
#10491 = ORIENTED_EDGE('',*,*,#8540,.T.);
#10492 = PLANE('',#10493);
#10493 = AXIS2_PLACEMENT_3D('',#10494,#10495,#10496);
#10494 = CARTESIAN_POINT('',(-2.64,-2.39,-3.1));
#10495 = DIRECTION('',(0.,-0.,-1.));
#10496 = DIRECTION('',(-1.110223024625E-16,-1.,0.));
#10497 = ADVANCED_FACE('',(#10498),#10509,.T.);
#10498 = FACE_BOUND('',#10499,.T.);
#10499 = EDGE_LOOP('',(#10500,#10506,#10507,#10508));
#10500 = ORIENTED_EDGE('',*,*,#10501,.T.);
#10501 = EDGE_CURVE('',#8525,#8461,#10502,.T.);
#10502 = LINE('',#10503,#10504);
#10503 = CARTESIAN_POINT('',(-2.64,-2.24,-2.5));
#10504 = VECTOR('',#10505,1.);
#10505 = DIRECTION('',(1.,-1.110223024625E-16,0.));
#10506 = ORIENTED_EDGE('',*,*,#8468,.T.);
#10507 = ORIENTED_EDGE('',*,*,#10484,.F.);
#10508 = ORIENTED_EDGE('',*,*,#8532,.F.);
#10509 = PLANE('',#10510);
#10510 = AXIS2_PLACEMENT_3D('',#10511,#10512,#10513);
#10511 = CARTESIAN_POINT('',(-2.64,-2.24,-2.5));
#10512 = DIRECTION('',(1.077074540829E-16,0.970142500145,-0.242535625036
    ));
#10513 = DIRECTION('',(-2.692686352073E-17,-0.242535625036,
    -0.970142500145));
#10514 = ADVANCED_FACE('',(#10515),#10521,.T.);
#10515 = FACE_BOUND('',#10516,.T.);
#10516 = EDGE_LOOP('',(#10517,#10518,#10519,#10520));
#10517 = ORIENTED_EDGE('',*,*,#8498,.T.);
#10518 = ORIENTED_EDGE('',*,*,#8460,.T.);
#10519 = ORIENTED_EDGE('',*,*,#10501,.F.);
#10520 = ORIENTED_EDGE('',*,*,#8524,.F.);
#10521 = PLANE('',#10522);
#10522 = AXIS2_PLACEMENT_3D('',#10523,#10524,#10525);
#10523 = CARTESIAN_POINT('',(-2.64,-2.24,0.2));
#10524 = DIRECTION('',(1.110223024625E-16,1.,0.));
#10525 = DIRECTION('',(0.,0.,-1.));
#10526 = ADVANCED_FACE('',(#10527),#10538,.T.);
#10527 = FACE_BOUND('',#10528,.T.);
#10528 = EDGE_LOOP('',(#10529,#10535,#10536,#10537));
#10529 = ORIENTED_EDGE('',*,*,#10530,.T.);
#10530 = EDGE_CURVE('',#8644,#8580,#10531,.T.);
#10531 = LINE('',#10532,#10533);
#10532 = CARTESIAN_POINT('',(-2.64,-0.3,-2.5));
#10533 = VECTOR('',#10534,1.);
#10534 = DIRECTION('',(1.,-1.110223024625E-16,0.));
#10535 = ORIENTED_EDGE('',*,*,#8579,.T.);
#10536 = ORIENTED_EDGE('',*,*,#8564,.F.);
#10537 = ORIENTED_EDGE('',*,*,#8643,.F.);
#10538 = PLANE('',#10539);
#10539 = AXIS2_PLACEMENT_3D('',#10540,#10541,#10542);
#10540 = CARTESIAN_POINT('',(-2.64,-0.3,-2.5));
#10541 = DIRECTION('',(-1.110223024625E-16,-1.,0.));
#10542 = DIRECTION('',(0.,0.,1.));
#10543 = ADVANCED_FACE('',(#10544),#10555,.T.);
#10544 = FACE_BOUND('',#10545,.T.);
#10545 = EDGE_LOOP('',(#10546,#10552,#10553,#10554));
#10546 = ORIENTED_EDGE('',*,*,#10547,.T.);
#10547 = EDGE_CURVE('',#8669,#8605,#10548,.T.);
#10548 = LINE('',#10549,#10550);
#10549 = CARTESIAN_POINT('',(-2.64,-0.15,-3.1));
#10550 = VECTOR('',#10551,1.);
#10551 = DIRECTION('',(1.,-1.110223024625E-16,0.));
#10552 = ORIENTED_EDGE('',*,*,#8612,.T.);
#10553 = ORIENTED_EDGE('',*,*,#10530,.F.);
#10554 = ORIENTED_EDGE('',*,*,#8676,.F.);
#10555 = PLANE('',#10556);
#10556 = AXIS2_PLACEMENT_3D('',#10557,#10558,#10559);
#10557 = CARTESIAN_POINT('',(-2.64,-0.15,-3.1));
#10558 = DIRECTION('',(-1.077074540829E-16,-0.970142500145,
    -0.242535625036));
#10559 = DIRECTION('',(-2.692686352073E-17,-0.242535625036,
    0.970142500145));
#10560 = ADVANCED_FACE('',(#10561),#10572,.T.);
#10561 = FACE_BOUND('',#10562,.T.);
#10562 = EDGE_LOOP('',(#10563,#10569,#10570,#10571));
#10563 = ORIENTED_EDGE('',*,*,#10564,.T.);
#10564 = EDGE_CURVE('',#8661,#8597,#10565,.T.);
#10565 = LINE('',#10566,#10567);
#10566 = CARTESIAN_POINT('',(-2.64,0.15,-3.1));
#10567 = VECTOR('',#10568,1.);
#10568 = DIRECTION('',(1.,-1.110223024625E-16,0.));
#10569 = ORIENTED_EDGE('',*,*,#8604,.T.);
#10570 = ORIENTED_EDGE('',*,*,#10547,.F.);
#10571 = ORIENTED_EDGE('',*,*,#8668,.T.);
#10572 = PLANE('',#10573);
#10573 = AXIS2_PLACEMENT_3D('',#10574,#10575,#10576);
#10574 = CARTESIAN_POINT('',(-2.64,0.15,-3.1));
#10575 = DIRECTION('',(0.,-0.,-1.));
#10576 = DIRECTION('',(-1.110223024625E-16,-1.,0.));
#10577 = ADVANCED_FACE('',(#10578),#10589,.T.);
#10578 = FACE_BOUND('',#10579,.T.);
#10579 = EDGE_LOOP('',(#10580,#10586,#10587,#10588));
#10580 = ORIENTED_EDGE('',*,*,#10581,.T.);
#10581 = EDGE_CURVE('',#8653,#8589,#10582,.T.);
#10582 = LINE('',#10583,#10584);
#10583 = CARTESIAN_POINT('',(-2.64,0.3,-2.5));
#10584 = VECTOR('',#10585,1.);
#10585 = DIRECTION('',(1.,-1.110223024625E-16,0.));
#10586 = ORIENTED_EDGE('',*,*,#8596,.T.);
#10587 = ORIENTED_EDGE('',*,*,#10564,.F.);
#10588 = ORIENTED_EDGE('',*,*,#8660,.F.);
#10589 = PLANE('',#10590);
#10590 = AXIS2_PLACEMENT_3D('',#10591,#10592,#10593);
#10591 = CARTESIAN_POINT('',(-2.64,0.3,-2.5));
#10592 = DIRECTION('',(1.077074540829E-16,0.970142500145,-0.242535625036
    ));
#10593 = DIRECTION('',(-2.692686352073E-17,-0.242535625036,
    -0.970142500145));
#10594 = ADVANCED_FACE('',(#10595),#10601,.T.);
#10595 = FACE_BOUND('',#10596,.T.);
#10596 = EDGE_LOOP('',(#10597,#10598,#10599,#10600));
#10597 = ORIENTED_EDGE('',*,*,#8626,.T.);
#10598 = ORIENTED_EDGE('',*,*,#8588,.T.);
#10599 = ORIENTED_EDGE('',*,*,#10581,.F.);
#10600 = ORIENTED_EDGE('',*,*,#8652,.F.);
#10601 = PLANE('',#10602);
#10602 = AXIS2_PLACEMENT_3D('',#10603,#10604,#10605);
#10603 = CARTESIAN_POINT('',(-2.64,0.3,0.2));
#10604 = DIRECTION('',(1.110223024625E-16,1.,0.));
#10605 = DIRECTION('',(0.,0.,-1.));
#10606 = ADVANCED_FACE('',(#10607),#10618,.T.);
#10607 = FACE_BOUND('',#10608,.T.);
#10608 = EDGE_LOOP('',(#10609,#10610,#10611,#10612));
#10609 = ORIENTED_EDGE('',*,*,#8835,.T.);
#10610 = ORIENTED_EDGE('',*,*,#8698,.T.);
#10611 = ORIENTED_EDGE('',*,*,#8723,.T.);
#10612 = ORIENTED_EDGE('',*,*,#10613,.T.);
#10613 = EDGE_CURVE('',#8724,#8828,#10614,.T.);
#10614 = LINE('',#10615,#10616);
#10615 = CARTESIAN_POINT('',(-0.1,-7.62,0.9));
#10616 = VECTOR('',#10617,1.);
#10617 = DIRECTION('',(2.334869823773E-16,1.,-0.));
#10618 = PLANE('',#10619);
#10619 = AXIS2_PLACEMENT_3D('',#10620,#10621,#10622);
#10620 = CARTESIAN_POINT('',(-1.290079154614E-15,-7.62,0.9));
#10621 = DIRECTION('',(0.,0.,1.));
#10622 = DIRECTION('',(-2.334869823773E-16,-1.,0.));
#10623 = ADVANCED_FACE('',(#10624),#10635,.T.);
#10624 = FACE_BOUND('',#10625,.T.);
#10625 = EDGE_LOOP('',(#10626,#10627,#10633,#10634));
#10626 = ORIENTED_EDGE('',*,*,#8803,.T.);
#10627 = ORIENTED_EDGE('',*,*,#10628,.F.);
#10628 = EDGE_CURVE('',#8748,#8804,#10629,.T.);
#10629 = LINE('',#10630,#10631);
#10630 = CARTESIAN_POINT('',(0.1,-7.62,0.9));
#10631 = VECTOR('',#10632,1.);
#10632 = DIRECTION('',(2.334869823773E-16,1.,-0.));
#10633 = ORIENTED_EDGE('',*,*,#8755,.T.);
#10634 = ORIENTED_EDGE('',*,*,#8778,.T.);
#10635 = PLANE('',#10636);
#10636 = AXIS2_PLACEMENT_3D('',#10637,#10638,#10639);
#10637 = CARTESIAN_POINT('',(-1.290079154614E-15,-7.62,0.9));
#10638 = DIRECTION('',(0.,0.,1.));
#10639 = DIRECTION('',(-2.334869823773E-16,-1.,0.));
#10640 = ADVANCED_FACE('',(#10641),#10684,.T.);
#10641 = FACE_BOUND('',#10642,.T.);
#10642 = EDGE_LOOP('',(#10643,#10644,#10652,#10660,#10668,#10676,#10682,
    #10683));
#10643 = ORIENTED_EDGE('',*,*,#8811,.F.);
#10644 = ORIENTED_EDGE('',*,*,#10645,.T.);
#10645 = EDGE_CURVE('',#8812,#10646,#10648,.T.);
#10646 = VERTEX_POINT('',#10647);
#10647 = CARTESIAN_POINT('',(0.1,-7.37,7.35));
#10648 = LINE('',#10649,#10650);
#10649 = CARTESIAN_POINT('',(0.1,-7.32,7.4));
#10650 = VECTOR('',#10651,1.);
#10651 = DIRECTION('',(-1.651002285576E-16,-0.707106781187,
    -0.707106781187));
#10652 = ORIENTED_EDGE('',*,*,#10653,.T.);
#10653 = EDGE_CURVE('',#10646,#10654,#10656,.T.);
#10654 = VERTEX_POINT('',#10655);
#10655 = CARTESIAN_POINT('',(0.1,-7.37,1.25));
#10656 = LINE('',#10657,#10658);
#10657 = CARTESIAN_POINT('',(0.1,-7.37,7.35));
#10658 = VECTOR('',#10659,1.);
#10659 = DIRECTION('',(-0.,0.,-1.));
#10660 = ORIENTED_EDGE('',*,*,#10661,.T.);
#10661 = EDGE_CURVE('',#10654,#10662,#10664,.T.);
#10662 = VERTEX_POINT('',#10663);
#10663 = CARTESIAN_POINT('',(0.1,-7.87,1.25));
#10664 = LINE('',#10665,#10666);
#10665 = CARTESIAN_POINT('',(0.1,-7.37,1.25));
#10666 = VECTOR('',#10667,1.);
#10667 = DIRECTION('',(-2.334869823773E-16,-1.,0.));
#10668 = ORIENTED_EDGE('',*,*,#10669,.T.);
#10669 = EDGE_CURVE('',#10662,#10670,#10672,.T.);
#10670 = VERTEX_POINT('',#10671);
#10671 = CARTESIAN_POINT('',(0.1,-7.87,7.35));
#10672 = LINE('',#10673,#10674);
#10673 = CARTESIAN_POINT('',(0.1,-7.87,1.25));
#10674 = VECTOR('',#10675,1.);
#10675 = DIRECTION('',(0.,0.,1.));
#10676 = ORIENTED_EDGE('',*,*,#10677,.T.);
#10677 = EDGE_CURVE('',#10670,#8740,#10678,.T.);
#10678 = LINE('',#10679,#10680);
#10679 = CARTESIAN_POINT('',(0.1,-7.87,7.35));
#10680 = VECTOR('',#10681,1.);
#10681 = DIRECTION('',(-1.651002285576E-16,-0.707106781187,
    0.707106781187));
#10682 = ORIENTED_EDGE('',*,*,#8747,.F.);
#10683 = ORIENTED_EDGE('',*,*,#10628,.T.);
#10684 = PLANE('',#10685);
#10685 = AXIS2_PLACEMENT_3D('',#10686,#10687,#10688);
#10686 = CARTESIAN_POINT('',(0.1,-7.62,3.911477598424));
#10687 = DIRECTION('',(1.,-2.334869823773E-16,0.));
#10688 = DIRECTION('',(0.,0.,1.));
#10689 = ADVANCED_FACE('',(#10690),#10708,.T.);
#10690 = FACE_BOUND('',#10691,.T.);
#10691 = EDGE_LOOP('',(#10692,#10700,#10706,#10707));
#10692 = ORIENTED_EDGE('',*,*,#10693,.T.);
#10693 = EDGE_CURVE('',#10670,#10694,#10696,.T.);
#10694 = VERTEX_POINT('',#10695);
#10695 = CARTESIAN_POINT('',(-0.1,-7.87,7.35));
#10696 = LINE('',#10697,#10698);
#10697 = CARTESIAN_POINT('',(0.1,-7.87,7.35));
#10698 = VECTOR('',#10699,1.);
#10699 = DIRECTION('',(-1.,2.334869823773E-16,0.));
#10700 = ORIENTED_EDGE('',*,*,#10701,.T.);
#10701 = EDGE_CURVE('',#10694,#8732,#10702,.T.);
#10702 = LINE('',#10703,#10704);
#10703 = CARTESIAN_POINT('',(-0.1,-7.87,7.35));
#10704 = VECTOR('',#10705,1.);
#10705 = DIRECTION('',(-1.651002285576E-16,-0.707106781187,
    0.707106781187));
#10706 = ORIENTED_EDGE('',*,*,#8739,.F.);
#10707 = ORIENTED_EDGE('',*,*,#10677,.F.);
#10708 = PLANE('',#10709);
#10709 = AXIS2_PLACEMENT_3D('',#10710,#10711,#10712);
#10710 = CARTESIAN_POINT('',(0.1,-7.87,7.35));
#10711 = DIRECTION('',(1.651002285576E-16,0.707106781187,0.707106781187)
  );
#10712 = DIRECTION('',(-1.651002285576E-16,-0.707106781187,
    0.707106781187));
#10713 = ADVANCED_FACE('',(#10714),#10750,.F.);
#10714 = FACE_BOUND('',#10715,.F.);
#10715 = EDGE_LOOP('',(#10716,#10717,#10725,#10733,#10741,#10747,#10748,
    #10749));
#10716 = ORIENTED_EDGE('',*,*,#8827,.F.);
#10717 = ORIENTED_EDGE('',*,*,#10718,.T.);
#10718 = EDGE_CURVE('',#8820,#10719,#10721,.T.);
#10719 = VERTEX_POINT('',#10720);
#10720 = CARTESIAN_POINT('',(-0.1,-7.37,7.35));
#10721 = LINE('',#10722,#10723);
#10722 = CARTESIAN_POINT('',(-0.1,-7.32,7.4));
#10723 = VECTOR('',#10724,1.);
#10724 = DIRECTION('',(-1.651002285576E-16,-0.707106781187,
    -0.707106781187));
#10725 = ORIENTED_EDGE('',*,*,#10726,.T.);
#10726 = EDGE_CURVE('',#10719,#10727,#10729,.T.);
#10727 = VERTEX_POINT('',#10728);
#10728 = CARTESIAN_POINT('',(-0.1,-7.37,1.25));
#10729 = LINE('',#10730,#10731);
#10730 = CARTESIAN_POINT('',(-0.1,-7.37,7.35));
#10731 = VECTOR('',#10732,1.);
#10732 = DIRECTION('',(-0.,0.,-1.));
#10733 = ORIENTED_EDGE('',*,*,#10734,.T.);
#10734 = EDGE_CURVE('',#10727,#10735,#10737,.T.);
#10735 = VERTEX_POINT('',#10736);
#10736 = CARTESIAN_POINT('',(-0.1,-7.87,1.25));
#10737 = LINE('',#10738,#10739);
#10738 = CARTESIAN_POINT('',(-0.1,-7.37,1.25));
#10739 = VECTOR('',#10740,1.);
#10740 = DIRECTION('',(-2.334869823773E-16,-1.,0.));
#10741 = ORIENTED_EDGE('',*,*,#10742,.T.);
#10742 = EDGE_CURVE('',#10735,#10694,#10743,.T.);
#10743 = LINE('',#10744,#10745);
#10744 = CARTESIAN_POINT('',(-0.1,-7.87,1.25));
#10745 = VECTOR('',#10746,1.);
#10746 = DIRECTION('',(0.,0.,1.));
#10747 = ORIENTED_EDGE('',*,*,#10701,.T.);
#10748 = ORIENTED_EDGE('',*,*,#8731,.F.);
#10749 = ORIENTED_EDGE('',*,*,#10613,.T.);
#10750 = PLANE('',#10751);
#10751 = AXIS2_PLACEMENT_3D('',#10752,#10753,#10754);
#10752 = CARTESIAN_POINT('',(-0.1,-7.62,3.911477598424));
#10753 = DIRECTION('',(1.,-2.334869823773E-16,0.));
#10754 = DIRECTION('',(0.,0.,1.));
#10755 = ADVANCED_FACE('',(#10756),#10767,.T.);
#10756 = FACE_BOUND('',#10757,.T.);
#10757 = EDGE_LOOP('',(#10758,#10759,#10760,#10766));
#10758 = ORIENTED_EDGE('',*,*,#8819,.T.);
#10759 = ORIENTED_EDGE('',*,*,#10718,.T.);
#10760 = ORIENTED_EDGE('',*,*,#10761,.F.);
#10761 = EDGE_CURVE('',#10646,#10719,#10762,.T.);
#10762 = LINE('',#10763,#10764);
#10763 = CARTESIAN_POINT('',(0.1,-7.37,7.35));
#10764 = VECTOR('',#10765,1.);
#10765 = DIRECTION('',(-1.,2.334869823773E-16,0.));
#10766 = ORIENTED_EDGE('',*,*,#10645,.F.);
#10767 = PLANE('',#10768);
#10768 = AXIS2_PLACEMENT_3D('',#10769,#10770,#10771);
#10769 = CARTESIAN_POINT('',(0.1,-7.32,7.4));
#10770 = DIRECTION('',(-1.651002285576E-16,-0.707106781187,
    0.707106781187));
#10771 = DIRECTION('',(-1.651002285576E-16,-0.707106781187,
    -0.707106781187));
#10772 = ADVANCED_FACE('',(#10773),#10784,.T.);
#10773 = FACE_BOUND('',#10774,.T.);
#10774 = EDGE_LOOP('',(#10775,#10776,#10777,#10778));
#10775 = ORIENTED_EDGE('',*,*,#8995,.T.);
#10776 = ORIENTED_EDGE('',*,*,#8858,.T.);
#10777 = ORIENTED_EDGE('',*,*,#8883,.T.);
#10778 = ORIENTED_EDGE('',*,*,#10779,.T.);
#10779 = EDGE_CURVE('',#8884,#8988,#10780,.T.);
#10780 = LINE('',#10781,#10782);
#10781 = CARTESIAN_POINT('',(-0.1,-5.08,0.9));
#10782 = VECTOR('',#10783,1.);
#10783 = DIRECTION('',(2.334869823773E-16,1.,-0.));
#10784 = PLANE('',#10785);
#10785 = AXIS2_PLACEMENT_3D('',#10786,#10787,#10788);
#10786 = CARTESIAN_POINT('',(-7.860379014346E-16,-5.08,0.9));
#10787 = DIRECTION('',(0.,0.,1.));
#10788 = DIRECTION('',(-2.334869823773E-16,-1.,0.));
#10789 = ADVANCED_FACE('',(#10790),#10801,.T.);
#10790 = FACE_BOUND('',#10791,.T.);
#10791 = EDGE_LOOP('',(#10792,#10793,#10799,#10800));
#10792 = ORIENTED_EDGE('',*,*,#8963,.T.);
#10793 = ORIENTED_EDGE('',*,*,#10794,.F.);
#10794 = EDGE_CURVE('',#8908,#8964,#10795,.T.);
#10795 = LINE('',#10796,#10797);
#10796 = CARTESIAN_POINT('',(0.1,-5.08,0.9));
#10797 = VECTOR('',#10798,1.);
#10798 = DIRECTION('',(2.334869823773E-16,1.,-0.));
#10799 = ORIENTED_EDGE('',*,*,#8915,.T.);
#10800 = ORIENTED_EDGE('',*,*,#8938,.T.);
#10801 = PLANE('',#10802);
#10802 = AXIS2_PLACEMENT_3D('',#10803,#10804,#10805);
#10803 = CARTESIAN_POINT('',(-7.860379014346E-16,-5.08,0.9));
#10804 = DIRECTION('',(0.,0.,1.));
#10805 = DIRECTION('',(-2.334869823773E-16,-1.,0.));
#10806 = ADVANCED_FACE('',(#10807),#10850,.T.);
#10807 = FACE_BOUND('',#10808,.T.);
#10808 = EDGE_LOOP('',(#10809,#10810,#10818,#10826,#10834,#10842,#10848,
    #10849));
#10809 = ORIENTED_EDGE('',*,*,#8971,.F.);
#10810 = ORIENTED_EDGE('',*,*,#10811,.T.);
#10811 = EDGE_CURVE('',#8972,#10812,#10814,.T.);
#10812 = VERTEX_POINT('',#10813);
#10813 = CARTESIAN_POINT('',(0.1,-4.83,7.35));
#10814 = LINE('',#10815,#10816);
#10815 = CARTESIAN_POINT('',(0.1,-4.78,7.4));
#10816 = VECTOR('',#10817,1.);
#10817 = DIRECTION('',(-1.651002285576E-16,-0.707106781187,
    -0.707106781187));
#10818 = ORIENTED_EDGE('',*,*,#10819,.T.);
#10819 = EDGE_CURVE('',#10812,#10820,#10822,.T.);
#10820 = VERTEX_POINT('',#10821);
#10821 = CARTESIAN_POINT('',(0.1,-4.83,1.25));
#10822 = LINE('',#10823,#10824);
#10823 = CARTESIAN_POINT('',(0.1,-4.83,7.35));
#10824 = VECTOR('',#10825,1.);
#10825 = DIRECTION('',(-0.,0.,-1.));
#10826 = ORIENTED_EDGE('',*,*,#10827,.T.);
#10827 = EDGE_CURVE('',#10820,#10828,#10830,.T.);
#10828 = VERTEX_POINT('',#10829);
#10829 = CARTESIAN_POINT('',(0.1,-5.33,1.25));
#10830 = LINE('',#10831,#10832);
#10831 = CARTESIAN_POINT('',(0.1,-4.83,1.25));
#10832 = VECTOR('',#10833,1.);
#10833 = DIRECTION('',(-2.334869823773E-16,-1.,0.));
#10834 = ORIENTED_EDGE('',*,*,#10835,.T.);
#10835 = EDGE_CURVE('',#10828,#10836,#10838,.T.);
#10836 = VERTEX_POINT('',#10837);
#10837 = CARTESIAN_POINT('',(0.1,-5.33,7.35));
#10838 = LINE('',#10839,#10840);
#10839 = CARTESIAN_POINT('',(0.1,-5.33,1.25));
#10840 = VECTOR('',#10841,1.);
#10841 = DIRECTION('',(0.,0.,1.));
#10842 = ORIENTED_EDGE('',*,*,#10843,.T.);
#10843 = EDGE_CURVE('',#10836,#8900,#10844,.T.);
#10844 = LINE('',#10845,#10846);
#10845 = CARTESIAN_POINT('',(0.1,-5.33,7.35));
#10846 = VECTOR('',#10847,1.);
#10847 = DIRECTION('',(-1.651002285576E-16,-0.707106781187,
    0.707106781187));
#10848 = ORIENTED_EDGE('',*,*,#8907,.F.);
#10849 = ORIENTED_EDGE('',*,*,#10794,.T.);
#10850 = PLANE('',#10851);
#10851 = AXIS2_PLACEMENT_3D('',#10852,#10853,#10854);
#10852 = CARTESIAN_POINT('',(0.1,-5.08,3.911477598424));
#10853 = DIRECTION('',(1.,-2.334869823773E-16,0.));
#10854 = DIRECTION('',(0.,0.,1.));
#10855 = ADVANCED_FACE('',(#10856),#10874,.T.);
#10856 = FACE_BOUND('',#10857,.T.);
#10857 = EDGE_LOOP('',(#10858,#10866,#10872,#10873));
#10858 = ORIENTED_EDGE('',*,*,#10859,.T.);
#10859 = EDGE_CURVE('',#10836,#10860,#10862,.T.);
#10860 = VERTEX_POINT('',#10861);
#10861 = CARTESIAN_POINT('',(-0.1,-5.33,7.35));
#10862 = LINE('',#10863,#10864);
#10863 = CARTESIAN_POINT('',(0.1,-5.33,7.35));
#10864 = VECTOR('',#10865,1.);
#10865 = DIRECTION('',(-1.,2.334869823773E-16,0.));
#10866 = ORIENTED_EDGE('',*,*,#10867,.T.);
#10867 = EDGE_CURVE('',#10860,#8892,#10868,.T.);
#10868 = LINE('',#10869,#10870);
#10869 = CARTESIAN_POINT('',(-0.1,-5.33,7.35));
#10870 = VECTOR('',#10871,1.);
#10871 = DIRECTION('',(-1.651002285576E-16,-0.707106781187,
    0.707106781187));
#10872 = ORIENTED_EDGE('',*,*,#8899,.F.);
#10873 = ORIENTED_EDGE('',*,*,#10843,.F.);
#10874 = PLANE('',#10875);
#10875 = AXIS2_PLACEMENT_3D('',#10876,#10877,#10878);
#10876 = CARTESIAN_POINT('',(0.1,-5.33,7.35));
#10877 = DIRECTION('',(1.651002285576E-16,0.707106781187,0.707106781187)
  );
#10878 = DIRECTION('',(-1.651002285576E-16,-0.707106781187,
    0.707106781187));
#10879 = ADVANCED_FACE('',(#10880),#10916,.F.);
#10880 = FACE_BOUND('',#10881,.F.);
#10881 = EDGE_LOOP('',(#10882,#10883,#10891,#10899,#10907,#10913,#10914,
    #10915));
#10882 = ORIENTED_EDGE('',*,*,#8987,.F.);
#10883 = ORIENTED_EDGE('',*,*,#10884,.T.);
#10884 = EDGE_CURVE('',#8980,#10885,#10887,.T.);
#10885 = VERTEX_POINT('',#10886);
#10886 = CARTESIAN_POINT('',(-0.1,-4.83,7.35));
#10887 = LINE('',#10888,#10889);
#10888 = CARTESIAN_POINT('',(-0.1,-4.78,7.4));
#10889 = VECTOR('',#10890,1.);
#10890 = DIRECTION('',(-1.651002285576E-16,-0.707106781187,
    -0.707106781187));
#10891 = ORIENTED_EDGE('',*,*,#10892,.T.);
#10892 = EDGE_CURVE('',#10885,#10893,#10895,.T.);
#10893 = VERTEX_POINT('',#10894);
#10894 = CARTESIAN_POINT('',(-0.1,-4.83,1.25));
#10895 = LINE('',#10896,#10897);
#10896 = CARTESIAN_POINT('',(-0.1,-4.83,7.35));
#10897 = VECTOR('',#10898,1.);
#10898 = DIRECTION('',(-0.,0.,-1.));
#10899 = ORIENTED_EDGE('',*,*,#10900,.T.);
#10900 = EDGE_CURVE('',#10893,#10901,#10903,.T.);
#10901 = VERTEX_POINT('',#10902);
#10902 = CARTESIAN_POINT('',(-0.1,-5.33,1.25));
#10903 = LINE('',#10904,#10905);
#10904 = CARTESIAN_POINT('',(-0.1,-4.83,1.25));
#10905 = VECTOR('',#10906,1.);
#10906 = DIRECTION('',(-2.334869823773E-16,-1.,0.));
#10907 = ORIENTED_EDGE('',*,*,#10908,.T.);
#10908 = EDGE_CURVE('',#10901,#10860,#10909,.T.);
#10909 = LINE('',#10910,#10911);
#10910 = CARTESIAN_POINT('',(-0.1,-5.33,1.25));
#10911 = VECTOR('',#10912,1.);
#10912 = DIRECTION('',(0.,0.,1.));
#10913 = ORIENTED_EDGE('',*,*,#10867,.T.);
#10914 = ORIENTED_EDGE('',*,*,#8891,.F.);
#10915 = ORIENTED_EDGE('',*,*,#10779,.T.);
#10916 = PLANE('',#10917);
#10917 = AXIS2_PLACEMENT_3D('',#10918,#10919,#10920);
#10918 = CARTESIAN_POINT('',(-0.1,-5.08,3.911477598424));
#10919 = DIRECTION('',(1.,-2.334869823773E-16,0.));
#10920 = DIRECTION('',(0.,0.,1.));
#10921 = ADVANCED_FACE('',(#10922),#10933,.T.);
#10922 = FACE_BOUND('',#10923,.T.);
#10923 = EDGE_LOOP('',(#10924,#10925,#10926,#10932));
#10924 = ORIENTED_EDGE('',*,*,#8979,.T.);
#10925 = ORIENTED_EDGE('',*,*,#10884,.T.);
#10926 = ORIENTED_EDGE('',*,*,#10927,.F.);
#10927 = EDGE_CURVE('',#10812,#10885,#10928,.T.);
#10928 = LINE('',#10929,#10930);
#10929 = CARTESIAN_POINT('',(0.1,-4.83,7.35));
#10930 = VECTOR('',#10931,1.);
#10931 = DIRECTION('',(-1.,2.334869823773E-16,0.));
#10932 = ORIENTED_EDGE('',*,*,#10811,.F.);
#10933 = PLANE('',#10934);
#10934 = AXIS2_PLACEMENT_3D('',#10935,#10936,#10937);
#10935 = CARTESIAN_POINT('',(0.1,-4.78,7.4));
#10936 = DIRECTION('',(-1.651002285576E-16,-0.707106781187,
    0.707106781187));
#10937 = DIRECTION('',(-1.651002285576E-16,-0.707106781187,
    -0.707106781187));
#10938 = ADVANCED_FACE('',(#10939),#10950,.T.);
#10939 = FACE_BOUND('',#10940,.T.);
#10940 = EDGE_LOOP('',(#10941,#10942,#10943,#10944));
#10941 = ORIENTED_EDGE('',*,*,#9155,.T.);
#10942 = ORIENTED_EDGE('',*,*,#9018,.T.);
#10943 = ORIENTED_EDGE('',*,*,#9043,.T.);
#10944 = ORIENTED_EDGE('',*,*,#10945,.T.);
#10945 = EDGE_CURVE('',#9044,#9148,#10946,.T.);
#10946 = LINE('',#10947,#10948);
#10947 = CARTESIAN_POINT('',(-0.1,-2.54,0.9));
#10948 = VECTOR('',#10949,1.);
#10949 = DIRECTION('',(2.334869823773E-16,1.,-0.));
#10950 = PLANE('',#10951);
#10951 = AXIS2_PLACEMENT_3D('',#10952,#10953,#10954);
#10952 = CARTESIAN_POINT('',(-5.995204332976E-17,-2.54,0.9));
#10953 = DIRECTION('',(0.,0.,1.));
#10954 = DIRECTION('',(-2.334869823773E-16,-1.,0.));
#10955 = ADVANCED_FACE('',(#10956),#10967,.T.);
#10956 = FACE_BOUND('',#10957,.T.);
#10957 = EDGE_LOOP('',(#10958,#10959,#10965,#10966));
#10958 = ORIENTED_EDGE('',*,*,#9123,.T.);
#10959 = ORIENTED_EDGE('',*,*,#10960,.F.);
#10960 = EDGE_CURVE('',#9068,#9124,#10961,.T.);
#10961 = LINE('',#10962,#10963);
#10962 = CARTESIAN_POINT('',(0.1,-2.54,0.9));
#10963 = VECTOR('',#10964,1.);
#10964 = DIRECTION('',(2.334869823773E-16,1.,-0.));
#10965 = ORIENTED_EDGE('',*,*,#9075,.T.);
#10966 = ORIENTED_EDGE('',*,*,#9098,.T.);
#10967 = PLANE('',#10968);
#10968 = AXIS2_PLACEMENT_3D('',#10969,#10970,#10971);
#10969 = CARTESIAN_POINT('',(-5.995204332976E-17,-2.54,0.9));
#10970 = DIRECTION('',(0.,0.,1.));
#10971 = DIRECTION('',(-2.334869823773E-16,-1.,0.));
#10972 = ADVANCED_FACE('',(#10973),#11016,.T.);
#10973 = FACE_BOUND('',#10974,.T.);
#10974 = EDGE_LOOP('',(#10975,#10976,#10984,#10992,#11000,#11008,#11014,
    #11015));
#10975 = ORIENTED_EDGE('',*,*,#9131,.F.);
#10976 = ORIENTED_EDGE('',*,*,#10977,.T.);
#10977 = EDGE_CURVE('',#9132,#10978,#10980,.T.);
#10978 = VERTEX_POINT('',#10979);
#10979 = CARTESIAN_POINT('',(0.1,-2.29,7.35));
#10980 = LINE('',#10981,#10982);
#10981 = CARTESIAN_POINT('',(0.1,-2.24,7.4));
#10982 = VECTOR('',#10983,1.);
#10983 = DIRECTION('',(-1.651002285576E-16,-0.707106781187,
    -0.707106781187));
#10984 = ORIENTED_EDGE('',*,*,#10985,.T.);
#10985 = EDGE_CURVE('',#10978,#10986,#10988,.T.);
#10986 = VERTEX_POINT('',#10987);
#10987 = CARTESIAN_POINT('',(0.1,-2.29,1.25));
#10988 = LINE('',#10989,#10990);
#10989 = CARTESIAN_POINT('',(0.1,-2.29,7.35));
#10990 = VECTOR('',#10991,1.);
#10991 = DIRECTION('',(-0.,0.,-1.));
#10992 = ORIENTED_EDGE('',*,*,#10993,.T.);
#10993 = EDGE_CURVE('',#10986,#10994,#10996,.T.);
#10994 = VERTEX_POINT('',#10995);
#10995 = CARTESIAN_POINT('',(0.1,-2.79,1.25));
#10996 = LINE('',#10997,#10998);
#10997 = CARTESIAN_POINT('',(0.1,-2.29,1.25));
#10998 = VECTOR('',#10999,1.);
#10999 = DIRECTION('',(-2.334869823773E-16,-1.,0.));
#11000 = ORIENTED_EDGE('',*,*,#11001,.T.);
#11001 = EDGE_CURVE('',#10994,#11002,#11004,.T.);
#11002 = VERTEX_POINT('',#11003);
#11003 = CARTESIAN_POINT('',(0.1,-2.79,7.35));
#11004 = LINE('',#11005,#11006);
#11005 = CARTESIAN_POINT('',(0.1,-2.79,1.25));
#11006 = VECTOR('',#11007,1.);
#11007 = DIRECTION('',(0.,0.,1.));
#11008 = ORIENTED_EDGE('',*,*,#11009,.T.);
#11009 = EDGE_CURVE('',#11002,#9060,#11010,.T.);
#11010 = LINE('',#11011,#11012);
#11011 = CARTESIAN_POINT('',(0.1,-2.79,7.35));
#11012 = VECTOR('',#11013,1.);
#11013 = DIRECTION('',(-1.651002285576E-16,-0.707106781187,
    0.707106781187));
#11014 = ORIENTED_EDGE('',*,*,#9067,.F.);
#11015 = ORIENTED_EDGE('',*,*,#10960,.T.);
#11016 = PLANE('',#11017);
#11017 = AXIS2_PLACEMENT_3D('',#11018,#11019,#11020);
#11018 = CARTESIAN_POINT('',(0.1,-2.54,3.911477598424));
#11019 = DIRECTION('',(1.,-2.334869823773E-16,0.));
#11020 = DIRECTION('',(0.,0.,1.));
#11021 = ADVANCED_FACE('',(#11022),#11040,.T.);
#11022 = FACE_BOUND('',#11023,.T.);
#11023 = EDGE_LOOP('',(#11024,#11032,#11038,#11039));
#11024 = ORIENTED_EDGE('',*,*,#11025,.T.);
#11025 = EDGE_CURVE('',#11002,#11026,#11028,.T.);
#11026 = VERTEX_POINT('',#11027);
#11027 = CARTESIAN_POINT('',(-0.1,-2.79,7.35));
#11028 = LINE('',#11029,#11030);
#11029 = CARTESIAN_POINT('',(0.1,-2.79,7.35));
#11030 = VECTOR('',#11031,1.);
#11031 = DIRECTION('',(-1.,2.334869823773E-16,0.));
#11032 = ORIENTED_EDGE('',*,*,#11033,.T.);
#11033 = EDGE_CURVE('',#11026,#9052,#11034,.T.);
#11034 = LINE('',#11035,#11036);
#11035 = CARTESIAN_POINT('',(-0.1,-2.79,7.35));
#11036 = VECTOR('',#11037,1.);
#11037 = DIRECTION('',(-1.651002285576E-16,-0.707106781187,
    0.707106781187));
#11038 = ORIENTED_EDGE('',*,*,#9059,.F.);
#11039 = ORIENTED_EDGE('',*,*,#11009,.F.);
#11040 = PLANE('',#11041);
#11041 = AXIS2_PLACEMENT_3D('',#11042,#11043,#11044);
#11042 = CARTESIAN_POINT('',(0.1,-2.79,7.35));
#11043 = DIRECTION('',(1.651002285576E-16,0.707106781187,0.707106781187)
  );
#11044 = DIRECTION('',(-1.651002285576E-16,-0.707106781187,
    0.707106781187));
#11045 = ADVANCED_FACE('',(#11046),#11082,.F.);
#11046 = FACE_BOUND('',#11047,.F.);
#11047 = EDGE_LOOP('',(#11048,#11049,#11057,#11065,#11073,#11079,#11080,
    #11081));
#11048 = ORIENTED_EDGE('',*,*,#9147,.F.);
#11049 = ORIENTED_EDGE('',*,*,#11050,.T.);
#11050 = EDGE_CURVE('',#9140,#11051,#11053,.T.);
#11051 = VERTEX_POINT('',#11052);
#11052 = CARTESIAN_POINT('',(-0.1,-2.29,7.35));
#11053 = LINE('',#11054,#11055);
#11054 = CARTESIAN_POINT('',(-0.1,-2.24,7.4));
#11055 = VECTOR('',#11056,1.);
#11056 = DIRECTION('',(-1.651002285576E-16,-0.707106781187,
    -0.707106781187));
#11057 = ORIENTED_EDGE('',*,*,#11058,.T.);
#11058 = EDGE_CURVE('',#11051,#11059,#11061,.T.);
#11059 = VERTEX_POINT('',#11060);
#11060 = CARTESIAN_POINT('',(-0.1,-2.29,1.25));
#11061 = LINE('',#11062,#11063);
#11062 = CARTESIAN_POINT('',(-0.1,-2.29,7.35));
#11063 = VECTOR('',#11064,1.);
#11064 = DIRECTION('',(-0.,0.,-1.));
#11065 = ORIENTED_EDGE('',*,*,#11066,.T.);
#11066 = EDGE_CURVE('',#11059,#11067,#11069,.T.);
#11067 = VERTEX_POINT('',#11068);
#11068 = CARTESIAN_POINT('',(-0.1,-2.79,1.25));
#11069 = LINE('',#11070,#11071);
#11070 = CARTESIAN_POINT('',(-0.1,-2.29,1.25));
#11071 = VECTOR('',#11072,1.);
#11072 = DIRECTION('',(-2.334869823773E-16,-1.,0.));
#11073 = ORIENTED_EDGE('',*,*,#11074,.T.);
#11074 = EDGE_CURVE('',#11067,#11026,#11075,.T.);
#11075 = LINE('',#11076,#11077);
#11076 = CARTESIAN_POINT('',(-0.1,-2.79,1.25));
#11077 = VECTOR('',#11078,1.);
#11078 = DIRECTION('',(0.,0.,1.));
#11079 = ORIENTED_EDGE('',*,*,#11033,.T.);
#11080 = ORIENTED_EDGE('',*,*,#9051,.F.);
#11081 = ORIENTED_EDGE('',*,*,#10945,.T.);
#11082 = PLANE('',#11083);
#11083 = AXIS2_PLACEMENT_3D('',#11084,#11085,#11086);
#11084 = CARTESIAN_POINT('',(-0.1,-2.54,3.911477598424));
#11085 = DIRECTION('',(1.,-2.334869823773E-16,0.));
#11086 = DIRECTION('',(0.,0.,1.));
#11087 = ADVANCED_FACE('',(#11088),#11099,.T.);
#11088 = FACE_BOUND('',#11089,.T.);
#11089 = EDGE_LOOP('',(#11090,#11091,#11092,#11098));
#11090 = ORIENTED_EDGE('',*,*,#9139,.T.);
#11091 = ORIENTED_EDGE('',*,*,#11050,.T.);
#11092 = ORIENTED_EDGE('',*,*,#11093,.F.);
#11093 = EDGE_CURVE('',#10978,#11051,#11094,.T.);
#11094 = LINE('',#11095,#11096);
#11095 = CARTESIAN_POINT('',(0.1,-2.29,7.35));
#11096 = VECTOR('',#11097,1.);
#11097 = DIRECTION('',(-1.,2.334869823773E-16,0.));
#11098 = ORIENTED_EDGE('',*,*,#10977,.F.);
#11099 = PLANE('',#11100);
#11100 = AXIS2_PLACEMENT_3D('',#11101,#11102,#11103);
#11101 = CARTESIAN_POINT('',(0.1,-2.24,7.4));
#11102 = DIRECTION('',(-1.651002285576E-16,-0.707106781187,
    0.707106781187));
#11103 = DIRECTION('',(-1.651002285576E-16,-0.707106781187,
    -0.707106781187));
#11104 = ADVANCED_FACE('',(#11105),#11116,.T.);
#11105 = FACE_BOUND('',#11106,.T.);
#11106 = EDGE_LOOP('',(#11107,#11108,#11109,#11110));
#11107 = ORIENTED_EDGE('',*,*,#9315,.T.);
#11108 = ORIENTED_EDGE('',*,*,#9178,.T.);
#11109 = ORIENTED_EDGE('',*,*,#9203,.T.);
#11110 = ORIENTED_EDGE('',*,*,#11111,.T.);
#11111 = EDGE_CURVE('',#9204,#9308,#11112,.T.);
#11112 = LINE('',#11113,#11114);
#11113 = CARTESIAN_POINT('',(-0.1,-4.268637456081E-16,0.9));
#11114 = VECTOR('',#11115,1.);
#11115 = DIRECTION('',(2.334869823773E-16,1.,-0.));
#11116 = PLANE('',#11117);
#11117 = AXIS2_PLACEMENT_3D('',#11118,#11119,#11120);
#11118 = CARTESIAN_POINT('',(4.440892098501E-16,-8.881784197001E-16,0.9)
  );
#11119 = DIRECTION('',(0.,0.,1.));
#11120 = DIRECTION('',(-2.334869823773E-16,-1.,0.));
#11121 = ADVANCED_FACE('',(#11122),#11133,.T.);
#11122 = FACE_BOUND('',#11123,.T.);
#11123 = EDGE_LOOP('',(#11124,#11125,#11131,#11132));
#11124 = ORIENTED_EDGE('',*,*,#9283,.T.);
#11125 = ORIENTED_EDGE('',*,*,#11126,.F.);
#11126 = EDGE_CURVE('',#9228,#9284,#11127,.T.);
#11127 = LINE('',#11128,#11129);
#11128 = CARTESIAN_POINT('',(0.1,-4.613146740921E-16,0.9));
#11129 = VECTOR('',#11130,1.);
#11130 = DIRECTION('',(2.334869823773E-16,1.,-0.));
#11131 = ORIENTED_EDGE('',*,*,#9235,.T.);
#11132 = ORIENTED_EDGE('',*,*,#9258,.T.);
#11133 = PLANE('',#11134);
#11134 = AXIS2_PLACEMENT_3D('',#11135,#11136,#11137);
#11135 = CARTESIAN_POINT('',(4.440892098501E-16,-8.881784197001E-16,0.9)
  );
#11136 = DIRECTION('',(0.,0.,1.));
#11137 = DIRECTION('',(-2.334869823773E-16,-1.,0.));
#11138 = ADVANCED_FACE('',(#11139),#11182,.T.);
#11139 = FACE_BOUND('',#11140,.T.);
#11140 = EDGE_LOOP('',(#11141,#11142,#11150,#11158,#11166,#11174,#11180,
    #11181));
#11141 = ORIENTED_EDGE('',*,*,#9291,.F.);
#11142 = ORIENTED_EDGE('',*,*,#11143,.T.);
#11143 = EDGE_CURVE('',#9292,#11144,#11146,.T.);
#11144 = VERTEX_POINT('',#11145);
#11145 = CARTESIAN_POINT('',(0.1,0.25,7.35));
#11146 = LINE('',#11147,#11148);
#11147 = CARTESIAN_POINT('',(0.1,0.3,7.4));
#11148 = VECTOR('',#11149,1.);
#11149 = DIRECTION('',(-1.651002285576E-16,-0.707106781187,
    -0.707106781187));
#11150 = ORIENTED_EDGE('',*,*,#11151,.T.);
#11151 = EDGE_CURVE('',#11144,#11152,#11154,.T.);
#11152 = VERTEX_POINT('',#11153);
#11153 = CARTESIAN_POINT('',(0.1,0.25,1.25));
#11154 = LINE('',#11155,#11156);
#11155 = CARTESIAN_POINT('',(0.1,0.25,7.35));
#11156 = VECTOR('',#11157,1.);
#11157 = DIRECTION('',(-0.,0.,-1.));
#11158 = ORIENTED_EDGE('',*,*,#11159,.T.);
#11159 = EDGE_CURVE('',#11152,#11160,#11162,.T.);
#11160 = VERTEX_POINT('',#11161);
#11161 = CARTESIAN_POINT('',(0.1,-0.25,1.25));
#11162 = LINE('',#11163,#11164);
#11163 = CARTESIAN_POINT('',(0.1,0.25,1.25));
#11164 = VECTOR('',#11165,1.);
#11165 = DIRECTION('',(-2.334869823773E-16,-1.,0.));
#11166 = ORIENTED_EDGE('',*,*,#11167,.T.);
#11167 = EDGE_CURVE('',#11160,#11168,#11170,.T.);
#11168 = VERTEX_POINT('',#11169);
#11169 = CARTESIAN_POINT('',(0.1,-0.25,7.35));
#11170 = LINE('',#11171,#11172);
#11171 = CARTESIAN_POINT('',(0.1,-0.25,1.25));
#11172 = VECTOR('',#11173,1.);
#11173 = DIRECTION('',(0.,0.,1.));
#11174 = ORIENTED_EDGE('',*,*,#11175,.T.);
#11175 = EDGE_CURVE('',#11168,#9220,#11176,.T.);
#11176 = LINE('',#11177,#11178);
#11177 = CARTESIAN_POINT('',(0.1,-0.25,7.35));
#11178 = VECTOR('',#11179,1.);
#11179 = DIRECTION('',(-1.651002285576E-16,-0.707106781187,
    0.707106781187));
#11180 = ORIENTED_EDGE('',*,*,#9227,.F.);
#11181 = ORIENTED_EDGE('',*,*,#11126,.T.);
#11182 = PLANE('',#11183);
#11183 = AXIS2_PLACEMENT_3D('',#11184,#11185,#11186);
#11184 = CARTESIAN_POINT('',(0.1,-1.110223024625E-17,3.911477598424));
#11185 = DIRECTION('',(1.,-2.334869823773E-16,0.));
#11186 = DIRECTION('',(0.,0.,1.));
#11187 = ADVANCED_FACE('',(#11188),#11206,.T.);
#11188 = FACE_BOUND('',#11189,.T.);
#11189 = EDGE_LOOP('',(#11190,#11198,#11204,#11205));
#11190 = ORIENTED_EDGE('',*,*,#11191,.T.);
#11191 = EDGE_CURVE('',#11168,#11192,#11194,.T.);
#11192 = VERTEX_POINT('',#11193);
#11193 = CARTESIAN_POINT('',(-0.1,-0.25,7.35));
#11194 = LINE('',#11195,#11196);
#11195 = CARTESIAN_POINT('',(0.1,-0.25,7.35));
#11196 = VECTOR('',#11197,1.);
#11197 = DIRECTION('',(-1.,2.334869823773E-16,0.));
#11198 = ORIENTED_EDGE('',*,*,#11199,.T.);
#11199 = EDGE_CURVE('',#11192,#9212,#11200,.T.);
#11200 = LINE('',#11201,#11202);
#11201 = CARTESIAN_POINT('',(-0.1,-0.25,7.35));
#11202 = VECTOR('',#11203,1.);
#11203 = DIRECTION('',(-1.651002285576E-16,-0.707106781187,
    0.707106781187));
#11204 = ORIENTED_EDGE('',*,*,#9219,.F.);
#11205 = ORIENTED_EDGE('',*,*,#11175,.F.);
#11206 = PLANE('',#11207);
#11207 = AXIS2_PLACEMENT_3D('',#11208,#11209,#11210);
#11208 = CARTESIAN_POINT('',(0.1,-0.25,7.35));
#11209 = DIRECTION('',(1.651002285576E-16,0.707106781187,0.707106781187)
  );
#11210 = DIRECTION('',(-1.651002285576E-16,-0.707106781187,
    0.707106781187));
#11211 = ADVANCED_FACE('',(#11212),#11248,.F.);
#11212 = FACE_BOUND('',#11213,.F.);
#11213 = EDGE_LOOP('',(#11214,#11215,#11223,#11231,#11239,#11245,#11246,
    #11247));
#11214 = ORIENTED_EDGE('',*,*,#9307,.F.);
#11215 = ORIENTED_EDGE('',*,*,#11216,.T.);
#11216 = EDGE_CURVE('',#9300,#11217,#11219,.T.);
#11217 = VERTEX_POINT('',#11218);
#11218 = CARTESIAN_POINT('',(-0.1,0.25,7.35));
#11219 = LINE('',#11220,#11221);
#11220 = CARTESIAN_POINT('',(-0.1,0.3,7.4));
#11221 = VECTOR('',#11222,1.);
#11222 = DIRECTION('',(-1.651002285576E-16,-0.707106781187,
    -0.707106781187));
#11223 = ORIENTED_EDGE('',*,*,#11224,.T.);
#11224 = EDGE_CURVE('',#11217,#11225,#11227,.T.);
#11225 = VERTEX_POINT('',#11226);
#11226 = CARTESIAN_POINT('',(-0.1,0.25,1.25));
#11227 = LINE('',#11228,#11229);
#11228 = CARTESIAN_POINT('',(-0.1,0.25,7.35));
#11229 = VECTOR('',#11230,1.);
#11230 = DIRECTION('',(-0.,0.,-1.));
#11231 = ORIENTED_EDGE('',*,*,#11232,.T.);
#11232 = EDGE_CURVE('',#11225,#11233,#11235,.T.);
#11233 = VERTEX_POINT('',#11234);
#11234 = CARTESIAN_POINT('',(-0.1,-0.25,1.25));
#11235 = LINE('',#11236,#11237);
#11236 = CARTESIAN_POINT('',(-0.1,0.25,1.25));
#11237 = VECTOR('',#11238,1.);
#11238 = DIRECTION('',(-2.334869823773E-16,-1.,0.));
#11239 = ORIENTED_EDGE('',*,*,#11240,.T.);
#11240 = EDGE_CURVE('',#11233,#11192,#11241,.T.);
#11241 = LINE('',#11242,#11243);
#11242 = CARTESIAN_POINT('',(-0.1,-0.25,1.25));
#11243 = VECTOR('',#11244,1.);
#11244 = DIRECTION('',(0.,0.,1.));
#11245 = ORIENTED_EDGE('',*,*,#11199,.T.);
#11246 = ORIENTED_EDGE('',*,*,#9211,.F.);
#11247 = ORIENTED_EDGE('',*,*,#11111,.T.);
#11248 = PLANE('',#11249);
#11249 = AXIS2_PLACEMENT_3D('',#11250,#11251,#11252);
#11250 = CARTESIAN_POINT('',(-0.1,1.110223024625E-17,3.911477598424));
#11251 = DIRECTION('',(1.,-2.334869823773E-16,0.));
#11252 = DIRECTION('',(0.,0.,1.));
#11253 = ADVANCED_FACE('',(#11254),#11265,.T.);
#11254 = FACE_BOUND('',#11255,.T.);
#11255 = EDGE_LOOP('',(#11256,#11257,#11258,#11264));
#11256 = ORIENTED_EDGE('',*,*,#9299,.T.);
#11257 = ORIENTED_EDGE('',*,*,#11216,.T.);
#11258 = ORIENTED_EDGE('',*,*,#11259,.F.);
#11259 = EDGE_CURVE('',#11144,#11217,#11260,.T.);
#11260 = LINE('',#11261,#11262);
#11261 = CARTESIAN_POINT('',(0.1,0.25,7.35));
#11262 = VECTOR('',#11263,1.);
#11263 = DIRECTION('',(-1.,2.334869823773E-16,0.));
#11264 = ORIENTED_EDGE('',*,*,#11143,.F.);
#11265 = PLANE('',#11266);
#11266 = AXIS2_PLACEMENT_3D('',#11267,#11268,#11269);
#11267 = CARTESIAN_POINT('',(0.1,0.3,7.4));
#11268 = DIRECTION('',(-1.651002285576E-16,-0.707106781187,
    0.707106781187));
#11269 = DIRECTION('',(-1.651002285576E-16,-0.707106781187,
    -0.707106781187));
#11270 = ADVANCED_FACE('',(#11271),#11282,.T.);
#11271 = FACE_BOUND('',#11272,.T.);
#11272 = EDGE_LOOP('',(#11273,#11274,#11275,#11276));
#11273 = ORIENTED_EDGE('',*,*,#9475,.T.);
#11274 = ORIENTED_EDGE('',*,*,#9338,.T.);
#11275 = ORIENTED_EDGE('',*,*,#9363,.T.);
#11276 = ORIENTED_EDGE('',*,*,#11277,.T.);
#11277 = EDGE_CURVE('',#9364,#9468,#11278,.T.);
#11278 = LINE('',#11279,#11280);
#11279 = CARTESIAN_POINT('',(-2.44,-7.62,0.9));
#11280 = VECTOR('',#11281,1.);
#11281 = DIRECTION('',(-1.110223024625E-16,-1.,0.));
#11282 = PLANE('',#11283);
#11283 = AXIS2_PLACEMENT_3D('',#11284,#11285,#11286);
#11284 = CARTESIAN_POINT('',(-2.54,-7.62,0.9));
#11285 = DIRECTION('',(0.,0.,1.));
#11286 = DIRECTION('',(1.110223024625E-16,1.,-0.));
#11287 = ADVANCED_FACE('',(#11288),#11299,.T.);
#11288 = FACE_BOUND('',#11289,.T.);
#11289 = EDGE_LOOP('',(#11290,#11291,#11297,#11298));
#11290 = ORIENTED_EDGE('',*,*,#9443,.T.);
#11291 = ORIENTED_EDGE('',*,*,#11292,.F.);
#11292 = EDGE_CURVE('',#9388,#9444,#11293,.T.);
#11293 = LINE('',#11294,#11295);
#11294 = CARTESIAN_POINT('',(-2.64,-7.62,0.9));
#11295 = VECTOR('',#11296,1.);
#11296 = DIRECTION('',(-1.110223024625E-16,-1.,0.));
#11297 = ORIENTED_EDGE('',*,*,#9395,.T.);
#11298 = ORIENTED_EDGE('',*,*,#9418,.T.);
#11299 = PLANE('',#11300);
#11300 = AXIS2_PLACEMENT_3D('',#11301,#11302,#11303);
#11301 = CARTESIAN_POINT('',(-2.54,-7.62,0.9));
#11302 = DIRECTION('',(0.,0.,1.));
#11303 = DIRECTION('',(1.110223024625E-16,1.,-0.));
#11304 = ADVANCED_FACE('',(#11305),#11348,.T.);
#11305 = FACE_BOUND('',#11306,.T.);
#11306 = EDGE_LOOP('',(#11307,#11308,#11316,#11324,#11332,#11340,#11346,
    #11347));
#11307 = ORIENTED_EDGE('',*,*,#9451,.F.);
#11308 = ORIENTED_EDGE('',*,*,#11309,.T.);
#11309 = EDGE_CURVE('',#9452,#11310,#11312,.T.);
#11310 = VERTEX_POINT('',#11311);
#11311 = CARTESIAN_POINT('',(-2.64,-7.87,7.35));
#11312 = LINE('',#11313,#11314);
#11313 = CARTESIAN_POINT('',(-2.64,-7.92,7.4));
#11314 = VECTOR('',#11315,1.);
#11315 = DIRECTION('',(7.850462293414E-17,0.707106781187,-0.707106781187
    ));
#11316 = ORIENTED_EDGE('',*,*,#11317,.T.);
#11317 = EDGE_CURVE('',#11310,#11318,#11320,.T.);
#11318 = VERTEX_POINT('',#11319);
#11319 = CARTESIAN_POINT('',(-2.64,-7.87,1.25));
#11320 = LINE('',#11321,#11322);
#11321 = CARTESIAN_POINT('',(-2.64,-7.87,7.35));
#11322 = VECTOR('',#11323,1.);
#11323 = DIRECTION('',(0.,0.,-1.));
#11324 = ORIENTED_EDGE('',*,*,#11325,.T.);
#11325 = EDGE_CURVE('',#11318,#11326,#11328,.T.);
#11326 = VERTEX_POINT('',#11327);
#11327 = CARTESIAN_POINT('',(-2.64,-7.37,1.25));
#11328 = LINE('',#11329,#11330);
#11329 = CARTESIAN_POINT('',(-2.64,-7.87,1.25));
#11330 = VECTOR('',#11331,1.);
#11331 = DIRECTION('',(1.110223024625E-16,1.,0.));
#11332 = ORIENTED_EDGE('',*,*,#11333,.T.);
#11333 = EDGE_CURVE('',#11326,#11334,#11336,.T.);
#11334 = VERTEX_POINT('',#11335);
#11335 = CARTESIAN_POINT('',(-2.64,-7.37,7.35));
#11336 = LINE('',#11337,#11338);
#11337 = CARTESIAN_POINT('',(-2.64,-7.37,1.25));
#11338 = VECTOR('',#11339,1.);
#11339 = DIRECTION('',(0.,0.,1.));
#11340 = ORIENTED_EDGE('',*,*,#11341,.T.);
#11341 = EDGE_CURVE('',#11334,#9380,#11342,.T.);
#11342 = LINE('',#11343,#11344);
#11343 = CARTESIAN_POINT('',(-2.64,-7.37,7.35));
#11344 = VECTOR('',#11345,1.);
#11345 = DIRECTION('',(7.850462293414E-17,0.707106781187,0.707106781187)
  );
#11346 = ORIENTED_EDGE('',*,*,#9387,.F.);
#11347 = ORIENTED_EDGE('',*,*,#11292,.T.);
#11348 = PLANE('',#11349);
#11349 = AXIS2_PLACEMENT_3D('',#11350,#11351,#11352);
#11350 = CARTESIAN_POINT('',(-2.64,-7.62,3.911477598424));
#11351 = DIRECTION('',(-1.,1.110223024625E-16,0.));
#11352 = DIRECTION('',(0.,0.,1.));
#11353 = ADVANCED_FACE('',(#11354),#11372,.T.);
#11354 = FACE_BOUND('',#11355,.T.);
#11355 = EDGE_LOOP('',(#11356,#11364,#11370,#11371));
#11356 = ORIENTED_EDGE('',*,*,#11357,.T.);
#11357 = EDGE_CURVE('',#11334,#11358,#11360,.T.);
#11358 = VERTEX_POINT('',#11359);
#11359 = CARTESIAN_POINT('',(-2.44,-7.37,7.35));
#11360 = LINE('',#11361,#11362);
#11361 = CARTESIAN_POINT('',(-2.64,-7.37,7.35));
#11362 = VECTOR('',#11363,1.);
#11363 = DIRECTION('',(1.,-1.110223024625E-16,0.));
#11364 = ORIENTED_EDGE('',*,*,#11365,.T.);
#11365 = EDGE_CURVE('',#11358,#9372,#11366,.T.);
#11366 = LINE('',#11367,#11368);
#11367 = CARTESIAN_POINT('',(-2.44,-7.37,7.35));
#11368 = VECTOR('',#11369,1.);
#11369 = DIRECTION('',(7.850462293414E-17,0.707106781187,0.707106781187)
  );
#11370 = ORIENTED_EDGE('',*,*,#9379,.F.);
#11371 = ORIENTED_EDGE('',*,*,#11341,.F.);
#11372 = PLANE('',#11373);
#11373 = AXIS2_PLACEMENT_3D('',#11374,#11375,#11376);
#11374 = CARTESIAN_POINT('',(-2.64,-7.37,7.35));
#11375 = DIRECTION('',(-7.850462293414E-17,-0.707106781187,
    0.707106781187));
#11376 = DIRECTION('',(7.850462293414E-17,0.707106781187,0.707106781187)
  );
#11377 = ADVANCED_FACE('',(#11378),#11414,.F.);
#11378 = FACE_BOUND('',#11379,.F.);
#11379 = EDGE_LOOP('',(#11380,#11381,#11389,#11397,#11405,#11411,#11412,
    #11413));
#11380 = ORIENTED_EDGE('',*,*,#9467,.F.);
#11381 = ORIENTED_EDGE('',*,*,#11382,.T.);
#11382 = EDGE_CURVE('',#9460,#11383,#11385,.T.);
#11383 = VERTEX_POINT('',#11384);
#11384 = CARTESIAN_POINT('',(-2.44,-7.87,7.35));
#11385 = LINE('',#11386,#11387);
#11386 = CARTESIAN_POINT('',(-2.44,-7.92,7.4));
#11387 = VECTOR('',#11388,1.);
#11388 = DIRECTION('',(7.850462293414E-17,0.707106781187,-0.707106781187
    ));
#11389 = ORIENTED_EDGE('',*,*,#11390,.T.);
#11390 = EDGE_CURVE('',#11383,#11391,#11393,.T.);
#11391 = VERTEX_POINT('',#11392);
#11392 = CARTESIAN_POINT('',(-2.44,-7.87,1.25));
#11393 = LINE('',#11394,#11395);
#11394 = CARTESIAN_POINT('',(-2.44,-7.87,7.35));
#11395 = VECTOR('',#11396,1.);
#11396 = DIRECTION('',(0.,0.,-1.));
#11397 = ORIENTED_EDGE('',*,*,#11398,.T.);
#11398 = EDGE_CURVE('',#11391,#11399,#11401,.T.);
#11399 = VERTEX_POINT('',#11400);
#11400 = CARTESIAN_POINT('',(-2.44,-7.37,1.25));
#11401 = LINE('',#11402,#11403);
#11402 = CARTESIAN_POINT('',(-2.44,-7.87,1.25));
#11403 = VECTOR('',#11404,1.);
#11404 = DIRECTION('',(1.110223024625E-16,1.,0.));
#11405 = ORIENTED_EDGE('',*,*,#11406,.T.);
#11406 = EDGE_CURVE('',#11399,#11358,#11407,.T.);
#11407 = LINE('',#11408,#11409);
#11408 = CARTESIAN_POINT('',(-2.44,-7.37,1.25));
#11409 = VECTOR('',#11410,1.);
#11410 = DIRECTION('',(0.,0.,1.));
#11411 = ORIENTED_EDGE('',*,*,#11365,.T.);
#11412 = ORIENTED_EDGE('',*,*,#9371,.F.);
#11413 = ORIENTED_EDGE('',*,*,#11277,.T.);
#11414 = PLANE('',#11415);
#11415 = AXIS2_PLACEMENT_3D('',#11416,#11417,#11418);
#11416 = CARTESIAN_POINT('',(-2.44,-7.62,3.911477598424));
#11417 = DIRECTION('',(-1.,1.110223024625E-16,0.));
#11418 = DIRECTION('',(0.,0.,1.));
#11419 = ADVANCED_FACE('',(#11420),#11431,.T.);
#11420 = FACE_BOUND('',#11421,.T.);
#11421 = EDGE_LOOP('',(#11422,#11423,#11424,#11430));
#11422 = ORIENTED_EDGE('',*,*,#9459,.T.);
#11423 = ORIENTED_EDGE('',*,*,#11382,.T.);
#11424 = ORIENTED_EDGE('',*,*,#11425,.F.);
#11425 = EDGE_CURVE('',#11310,#11383,#11426,.T.);
#11426 = LINE('',#11427,#11428);
#11427 = CARTESIAN_POINT('',(-2.64,-7.87,7.35));
#11428 = VECTOR('',#11429,1.);
#11429 = DIRECTION('',(1.,-1.110223024625E-16,0.));
#11430 = ORIENTED_EDGE('',*,*,#11309,.F.);
#11431 = PLANE('',#11432);
#11432 = AXIS2_PLACEMENT_3D('',#11433,#11434,#11435);
#11433 = CARTESIAN_POINT('',(-2.64,-7.92,7.4));
#11434 = DIRECTION('',(7.850462293414E-17,0.707106781187,0.707106781187)
  );
#11435 = DIRECTION('',(7.850462293414E-17,0.707106781187,-0.707106781187
    ));
#11436 = ADVANCED_FACE('',(#11437),#11448,.T.);
#11437 = FACE_BOUND('',#11438,.T.);
#11438 = EDGE_LOOP('',(#11439,#11440,#11441,#11442));
#11439 = ORIENTED_EDGE('',*,*,#9635,.T.);
#11440 = ORIENTED_EDGE('',*,*,#9498,.T.);
#11441 = ORIENTED_EDGE('',*,*,#9523,.T.);
#11442 = ORIENTED_EDGE('',*,*,#11443,.T.);
#11443 = EDGE_CURVE('',#9524,#9628,#11444,.T.);
#11444 = LINE('',#11445,#11446);
#11445 = CARTESIAN_POINT('',(-2.44,-5.08,0.9));
#11446 = VECTOR('',#11447,1.);
#11447 = DIRECTION('',(-1.110223024625E-16,-1.,0.));
#11448 = PLANE('',#11449);
#11449 = AXIS2_PLACEMENT_3D('',#11450,#11451,#11452);
#11450 = CARTESIAN_POINT('',(-2.54,-5.08,0.9));
#11451 = DIRECTION('',(0.,0.,1.));
#11452 = DIRECTION('',(1.110223024625E-16,1.,-0.));
#11453 = ADVANCED_FACE('',(#11454),#11465,.T.);
#11454 = FACE_BOUND('',#11455,.T.);
#11455 = EDGE_LOOP('',(#11456,#11457,#11463,#11464));
#11456 = ORIENTED_EDGE('',*,*,#9603,.T.);
#11457 = ORIENTED_EDGE('',*,*,#11458,.F.);
#11458 = EDGE_CURVE('',#9548,#9604,#11459,.T.);
#11459 = LINE('',#11460,#11461);
#11460 = CARTESIAN_POINT('',(-2.64,-5.08,0.9));
#11461 = VECTOR('',#11462,1.);
#11462 = DIRECTION('',(-1.110223024625E-16,-1.,0.));
#11463 = ORIENTED_EDGE('',*,*,#9555,.T.);
#11464 = ORIENTED_EDGE('',*,*,#9578,.T.);
#11465 = PLANE('',#11466);
#11466 = AXIS2_PLACEMENT_3D('',#11467,#11468,#11469);
#11467 = CARTESIAN_POINT('',(-2.54,-5.08,0.9));
#11468 = DIRECTION('',(0.,0.,1.));
#11469 = DIRECTION('',(1.110223024625E-16,1.,-0.));
#11470 = ADVANCED_FACE('',(#11471),#11514,.T.);
#11471 = FACE_BOUND('',#11472,.T.);
#11472 = EDGE_LOOP('',(#11473,#11474,#11482,#11490,#11498,#11506,#11512,
    #11513));
#11473 = ORIENTED_EDGE('',*,*,#9611,.F.);
#11474 = ORIENTED_EDGE('',*,*,#11475,.T.);
#11475 = EDGE_CURVE('',#9612,#11476,#11478,.T.);
#11476 = VERTEX_POINT('',#11477);
#11477 = CARTESIAN_POINT('',(-2.64,-5.33,7.35));
#11478 = LINE('',#11479,#11480);
#11479 = CARTESIAN_POINT('',(-2.64,-5.38,7.4));
#11480 = VECTOR('',#11481,1.);
#11481 = DIRECTION('',(7.850462293414E-17,0.707106781187,-0.707106781187
    ));
#11482 = ORIENTED_EDGE('',*,*,#11483,.T.);
#11483 = EDGE_CURVE('',#11476,#11484,#11486,.T.);
#11484 = VERTEX_POINT('',#11485);
#11485 = CARTESIAN_POINT('',(-2.64,-5.33,1.25));
#11486 = LINE('',#11487,#11488);
#11487 = CARTESIAN_POINT('',(-2.64,-5.33,7.35));
#11488 = VECTOR('',#11489,1.);
#11489 = DIRECTION('',(0.,0.,-1.));
#11490 = ORIENTED_EDGE('',*,*,#11491,.T.);
#11491 = EDGE_CURVE('',#11484,#11492,#11494,.T.);
#11492 = VERTEX_POINT('',#11493);
#11493 = CARTESIAN_POINT('',(-2.64,-4.83,1.25));
#11494 = LINE('',#11495,#11496);
#11495 = CARTESIAN_POINT('',(-2.64,-5.33,1.25));
#11496 = VECTOR('',#11497,1.);
#11497 = DIRECTION('',(1.110223024625E-16,1.,0.));
#11498 = ORIENTED_EDGE('',*,*,#11499,.T.);
#11499 = EDGE_CURVE('',#11492,#11500,#11502,.T.);
#11500 = VERTEX_POINT('',#11501);
#11501 = CARTESIAN_POINT('',(-2.64,-4.83,7.35));
#11502 = LINE('',#11503,#11504);
#11503 = CARTESIAN_POINT('',(-2.64,-4.83,1.25));
#11504 = VECTOR('',#11505,1.);
#11505 = DIRECTION('',(0.,0.,1.));
#11506 = ORIENTED_EDGE('',*,*,#11507,.T.);
#11507 = EDGE_CURVE('',#11500,#9540,#11508,.T.);
#11508 = LINE('',#11509,#11510);
#11509 = CARTESIAN_POINT('',(-2.64,-4.83,7.35));
#11510 = VECTOR('',#11511,1.);
#11511 = DIRECTION('',(7.850462293414E-17,0.707106781187,0.707106781187)
  );
#11512 = ORIENTED_EDGE('',*,*,#9547,.F.);
#11513 = ORIENTED_EDGE('',*,*,#11458,.T.);
#11514 = PLANE('',#11515);
#11515 = AXIS2_PLACEMENT_3D('',#11516,#11517,#11518);
#11516 = CARTESIAN_POINT('',(-2.64,-5.08,3.911477598424));
#11517 = DIRECTION('',(-1.,1.110223024625E-16,0.));
#11518 = DIRECTION('',(0.,0.,1.));
#11519 = ADVANCED_FACE('',(#11520),#11538,.T.);
#11520 = FACE_BOUND('',#11521,.T.);
#11521 = EDGE_LOOP('',(#11522,#11530,#11536,#11537));
#11522 = ORIENTED_EDGE('',*,*,#11523,.T.);
#11523 = EDGE_CURVE('',#11500,#11524,#11526,.T.);
#11524 = VERTEX_POINT('',#11525);
#11525 = CARTESIAN_POINT('',(-2.44,-4.83,7.35));
#11526 = LINE('',#11527,#11528);
#11527 = CARTESIAN_POINT('',(-2.64,-4.83,7.35));
#11528 = VECTOR('',#11529,1.);
#11529 = DIRECTION('',(1.,-1.110223024625E-16,0.));
#11530 = ORIENTED_EDGE('',*,*,#11531,.T.);
#11531 = EDGE_CURVE('',#11524,#9532,#11532,.T.);
#11532 = LINE('',#11533,#11534);
#11533 = CARTESIAN_POINT('',(-2.44,-4.83,7.35));
#11534 = VECTOR('',#11535,1.);
#11535 = DIRECTION('',(7.850462293414E-17,0.707106781187,0.707106781187)
  );
#11536 = ORIENTED_EDGE('',*,*,#9539,.F.);
#11537 = ORIENTED_EDGE('',*,*,#11507,.F.);
#11538 = PLANE('',#11539);
#11539 = AXIS2_PLACEMENT_3D('',#11540,#11541,#11542);
#11540 = CARTESIAN_POINT('',(-2.64,-4.83,7.35));
#11541 = DIRECTION('',(-7.850462293414E-17,-0.707106781187,
    0.707106781187));
#11542 = DIRECTION('',(7.850462293414E-17,0.707106781187,0.707106781187)
  );
#11543 = ADVANCED_FACE('',(#11544),#11580,.F.);
#11544 = FACE_BOUND('',#11545,.F.);
#11545 = EDGE_LOOP('',(#11546,#11547,#11555,#11563,#11571,#11577,#11578,
    #11579));
#11546 = ORIENTED_EDGE('',*,*,#9627,.F.);
#11547 = ORIENTED_EDGE('',*,*,#11548,.T.);
#11548 = EDGE_CURVE('',#9620,#11549,#11551,.T.);
#11549 = VERTEX_POINT('',#11550);
#11550 = CARTESIAN_POINT('',(-2.44,-5.33,7.35));
#11551 = LINE('',#11552,#11553);
#11552 = CARTESIAN_POINT('',(-2.44,-5.38,7.4));
#11553 = VECTOR('',#11554,1.);
#11554 = DIRECTION('',(7.850462293414E-17,0.707106781187,-0.707106781187
    ));
#11555 = ORIENTED_EDGE('',*,*,#11556,.T.);
#11556 = EDGE_CURVE('',#11549,#11557,#11559,.T.);
#11557 = VERTEX_POINT('',#11558);
#11558 = CARTESIAN_POINT('',(-2.44,-5.33,1.25));
#11559 = LINE('',#11560,#11561);
#11560 = CARTESIAN_POINT('',(-2.44,-5.33,7.35));
#11561 = VECTOR('',#11562,1.);
#11562 = DIRECTION('',(0.,0.,-1.));
#11563 = ORIENTED_EDGE('',*,*,#11564,.T.);
#11564 = EDGE_CURVE('',#11557,#11565,#11567,.T.);
#11565 = VERTEX_POINT('',#11566);
#11566 = CARTESIAN_POINT('',(-2.44,-4.83,1.25));
#11567 = LINE('',#11568,#11569);
#11568 = CARTESIAN_POINT('',(-2.44,-5.33,1.25));
#11569 = VECTOR('',#11570,1.);
#11570 = DIRECTION('',(1.110223024625E-16,1.,0.));
#11571 = ORIENTED_EDGE('',*,*,#11572,.T.);
#11572 = EDGE_CURVE('',#11565,#11524,#11573,.T.);
#11573 = LINE('',#11574,#11575);
#11574 = CARTESIAN_POINT('',(-2.44,-4.83,1.25));
#11575 = VECTOR('',#11576,1.);
#11576 = DIRECTION('',(0.,0.,1.));
#11577 = ORIENTED_EDGE('',*,*,#11531,.T.);
#11578 = ORIENTED_EDGE('',*,*,#9531,.F.);
#11579 = ORIENTED_EDGE('',*,*,#11443,.T.);
#11580 = PLANE('',#11581);
#11581 = AXIS2_PLACEMENT_3D('',#11582,#11583,#11584);
#11582 = CARTESIAN_POINT('',(-2.44,-5.08,3.911477598424));
#11583 = DIRECTION('',(-1.,1.110223024625E-16,0.));
#11584 = DIRECTION('',(0.,0.,1.));
#11585 = ADVANCED_FACE('',(#11586),#11597,.T.);
#11586 = FACE_BOUND('',#11587,.T.);
#11587 = EDGE_LOOP('',(#11588,#11589,#11590,#11596));
#11588 = ORIENTED_EDGE('',*,*,#9619,.T.);
#11589 = ORIENTED_EDGE('',*,*,#11548,.T.);
#11590 = ORIENTED_EDGE('',*,*,#11591,.F.);
#11591 = EDGE_CURVE('',#11476,#11549,#11592,.T.);
#11592 = LINE('',#11593,#11594);
#11593 = CARTESIAN_POINT('',(-2.64,-5.33,7.35));
#11594 = VECTOR('',#11595,1.);
#11595 = DIRECTION('',(1.,-1.110223024625E-16,0.));
#11596 = ORIENTED_EDGE('',*,*,#11475,.F.);
#11597 = PLANE('',#11598);
#11598 = AXIS2_PLACEMENT_3D('',#11599,#11600,#11601);
#11599 = CARTESIAN_POINT('',(-2.64,-5.38,7.4));
#11600 = DIRECTION('',(7.850462293414E-17,0.707106781187,0.707106781187)
  );
#11601 = DIRECTION('',(7.850462293414E-17,0.707106781187,-0.707106781187
    ));
#11602 = ADVANCED_FACE('',(#11603),#11614,.T.);
#11603 = FACE_BOUND('',#11604,.T.);
#11604 = EDGE_LOOP('',(#11605,#11606,#11607,#11608));
#11605 = ORIENTED_EDGE('',*,*,#9795,.T.);
#11606 = ORIENTED_EDGE('',*,*,#9658,.T.);
#11607 = ORIENTED_EDGE('',*,*,#9683,.T.);
#11608 = ORIENTED_EDGE('',*,*,#11609,.T.);
#11609 = EDGE_CURVE('',#9684,#9788,#11610,.T.);
#11610 = LINE('',#11611,#11612);
#11611 = CARTESIAN_POINT('',(-2.44,-2.54,0.9));
#11612 = VECTOR('',#11613,1.);
#11613 = DIRECTION('',(-1.110223024625E-16,-1.,0.));
#11614 = PLANE('',#11615);
#11615 = AXIS2_PLACEMENT_3D('',#11616,#11617,#11618);
#11616 = CARTESIAN_POINT('',(-2.54,-2.54,0.9));
#11617 = DIRECTION('',(0.,0.,1.));
#11618 = DIRECTION('',(1.110223024625E-16,1.,-0.));
#11619 = ADVANCED_FACE('',(#11620),#11631,.T.);
#11620 = FACE_BOUND('',#11621,.T.);
#11621 = EDGE_LOOP('',(#11622,#11623,#11629,#11630));
#11622 = ORIENTED_EDGE('',*,*,#9763,.T.);
#11623 = ORIENTED_EDGE('',*,*,#11624,.F.);
#11624 = EDGE_CURVE('',#9708,#9764,#11625,.T.);
#11625 = LINE('',#11626,#11627);
#11626 = CARTESIAN_POINT('',(-2.64,-2.54,0.9));
#11627 = VECTOR('',#11628,1.);
#11628 = DIRECTION('',(-1.110223024625E-16,-1.,0.));
#11629 = ORIENTED_EDGE('',*,*,#9715,.T.);
#11630 = ORIENTED_EDGE('',*,*,#9738,.T.);
#11631 = PLANE('',#11632);
#11632 = AXIS2_PLACEMENT_3D('',#11633,#11634,#11635);
#11633 = CARTESIAN_POINT('',(-2.54,-2.54,0.9));
#11634 = DIRECTION('',(0.,0.,1.));
#11635 = DIRECTION('',(1.110223024625E-16,1.,-0.));
#11636 = ADVANCED_FACE('',(#11637),#11680,.T.);
#11637 = FACE_BOUND('',#11638,.T.);
#11638 = EDGE_LOOP('',(#11639,#11640,#11648,#11656,#11664,#11672,#11678,
    #11679));
#11639 = ORIENTED_EDGE('',*,*,#9771,.F.);
#11640 = ORIENTED_EDGE('',*,*,#11641,.T.);
#11641 = EDGE_CURVE('',#9772,#11642,#11644,.T.);
#11642 = VERTEX_POINT('',#11643);
#11643 = CARTESIAN_POINT('',(-2.64,-2.79,7.35));
#11644 = LINE('',#11645,#11646);
#11645 = CARTESIAN_POINT('',(-2.64,-2.84,7.4));
#11646 = VECTOR('',#11647,1.);
#11647 = DIRECTION('',(7.850462293414E-17,0.707106781187,-0.707106781187
    ));
#11648 = ORIENTED_EDGE('',*,*,#11649,.T.);
#11649 = EDGE_CURVE('',#11642,#11650,#11652,.T.);
#11650 = VERTEX_POINT('',#11651);
#11651 = CARTESIAN_POINT('',(-2.64,-2.79,1.25));
#11652 = LINE('',#11653,#11654);
#11653 = CARTESIAN_POINT('',(-2.64,-2.79,7.35));
#11654 = VECTOR('',#11655,1.);
#11655 = DIRECTION('',(0.,0.,-1.));
#11656 = ORIENTED_EDGE('',*,*,#11657,.T.);
#11657 = EDGE_CURVE('',#11650,#11658,#11660,.T.);
#11658 = VERTEX_POINT('',#11659);
#11659 = CARTESIAN_POINT('',(-2.64,-2.29,1.25));
#11660 = LINE('',#11661,#11662);
#11661 = CARTESIAN_POINT('',(-2.64,-2.79,1.25));
#11662 = VECTOR('',#11663,1.);
#11663 = DIRECTION('',(1.110223024625E-16,1.,0.));
#11664 = ORIENTED_EDGE('',*,*,#11665,.T.);
#11665 = EDGE_CURVE('',#11658,#11666,#11668,.T.);
#11666 = VERTEX_POINT('',#11667);
#11667 = CARTESIAN_POINT('',(-2.64,-2.29,7.35));
#11668 = LINE('',#11669,#11670);
#11669 = CARTESIAN_POINT('',(-2.64,-2.29,1.25));
#11670 = VECTOR('',#11671,1.);
#11671 = DIRECTION('',(0.,0.,1.));
#11672 = ORIENTED_EDGE('',*,*,#11673,.T.);
#11673 = EDGE_CURVE('',#11666,#9700,#11674,.T.);
#11674 = LINE('',#11675,#11676);
#11675 = CARTESIAN_POINT('',(-2.64,-2.29,7.35));
#11676 = VECTOR('',#11677,1.);
#11677 = DIRECTION('',(7.850462293414E-17,0.707106781187,0.707106781187)
  );
#11678 = ORIENTED_EDGE('',*,*,#9707,.F.);
#11679 = ORIENTED_EDGE('',*,*,#11624,.T.);
#11680 = PLANE('',#11681);
#11681 = AXIS2_PLACEMENT_3D('',#11682,#11683,#11684);
#11682 = CARTESIAN_POINT('',(-2.64,-2.54,3.911477598424));
#11683 = DIRECTION('',(-1.,1.110223024625E-16,0.));
#11684 = DIRECTION('',(0.,0.,1.));
#11685 = ADVANCED_FACE('',(#11686),#11704,.T.);
#11686 = FACE_BOUND('',#11687,.T.);
#11687 = EDGE_LOOP('',(#11688,#11696,#11702,#11703));
#11688 = ORIENTED_EDGE('',*,*,#11689,.T.);
#11689 = EDGE_CURVE('',#11666,#11690,#11692,.T.);
#11690 = VERTEX_POINT('',#11691);
#11691 = CARTESIAN_POINT('',(-2.44,-2.29,7.35));
#11692 = LINE('',#11693,#11694);
#11693 = CARTESIAN_POINT('',(-2.64,-2.29,7.35));
#11694 = VECTOR('',#11695,1.);
#11695 = DIRECTION('',(1.,-1.110223024625E-16,0.));
#11696 = ORIENTED_EDGE('',*,*,#11697,.T.);
#11697 = EDGE_CURVE('',#11690,#9692,#11698,.T.);
#11698 = LINE('',#11699,#11700);
#11699 = CARTESIAN_POINT('',(-2.44,-2.29,7.35));
#11700 = VECTOR('',#11701,1.);
#11701 = DIRECTION('',(7.850462293414E-17,0.707106781187,0.707106781187)
  );
#11702 = ORIENTED_EDGE('',*,*,#9699,.F.);
#11703 = ORIENTED_EDGE('',*,*,#11673,.F.);
#11704 = PLANE('',#11705);
#11705 = AXIS2_PLACEMENT_3D('',#11706,#11707,#11708);
#11706 = CARTESIAN_POINT('',(-2.64,-2.29,7.35));
#11707 = DIRECTION('',(-7.850462293414E-17,-0.707106781187,
    0.707106781187));
#11708 = DIRECTION('',(7.850462293414E-17,0.707106781187,0.707106781187)
  );
#11709 = ADVANCED_FACE('',(#11710),#11746,.F.);
#11710 = FACE_BOUND('',#11711,.F.);
#11711 = EDGE_LOOP('',(#11712,#11713,#11721,#11729,#11737,#11743,#11744,
    #11745));
#11712 = ORIENTED_EDGE('',*,*,#9787,.F.);
#11713 = ORIENTED_EDGE('',*,*,#11714,.T.);
#11714 = EDGE_CURVE('',#9780,#11715,#11717,.T.);
#11715 = VERTEX_POINT('',#11716);
#11716 = CARTESIAN_POINT('',(-2.44,-2.79,7.35));
#11717 = LINE('',#11718,#11719);
#11718 = CARTESIAN_POINT('',(-2.44,-2.84,7.4));
#11719 = VECTOR('',#11720,1.);
#11720 = DIRECTION('',(7.850462293414E-17,0.707106781187,-0.707106781187
    ));
#11721 = ORIENTED_EDGE('',*,*,#11722,.T.);
#11722 = EDGE_CURVE('',#11715,#11723,#11725,.T.);
#11723 = VERTEX_POINT('',#11724);
#11724 = CARTESIAN_POINT('',(-2.44,-2.79,1.25));
#11725 = LINE('',#11726,#11727);
#11726 = CARTESIAN_POINT('',(-2.44,-2.79,7.35));
#11727 = VECTOR('',#11728,1.);
#11728 = DIRECTION('',(0.,0.,-1.));
#11729 = ORIENTED_EDGE('',*,*,#11730,.T.);
#11730 = EDGE_CURVE('',#11723,#11731,#11733,.T.);
#11731 = VERTEX_POINT('',#11732);
#11732 = CARTESIAN_POINT('',(-2.44,-2.29,1.25));
#11733 = LINE('',#11734,#11735);
#11734 = CARTESIAN_POINT('',(-2.44,-2.79,1.25));
#11735 = VECTOR('',#11736,1.);
#11736 = DIRECTION('',(1.110223024625E-16,1.,0.));
#11737 = ORIENTED_EDGE('',*,*,#11738,.T.);
#11738 = EDGE_CURVE('',#11731,#11690,#11739,.T.);
#11739 = LINE('',#11740,#11741);
#11740 = CARTESIAN_POINT('',(-2.44,-2.29,1.25));
#11741 = VECTOR('',#11742,1.);
#11742 = DIRECTION('',(0.,0.,1.));
#11743 = ORIENTED_EDGE('',*,*,#11697,.T.);
#11744 = ORIENTED_EDGE('',*,*,#9691,.F.);
#11745 = ORIENTED_EDGE('',*,*,#11609,.T.);
#11746 = PLANE('',#11747);
#11747 = AXIS2_PLACEMENT_3D('',#11748,#11749,#11750);
#11748 = CARTESIAN_POINT('',(-2.44,-2.54,3.911477598424));
#11749 = DIRECTION('',(-1.,1.110223024625E-16,0.));
#11750 = DIRECTION('',(0.,0.,1.));
#11751 = ADVANCED_FACE('',(#11752),#11763,.T.);
#11752 = FACE_BOUND('',#11753,.T.);
#11753 = EDGE_LOOP('',(#11754,#11755,#11756,#11762));
#11754 = ORIENTED_EDGE('',*,*,#9779,.T.);
#11755 = ORIENTED_EDGE('',*,*,#11714,.T.);
#11756 = ORIENTED_EDGE('',*,*,#11757,.F.);
#11757 = EDGE_CURVE('',#11642,#11715,#11758,.T.);
#11758 = LINE('',#11759,#11760);
#11759 = CARTESIAN_POINT('',(-2.64,-2.79,7.35));
#11760 = VECTOR('',#11761,1.);
#11761 = DIRECTION('',(1.,-1.110223024625E-16,0.));
#11762 = ORIENTED_EDGE('',*,*,#11641,.F.);
#11763 = PLANE('',#11764);
#11764 = AXIS2_PLACEMENT_3D('',#11765,#11766,#11767);
#11765 = CARTESIAN_POINT('',(-2.64,-2.84,7.4));
#11766 = DIRECTION('',(7.850462293414E-17,0.707106781187,0.707106781187)
  );
#11767 = DIRECTION('',(7.850462293414E-17,0.707106781187,-0.707106781187
    ));
#11768 = ADVANCED_FACE('',(#11769),#11780,.T.);
#11769 = FACE_BOUND('',#11770,.T.);
#11770 = EDGE_LOOP('',(#11771,#11772,#11773,#11774));
#11771 = ORIENTED_EDGE('',*,*,#9955,.T.);
#11772 = ORIENTED_EDGE('',*,*,#9818,.T.);
#11773 = ORIENTED_EDGE('',*,*,#9843,.T.);
#11774 = ORIENTED_EDGE('',*,*,#11775,.T.);
#11775 = EDGE_CURVE('',#9844,#9948,#11776,.T.);
#11776 = LINE('',#11777,#11778);
#11777 = CARTESIAN_POINT('',(-2.44,7.149836278586E-16,0.9));
#11778 = VECTOR('',#11779,1.);
#11779 = DIRECTION('',(-1.110223024625E-16,-1.,0.));
#11780 = PLANE('',#11781);
#11781 = AXIS2_PLACEMENT_3D('',#11782,#11783,#11784);
#11782 = CARTESIAN_POINT('',(-2.54,1.170175067955E-15,0.9));
#11783 = DIRECTION('',(0.,0.,1.));
#11784 = DIRECTION('',(1.110223024625E-16,1.,-0.));
#11785 = ADVANCED_FACE('',(#11786),#11797,.T.);
#11786 = FACE_BOUND('',#11787,.T.);
#11787 = EDGE_LOOP('',(#11788,#11789,#11795,#11796));
#11788 = ORIENTED_EDGE('',*,*,#9923,.T.);
#11789 = ORIENTED_EDGE('',*,*,#11790,.F.);
#11790 = EDGE_CURVE('',#9868,#9924,#11791,.T.);
#11791 = LINE('',#11792,#11793);
#11792 = CARTESIAN_POINT('',(-2.64,7.371880883511E-16,0.9));
#11793 = VECTOR('',#11794,1.);
#11794 = DIRECTION('',(-1.110223024625E-16,-1.,0.));
#11795 = ORIENTED_EDGE('',*,*,#9875,.T.);
#11796 = ORIENTED_EDGE('',*,*,#9898,.T.);
#11797 = PLANE('',#11798);
#11798 = AXIS2_PLACEMENT_3D('',#11799,#11800,#11801);
#11799 = CARTESIAN_POINT('',(-2.54,1.170175067955E-15,0.9));
#11800 = DIRECTION('',(0.,0.,1.));
#11801 = DIRECTION('',(1.110223024625E-16,1.,-0.));
#11802 = ADVANCED_FACE('',(#11803),#11846,.T.);
#11803 = FACE_BOUND('',#11804,.T.);
#11804 = EDGE_LOOP('',(#11805,#11806,#11814,#11822,#11830,#11838,#11844,
    #11845));
#11805 = ORIENTED_EDGE('',*,*,#9931,.F.);
#11806 = ORIENTED_EDGE('',*,*,#11807,.T.);
#11807 = EDGE_CURVE('',#9932,#11808,#11810,.T.);
#11808 = VERTEX_POINT('',#11809);
#11809 = CARTESIAN_POINT('',(-2.64,-0.25,7.35));
#11810 = LINE('',#11811,#11812);
#11811 = CARTESIAN_POINT('',(-2.64,-0.3,7.4));
#11812 = VECTOR('',#11813,1.);
#11813 = DIRECTION('',(7.850462293414E-17,0.707106781187,-0.707106781187
    ));
#11814 = ORIENTED_EDGE('',*,*,#11815,.T.);
#11815 = EDGE_CURVE('',#11808,#11816,#11818,.T.);
#11816 = VERTEX_POINT('',#11817);
#11817 = CARTESIAN_POINT('',(-2.64,-0.25,1.25));
#11818 = LINE('',#11819,#11820);
#11819 = CARTESIAN_POINT('',(-2.64,-0.25,7.35));
#11820 = VECTOR('',#11821,1.);
#11821 = DIRECTION('',(0.,0.,-1.));
#11822 = ORIENTED_EDGE('',*,*,#11823,.T.);
#11823 = EDGE_CURVE('',#11816,#11824,#11826,.T.);
#11824 = VERTEX_POINT('',#11825);
#11825 = CARTESIAN_POINT('',(-2.64,0.25,1.25));
#11826 = LINE('',#11827,#11828);
#11827 = CARTESIAN_POINT('',(-2.64,-0.25,1.25));
#11828 = VECTOR('',#11829,1.);
#11829 = DIRECTION('',(1.110223024625E-16,1.,0.));
#11830 = ORIENTED_EDGE('',*,*,#11831,.T.);
#11831 = EDGE_CURVE('',#11824,#11832,#11834,.T.);
#11832 = VERTEX_POINT('',#11833);
#11833 = CARTESIAN_POINT('',(-2.64,0.25,7.35));
#11834 = LINE('',#11835,#11836);
#11835 = CARTESIAN_POINT('',(-2.64,0.25,1.25));
#11836 = VECTOR('',#11837,1.);
#11837 = DIRECTION('',(0.,0.,1.));
#11838 = ORIENTED_EDGE('',*,*,#11839,.T.);
#11839 = EDGE_CURVE('',#11832,#9860,#11840,.T.);
#11840 = LINE('',#11841,#11842);
#11841 = CARTESIAN_POINT('',(-2.64,0.25,7.35));
#11842 = VECTOR('',#11843,1.);
#11843 = DIRECTION('',(7.850462293414E-17,0.707106781187,0.707106781187)
  );
#11844 = ORIENTED_EDGE('',*,*,#9867,.F.);
#11845 = ORIENTED_EDGE('',*,*,#11790,.T.);
#11846 = PLANE('',#11847);
#11847 = AXIS2_PLACEMENT_3D('',#11848,#11849,#11850);
#11848 = CARTESIAN_POINT('',(-2.64,2.93098878501E-16,3.911477598424));
#11849 = DIRECTION('',(-1.,1.110223024625E-16,0.));
#11850 = DIRECTION('',(0.,0.,1.));
#11851 = ADVANCED_FACE('',(#11852),#11870,.T.);
#11852 = FACE_BOUND('',#11853,.T.);
#11853 = EDGE_LOOP('',(#11854,#11862,#11868,#11869));
#11854 = ORIENTED_EDGE('',*,*,#11855,.T.);
#11855 = EDGE_CURVE('',#11832,#11856,#11858,.T.);
#11856 = VERTEX_POINT('',#11857);
#11857 = CARTESIAN_POINT('',(-2.44,0.25,7.35));
#11858 = LINE('',#11859,#11860);
#11859 = CARTESIAN_POINT('',(-2.64,0.25,7.35));
#11860 = VECTOR('',#11861,1.);
#11861 = DIRECTION('',(1.,-1.110223024625E-16,0.));
#11862 = ORIENTED_EDGE('',*,*,#11863,.T.);
#11863 = EDGE_CURVE('',#11856,#9852,#11864,.T.);
#11864 = LINE('',#11865,#11866);
#11865 = CARTESIAN_POINT('',(-2.44,0.25,7.35));
#11866 = VECTOR('',#11867,1.);
#11867 = DIRECTION('',(7.850462293414E-17,0.707106781187,0.707106781187)
  );
#11868 = ORIENTED_EDGE('',*,*,#9859,.F.);
#11869 = ORIENTED_EDGE('',*,*,#11839,.F.);
#11870 = PLANE('',#11871);
#11871 = AXIS2_PLACEMENT_3D('',#11872,#11873,#11874);
#11872 = CARTESIAN_POINT('',(-2.64,0.25,7.35));
#11873 = DIRECTION('',(-7.850462293414E-17,-0.707106781187,
    0.707106781187));
#11874 = DIRECTION('',(7.850462293414E-17,0.707106781187,0.707106781187)
  );
#11875 = ADVANCED_FACE('',(#11876),#11912,.F.);
#11876 = FACE_BOUND('',#11877,.F.);
#11877 = EDGE_LOOP('',(#11878,#11879,#11887,#11895,#11903,#11909,#11910,
    #11911));
#11878 = ORIENTED_EDGE('',*,*,#9947,.F.);
#11879 = ORIENTED_EDGE('',*,*,#11880,.T.);
#11880 = EDGE_CURVE('',#9940,#11881,#11883,.T.);
#11881 = VERTEX_POINT('',#11882);
#11882 = CARTESIAN_POINT('',(-2.44,-0.25,7.35));
#11883 = LINE('',#11884,#11885);
#11884 = CARTESIAN_POINT('',(-2.44,-0.3,7.4));
#11885 = VECTOR('',#11886,1.);
#11886 = DIRECTION('',(7.850462293414E-17,0.707106781187,-0.707106781187
    ));
#11887 = ORIENTED_EDGE('',*,*,#11888,.T.);
#11888 = EDGE_CURVE('',#11881,#11889,#11891,.T.);
#11889 = VERTEX_POINT('',#11890);
#11890 = CARTESIAN_POINT('',(-2.44,-0.25,1.25));
#11891 = LINE('',#11892,#11893);
#11892 = CARTESIAN_POINT('',(-2.44,-0.25,7.35));
#11893 = VECTOR('',#11894,1.);
#11894 = DIRECTION('',(0.,0.,-1.));
#11895 = ORIENTED_EDGE('',*,*,#11896,.T.);
#11896 = EDGE_CURVE('',#11889,#11897,#11899,.T.);
#11897 = VERTEX_POINT('',#11898);
#11898 = CARTESIAN_POINT('',(-2.44,0.25,1.25));
#11899 = LINE('',#11900,#11901);
#11900 = CARTESIAN_POINT('',(-2.44,-0.25,1.25));
#11901 = VECTOR('',#11902,1.);
#11902 = DIRECTION('',(1.110223024625E-16,1.,0.));
#11903 = ORIENTED_EDGE('',*,*,#11904,.T.);
#11904 = EDGE_CURVE('',#11897,#11856,#11905,.T.);
#11905 = LINE('',#11906,#11907);
#11906 = CARTESIAN_POINT('',(-2.44,0.25,1.25));
#11907 = VECTOR('',#11908,1.);
#11908 = DIRECTION('',(0.,0.,1.));
#11909 = ORIENTED_EDGE('',*,*,#11863,.T.);
#11910 = ORIENTED_EDGE('',*,*,#9851,.F.);
#11911 = ORIENTED_EDGE('',*,*,#11775,.T.);
#11912 = PLANE('',#11913);
#11913 = AXIS2_PLACEMENT_3D('',#11914,#11915,#11916);
#11914 = CARTESIAN_POINT('',(-2.44,2.708944180085E-16,3.911477598424));
#11915 = DIRECTION('',(-1.,1.110223024625E-16,0.));
#11916 = DIRECTION('',(0.,0.,1.));
#11917 = ADVANCED_FACE('',(#11918),#11929,.T.);
#11918 = FACE_BOUND('',#11919,.T.);
#11919 = EDGE_LOOP('',(#11920,#11921,#11922,#11928));
#11920 = ORIENTED_EDGE('',*,*,#9939,.T.);
#11921 = ORIENTED_EDGE('',*,*,#11880,.T.);
#11922 = ORIENTED_EDGE('',*,*,#11923,.F.);
#11923 = EDGE_CURVE('',#11808,#11881,#11924,.T.);
#11924 = LINE('',#11925,#11926);
#11925 = CARTESIAN_POINT('',(-2.64,-0.25,7.35));
#11926 = VECTOR('',#11927,1.);
#11927 = DIRECTION('',(1.,-1.110223024625E-16,0.));
#11928 = ORIENTED_EDGE('',*,*,#11807,.F.);
#11929 = PLANE('',#11930);
#11930 = AXIS2_PLACEMENT_3D('',#11931,#11932,#11933);
#11931 = CARTESIAN_POINT('',(-2.64,-0.3,7.4));
#11932 = DIRECTION('',(7.850462293414E-17,0.707106781187,0.707106781187)
  );
#11933 = DIRECTION('',(7.850462293414E-17,0.707106781187,-0.707106781187
    ));
#11934 = ADVANCED_FACE('',(#11935),#11946,.T.);
#11935 = FACE_BOUND('',#11936,.T.);
#11936 = EDGE_LOOP('',(#11937,#11943,#11944,#11945));
#11937 = ORIENTED_EDGE('',*,*,#11938,.T.);
#11938 = EDGE_CURVE('',#10662,#10735,#11939,.T.);
#11939 = LINE('',#11940,#11941);
#11940 = CARTESIAN_POINT('',(0.1,-7.87,1.25));
#11941 = VECTOR('',#11942,1.);
#11942 = DIRECTION('',(-1.,2.334869823773E-16,0.));
#11943 = ORIENTED_EDGE('',*,*,#10742,.T.);
#11944 = ORIENTED_EDGE('',*,*,#10693,.F.);
#11945 = ORIENTED_EDGE('',*,*,#10669,.F.);
#11946 = PLANE('',#11947);
#11947 = AXIS2_PLACEMENT_3D('',#11948,#11949,#11950);
#11948 = CARTESIAN_POINT('',(0.1,-7.87,1.25));
#11949 = DIRECTION('',(2.334869823773E-16,1.,0.));
#11950 = DIRECTION('',(0.,-0.,1.));
#11951 = ADVANCED_FACE('',(#11952),#11963,.T.);
#11952 = FACE_BOUND('',#11953,.T.);
#11953 = EDGE_LOOP('',(#11954,#11960,#11961,#11962));
#11954 = ORIENTED_EDGE('',*,*,#11955,.T.);
#11955 = EDGE_CURVE('',#10654,#10727,#11956,.T.);
#11956 = LINE('',#11957,#11958);
#11957 = CARTESIAN_POINT('',(0.1,-7.37,1.25));
#11958 = VECTOR('',#11959,1.);
#11959 = DIRECTION('',(-1.,2.334869823773E-16,0.));
#11960 = ORIENTED_EDGE('',*,*,#10734,.T.);
#11961 = ORIENTED_EDGE('',*,*,#11938,.F.);
#11962 = ORIENTED_EDGE('',*,*,#10661,.F.);
#11963 = PLANE('',#11964);
#11964 = AXIS2_PLACEMENT_3D('',#11965,#11966,#11967);
#11965 = CARTESIAN_POINT('',(0.1,-7.37,1.25));
#11966 = DIRECTION('',(0.,0.,1.));
#11967 = DIRECTION('',(-2.334869823773E-16,-1.,0.));
#11968 = ADVANCED_FACE('',(#11969),#11975,.T.);
#11969 = FACE_BOUND('',#11970,.T.);
#11970 = EDGE_LOOP('',(#11971,#11972,#11973,#11974));
#11971 = ORIENTED_EDGE('',*,*,#10761,.T.);
#11972 = ORIENTED_EDGE('',*,*,#10726,.T.);
#11973 = ORIENTED_EDGE('',*,*,#11955,.F.);
#11974 = ORIENTED_EDGE('',*,*,#10653,.F.);
#11975 = PLANE('',#11976);
#11976 = AXIS2_PLACEMENT_3D('',#11977,#11978,#11979);
#11977 = CARTESIAN_POINT('',(0.1,-7.37,7.35));
#11978 = DIRECTION('',(-2.334869823773E-16,-1.,0.));
#11979 = DIRECTION('',(-0.,0.,-1.));
#11980 = ADVANCED_FACE('',(#11981),#11992,.T.);
#11981 = FACE_BOUND('',#11982,.T.);
#11982 = EDGE_LOOP('',(#11983,#11989,#11990,#11991));
#11983 = ORIENTED_EDGE('',*,*,#11984,.T.);
#11984 = EDGE_CURVE('',#10828,#10901,#11985,.T.);
#11985 = LINE('',#11986,#11987);
#11986 = CARTESIAN_POINT('',(0.1,-5.33,1.25));
#11987 = VECTOR('',#11988,1.);
#11988 = DIRECTION('',(-1.,2.334869823773E-16,0.));
#11989 = ORIENTED_EDGE('',*,*,#10908,.T.);
#11990 = ORIENTED_EDGE('',*,*,#10859,.F.);
#11991 = ORIENTED_EDGE('',*,*,#10835,.F.);
#11992 = PLANE('',#11993);
#11993 = AXIS2_PLACEMENT_3D('',#11994,#11995,#11996);
#11994 = CARTESIAN_POINT('',(0.1,-5.33,1.25));
#11995 = DIRECTION('',(2.334869823773E-16,1.,0.));
#11996 = DIRECTION('',(0.,-0.,1.));
#11997 = ADVANCED_FACE('',(#11998),#12009,.T.);
#11998 = FACE_BOUND('',#11999,.T.);
#11999 = EDGE_LOOP('',(#12000,#12006,#12007,#12008));
#12000 = ORIENTED_EDGE('',*,*,#12001,.T.);
#12001 = EDGE_CURVE('',#10820,#10893,#12002,.T.);
#12002 = LINE('',#12003,#12004);
#12003 = CARTESIAN_POINT('',(0.1,-4.83,1.25));
#12004 = VECTOR('',#12005,1.);
#12005 = DIRECTION('',(-1.,2.334869823773E-16,0.));
#12006 = ORIENTED_EDGE('',*,*,#10900,.T.);
#12007 = ORIENTED_EDGE('',*,*,#11984,.F.);
#12008 = ORIENTED_EDGE('',*,*,#10827,.F.);
#12009 = PLANE('',#12010);
#12010 = AXIS2_PLACEMENT_3D('',#12011,#12012,#12013);
#12011 = CARTESIAN_POINT('',(0.1,-4.83,1.25));
#12012 = DIRECTION('',(0.,0.,1.));
#12013 = DIRECTION('',(-2.334869823773E-16,-1.,0.));
#12014 = ADVANCED_FACE('',(#12015),#12021,.T.);
#12015 = FACE_BOUND('',#12016,.T.);
#12016 = EDGE_LOOP('',(#12017,#12018,#12019,#12020));
#12017 = ORIENTED_EDGE('',*,*,#10927,.T.);
#12018 = ORIENTED_EDGE('',*,*,#10892,.T.);
#12019 = ORIENTED_EDGE('',*,*,#12001,.F.);
#12020 = ORIENTED_EDGE('',*,*,#10819,.F.);
#12021 = PLANE('',#12022);
#12022 = AXIS2_PLACEMENT_3D('',#12023,#12024,#12025);
#12023 = CARTESIAN_POINT('',(0.1,-4.83,7.35));
#12024 = DIRECTION('',(-2.334869823773E-16,-1.,0.));
#12025 = DIRECTION('',(-0.,0.,-1.));
#12026 = ADVANCED_FACE('',(#12027),#12038,.T.);
#12027 = FACE_BOUND('',#12028,.T.);
#12028 = EDGE_LOOP('',(#12029,#12035,#12036,#12037));
#12029 = ORIENTED_EDGE('',*,*,#12030,.T.);
#12030 = EDGE_CURVE('',#10994,#11067,#12031,.T.);
#12031 = LINE('',#12032,#12033);
#12032 = CARTESIAN_POINT('',(0.1,-2.79,1.25));
#12033 = VECTOR('',#12034,1.);
#12034 = DIRECTION('',(-1.,2.334869823773E-16,0.));
#12035 = ORIENTED_EDGE('',*,*,#11074,.T.);
#12036 = ORIENTED_EDGE('',*,*,#11025,.F.);
#12037 = ORIENTED_EDGE('',*,*,#11001,.F.);
#12038 = PLANE('',#12039);
#12039 = AXIS2_PLACEMENT_3D('',#12040,#12041,#12042);
#12040 = CARTESIAN_POINT('',(0.1,-2.79,1.25));
#12041 = DIRECTION('',(2.334869823773E-16,1.,0.));
#12042 = DIRECTION('',(0.,-0.,1.));
#12043 = ADVANCED_FACE('',(#12044),#12055,.T.);
#12044 = FACE_BOUND('',#12045,.T.);
#12045 = EDGE_LOOP('',(#12046,#12052,#12053,#12054));
#12046 = ORIENTED_EDGE('',*,*,#12047,.T.);
#12047 = EDGE_CURVE('',#10986,#11059,#12048,.T.);
#12048 = LINE('',#12049,#12050);
#12049 = CARTESIAN_POINT('',(0.1,-2.29,1.25));
#12050 = VECTOR('',#12051,1.);
#12051 = DIRECTION('',(-1.,2.334869823773E-16,0.));
#12052 = ORIENTED_EDGE('',*,*,#11066,.T.);
#12053 = ORIENTED_EDGE('',*,*,#12030,.F.);
#12054 = ORIENTED_EDGE('',*,*,#10993,.F.);
#12055 = PLANE('',#12056);
#12056 = AXIS2_PLACEMENT_3D('',#12057,#12058,#12059);
#12057 = CARTESIAN_POINT('',(0.1,-2.29,1.25));
#12058 = DIRECTION('',(0.,0.,1.));
#12059 = DIRECTION('',(-2.334869823773E-16,-1.,0.));
#12060 = ADVANCED_FACE('',(#12061),#12067,.T.);
#12061 = FACE_BOUND('',#12062,.T.);
#12062 = EDGE_LOOP('',(#12063,#12064,#12065,#12066));
#12063 = ORIENTED_EDGE('',*,*,#11093,.T.);
#12064 = ORIENTED_EDGE('',*,*,#11058,.T.);
#12065 = ORIENTED_EDGE('',*,*,#12047,.F.);
#12066 = ORIENTED_EDGE('',*,*,#10985,.F.);
#12067 = PLANE('',#12068);
#12068 = AXIS2_PLACEMENT_3D('',#12069,#12070,#12071);
#12069 = CARTESIAN_POINT('',(0.1,-2.29,7.35));
#12070 = DIRECTION('',(-2.334869823773E-16,-1.,0.));
#12071 = DIRECTION('',(-0.,0.,-1.));
#12072 = ADVANCED_FACE('',(#12073),#12084,.T.);
#12073 = FACE_BOUND('',#12074,.T.);
#12074 = EDGE_LOOP('',(#12075,#12081,#12082,#12083));
#12075 = ORIENTED_EDGE('',*,*,#12076,.T.);
#12076 = EDGE_CURVE('',#11160,#11233,#12077,.T.);
#12077 = LINE('',#12078,#12079);
#12078 = CARTESIAN_POINT('',(0.1,-0.25,1.25));
#12079 = VECTOR('',#12080,1.);
#12080 = DIRECTION('',(-1.,2.334869823773E-16,0.));
#12081 = ORIENTED_EDGE('',*,*,#11240,.T.);
#12082 = ORIENTED_EDGE('',*,*,#11191,.F.);
#12083 = ORIENTED_EDGE('',*,*,#11167,.F.);
#12084 = PLANE('',#12085);
#12085 = AXIS2_PLACEMENT_3D('',#12086,#12087,#12088);
#12086 = CARTESIAN_POINT('',(0.1,-0.25,1.25));
#12087 = DIRECTION('',(2.334869823773E-16,1.,0.));
#12088 = DIRECTION('',(0.,-0.,1.));
#12089 = ADVANCED_FACE('',(#12090),#12101,.T.);
#12090 = FACE_BOUND('',#12091,.T.);
#12091 = EDGE_LOOP('',(#12092,#12098,#12099,#12100));
#12092 = ORIENTED_EDGE('',*,*,#12093,.T.);
#12093 = EDGE_CURVE('',#11152,#11225,#12094,.T.);
#12094 = LINE('',#12095,#12096);
#12095 = CARTESIAN_POINT('',(0.1,0.25,1.25));
#12096 = VECTOR('',#12097,1.);
#12097 = DIRECTION('',(-1.,2.334869823773E-16,0.));
#12098 = ORIENTED_EDGE('',*,*,#11232,.T.);
#12099 = ORIENTED_EDGE('',*,*,#12076,.F.);
#12100 = ORIENTED_EDGE('',*,*,#11159,.F.);
#12101 = PLANE('',#12102);
#12102 = AXIS2_PLACEMENT_3D('',#12103,#12104,#12105);
#12103 = CARTESIAN_POINT('',(0.1,0.25,1.25));
#12104 = DIRECTION('',(0.,0.,1.));
#12105 = DIRECTION('',(-2.334869823773E-16,-1.,0.));
#12106 = ADVANCED_FACE('',(#12107),#12113,.T.);
#12107 = FACE_BOUND('',#12108,.T.);
#12108 = EDGE_LOOP('',(#12109,#12110,#12111,#12112));
#12109 = ORIENTED_EDGE('',*,*,#11259,.T.);
#12110 = ORIENTED_EDGE('',*,*,#11224,.T.);
#12111 = ORIENTED_EDGE('',*,*,#12093,.F.);
#12112 = ORIENTED_EDGE('',*,*,#11151,.F.);
#12113 = PLANE('',#12114);
#12114 = AXIS2_PLACEMENT_3D('',#12115,#12116,#12117);
#12115 = CARTESIAN_POINT('',(0.1,0.25,7.35));
#12116 = DIRECTION('',(-2.334869823773E-16,-1.,0.));
#12117 = DIRECTION('',(-0.,0.,-1.));
#12118 = ADVANCED_FACE('',(#12119),#12130,.T.);
#12119 = FACE_BOUND('',#12120,.T.);
#12120 = EDGE_LOOP('',(#12121,#12127,#12128,#12129));
#12121 = ORIENTED_EDGE('',*,*,#12122,.T.);
#12122 = EDGE_CURVE('',#11326,#11399,#12123,.T.);
#12123 = LINE('',#12124,#12125);
#12124 = CARTESIAN_POINT('',(-2.64,-7.37,1.25));
#12125 = VECTOR('',#12126,1.);
#12126 = DIRECTION('',(1.,-1.110223024625E-16,0.));
#12127 = ORIENTED_EDGE('',*,*,#11406,.T.);
#12128 = ORIENTED_EDGE('',*,*,#11357,.F.);
#12129 = ORIENTED_EDGE('',*,*,#11333,.F.);
#12130 = PLANE('',#12131);
#12131 = AXIS2_PLACEMENT_3D('',#12132,#12133,#12134);
#12132 = CARTESIAN_POINT('',(-2.64,-7.37,1.25));
#12133 = DIRECTION('',(-1.110223024625E-16,-1.,0.));
#12134 = DIRECTION('',(0.,0.,1.));
#12135 = ADVANCED_FACE('',(#12136),#12147,.T.);
#12136 = FACE_BOUND('',#12137,.T.);
#12137 = EDGE_LOOP('',(#12138,#12144,#12145,#12146));
#12138 = ORIENTED_EDGE('',*,*,#12139,.T.);
#12139 = EDGE_CURVE('',#11318,#11391,#12140,.T.);
#12140 = LINE('',#12141,#12142);
#12141 = CARTESIAN_POINT('',(-2.64,-7.87,1.25));
#12142 = VECTOR('',#12143,1.);
#12143 = DIRECTION('',(1.,-1.110223024625E-16,0.));
#12144 = ORIENTED_EDGE('',*,*,#11398,.T.);
#12145 = ORIENTED_EDGE('',*,*,#12122,.F.);
#12146 = ORIENTED_EDGE('',*,*,#11325,.F.);
#12147 = PLANE('',#12148);
#12148 = AXIS2_PLACEMENT_3D('',#12149,#12150,#12151);
#12149 = CARTESIAN_POINT('',(-2.64,-7.87,1.25));
#12150 = DIRECTION('',(0.,0.,1.));
#12151 = DIRECTION('',(1.110223024625E-16,1.,-0.));
#12152 = ADVANCED_FACE('',(#12153),#12159,.T.);
#12153 = FACE_BOUND('',#12154,.T.);
#12154 = EDGE_LOOP('',(#12155,#12156,#12157,#12158));
#12155 = ORIENTED_EDGE('',*,*,#11425,.T.);
#12156 = ORIENTED_EDGE('',*,*,#11390,.T.);
#12157 = ORIENTED_EDGE('',*,*,#12139,.F.);
#12158 = ORIENTED_EDGE('',*,*,#11317,.F.);
#12159 = PLANE('',#12160);
#12160 = AXIS2_PLACEMENT_3D('',#12161,#12162,#12163);
#12161 = CARTESIAN_POINT('',(-2.64,-7.87,7.35));
#12162 = DIRECTION('',(1.110223024625E-16,1.,0.));
#12163 = DIRECTION('',(0.,0.,-1.));
#12164 = ADVANCED_FACE('',(#12165),#12176,.T.);
#12165 = FACE_BOUND('',#12166,.T.);
#12166 = EDGE_LOOP('',(#12167,#12173,#12174,#12175));
#12167 = ORIENTED_EDGE('',*,*,#12168,.T.);
#12168 = EDGE_CURVE('',#11492,#11565,#12169,.T.);
#12169 = LINE('',#12170,#12171);
#12170 = CARTESIAN_POINT('',(-2.64,-4.83,1.25));
#12171 = VECTOR('',#12172,1.);
#12172 = DIRECTION('',(1.,-1.110223024625E-16,0.));
#12173 = ORIENTED_EDGE('',*,*,#11572,.T.);
#12174 = ORIENTED_EDGE('',*,*,#11523,.F.);
#12175 = ORIENTED_EDGE('',*,*,#11499,.F.);
#12176 = PLANE('',#12177);
#12177 = AXIS2_PLACEMENT_3D('',#12178,#12179,#12180);
#12178 = CARTESIAN_POINT('',(-2.64,-4.83,1.25));
#12179 = DIRECTION('',(-1.110223024625E-16,-1.,0.));
#12180 = DIRECTION('',(0.,0.,1.));
#12181 = ADVANCED_FACE('',(#12182),#12193,.T.);
#12182 = FACE_BOUND('',#12183,.T.);
#12183 = EDGE_LOOP('',(#12184,#12190,#12191,#12192));
#12184 = ORIENTED_EDGE('',*,*,#12185,.T.);
#12185 = EDGE_CURVE('',#11484,#11557,#12186,.T.);
#12186 = LINE('',#12187,#12188);
#12187 = CARTESIAN_POINT('',(-2.64,-5.33,1.25));
#12188 = VECTOR('',#12189,1.);
#12189 = DIRECTION('',(1.,-1.110223024625E-16,0.));
#12190 = ORIENTED_EDGE('',*,*,#11564,.T.);
#12191 = ORIENTED_EDGE('',*,*,#12168,.F.);
#12192 = ORIENTED_EDGE('',*,*,#11491,.F.);
#12193 = PLANE('',#12194);
#12194 = AXIS2_PLACEMENT_3D('',#12195,#12196,#12197);
#12195 = CARTESIAN_POINT('',(-2.64,-5.33,1.25));
#12196 = DIRECTION('',(0.,0.,1.));
#12197 = DIRECTION('',(1.110223024625E-16,1.,-0.));
#12198 = ADVANCED_FACE('',(#12199),#12205,.T.);
#12199 = FACE_BOUND('',#12200,.T.);
#12200 = EDGE_LOOP('',(#12201,#12202,#12203,#12204));
#12201 = ORIENTED_EDGE('',*,*,#11591,.T.);
#12202 = ORIENTED_EDGE('',*,*,#11556,.T.);
#12203 = ORIENTED_EDGE('',*,*,#12185,.F.);
#12204 = ORIENTED_EDGE('',*,*,#11483,.F.);
#12205 = PLANE('',#12206);
#12206 = AXIS2_PLACEMENT_3D('',#12207,#12208,#12209);
#12207 = CARTESIAN_POINT('',(-2.64,-5.33,7.35));
#12208 = DIRECTION('',(1.110223024625E-16,1.,0.));
#12209 = DIRECTION('',(0.,0.,-1.));
#12210 = ADVANCED_FACE('',(#12211),#12222,.T.);
#12211 = FACE_BOUND('',#12212,.T.);
#12212 = EDGE_LOOP('',(#12213,#12219,#12220,#12221));
#12213 = ORIENTED_EDGE('',*,*,#12214,.T.);
#12214 = EDGE_CURVE('',#11658,#11731,#12215,.T.);
#12215 = LINE('',#12216,#12217);
#12216 = CARTESIAN_POINT('',(-2.64,-2.29,1.25));
#12217 = VECTOR('',#12218,1.);
#12218 = DIRECTION('',(1.,-1.110223024625E-16,0.));
#12219 = ORIENTED_EDGE('',*,*,#11738,.T.);
#12220 = ORIENTED_EDGE('',*,*,#11689,.F.);
#12221 = ORIENTED_EDGE('',*,*,#11665,.F.);
#12222 = PLANE('',#12223);
#12223 = AXIS2_PLACEMENT_3D('',#12224,#12225,#12226);
#12224 = CARTESIAN_POINT('',(-2.64,-2.29,1.25));
#12225 = DIRECTION('',(-1.110223024625E-16,-1.,0.));
#12226 = DIRECTION('',(0.,0.,1.));
#12227 = ADVANCED_FACE('',(#12228),#12239,.T.);
#12228 = FACE_BOUND('',#12229,.T.);
#12229 = EDGE_LOOP('',(#12230,#12236,#12237,#12238));
#12230 = ORIENTED_EDGE('',*,*,#12231,.T.);
#12231 = EDGE_CURVE('',#11650,#11723,#12232,.T.);
#12232 = LINE('',#12233,#12234);
#12233 = CARTESIAN_POINT('',(-2.64,-2.79,1.25));
#12234 = VECTOR('',#12235,1.);
#12235 = DIRECTION('',(1.,-1.110223024625E-16,0.));
#12236 = ORIENTED_EDGE('',*,*,#11730,.T.);
#12237 = ORIENTED_EDGE('',*,*,#12214,.F.);
#12238 = ORIENTED_EDGE('',*,*,#11657,.F.);
#12239 = PLANE('',#12240);
#12240 = AXIS2_PLACEMENT_3D('',#12241,#12242,#12243);
#12241 = CARTESIAN_POINT('',(-2.64,-2.79,1.25));
#12242 = DIRECTION('',(0.,0.,1.));
#12243 = DIRECTION('',(1.110223024625E-16,1.,-0.));
#12244 = ADVANCED_FACE('',(#12245),#12251,.T.);
#12245 = FACE_BOUND('',#12246,.T.);
#12246 = EDGE_LOOP('',(#12247,#12248,#12249,#12250));
#12247 = ORIENTED_EDGE('',*,*,#11757,.T.);
#12248 = ORIENTED_EDGE('',*,*,#11722,.T.);
#12249 = ORIENTED_EDGE('',*,*,#12231,.F.);
#12250 = ORIENTED_EDGE('',*,*,#11649,.F.);
#12251 = PLANE('',#12252);
#12252 = AXIS2_PLACEMENT_3D('',#12253,#12254,#12255);
#12253 = CARTESIAN_POINT('',(-2.64,-2.79,7.35));
#12254 = DIRECTION('',(1.110223024625E-16,1.,0.));
#12255 = DIRECTION('',(0.,0.,-1.));
#12256 = ADVANCED_FACE('',(#12257),#12268,.T.);
#12257 = FACE_BOUND('',#12258,.T.);
#12258 = EDGE_LOOP('',(#12259,#12265,#12266,#12267));
#12259 = ORIENTED_EDGE('',*,*,#12260,.T.);
#12260 = EDGE_CURVE('',#11824,#11897,#12261,.T.);
#12261 = LINE('',#12262,#12263);
#12262 = CARTESIAN_POINT('',(-2.64,0.25,1.25));
#12263 = VECTOR('',#12264,1.);
#12264 = DIRECTION('',(1.,-1.110223024625E-16,0.));
#12265 = ORIENTED_EDGE('',*,*,#11904,.T.);
#12266 = ORIENTED_EDGE('',*,*,#11855,.F.);
#12267 = ORIENTED_EDGE('',*,*,#11831,.F.);
#12268 = PLANE('',#12269);
#12269 = AXIS2_PLACEMENT_3D('',#12270,#12271,#12272);
#12270 = CARTESIAN_POINT('',(-2.64,0.25,1.25));
#12271 = DIRECTION('',(-1.110223024625E-16,-1.,0.));
#12272 = DIRECTION('',(0.,0.,1.));
#12273 = ADVANCED_FACE('',(#12274),#12285,.T.);
#12274 = FACE_BOUND('',#12275,.T.);
#12275 = EDGE_LOOP('',(#12276,#12282,#12283,#12284));
#12276 = ORIENTED_EDGE('',*,*,#12277,.T.);
#12277 = EDGE_CURVE('',#11816,#11889,#12278,.T.);
#12278 = LINE('',#12279,#12280);
#12279 = CARTESIAN_POINT('',(-2.64,-0.25,1.25));
#12280 = VECTOR('',#12281,1.);
#12281 = DIRECTION('',(1.,-1.110223024625E-16,0.));
#12282 = ORIENTED_EDGE('',*,*,#11896,.T.);
#12283 = ORIENTED_EDGE('',*,*,#12260,.F.);
#12284 = ORIENTED_EDGE('',*,*,#11823,.F.);
#12285 = PLANE('',#12286);
#12286 = AXIS2_PLACEMENT_3D('',#12287,#12288,#12289);
#12287 = CARTESIAN_POINT('',(-2.64,-0.25,1.25));
#12288 = DIRECTION('',(0.,0.,1.));
#12289 = DIRECTION('',(1.110223024625E-16,1.,-0.));
#12290 = ADVANCED_FACE('',(#12291),#12297,.T.);
#12291 = FACE_BOUND('',#12292,.T.);
#12292 = EDGE_LOOP('',(#12293,#12294,#12295,#12296));
#12293 = ORIENTED_EDGE('',*,*,#11923,.T.);
#12294 = ORIENTED_EDGE('',*,*,#11888,.T.);
#12295 = ORIENTED_EDGE('',*,*,#12277,.F.);
#12296 = ORIENTED_EDGE('',*,*,#11815,.F.);
#12297 = PLANE('',#12298);
#12298 = AXIS2_PLACEMENT_3D('',#12299,#12300,#12301);
#12299 = CARTESIAN_POINT('',(-2.64,-0.25,7.35));
#12300 = DIRECTION('',(1.110223024625E-16,1.,0.));
#12301 = DIRECTION('',(0.,0.,-1.));
#12302 = ( GEOMETRIC_REPRESENTATION_CONTEXT(3) 
GLOBAL_UNCERTAINTY_ASSIGNED_CONTEXT((#12306)) 
GLOBAL_UNIT_ASSIGNED_CONTEXT((#12303,#12304,#12305)) 
REPRESENTATION_CONTEXT('Context #1',
  '3D Context with UNIT and UNCERTAINTY') );
#12303 = ( LENGTH_UNIT() NAMED_UNIT(*) SI_UNIT(.MILLI.,.METRE.) );
#12304 = ( NAMED_UNIT(*) PLANE_ANGLE_UNIT() SI_UNIT($,.RADIAN.) );
#12305 = ( NAMED_UNIT(*) SI_UNIT($,.STERADIAN.) SOLID_ANGLE_UNIT() );
#12306 = UNCERTAINTY_MEASURE_WITH_UNIT(LENGTH_MEASURE(1.E-07),#12303,
  'distance_accuracy_value','confusion accuracy');
#12307 = CONTEXT_DEPENDENT_SHAPE_REPRESENTATION(#12308,#12310);
#12308 = ( REPRESENTATION_RELATIONSHIP('','',#5811,#10) 
REPRESENTATION_RELATIONSHIP_WITH_TRANSFORMATION(#12309) 
SHAPE_REPRESENTATION_RELATIONSHIP() );
#12309 = ITEM_DEFINED_TRANSFORMATION('','',#11,#23);
#12310 = PRODUCT_DEFINITION_SHAPE('Placement','Placement of an item',
  #12311);
#12311 = NEXT_ASSEMBLY_USAGE_OCCURRENCE('4','REF**','',#5,#5806,$);
#12312 = PRODUCT_RELATED_PRODUCT_CATEGORY('part',$,(#5808));
#12313 = SHAPE_DEFINITION_REPRESENTATION(#12314,#12320);
#12314 = PRODUCT_DEFINITION_SHAPE('','',#12315);
#12315 = PRODUCT_DEFINITION('design','',#12316,#12319);
#12316 = PRODUCT_DEFINITION_FORMATION('','',#12317);
#12317 = PRODUCT('TPS5460-kangwei_tech_silkscreen',
  'TPS5460-kangwei_tech_silkscreen','',(#12318));
#12318 = PRODUCT_CONTEXT('',#2,'mechanical');
#12319 = PRODUCT_DEFINITION_CONTEXT('part definition',#2,'design');
#12320 = SHAPE_REPRESENTATION('',(#11,#12321,#12679,#12952,#13225,#13562
    ,#13836,#13913,#14113,#14256,#14358,#14452,#14471,#14613,#14755),
  #14774);
#12321 = SHELL_BASED_SURFACE_MODEL('',(#12322));
#12322 = OPEN_SHELL('',(#12323));
#12323 = ADVANCED_FACE('',(#12324),#12674,.T.);
#12324 = FACE_BOUND('',#12325,.F.);
#12325 = EDGE_LOOP('',(#12326,#12336,#12344,#12352,#12360,#12368,#12377,
    #12385,#12393,#12402,#12410,#12418,#12426,#12434,#12442,#12450,
    #12458,#12466,#12474,#12482,#12490,#12498,#12506,#12514,#12522,
    #12530,#12538,#12547,#12555,#12563,#12572,#12580,#12588,#12596,
    #12604,#12612,#12620,#12628,#12636,#12644,#12652,#12660,#12668));
#12326 = ORIENTED_EDGE('',*,*,#12327,.T.);
#12327 = EDGE_CURVE('',#12328,#12330,#12332,.T.);
#12328 = VERTEX_POINT('',#12329);
#12329 = CARTESIAN_POINT('',(-2.506548,0.762464,1.585));
#12330 = VERTEX_POINT('',#12331);
#12331 = CARTESIAN_POINT('',(-2.319975,0.853845,1.585));
#12332 = LINE('',#12333,#12334);
#12333 = CARTESIAN_POINT('',(-2.506548,0.762464,1.585));
#12334 = VECTOR('',#12335,1.);
#12335 = DIRECTION('',(0.898065928809,0.439860872905,0.));
#12336 = ORIENTED_EDGE('',*,*,#12337,.T.);
#12337 = EDGE_CURVE('',#12330,#12338,#12340,.T.);
#12338 = VERTEX_POINT('',#12339);
#12339 = CARTESIAN_POINT('',(-2.280356,0.859172,1.585));
#12340 = LINE('',#12341,#12342);
#12341 = CARTESIAN_POINT('',(-2.319975,0.853845,1.585));
#12342 = VECTOR('',#12343,1.);
#12343 = DIRECTION('',(0.991081575788,0.133256557566,0.));
#12344 = ORIENTED_EDGE('',*,*,#12345,.T.);
#12345 = EDGE_CURVE('',#12338,#12346,#12348,.T.);
#12346 = VERTEX_POINT('',#12347);
#12347 = CARTESIAN_POINT('',(-1.908402,0.857714,1.585));
#12348 = LINE('',#12349,#12350);
#12349 = CARTESIAN_POINT('',(-2.280356,0.859172,1.585));
#12350 = VECTOR('',#12351,1.);
#12351 = DIRECTION('',(0.999992317517,-3.919809435953E-03,0.));
#12352 = ORIENTED_EDGE('',*,*,#12353,.T.);
#12353 = EDGE_CURVE('',#12346,#12354,#12356,.T.);
#12354 = VERTEX_POINT('',#12355);
#12355 = CARTESIAN_POINT('',(-1.875779,0.851474,1.585));
#12356 = LINE('',#12357,#12358);
#12357 = CARTESIAN_POINT('',(-1.908402,0.857714,1.585));
#12358 = VECTOR('',#12359,1.);
#12359 = DIRECTION('',(0.982193863723,-0.187870205365,0.));
#12360 = ORIENTED_EDGE('',*,*,#12361,.T.);
#12361 = EDGE_CURVE('',#12354,#12362,#12364,.T.);
#12362 = VERTEX_POINT('',#12363);
#12363 = CARTESIAN_POINT('',(-1.634642,0.768057,1.585));
#12364 = LINE('',#12365,#12366);
#12365 = CARTESIAN_POINT('',(-1.875779,0.851474,1.585));
#12366 = VECTOR('',#12367,1.);
#12367 = DIRECTION('',(0.945050868333,-0.326923318627,0.));
#12368 = ORIENTED_EDGE('',*,*,#12369,.T.);
#12369 = EDGE_CURVE('',#12362,#12370,#12372,.T.);
#12370 = VERTEX_POINT('',#12371);
#12371 = CARTESIAN_POINT('',(-1.727688,0.488921,1.585));
#12372 = CIRCLE('',#12373,0.149999956076);
#12373 = AXIS2_PLACEMENT_3D('',#12374,#12375,#12376);
#12374 = CARTESIAN_POINT('',(-1.708927069417,0.637743089444,1.585));
#12375 = DIRECTION('',(0.,0.,-1.));
#12376 = DIRECTION('',(0.495233941133,0.868759658104,0.));
#12377 = ORIENTED_EDGE('',*,*,#12378,.T.);
#12378 = EDGE_CURVE('',#12370,#12379,#12381,.T.);
#12379 = VERTEX_POINT('',#12380);
#12380 = CARTESIAN_POINT('',(-1.947553,0.559172,1.585));
#12381 = LINE('',#12382,#12383);
#12382 = CARTESIAN_POINT('',(-1.727688,0.488921,1.585));
#12383 = VECTOR('',#12384,1.);
#12384 = DIRECTION('',(-0.952557111488,0.304359901026,0.));
#12385 = ORIENTED_EDGE('',*,*,#12386,.T.);
#12386 = EDGE_CURVE('',#12379,#12387,#12389,.T.);
#12387 = VERTEX_POINT('',#12388);
#12388 = CARTESIAN_POINT('',(-2.244946,0.559172,1.585));
#12389 = LINE('',#12390,#12391);
#12390 = CARTESIAN_POINT('',(-1.947553,0.559172,1.585));
#12391 = VECTOR('',#12392,1.);
#12392 = DIRECTION('',(-1.,0.,0.));
#12393 = ORIENTED_EDGE('',*,*,#12394,.T.);
#12394 = EDGE_CURVE('',#12387,#12395,#12397,.T.);
#12395 = VERTEX_POINT('',#12396);
#12396 = CARTESIAN_POINT('',(-2.41607,0.388049,1.585));
#12397 = CIRCLE('',#12398,0.238001714149);
#12398 = AXIS2_PLACEMENT_3D('',#12399,#12400,#12401);
#12399 = CARTESIAN_POINT('',(-2.185589153131,0.328690806261,1.585));
#12400 = DIRECTION('',(0.,0.,1.));
#12401 = DIRECTION('',(-0.249396720027,0.968401402333,0.));
#12402 = ORIENTED_EDGE('',*,*,#12403,.T.);
#12403 = EDGE_CURVE('',#12395,#12404,#12406,.T.);
#12404 = VERTEX_POINT('',#12405);
#12405 = CARTESIAN_POINT('',(-2.41607,0.31601,1.585));
#12406 = LINE('',#12407,#12408);
#12407 = CARTESIAN_POINT('',(-2.41607,0.388049,1.585));
#12408 = VECTOR('',#12409,1.);
#12409 = DIRECTION('',(0.,-1.,0.));
#12410 = ORIENTED_EDGE('',*,*,#12411,.T.);
#12411 = EDGE_CURVE('',#12404,#12412,#12414,.T.);
#12412 = VERTEX_POINT('',#12413);
#12413 = CARTESIAN_POINT('',(-2.371365,0.226599,1.585));
#12414 = LINE('',#12415,#12416);
#12415 = CARTESIAN_POINT('',(-2.41607,0.31601,1.585));
#12416 = VECTOR('',#12417,1.);
#12417 = DIRECTION('',(0.447209594068,-0.894429191705,0.));
#12418 = ORIENTED_EDGE('',*,*,#12419,.T.);
#12419 = EDGE_CURVE('',#12412,#12420,#12422,.T.);
#12420 = VERTEX_POINT('',#12421);
#12421 = CARTESIAN_POINT('',(-2.33436,0.189594,1.585));
#12422 = LINE('',#12423,#12424);
#12423 = CARTESIAN_POINT('',(-2.371365,0.226599,1.585));
#12424 = VECTOR('',#12425,1.);
#12425 = DIRECTION('',(0.707106781187,-0.707106781187,0.));
#12426 = ORIENTED_EDGE('',*,*,#12427,.T.);
#12427 = EDGE_CURVE('',#12420,#12428,#12430,.T.);
#12428 = VERTEX_POINT('',#12429);
#12429 = CARTESIAN_POINT('',(-2.228,0.136414,1.585));
#12430 = LINE('',#12431,#12432);
#12431 = CARTESIAN_POINT('',(-2.33436,0.189594,1.585));
#12432 = VECTOR('',#12433,1.);
#12433 = DIRECTION('',(0.894427191,-0.4472135955,0.));
#12434 = ORIENTED_EDGE('',*,*,#12435,.T.);
#12435 = EDGE_CURVE('',#12428,#12436,#12438,.T.);
#12436 = VERTEX_POINT('',#12437);
#12437 = CARTESIAN_POINT('',(-1.929701,5.8442E-02,1.585));
#12438 = LINE('',#12439,#12440);
#12439 = CARTESIAN_POINT('',(-2.228,0.136414,1.585));
#12440 = VECTOR('',#12441,1.);
#12441 = DIRECTION('',(0.967494472558,-0.252892161939,0.));
#12442 = ORIENTED_EDGE('',*,*,#12443,.T.);
#12443 = EDGE_CURVE('',#12436,#12444,#12446,.T.);
#12444 = VERTEX_POINT('',#12445);
#12445 = CARTESIAN_POINT('',(-1.759816,-2.9472E-02,1.585));
#12446 = LINE('',#12447,#12448);
#12447 = CARTESIAN_POINT('',(-1.929701,5.8442E-02,1.585));
#12448 = VECTOR('',#12449,1.);
#12449 = DIRECTION('',(0.888127070955,-0.459597982847,0.));
#12450 = ORIENTED_EDGE('',*,*,#12451,.T.);
#12451 = EDGE_CURVE('',#12444,#12452,#12454,.T.);
#12452 = VERTEX_POINT('',#12453);
#12453 = CARTESIAN_POINT('',(-1.655635,-0.136065,1.585));
#12454 = LINE('',#12455,#12456);
#12455 = CARTESIAN_POINT('',(-1.759816,-2.9472E-02,1.585));
#12456 = VECTOR('',#12457,1.);
#12457 = DIRECTION('',(0.698969213705,-0.715151758924,0.));
#12458 = ORIENTED_EDGE('',*,*,#12459,.T.);
#12459 = EDGE_CURVE('',#12452,#12460,#12462,.T.);
#12460 = VERTEX_POINT('',#12461);
#12461 = CARTESIAN_POINT('',(-1.564254,-0.322638,1.585));
#12462 = LINE('',#12463,#12464);
#12463 = CARTESIAN_POINT('',(-1.655635,-0.136065,1.585));
#12464 = VECTOR('',#12465,1.);
#12465 = DIRECTION('',(0.439860872905,-0.898065928809,0.));
#12466 = ORIENTED_EDGE('',*,*,#12467,.T.);
#12467 = EDGE_CURVE('',#12460,#12468,#12470,.T.);
#12468 = VERTEX_POINT('',#12469);
#12469 = CARTESIAN_POINT('',(-1.558927,-0.362257,1.585));
#12470 = LINE('',#12471,#12472);
#12471 = CARTESIAN_POINT('',(-1.564254,-0.322638,1.585));
#12472 = VECTOR('',#12473,1.);
#12473 = DIRECTION('',(0.133256557566,-0.991081575788,0.));
#12474 = ORIENTED_EDGE('',*,*,#12475,.T.);
#12475 = EDGE_CURVE('',#12468,#12476,#12478,.T.);
#12476 = VERTEX_POINT('',#12477);
#12477 = CARTESIAN_POINT('',(-1.561809,-0.534378,1.585));
#12478 = LINE('',#12479,#12480);
#12479 = CARTESIAN_POINT('',(-1.558927,-0.362257,1.585));
#12480 = VECTOR('',#12481,1.);
#12481 = DIRECTION('',(-1.674168801182E-02,-0.99985984812,0.));
#12482 = ORIENTED_EDGE('',*,*,#12483,.T.);
#12483 = EDGE_CURVE('',#12476,#12484,#12486,.T.);
#12484 = VERTEX_POINT('',#12485);
#12485 = CARTESIAN_POINT('',(-1.574763,-0.572197,1.585));
#12486 = LINE('',#12487,#12488);
#12487 = CARTESIAN_POINT('',(-1.561809,-0.534378,1.585));
#12488 = VECTOR('',#12489,1.);
#12489 = DIRECTION('',(-0.324044193368,-0.946041944495,0.));
#12490 = ORIENTED_EDGE('',*,*,#12491,.T.);
#12491 = EDGE_CURVE('',#12484,#12492,#12494,.T.);
#12492 = VERTEX_POINT('',#12493);
#12493 = CARTESIAN_POINT('',(-1.661857,-0.739939,1.585));
#12494 = LINE('',#12495,#12496);
#12495 = CARTESIAN_POINT('',(-1.574763,-0.572197,1.585));
#12496 = VECTOR('',#12497,1.);
#12497 = DIRECTION('',(-0.460803569957,-0.887502152062,0.));
#12498 = ORIENTED_EDGE('',*,*,#12499,.T.);
#12499 = EDGE_CURVE('',#12492,#12500,#12502,.T.);
#12500 = VERTEX_POINT('',#12501);
#12501 = CARTESIAN_POINT('',(-1.768448,-0.84412,1.585));
#12502 = LINE('',#12503,#12504);
#12503 = CARTESIAN_POINT('',(-1.661857,-0.739939,1.585));
#12504 = VECTOR('',#12505,1.);
#12505 = DIRECTION('',(-0.715145203182,-0.698975921163,0.));
#12506 = ORIENTED_EDGE('',*,*,#12507,.T.);
#12507 = EDGE_CURVE('',#12500,#12508,#12510,.T.);
#12508 = VERTEX_POINT('',#12509);
#12509 = CARTESIAN_POINT('',(-1.955024,-0.935502,1.585));
#12510 = LINE('',#12511,#12512);
#12511 = CARTESIAN_POINT('',(-1.768448,-0.84412,1.585));
#12512 = VECTOR('',#12513,1.);
#12513 = DIRECTION('',(-0.898066821255,-0.439859050789,0.));
#12514 = ORIENTED_EDGE('',*,*,#12515,.T.);
#12515 = EDGE_CURVE('',#12508,#12516,#12518,.T.);
#12516 = VERTEX_POINT('',#12517);
#12517 = CARTESIAN_POINT('',(-1.994642,-0.940828,1.585));
#12518 = LINE('',#12519,#12520);
#12519 = CARTESIAN_POINT('',(-1.955024,-0.935502,1.585));
#12520 = VECTOR('',#12521,1.);
#12521 = DIRECTION('',(-0.99108443516,-0.133235289557,0.));
#12522 = ORIENTED_EDGE('',*,*,#12523,.T.);
#12523 = EDGE_CURVE('',#12516,#12524,#12526,.T.);
#12524 = VERTEX_POINT('',#12525);
#12525 = CARTESIAN_POINT('',(-2.381048,-0.937946,1.585));
#12526 = LINE('',#12527,#12528);
#12527 = CARTESIAN_POINT('',(-1.994642,-0.940828,1.585));
#12528 = VECTOR('',#12529,1.);
#12529 = DIRECTION('',(-0.999972186726,7.45826887301E-03,0.));
#12530 = ORIENTED_EDGE('',*,*,#12531,.T.);
#12531 = EDGE_CURVE('',#12524,#12532,#12534,.T.);
#12532 = VERTEX_POINT('',#12533);
#12533 = CARTESIAN_POINT('',(-2.640355,-0.849715,1.585));
#12534 = LINE('',#12535,#12536);
#12535 = CARTESIAN_POINT('',(-2.381048,-0.937946,1.585));
#12536 = VECTOR('',#12537,1.);
#12537 = DIRECTION('',(-0.946698593382,0.322120743338,0.));
#12538 = ORIENTED_EDGE('',*,*,#12539,.T.);
#12539 = EDGE_CURVE('',#12532,#12540,#12542,.T.);
#12540 = VERTEX_POINT('',#12541);
#12541 = CARTESIAN_POINT('',(-2.54731,-0.570577,1.585));
#12542 = CIRCLE('',#12543,0.150000824246);
#12543 = AXIS2_PLACEMENT_3D('',#12544,#12545,#12546);
#12544 = CARTESIAN_POINT('',(-2.566069929635,-0.719400090663,1.585));
#12545 = DIRECTION('',(0.,0.,-1.));
#12546 = DIRECTION('',(-0.49523108115,-0.868761288423,-0.));
#12547 = ORIENTED_EDGE('',*,*,#12548,.T.);
#12548 = EDGE_CURVE('',#12540,#12549,#12551,.T.);
#12549 = VERTEX_POINT('',#12550);
#12550 = CARTESIAN_POINT('',(-2.327441,-0.640828,1.585));
#12551 = LINE('',#12552,#12553);
#12552 = CARTESIAN_POINT('',(-2.54731,-0.570577,1.585));
#12553 = VECTOR('',#12554,1.);
#12554 = DIRECTION('',(0.952558716799,-0.30435487683,0.));
#12555 = ORIENTED_EDGE('',*,*,#12556,.T.);
#12556 = EDGE_CURVE('',#12549,#12557,#12559,.T.);
#12557 = VERTEX_POINT('',#12558);
#12558 = CARTESIAN_POINT('',(-2.030051,-0.640828,1.585));
#12559 = LINE('',#12560,#12561);
#12560 = CARTESIAN_POINT('',(-2.327441,-0.640828,1.585));
#12561 = VECTOR('',#12562,1.);
#12562 = DIRECTION('',(1.,0.,0.));
#12563 = ORIENTED_EDGE('',*,*,#12564,.T.);
#12564 = EDGE_CURVE('',#12557,#12565,#12567,.T.);
#12565 = VERTEX_POINT('',#12566);
#12566 = CARTESIAN_POINT('',(-1.858927,-0.469703,1.585));
#12567 = CIRCLE('',#12568,0.238004250001);
#12568 = AXIS2_PLACEMENT_3D('',#12569,#12570,#12571);
#12569 = CARTESIAN_POINT('',(-2.089410480859,-0.410344866016,1.585));
#12570 = DIRECTION('',(0.,0.,1.));
#12571 = DIRECTION('',(0.249405129775,-0.968399236494,0.));
#12572 = ORIENTED_EDGE('',*,*,#12573,.T.);
#12573 = EDGE_CURVE('',#12565,#12574,#12576,.T.);
#12574 = VERTEX_POINT('',#12575);
#12575 = CARTESIAN_POINT('',(-1.858927,-0.397667,1.585));
#12576 = LINE('',#12577,#12578);
#12577 = CARTESIAN_POINT('',(-1.858927,-0.469703,1.585));
#12578 = VECTOR('',#12579,1.);
#12579 = DIRECTION('',(0.,1.,0.));
#12580 = ORIENTED_EDGE('',*,*,#12581,.T.);
#12581 = EDGE_CURVE('',#12574,#12582,#12584,.T.);
#12582 = VERTEX_POINT('',#12583);
#12583 = CARTESIAN_POINT('',(-1.903635,-0.308253,1.585));
#12584 = LINE('',#12585,#12586);
#12585 = CARTESIAN_POINT('',(-1.858927,-0.397667,1.585));
#12586 = VECTOR('',#12587,1.);
#12587 = DIRECTION('',(-0.447221598016,0.894423189697,0.));
#12588 = ORIENTED_EDGE('',*,*,#12589,.T.);
#12589 = EDGE_CURVE('',#12582,#12590,#12592,.T.);
#12590 = VERTEX_POINT('',#12591);
#12591 = CARTESIAN_POINT('',(-1.940639,-0.271248,1.585));
#12592 = LINE('',#12593,#12594);
#12593 = CARTESIAN_POINT('',(-1.903635,-0.308253,1.585));
#12594 = VECTOR('',#12595,1.);
#12595 = DIRECTION('',(-0.707097226787,0.707116335457,0.));
#12596 = ORIENTED_EDGE('',*,*,#12597,.T.);
#12597 = EDGE_CURVE('',#12590,#12598,#12600,.T.);
#12598 = VERTEX_POINT('',#12599);
#12599 = CARTESIAN_POINT('',(-2.046998,-0.218069,1.585));
#12600 = LINE('',#12601,#12602);
#12601 = CARTESIAN_POINT('',(-1.940639,-0.271248,1.585));
#12602 = VECTOR('',#12603,1.);
#12603 = DIRECTION('',(-0.894428872899,0.447210231686,0.));
#12604 = ORIENTED_EDGE('',*,*,#12605,.T.);
#12605 = EDGE_CURVE('',#12598,#12606,#12608,.T.);
#12606 = VERTEX_POINT('',#12607);
#12607 = CARTESIAN_POINT('',(-2.345297,-0.140097,1.585));
#12608 = LINE('',#12609,#12610);
#12609 = CARTESIAN_POINT('',(-2.046998,-0.218069,1.585));
#12610 = VECTOR('',#12611,1.);
#12611 = DIRECTION('',(-0.967494472558,0.252892161939,0.));
#12612 = ORIENTED_EDGE('',*,*,#12613,.T.);
#12613 = EDGE_CURVE('',#12606,#12614,#12616,.T.);
#12614 = VERTEX_POINT('',#12615);
#12615 = CARTESIAN_POINT('',(-2.515181,-5.2184E-02,1.585));
#12616 = LINE('',#12617,#12618);
#12617 = CARTESIAN_POINT('',(-2.345297,-0.140097,1.585));
#12618 = VECTOR('',#12619,1.);
#12619 = DIRECTION('',(-0.888128100584,0.459595993187,0.));
#12620 = ORIENTED_EDGE('',*,*,#12621,.T.);
#12621 = EDGE_CURVE('',#12614,#12622,#12624,.T.);
#12622 = VERTEX_POINT('',#12623);
#12623 = CARTESIAN_POINT('',(-2.619362,5.4407E-02,1.585));
#12624 = LINE('',#12625,#12626);
#12625 = CARTESIAN_POINT('',(-2.515181,-5.2184E-02,1.585));
#12626 = VECTOR('',#12627,1.);
#12627 = DIRECTION('',(-0.698975921163,0.715145203182,0.));
#12628 = ORIENTED_EDGE('',*,*,#12629,.T.);
#12629 = EDGE_CURVE('',#12622,#12630,#12632,.T.);
#12630 = VERTEX_POINT('',#12631);
#12631 = CARTESIAN_POINT('',(-2.710744,0.240982,1.585));
#12632 = LINE('',#12633,#12634);
#12633 = CARTESIAN_POINT('',(-2.619362,5.4407E-02,1.585));
#12634 = VECTOR('',#12635,1.);
#12635 = DIRECTION('',(-0.439860952203,0.89806588997,0.));
#12636 = ORIENTED_EDGE('',*,*,#12637,.T.);
#12637 = EDGE_CURVE('',#12630,#12638,#12640,.T.);
#12638 = VERTEX_POINT('',#12639);
#12639 = CARTESIAN_POINT('',(-2.71607,0.2806,1.585));
#12640 = LINE('',#12641,#12642);
#12641 = CARTESIAN_POINT('',(-2.710744,0.240982,1.585));
#12642 = VECTOR('',#12643,1.);
#12643 = DIRECTION('',(-0.133235289557,0.99108443516,0.));
#12644 = ORIENTED_EDGE('',*,*,#12645,.T.);
#12645 = EDGE_CURVE('',#12638,#12646,#12648,.T.);
#12646 = VERTEX_POINT('',#12647);
#12647 = CARTESIAN_POINT('',(-2.713188,0.452722,1.585));
#12648 = LINE('',#12649,#12650);
#12649 = CARTESIAN_POINT('',(-2.71607,0.2806,1.585));
#12650 = VECTOR('',#12651,1.);
#12651 = DIRECTION('',(1.674159077267E-02,0.999859849748,0.));
#12652 = ORIENTED_EDGE('',*,*,#12653,.T.);
#12653 = EDGE_CURVE('',#12646,#12654,#12656,.T.);
#12654 = VERTEX_POINT('',#12655);
#12655 = CARTESIAN_POINT('',(-2.700234,0.49054,1.585));
#12656 = LINE('',#12657,#12658);
#12657 = CARTESIAN_POINT('',(-2.713188,0.452722,1.585));
#12658 = VECTOR('',#12659,1.);
#12659 = DIRECTION('',(0.32405186212,0.946039317712,0.));
#12660 = ORIENTED_EDGE('',*,*,#12661,.T.);
#12661 = EDGE_CURVE('',#12654,#12662,#12664,.T.);
#12662 = VERTEX_POINT('',#12663);
#12663 = CARTESIAN_POINT('',(-2.613141,0.658283,1.585));
#12664 = LINE('',#12665,#12666);
#12665 = CARTESIAN_POINT('',(-2.700234,0.49054,1.585));
#12666 = VECTOR('',#12667,1.);
#12667 = DIRECTION('',(0.460797238769,0.887505439275,0.));
#12668 = ORIENTED_EDGE('',*,*,#12669,.T.);
#12669 = EDGE_CURVE('',#12662,#12328,#12670,.T.);
#12670 = LINE('',#12671,#12672);
#12671 = CARTESIAN_POINT('',(-2.613141,0.658283,1.585));
#12672 = VECTOR('',#12673,1.);
#12673 = DIRECTION('',(0.715151758924,0.698969213705,0.));
#12674 = PLANE('',#12675);
#12675 = AXIS2_PLACEMENT_3D('',#12676,#12677,#12678);
#12676 = CARTESIAN_POINT('',(0.,0.,1.585));
#12677 = DIRECTION('',(0.,0.,1.));
#12678 = DIRECTION('',(1.,0.,-0.));
#12679 = SHELL_BASED_SURFACE_MODEL('',(#12680));
#12680 = OPEN_SHELL('',(#12681));
#12681 = ADVANCED_FACE('',(#12682),#12947,.T.);
#12682 = FACE_BOUND('',#12683,.F.);
#12683 = EDGE_LOOP('',(#12684,#12695,#12703,#12712,#12720,#12728,#12736,
    #12744,#12752,#12760,#12768,#12776,#12784,#12792,#12800,#12808,
    #12816,#12824,#12832,#12840,#12848,#12856,#12864,#12873,#12881,
    #12890,#12898,#12907,#12915,#12924,#12932,#12941));
#12684 = ORIENTED_EDGE('',*,*,#12685,.T.);
#12685 = EDGE_CURVE('',#12686,#12688,#12690,.T.);
#12686 = VERTEX_POINT('',#12687);
#12687 = CARTESIAN_POINT('',(-1.209547,0.752929,1.585));
#12688 = VERTEX_POINT('',#12689);
#12689 = CARTESIAN_POINT('',(-1.080551,0.858471,1.585));
#12690 = CIRCLE('',#12691,0.150001055207);
#12691 = AXIS2_PLACEMENT_3D('',#12692,#12693,#12694);
#12692 = CARTESIAN_POINT('',(-1.06607047694,0.709170527746,1.585));
#12693 = DIRECTION('',(0.,0.,-1.));
#12694 = DIRECTION('',(-0.956503425002,0.291721096184,0.));
#12695 = ORIENTED_EDGE('',*,*,#12696,.T.);
#12696 = EDGE_CURVE('',#12688,#12697,#12699,.T.);
#12697 = VERTEX_POINT('',#12698);
#12698 = CARTESIAN_POINT('',(-0.322521,0.85629,1.585));
#12699 = LINE('',#12700,#12701);
#12700 = CARTESIAN_POINT('',(-1.080551,0.858471,1.585));
#12701 = VECTOR('',#12702,1.);
#12702 = DIRECTION('',(0.999995860901,-2.877182924982E-03,0.));
#12703 = ORIENTED_EDGE('',*,*,#12704,.T.);
#12704 = EDGE_CURVE('',#12697,#12705,#12707,.T.);
#12705 = VERTEX_POINT('',#12706);
#12706 = CARTESIAN_POINT('',(-0.322521,0.562054,1.585));
#12707 = CIRCLE('',#12708,0.150000292066);
#12708 = AXIS2_PLACEMENT_3D('',#12709,#12710,#12711);
#12709 = CARTESIAN_POINT('',(-0.351785,0.709172,1.585));
#12710 = DIRECTION('',(0.,0.,-1.));
#12711 = DIRECTION('',(0.195092953466,0.980784756972,0.));
#12712 = ORIENTED_EDGE('',*,*,#12713,.T.);
#12713 = EDGE_CURVE('',#12705,#12714,#12716,.T.);
#12714 = VERTEX_POINT('',#12715);
#12715 = CARTESIAN_POINT('',(-0.930322,0.559172,1.585));
#12716 = LINE('',#12717,#12718);
#12717 = CARTESIAN_POINT('',(-0.322521,0.562054,1.585));
#12718 = VECTOR('',#12719,1.);
#12719 = DIRECTION('',(-0.999988758408,-4.741630240379E-03,0.));
#12720 = ORIENTED_EDGE('',*,*,#12721,.T.);
#12721 = EDGE_CURVE('',#12714,#12722,#12724,.T.);
#12722 = VERTEX_POINT('',#12723);
#12723 = CARTESIAN_POINT('',(-0.957456,0.282799,1.585));
#12724 = LINE('',#12725,#12726);
#12725 = CARTESIAN_POINT('',(-0.930322,0.559172,1.585));
#12726 = VECTOR('',#12727,1.);
#12727 = DIRECTION('',(-9.770912580431E-02,-0.995215015328,0.));
#12728 = ORIENTED_EDGE('',*,*,#12729,.T.);
#12729 = EDGE_CURVE('',#12722,#12730,#12732,.T.);
#12730 = VERTEX_POINT('',#12731);
#12731 = CARTESIAN_POINT('',(-0.923213,0.287743,1.585));
#12732 = LINE('',#12733,#12734);
#12733 = CARTESIAN_POINT('',(-0.957456,0.282799,1.585));
#12734 = VECTOR('',#12735,1.);
#12735 = DIRECTION('',(0.989737397429,0.14289816,0.));
#12736 = ORIENTED_EDGE('',*,*,#12737,.T.);
#12737 = EDGE_CURVE('',#12730,#12738,#12740,.T.);
#12738 = VERTEX_POINT('',#12739);
#12739 = CARTESIAN_POINT('',(-0.536807,0.284861,1.585));
#12740 = LINE('',#12741,#12742);
#12741 = CARTESIAN_POINT('',(-0.923213,0.287743,1.585));
#12742 = VECTOR('',#12743,1.);
#12743 = DIRECTION('',(0.999972186726,-7.45826887301E-03,0.));
#12744 = ORIENTED_EDGE('',*,*,#12745,.T.);
#12745 = EDGE_CURVE('',#12738,#12746,#12748,.T.);
#12746 = VERTEX_POINT('',#12747);
#12747 = CARTESIAN_POINT('',(-0.49899,0.271907,1.585));
#12748 = LINE('',#12749,#12750);
#12749 = CARTESIAN_POINT('',(-0.536807,0.284861,1.585));
#12750 = VECTOR('',#12751,1.);
#12751 = DIRECTION('',(0.946036690742,-0.324059531213,0.));
#12752 = ORIENTED_EDGE('',*,*,#12753,.T.);
#12753 = EDGE_CURVE('',#12746,#12754,#12756,.T.);
#12754 = VERTEX_POINT('',#12755);
#12755 = CARTESIAN_POINT('',(-0.331246,0.184814,1.585));
#12756 = LINE('',#12757,#12758);
#12757 = CARTESIAN_POINT('',(-0.49899,0.271907,1.585));
#12758 = VECTOR('',#12759,1.);
#12759 = DIRECTION('',(0.887506562698,-0.460795075025,0.));
#12760 = ORIENTED_EDGE('',*,*,#12761,.T.);
#12761 = EDGE_CURVE('',#12754,#12762,#12764,.T.);
#12762 = VERTEX_POINT('',#12763);
#12763 = CARTESIAN_POINT('',(-0.227064,7.8221E-02,1.585));
#12764 = LINE('',#12765,#12766);
#12765 = CARTESIAN_POINT('',(-0.331246,0.184814,1.585));
#12766 = VECTOR('',#12767,1.);
#12767 = DIRECTION('',(0.698972645038,-0.71514840522,0.));
#12768 = ORIENTED_EDGE('',*,*,#12769,.T.);
#12769 = EDGE_CURVE('',#12762,#12770,#12772,.T.);
#12770 = VERTEX_POINT('',#12771);
#12771 = CARTESIAN_POINT('',(-0.135683,-0.108352,1.585));
#12772 = LINE('',#12773,#12774);
#12773 = CARTESIAN_POINT('',(-0.227064,7.8221E-02,1.585));
#12774 = VECTOR('',#12775,1.);
#12775 = DIRECTION('',(0.439860872905,-0.898065928809,0.));
#12776 = ORIENTED_EDGE('',*,*,#12777,.T.);
#12777 = EDGE_CURVE('',#12770,#12778,#12780,.T.);
#12778 = VERTEX_POINT('',#12779);
#12779 = CARTESIAN_POINT('',(-0.130356,-0.147971,1.585));
#12780 = LINE('',#12781,#12782);
#12781 = CARTESIAN_POINT('',(-0.135683,-0.108352,1.585));
#12782 = VECTOR('',#12783,1.);
#12783 = DIRECTION('',(0.133256557566,-0.991081575788,0.));
#12784 = ORIENTED_EDGE('',*,*,#12785,.T.);
#12785 = EDGE_CURVE('',#12778,#12786,#12788,.T.);
#12786 = VERTEX_POINT('',#12787);
#12787 = CARTESIAN_POINT('',(-0.133238,-0.534378,1.585));
#12788 = LINE('',#12789,#12790);
#12789 = CARTESIAN_POINT('',(-0.130356,-0.147971,1.585));
#12790 = VECTOR('',#12791,1.);
#12791 = DIRECTION('',(-7.458249572495E-03,-0.99997218687,0.));
#12792 = ORIENTED_EDGE('',*,*,#12793,.T.);
#12793 = EDGE_CURVE('',#12786,#12794,#12796,.T.);
#12794 = VERTEX_POINT('',#12795);
#12795 = CARTESIAN_POINT('',(-0.146192,-0.572197,1.585));
#12796 = LINE('',#12797,#12798);
#12797 = CARTESIAN_POINT('',(-0.133238,-0.534378,1.585));
#12798 = VECTOR('',#12799,1.);
#12799 = DIRECTION('',(-0.324044193368,-0.946041944495,0.));
#12800 = ORIENTED_EDGE('',*,*,#12801,.T.);
#12801 = EDGE_CURVE('',#12794,#12802,#12804,.T.);
#12802 = VERTEX_POINT('',#12803);
#12803 = CARTESIAN_POINT('',(-0.233286,-0.739939,1.585));
#12804 = LINE('',#12805,#12806);
#12805 = CARTESIAN_POINT('',(-0.146192,-0.572197,1.585));
#12806 = VECTOR('',#12807,1.);
#12807 = DIRECTION('',(-0.460803569957,-0.887502152062,0.));
#12808 = ORIENTED_EDGE('',*,*,#12809,.T.);
#12809 = EDGE_CURVE('',#12802,#12810,#12812,.T.);
#12810 = VERTEX_POINT('',#12811);
#12811 = CARTESIAN_POINT('',(-0.339877,-0.84412,1.585));
#12812 = LINE('',#12813,#12814);
#12813 = CARTESIAN_POINT('',(-0.233286,-0.739939,1.585));
#12814 = VECTOR('',#12815,1.);
#12815 = DIRECTION('',(-0.715145203182,-0.698975921163,0.));
#12816 = ORIENTED_EDGE('',*,*,#12817,.T.);
#12817 = EDGE_CURVE('',#12810,#12818,#12820,.T.);
#12818 = VERTEX_POINT('',#12819);
#12819 = CARTESIAN_POINT('',(-0.526453,-0.935502,1.585));
#12820 = LINE('',#12821,#12822);
#12821 = CARTESIAN_POINT('',(-0.339877,-0.84412,1.585));
#12822 = VECTOR('',#12823,1.);
#12823 = DIRECTION('',(-0.898066821255,-0.439859050789,0.));
#12824 = ORIENTED_EDGE('',*,*,#12825,.T.);
#12825 = EDGE_CURVE('',#12818,#12826,#12828,.T.);
#12826 = VERTEX_POINT('',#12827);
#12827 = CARTESIAN_POINT('',(-0.566071,-0.940828,1.585));
#12828 = LINE('',#12829,#12830);
#12829 = CARTESIAN_POINT('',(-0.526453,-0.935502,1.585));
#12830 = VECTOR('',#12831,1.);
#12831 = DIRECTION('',(-0.99108443516,-0.133235289557,0.));
#12832 = ORIENTED_EDGE('',*,*,#12833,.T.);
#12833 = EDGE_CURVE('',#12826,#12834,#12836,.T.);
#12834 = VERTEX_POINT('',#12835);
#12835 = CARTESIAN_POINT('',(-0.952477,-0.937946,1.585));
#12836 = LINE('',#12837,#12838);
#12837 = CARTESIAN_POINT('',(-0.566071,-0.940828,1.585));
#12838 = VECTOR('',#12839,1.);
#12839 = DIRECTION('',(-0.999972186726,7.45826887301E-03,0.));
#12840 = ORIENTED_EDGE('',*,*,#12841,.T.);
#12841 = EDGE_CURVE('',#12834,#12842,#12844,.T.);
#12842 = VERTEX_POINT('',#12843);
#12843 = CARTESIAN_POINT('',(-0.990294,-0.924993,1.585));
#12844 = LINE('',#12845,#12846);
#12845 = CARTESIAN_POINT('',(-0.952477,-0.937946,1.585));
#12846 = VECTOR('',#12847,1.);
#12847 = DIRECTION('',(-0.946044359803,0.324037141829,0.));
#12848 = ORIENTED_EDGE('',*,*,#12849,.T.);
#12849 = EDGE_CURVE('',#12842,#12850,#12852,.T.);
#12850 = VERTEX_POINT('',#12851);
#12851 = CARTESIAN_POINT('',(-1.158038,-0.8379,1.585));
#12852 = LINE('',#12853,#12854);
#12853 = CARTESIAN_POINT('',(-0.990294,-0.924993,1.585));
#12854 = VECTOR('',#12855,1.);
#12855 = DIRECTION('',(-0.887506562698,0.460795075025,0.));
#12856 = ORIENTED_EDGE('',*,*,#12857,.T.);
#12857 = EDGE_CURVE('',#12850,#12858,#12860,.T.);
#12858 = VERTEX_POINT('',#12859);
#12859 = CARTESIAN_POINT('',(-1.26222,-0.731305,1.585));
#12860 = LINE('',#12861,#12862);
#12861 = CARTESIAN_POINT('',(-1.158038,-0.8379,1.585));
#12862 = VECTOR('',#12863,1.);
#12863 = DIRECTION('',(-0.698965937678,0.715154960807,0.));
#12864 = ORIENTED_EDGE('',*,*,#12865,.T.);
#12865 = EDGE_CURVE('',#12858,#12866,#12868,.T.);
#12866 = VERTEX_POINT('',#12867);
#12867 = CARTESIAN_POINT('',(-1.054163,-0.523251,1.585));
#12868 = CIRCLE('',#12869,0.149999709527);
#12869 = AXIS2_PLACEMENT_3D('',#12870,#12871,#12872);
#12870 = CARTESIAN_POINT('',(-1.137499050064,-0.647970748308,1.585));
#12871 = DIRECTION('',(0.,0.,-1.));
#12872 = DIRECTION('',(-0.831474609716,-0.555562753789,-0.));
#12873 = ORIENTED_EDGE('',*,*,#12874,.T.);
#12874 = EDGE_CURVE('',#12866,#12875,#12877,.T.);
#12875 = VERTEX_POINT('',#12876);
#12876 = CARTESIAN_POINT('',(-0.977216,-0.596122,1.585));
#12877 = LINE('',#12878,#12879);
#12878 = CARTESIAN_POINT('',(-1.054163,-0.523251,1.585));
#12879 = VECTOR('',#12880,1.);
#12880 = DIRECTION('',(0.726075905715,-0.687614557103,0.));
#12881 = ORIENTED_EDGE('',*,*,#12882,.T.);
#12882 = EDGE_CURVE('',#12875,#12883,#12885,.T.);
#12883 = VERTEX_POINT('',#12884);
#12884 = CARTESIAN_POINT('',(-0.512067,-0.596121,1.585));
#12885 = CIRCLE('',#12886,0.423048132295);
#12886 = AXIS2_PLACEMENT_3D('',#12887,#12888,#12889);
#12887 = CARTESIAN_POINT('',(-0.744642259718,-0.242739519436,1.585));
#12888 = DIRECTION('',(0.,0.,1.));
#12889 = DIRECTION('',(-0.549757161248,-0.835324525952,0.));
#12890 = ORIENTED_EDGE('',*,*,#12891,.T.);
#12891 = EDGE_CURVE('',#12883,#12892,#12894,.T.);
#12892 = VERTEX_POINT('',#12893);
#12893 = CARTESIAN_POINT('',(-0.475064,-0.559117,1.585));
#12894 = LINE('',#12895,#12896);
#12895 = CARTESIAN_POINT('',(-0.512067,-0.596121,1.585));
#12896 = VECTOR('',#12897,1.);
#12897 = DIRECTION('',(0.707097226529,0.707116335715,0.));
#12898 = ORIENTED_EDGE('',*,*,#12899,.T.);
#12899 = EDGE_CURVE('',#12892,#12900,#12902,.T.);
#12900 = VERTEX_POINT('',#12901);
#12901 = CARTESIAN_POINT('',(-0.475064,-9.3967E-02,1.585));
#12902 = CIRCLE('',#12903,0.423041403195);
#12903 = AXIS2_PLACEMENT_3D('',#12904,#12905,#12906);
#12904 = CARTESIAN_POINT('',(-0.828437595777,-0.326542,1.585));
#12905 = DIRECTION('',(0.,-0.,1.));
#12906 = DIRECTION('',(0.835316810856,-0.549768883715,-0.));
#12907 = ORIENTED_EDGE('',*,*,#12908,.T.);
#12908 = EDGE_CURVE('',#12900,#12909,#12911,.T.);
#12909 = VERTEX_POINT('',#12910);
#12910 = CARTESIAN_POINT('',(-0.512067,-5.6963E-02,1.585));
#12911 = LINE('',#12912,#12913);
#12912 = CARTESIAN_POINT('',(-0.475064,-9.3967E-02,1.585));
#12913 = VECTOR('',#12914,1.);
#12914 = DIRECTION('',(-0.707097226529,0.707116335715,0.));
#12915 = ORIENTED_EDGE('',*,*,#12916,.T.);
#12916 = EDGE_CURVE('',#12909,#12917,#12919,.T.);
#12917 = VERTEX_POINT('',#12918);
#12918 = CARTESIAN_POINT('',(-0.977216,-5.6962E-02,1.585));
#12919 = CIRCLE('',#12920,0.423054181073);
#12920 = AXIS2_PLACEMENT_3D('',#12921,#12922,#12923);
#12921 = CARTESIAN_POINT('',(-0.744642259733,-0.410351721783,1.585));
#12922 = DIRECTION('',(0.,0.,1.));
#12923 = DIRECTION('',(0.54975289251,0.835327335347,-0.));
#12924 = ORIENTED_EDGE('',*,*,#12925,.T.);
#12925 = EDGE_CURVE('',#12917,#12926,#12928,.T.);
#12926 = VERTEX_POINT('',#12927);
#12927 = CARTESIAN_POINT('',(-1.054163,-0.129834,1.585));
#12928 = LINE('',#12929,#12930);
#12929 = CARTESIAN_POINT('',(-0.977216,-5.6962E-02,1.585));
#12930 = VECTOR('',#12931,1.);
#12931 = DIRECTION('',(-0.726071194682,-0.687619531611,0.));
#12932 = ORIENTED_EDGE('',*,*,#12933,.T.);
#12933 = EDGE_CURVE('',#12926,#12934,#12936,.T.);
#12934 = VERTEX_POINT('',#12935);
#12935 = CARTESIAN_POINT('',(-1.286799,-1.9594E-02,1.585));
#12936 = CIRCLE('',#12937,0.150000248065);
#12937 = AXIS2_PLACEMENT_3D('',#12938,#12939,#12940);
#12938 = CARTESIAN_POINT('',(-1.137499309538,-5.113777373306E-03,1.585)
  );
#12939 = DIRECTION('',(-0.,0.,-1.));
#12940 = DIRECTION('',(0.55557447813,-0.831466775795,-0.));
#12941 = ORIENTED_EDGE('',*,*,#12942,.T.);
#12942 = EDGE_CURVE('',#12934,#12686,#12943,.T.);
#12943 = LINE('',#12944,#12945);
#12944 = CARTESIAN_POINT('',(-1.286799,-1.9594E-02,1.585));
#12945 = VECTOR('',#12946,1.);
#12946 = DIRECTION('',(9.950333643612E-02,0.995037228468,0.));
#12947 = PLANE('',#12948);
#12948 = AXIS2_PLACEMENT_3D('',#12949,#12950,#12951);
#12949 = CARTESIAN_POINT('',(0.,0.,1.585));
#12950 = DIRECTION('',(0.,0.,1.));
#12951 = DIRECTION('',(1.,0.,-0.));
#12952 = SHELL_BASED_SURFACE_MODEL('',(#12953));
#12953 = OPEN_SHELL('',(#12954));
#12954 = ADVANCED_FACE('',(#12955),#13220,.T.);
#12955 = FACE_BOUND('',#12956,.F.);
#12956 = EDGE_LOOP('',(#12957,#12968,#12976,#12985,#12993,#13001,#13009,
    #13017,#13025,#13033,#13041,#13049,#13057,#13065,#13073,#13081,
    #13089,#13097,#13105,#13113,#13121,#13129,#13137,#13146,#13154,
    #13163,#13171,#13180,#13188,#13197,#13205,#13214));
#12957 = ORIENTED_EDGE('',*,*,#12958,.T.);
#12958 = EDGE_CURVE('',#12959,#12961,#12963,.T.);
#12959 = VERTEX_POINT('',#12960);
#12960 = CARTESIAN_POINT('',(1.647595,0.752929,1.585));
#12961 = VERTEX_POINT('',#12962);
#12962 = CARTESIAN_POINT('',(1.776591,0.858471,1.585));
#12963 = CIRCLE('',#12964,0.150001055207);
#12964 = AXIS2_PLACEMENT_3D('',#12965,#12966,#12967);
#12965 = CARTESIAN_POINT('',(1.79107152306,0.709170527746,1.585));
#12966 = DIRECTION('',(0.,0.,-1.));
#12967 = DIRECTION('',(-0.956503425002,0.291721096184,0.));
#12968 = ORIENTED_EDGE('',*,*,#12969,.T.);
#12969 = EDGE_CURVE('',#12961,#12970,#12972,.T.);
#12970 = VERTEX_POINT('',#12971);
#12971 = CARTESIAN_POINT('',(2.534621,0.85629,1.585));
#12972 = LINE('',#12973,#12974);
#12973 = CARTESIAN_POINT('',(1.776591,0.858471,1.585));
#12974 = VECTOR('',#12975,1.);
#12975 = DIRECTION('',(0.999995860901,-2.877182924982E-03,0.));
#12976 = ORIENTED_EDGE('',*,*,#12977,.T.);
#12977 = EDGE_CURVE('',#12970,#12978,#12980,.T.);
#12978 = VERTEX_POINT('',#12979);
#12979 = CARTESIAN_POINT('',(2.534621,0.562054,1.585));
#12980 = CIRCLE('',#12981,0.150000292066);
#12981 = AXIS2_PLACEMENT_3D('',#12982,#12983,#12984);
#12982 = CARTESIAN_POINT('',(2.505357,0.709172,1.585));
#12983 = DIRECTION('',(0.,0.,-1.));
#12984 = DIRECTION('',(0.195092953466,0.980784756972,0.));
#12985 = ORIENTED_EDGE('',*,*,#12986,.T.);
#12986 = EDGE_CURVE('',#12978,#12987,#12989,.T.);
#12987 = VERTEX_POINT('',#12988);
#12988 = CARTESIAN_POINT('',(1.92682,0.559172,1.585));
#12989 = LINE('',#12990,#12991);
#12990 = CARTESIAN_POINT('',(2.534621,0.562054,1.585));
#12991 = VECTOR('',#12992,1.);
#12992 = DIRECTION('',(-0.999988758408,-4.741630240379E-03,0.));
#12993 = ORIENTED_EDGE('',*,*,#12994,.T.);
#12994 = EDGE_CURVE('',#12987,#12995,#12997,.T.);
#12995 = VERTEX_POINT('',#12996);
#12996 = CARTESIAN_POINT('',(1.899686,0.282799,1.585));
#12997 = LINE('',#12998,#12999);
#12998 = CARTESIAN_POINT('',(1.92682,0.559172,1.585));
#12999 = VECTOR('',#13000,1.);
#13000 = DIRECTION('',(-9.770912580431E-02,-0.995215015328,0.));
#13001 = ORIENTED_EDGE('',*,*,#13002,.T.);
#13002 = EDGE_CURVE('',#12995,#13003,#13005,.T.);
#13003 = VERTEX_POINT('',#13004);
#13004 = CARTESIAN_POINT('',(1.933929,0.287743,1.585));
#13005 = LINE('',#13006,#13007);
#13006 = CARTESIAN_POINT('',(1.899686,0.282799,1.585));
#13007 = VECTOR('',#13008,1.);
#13008 = DIRECTION('',(0.989737397429,0.14289816,0.));
#13009 = ORIENTED_EDGE('',*,*,#13010,.T.);
#13010 = EDGE_CURVE('',#13003,#13011,#13013,.T.);
#13011 = VERTEX_POINT('',#13012);
#13012 = CARTESIAN_POINT('',(2.320335,0.284861,1.585));
#13013 = LINE('',#13014,#13015);
#13014 = CARTESIAN_POINT('',(1.933929,0.287743,1.585));
#13015 = VECTOR('',#13016,1.);
#13016 = DIRECTION('',(0.999972186726,-7.45826887301E-03,0.));
#13017 = ORIENTED_EDGE('',*,*,#13018,.T.);
#13018 = EDGE_CURVE('',#13011,#13019,#13021,.T.);
#13019 = VERTEX_POINT('',#13020);
#13020 = CARTESIAN_POINT('',(2.358152,0.271907,1.585));
#13021 = LINE('',#13022,#13023);
#13022 = CARTESIAN_POINT('',(2.320335,0.284861,1.585));
#13023 = VECTOR('',#13024,1.);
#13024 = DIRECTION('',(0.946036690742,-0.324059531213,0.));
#13025 = ORIENTED_EDGE('',*,*,#13026,.T.);
#13026 = EDGE_CURVE('',#13019,#13027,#13029,.T.);
#13027 = VERTEX_POINT('',#13028);
#13028 = CARTESIAN_POINT('',(2.525896,0.184814,1.585));
#13029 = LINE('',#13030,#13031);
#13030 = CARTESIAN_POINT('',(2.358152,0.271907,1.585));
#13031 = VECTOR('',#13032,1.);
#13032 = DIRECTION('',(0.887506562698,-0.460795075025,0.));
#13033 = ORIENTED_EDGE('',*,*,#13034,.T.);
#13034 = EDGE_CURVE('',#13027,#13035,#13037,.T.);
#13035 = VERTEX_POINT('',#13036);
#13036 = CARTESIAN_POINT('',(2.630078,7.8221E-02,1.585));
#13037 = LINE('',#13038,#13039);
#13038 = CARTESIAN_POINT('',(2.525896,0.184814,1.585));
#13039 = VECTOR('',#13040,1.);
#13040 = DIRECTION('',(0.698972645038,-0.71514840522,0.));
#13041 = ORIENTED_EDGE('',*,*,#13042,.T.);
#13042 = EDGE_CURVE('',#13035,#13043,#13045,.T.);
#13043 = VERTEX_POINT('',#13044);
#13044 = CARTESIAN_POINT('',(2.721459,-0.108352,1.585));
#13045 = LINE('',#13046,#13047);
#13046 = CARTESIAN_POINT('',(2.630078,7.8221E-02,1.585));
#13047 = VECTOR('',#13048,1.);
#13048 = DIRECTION('',(0.439860872905,-0.898065928809,0.));
#13049 = ORIENTED_EDGE('',*,*,#13050,.T.);
#13050 = EDGE_CURVE('',#13043,#13051,#13053,.T.);
#13051 = VERTEX_POINT('',#13052);
#13052 = CARTESIAN_POINT('',(2.726786,-0.147971,1.585));
#13053 = LINE('',#13054,#13055);
#13054 = CARTESIAN_POINT('',(2.721459,-0.108352,1.585));
#13055 = VECTOR('',#13056,1.);
#13056 = DIRECTION('',(0.133256557566,-0.991081575788,0.));
#13057 = ORIENTED_EDGE('',*,*,#13058,.T.);
#13058 = EDGE_CURVE('',#13051,#13059,#13061,.T.);
#13059 = VERTEX_POINT('',#13060);
#13060 = CARTESIAN_POINT('',(2.723904,-0.534378,1.585));
#13061 = LINE('',#13062,#13063);
#13062 = CARTESIAN_POINT('',(2.726786,-0.147971,1.585));
#13063 = VECTOR('',#13064,1.);
#13064 = DIRECTION('',(-7.458249572495E-03,-0.99997218687,0.));
#13065 = ORIENTED_EDGE('',*,*,#13066,.T.);
#13066 = EDGE_CURVE('',#13059,#13067,#13069,.T.);
#13067 = VERTEX_POINT('',#13068);
#13068 = CARTESIAN_POINT('',(2.71095,-0.572197,1.585));
#13069 = LINE('',#13070,#13071);
#13070 = CARTESIAN_POINT('',(2.723904,-0.534378,1.585));
#13071 = VECTOR('',#13072,1.);
#13072 = DIRECTION('',(-0.324044193368,-0.946041944495,0.));
#13073 = ORIENTED_EDGE('',*,*,#13074,.T.);
#13074 = EDGE_CURVE('',#13067,#13075,#13077,.T.);
#13075 = VERTEX_POINT('',#13076);
#13076 = CARTESIAN_POINT('',(2.623856,-0.739939,1.585));
#13077 = LINE('',#13078,#13079);
#13078 = CARTESIAN_POINT('',(2.71095,-0.572197,1.585));
#13079 = VECTOR('',#13080,1.);
#13080 = DIRECTION('',(-0.460803569957,-0.887502152062,0.));
#13081 = ORIENTED_EDGE('',*,*,#13082,.T.);
#13082 = EDGE_CURVE('',#13075,#13083,#13085,.T.);
#13083 = VERTEX_POINT('',#13084);
#13084 = CARTESIAN_POINT('',(2.517265,-0.84412,1.585));
#13085 = LINE('',#13086,#13087);
#13086 = CARTESIAN_POINT('',(2.623856,-0.739939,1.585));
#13087 = VECTOR('',#13088,1.);
#13088 = DIRECTION('',(-0.715145203182,-0.698975921163,0.));
#13089 = ORIENTED_EDGE('',*,*,#13090,.T.);
#13090 = EDGE_CURVE('',#13083,#13091,#13093,.T.);
#13091 = VERTEX_POINT('',#13092);
#13092 = CARTESIAN_POINT('',(2.330689,-0.935502,1.585));
#13093 = LINE('',#13094,#13095);
#13094 = CARTESIAN_POINT('',(2.517265,-0.84412,1.585));
#13095 = VECTOR('',#13096,1.);
#13096 = DIRECTION('',(-0.898066821255,-0.439859050789,0.));
#13097 = ORIENTED_EDGE('',*,*,#13098,.T.);
#13098 = EDGE_CURVE('',#13091,#13099,#13101,.T.);
#13099 = VERTEX_POINT('',#13100);
#13100 = CARTESIAN_POINT('',(2.291071,-0.940828,1.585));
#13101 = LINE('',#13102,#13103);
#13102 = CARTESIAN_POINT('',(2.330689,-0.935502,1.585));
#13103 = VECTOR('',#13104,1.);
#13104 = DIRECTION('',(-0.99108443516,-0.133235289557,0.));
#13105 = ORIENTED_EDGE('',*,*,#13106,.T.);
#13106 = EDGE_CURVE('',#13099,#13107,#13109,.T.);
#13107 = VERTEX_POINT('',#13108);
#13108 = CARTESIAN_POINT('',(1.904665,-0.937946,1.585));
#13109 = LINE('',#13110,#13111);
#13110 = CARTESIAN_POINT('',(2.291071,-0.940828,1.585));
#13111 = VECTOR('',#13112,1.);
#13112 = DIRECTION('',(-0.999972186726,7.45826887301E-03,0.));
#13113 = ORIENTED_EDGE('',*,*,#13114,.T.);
#13114 = EDGE_CURVE('',#13107,#13115,#13117,.T.);
#13115 = VERTEX_POINT('',#13116);
#13116 = CARTESIAN_POINT('',(1.866848,-0.924993,1.585));
#13117 = LINE('',#13118,#13119);
#13118 = CARTESIAN_POINT('',(1.904665,-0.937946,1.585));
#13119 = VECTOR('',#13120,1.);
#13120 = DIRECTION('',(-0.946044359803,0.324037141829,0.));
#13121 = ORIENTED_EDGE('',*,*,#13122,.T.);
#13122 = EDGE_CURVE('',#13115,#13123,#13125,.T.);
#13123 = VERTEX_POINT('',#13124);
#13124 = CARTESIAN_POINT('',(1.699104,-0.8379,1.585));
#13125 = LINE('',#13126,#13127);
#13126 = CARTESIAN_POINT('',(1.866848,-0.924993,1.585));
#13127 = VECTOR('',#13128,1.);
#13128 = DIRECTION('',(-0.887506562698,0.460795075025,0.));
#13129 = ORIENTED_EDGE('',*,*,#13130,.T.);
#13130 = EDGE_CURVE('',#13123,#13131,#13133,.T.);
#13131 = VERTEX_POINT('',#13132);
#13132 = CARTESIAN_POINT('',(1.594922,-0.731305,1.585));
#13133 = LINE('',#13134,#13135);
#13134 = CARTESIAN_POINT('',(1.699104,-0.8379,1.585));
#13135 = VECTOR('',#13136,1.);
#13136 = DIRECTION('',(-0.698965937678,0.715154960807,0.));
#13137 = ORIENTED_EDGE('',*,*,#13138,.T.);
#13138 = EDGE_CURVE('',#13131,#13139,#13141,.T.);
#13139 = VERTEX_POINT('',#13140);
#13140 = CARTESIAN_POINT('',(1.802979,-0.523251,1.585));
#13141 = CIRCLE('',#13142,0.149999709527);
#13142 = AXIS2_PLACEMENT_3D('',#13143,#13144,#13145);
#13143 = CARTESIAN_POINT('',(1.719642949936,-0.647970748308,1.585));
#13144 = DIRECTION('',(0.,0.,-1.));
#13145 = DIRECTION('',(-0.831474609716,-0.555562753789,-0.));
#13146 = ORIENTED_EDGE('',*,*,#13147,.T.);
#13147 = EDGE_CURVE('',#13139,#13148,#13150,.T.);
#13148 = VERTEX_POINT('',#13149);
#13149 = CARTESIAN_POINT('',(1.879926,-0.596122,1.585));
#13150 = LINE('',#13151,#13152);
#13151 = CARTESIAN_POINT('',(1.802979,-0.523251,1.585));
#13152 = VECTOR('',#13153,1.);
#13153 = DIRECTION('',(0.726075905715,-0.687614557103,0.));
#13154 = ORIENTED_EDGE('',*,*,#13155,.T.);
#13155 = EDGE_CURVE('',#13148,#13156,#13158,.T.);
#13156 = VERTEX_POINT('',#13157);
#13157 = CARTESIAN_POINT('',(2.345075,-0.596121,1.585));
#13158 = CIRCLE('',#13159,0.423048132295);
#13159 = AXIS2_PLACEMENT_3D('',#13160,#13161,#13162);
#13160 = CARTESIAN_POINT('',(2.112499740282,-0.242739519436,1.585));
#13161 = DIRECTION('',(0.,0.,1.));
#13162 = DIRECTION('',(-0.549757161248,-0.835324525952,0.));
#13163 = ORIENTED_EDGE('',*,*,#13164,.T.);
#13164 = EDGE_CURVE('',#13156,#13165,#13167,.T.);
#13165 = VERTEX_POINT('',#13166);
#13166 = CARTESIAN_POINT('',(2.382078,-0.559117,1.585));
#13167 = LINE('',#13168,#13169);
#13168 = CARTESIAN_POINT('',(2.345075,-0.596121,1.585));
#13169 = VECTOR('',#13170,1.);
#13170 = DIRECTION('',(0.707097226529,0.707116335715,0.));
#13171 = ORIENTED_EDGE('',*,*,#13172,.T.);
#13172 = EDGE_CURVE('',#13165,#13173,#13175,.T.);
#13173 = VERTEX_POINT('',#13174);
#13174 = CARTESIAN_POINT('',(2.382078,-9.3967E-02,1.585));
#13175 = CIRCLE('',#13176,0.423041403195);
#13176 = AXIS2_PLACEMENT_3D('',#13177,#13178,#13179);
#13177 = CARTESIAN_POINT('',(2.028704404223,-0.326542,1.585));
#13178 = DIRECTION('',(0.,-0.,1.));
#13179 = DIRECTION('',(0.835316810856,-0.549768883715,-0.));
#13180 = ORIENTED_EDGE('',*,*,#13181,.T.);
#13181 = EDGE_CURVE('',#13173,#13182,#13184,.T.);
#13182 = VERTEX_POINT('',#13183);
#13183 = CARTESIAN_POINT('',(2.345075,-5.6963E-02,1.585));
#13184 = LINE('',#13185,#13186);
#13185 = CARTESIAN_POINT('',(2.382078,-9.3967E-02,1.585));
#13186 = VECTOR('',#13187,1.);
#13187 = DIRECTION('',(-0.707097226529,0.707116335715,0.));
#13188 = ORIENTED_EDGE('',*,*,#13189,.T.);
#13189 = EDGE_CURVE('',#13182,#13190,#13192,.T.);
#13190 = VERTEX_POINT('',#13191);
#13191 = CARTESIAN_POINT('',(1.879926,-5.6962E-02,1.585));
#13192 = CIRCLE('',#13193,0.423054181073);
#13193 = AXIS2_PLACEMENT_3D('',#13194,#13195,#13196);
#13194 = CARTESIAN_POINT('',(2.112499740267,-0.410351721783,1.585));
#13195 = DIRECTION('',(0.,0.,1.));
#13196 = DIRECTION('',(0.54975289251,0.835327335347,-0.));
#13197 = ORIENTED_EDGE('',*,*,#13198,.T.);
#13198 = EDGE_CURVE('',#13190,#13199,#13201,.T.);
#13199 = VERTEX_POINT('',#13200);
#13200 = CARTESIAN_POINT('',(1.802979,-0.129834,1.585));
#13201 = LINE('',#13202,#13203);
#13202 = CARTESIAN_POINT('',(1.879926,-5.6962E-02,1.585));
#13203 = VECTOR('',#13204,1.);
#13204 = DIRECTION('',(-0.726071194682,-0.687619531611,0.));
#13205 = ORIENTED_EDGE('',*,*,#13206,.T.);
#13206 = EDGE_CURVE('',#13199,#13207,#13209,.T.);
#13207 = VERTEX_POINT('',#13208);
#13208 = CARTESIAN_POINT('',(1.570343,-1.9594E-02,1.585));
#13209 = CIRCLE('',#13210,0.150000248065);
#13210 = AXIS2_PLACEMENT_3D('',#13211,#13212,#13213);
#13211 = CARTESIAN_POINT('',(1.719642690462,-5.113777373306E-03,1.585));
#13212 = DIRECTION('',(-0.,0.,-1.));
#13213 = DIRECTION('',(0.55557447813,-0.831466775795,-0.));
#13214 = ORIENTED_EDGE('',*,*,#13215,.T.);
#13215 = EDGE_CURVE('',#13207,#12959,#13216,.T.);
#13216 = LINE('',#13217,#13218);
#13217 = CARTESIAN_POINT('',(1.570343,-1.9594E-02,1.585));
#13218 = VECTOR('',#13219,1.);
#13219 = DIRECTION('',(9.950333643612E-02,0.995037228468,0.));
#13220 = PLANE('',#13221);
#13221 = AXIS2_PLACEMENT_3D('',#13222,#13223,#13224);
#13222 = CARTESIAN_POINT('',(0.,0.,1.585));
#13223 = DIRECTION('',(0.,0.,1.));
#13224 = DIRECTION('',(1.,0.,-0.));
#13225 = SHELL_BASED_SURFACE_MODEL('',(#13226));
#13226 = OPEN_SHELL('',(#13227));
#13227 = ADVANCED_FACE('',(#13228,#13487),#13557,.T.);
#13228 = FACE_BOUND('',#13229,.F.);
#13229 = EDGE_LOOP('',(#13230,#13240,#13248,#13256,#13265,#13273,#13281,
    #13289,#13297,#13305,#13313,#13321,#13329,#13337,#13345,#13353,
    #13361,#13369,#13377,#13385,#13393,#13401,#13409,#13417,#13425,
    #13433,#13441,#13449,#13457,#13465,#13473,#13481));
#13230 = ORIENTED_EDGE('',*,*,#13231,.T.);
#13231 = EDGE_CURVE('',#13232,#13234,#13236,.T.);
#13232 = VERTEX_POINT('',#13233);
#13233 = CARTESIAN_POINT('',(3.350592,0.762464,1.585));
#13234 = VERTEX_POINT('',#13235);
#13235 = CARTESIAN_POINT('',(3.537166,0.853845,1.585));
#13236 = LINE('',#13237,#13238);
#13237 = CARTESIAN_POINT('',(3.350592,0.762464,1.585));
#13238 = VECTOR('',#13239,1.);
#13239 = DIRECTION('',(0.898066860104,0.439858971471,0.));
#13240 = ORIENTED_EDGE('',*,*,#13241,.T.);
#13241 = EDGE_CURVE('',#13234,#13242,#13244,.T.);
#13242 = VERTEX_POINT('',#13243);
#13243 = CARTESIAN_POINT('',(3.576785,0.859172,1.585));
#13244 = LINE('',#13245,#13246);
#13245 = CARTESIAN_POINT('',(3.537166,0.853845,1.585));
#13246 = VECTOR('',#13247,1.);
#13247 = DIRECTION('',(0.991081575788,0.133256557566,0.));
#13248 = ORIENTED_EDGE('',*,*,#13249,.T.);
#13249 = EDGE_CURVE('',#13242,#13250,#13252,.T.);
#13250 = VERTEX_POINT('',#13251);
#13251 = CARTESIAN_POINT('',(3.891764,0.85629,1.585));
#13252 = LINE('',#13253,#13254);
#13253 = CARTESIAN_POINT('',(3.576785,0.859172,1.585));
#13254 = VECTOR('',#13255,1.);
#13255 = DIRECTION('',(0.999958143059,-9.149433353637E-03,0.));
#13256 = ORIENTED_EDGE('',*,*,#13257,.T.);
#13257 = EDGE_CURVE('',#13250,#13258,#13260,.T.);
#13258 = VERTEX_POINT('',#13259);
#13259 = CARTESIAN_POINT('',(3.891764,0.562054,1.585));
#13260 = CIRCLE('',#13261,0.150000292066);
#13261 = AXIS2_PLACEMENT_3D('',#13262,#13263,#13264);
#13262 = CARTESIAN_POINT('',(3.8625,0.709172,1.585));
#13263 = DIRECTION('',(0.,0.,-1.));
#13264 = DIRECTION('',(0.195092953466,0.980784756972,0.));
#13265 = ORIENTED_EDGE('',*,*,#13266,.T.);
#13266 = EDGE_CURVE('',#13258,#13267,#13269,.T.);
#13267 = VERTEX_POINT('',#13268);
#13268 = CARTESIAN_POINT('',(3.612195,0.559172,1.585));
#13269 = LINE('',#13270,#13271);
#13270 = CARTESIAN_POINT('',(3.891764,0.562054,1.585));
#13271 = VECTOR('',#13272,1.);
#13272 = DIRECTION('',(-0.999946869327,-1.03081775068E-02,0.));
#13273 = ORIENTED_EDGE('',*,*,#13274,.T.);
#13274 = EDGE_CURVE('',#13267,#13275,#13277,.T.);
#13275 = VERTEX_POINT('',#13276);
#13276 = CARTESIAN_POINT('',(3.522782,0.514466,1.585));
#13277 = LINE('',#13278,#13279);
#13278 = CARTESIAN_POINT('',(3.612195,0.559172,1.585));
#13279 = VECTOR('',#13280,1.);
#13280 = DIRECTION('',(-0.89442919166,-0.447209594157,0.));
#13281 = ORIENTED_EDGE('',*,*,#13282,.T.);
#13282 = EDGE_CURVE('',#13275,#13283,#13285,.T.);
#13283 = VERTEX_POINT('',#13284);
#13284 = CARTESIAN_POINT('',(3.479066,0.47075,1.585));
#13285 = LINE('',#13286,#13287);
#13286 = CARTESIAN_POINT('',(3.522782,0.514466,1.585));
#13287 = VECTOR('',#13288,1.);
#13288 = DIRECTION('',(-0.707106781187,-0.707106781187,0.));
#13289 = ORIENTED_EDGE('',*,*,#13290,.T.);
#13290 = EDGE_CURVE('',#13283,#13291,#13293,.T.);
#13291 = VERTEX_POINT('',#13292);
#13292 = CARTESIAN_POINT('',(3.358861,0.290443,1.585));
#13293 = LINE('',#13294,#13295);
#13294 = CARTESIAN_POINT('',(3.479066,0.47075,1.585));
#13295 = VECTOR('',#13296,1.);
#13296 = DIRECTION('',(-0.554701261139,-0.832049584395,0.));
#13297 = ORIENTED_EDGE('',*,*,#13298,.T.);
#13298 = EDGE_CURVE('',#13291,#13299,#13301,.T.);
#13299 = VERTEX_POINT('',#13300);
#13300 = CARTESIAN_POINT('',(3.352424,0.264697,1.585));
#13301 = LINE('',#13302,#13303);
#13302 = CARTESIAN_POINT('',(3.358861,0.290443,1.585));
#13303 = VECTOR('',#13304,1.);
#13304 = DIRECTION('',(-0.242553357287,-0.970138066911,0.));
#13305 = ORIENTED_EDGE('',*,*,#13306,.T.);
#13306 = EDGE_CURVE('',#13299,#13307,#13309,.T.);
#13307 = VERTEX_POINT('',#13308);
#13308 = CARTESIAN_POINT('',(3.404664,0.284861,1.585));
#13309 = LINE('',#13310,#13311);
#13310 = CARTESIAN_POINT('',(3.352424,0.264697,1.585));
#13311 = VECTOR('',#13312,1.);
#13312 = DIRECTION('',(0.932915973156,0.360094136346,0.));
#13313 = ORIENTED_EDGE('',*,*,#13314,.T.);
#13314 = EDGE_CURVE('',#13307,#13315,#13317,.T.);
#13315 = VERTEX_POINT('',#13316);
#13316 = CARTESIAN_POINT('',(3.748906,0.284861,1.585));
#13317 = LINE('',#13318,#13319);
#13318 = CARTESIAN_POINT('',(3.404664,0.284861,1.585));
#13319 = VECTOR('',#13320,1.);
#13320 = DIRECTION('',(1.,0.,0.));
#13321 = ORIENTED_EDGE('',*,*,#13322,.T.);
#13322 = EDGE_CURVE('',#13315,#13323,#13325,.T.);
#13323 = VERTEX_POINT('',#13324);
#13324 = CARTESIAN_POINT('',(3.786723,0.271907,1.585));
#13325 = LINE('',#13326,#13327);
#13326 = CARTESIAN_POINT('',(3.748906,0.284861,1.585));
#13327 = VECTOR('',#13328,1.);
#13328 = DIRECTION('',(0.946036690742,-0.324059531213,0.));
#13329 = ORIENTED_EDGE('',*,*,#13330,.T.);
#13330 = EDGE_CURVE('',#13323,#13331,#13333,.T.);
#13331 = VERTEX_POINT('',#13332);
#13332 = CARTESIAN_POINT('',(3.954467,0.184814,1.585));
#13333 = LINE('',#13334,#13335);
#13334 = CARTESIAN_POINT('',(3.786723,0.271907,1.585));
#13335 = VECTOR('',#13336,1.);
#13336 = DIRECTION('',(0.887506562698,-0.460795075025,0.));
#13337 = ORIENTED_EDGE('',*,*,#13338,.T.);
#13338 = EDGE_CURVE('',#13331,#13339,#13341,.T.);
#13339 = VERTEX_POINT('',#13340);
#13340 = CARTESIAN_POINT('',(4.058649,7.8221E-02,1.585));
#13341 = LINE('',#13342,#13343);
#13342 = CARTESIAN_POINT('',(3.954467,0.184814,1.585));
#13343 = VECTOR('',#13344,1.);
#13344 = DIRECTION('',(0.698972645038,-0.71514840522,0.));
#13345 = ORIENTED_EDGE('',*,*,#13346,.T.);
#13346 = EDGE_CURVE('',#13339,#13347,#13349,.T.);
#13347 = VERTEX_POINT('',#13348);
#13348 = CARTESIAN_POINT('',(4.15003,-0.108352,1.585));
#13349 = LINE('',#13350,#13351);
#13350 = CARTESIAN_POINT('',(4.058649,7.8221E-02,1.585));
#13351 = VECTOR('',#13352,1.);
#13352 = DIRECTION('',(0.439860872905,-0.898065928809,0.));
#13353 = ORIENTED_EDGE('',*,*,#13354,.T.);
#13354 = EDGE_CURVE('',#13347,#13355,#13357,.T.);
#13355 = VERTEX_POINT('',#13356);
#13356 = CARTESIAN_POINT('',(4.155357,-0.147971,1.585));
#13357 = LINE('',#13358,#13359);
#13358 = CARTESIAN_POINT('',(4.15003,-0.108352,1.585));
#13359 = VECTOR('',#13360,1.);
#13360 = DIRECTION('',(0.133256557566,-0.991081575788,0.));
#13361 = ORIENTED_EDGE('',*,*,#13362,.T.);
#13362 = EDGE_CURVE('',#13355,#13363,#13365,.T.);
#13363 = VERTEX_POINT('',#13364);
#13364 = CARTESIAN_POINT('',(4.152475,-0.534378,1.585));
#13365 = LINE('',#13366,#13367);
#13366 = CARTESIAN_POINT('',(4.155357,-0.147971,1.585));
#13367 = VECTOR('',#13368,1.);
#13368 = DIRECTION('',(-7.458249572496E-03,-0.99997218687,0.));
#13369 = ORIENTED_EDGE('',*,*,#13370,.T.);
#13370 = EDGE_CURVE('',#13363,#13371,#13373,.T.);
#13371 = VERTEX_POINT('',#13372);
#13372 = CARTESIAN_POINT('',(4.139521,-0.572197,1.585));
#13373 = LINE('',#13374,#13375);
#13374 = CARTESIAN_POINT('',(4.152475,-0.534378,1.585));
#13375 = VECTOR('',#13376,1.);
#13376 = DIRECTION('',(-0.324044193368,-0.946041944495,0.));
#13377 = ORIENTED_EDGE('',*,*,#13378,.T.);
#13378 = EDGE_CURVE('',#13371,#13379,#13381,.T.);
#13379 = VERTEX_POINT('',#13380);
#13380 = CARTESIAN_POINT('',(4.052427,-0.739939,1.585));
#13381 = LINE('',#13382,#13383);
#13382 = CARTESIAN_POINT('',(4.139521,-0.572197,1.585));
#13383 = VECTOR('',#13384,1.);
#13384 = DIRECTION('',(-0.460803569957,-0.887502152062,0.));
#13385 = ORIENTED_EDGE('',*,*,#13386,.T.);
#13386 = EDGE_CURVE('',#13379,#13387,#13389,.T.);
#13387 = VERTEX_POINT('',#13388);
#13388 = CARTESIAN_POINT('',(3.945836,-0.84412,1.585));
#13389 = LINE('',#13390,#13391);
#13390 = CARTESIAN_POINT('',(4.052427,-0.739939,1.585));
#13391 = VECTOR('',#13392,1.);
#13392 = DIRECTION('',(-0.715145203182,-0.698975921163,0.));
#13393 = ORIENTED_EDGE('',*,*,#13394,.T.);
#13394 = EDGE_CURVE('',#13387,#13395,#13397,.T.);
#13395 = VERTEX_POINT('',#13396);
#13396 = CARTESIAN_POINT('',(3.75926,-0.935502,1.585));
#13397 = LINE('',#13398,#13399);
#13398 = CARTESIAN_POINT('',(3.945836,-0.84412,1.585));
#13399 = VECTOR('',#13400,1.);
#13400 = DIRECTION('',(-0.898066821255,-0.439859050789,0.));
#13401 = ORIENTED_EDGE('',*,*,#13402,.T.);
#13402 = EDGE_CURVE('',#13395,#13403,#13405,.T.);
#13403 = VERTEX_POINT('',#13404);
#13404 = CARTESIAN_POINT('',(3.719642,-0.940828,1.585));
#13405 = LINE('',#13406,#13407);
#13406 = CARTESIAN_POINT('',(3.75926,-0.935502,1.585));
#13407 = VECTOR('',#13408,1.);
#13408 = DIRECTION('',(-0.99108443516,-0.133235289557,0.));
#13409 = ORIENTED_EDGE('',*,*,#13410,.T.);
#13410 = EDGE_CURVE('',#13403,#13411,#13413,.T.);
#13411 = VERTEX_POINT('',#13412);
#13412 = CARTESIAN_POINT('',(3.404664,-0.937946,1.585));
#13413 = LINE('',#13414,#13415);
#13414 = CARTESIAN_POINT('',(3.719642,-0.940828,1.585));
#13415 = VECTOR('',#13416,1.);
#13416 = DIRECTION('',(-0.999958142793,9.149462399054E-03,0.));
#13417 = ORIENTED_EDGE('',*,*,#13418,.T.);
#13418 = EDGE_CURVE('',#13411,#13419,#13421,.T.);
#13419 = VERTEX_POINT('',#13420);
#13420 = CARTESIAN_POINT('',(3.366847,-0.924992,1.585));
#13421 = LINE('',#13422,#13423);
#13422 = CARTESIAN_POINT('',(3.404664,-0.937946,1.585));
#13423 = VECTOR('',#13424,1.);
#13424 = DIRECTION('',(-0.946036690742,0.324059531213,0.));
#13425 = ORIENTED_EDGE('',*,*,#13426,.T.);
#13426 = EDGE_CURVE('',#13419,#13427,#13429,.T.);
#13427 = VERTEX_POINT('',#13428);
#13428 = CARTESIAN_POINT('',(3.199104,-0.837899,1.585));
#13429 = LINE('',#13430,#13431);
#13430 = CARTESIAN_POINT('',(3.366847,-0.924992,1.585));
#13431 = VECTOR('',#13432,1.);
#13432 = DIRECTION('',(-0.887505439275,0.460797238769,0.));
#13433 = ORIENTED_EDGE('',*,*,#13434,.T.);
#13434 = EDGE_CURVE('',#13427,#13435,#13437,.T.);
#13435 = VERTEX_POINT('',#13436);
#13436 = CARTESIAN_POINT('',(3.094921,-0.731306,1.585));
#13437 = LINE('',#13438,#13439);
#13438 = CARTESIAN_POINT('',(3.199104,-0.837899,1.585));
#13439 = VECTOR('',#13440,1.);
#13440 = DIRECTION('',(-0.698976076323,0.71514505153,0.));
#13441 = ORIENTED_EDGE('',*,*,#13442,.T.);
#13442 = EDGE_CURVE('',#13435,#13443,#13445,.T.);
#13443 = VERTEX_POINT('',#13444);
#13444 = CARTESIAN_POINT('',(3.00354,-0.544732,1.585));
#13445 = LINE('',#13446,#13447);
#13446 = CARTESIAN_POINT('',(3.094921,-0.731306,1.585));
#13447 = VECTOR('',#13448,1.);
#13448 = DIRECTION('',(-0.439858971471,0.898066860104,0.));
#13449 = ORIENTED_EDGE('',*,*,#13450,.T.);
#13450 = EDGE_CURVE('',#13443,#13451,#13453,.T.);
#13451 = VERTEX_POINT('',#13452);
#13452 = CARTESIAN_POINT('',(2.998214,-0.505114,1.585));
#13453 = LINE('',#13454,#13455);
#13454 = CARTESIAN_POINT('',(3.00354,-0.544732,1.585));
#13455 = VECTOR('',#13456,1.);
#13456 = DIRECTION('',(-0.133235289557,0.99108443516,0.));
#13457 = ORIENTED_EDGE('',*,*,#13458,.T.);
#13458 = EDGE_CURVE('',#13451,#13459,#13461,.T.);
#13459 = VERTEX_POINT('',#13460);
#13460 = CARTESIAN_POINT('',(3.001096,9.5579E-02,1.585));
#13461 = LINE('',#13462,#13463);
#13462 = CARTESIAN_POINT('',(2.998214,-0.505114,1.585));
#13463 = VECTOR('',#13464,1.);
#13464 = DIRECTION('',(4.797736664938E-03,0.999988490795,0.));
#13465 = ORIENTED_EDGE('',*,*,#13466,.T.);
#13466 = EDGE_CURVE('',#13459,#13467,#13469,.T.);
#13467 = VERTEX_POINT('',#13468);
#13468 = CARTESIAN_POINT('',(3.084014,0.4161,1.585));
#13469 = LINE('',#13470,#13471);
#13470 = CARTESIAN_POINT('',(3.001096,9.5579E-02,1.585));
#13471 = VECTOR('',#13472,1.);
#13472 = DIRECTION('',(0.250452574408,0.968128869507,0.));
#13473 = ORIENTED_EDGE('',*,*,#13474,.T.);
#13474 = EDGE_CURVE('',#13467,#13475,#13477,.T.);
#13475 = VERTEX_POINT('',#13476);
#13476 = CARTESIAN_POINT('',(3.256434,0.672381,1.585));
#13477 = LINE('',#13478,#13479);
#13478 = CARTESIAN_POINT('',(3.084014,0.4161,1.585));
#13479 = VECTOR('',#13480,1.);
#13480 = DIRECTION('',(0.558205180133,0.829702944958,0.));
#13481 = ORIENTED_EDGE('',*,*,#13482,.T.);
#13482 = EDGE_CURVE('',#13475,#13232,#13483,.T.);
#13483 = LINE('',#13484,#13485);
#13484 = CARTESIAN_POINT('',(3.256434,0.672381,1.585));
#13485 = VECTOR('',#13486,1.);
#13486 = DIRECTION('',(0.722569688703,0.691298086912,0.));
#13487 = FACE_BOUND('',#13488,.F.);
#13488 = EDGE_LOOP('',(#13489,#13500,#13508,#13517,#13525,#13534,#13542,
    #13551));
#13489 = ORIENTED_EDGE('',*,*,#13490,.T.);
#13490 = EDGE_CURVE('',#13491,#13493,#13495,.T.);
#13491 = VERTEX_POINT('',#13492);
#13492 = CARTESIAN_POINT('',(3.773646,-5.6963E-02,1.585));
#13493 = VERTEX_POINT('',#13494);
#13494 = CARTESIAN_POINT('',(3.379924,-5.6963E-02,1.585));
#13495 = CIRCLE('',#13496,0.343884739201);
#13496 = AXIS2_PLACEMENT_3D('',#13497,#13498,#13499);
#13497 = CARTESIAN_POINT('',(3.576785,-0.338924806872,1.585));
#13498 = DIRECTION('',(0.,0.,1.));
#13499 = DIRECTION('',(0.572462158273,0.819931141832,-0.));
#13500 = ORIENTED_EDGE('',*,*,#13501,.T.);
#13501 = EDGE_CURVE('',#13493,#13502,#13504,.T.);
#13502 = VERTEX_POINT('',#13503);
#13503 = CARTESIAN_POINT('',(3.342919,-9.3968E-02,1.585));
#13504 = LINE('',#13505,#13506);
#13505 = CARTESIAN_POINT('',(3.379924,-5.6963E-02,1.585));
#13506 = VECTOR('',#13507,1.);
#13507 = DIRECTION('',(-0.707106781187,-0.707106781187,0.));
#13508 = ORIENTED_EDGE('',*,*,#13509,.T.);
#13509 = EDGE_CURVE('',#13502,#13510,#13512,.T.);
#13510 = VERTEX_POINT('',#13511);
#13511 = CARTESIAN_POINT('',(3.342919,-0.559116,1.585));
#13512 = CIRCLE('',#13513,0.423056147391);
#13513 = AXIS2_PLACEMENT_3D('',#13514,#13515,#13516);
#13514 = CARTESIAN_POINT('',(3.696310904787,-0.326542,1.585));
#13515 = DIRECTION('',(0.,0.,1.));
#13516 = DIRECTION('',(-0.835330976672,0.549747359622,0.));
#13517 = ORIENTED_EDGE('',*,*,#13518,.T.);
#13518 = EDGE_CURVE('',#13510,#13519,#13521,.T.);
#13519 = VERTEX_POINT('',#13520);
#13520 = CARTESIAN_POINT('',(3.379924,-0.596121,1.585));
#13521 = LINE('',#13522,#13523);
#13522 = CARTESIAN_POINT('',(3.342919,-0.559116,1.585));
#13523 = VECTOR('',#13524,1.);
#13524 = DIRECTION('',(0.707106781187,-0.707106781187,0.));
#13525 = ORIENTED_EDGE('',*,*,#13526,.T.);
#13526 = EDGE_CURVE('',#13519,#13527,#13529,.T.);
#13527 = VERTEX_POINT('',#13528);
#13528 = CARTESIAN_POINT('',(3.773646,-0.596121,1.585));
#13529 = CIRCLE('',#13530,0.343878748095);
#13530 = AXIS2_PLACEMENT_3D('',#13531,#13532,#13533);
#13531 = CARTESIAN_POINT('',(3.576785,-0.3141665,1.585));
#13532 = DIRECTION('',(0.,0.,1.));
#13533 = DIRECTION('',(-0.572472131793,-0.819924178398,0.));
#13534 = ORIENTED_EDGE('',*,*,#13535,.T.);
#13535 = EDGE_CURVE('',#13527,#13536,#13538,.T.);
#13536 = VERTEX_POINT('',#13537);
#13537 = CARTESIAN_POINT('',(3.810649,-0.559117,1.585));
#13538 = LINE('',#13539,#13540);
#13539 = CARTESIAN_POINT('',(3.773646,-0.596121,1.585));
#13540 = VECTOR('',#13541,1.);
#13541 = DIRECTION('',(0.707097226529,0.707116335715,0.));
#13542 = ORIENTED_EDGE('',*,*,#13543,.T.);
#13543 = EDGE_CURVE('',#13536,#13544,#13546,.T.);
#13544 = VERTEX_POINT('',#13545);
#13545 = CARTESIAN_POINT('',(3.810649,-9.3967E-02,1.585));
#13546 = CIRCLE('',#13547,0.423041403195);
#13547 = AXIS2_PLACEMENT_3D('',#13548,#13549,#13550);
#13548 = CARTESIAN_POINT('',(3.457275404223,-0.326542,1.585));
#13549 = DIRECTION('',(0.,-0.,1.));
#13550 = DIRECTION('',(0.835316810856,-0.549768883715,-0.));
#13551 = ORIENTED_EDGE('',*,*,#13552,.T.);
#13552 = EDGE_CURVE('',#13544,#13491,#13553,.T.);
#13553 = LINE('',#13554,#13555);
#13554 = CARTESIAN_POINT('',(3.810649,-9.3967E-02,1.585));
#13555 = VECTOR('',#13556,1.);
#13556 = DIRECTION('',(-0.707097226529,0.707116335715,0.));
#13557 = PLANE('',#13558);
#13558 = AXIS2_PLACEMENT_3D('',#13559,#13560,#13561);
#13559 = CARTESIAN_POINT('',(0.,0.,1.585));
#13560 = DIRECTION('',(0.,0.,1.));
#13561 = DIRECTION('',(1.,0.,-0.));
#13562 = SHELL_BASED_SURFACE_MODEL('',(#13563));
#13563 = OPEN_SHELL('',(#13564));
#13564 = ADVANCED_FACE('',(#13565,#13729),#13831,.T.);
#13565 = FACE_BOUND('',#13566,.F.);
#13566 = EDGE_LOOP('',(#13567,#13577,#13585,#13593,#13601,#13609,#13617,
    #13625,#13634,#13642,#13650,#13658,#13666,#13674,#13682,#13690,
    #13698,#13706,#13715,#13723));
#13567 = ORIENTED_EDGE('',*,*,#13568,.T.);
#13568 = EDGE_CURVE('',#13569,#13571,#13573,.T.);
#13569 = VERTEX_POINT('',#13570);
#13570 = CARTESIAN_POINT('',(4.707736,0.762464,1.585));
#13571 = VERTEX_POINT('',#13572);
#13572 = CARTESIAN_POINT('',(4.894309,0.853845,1.585));
#13573 = LINE('',#13574,#13575);
#13574 = CARTESIAN_POINT('',(4.707736,0.762464,1.585));
#13575 = VECTOR('',#13576,1.);
#13576 = DIRECTION('',(0.898065928809,0.439860872905,0.));
#13577 = ORIENTED_EDGE('',*,*,#13578,.T.);
#13578 = EDGE_CURVE('',#13571,#13579,#13581,.T.);
#13579 = VERTEX_POINT('',#13580);
#13580 = CARTESIAN_POINT('',(4.933928,0.859172,1.585));
#13581 = LINE('',#13582,#13583);
#13582 = CARTESIAN_POINT('',(4.894309,0.853845,1.585));
#13583 = VECTOR('',#13584,1.);
#13584 = DIRECTION('',(0.991081575788,0.133256557566,0.));
#13585 = ORIENTED_EDGE('',*,*,#13586,.T.);
#13586 = EDGE_CURVE('',#13579,#13587,#13589,.T.);
#13587 = VERTEX_POINT('',#13588);
#13588 = CARTESIAN_POINT('',(5.106049,0.85629,1.585));
#13589 = LINE('',#13590,#13591);
#13590 = CARTESIAN_POINT('',(4.933928,0.859172,1.585));
#13591 = VECTOR('',#13592,1.);
#13592 = DIRECTION('',(0.99985984812,-1.674168801182E-02,0.));
#13593 = ORIENTED_EDGE('',*,*,#13594,.T.);
#13594 = EDGE_CURVE('',#13587,#13595,#13597,.T.);
#13595 = VERTEX_POINT('',#13596);
#13596 = CARTESIAN_POINT('',(5.143867,0.843336,1.585));
#13597 = LINE('',#13598,#13599);
#13598 = CARTESIAN_POINT('',(5.106049,0.85629,1.585));
#13599 = VECTOR('',#13600,1.);
#13600 = DIRECTION('',(0.946039317712,-0.32405186212,0.));
#13601 = ORIENTED_EDGE('',*,*,#13602,.T.);
#13602 = EDGE_CURVE('',#13595,#13603,#13605,.T.);
#13603 = VERTEX_POINT('',#13604);
#13604 = CARTESIAN_POINT('',(5.31161,0.756242,1.585));
#13605 = LINE('',#13606,#13607);
#13606 = CARTESIAN_POINT('',(5.143867,0.843336,1.585));
#13607 = VECTOR('',#13608,1.);
#13608 = DIRECTION('',(0.887503275519,-0.460801406187,0.));
#13609 = ORIENTED_EDGE('',*,*,#13610,.T.);
#13610 = EDGE_CURVE('',#13603,#13611,#13613,.T.);
#13611 = VERTEX_POINT('',#13612);
#13612 = CARTESIAN_POINT('',(5.415791,0.649651,1.585));
#13613 = LINE('',#13614,#13615);
#13614 = CARTESIAN_POINT('',(5.31161,0.756242,1.585));
#13615 = VECTOR('',#13616,1.);
#13616 = DIRECTION('',(0.698975921163,-0.715145203182,0.));
#13617 = ORIENTED_EDGE('',*,*,#13618,.T.);
#13618 = EDGE_CURVE('',#13611,#13619,#13621,.T.);
#13619 = VERTEX_POINT('',#13620);
#13620 = CARTESIAN_POINT('',(5.507249,0.461994,1.585));
#13621 = LINE('',#13622,#13623);
#13622 = CARTESIAN_POINT('',(5.415791,0.649651,1.585));
#13623 = VECTOR('',#13624,1.);
#13624 = DIRECTION('',(0.438106306732,-0.898923169132,0.));
#13625 = ORIENTED_EDGE('',*,*,#13626,.T.);
#13626 = EDGE_CURVE('',#13619,#13627,#13629,.T.);
#13627 = VERTEX_POINT('',#13628);
#13628 = CARTESIAN_POINT('',(5.498127,-0.569186,1.585));
#13629 = CIRCLE('',#13630,1.478806531723);
#13630 = AXIS2_PLACEMENT_3D('',#13631,#13632,#13633);
#13631 = CARTESIAN_POINT('',(4.116735406833,-4.133561912094E-02,1.585));
#13632 = DIRECTION('',(0.,0.,-1.));
#13633 = DIRECTION('',(0.940294462689,0.340362047586,0.));
#13634 = ORIENTED_EDGE('',*,*,#13635,.T.);
#13635 = EDGE_CURVE('',#13627,#13636,#13638,.T.);
#13636 = VERTEX_POINT('',#13637);
#13637 = CARTESIAN_POINT('',(5.40957,-0.739938,1.585));
#13638 = LINE('',#13639,#13640);
#13639 = CARTESIAN_POINT('',(5.498127,-0.569186,1.585));
#13640 = VECTOR('',#13641,1.);
#13641 = DIRECTION('',(-0.460394707084,-0.887714319862,0.));
#13642 = ORIENTED_EDGE('',*,*,#13643,.T.);
#13643 = EDGE_CURVE('',#13636,#13644,#13646,.T.);
#13644 = VERTEX_POINT('',#13645);
#13645 = CARTESIAN_POINT('',(5.302977,-0.844121,1.585));
#13646 = LINE('',#13647,#13648);
#13647 = CARTESIAN_POINT('',(5.40957,-0.739938,1.585));
#13648 = VECTOR('',#13649,1.);
#13649 = DIRECTION('',(-0.71514505153,-0.698976076323,0.));
#13650 = ORIENTED_EDGE('',*,*,#13651,.T.);
#13651 = EDGE_CURVE('',#13644,#13652,#13654,.T.);
#13652 = VERTEX_POINT('',#13653);
#13653 = CARTESIAN_POINT('',(5.116403,-0.935502,1.585));
#13654 = LINE('',#13655,#13656);
#13655 = CARTESIAN_POINT('',(5.302977,-0.844121,1.585));
#13656 = VECTOR('',#13657,1.);
#13657 = DIRECTION('',(-0.898066860104,-0.439858971471,0.));
#13658 = ORIENTED_EDGE('',*,*,#13659,.T.);
#13659 = EDGE_CURVE('',#13652,#13660,#13662,.T.);
#13660 = VERTEX_POINT('',#13661);
#13661 = CARTESIAN_POINT('',(5.076785,-0.940828,1.585));
#13662 = LINE('',#13663,#13664);
#13663 = CARTESIAN_POINT('',(5.116403,-0.935502,1.585));
#13664 = VECTOR('',#13665,1.);
#13665 = DIRECTION('',(-0.99108443516,-0.133235289557,0.));
#13666 = ORIENTED_EDGE('',*,*,#13667,.T.);
#13667 = EDGE_CURVE('',#13660,#13668,#13670,.T.);
#13668 = VERTEX_POINT('',#13669);
#13669 = CARTESIAN_POINT('',(4.904664,-0.937946,1.585));
#13670 = LINE('',#13671,#13672);
#13671 = CARTESIAN_POINT('',(5.076785,-0.940828,1.585));
#13672 = VECTOR('',#13673,1.);
#13673 = DIRECTION('',(-0.99985984812,1.674168801182E-02,0.));
#13674 = ORIENTED_EDGE('',*,*,#13675,.T.);
#13675 = EDGE_CURVE('',#13668,#13676,#13678,.T.);
#13676 = VERTEX_POINT('',#13677);
#13677 = CARTESIAN_POINT('',(4.866847,-0.924992,1.585));
#13678 = LINE('',#13679,#13680);
#13679 = CARTESIAN_POINT('',(4.904664,-0.937946,1.585));
#13680 = VECTOR('',#13681,1.);
#13681 = DIRECTION('',(-0.946036690742,0.324059531213,0.));
#13682 = ORIENTED_EDGE('',*,*,#13683,.T.);
#13683 = EDGE_CURVE('',#13676,#13684,#13686,.T.);
#13684 = VERTEX_POINT('',#13685);
#13685 = CARTESIAN_POINT('',(4.699104,-0.837899,1.585));
#13686 = LINE('',#13687,#13688);
#13687 = CARTESIAN_POINT('',(4.866847,-0.924992,1.585));
#13688 = VECTOR('',#13689,1.);
#13689 = DIRECTION('',(-0.887505439275,0.460797238769,0.));
#13690 = ORIENTED_EDGE('',*,*,#13691,.T.);
#13691 = EDGE_CURVE('',#13684,#13692,#13694,.T.);
#13692 = VERTEX_POINT('',#13693);
#13693 = CARTESIAN_POINT('',(4.594921,-0.731306,1.585));
#13694 = LINE('',#13695,#13696);
#13695 = CARTESIAN_POINT('',(4.699104,-0.837899,1.585));
#13696 = VECTOR('',#13697,1.);
#13697 = DIRECTION('',(-0.698976076323,0.71514505153,0.));
#13698 = ORIENTED_EDGE('',*,*,#13699,.T.);
#13699 = EDGE_CURVE('',#13692,#13700,#13702,.T.);
#13700 = VERTEX_POINT('',#13701);
#13701 = CARTESIAN_POINT('',(4.503463,-0.543652,1.585));
#13702 = LINE('',#13703,#13704);
#13703 = CARTESIAN_POINT('',(4.594921,-0.731306,1.585));
#13704 = VECTOR('',#13705,1.);
#13705 = DIRECTION('',(-0.438111966337,0.8989204108,0.));
#13706 = ORIENTED_EDGE('',*,*,#13707,.T.);
#13707 = EDGE_CURVE('',#13700,#13708,#13710,.T.);
#13708 = VERTEX_POINT('',#13709);
#13709 = CARTESIAN_POINT('',(4.512585,0.487529,1.585));
#13710 = CIRCLE('',#13711,1.478830367124);
#13711 = AXIS2_PLACEMENT_3D('',#13712,#13713,#13714);
#13712 = CARTESIAN_POINT('',(5.894001837555,-4.032209230549E-02,1.585));
#13713 = DIRECTION('',(0.,0.,-1.));
#13714 = DIRECTION('',(-0.940296377778,-0.340356756856,-0.));
#13715 = ORIENTED_EDGE('',*,*,#13716,.T.);
#13716 = EDGE_CURVE('',#13708,#13717,#13719,.T.);
#13717 = VERTEX_POINT('',#13718);
#13718 = CARTESIAN_POINT('',(4.601143,0.658283,1.585));
#13719 = LINE('',#13720,#13721);
#13720 = CARTESIAN_POINT('',(4.512585,0.487529,1.585));
#13721 = VECTOR('',#13722,1.);
#13722 = DIRECTION('',(0.460394554441,0.887714399027,0.));
#13723 = ORIENTED_EDGE('',*,*,#13724,.T.);
#13724 = EDGE_CURVE('',#13717,#13569,#13725,.T.);
#13725 = LINE('',#13726,#13727);
#13726 = CARTESIAN_POINT('',(4.601143,0.658283,1.585));
#13727 = VECTOR('',#13728,1.);
#13728 = DIRECTION('',(0.715151758924,0.698969213705,0.));
#13729 = FACE_BOUND('',#13730,.F.);
#13730 = EDGE_LOOP('',(#13731,#13742,#13750,#13758,#13767,#13775,#13783,
    #13792,#13800,#13808,#13817,#13825));
#13731 = ORIENTED_EDGE('',*,*,#13732,.T.);
#13732 = EDGE_CURVE('',#13733,#13735,#13737,.T.);
#13733 = VERTEX_POINT('',#13734);
#13734 = CARTESIAN_POINT('',(5.130789,0.514465,1.585));
#13735 = VERTEX_POINT('',#13736);
#13736 = CARTESIAN_POINT('',(4.879924,0.514465,1.585));
#13737 = CIRCLE('',#13738,0.187300364555);
#13738 = AXIS2_PLACEMENT_3D('',#13739,#13740,#13741);
#13739 = CARTESIAN_POINT('',(5.0053565,0.3753675,1.585));
#13740 = DIRECTION('',(0.,0.,1.));
#13741 = DIRECTION('',(0.669686363387,0.742644043061,-0.));
#13742 = ORIENTED_EDGE('',*,*,#13743,.T.);
#13743 = EDGE_CURVE('',#13735,#13744,#13746,.T.);
#13744 = VERTEX_POINT('',#13745);
#13745 = CARTESIAN_POINT('',(4.84292,0.477462,1.585));
#13746 = LINE('',#13747,#13748);
#13747 = CARTESIAN_POINT('',(4.879924,0.514465,1.585));
#13748 = VECTOR('',#13749,1.);
#13749 = DIRECTION('',(-0.707116335715,-0.707097226529,0.));
#13750 = ORIENTED_EDGE('',*,*,#13751,.T.);
#13751 = EDGE_CURVE('',#13744,#13752,#13754,.T.);
#13752 = VERTEX_POINT('',#13753);
#13753 = CARTESIAN_POINT('',(4.789739,0.371102,1.585));
#13754 = LINE('',#13755,#13756);
#13755 = CARTESIAN_POINT('',(4.84292,0.477462,1.585));
#13756 = VECTOR('',#13757,1.);
#13757 = DIRECTION('',(-0.447220323008,-0.894423827214,0.));
#13758 = ORIENTED_EDGE('',*,*,#13759,.T.);
#13759 = EDGE_CURVE('',#13752,#13760,#13762,.T.);
#13760 = VERTEX_POINT('',#13761);
#13761 = CARTESIAN_POINT('',(4.789739,-0.452757,1.585));
#13762 = CIRCLE('',#13763,1.186431058418);
#13763 = AXIS2_PLACEMENT_3D('',#13764,#13765,#13766);
#13764 = CARTESIAN_POINT('',(5.902363259761,-4.08275E-02,1.585));
#13765 = DIRECTION('',(0.,0.,1.));
#13766 = DIRECTION('',(-0.937790908175,0.347200536497,0.));
#13767 = ORIENTED_EDGE('',*,*,#13768,.T.);
#13768 = EDGE_CURVE('',#13760,#13769,#13771,.T.);
#13769 = VERTEX_POINT('',#13770);
#13770 = CARTESIAN_POINT('',(4.84292,-0.559117,1.585));
#13771 = LINE('',#13772,#13773);
#13772 = CARTESIAN_POINT('',(4.789739,-0.452757,1.585));
#13773 = VECTOR('',#13774,1.);
#13774 = DIRECTION('',(0.447220323008,-0.894423827214,0.));
#13775 = ORIENTED_EDGE('',*,*,#13776,.T.);
#13776 = EDGE_CURVE('',#13769,#13777,#13779,.T.);
#13777 = VERTEX_POINT('',#13778);
#13778 = CARTESIAN_POINT('',(4.879924,-0.596121,1.585));
#13779 = LINE('',#13780,#13781);
#13780 = CARTESIAN_POINT('',(4.84292,-0.559117,1.585));
#13781 = VECTOR('',#13782,1.);
#13782 = DIRECTION('',(0.707106781187,-0.707106781187,0.));
#13783 = ORIENTED_EDGE('',*,*,#13784,.T.);
#13784 = EDGE_CURVE('',#13777,#13785,#13787,.T.);
#13785 = VERTEX_POINT('',#13786);
#13786 = CARTESIAN_POINT('',(5.130787,-0.596122,1.585));
#13787 = CIRCLE('',#13788,0.187299404459);
#13788 = AXIS2_PLACEMENT_3D('',#13789,#13790,#13791);
#13789 = CARTESIAN_POINT('',(5.005356054474,-0.457024391051,1.585));
#13790 = DIRECTION('',(0.,0.,1.));
#13791 = DIRECTION('',(-0.669687417516,-0.742643092489,0.));
#13792 = ORIENTED_EDGE('',*,*,#13793,.T.);
#13793 = EDGE_CURVE('',#13785,#13794,#13796,.T.);
#13794 = VERTEX_POINT('',#13795);
#13795 = CARTESIAN_POINT('',(5.167792,-0.559117,1.585));
#13796 = LINE('',#13797,#13798);
#13797 = CARTESIAN_POINT('',(5.130787,-0.596122,1.585));
#13798 = VECTOR('',#13799,1.);
#13799 = DIRECTION('',(0.707106781187,0.707106781187,0.));
#13800 = ORIENTED_EDGE('',*,*,#13801,.T.);
#13801 = EDGE_CURVE('',#13794,#13802,#13804,.T.);
#13802 = VERTEX_POINT('',#13803);
#13803 = CARTESIAN_POINT('',(5.220971,-0.452759,1.585));
#13804 = LINE('',#13805,#13806);
#13805 = CARTESIAN_POINT('',(5.167792,-0.559117,1.585));
#13806 = VECTOR('',#13807,1.);
#13807 = DIRECTION('',(0.4472135955,0.894427191,0.));
#13808 = ORIENTED_EDGE('',*,*,#13809,.T.);
#13809 = EDGE_CURVE('',#13802,#13810,#13812,.T.);
#13810 = VERTEX_POINT('',#13811);
#13811 = CARTESIAN_POINT('',(5.220971,0.371103,1.585));
#13812 = CIRCLE('',#13813,1.186389442425);
#13813 = AXIS2_PLACEMENT_3D('',#13814,#13815,#13816);
#13814 = CARTESIAN_POINT('',(4.10839167234,-4.0828E-02,1.585));
#13815 = DIRECTION('',(0.,-0.,1.));
#13816 = DIRECTION('',(0.937785930888,-0.347213979887,-0.));
#13817 = ORIENTED_EDGE('',*,*,#13818,.T.);
#13818 = EDGE_CURVE('',#13810,#13819,#13821,.T.);
#13819 = VERTEX_POINT('',#13820);
#13820 = CARTESIAN_POINT('',(5.167793,0.477461,1.585));
#13821 = LINE('',#13822,#13823);
#13822 = CARTESIAN_POINT('',(5.220971,0.371103,1.585));
#13823 = VECTOR('',#13824,1.);
#13824 = DIRECTION('',(-0.44720686779,0.894430554823,0.));
#13825 = ORIENTED_EDGE('',*,*,#13826,.T.);
#13826 = EDGE_CURVE('',#13819,#13733,#13827,.T.);
#13827 = LINE('',#13828,#13829);
#13828 = CARTESIAN_POINT('',(5.167793,0.477461,1.585));
#13829 = VECTOR('',#13830,1.);
#13830 = DIRECTION('',(-0.707106781187,0.707106781187,0.));
#13831 = PLANE('',#13832);
#13832 = AXIS2_PLACEMENT_3D('',#13833,#13834,#13835);
#13833 = CARTESIAN_POINT('',(0.,0.,1.585));
#13834 = DIRECTION('',(0.,0.,1.));
#13835 = DIRECTION('',(1.,0.,-0.));
#13836 = SHELL_BASED_SURFACE_MODEL('',(#13837));
#13837 = OPEN_SHELL('',(#13838));
#13838 = ADVANCED_FACE('',(#13839),#13908,.T.);
#13839 = FACE_BOUND('',#13840,.F.);
#13840 = EDGE_LOOP('',(#13841,#13852,#13860,#13869,#13877,#13885,#13894,
    #13902));
#13841 = ORIENTED_EDGE('',*,*,#13842,.T.);
#13842 = EDGE_CURVE('',#13843,#13845,#13847,.T.);
#13843 = VERTEX_POINT('',#13844);
#13844 = CARTESIAN_POINT('',(-5.381048,0.562054,1.585));
#13845 = VERTEX_POINT('',#13846);
#13846 = CARTESIAN_POINT('',(-5.381048,0.85629,1.585));
#13847 = CIRCLE('',#13848,0.150000292066);
#13848 = AXIS2_PLACEMENT_3D('',#13849,#13850,#13851);
#13849 = CARTESIAN_POINT('',(-5.351784,0.709172,1.585));
#13850 = DIRECTION('',(0.,0.,-1.));
#13851 = DIRECTION('',(-0.195092953466,-0.980784756972,-0.));
#13852 = ORIENTED_EDGE('',*,*,#13853,.T.);
#13853 = EDGE_CURVE('',#13845,#13854,#13856,.T.);
#13854 = VERTEX_POINT('',#13855);
#13855 = CARTESIAN_POINT('',(-4.465377,0.85629,1.585));
#13856 = LINE('',#13857,#13858);
#13857 = CARTESIAN_POINT('',(-5.381048,0.85629,1.585));
#13858 = VECTOR('',#13859,1.);
#13859 = DIRECTION('',(1.,0.,0.));
#13860 = ORIENTED_EDGE('',*,*,#13861,.T.);
#13861 = EDGE_CURVE('',#13854,#13862,#13864,.T.);
#13862 = VERTEX_POINT('',#13863);
#13863 = CARTESIAN_POINT('',(-4.465377,0.562054,1.585));
#13864 = CIRCLE('',#13865,0.150000292066);
#13865 = AXIS2_PLACEMENT_3D('',#13866,#13867,#13868);
#13866 = CARTESIAN_POINT('',(-4.494641,0.709172,1.585));
#13867 = DIRECTION('',(0.,0.,-1.));
#13868 = DIRECTION('',(0.195092953466,0.980784756972,0.));
#13869 = ORIENTED_EDGE('',*,*,#13870,.T.);
#13870 = EDGE_CURVE('',#13862,#13871,#13873,.T.);
#13871 = VERTEX_POINT('',#13872);
#13872 = CARTESIAN_POINT('',(-4.773213,0.559172,1.585));
#13873 = LINE('',#13874,#13875);
#13874 = CARTESIAN_POINT('',(-4.465377,0.562054,1.585));
#13875 = VECTOR('',#13876,1.);
#13876 = DIRECTION('',(-0.999956178161,-9.36171762062E-03,0.));
#13877 = ORIENTED_EDGE('',*,*,#13878,.T.);
#13878 = EDGE_CURVE('',#13871,#13879,#13881,.T.);
#13879 = VERTEX_POINT('',#13880);
#13880 = CARTESIAN_POINT('',(-4.776095,-0.820092,1.585));
#13881 = LINE('',#13882,#13883);
#13882 = CARTESIAN_POINT('',(-4.773213,0.559172,1.585));
#13883 = VECTOR('',#13884,1.);
#13884 = DIRECTION('',(-2.089515646372E-03,-0.99999781696,0.));
#13885 = ORIENTED_EDGE('',*,*,#13886,.T.);
#13886 = EDGE_CURVE('',#13879,#13887,#13889,.T.);
#13887 = VERTEX_POINT('',#13888);
#13888 = CARTESIAN_POINT('',(-5.070331,-0.820092,1.585));
#13889 = CIRCLE('',#13890,0.150000292066);
#13890 = AXIS2_PLACEMENT_3D('',#13891,#13892,#13893);
#13891 = CARTESIAN_POINT('',(-4.923213,-0.790828,1.585));
#13892 = DIRECTION('',(-0.,0.,-1.));
#13893 = DIRECTION('',(0.980784756972,-0.195092953466,-0.));
#13894 = ORIENTED_EDGE('',*,*,#13895,.T.);
#13895 = EDGE_CURVE('',#13887,#13896,#13898,.T.);
#13896 = VERTEX_POINT('',#13897);
#13897 = CARTESIAN_POINT('',(-5.073213,0.559172,1.585));
#13898 = LINE('',#13899,#13900);
#13899 = CARTESIAN_POINT('',(-5.070331,-0.820092,1.585));
#13900 = VECTOR('',#13901,1.);
#13901 = DIRECTION('',(-2.089515646372E-03,0.99999781696,0.));
#13902 = ORIENTED_EDGE('',*,*,#13903,.T.);
#13903 = EDGE_CURVE('',#13896,#13843,#13904,.T.);
#13904 = LINE('',#13905,#13906);
#13905 = CARTESIAN_POINT('',(-5.073213,0.559172,1.585));
#13906 = VECTOR('',#13907,1.);
#13907 = DIRECTION('',(-0.999956177877,9.361748029434E-03,0.));
#13908 = PLANE('',#13909);
#13909 = AXIS2_PLACEMENT_3D('',#13910,#13911,#13912);
#13910 = CARTESIAN_POINT('',(0.,0.,1.585));
#13911 = DIRECTION('',(0.,0.,1.));
#13912 = DIRECTION('',(1.,0.,-0.));
#13913 = SHELL_BASED_SURFACE_MODEL('',(#13914));
#13914 = OPEN_SHELL('',(#13915));
#13915 = ADVANCED_FACE('',(#13916,#14056),#14108,.T.);
#13916 = FACE_BOUND('',#13917,.F.);
#13917 = EDGE_LOOP('',(#13918,#13929,#13937,#13945,#13953,#13961,#13969,
    #13977,#13985,#13993,#14001,#14009,#14017,#14025,#14033,#14041,
    #14050));
#13918 = ORIENTED_EDGE('',*,*,#13919,.T.);
#13919 = EDGE_CURVE('',#13920,#13922,#13924,.T.);
#13920 = VERTEX_POINT('',#13921);
#13921 = CARTESIAN_POINT('',(-4.14176,0.738436,1.585));
#13922 = VERTEX_POINT('',#13923);
#13923 = CARTESIAN_POINT('',(-4.023906,0.85629,1.585));
#13924 = CIRCLE('',#13925,0.150002525551);
#13925 = AXIS2_PLACEMENT_3D('',#13926,#13927,#13928);
#13926 = CARTESIAN_POINT('',(-3.994640100587,0.709170100587,1.585));
#13927 = DIRECTION('',(0.,0.,-1.));
#13928 = DIRECTION('',(-0.980782815972,0.19510271114,0.));
#13929 = ORIENTED_EDGE('',*,*,#13930,.T.);
#13930 = EDGE_CURVE('',#13922,#13931,#13933,.T.);
#13931 = VERTEX_POINT('',#13932);
#13932 = CARTESIAN_POINT('',(-3.393949,0.85629,1.585));
#13933 = LINE('',#13934,#13935);
#13934 = CARTESIAN_POINT('',(-4.023906,0.85629,1.585));
#13935 = VECTOR('',#13936,1.);
#13936 = DIRECTION('',(1.,0.,0.));
#13937 = ORIENTED_EDGE('',*,*,#13938,.T.);
#13938 = EDGE_CURVE('',#13931,#13939,#13941,.T.);
#13939 = VERTEX_POINT('',#13940);
#13940 = CARTESIAN_POINT('',(-3.356131,0.843336,1.585));
#13941 = LINE('',#13942,#13943);
#13942 = CARTESIAN_POINT('',(-3.393949,0.85629,1.585));
#13943 = VECTOR('',#13944,1.);
#13944 = DIRECTION('',(0.946039317712,-0.32405186212,0.));
#13945 = ORIENTED_EDGE('',*,*,#13946,.T.);
#13946 = EDGE_CURVE('',#13939,#13947,#13949,.T.);
#13947 = VERTEX_POINT('',#13948);
#13948 = CARTESIAN_POINT('',(-3.188388,0.756242,1.585));
#13949 = LINE('',#13950,#13951);
#13950 = CARTESIAN_POINT('',(-3.356131,0.843336,1.585));
#13951 = VECTOR('',#13952,1.);
#13952 = DIRECTION('',(0.887503275519,-0.460801406187,0.));
#13953 = ORIENTED_EDGE('',*,*,#13954,.T.);
#13954 = EDGE_CURVE('',#13947,#13955,#13957,.T.);
#13955 = VERTEX_POINT('',#13956);
#13956 = CARTESIAN_POINT('',(-3.084207,0.649651,1.585));
#13957 = LINE('',#13958,#13959);
#13958 = CARTESIAN_POINT('',(-3.188388,0.756242,1.585));
#13959 = VECTOR('',#13960,1.);
#13960 = DIRECTION('',(0.698975921163,-0.715145203182,0.));
#13961 = ORIENTED_EDGE('',*,*,#13962,.T.);
#13962 = EDGE_CURVE('',#13955,#13963,#13965,.T.);
#13963 = VERTEX_POINT('',#13964);
#13964 = CARTESIAN_POINT('',(-2.992825,0.463076,1.585));
#13965 = LINE('',#13966,#13967);
#13966 = CARTESIAN_POINT('',(-3.084207,0.649651,1.585));
#13967 = VECTOR('',#13968,1.);
#13968 = DIRECTION('',(0.439860952203,-0.89806588997,0.));
#13969 = ORIENTED_EDGE('',*,*,#13970,.T.);
#13970 = EDGE_CURVE('',#13963,#13971,#13973,.T.);
#13971 = VERTEX_POINT('',#13972);
#13972 = CARTESIAN_POINT('',(-2.987499,0.423458,1.585));
#13973 = LINE('',#13974,#13975);
#13974 = CARTESIAN_POINT('',(-2.992825,0.463076,1.585));
#13975 = VECTOR('',#13976,1.);
#13976 = DIRECTION('',(0.133235289557,-0.99108443516,0.));
#13977 = ORIENTED_EDGE('',*,*,#13978,.T.);
#13978 = EDGE_CURVE('',#13971,#13979,#13981,.T.);
#13979 = VERTEX_POINT('',#13980);
#13980 = CARTESIAN_POINT('',(-2.990381,0.179908,1.585));
#13981 = LINE('',#13982,#13983);
#13982 = CARTESIAN_POINT('',(-2.987499,0.423458,1.585));
#13983 = VECTOR('',#13984,1.);
#13984 = DIRECTION('',(-1.183247071372E-02,-0.999929993868,0.));
#13985 = ORIENTED_EDGE('',*,*,#13986,.T.);
#13986 = EDGE_CURVE('',#13979,#13987,#13989,.T.);
#13987 = VERTEX_POINT('',#13988);
#13988 = CARTESIAN_POINT('',(-3.003335,0.142091,1.585));
#13989 = LINE('',#13990,#13991);
#13990 = CARTESIAN_POINT('',(-2.990381,0.179908,1.585));
#13991 = VECTOR('',#13992,1.);
#13992 = DIRECTION('',(-0.324059531213,-0.946036690742,0.));
#13993 = ORIENTED_EDGE('',*,*,#13994,.T.);
#13994 = EDGE_CURVE('',#13987,#13995,#13997,.T.);
#13995 = VERTEX_POINT('',#13996);
#13996 = CARTESIAN_POINT('',(-3.090428,-2.5652E-02,1.585));
#13997 = LINE('',#13998,#13999);
#13998 = CARTESIAN_POINT('',(-3.003335,0.142091,1.585));
#13999 = VECTOR('',#14000,1.);
#14000 = DIRECTION('',(-0.460797238769,-0.887505439275,0.));
#14001 = ORIENTED_EDGE('',*,*,#14002,.T.);
#14002 = EDGE_CURVE('',#13995,#14003,#14005,.T.);
#14003 = VERTEX_POINT('',#14004);
#14004 = CARTESIAN_POINT('',(-3.197021,-0.129835,1.585));
#14005 = LINE('',#14006,#14007);
#14006 = CARTESIAN_POINT('',(-3.090428,-2.5652E-02,1.585));
#14007 = VECTOR('',#14008,1.);
#14008 = DIRECTION('',(-0.71514505153,-0.698976076323,0.));
#14009 = ORIENTED_EDGE('',*,*,#14010,.T.);
#14010 = EDGE_CURVE('',#14003,#14011,#14013,.T.);
#14011 = VERTEX_POINT('',#14012);
#14012 = CARTESIAN_POINT('',(-3.383595,-0.221216,1.585));
#14013 = LINE('',#14014,#14015);
#14014 = CARTESIAN_POINT('',(-3.197021,-0.129835,1.585));
#14015 = VECTOR('',#14016,1.);
#14016 = DIRECTION('',(-0.898066860104,-0.439858971471,0.));
#14017 = ORIENTED_EDGE('',*,*,#14018,.T.);
#14018 = EDGE_CURVE('',#14011,#14019,#14021,.T.);
#14019 = VERTEX_POINT('',#14020);
#14020 = CARTESIAN_POINT('',(-3.423213,-0.226542,1.585));
#14021 = LINE('',#14022,#14023);
#14022 = CARTESIAN_POINT('',(-3.383595,-0.221216,1.585));
#14023 = VECTOR('',#14024,1.);
#14024 = DIRECTION('',(-0.99108443516,-0.133235289557,0.));
#14025 = ORIENTED_EDGE('',*,*,#14026,.T.);
#14026 = EDGE_CURVE('',#14019,#14027,#14029,.T.);
#14027 = VERTEX_POINT('',#14028);
#14028 = CARTESIAN_POINT('',(-3.844642,-0.226542,1.585));
#14029 = LINE('',#14030,#14031);
#14030 = CARTESIAN_POINT('',(-3.423213,-0.226542,1.585));
#14031 = VECTOR('',#14032,1.);
#14032 = DIRECTION('',(-1.,0.,0.));
#14033 = ORIENTED_EDGE('',*,*,#14034,.T.);
#14034 = EDGE_CURVE('',#14027,#14035,#14037,.T.);
#14035 = VERTEX_POINT('',#14036);
#14036 = CARTESIAN_POINT('',(-3.847524,-0.820092,1.585));
#14037 = LINE('',#14038,#14039);
#14038 = CARTESIAN_POINT('',(-3.844642,-0.226542,1.585));
#14039 = VECTOR('',#14040,1.);
#14040 = DIRECTION('',(-4.855473047483E-03,-0.999988212121,0.));
#14041 = ORIENTED_EDGE('',*,*,#14042,.T.);
#14042 = EDGE_CURVE('',#14035,#14043,#14045,.T.);
#14043 = VERTEX_POINT('',#14044);
#14044 = CARTESIAN_POINT('',(-4.14176,-0.820092,1.585));
#14045 = CIRCLE('',#14046,0.150000292066);
#14046 = AXIS2_PLACEMENT_3D('',#14047,#14048,#14049);
#14047 = CARTESIAN_POINT('',(-3.994642,-0.790828,1.585));
#14048 = DIRECTION('',(-0.,0.,-1.));
#14049 = DIRECTION('',(0.980784756972,-0.195092953466,-0.));
#14050 = ORIENTED_EDGE('',*,*,#14051,.T.);
#14051 = EDGE_CURVE('',#14043,#13920,#14052,.T.);
#14052 = LINE('',#14053,#14054);
#14053 = CARTESIAN_POINT('',(-4.14176,-0.820092,1.585));
#14054 = VECTOR('',#14055,1.);
#14055 = DIRECTION('',(0.,1.,0.));
#14056 = FACE_BOUND('',#14057,.F.);
#14057 = EDGE_LOOP('',(#14058,#14069,#14077,#14085,#14093,#14102));
#14058 = ORIENTED_EDGE('',*,*,#14059,.T.);
#14059 = EDGE_CURVE('',#14060,#14062,#14064,.T.);
#14060 = VERTEX_POINT('',#14061);
#14061 = CARTESIAN_POINT('',(-3.287499,0.388049,1.585));
#14062 = VERTEX_POINT('',#14063);
#14063 = CARTESIAN_POINT('',(-3.458623,0.559172,1.585));
#14064 = CIRCLE('',#14065,0.238001055801);
#14065 = AXIS2_PLACEMENT_3D('',#14066,#14067,#14068);
#14066 = CARTESIAN_POINT('',(-3.517979306267,0.328691346866,1.585));
#14067 = DIRECTION('',(0.,0.,1.));
#14068 = DIRECTION('',(0.968400352222,0.249400797546,-0.));
#14069 = ORIENTED_EDGE('',*,*,#14070,.T.);
#14070 = EDGE_CURVE('',#14062,#14071,#14073,.T.);
#14071 = VERTEX_POINT('',#14072);
#14072 = CARTESIAN_POINT('',(-3.844642,0.559172,1.585));
#14073 = LINE('',#14074,#14075);
#14074 = CARTESIAN_POINT('',(-3.458623,0.559172,1.585));
#14075 = VECTOR('',#14076,1.);
#14076 = DIRECTION('',(-1.,0.,0.));
#14077 = ORIENTED_EDGE('',*,*,#14078,.T.);
#14078 = EDGE_CURVE('',#14071,#14079,#14081,.T.);
#14079 = VERTEX_POINT('',#14080);
#14080 = CARTESIAN_POINT('',(-3.844642,7.3458E-02,1.585));
#14081 = LINE('',#14082,#14083);
#14082 = CARTESIAN_POINT('',(-3.844642,0.559172,1.585));
#14083 = VECTOR('',#14084,1.);
#14084 = DIRECTION('',(0.,-1.,0.));
#14085 = ORIENTED_EDGE('',*,*,#14086,.T.);
#14086 = EDGE_CURVE('',#14079,#14087,#14089,.T.);
#14087 = VERTEX_POINT('',#14088);
#14088 = CARTESIAN_POINT('',(-3.458623,7.3458E-02,1.585));
#14089 = LINE('',#14090,#14091);
#14090 = CARTESIAN_POINT('',(-3.844642,7.3458E-02,1.585));
#14091 = VECTOR('',#14092,1.);
#14092 = DIRECTION('',(1.,0.,0.));
#14093 = ORIENTED_EDGE('',*,*,#14094,.T.);
#14094 = EDGE_CURVE('',#14087,#14095,#14097,.T.);
#14095 = VERTEX_POINT('',#14096);
#14096 = CARTESIAN_POINT('',(-3.287499,0.244582,1.585));
#14097 = CIRCLE('',#14098,0.238004000324);
#14098 = AXIS2_PLACEMENT_3D('',#14099,#14100,#14101);
#14099 = CARTESIAN_POINT('',(-3.517982,0.303941,1.585));
#14100 = DIRECTION('',(0.,0.,1.));
#14101 = DIRECTION('',(0.249403371033,-0.968399689445,0.));
#14102 = ORIENTED_EDGE('',*,*,#14103,.T.);
#14103 = EDGE_CURVE('',#14095,#14060,#14104,.T.);
#14104 = LINE('',#14105,#14106);
#14105 = CARTESIAN_POINT('',(-3.287499,0.244582,1.585));
#14106 = VECTOR('',#14107,1.);
#14107 = DIRECTION('',(0.,1.,0.));
#14108 = PLANE('',#14109);
#14109 = AXIS2_PLACEMENT_3D('',#14110,#14111,#14112);
#14110 = CARTESIAN_POINT('',(0.,0.,1.585));
#14111 = DIRECTION('',(0.,0.,1.));
#14112 = DIRECTION('',(1.,0.,-0.));
#14113 = SHELL_BASED_SURFACE_MODEL('',(#14114));
#14114 = OPEN_SHELL('',(#14115));
#14115 = ADVANCED_FACE('',(#14116),#14251,.T.);
#14116 = FACE_BOUND('',#14117,.F.);
#14117 = EDGE_LOOP('',(#14118,#14129,#14137,#14145,#14153,#14162,#14170,
    #14178,#14187,#14195,#14203,#14212,#14220,#14228,#14237,#14245));
#14118 = ORIENTED_EDGE('',*,*,#14119,.T.);
#14119 = EDGE_CURVE('',#14120,#14122,#14124,.T.);
#14120 = VERTEX_POINT('',#14121);
#14121 = CARTESIAN_POINT('',(0.556248,0.899099,1.585));
#14122 = VERTEX_POINT('',#14123);
#14123 = CARTESIAN_POINT('',(0.797037,0.761839,1.585));
#14124 = CIRCLE('',#14125,0.1499997436);
#14125 = AXIS2_PLACEMENT_3D('',#14126,#14127,#14128);
#14126 = CARTESIAN_POINT('',(0.648215159147,0.780600203725,1.585));
#14127 = DIRECTION('',(0.,0.,-1.));
#14128 = DIRECTION('',(-0.61311544233,0.789993325526,0.));
#14129 = ORIENTED_EDGE('',*,*,#14130,.T.);
#14130 = EDGE_CURVE('',#14122,#14131,#14133,.T.);
#14131 = VERTEX_POINT('',#14132);
#14132 = CARTESIAN_POINT('',(0.499185,-0.140828,1.585));
#14133 = LINE('',#14134,#14135);
#14134 = CARTESIAN_POINT('',(0.797037,0.761839,1.585));
#14135 = VECTOR('',#14136,1.);
#14136 = DIRECTION('',(-0.313350785572,-0.949637449336,0.));
#14137 = ORIENTED_EDGE('',*,*,#14138,.T.);
#14138 = EDGE_CURVE('',#14131,#14139,#14141,.T.);
#14139 = VERTEX_POINT('',#14140);
#14140 = CARTESIAN_POINT('',(0.855358,-0.140828,1.585));
#14141 = LINE('',#14142,#14143);
#14142 = CARTESIAN_POINT('',(0.499185,-0.140828,1.585));
#14143 = VECTOR('',#14144,1.);
#14144 = DIRECTION('',(1.,0.,0.));
#14145 = ORIENTED_EDGE('',*,*,#14146,.T.);
#14146 = EDGE_CURVE('',#14139,#14147,#14149,.T.);
#14147 = VERTEX_POINT('',#14148);
#14148 = CARTESIAN_POINT('',(0.85824,0.238436,1.585));
#14149 = LINE('',#14150,#14151);
#14150 = CARTESIAN_POINT('',(0.855358,-0.140828,1.585));
#14151 = VECTOR('',#14152,1.);
#14152 = DIRECTION('',(7.598709065221E-03,0.999971129394,0.));
#14153 = ORIENTED_EDGE('',*,*,#14154,.T.);
#14154 = EDGE_CURVE('',#14147,#14155,#14157,.T.);
#14155 = VERTEX_POINT('',#14156);
#14156 = CARTESIAN_POINT('',(1.152476,0.238436,1.585));
#14157 = CIRCLE('',#14158,0.150000292066);
#14158 = AXIS2_PLACEMENT_3D('',#14159,#14160,#14161);
#14159 = CARTESIAN_POINT('',(1.005358,0.209172,1.585));
#14160 = DIRECTION('',(0.,0.,-1.));
#14161 = DIRECTION('',(-0.980784756972,0.195092953466,0.));
#14162 = ORIENTED_EDGE('',*,*,#14163,.T.);
#14163 = EDGE_CURVE('',#14155,#14164,#14166,.T.);
#14164 = VERTEX_POINT('',#14165);
#14165 = CARTESIAN_POINT('',(1.155358,-0.140828,1.585));
#14166 = LINE('',#14167,#14168);
#14167 = CARTESIAN_POINT('',(1.152476,0.238436,1.585));
#14168 = VECTOR('',#14169,1.);
#14169 = DIRECTION('',(7.598709065221E-03,-0.999971129394,0.));
#14170 = ORIENTED_EDGE('',*,*,#14171,.T.);
#14171 = EDGE_CURVE('',#14164,#14172,#14174,.T.);
#14172 = VERTEX_POINT('',#14173);
#14173 = CARTESIAN_POINT('',(1.248907,-0.14371,1.585));
#14174 = LINE('',#14175,#14176);
#14175 = CARTESIAN_POINT('',(1.155358,-0.140828,1.585));
#14176 = VECTOR('',#14177,1.);
#14177 = DIRECTION('',(0.99952579006,-3.079277519753E-02,0.));
#14178 = ORIENTED_EDGE('',*,*,#14179,.T.);
#14179 = EDGE_CURVE('',#14172,#14180,#14182,.T.);
#14180 = VERTEX_POINT('',#14181);
#14181 = CARTESIAN_POINT('',(1.248907,-0.437946,1.585));
#14182 = CIRCLE('',#14183,0.150000292066);
#14183 = AXIS2_PLACEMENT_3D('',#14184,#14185,#14186);
#14184 = CARTESIAN_POINT('',(1.219643,-0.290828,1.585));
#14185 = DIRECTION('',(0.,0.,-1.));
#14186 = DIRECTION('',(0.195092953466,0.980784756972,0.));
#14187 = ORIENTED_EDGE('',*,*,#14188,.T.);
#14188 = EDGE_CURVE('',#14180,#14189,#14191,.T.);
#14189 = VERTEX_POINT('',#14190);
#14190 = CARTESIAN_POINT('',(1.155358,-0.440828,1.585));
#14191 = LINE('',#14192,#14193);
#14192 = CARTESIAN_POINT('',(1.248907,-0.437946,1.585));
#14193 = VECTOR('',#14194,1.);
#14194 = DIRECTION('',(-0.99952579006,-3.079277519753E-02,0.));
#14195 = ORIENTED_EDGE('',*,*,#14196,.T.);
#14196 = EDGE_CURVE('',#14189,#14197,#14199,.T.);
#14197 = VERTEX_POINT('',#14198);
#14198 = CARTESIAN_POINT('',(1.152476,-0.820092,1.585));
#14199 = LINE('',#14200,#14201);
#14200 = CARTESIAN_POINT('',(1.155358,-0.440828,1.585));
#14201 = VECTOR('',#14202,1.);
#14202 = DIRECTION('',(-7.598709065221E-03,-0.999971129394,0.));
#14203 = ORIENTED_EDGE('',*,*,#14204,.T.);
#14204 = EDGE_CURVE('',#14197,#14205,#14207,.T.);
#14205 = VERTEX_POINT('',#14206);
#14206 = CARTESIAN_POINT('',(0.85824,-0.820092,1.585));
#14207 = CIRCLE('',#14208,0.150000292066);
#14208 = AXIS2_PLACEMENT_3D('',#14209,#14210,#14211);
#14209 = CARTESIAN_POINT('',(1.005358,-0.790828,1.585));
#14210 = DIRECTION('',(-0.,0.,-1.));
#14211 = DIRECTION('',(0.980784756972,-0.195092953466,-0.));
#14212 = ORIENTED_EDGE('',*,*,#14213,.T.);
#14213 = EDGE_CURVE('',#14205,#14214,#14216,.T.);
#14214 = VERTEX_POINT('',#14215);
#14215 = CARTESIAN_POINT('',(0.855358,-0.440828,1.585));
#14216 = LINE('',#14217,#14218);
#14217 = CARTESIAN_POINT('',(0.85824,-0.820092,1.585));
#14218 = VECTOR('',#14219,1.);
#14219 = DIRECTION('',(-7.598709065221E-03,0.999971129394,0.));
#14220 = ORIENTED_EDGE('',*,*,#14221,.T.);
#14221 = EDGE_CURVE('',#14214,#14222,#14224,.T.);
#14222 = VERTEX_POINT('',#14223);
#14223 = CARTESIAN_POINT('',(0.261808,-0.437946,1.585));
#14224 = LINE('',#14225,#14226);
#14225 = CARTESIAN_POINT('',(0.855358,-0.440828,1.585));
#14226 = VECTOR('',#14227,1.);
#14227 = DIRECTION('',(-0.999988212121,4.855473047483E-03,0.));
#14228 = ORIENTED_EDGE('',*,*,#14229,.T.);
#14229 = EDGE_CURVE('',#14222,#14230,#14232,.T.);
#14230 = VERTEX_POINT('',#14231);
#14231 = CARTESIAN_POINT('',(0.145471,-0.257901,1.585));
#14232 = CIRCLE('',#14233,0.148827719455);
#14233 = AXIS2_PLACEMENT_3D('',#14234,#14235,#14236);
#14234 = CARTESIAN_POINT('',(0.290366957125,-0.29188410885,1.585));
#14235 = DIRECTION('',(0.,0.,-1.));
#14236 = DIRECTION('',(-0.191892728245,-0.981415906151,-0.));
#14237 = ORIENTED_EDGE('',*,*,#14238,.T.);
#14238 = EDGE_CURVE('',#14230,#14239,#14241,.T.);
#14239 = VERTEX_POINT('',#14240);
#14240 = CARTESIAN_POINT('',(0.517901,0.854885,1.585));
#14241 = LINE('',#14242,#14243);
#14242 = CARTESIAN_POINT('',(0.145471,-0.257901,1.585));
#14243 = VECTOR('',#14244,1.);
#14244 = DIRECTION('',(0.317379004529,0.948298775431,0.));
#14245 = ORIENTED_EDGE('',*,*,#14246,.T.);
#14246 = EDGE_CURVE('',#14239,#14120,#14247,.T.);
#14247 = LINE('',#14248,#14249);
#14248 = CARTESIAN_POINT('',(0.517901,0.854885,1.585));
#14249 = VECTOR('',#14250,1.);
#14250 = DIRECTION('',(0.655205652687,0.755450562702,0.));
#14251 = PLANE('',#14252);
#14252 = AXIS2_PLACEMENT_3D('',#14253,#14254,#14255);
#14253 = CARTESIAN_POINT('',(0.,0.,1.585));
#14254 = DIRECTION('',(0.,0.,1.));
#14255 = DIRECTION('',(1.,0.,-0.));
#14256 = SHELL_BASED_SURFACE_MODEL('',(#14257));
#14257 = OPEN_SHELL('',(#14258));
#14258 = ADVANCED_FACE('',(#14259),#14353,.T.);
#14259 = FACE_BOUND('',#14260,.F.);
#14260 = EDGE_LOOP('',(#14261,#14272,#14280,#14288,#14296,#14305,#14313,
    #14322,#14330,#14339,#14347));
#14261 = ORIENTED_EDGE('',*,*,#14262,.T.);
#14262 = EDGE_CURVE('',#14263,#14265,#14267,.T.);
#14263 = VERTEX_POINT('',#14264);
#14264 = CARTESIAN_POINT('',(7.504567,3.742961,1.585));
#14265 = VERTEX_POINT('',#14266);
#14266 = CARTESIAN_POINT('',(7.62,3.72,1.585));
#14267 = CIRCLE('',#14268,6.000007318647E-02);
#14268 = AXIS2_PLACEMENT_3D('',#14269,#14270,#14271);
#14269 = CARTESIAN_POINT('',(7.559999926814,3.720000176686,1.585));
#14270 = DIRECTION('',(0.,0.,-1.));
#14271 = DIRECTION('',(-0.923880986637,0.382679921777,0.));
#14272 = ORIENTED_EDGE('',*,*,#14273,.T.);
#14273 = EDGE_CURVE('',#14265,#14274,#14276,.T.);
#14274 = VERTEX_POINT('',#14275);
#14275 = CARTESIAN_POINT('',(7.62,2.23,1.585));
#14276 = LINE('',#14277,#14278);
#14277 = CARTESIAN_POINT('',(7.62,3.72,1.585));
#14278 = VECTOR('',#14279,1.);
#14279 = DIRECTION('',(0.,-1.,0.));
#14280 = ORIENTED_EDGE('',*,*,#14281,.T.);
#14281 = EDGE_CURVE('',#14274,#14282,#14284,.T.);
#14282 = VERTEX_POINT('',#14283);
#14283 = CARTESIAN_POINT('',(15.02,2.23,1.585));
#14284 = LINE('',#14285,#14286);
#14285 = CARTESIAN_POINT('',(7.62,2.23,1.585));
#14286 = VECTOR('',#14287,1.);
#14287 = DIRECTION('',(1.,0.,0.));
#14288 = ORIENTED_EDGE('',*,*,#14289,.T.);
#14289 = EDGE_CURVE('',#14282,#14290,#14292,.T.);
#14290 = VERTEX_POINT('',#14291);
#14291 = CARTESIAN_POINT('',(15.02,3.72,1.585));
#14292 = LINE('',#14293,#14294);
#14293 = CARTESIAN_POINT('',(15.02,2.23,1.585));
#14294 = VECTOR('',#14295,1.);
#14295 = DIRECTION('',(0.,1.,0.));
#14296 = ORIENTED_EDGE('',*,*,#14297,.T.);
#14297 = EDGE_CURVE('',#14290,#14298,#14300,.T.);
#14298 = VERTEX_POINT('',#14299);
#14299 = CARTESIAN_POINT('',(15.14,3.72,1.585));
#14300 = CIRCLE('',#14301,6.000000000042E-02);
#14301 = AXIS2_PLACEMENT_3D('',#14302,#14303,#14304);
#14302 = CARTESIAN_POINT('',(15.08,3.720000225588,1.585));
#14303 = DIRECTION('',(0.,0.,-1.));
#14304 = DIRECTION('',(-0.999999999993,-3.759794098253E-06,-0.));
#14305 = ORIENTED_EDGE('',*,*,#14306,.T.);
#14306 = EDGE_CURVE('',#14298,#14307,#14309,.T.);
#14307 = VERTEX_POINT('',#14308);
#14308 = CARTESIAN_POINT('',(15.14,2.17,1.585));
#14309 = LINE('',#14310,#14311);
#14310 = CARTESIAN_POINT('',(15.14,3.72,1.585));
#14311 = VECTOR('',#14312,1.);
#14312 = DIRECTION('',(0.,-1.,0.));
#14313 = ORIENTED_EDGE('',*,*,#14314,.T.);
#14314 = EDGE_CURVE('',#14307,#14315,#14317,.T.);
#14315 = VERTEX_POINT('',#14316);
#14316 = CARTESIAN_POINT('',(15.08,2.11,1.585));
#14317 = CIRCLE('',#14318,5.99993201626E-02);
#14318 = AXIS2_PLACEMENT_3D('',#14319,#14320,#14321);
#14319 = CARTESIAN_POINT('',(15.080000679841,2.169999320159,1.585));
#14320 = DIRECTION('',(0.,0.,-1.));
#14321 = DIRECTION('',(0.999999999936,1.133081594379E-05,0.));
#14322 = ORIENTED_EDGE('',*,*,#14323,.T.);
#14323 = EDGE_CURVE('',#14315,#14324,#14326,.T.);
#14324 = VERTEX_POINT('',#14325);
#14325 = CARTESIAN_POINT('',(7.56,2.11,1.585));
#14326 = LINE('',#14327,#14328);
#14327 = CARTESIAN_POINT('',(15.08,2.11,1.585));
#14328 = VECTOR('',#14329,1.);
#14329 = DIRECTION('',(-1.,0.,0.));
#14330 = ORIENTED_EDGE('',*,*,#14331,.T.);
#14331 = EDGE_CURVE('',#14324,#14332,#14334,.T.);
#14332 = VERTEX_POINT('',#14333);
#14333 = CARTESIAN_POINT('',(7.5,2.17,1.585));
#14334 = CIRCLE('',#14335,5.99993201626E-02);
#14335 = AXIS2_PLACEMENT_3D('',#14336,#14337,#14338);
#14336 = CARTESIAN_POINT('',(7.559999320159,2.169999320159,1.585));
#14337 = DIRECTION('',(0.,0.,-1.));
#14338 = DIRECTION('',(1.133081591418E-05,-0.999999999936,0.));
#14339 = ORIENTED_EDGE('',*,*,#14340,.T.);
#14340 = EDGE_CURVE('',#14332,#14341,#14343,.T.);
#14341 = VERTEX_POINT('',#14342);
#14342 = CARTESIAN_POINT('',(7.5,3.72,1.585));
#14343 = LINE('',#14344,#14345);
#14344 = CARTESIAN_POINT('',(7.5,2.17,1.585));
#14345 = VECTOR('',#14346,1.);
#14346 = DIRECTION('',(0.,1.,0.));
#14347 = ORIENTED_EDGE('',*,*,#14348,.T.);
#14348 = EDGE_CURVE('',#14341,#14263,#14349,.T.);
#14349 = LINE('',#14350,#14351);
#14350 = CARTESIAN_POINT('',(7.5,3.72,1.585));
#14351 = VECTOR('',#14352,1.);
#14352 = DIRECTION('',(0.195081000118,0.980787134598,0.));
#14353 = PLANE('',#14354);
#14354 = AXIS2_PLACEMENT_3D('',#14355,#14356,#14357);
#14355 = CARTESIAN_POINT('',(0.,0.,1.585));
#14356 = DIRECTION('',(0.,0.,1.));
#14357 = DIRECTION('',(1.,0.,-0.));
#14358 = SHELL_BASED_SURFACE_MODEL('',(#14359));
#14359 = OPEN_SHELL('',(#14360));
#14360 = ADVANCED_FACE('',(#14361),#14447,.T.);
#14361 = FACE_BOUND('',#14362,.F.);
#14362 = EDGE_LOOP('',(#14363,#14374,#14382,#14391,#14399,#14408,#14416,
    #14424,#14432,#14441));
#14363 = ORIENTED_EDGE('',*,*,#14364,.T.);
#14364 = EDGE_CURVE('',#14365,#14367,#14369,.T.);
#14365 = VERTEX_POINT('',#14366);
#14366 = CARTESIAN_POINT('',(7.5,9.29,1.585));
#14367 = VERTEX_POINT('',#14368);
#14368 = CARTESIAN_POINT('',(7.56,9.35,1.585));
#14369 = CIRCLE('',#14370,5.99993201626E-02);
#14370 = AXIS2_PLACEMENT_3D('',#14371,#14372,#14373);
#14371 = CARTESIAN_POINT('',(7.559999320159,9.290000679841,1.585));
#14372 = DIRECTION('',(0.,0.,-1.));
#14373 = DIRECTION('',(-0.999999999936,-1.133081597339E-05,-0.));
#14374 = ORIENTED_EDGE('',*,*,#14375,.T.);
#14375 = EDGE_CURVE('',#14367,#14376,#14378,.T.);
#14376 = VERTEX_POINT('',#14377);
#14377 = CARTESIAN_POINT('',(15.08,9.35,1.585));
#14378 = LINE('',#14379,#14380);
#14379 = CARTESIAN_POINT('',(7.56,9.35,1.585));
#14380 = VECTOR('',#14381,1.);
#14381 = DIRECTION('',(1.,0.,0.));
#14382 = ORIENTED_EDGE('',*,*,#14383,.T.);
#14383 = EDGE_CURVE('',#14376,#14384,#14386,.T.);
#14384 = VERTEX_POINT('',#14385);
#14385 = CARTESIAN_POINT('',(15.14,9.29,1.585));
#14386 = CIRCLE('',#14387,5.99993201626E-02);
#14387 = AXIS2_PLACEMENT_3D('',#14388,#14389,#14390);
#14388 = CARTESIAN_POINT('',(15.080000679841,9.290000679841,1.585));
#14389 = DIRECTION('',(0.,0.,-1.));
#14390 = DIRECTION('',(-1.133081591418E-05,0.999999999936,0.));
#14391 = ORIENTED_EDGE('',*,*,#14392,.T.);
#14392 = EDGE_CURVE('',#14384,#14393,#14395,.T.);
#14393 = VERTEX_POINT('',#14394);
#14394 = CARTESIAN_POINT('',(15.14,7.74,1.585));
#14395 = LINE('',#14396,#14397);
#14396 = CARTESIAN_POINT('',(15.14,9.29,1.585));
#14397 = VECTOR('',#14398,1.);
#14398 = DIRECTION('',(0.,-1.,0.));
#14399 = ORIENTED_EDGE('',*,*,#14400,.T.);
#14400 = EDGE_CURVE('',#14393,#14401,#14403,.T.);
#14401 = VERTEX_POINT('',#14402);
#14402 = CARTESIAN_POINT('',(15.02,7.74,1.585));
#14403 = CIRCLE('',#14404,6.000000000042E-02);
#14404 = AXIS2_PLACEMENT_3D('',#14405,#14406,#14407);
#14405 = CARTESIAN_POINT('',(15.08,7.739999774412,1.585));
#14406 = DIRECTION('',(0.,0.,-1.));
#14407 = DIRECTION('',(0.999999999993,3.759794105654E-06,0.));
#14408 = ORIENTED_EDGE('',*,*,#14409,.T.);
#14409 = EDGE_CURVE('',#14401,#14410,#14412,.T.);
#14410 = VERTEX_POINT('',#14411);
#14411 = CARTESIAN_POINT('',(15.02,9.23,1.585));
#14412 = LINE('',#14413,#14414);
#14413 = CARTESIAN_POINT('',(15.02,7.74,1.585));
#14414 = VECTOR('',#14415,1.);
#14415 = DIRECTION('',(0.,1.,0.));
#14416 = ORIENTED_EDGE('',*,*,#14417,.T.);
#14417 = EDGE_CURVE('',#14410,#14418,#14420,.T.);
#14418 = VERTEX_POINT('',#14419);
#14419 = CARTESIAN_POINT('',(7.62,9.23,1.585));
#14420 = LINE('',#14421,#14422);
#14421 = CARTESIAN_POINT('',(15.02,9.23,1.585));
#14422 = VECTOR('',#14423,1.);
#14423 = DIRECTION('',(-1.,0.,0.));
#14424 = ORIENTED_EDGE('',*,*,#14425,.T.);
#14425 = EDGE_CURVE('',#14418,#14426,#14428,.T.);
#14426 = VERTEX_POINT('',#14427);
#14427 = CARTESIAN_POINT('',(7.62,7.74,1.585));
#14428 = LINE('',#14429,#14430);
#14429 = CARTESIAN_POINT('',(7.62,9.23,1.585));
#14430 = VECTOR('',#14431,1.);
#14431 = DIRECTION('',(0.,-1.,0.));
#14432 = ORIENTED_EDGE('',*,*,#14433,.T.);
#14433 = EDGE_CURVE('',#14426,#14434,#14436,.T.);
#14434 = VERTEX_POINT('',#14435);
#14435 = CARTESIAN_POINT('',(7.5,7.74,1.585));
#14436 = CIRCLE('',#14437,6.000000000042E-02);
#14437 = AXIS2_PLACEMENT_3D('',#14438,#14439,#14440);
#14438 = CARTESIAN_POINT('',(7.56,7.739999774412,1.585));
#14439 = DIRECTION('',(0.,0.,-1.));
#14440 = DIRECTION('',(0.999999999993,3.759794105654E-06,0.));
#14441 = ORIENTED_EDGE('',*,*,#14442,.T.);
#14442 = EDGE_CURVE('',#14434,#14365,#14443,.T.);
#14443 = LINE('',#14444,#14445);
#14444 = CARTESIAN_POINT('',(7.5,7.74,1.585));
#14445 = VECTOR('',#14446,1.);
#14446 = DIRECTION('',(0.,1.,0.));
#14447 = PLANE('',#14448);
#14448 = AXIS2_PLACEMENT_3D('',#14449,#14450,#14451);
#14449 = CARTESIAN_POINT('',(0.,0.,1.585));
#14450 = DIRECTION('',(0.,0.,1.));
#14451 = DIRECTION('',(1.,0.,-0.));
#14452 = SHELL_BASED_SURFACE_MODEL('',(#14453));
#14453 = OPEN_SHELL('',(#14454));
#14454 = ADVANCED_FACE('',(#14455),#14466,.T.);
#14455 = FACE_BOUND('',#14456,.F.);
#14456 = EDGE_LOOP('',(#14457));
#14457 = ORIENTED_EDGE('',*,*,#14458,.T.);
#14458 = EDGE_CURVE('',#14459,#14459,#14461,.T.);
#14459 = VERTEX_POINT('',#14460);
#14460 = CARTESIAN_POINT('',(-20.26,-5.14,-7.5E-02));
#14461 = CIRCLE('',#14462,6.E-02);
#14462 = AXIS2_PLACEMENT_3D('',#14463,#14464,#14465);
#14463 = CARTESIAN_POINT('',(-20.32,-5.14,-7.5E-02));
#14464 = DIRECTION('',(0.,0.,1.));
#14465 = DIRECTION('',(1.,0.,-0.));
#14466 = PLANE('',#14467);
#14467 = AXIS2_PLACEMENT_3D('',#14468,#14469,#14470);
#14468 = CARTESIAN_POINT('',(0.,0.,-7.5E-02));
#14469 = DIRECTION('',(-0.,-0.,-1.));
#14470 = DIRECTION('',(-1.,0.,0.));
#14471 = SHELL_BASED_SURFACE_MODEL('',(#14472));
#14472 = OPEN_SHELL('',(#14473));
#14473 = ADVANCED_FACE('',(#14474),#14608,.T.);
#14474 = FACE_BOUND('',#14475,.T.);
#14475 = EDGE_LOOP('',(#14476,#14486,#14494,#14503,#14511,#14520,#14528,
    #14537,#14545,#14553,#14561,#14569,#14578,#14586,#14594,#14602));
#14476 = ORIENTED_EDGE('',*,*,#14477,.T.);
#14477 = EDGE_CURVE('',#14478,#14480,#14482,.T.);
#14478 = VERTEX_POINT('',#14479);
#14479 = CARTESIAN_POINT('',(-20.32,5.08,-7.5E-02));
#14480 = VERTEX_POINT('',#14481);
#14481 = CARTESIAN_POINT('',(-20.32,5.2,-7.5E-02));
#14482 = LINE('',#14483,#14484);
#14483 = CARTESIAN_POINT('',(-20.32,5.08,-7.5E-02));
#14484 = VECTOR('',#14485,1.);
#14485 = DIRECTION('',(0.,1.,0.));
#14486 = ORIENTED_EDGE('',*,*,#14487,.T.);
#14487 = EDGE_CURVE('',#14480,#14488,#14490,.T.);
#14488 = VERTEX_POINT('',#14489);
#14489 = CARTESIAN_POINT('',(-16.45,5.2,-7.5E-02));
#14490 = LINE('',#14491,#14492);
#14491 = CARTESIAN_POINT('',(-20.32,5.2,-7.5E-02));
#14492 = VECTOR('',#14493,1.);
#14493 = DIRECTION('',(1.,0.,0.));
#14494 = ORIENTED_EDGE('',*,*,#14495,.T.);
#14495 = EDGE_CURVE('',#14488,#14496,#14498,.T.);
#14496 = VERTEX_POINT('',#14497);
#14497 = CARTESIAN_POINT('',(-16.39,5.14,-7.5E-02));
#14498 = CIRCLE('',#14499,5.99993201626E-02);
#14499 = AXIS2_PLACEMENT_3D('',#14500,#14501,#14502);
#14500 = CARTESIAN_POINT('',(-16.44999932015,5.140000679841,-7.5E-02));
#14501 = DIRECTION('',(0.,0.,-1.));
#14502 = DIRECTION('',(-1.133081594379E-05,0.999999999936,0.));
#14503 = ORIENTED_EDGE('',*,*,#14504,.T.);
#14504 = EDGE_CURVE('',#14496,#14505,#14507,.T.);
#14505 = VERTEX_POINT('',#14506);
#14506 = CARTESIAN_POINT('',(-16.39,-5.14,-7.5E-02));
#14507 = LINE('',#14508,#14509);
#14508 = CARTESIAN_POINT('',(-16.39,5.14,-7.5E-02));
#14509 = VECTOR('',#14510,1.);
#14510 = DIRECTION('',(0.,-1.,0.));
#14511 = ORIENTED_EDGE('',*,*,#14512,.T.);
#14512 = EDGE_CURVE('',#14505,#14513,#14515,.T.);
#14513 = VERTEX_POINT('',#14514);
#14514 = CARTESIAN_POINT('',(-16.45,-5.2,-7.5E-02));
#14515 = CIRCLE('',#14516,5.999932016259E-02);
#14516 = AXIS2_PLACEMENT_3D('',#14517,#14518,#14519);
#14517 = CARTESIAN_POINT('',(-16.44999932015,-5.140000679841,-7.5E-02));
#14518 = DIRECTION('',(0.,0.,-1.));
#14519 = DIRECTION('',(0.999999999936,1.133081603261E-05,0.));
#14520 = ORIENTED_EDGE('',*,*,#14521,.T.);
#14521 = EDGE_CURVE('',#14513,#14522,#14524,.T.);
#14522 = VERTEX_POINT('',#14523);
#14523 = CARTESIAN_POINT('',(-19.05,-5.2,-7.5E-02));
#14524 = LINE('',#14525,#14526);
#14525 = CARTESIAN_POINT('',(-16.45,-5.2,-7.5E-02));
#14526 = VECTOR('',#14527,1.);
#14527 = DIRECTION('',(-1.,0.,0.));
#14528 = ORIENTED_EDGE('',*,*,#14529,.T.);
#14529 = EDGE_CURVE('',#14522,#14530,#14532,.T.);
#14530 = VERTEX_POINT('',#14531);
#14531 = CARTESIAN_POINT('',(-19.11,-5.14,-7.5E-02));
#14532 = CIRCLE('',#14533,5.99993201626E-02);
#14533 = AXIS2_PLACEMENT_3D('',#14534,#14535,#14536);
#14534 = CARTESIAN_POINT('',(-19.05000067984,-5.140000679841,-7.5E-02));
#14535 = DIRECTION('',(0.,0.,-1.));
#14536 = DIRECTION('',(1.133081594379E-05,-0.999999999936,0.));
#14537 = ORIENTED_EDGE('',*,*,#14538,.T.);
#14538 = EDGE_CURVE('',#14530,#14539,#14541,.T.);
#14539 = VERTEX_POINT('',#14540);
#14540 = CARTESIAN_POINT('',(-19.11,-2.6,-7.5E-02));
#14541 = LINE('',#14542,#14543);
#14542 = CARTESIAN_POINT('',(-19.11,-5.14,-7.5E-02));
#14543 = VECTOR('',#14544,1.);
#14544 = DIRECTION('',(0.,1.,0.));
#14545 = ORIENTED_EDGE('',*,*,#14546,.T.);
#14546 = EDGE_CURVE('',#14539,#14547,#14549,.T.);
#14547 = VERTEX_POINT('',#14548);
#14548 = CARTESIAN_POINT('',(-20.32,-2.6,-7.5E-02));
#14549 = LINE('',#14550,#14551);
#14550 = CARTESIAN_POINT('',(-19.11,-2.6,-7.5E-02));
#14551 = VECTOR('',#14552,1.);
#14552 = DIRECTION('',(-1.,0.,0.));
#14553 = ORIENTED_EDGE('',*,*,#14554,.T.);
#14554 = EDGE_CURVE('',#14547,#14555,#14557,.T.);
#14555 = VERTEX_POINT('',#14556);
#14556 = CARTESIAN_POINT('',(-20.32,-2.48,-7.5E-02));
#14557 = LINE('',#14558,#14559);
#14558 = CARTESIAN_POINT('',(-20.32,-2.6,-7.5E-02));
#14559 = VECTOR('',#14560,1.);
#14560 = DIRECTION('',(0.,1.,0.));
#14561 = ORIENTED_EDGE('',*,*,#14562,.T.);
#14562 = EDGE_CURVE('',#14555,#14563,#14565,.T.);
#14563 = VERTEX_POINT('',#14564);
#14564 = CARTESIAN_POINT('',(-19.05,-2.48,-7.5E-02));
#14565 = LINE('',#14566,#14567);
#14566 = CARTESIAN_POINT('',(-20.32,-2.48,-7.5E-02));
#14567 = VECTOR('',#14568,1.);
#14568 = DIRECTION('',(1.,0.,0.));
#14569 = ORIENTED_EDGE('',*,*,#14570,.T.);
#14570 = EDGE_CURVE('',#14563,#14571,#14573,.T.);
#14571 = VERTEX_POINT('',#14572);
#14572 = CARTESIAN_POINT('',(-18.99,-2.54,-7.5E-02));
#14573 = CIRCLE('',#14574,5.99993201626E-02);
#14574 = AXIS2_PLACEMENT_3D('',#14575,#14576,#14577);
#14575 = CARTESIAN_POINT('',(-19.04999932015,-2.539999320159,-7.5E-02));
#14576 = DIRECTION('',(0.,0.,-1.));
#14577 = DIRECTION('',(-1.133081594379E-05,0.999999999936,0.));
#14578 = ORIENTED_EDGE('',*,*,#14579,.T.);
#14579 = EDGE_CURVE('',#14571,#14580,#14582,.T.);
#14580 = VERTEX_POINT('',#14581);
#14581 = CARTESIAN_POINT('',(-18.99,-5.08,-7.5E-02));
#14582 = LINE('',#14583,#14584);
#14583 = CARTESIAN_POINT('',(-18.99,-2.54,-7.5E-02));
#14584 = VECTOR('',#14585,1.);
#14585 = DIRECTION('',(0.,-1.,0.));
#14586 = ORIENTED_EDGE('',*,*,#14587,.T.);
#14587 = EDGE_CURVE('',#14580,#14588,#14590,.T.);
#14588 = VERTEX_POINT('',#14589);
#14589 = CARTESIAN_POINT('',(-16.51,-5.08,-7.5E-02));
#14590 = LINE('',#14591,#14592);
#14591 = CARTESIAN_POINT('',(-18.99,-5.08,-7.5E-02));
#14592 = VECTOR('',#14593,1.);
#14593 = DIRECTION('',(1.,0.,0.));
#14594 = ORIENTED_EDGE('',*,*,#14595,.T.);
#14595 = EDGE_CURVE('',#14588,#14596,#14598,.T.);
#14596 = VERTEX_POINT('',#14597);
#14597 = CARTESIAN_POINT('',(-16.51,5.08,-7.5E-02));
#14598 = LINE('',#14599,#14600);
#14599 = CARTESIAN_POINT('',(-16.51,-5.08,-7.5E-02));
#14600 = VECTOR('',#14601,1.);
#14601 = DIRECTION('',(0.,1.,0.));
#14602 = ORIENTED_EDGE('',*,*,#14603,.T.);
#14603 = EDGE_CURVE('',#14596,#14478,#14604,.T.);
#14604 = LINE('',#14605,#14606);
#14605 = CARTESIAN_POINT('',(-16.51,5.08,-7.5E-02));
#14606 = VECTOR('',#14607,1.);
#14607 = DIRECTION('',(-1.,0.,0.));
#14608 = PLANE('',#14609);
#14609 = AXIS2_PLACEMENT_3D('',#14610,#14611,#14612);
#14610 = CARTESIAN_POINT('',(0.,0.,-7.5E-02));
#14611 = DIRECTION('',(-0.,-0.,-1.));
#14612 = DIRECTION('',(-1.,0.,0.));
#14613 = SHELL_BASED_SURFACE_MODEL('',(#14614));
#14614 = OPEN_SHELL('',(#14615));
#14615 = ADVANCED_FACE('',(#14616),#14750,.T.);
#14616 = FACE_BOUND('',#14617,.T.);
#14617 = EDGE_LOOP('',(#14618,#14629,#14637,#14645,#14653,#14661,#14669,
    #14677,#14686,#14694,#14702,#14710,#14718,#14727,#14735,#14744));
#14618 = ORIENTED_EDGE('',*,*,#14619,.T.);
#14619 = EDGE_CURVE('',#14620,#14622,#14624,.T.);
#14620 = VERTEX_POINT('',#14621);
#14621 = CARTESIAN_POINT('',(16.39,5.14,-7.5E-02));
#14622 = VERTEX_POINT('',#14623);
#14623 = CARTESIAN_POINT('',(16.45,5.2,-7.5E-02));
#14624 = CIRCLE('',#14625,5.999932016259E-02);
#14625 = AXIS2_PLACEMENT_3D('',#14626,#14627,#14628);
#14626 = CARTESIAN_POINT('',(16.449999320159,5.140000679841,-7.5E-02));
#14627 = DIRECTION('',(0.,0.,-1.));
#14628 = DIRECTION('',(-0.999999999936,-1.133081603261E-05,-0.));
#14629 = ORIENTED_EDGE('',*,*,#14630,.T.);
#14630 = EDGE_CURVE('',#14622,#14631,#14633,.T.);
#14631 = VERTEX_POINT('',#14632);
#14632 = CARTESIAN_POINT('',(20.32,5.2,-7.5E-02));
#14633 = LINE('',#14634,#14635);
#14634 = CARTESIAN_POINT('',(16.45,5.2,-7.5E-02));
#14635 = VECTOR('',#14636,1.);
#14636 = DIRECTION('',(1.,0.,0.));
#14637 = ORIENTED_EDGE('',*,*,#14638,.T.);
#14638 = EDGE_CURVE('',#14631,#14639,#14641,.T.);
#14639 = VERTEX_POINT('',#14640);
#14640 = CARTESIAN_POINT('',(20.32,5.08,-7.5E-02));
#14641 = LINE('',#14642,#14643);
#14642 = CARTESIAN_POINT('',(20.32,5.2,-7.5E-02));
#14643 = VECTOR('',#14644,1.);
#14644 = DIRECTION('',(0.,-1.,0.));
#14645 = ORIENTED_EDGE('',*,*,#14646,.T.);
#14646 = EDGE_CURVE('',#14639,#14647,#14649,.T.);
#14647 = VERTEX_POINT('',#14648);
#14648 = CARTESIAN_POINT('',(16.51,5.08,-7.5E-02));
#14649 = LINE('',#14650,#14651);
#14650 = CARTESIAN_POINT('',(20.32,5.08,-7.5E-02));
#14651 = VECTOR('',#14652,1.);
#14652 = DIRECTION('',(-1.,0.,0.));
#14653 = ORIENTED_EDGE('',*,*,#14654,.T.);
#14654 = EDGE_CURVE('',#14647,#14655,#14657,.T.);
#14655 = VERTEX_POINT('',#14656);
#14656 = CARTESIAN_POINT('',(16.51,-5.08,-7.5E-02));
#14657 = LINE('',#14658,#14659);
#14658 = CARTESIAN_POINT('',(16.51,5.08,-7.5E-02));
#14659 = VECTOR('',#14660,1.);
#14660 = DIRECTION('',(0.,-1.,0.));
#14661 = ORIENTED_EDGE('',*,*,#14662,.T.);
#14662 = EDGE_CURVE('',#14655,#14663,#14665,.T.);
#14663 = VERTEX_POINT('',#14664);
#14664 = CARTESIAN_POINT('',(18.99,-5.08,-7.5E-02));
#14665 = LINE('',#14666,#14667);
#14666 = CARTESIAN_POINT('',(16.51,-5.08,-7.5E-02));
#14667 = VECTOR('',#14668,1.);
#14668 = DIRECTION('',(1.,0.,0.));
#14669 = ORIENTED_EDGE('',*,*,#14670,.T.);
#14670 = EDGE_CURVE('',#14663,#14671,#14673,.T.);
#14671 = VERTEX_POINT('',#14672);
#14672 = CARTESIAN_POINT('',(18.99,-2.54,-7.5E-02));
#14673 = LINE('',#14674,#14675);
#14674 = CARTESIAN_POINT('',(18.99,-5.08,-7.5E-02));
#14675 = VECTOR('',#14676,1.);
#14676 = DIRECTION('',(0.,1.,0.));
#14677 = ORIENTED_EDGE('',*,*,#14678,.T.);
#14678 = EDGE_CURVE('',#14671,#14679,#14681,.T.);
#14679 = VERTEX_POINT('',#14680);
#14680 = CARTESIAN_POINT('',(19.05,-2.48,-7.5E-02));
#14681 = CIRCLE('',#14682,5.99993201626E-02);
#14682 = AXIS2_PLACEMENT_3D('',#14683,#14684,#14685);
#14683 = CARTESIAN_POINT('',(19.049999320159,-2.539999320159,-7.5E-02));
#14684 = DIRECTION('',(0.,0.,-1.));
#14685 = DIRECTION('',(-0.999999999936,-1.133081585497E-05,-0.));
#14686 = ORIENTED_EDGE('',*,*,#14687,.T.);
#14687 = EDGE_CURVE('',#14679,#14688,#14690,.T.);
#14688 = VERTEX_POINT('',#14689);
#14689 = CARTESIAN_POINT('',(20.32,-2.48,-7.5E-02));
#14690 = LINE('',#14691,#14692);
#14691 = CARTESIAN_POINT('',(19.05,-2.48,-7.5E-02));
#14692 = VECTOR('',#14693,1.);
#14693 = DIRECTION('',(1.,0.,0.));
#14694 = ORIENTED_EDGE('',*,*,#14695,.T.);
#14695 = EDGE_CURVE('',#14688,#14696,#14698,.T.);
#14696 = VERTEX_POINT('',#14697);
#14697 = CARTESIAN_POINT('',(20.32,-2.6,-7.5E-02));
#14698 = LINE('',#14699,#14700);
#14699 = CARTESIAN_POINT('',(20.32,-2.48,-7.5E-02));
#14700 = VECTOR('',#14701,1.);
#14701 = DIRECTION('',(0.,-1.,0.));
#14702 = ORIENTED_EDGE('',*,*,#14703,.T.);
#14703 = EDGE_CURVE('',#14696,#14704,#14706,.T.);
#14704 = VERTEX_POINT('',#14705);
#14705 = CARTESIAN_POINT('',(19.11,-2.6,-7.5E-02));
#14706 = LINE('',#14707,#14708);
#14707 = CARTESIAN_POINT('',(20.32,-2.6,-7.5E-02));
#14708 = VECTOR('',#14709,1.);
#14709 = DIRECTION('',(-1.,0.,0.));
#14710 = ORIENTED_EDGE('',*,*,#14711,.T.);
#14711 = EDGE_CURVE('',#14704,#14712,#14714,.T.);
#14712 = VERTEX_POINT('',#14713);
#14713 = CARTESIAN_POINT('',(19.11,-5.14,-7.5E-02));
#14714 = LINE('',#14715,#14716);
#14715 = CARTESIAN_POINT('',(19.11,-2.6,-7.5E-02));
#14716 = VECTOR('',#14717,1.);
#14717 = DIRECTION('',(0.,-1.,0.));
#14718 = ORIENTED_EDGE('',*,*,#14719,.T.);
#14719 = EDGE_CURVE('',#14712,#14720,#14722,.T.);
#14720 = VERTEX_POINT('',#14721);
#14721 = CARTESIAN_POINT('',(19.05,-5.2,-7.5E-02));
#14722 = CIRCLE('',#14723,5.999932016259E-02);
#14723 = AXIS2_PLACEMENT_3D('',#14724,#14725,#14726);
#14724 = CARTESIAN_POINT('',(19.050000679841,-5.140000679841,-7.5E-02));
#14725 = DIRECTION('',(0.,0.,-1.));
#14726 = DIRECTION('',(0.999999999936,1.133081603261E-05,0.));
#14727 = ORIENTED_EDGE('',*,*,#14728,.T.);
#14728 = EDGE_CURVE('',#14720,#14729,#14731,.T.);
#14729 = VERTEX_POINT('',#14730);
#14730 = CARTESIAN_POINT('',(16.45,-5.2,-7.5E-02));
#14731 = LINE('',#14732,#14733);
#14732 = CARTESIAN_POINT('',(19.05,-5.2,-7.5E-02));
#14733 = VECTOR('',#14734,1.);
#14734 = DIRECTION('',(-1.,0.,0.));
#14735 = ORIENTED_EDGE('',*,*,#14736,.T.);
#14736 = EDGE_CURVE('',#14729,#14737,#14739,.T.);
#14737 = VERTEX_POINT('',#14738);
#14738 = CARTESIAN_POINT('',(16.39,-5.14,-7.5E-02));
#14739 = CIRCLE('',#14740,5.99993201626E-02);
#14740 = AXIS2_PLACEMENT_3D('',#14741,#14742,#14743);
#14741 = CARTESIAN_POINT('',(16.449999320159,-5.140000679841,-7.5E-02));
#14742 = DIRECTION('',(0.,0.,-1.));
#14743 = DIRECTION('',(1.133081594379E-05,-0.999999999936,0.));
#14744 = ORIENTED_EDGE('',*,*,#14745,.T.);
#14745 = EDGE_CURVE('',#14737,#14620,#14746,.T.);
#14746 = LINE('',#14747,#14748);
#14747 = CARTESIAN_POINT('',(16.39,-5.14,-7.5E-02));
#14748 = VECTOR('',#14749,1.);
#14749 = DIRECTION('',(0.,1.,0.));
#14750 = PLANE('',#14751);
#14751 = AXIS2_PLACEMENT_3D('',#14752,#14753,#14754);
#14752 = CARTESIAN_POINT('',(0.,0.,-7.5E-02));
#14753 = DIRECTION('',(-0.,-0.,-1.));
#14754 = DIRECTION('',(-1.,0.,0.));
#14755 = SHELL_BASED_SURFACE_MODEL('',(#14756));
#14756 = OPEN_SHELL('',(#14757));
#14757 = ADVANCED_FACE('',(#14758),#14769,.T.);
#14758 = FACE_BOUND('',#14759,.F.);
#14759 = EDGE_LOOP('',(#14760));
#14760 = ORIENTED_EDGE('',*,*,#14761,.T.);
#14761 = EDGE_CURVE('',#14762,#14762,#14764,.T.);
#14762 = VERTEX_POINT('',#14763);
#14763 = CARTESIAN_POINT('',(20.38,-5.14,-7.5E-02));
#14764 = CIRCLE('',#14765,6.E-02);
#14765 = AXIS2_PLACEMENT_3D('',#14766,#14767,#14768);
#14766 = CARTESIAN_POINT('',(20.32,-5.14,-7.5E-02));
#14767 = DIRECTION('',(0.,0.,1.));
#14768 = DIRECTION('',(1.,0.,-0.));
#14769 = PLANE('',#14770);
#14770 = AXIS2_PLACEMENT_3D('',#14771,#14772,#14773);
#14771 = CARTESIAN_POINT('',(0.,0.,-7.5E-02));
#14772 = DIRECTION('',(-0.,-0.,-1.));
#14773 = DIRECTION('',(-1.,0.,0.));
#14774 = ( GEOMETRIC_REPRESENTATION_CONTEXT(3) 
GLOBAL_UNCERTAINTY_ASSIGNED_CONTEXT((#14778)) 
GLOBAL_UNIT_ASSIGNED_CONTEXT((#14775,#14776,#14777)) 
REPRESENTATION_CONTEXT('Context #1',
  '3D Context with UNIT and UNCERTAINTY') );
#14775 = ( LENGTH_UNIT() NAMED_UNIT(*) SI_UNIT(.MILLI.,.METRE.) );
#14776 = ( NAMED_UNIT(*) PLANE_ANGLE_UNIT() SI_UNIT($,.RADIAN.) );
#14777 = ( NAMED_UNIT(*) SI_UNIT($,.STERADIAN.) SOLID_ANGLE_UNIT() );
#14778 = UNCERTAINTY_MEASURE_WITH_UNIT(LENGTH_MEASURE(1.E-07),#14775,
  'distance_accuracy_value','confusion accuracy');
#14779 = CONTEXT_DEPENDENT_SHAPE_REPRESENTATION(#14780,#14782);
#14780 = ( REPRESENTATION_RELATIONSHIP('','',#12320,#10) 
REPRESENTATION_RELATIONSHIP_WITH_TRANSFORMATION(#14781) 
SHAPE_REPRESENTATION_RELATIONSHIP() );
#14781 = ITEM_DEFINED_TRANSFORMATION('','',#11,#27);
#14782 = PRODUCT_DEFINITION_SHAPE('Placement','Placement of an item',
  #14783);
#14783 = NEXT_ASSEMBLY_USAGE_OCCURRENCE('5','=>[0:1:1:5]','',#5,#12315,$
  );
#14784 = PRODUCT_RELATED_PRODUCT_CATEGORY('part',$,(#12317));
#14785 = SHAPE_DEFINITION_REPRESENTATION(#14786,#14792);
#14786 = PRODUCT_DEFINITION_SHAPE('','',#14787);
#14787 = PRODUCT_DEFINITION('design','',#14788,#14791);
#14788 = PRODUCT_DEFINITION_FORMATION('','',#14789);
#14789 = PRODUCT('TPS5460-kangwei_tech_PCB','TPS5460-kangwei_tech_PCB',
  '',(#14790));
#14790 = PRODUCT_CONTEXT('',#2,'mechanical');
#14791 = PRODUCT_DEFINITION_CONTEXT('part definition',#2,'design');
#14792 = ADVANCED_BREP_SHAPE_REPRESENTATION('',(#11,#14793),#15799);
#14793 = MANIFOLD_SOLID_BREP('',#14794);
#14794 = CLOSED_SHELL('',(#14795,#14835,#14866,#14897,#15138,#15379,
    #15396,#15413,#15430,#15447,#15464,#15481,#15498,#15515,#15532,
    #15549,#15566,#15583,#15600,#15617,#15634,#15651,#15663,#15680,
    #15697,#15714,#15731,#15748,#15765,#15782));
#14795 = ADVANCED_FACE('',(#14796),#14830,.T.);
#14796 = FACE_BOUND('',#14797,.T.);
#14797 = EDGE_LOOP('',(#14798,#14808,#14816,#14824));
#14798 = ORIENTED_EDGE('',*,*,#14799,.T.);
#14799 = EDGE_CURVE('',#14800,#14802,#14804,.T.);
#14800 = VERTEX_POINT('',#14801);
#14801 = CARTESIAN_POINT('',(20.32,-10.16,0.));
#14802 = VERTEX_POINT('',#14803);
#14803 = CARTESIAN_POINT('',(20.32,-10.16,1.51));
#14804 = LINE('',#14805,#14806);
#14805 = CARTESIAN_POINT('',(20.32,-10.16,0.));
#14806 = VECTOR('',#14807,1.);
#14807 = DIRECTION('',(0.,0.,1.));
#14808 = ORIENTED_EDGE('',*,*,#14809,.T.);
#14809 = EDGE_CURVE('',#14802,#14810,#14812,.T.);
#14810 = VERTEX_POINT('',#14811);
#14811 = CARTESIAN_POINT('',(-20.32,-10.16,1.51));
#14812 = LINE('',#14813,#14814);
#14813 = CARTESIAN_POINT('',(20.32,-10.16,1.51));
#14814 = VECTOR('',#14815,1.);
#14815 = DIRECTION('',(-1.,0.,0.));
#14816 = ORIENTED_EDGE('',*,*,#14817,.F.);
#14817 = EDGE_CURVE('',#14818,#14810,#14820,.T.);
#14818 = VERTEX_POINT('',#14819);
#14819 = CARTESIAN_POINT('',(-20.32,-10.16,0.));
#14820 = LINE('',#14821,#14822);
#14821 = CARTESIAN_POINT('',(-20.32,-10.16,0.));
#14822 = VECTOR('',#14823,1.);
#14823 = DIRECTION('',(0.,0.,1.));
#14824 = ORIENTED_EDGE('',*,*,#14825,.F.);
#14825 = EDGE_CURVE('',#14800,#14818,#14826,.T.);
#14826 = LINE('',#14827,#14828);
#14827 = CARTESIAN_POINT('',(20.32,-10.16,0.));
#14828 = VECTOR('',#14829,1.);
#14829 = DIRECTION('',(-1.,0.,0.));
#14830 = PLANE('',#14831);
#14831 = AXIS2_PLACEMENT_3D('',#14832,#14833,#14834);
#14832 = CARTESIAN_POINT('',(20.32,-10.16,0.));
#14833 = DIRECTION('',(0.,-1.,0.));
#14834 = DIRECTION('',(-1.,0.,0.));
#14835 = ADVANCED_FACE('',(#14836),#14861,.T.);
#14836 = FACE_BOUND('',#14837,.T.);
#14837 = EDGE_LOOP('',(#14838,#14846,#14854,#14860));
#14838 = ORIENTED_EDGE('',*,*,#14839,.F.);
#14839 = EDGE_CURVE('',#14840,#14800,#14842,.T.);
#14840 = VERTEX_POINT('',#14841);
#14841 = CARTESIAN_POINT('',(20.32,-4.31,0.));
#14842 = LINE('',#14843,#14844);
#14843 = CARTESIAN_POINT('',(20.32,10.16,0.));
#14844 = VECTOR('',#14845,1.);
#14845 = DIRECTION('',(0.,-1.,0.));
#14846 = ORIENTED_EDGE('',*,*,#14847,.T.);
#14847 = EDGE_CURVE('',#14840,#14848,#14850,.T.);
#14848 = VERTEX_POINT('',#14849);
#14849 = CARTESIAN_POINT('',(20.32,-4.31,1.51));
#14850 = LINE('',#14851,#14852);
#14851 = CARTESIAN_POINT('',(20.32,-4.31,-4.6E-02));
#14852 = VECTOR('',#14853,1.);
#14853 = DIRECTION('',(0.,0.,1.));
#14854 = ORIENTED_EDGE('',*,*,#14855,.T.);
#14855 = EDGE_CURVE('',#14848,#14802,#14856,.T.);
#14856 = LINE('',#14857,#14858);
#14857 = CARTESIAN_POINT('',(20.32,10.16,1.51));
#14858 = VECTOR('',#14859,1.);
#14859 = DIRECTION('',(0.,-1.,0.));
#14860 = ORIENTED_EDGE('',*,*,#14799,.F.);
#14861 = PLANE('',#14862);
#14862 = AXIS2_PLACEMENT_3D('',#14863,#14864,#14865);
#14863 = CARTESIAN_POINT('',(20.32,10.16,0.));
#14864 = DIRECTION('',(1.,0.,-0.));
#14865 = DIRECTION('',(0.,-1.,0.));
#14866 = ADVANCED_FACE('',(#14867),#14892,.T.);
#14867 = FACE_BOUND('',#14868,.T.);
#14868 = EDGE_LOOP('',(#14869,#14877,#14878,#14886));
#14869 = ORIENTED_EDGE('',*,*,#14870,.F.);
#14870 = EDGE_CURVE('',#14818,#14871,#14873,.T.);
#14871 = VERTEX_POINT('',#14872);
#14872 = CARTESIAN_POINT('',(-20.32,-4.31,0.));
#14873 = LINE('',#14874,#14875);
#14874 = CARTESIAN_POINT('',(-20.32,-10.16,0.));
#14875 = VECTOR('',#14876,1.);
#14876 = DIRECTION('',(0.,1.,0.));
#14877 = ORIENTED_EDGE('',*,*,#14817,.T.);
#14878 = ORIENTED_EDGE('',*,*,#14879,.T.);
#14879 = EDGE_CURVE('',#14810,#14880,#14882,.T.);
#14880 = VERTEX_POINT('',#14881);
#14881 = CARTESIAN_POINT('',(-20.32,-4.31,1.51));
#14882 = LINE('',#14883,#14884);
#14883 = CARTESIAN_POINT('',(-20.32,-10.16,1.51));
#14884 = VECTOR('',#14885,1.);
#14885 = DIRECTION('',(0.,1.,0.));
#14886 = ORIENTED_EDGE('',*,*,#14887,.F.);
#14887 = EDGE_CURVE('',#14871,#14880,#14888,.T.);
#14888 = LINE('',#14889,#14890);
#14889 = CARTESIAN_POINT('',(-20.32,-4.31,-4.6E-02));
#14890 = VECTOR('',#14891,1.);
#14891 = DIRECTION('',(0.,0.,1.));
#14892 = PLANE('',#14893);
#14893 = AXIS2_PLACEMENT_3D('',#14894,#14895,#14896);
#14894 = CARTESIAN_POINT('',(-20.32,-10.16,0.));
#14895 = DIRECTION('',(-1.,0.,0.));
#14896 = DIRECTION('',(0.,1.,0.));
#14897 = ADVANCED_FACE('',(#14898,#15045,#15056,#15067,#15078,#15089,
    #15100,#15111,#15122),#15133,.F.);
#14898 = FACE_BOUND('',#14899,.F.);
#14899 = EDGE_LOOP('',(#14900,#14901,#14902,#14911,#14919,#14928,#14936,
    #14945,#14953,#14962,#14970,#14978,#14986,#14995,#15003,#15012,
    #15020,#15029,#15037,#15044));
#14900 = ORIENTED_EDGE('',*,*,#14825,.F.);
#14901 = ORIENTED_EDGE('',*,*,#14839,.F.);
#14902 = ORIENTED_EDGE('',*,*,#14903,.T.);
#14903 = EDGE_CURVE('',#14840,#14904,#14906,.T.);
#14904 = VERTEX_POINT('',#14905);
#14905 = CARTESIAN_POINT('',(20.32,-3.31,0.));
#14906 = CIRCLE('',#14907,0.5);
#14907 = AXIS2_PLACEMENT_3D('',#14908,#14909,#14910);
#14908 = CARTESIAN_POINT('',(20.32,-3.81,0.));
#14909 = DIRECTION('',(-0.,0.,-1.));
#14910 = DIRECTION('',(-0.,-1.,0.));
#14911 = ORIENTED_EDGE('',*,*,#14912,.F.);
#14912 = EDGE_CURVE('',#14913,#14904,#14915,.T.);
#14913 = VERTEX_POINT('',#14914);
#14914 = CARTESIAN_POINT('',(20.32,-1.77,0.));
#14915 = LINE('',#14916,#14917);
#14916 = CARTESIAN_POINT('',(20.32,10.16,0.));
#14917 = VECTOR('',#14918,1.);
#14918 = DIRECTION('',(0.,-1.,0.));
#14919 = ORIENTED_EDGE('',*,*,#14920,.T.);
#14920 = EDGE_CURVE('',#14913,#14921,#14923,.T.);
#14921 = VERTEX_POINT('',#14922);
#14922 = CARTESIAN_POINT('',(20.32,-0.77,0.));
#14923 = CIRCLE('',#14924,0.5);
#14924 = AXIS2_PLACEMENT_3D('',#14925,#14926,#14927);
#14925 = CARTESIAN_POINT('',(20.32,-1.27,0.));
#14926 = DIRECTION('',(-0.,0.,-1.));
#14927 = DIRECTION('',(-0.,-1.,0.));
#14928 = ORIENTED_EDGE('',*,*,#14929,.F.);
#14929 = EDGE_CURVE('',#14930,#14921,#14932,.T.);
#14930 = VERTEX_POINT('',#14931);
#14931 = CARTESIAN_POINT('',(20.32,0.77,0.));
#14932 = LINE('',#14933,#14934);
#14933 = CARTESIAN_POINT('',(20.32,10.16,0.));
#14934 = VECTOR('',#14935,1.);
#14935 = DIRECTION('',(0.,-1.,0.));
#14936 = ORIENTED_EDGE('',*,*,#14937,.T.);
#14937 = EDGE_CURVE('',#14930,#14938,#14940,.T.);
#14938 = VERTEX_POINT('',#14939);
#14939 = CARTESIAN_POINT('',(20.32,1.77,0.));
#14940 = CIRCLE('',#14941,0.5);
#14941 = AXIS2_PLACEMENT_3D('',#14942,#14943,#14944);
#14942 = CARTESIAN_POINT('',(20.32,1.27,0.));
#14943 = DIRECTION('',(-0.,0.,-1.));
#14944 = DIRECTION('',(-0.,-1.,0.));
#14945 = ORIENTED_EDGE('',*,*,#14946,.F.);
#14946 = EDGE_CURVE('',#14947,#14938,#14949,.T.);
#14947 = VERTEX_POINT('',#14948);
#14948 = CARTESIAN_POINT('',(20.32,3.31,0.));
#14949 = LINE('',#14950,#14951);
#14950 = CARTESIAN_POINT('',(20.32,10.16,0.));
#14951 = VECTOR('',#14952,1.);
#14952 = DIRECTION('',(0.,-1.,0.));
#14953 = ORIENTED_EDGE('',*,*,#14954,.T.);
#14954 = EDGE_CURVE('',#14947,#14955,#14957,.T.);
#14955 = VERTEX_POINT('',#14956);
#14956 = CARTESIAN_POINT('',(20.32,4.31,0.));
#14957 = CIRCLE('',#14958,0.5);
#14958 = AXIS2_PLACEMENT_3D('',#14959,#14960,#14961);
#14959 = CARTESIAN_POINT('',(20.32,3.81,0.));
#14960 = DIRECTION('',(-0.,0.,-1.));
#14961 = DIRECTION('',(-0.,-1.,0.));
#14962 = ORIENTED_EDGE('',*,*,#14963,.F.);
#14963 = EDGE_CURVE('',#14964,#14955,#14966,.T.);
#14964 = VERTEX_POINT('',#14965);
#14965 = CARTESIAN_POINT('',(20.32,10.16,0.));
#14966 = LINE('',#14967,#14968);
#14967 = CARTESIAN_POINT('',(20.32,10.16,0.));
#14968 = VECTOR('',#14969,1.);
#14969 = DIRECTION('',(0.,-1.,0.));
#14970 = ORIENTED_EDGE('',*,*,#14971,.F.);
#14971 = EDGE_CURVE('',#14972,#14964,#14974,.T.);
#14972 = VERTEX_POINT('',#14973);
#14973 = CARTESIAN_POINT('',(-20.32,10.16,0.));
#14974 = LINE('',#14975,#14976);
#14975 = CARTESIAN_POINT('',(-20.32,10.16,0.));
#14976 = VECTOR('',#14977,1.);
#14977 = DIRECTION('',(1.,0.,0.));
#14978 = ORIENTED_EDGE('',*,*,#14979,.F.);
#14979 = EDGE_CURVE('',#14980,#14972,#14982,.T.);
#14980 = VERTEX_POINT('',#14981);
#14981 = CARTESIAN_POINT('',(-20.32,4.31,0.));
#14982 = LINE('',#14983,#14984);
#14983 = CARTESIAN_POINT('',(-20.32,-10.16,0.));
#14984 = VECTOR('',#14985,1.);
#14985 = DIRECTION('',(0.,1.,0.));
#14986 = ORIENTED_EDGE('',*,*,#14987,.T.);
#14987 = EDGE_CURVE('',#14980,#14988,#14990,.T.);
#14988 = VERTEX_POINT('',#14989);
#14989 = CARTESIAN_POINT('',(-20.32,3.31,0.));
#14990 = CIRCLE('',#14991,0.5);
#14991 = AXIS2_PLACEMENT_3D('',#14992,#14993,#14994);
#14992 = CARTESIAN_POINT('',(-20.32,3.81,0.));
#14993 = DIRECTION('',(-0.,0.,-1.));
#14994 = DIRECTION('',(-0.,-1.,0.));
#14995 = ORIENTED_EDGE('',*,*,#14996,.F.);
#14996 = EDGE_CURVE('',#14997,#14988,#14999,.T.);
#14997 = VERTEX_POINT('',#14998);
#14998 = CARTESIAN_POINT('',(-20.32,1.77,0.));
#14999 = LINE('',#15000,#15001);
#15000 = CARTESIAN_POINT('',(-20.32,-10.16,0.));
#15001 = VECTOR('',#15002,1.);
#15002 = DIRECTION('',(0.,1.,0.));
#15003 = ORIENTED_EDGE('',*,*,#15004,.T.);
#15004 = EDGE_CURVE('',#14997,#15005,#15007,.T.);
#15005 = VERTEX_POINT('',#15006);
#15006 = CARTESIAN_POINT('',(-20.32,0.77,0.));
#15007 = CIRCLE('',#15008,0.5);
#15008 = AXIS2_PLACEMENT_3D('',#15009,#15010,#15011);
#15009 = CARTESIAN_POINT('',(-20.32,1.27,0.));
#15010 = DIRECTION('',(-0.,0.,-1.));
#15011 = DIRECTION('',(-0.,-1.,0.));
#15012 = ORIENTED_EDGE('',*,*,#15013,.F.);
#15013 = EDGE_CURVE('',#15014,#15005,#15016,.T.);
#15014 = VERTEX_POINT('',#15015);
#15015 = CARTESIAN_POINT('',(-20.32,-0.77,0.));
#15016 = LINE('',#15017,#15018);
#15017 = CARTESIAN_POINT('',(-20.32,-10.16,0.));
#15018 = VECTOR('',#15019,1.);
#15019 = DIRECTION('',(0.,1.,0.));
#15020 = ORIENTED_EDGE('',*,*,#15021,.T.);
#15021 = EDGE_CURVE('',#15014,#15022,#15024,.T.);
#15022 = VERTEX_POINT('',#15023);
#15023 = CARTESIAN_POINT('',(-20.32,-1.77,0.));
#15024 = CIRCLE('',#15025,0.5);
#15025 = AXIS2_PLACEMENT_3D('',#15026,#15027,#15028);
#15026 = CARTESIAN_POINT('',(-20.32,-1.27,0.));
#15027 = DIRECTION('',(-0.,0.,-1.));
#15028 = DIRECTION('',(-0.,-1.,0.));
#15029 = ORIENTED_EDGE('',*,*,#15030,.F.);
#15030 = EDGE_CURVE('',#15031,#15022,#15033,.T.);
#15031 = VERTEX_POINT('',#15032);
#15032 = CARTESIAN_POINT('',(-20.32,-3.31,0.));
#15033 = LINE('',#15034,#15035);
#15034 = CARTESIAN_POINT('',(-20.32,-10.16,0.));
#15035 = VECTOR('',#15036,1.);
#15036 = DIRECTION('',(0.,1.,0.));
#15037 = ORIENTED_EDGE('',*,*,#15038,.T.);
#15038 = EDGE_CURVE('',#15031,#14871,#15039,.T.);
#15039 = CIRCLE('',#15040,0.5);
#15040 = AXIS2_PLACEMENT_3D('',#15041,#15042,#15043);
#15041 = CARTESIAN_POINT('',(-20.32,-3.81,0.));
#15042 = DIRECTION('',(-0.,0.,-1.));
#15043 = DIRECTION('',(-0.,-1.,0.));
#15044 = ORIENTED_EDGE('',*,*,#14870,.F.);
#15045 = FACE_BOUND('',#15046,.F.);
#15046 = EDGE_LOOP('',(#15047));
#15047 = ORIENTED_EDGE('',*,*,#15048,.T.);
#15048 = EDGE_CURVE('',#15049,#15049,#15051,.T.);
#15049 = VERTEX_POINT('',#15050);
#15050 = CARTESIAN_POINT('',(-17.78,-4.31,0.));
#15051 = CIRCLE('',#15052,0.5);
#15052 = AXIS2_PLACEMENT_3D('',#15053,#15054,#15055);
#15053 = CARTESIAN_POINT('',(-17.78,-3.81,0.));
#15054 = DIRECTION('',(-0.,0.,-1.));
#15055 = DIRECTION('',(-0.,-1.,0.));
#15056 = FACE_BOUND('',#15057,.F.);
#15057 = EDGE_LOOP('',(#15058));
#15058 = ORIENTED_EDGE('',*,*,#15059,.T.);
#15059 = EDGE_CURVE('',#15060,#15060,#15062,.T.);
#15060 = VERTEX_POINT('',#15061);
#15061 = CARTESIAN_POINT('',(-17.78,-1.77,0.));
#15062 = CIRCLE('',#15063,0.5);
#15063 = AXIS2_PLACEMENT_3D('',#15064,#15065,#15066);
#15064 = CARTESIAN_POINT('',(-17.78,-1.27,0.));
#15065 = DIRECTION('',(-0.,0.,-1.));
#15066 = DIRECTION('',(-0.,-1.,0.));
#15067 = FACE_BOUND('',#15068,.F.);
#15068 = EDGE_LOOP('',(#15069));
#15069 = ORIENTED_EDGE('',*,*,#15070,.T.);
#15070 = EDGE_CURVE('',#15071,#15071,#15073,.T.);
#15071 = VERTEX_POINT('',#15072);
#15072 = CARTESIAN_POINT('',(17.78,-4.31,0.));
#15073 = CIRCLE('',#15074,0.5);
#15074 = AXIS2_PLACEMENT_3D('',#15075,#15076,#15077);
#15075 = CARTESIAN_POINT('',(17.78,-3.81,0.));
#15076 = DIRECTION('',(-0.,0.,-1.));
#15077 = DIRECTION('',(-0.,-1.,0.));
#15078 = FACE_BOUND('',#15079,.F.);
#15079 = EDGE_LOOP('',(#15080));
#15080 = ORIENTED_EDGE('',*,*,#15081,.T.);
#15081 = EDGE_CURVE('',#15082,#15082,#15084,.T.);
#15082 = VERTEX_POINT('',#15083);
#15083 = CARTESIAN_POINT('',(17.78,-1.77,0.));
#15084 = CIRCLE('',#15085,0.5);
#15085 = AXIS2_PLACEMENT_3D('',#15086,#15087,#15088);
#15086 = CARTESIAN_POINT('',(17.78,-1.27,0.));
#15087 = DIRECTION('',(-0.,0.,-1.));
#15088 = DIRECTION('',(-0.,-1.,0.));
#15089 = FACE_BOUND('',#15090,.F.);
#15090 = EDGE_LOOP('',(#15091));
#15091 = ORIENTED_EDGE('',*,*,#15092,.T.);
#15092 = EDGE_CURVE('',#15093,#15093,#15095,.T.);
#15093 = VERTEX_POINT('',#15094);
#15094 = CARTESIAN_POINT('',(-17.78,0.77,0.));
#15095 = CIRCLE('',#15096,0.5);
#15096 = AXIS2_PLACEMENT_3D('',#15097,#15098,#15099);
#15097 = CARTESIAN_POINT('',(-17.78,1.27,0.));
#15098 = DIRECTION('',(-0.,0.,-1.));
#15099 = DIRECTION('',(-0.,-1.,0.));
#15100 = FACE_BOUND('',#15101,.F.);
#15101 = EDGE_LOOP('',(#15102));
#15102 = ORIENTED_EDGE('',*,*,#15103,.T.);
#15103 = EDGE_CURVE('',#15104,#15104,#15106,.T.);
#15104 = VERTEX_POINT('',#15105);
#15105 = CARTESIAN_POINT('',(-17.78,3.31,0.));
#15106 = CIRCLE('',#15107,0.5);
#15107 = AXIS2_PLACEMENT_3D('',#15108,#15109,#15110);
#15108 = CARTESIAN_POINT('',(-17.78,3.81,0.));
#15109 = DIRECTION('',(-0.,0.,-1.));
#15110 = DIRECTION('',(-0.,-1.,0.));
#15111 = FACE_BOUND('',#15112,.F.);
#15112 = EDGE_LOOP('',(#15113));
#15113 = ORIENTED_EDGE('',*,*,#15114,.T.);
#15114 = EDGE_CURVE('',#15115,#15115,#15117,.T.);
#15115 = VERTEX_POINT('',#15116);
#15116 = CARTESIAN_POINT('',(17.78,0.77,0.));
#15117 = CIRCLE('',#15118,0.5);
#15118 = AXIS2_PLACEMENT_3D('',#15119,#15120,#15121);
#15119 = CARTESIAN_POINT('',(17.78,1.27,0.));
#15120 = DIRECTION('',(-0.,0.,-1.));
#15121 = DIRECTION('',(-0.,-1.,0.));
#15122 = FACE_BOUND('',#15123,.F.);
#15123 = EDGE_LOOP('',(#15124));
#15124 = ORIENTED_EDGE('',*,*,#15125,.T.);
#15125 = EDGE_CURVE('',#15126,#15126,#15128,.T.);
#15126 = VERTEX_POINT('',#15127);
#15127 = CARTESIAN_POINT('',(17.78,3.31,0.));
#15128 = CIRCLE('',#15129,0.5);
#15129 = AXIS2_PLACEMENT_3D('',#15130,#15131,#15132);
#15130 = CARTESIAN_POINT('',(17.78,3.81,0.));
#15131 = DIRECTION('',(-0.,0.,-1.));
#15132 = DIRECTION('',(-0.,-1.,0.));
#15133 = PLANE('',#15134);
#15134 = AXIS2_PLACEMENT_3D('',#15135,#15136,#15137);
#15135 = CARTESIAN_POINT('',(0.,0.,0.));
#15136 = DIRECTION('',(0.,0.,1.));
#15137 = DIRECTION('',(1.,0.,-0.));
#15138 = ADVANCED_FACE('',(#15139,#15286,#15297,#15308,#15319,#15330,
    #15341,#15352,#15363),#15374,.T.);
#15139 = FACE_BOUND('',#15140,.T.);
#15140 = EDGE_LOOP('',(#15141,#15142,#15143,#15152,#15160,#15169,#15177,
    #15186,#15194,#15203,#15211,#15219,#15227,#15236,#15244,#15253,
    #15261,#15270,#15278,#15285));
#15141 = ORIENTED_EDGE('',*,*,#14809,.F.);
#15142 = ORIENTED_EDGE('',*,*,#14855,.F.);
#15143 = ORIENTED_EDGE('',*,*,#15144,.T.);
#15144 = EDGE_CURVE('',#14848,#15145,#15147,.T.);
#15145 = VERTEX_POINT('',#15146);
#15146 = CARTESIAN_POINT('',(20.32,-3.31,1.51));
#15147 = CIRCLE('',#15148,0.5);
#15148 = AXIS2_PLACEMENT_3D('',#15149,#15150,#15151);
#15149 = CARTESIAN_POINT('',(20.32,-3.81,1.51));
#15150 = DIRECTION('',(-0.,0.,-1.));
#15151 = DIRECTION('',(-0.,-1.,0.));
#15152 = ORIENTED_EDGE('',*,*,#15153,.F.);
#15153 = EDGE_CURVE('',#15154,#15145,#15156,.T.);
#15154 = VERTEX_POINT('',#15155);
#15155 = CARTESIAN_POINT('',(20.32,-1.77,1.51));
#15156 = LINE('',#15157,#15158);
#15157 = CARTESIAN_POINT('',(20.32,10.16,1.51));
#15158 = VECTOR('',#15159,1.);
#15159 = DIRECTION('',(0.,-1.,0.));
#15160 = ORIENTED_EDGE('',*,*,#15161,.T.);
#15161 = EDGE_CURVE('',#15154,#15162,#15164,.T.);
#15162 = VERTEX_POINT('',#15163);
#15163 = CARTESIAN_POINT('',(20.32,-0.77,1.51));
#15164 = CIRCLE('',#15165,0.5);
#15165 = AXIS2_PLACEMENT_3D('',#15166,#15167,#15168);
#15166 = CARTESIAN_POINT('',(20.32,-1.27,1.51));
#15167 = DIRECTION('',(-0.,0.,-1.));
#15168 = DIRECTION('',(-0.,-1.,0.));
#15169 = ORIENTED_EDGE('',*,*,#15170,.F.);
#15170 = EDGE_CURVE('',#15171,#15162,#15173,.T.);
#15171 = VERTEX_POINT('',#15172);
#15172 = CARTESIAN_POINT('',(20.32,0.77,1.51));
#15173 = LINE('',#15174,#15175);
#15174 = CARTESIAN_POINT('',(20.32,10.16,1.51));
#15175 = VECTOR('',#15176,1.);
#15176 = DIRECTION('',(0.,-1.,0.));
#15177 = ORIENTED_EDGE('',*,*,#15178,.T.);
#15178 = EDGE_CURVE('',#15171,#15179,#15181,.T.);
#15179 = VERTEX_POINT('',#15180);
#15180 = CARTESIAN_POINT('',(20.32,1.77,1.51));
#15181 = CIRCLE('',#15182,0.5);
#15182 = AXIS2_PLACEMENT_3D('',#15183,#15184,#15185);
#15183 = CARTESIAN_POINT('',(20.32,1.27,1.51));
#15184 = DIRECTION('',(-0.,0.,-1.));
#15185 = DIRECTION('',(-0.,-1.,0.));
#15186 = ORIENTED_EDGE('',*,*,#15187,.F.);
#15187 = EDGE_CURVE('',#15188,#15179,#15190,.T.);
#15188 = VERTEX_POINT('',#15189);
#15189 = CARTESIAN_POINT('',(20.32,3.31,1.51));
#15190 = LINE('',#15191,#15192);
#15191 = CARTESIAN_POINT('',(20.32,10.16,1.51));
#15192 = VECTOR('',#15193,1.);
#15193 = DIRECTION('',(0.,-1.,0.));
#15194 = ORIENTED_EDGE('',*,*,#15195,.T.);
#15195 = EDGE_CURVE('',#15188,#15196,#15198,.T.);
#15196 = VERTEX_POINT('',#15197);
#15197 = CARTESIAN_POINT('',(20.32,4.31,1.51));
#15198 = CIRCLE('',#15199,0.5);
#15199 = AXIS2_PLACEMENT_3D('',#15200,#15201,#15202);
#15200 = CARTESIAN_POINT('',(20.32,3.81,1.51));
#15201 = DIRECTION('',(-0.,0.,-1.));
#15202 = DIRECTION('',(-0.,-1.,0.));
#15203 = ORIENTED_EDGE('',*,*,#15204,.F.);
#15204 = EDGE_CURVE('',#15205,#15196,#15207,.T.);
#15205 = VERTEX_POINT('',#15206);
#15206 = CARTESIAN_POINT('',(20.32,10.16,1.51));
#15207 = LINE('',#15208,#15209);
#15208 = CARTESIAN_POINT('',(20.32,10.16,1.51));
#15209 = VECTOR('',#15210,1.);
#15210 = DIRECTION('',(0.,-1.,0.));
#15211 = ORIENTED_EDGE('',*,*,#15212,.F.);
#15212 = EDGE_CURVE('',#15213,#15205,#15215,.T.);
#15213 = VERTEX_POINT('',#15214);
#15214 = CARTESIAN_POINT('',(-20.32,10.16,1.51));
#15215 = LINE('',#15216,#15217);
#15216 = CARTESIAN_POINT('',(-20.32,10.16,1.51));
#15217 = VECTOR('',#15218,1.);
#15218 = DIRECTION('',(1.,0.,0.));
#15219 = ORIENTED_EDGE('',*,*,#15220,.F.);
#15220 = EDGE_CURVE('',#15221,#15213,#15223,.T.);
#15221 = VERTEX_POINT('',#15222);
#15222 = CARTESIAN_POINT('',(-20.32,4.31,1.51));
#15223 = LINE('',#15224,#15225);
#15224 = CARTESIAN_POINT('',(-20.32,-10.16,1.51));
#15225 = VECTOR('',#15226,1.);
#15226 = DIRECTION('',(0.,1.,0.));
#15227 = ORIENTED_EDGE('',*,*,#15228,.T.);
#15228 = EDGE_CURVE('',#15221,#15229,#15231,.T.);
#15229 = VERTEX_POINT('',#15230);
#15230 = CARTESIAN_POINT('',(-20.32,3.31,1.51));
#15231 = CIRCLE('',#15232,0.5);
#15232 = AXIS2_PLACEMENT_3D('',#15233,#15234,#15235);
#15233 = CARTESIAN_POINT('',(-20.32,3.81,1.51));
#15234 = DIRECTION('',(-0.,0.,-1.));
#15235 = DIRECTION('',(-0.,-1.,0.));
#15236 = ORIENTED_EDGE('',*,*,#15237,.F.);
#15237 = EDGE_CURVE('',#15238,#15229,#15240,.T.);
#15238 = VERTEX_POINT('',#15239);
#15239 = CARTESIAN_POINT('',(-20.32,1.77,1.51));
#15240 = LINE('',#15241,#15242);
#15241 = CARTESIAN_POINT('',(-20.32,-10.16,1.51));
#15242 = VECTOR('',#15243,1.);
#15243 = DIRECTION('',(0.,1.,0.));
#15244 = ORIENTED_EDGE('',*,*,#15245,.T.);
#15245 = EDGE_CURVE('',#15238,#15246,#15248,.T.);
#15246 = VERTEX_POINT('',#15247);
#15247 = CARTESIAN_POINT('',(-20.32,0.77,1.51));
#15248 = CIRCLE('',#15249,0.5);
#15249 = AXIS2_PLACEMENT_3D('',#15250,#15251,#15252);
#15250 = CARTESIAN_POINT('',(-20.32,1.27,1.51));
#15251 = DIRECTION('',(-0.,0.,-1.));
#15252 = DIRECTION('',(-0.,-1.,0.));
#15253 = ORIENTED_EDGE('',*,*,#15254,.F.);
#15254 = EDGE_CURVE('',#15255,#15246,#15257,.T.);
#15255 = VERTEX_POINT('',#15256);
#15256 = CARTESIAN_POINT('',(-20.32,-0.77,1.51));
#15257 = LINE('',#15258,#15259);
#15258 = CARTESIAN_POINT('',(-20.32,-10.16,1.51));
#15259 = VECTOR('',#15260,1.);
#15260 = DIRECTION('',(0.,1.,0.));
#15261 = ORIENTED_EDGE('',*,*,#15262,.T.);
#15262 = EDGE_CURVE('',#15255,#15263,#15265,.T.);
#15263 = VERTEX_POINT('',#15264);
#15264 = CARTESIAN_POINT('',(-20.32,-1.77,1.51));
#15265 = CIRCLE('',#15266,0.5);
#15266 = AXIS2_PLACEMENT_3D('',#15267,#15268,#15269);
#15267 = CARTESIAN_POINT('',(-20.32,-1.27,1.51));
#15268 = DIRECTION('',(-0.,0.,-1.));
#15269 = DIRECTION('',(-0.,-1.,0.));
#15270 = ORIENTED_EDGE('',*,*,#15271,.F.);
#15271 = EDGE_CURVE('',#15272,#15263,#15274,.T.);
#15272 = VERTEX_POINT('',#15273);
#15273 = CARTESIAN_POINT('',(-20.32,-3.31,1.51));
#15274 = LINE('',#15275,#15276);
#15275 = CARTESIAN_POINT('',(-20.32,-10.16,1.51));
#15276 = VECTOR('',#15277,1.);
#15277 = DIRECTION('',(0.,1.,0.));
#15278 = ORIENTED_EDGE('',*,*,#15279,.T.);
#15279 = EDGE_CURVE('',#15272,#14880,#15280,.T.);
#15280 = CIRCLE('',#15281,0.5);
#15281 = AXIS2_PLACEMENT_3D('',#15282,#15283,#15284);
#15282 = CARTESIAN_POINT('',(-20.32,-3.81,1.51));
#15283 = DIRECTION('',(-0.,0.,-1.));
#15284 = DIRECTION('',(-0.,-1.,0.));
#15285 = ORIENTED_EDGE('',*,*,#14879,.F.);
#15286 = FACE_BOUND('',#15287,.T.);
#15287 = EDGE_LOOP('',(#15288));
#15288 = ORIENTED_EDGE('',*,*,#15289,.T.);
#15289 = EDGE_CURVE('',#15290,#15290,#15292,.T.);
#15290 = VERTEX_POINT('',#15291);
#15291 = CARTESIAN_POINT('',(-17.78,-4.31,1.51));
#15292 = CIRCLE('',#15293,0.5);
#15293 = AXIS2_PLACEMENT_3D('',#15294,#15295,#15296);
#15294 = CARTESIAN_POINT('',(-17.78,-3.81,1.51));
#15295 = DIRECTION('',(-0.,0.,-1.));
#15296 = DIRECTION('',(-0.,-1.,0.));
#15297 = FACE_BOUND('',#15298,.T.);
#15298 = EDGE_LOOP('',(#15299));
#15299 = ORIENTED_EDGE('',*,*,#15300,.T.);
#15300 = EDGE_CURVE('',#15301,#15301,#15303,.T.);
#15301 = VERTEX_POINT('',#15302);
#15302 = CARTESIAN_POINT('',(-17.78,-1.77,1.51));
#15303 = CIRCLE('',#15304,0.5);
#15304 = AXIS2_PLACEMENT_3D('',#15305,#15306,#15307);
#15305 = CARTESIAN_POINT('',(-17.78,-1.27,1.51));
#15306 = DIRECTION('',(-0.,0.,-1.));
#15307 = DIRECTION('',(-0.,-1.,0.));
#15308 = FACE_BOUND('',#15309,.T.);
#15309 = EDGE_LOOP('',(#15310));
#15310 = ORIENTED_EDGE('',*,*,#15311,.T.);
#15311 = EDGE_CURVE('',#15312,#15312,#15314,.T.);
#15312 = VERTEX_POINT('',#15313);
#15313 = CARTESIAN_POINT('',(17.78,-4.31,1.51));
#15314 = CIRCLE('',#15315,0.5);
#15315 = AXIS2_PLACEMENT_3D('',#15316,#15317,#15318);
#15316 = CARTESIAN_POINT('',(17.78,-3.81,1.51));
#15317 = DIRECTION('',(-0.,0.,-1.));
#15318 = DIRECTION('',(-0.,-1.,0.));
#15319 = FACE_BOUND('',#15320,.T.);
#15320 = EDGE_LOOP('',(#15321));
#15321 = ORIENTED_EDGE('',*,*,#15322,.T.);
#15322 = EDGE_CURVE('',#15323,#15323,#15325,.T.);
#15323 = VERTEX_POINT('',#15324);
#15324 = CARTESIAN_POINT('',(17.78,-1.77,1.51));
#15325 = CIRCLE('',#15326,0.5);
#15326 = AXIS2_PLACEMENT_3D('',#15327,#15328,#15329);
#15327 = CARTESIAN_POINT('',(17.78,-1.27,1.51));
#15328 = DIRECTION('',(-0.,0.,-1.));
#15329 = DIRECTION('',(-0.,-1.,0.));
#15330 = FACE_BOUND('',#15331,.T.);
#15331 = EDGE_LOOP('',(#15332));
#15332 = ORIENTED_EDGE('',*,*,#15333,.T.);
#15333 = EDGE_CURVE('',#15334,#15334,#15336,.T.);
#15334 = VERTEX_POINT('',#15335);
#15335 = CARTESIAN_POINT('',(-17.78,0.77,1.51));
#15336 = CIRCLE('',#15337,0.5);
#15337 = AXIS2_PLACEMENT_3D('',#15338,#15339,#15340);
#15338 = CARTESIAN_POINT('',(-17.78,1.27,1.51));
#15339 = DIRECTION('',(-0.,0.,-1.));
#15340 = DIRECTION('',(-0.,-1.,0.));
#15341 = FACE_BOUND('',#15342,.T.);
#15342 = EDGE_LOOP('',(#15343));
#15343 = ORIENTED_EDGE('',*,*,#15344,.T.);
#15344 = EDGE_CURVE('',#15345,#15345,#15347,.T.);
#15345 = VERTEX_POINT('',#15346);
#15346 = CARTESIAN_POINT('',(-17.78,3.31,1.51));
#15347 = CIRCLE('',#15348,0.5);
#15348 = AXIS2_PLACEMENT_3D('',#15349,#15350,#15351);
#15349 = CARTESIAN_POINT('',(-17.78,3.81,1.51));
#15350 = DIRECTION('',(-0.,0.,-1.));
#15351 = DIRECTION('',(-0.,-1.,0.));
#15352 = FACE_BOUND('',#15353,.T.);
#15353 = EDGE_LOOP('',(#15354));
#15354 = ORIENTED_EDGE('',*,*,#15355,.T.);
#15355 = EDGE_CURVE('',#15356,#15356,#15358,.T.);
#15356 = VERTEX_POINT('',#15357);
#15357 = CARTESIAN_POINT('',(17.78,0.77,1.51));
#15358 = CIRCLE('',#15359,0.5);
#15359 = AXIS2_PLACEMENT_3D('',#15360,#15361,#15362);
#15360 = CARTESIAN_POINT('',(17.78,1.27,1.51));
#15361 = DIRECTION('',(-0.,0.,-1.));
#15362 = DIRECTION('',(-0.,-1.,0.));
#15363 = FACE_BOUND('',#15364,.T.);
#15364 = EDGE_LOOP('',(#15365));
#15365 = ORIENTED_EDGE('',*,*,#15366,.T.);
#15366 = EDGE_CURVE('',#15367,#15367,#15369,.T.);
#15367 = VERTEX_POINT('',#15368);
#15368 = CARTESIAN_POINT('',(17.78,3.31,1.51));
#15369 = CIRCLE('',#15370,0.5);
#15370 = AXIS2_PLACEMENT_3D('',#15371,#15372,#15373);
#15371 = CARTESIAN_POINT('',(17.78,3.81,1.51));
#15372 = DIRECTION('',(-0.,0.,-1.));
#15373 = DIRECTION('',(-0.,-1.,0.));
#15374 = PLANE('',#15375);
#15375 = AXIS2_PLACEMENT_3D('',#15376,#15377,#15378);
#15376 = CARTESIAN_POINT('',(0.,0.,1.51));
#15377 = DIRECTION('',(0.,0.,1.));
#15378 = DIRECTION('',(1.,0.,-0.));
#15379 = ADVANCED_FACE('',(#15380),#15391,.F.);
#15380 = FACE_BOUND('',#15381,.T.);
#15381 = EDGE_LOOP('',(#15382,#15383,#15384,#15390));
#15382 = ORIENTED_EDGE('',*,*,#14847,.F.);
#15383 = ORIENTED_EDGE('',*,*,#14903,.T.);
#15384 = ORIENTED_EDGE('',*,*,#15385,.F.);
#15385 = EDGE_CURVE('',#15145,#14904,#15386,.T.);
#15386 = LINE('',#15387,#15388);
#15387 = CARTESIAN_POINT('',(20.32,-3.31,-4.6E-02));
#15388 = VECTOR('',#15389,1.);
#15389 = DIRECTION('',(-0.,-0.,-1.));
#15390 = ORIENTED_EDGE('',*,*,#15144,.F.);
#15391 = CYLINDRICAL_SURFACE('',#15392,0.5);
#15392 = AXIS2_PLACEMENT_3D('',#15393,#15394,#15395);
#15393 = CARTESIAN_POINT('',(20.32,-3.81,-4.6E-02));
#15394 = DIRECTION('',(-0.,-0.,-1.));
#15395 = DIRECTION('',(-0.,-1.,0.));
#15396 = ADVANCED_FACE('',(#15397),#15408,.F.);
#15397 = FACE_BOUND('',#15398,.T.);
#15398 = EDGE_LOOP('',(#15399,#15400,#15401,#15402));
#15399 = ORIENTED_EDGE('',*,*,#15038,.T.);
#15400 = ORIENTED_EDGE('',*,*,#14887,.T.);
#15401 = ORIENTED_EDGE('',*,*,#15279,.F.);
#15402 = ORIENTED_EDGE('',*,*,#15403,.T.);
#15403 = EDGE_CURVE('',#15272,#15031,#15404,.T.);
#15404 = LINE('',#15405,#15406);
#15405 = CARTESIAN_POINT('',(-20.32,-3.31,-4.6E-02));
#15406 = VECTOR('',#15407,1.);
#15407 = DIRECTION('',(-0.,-0.,-1.));
#15408 = CYLINDRICAL_SURFACE('',#15409,0.5);
#15409 = AXIS2_PLACEMENT_3D('',#15410,#15411,#15412);
#15410 = CARTESIAN_POINT('',(-20.32,-3.81,-4.6E-02));
#15411 = DIRECTION('',(-0.,-0.,-1.));
#15412 = DIRECTION('',(-0.,-1.,0.));
#15413 = ADVANCED_FACE('',(#15414),#15425,.T.);
#15414 = FACE_BOUND('',#15415,.T.);
#15415 = EDGE_LOOP('',(#15416,#15417,#15418,#15419));
#15416 = ORIENTED_EDGE('',*,*,#15030,.F.);
#15417 = ORIENTED_EDGE('',*,*,#15403,.F.);
#15418 = ORIENTED_EDGE('',*,*,#15271,.T.);
#15419 = ORIENTED_EDGE('',*,*,#15420,.F.);
#15420 = EDGE_CURVE('',#15022,#15263,#15421,.T.);
#15421 = LINE('',#15422,#15423);
#15422 = CARTESIAN_POINT('',(-20.32,-1.77,-4.6E-02));
#15423 = VECTOR('',#15424,1.);
#15424 = DIRECTION('',(0.,0.,1.));
#15425 = PLANE('',#15426);
#15426 = AXIS2_PLACEMENT_3D('',#15427,#15428,#15429);
#15427 = CARTESIAN_POINT('',(-20.32,-10.16,0.));
#15428 = DIRECTION('',(-1.,0.,0.));
#15429 = DIRECTION('',(0.,1.,0.));
#15430 = ADVANCED_FACE('',(#15431),#15442,.F.);
#15431 = FACE_BOUND('',#15432,.T.);
#15432 = EDGE_LOOP('',(#15433,#15434,#15435,#15436));
#15433 = ORIENTED_EDGE('',*,*,#15021,.T.);
#15434 = ORIENTED_EDGE('',*,*,#15420,.T.);
#15435 = ORIENTED_EDGE('',*,*,#15262,.F.);
#15436 = ORIENTED_EDGE('',*,*,#15437,.T.);
#15437 = EDGE_CURVE('',#15255,#15014,#15438,.T.);
#15438 = LINE('',#15439,#15440);
#15439 = CARTESIAN_POINT('',(-20.32,-0.77,-4.6E-02));
#15440 = VECTOR('',#15441,1.);
#15441 = DIRECTION('',(-0.,-0.,-1.));
#15442 = CYLINDRICAL_SURFACE('',#15443,0.5);
#15443 = AXIS2_PLACEMENT_3D('',#15444,#15445,#15446);
#15444 = CARTESIAN_POINT('',(-20.32,-1.27,-4.6E-02));
#15445 = DIRECTION('',(-0.,-0.,-1.));
#15446 = DIRECTION('',(-0.,-1.,0.));
#15447 = ADVANCED_FACE('',(#15448),#15459,.T.);
#15448 = FACE_BOUND('',#15449,.T.);
#15449 = EDGE_LOOP('',(#15450,#15451,#15452,#15453));
#15450 = ORIENTED_EDGE('',*,*,#15013,.F.);
#15451 = ORIENTED_EDGE('',*,*,#15437,.F.);
#15452 = ORIENTED_EDGE('',*,*,#15254,.T.);
#15453 = ORIENTED_EDGE('',*,*,#15454,.F.);
#15454 = EDGE_CURVE('',#15005,#15246,#15455,.T.);
#15455 = LINE('',#15456,#15457);
#15456 = CARTESIAN_POINT('',(-20.32,0.77,-4.6E-02));
#15457 = VECTOR('',#15458,1.);
#15458 = DIRECTION('',(0.,0.,1.));
#15459 = PLANE('',#15460);
#15460 = AXIS2_PLACEMENT_3D('',#15461,#15462,#15463);
#15461 = CARTESIAN_POINT('',(-20.32,-10.16,0.));
#15462 = DIRECTION('',(-1.,0.,0.));
#15463 = DIRECTION('',(0.,1.,0.));
#15464 = ADVANCED_FACE('',(#15465),#15476,.F.);
#15465 = FACE_BOUND('',#15466,.T.);
#15466 = EDGE_LOOP('',(#15467,#15468,#15469,#15470));
#15467 = ORIENTED_EDGE('',*,*,#15004,.T.);
#15468 = ORIENTED_EDGE('',*,*,#15454,.T.);
#15469 = ORIENTED_EDGE('',*,*,#15245,.F.);
#15470 = ORIENTED_EDGE('',*,*,#15471,.T.);
#15471 = EDGE_CURVE('',#15238,#14997,#15472,.T.);
#15472 = LINE('',#15473,#15474);
#15473 = CARTESIAN_POINT('',(-20.32,1.77,-4.6E-02));
#15474 = VECTOR('',#15475,1.);
#15475 = DIRECTION('',(-0.,-0.,-1.));
#15476 = CYLINDRICAL_SURFACE('',#15477,0.5);
#15477 = AXIS2_PLACEMENT_3D('',#15478,#15479,#15480);
#15478 = CARTESIAN_POINT('',(-20.32,1.27,-4.6E-02));
#15479 = DIRECTION('',(-0.,-0.,-1.));
#15480 = DIRECTION('',(-0.,-1.,0.));
#15481 = ADVANCED_FACE('',(#15482),#15493,.T.);
#15482 = FACE_BOUND('',#15483,.T.);
#15483 = EDGE_LOOP('',(#15484,#15485,#15486,#15487));
#15484 = ORIENTED_EDGE('',*,*,#14996,.F.);
#15485 = ORIENTED_EDGE('',*,*,#15471,.F.);
#15486 = ORIENTED_EDGE('',*,*,#15237,.T.);
#15487 = ORIENTED_EDGE('',*,*,#15488,.F.);
#15488 = EDGE_CURVE('',#14988,#15229,#15489,.T.);
#15489 = LINE('',#15490,#15491);
#15490 = CARTESIAN_POINT('',(-20.32,3.31,-4.6E-02));
#15491 = VECTOR('',#15492,1.);
#15492 = DIRECTION('',(0.,0.,1.));
#15493 = PLANE('',#15494);
#15494 = AXIS2_PLACEMENT_3D('',#15495,#15496,#15497);
#15495 = CARTESIAN_POINT('',(-20.32,-10.16,0.));
#15496 = DIRECTION('',(-1.,0.,0.));
#15497 = DIRECTION('',(0.,1.,0.));
#15498 = ADVANCED_FACE('',(#15499),#15510,.F.);
#15499 = FACE_BOUND('',#15500,.T.);
#15500 = EDGE_LOOP('',(#15501,#15502,#15503,#15504));
#15501 = ORIENTED_EDGE('',*,*,#14987,.T.);
#15502 = ORIENTED_EDGE('',*,*,#15488,.T.);
#15503 = ORIENTED_EDGE('',*,*,#15228,.F.);
#15504 = ORIENTED_EDGE('',*,*,#15505,.T.);
#15505 = EDGE_CURVE('',#15221,#14980,#15506,.T.);
#15506 = LINE('',#15507,#15508);
#15507 = CARTESIAN_POINT('',(-20.32,4.31,-4.6E-02));
#15508 = VECTOR('',#15509,1.);
#15509 = DIRECTION('',(-0.,-0.,-1.));
#15510 = CYLINDRICAL_SURFACE('',#15511,0.5);
#15511 = AXIS2_PLACEMENT_3D('',#15512,#15513,#15514);
#15512 = CARTESIAN_POINT('',(-20.32,3.81,-4.6E-02));
#15513 = DIRECTION('',(-0.,-0.,-1.));
#15514 = DIRECTION('',(-0.,-1.,0.));
#15515 = ADVANCED_FACE('',(#15516),#15527,.T.);
#15516 = FACE_BOUND('',#15517,.T.);
#15517 = EDGE_LOOP('',(#15518,#15519,#15520,#15521));
#15518 = ORIENTED_EDGE('',*,*,#14979,.F.);
#15519 = ORIENTED_EDGE('',*,*,#15505,.F.);
#15520 = ORIENTED_EDGE('',*,*,#15220,.T.);
#15521 = ORIENTED_EDGE('',*,*,#15522,.F.);
#15522 = EDGE_CURVE('',#14972,#15213,#15523,.T.);
#15523 = LINE('',#15524,#15525);
#15524 = CARTESIAN_POINT('',(-20.32,10.16,0.));
#15525 = VECTOR('',#15526,1.);
#15526 = DIRECTION('',(0.,0.,1.));
#15527 = PLANE('',#15528);
#15528 = AXIS2_PLACEMENT_3D('',#15529,#15530,#15531);
#15529 = CARTESIAN_POINT('',(-20.32,-10.16,0.));
#15530 = DIRECTION('',(-1.,0.,0.));
#15531 = DIRECTION('',(0.,1.,0.));
#15532 = ADVANCED_FACE('',(#15533),#15544,.T.);
#15533 = FACE_BOUND('',#15534,.T.);
#15534 = EDGE_LOOP('',(#15535,#15536,#15537,#15543));
#15535 = ORIENTED_EDGE('',*,*,#15522,.T.);
#15536 = ORIENTED_EDGE('',*,*,#15212,.T.);
#15537 = ORIENTED_EDGE('',*,*,#15538,.F.);
#15538 = EDGE_CURVE('',#14964,#15205,#15539,.T.);
#15539 = LINE('',#15540,#15541);
#15540 = CARTESIAN_POINT('',(20.32,10.16,0.));
#15541 = VECTOR('',#15542,1.);
#15542 = DIRECTION('',(0.,0.,1.));
#15543 = ORIENTED_EDGE('',*,*,#14971,.F.);
#15544 = PLANE('',#15545);
#15545 = AXIS2_PLACEMENT_3D('',#15546,#15547,#15548);
#15546 = CARTESIAN_POINT('',(-20.32,10.16,0.));
#15547 = DIRECTION('',(0.,1.,0.));
#15548 = DIRECTION('',(1.,0.,0.));
#15549 = ADVANCED_FACE('',(#15550),#15561,.T.);
#15550 = FACE_BOUND('',#15551,.T.);
#15551 = EDGE_LOOP('',(#15552,#15553,#15554,#15555));
#15552 = ORIENTED_EDGE('',*,*,#14963,.F.);
#15553 = ORIENTED_EDGE('',*,*,#15538,.T.);
#15554 = ORIENTED_EDGE('',*,*,#15204,.T.);
#15555 = ORIENTED_EDGE('',*,*,#15556,.T.);
#15556 = EDGE_CURVE('',#15196,#14955,#15557,.T.);
#15557 = LINE('',#15558,#15559);
#15558 = CARTESIAN_POINT('',(20.32,4.31,-4.6E-02));
#15559 = VECTOR('',#15560,1.);
#15560 = DIRECTION('',(-0.,-0.,-1.));
#15561 = PLANE('',#15562);
#15562 = AXIS2_PLACEMENT_3D('',#15563,#15564,#15565);
#15563 = CARTESIAN_POINT('',(20.32,10.16,0.));
#15564 = DIRECTION('',(1.,0.,-0.));
#15565 = DIRECTION('',(0.,-1.,0.));
#15566 = ADVANCED_FACE('',(#15567),#15578,.F.);
#15567 = FACE_BOUND('',#15568,.T.);
#15568 = EDGE_LOOP('',(#15569,#15575,#15576,#15577));
#15569 = ORIENTED_EDGE('',*,*,#15570,.F.);
#15570 = EDGE_CURVE('',#14947,#15188,#15571,.T.);
#15571 = LINE('',#15572,#15573);
#15572 = CARTESIAN_POINT('',(20.32,3.31,-4.6E-02));
#15573 = VECTOR('',#15574,1.);
#15574 = DIRECTION('',(0.,0.,1.));
#15575 = ORIENTED_EDGE('',*,*,#14954,.T.);
#15576 = ORIENTED_EDGE('',*,*,#15556,.F.);
#15577 = ORIENTED_EDGE('',*,*,#15195,.F.);
#15578 = CYLINDRICAL_SURFACE('',#15579,0.5);
#15579 = AXIS2_PLACEMENT_3D('',#15580,#15581,#15582);
#15580 = CARTESIAN_POINT('',(20.32,3.81,-4.6E-02));
#15581 = DIRECTION('',(-0.,-0.,-1.));
#15582 = DIRECTION('',(-0.,-1.,0.));
#15583 = ADVANCED_FACE('',(#15584),#15595,.T.);
#15584 = FACE_BOUND('',#15585,.T.);
#15585 = EDGE_LOOP('',(#15586,#15587,#15588,#15589));
#15586 = ORIENTED_EDGE('',*,*,#14946,.F.);
#15587 = ORIENTED_EDGE('',*,*,#15570,.T.);
#15588 = ORIENTED_EDGE('',*,*,#15187,.T.);
#15589 = ORIENTED_EDGE('',*,*,#15590,.T.);
#15590 = EDGE_CURVE('',#15179,#14938,#15591,.T.);
#15591 = LINE('',#15592,#15593);
#15592 = CARTESIAN_POINT('',(20.32,1.77,-4.6E-02));
#15593 = VECTOR('',#15594,1.);
#15594 = DIRECTION('',(-0.,-0.,-1.));
#15595 = PLANE('',#15596);
#15596 = AXIS2_PLACEMENT_3D('',#15597,#15598,#15599);
#15597 = CARTESIAN_POINT('',(20.32,10.16,0.));
#15598 = DIRECTION('',(1.,0.,-0.));
#15599 = DIRECTION('',(0.,-1.,0.));
#15600 = ADVANCED_FACE('',(#15601),#15612,.F.);
#15601 = FACE_BOUND('',#15602,.T.);
#15602 = EDGE_LOOP('',(#15603,#15609,#15610,#15611));
#15603 = ORIENTED_EDGE('',*,*,#15604,.F.);
#15604 = EDGE_CURVE('',#14930,#15171,#15605,.T.);
#15605 = LINE('',#15606,#15607);
#15606 = CARTESIAN_POINT('',(20.32,0.77,-4.6E-02));
#15607 = VECTOR('',#15608,1.);
#15608 = DIRECTION('',(0.,0.,1.));
#15609 = ORIENTED_EDGE('',*,*,#14937,.T.);
#15610 = ORIENTED_EDGE('',*,*,#15590,.F.);
#15611 = ORIENTED_EDGE('',*,*,#15178,.F.);
#15612 = CYLINDRICAL_SURFACE('',#15613,0.5);
#15613 = AXIS2_PLACEMENT_3D('',#15614,#15615,#15616);
#15614 = CARTESIAN_POINT('',(20.32,1.27,-4.6E-02));
#15615 = DIRECTION('',(-0.,-0.,-1.));
#15616 = DIRECTION('',(-0.,-1.,0.));
#15617 = ADVANCED_FACE('',(#15618),#15629,.T.);
#15618 = FACE_BOUND('',#15619,.T.);
#15619 = EDGE_LOOP('',(#15620,#15621,#15622,#15623));
#15620 = ORIENTED_EDGE('',*,*,#14929,.F.);
#15621 = ORIENTED_EDGE('',*,*,#15604,.T.);
#15622 = ORIENTED_EDGE('',*,*,#15170,.T.);
#15623 = ORIENTED_EDGE('',*,*,#15624,.T.);
#15624 = EDGE_CURVE('',#15162,#14921,#15625,.T.);
#15625 = LINE('',#15626,#15627);
#15626 = CARTESIAN_POINT('',(20.32,-0.77,-4.6E-02));
#15627 = VECTOR('',#15628,1.);
#15628 = DIRECTION('',(-0.,-0.,-1.));
#15629 = PLANE('',#15630);
#15630 = AXIS2_PLACEMENT_3D('',#15631,#15632,#15633);
#15631 = CARTESIAN_POINT('',(20.32,10.16,0.));
#15632 = DIRECTION('',(1.,0.,-0.));
#15633 = DIRECTION('',(0.,-1.,0.));
#15634 = ADVANCED_FACE('',(#15635),#15646,.F.);
#15635 = FACE_BOUND('',#15636,.T.);
#15636 = EDGE_LOOP('',(#15637,#15643,#15644,#15645));
#15637 = ORIENTED_EDGE('',*,*,#15638,.F.);
#15638 = EDGE_CURVE('',#14913,#15154,#15639,.T.);
#15639 = LINE('',#15640,#15641);
#15640 = CARTESIAN_POINT('',(20.32,-1.77,-4.6E-02));
#15641 = VECTOR('',#15642,1.);
#15642 = DIRECTION('',(0.,0.,1.));
#15643 = ORIENTED_EDGE('',*,*,#14920,.T.);
#15644 = ORIENTED_EDGE('',*,*,#15624,.F.);
#15645 = ORIENTED_EDGE('',*,*,#15161,.F.);
#15646 = CYLINDRICAL_SURFACE('',#15647,0.5);
#15647 = AXIS2_PLACEMENT_3D('',#15648,#15649,#15650);
#15648 = CARTESIAN_POINT('',(20.32,-1.27,-4.6E-02));
#15649 = DIRECTION('',(-0.,-0.,-1.));
#15650 = DIRECTION('',(-0.,-1.,0.));
#15651 = ADVANCED_FACE('',(#15652),#15658,.T.);
#15652 = FACE_BOUND('',#15653,.T.);
#15653 = EDGE_LOOP('',(#15654,#15655,#15656,#15657));
#15654 = ORIENTED_EDGE('',*,*,#14912,.F.);
#15655 = ORIENTED_EDGE('',*,*,#15638,.T.);
#15656 = ORIENTED_EDGE('',*,*,#15153,.T.);
#15657 = ORIENTED_EDGE('',*,*,#15385,.T.);
#15658 = PLANE('',#15659);
#15659 = AXIS2_PLACEMENT_3D('',#15660,#15661,#15662);
#15660 = CARTESIAN_POINT('',(20.32,10.16,0.));
#15661 = DIRECTION('',(1.,0.,-0.));
#15662 = DIRECTION('',(0.,-1.,0.));
#15663 = ADVANCED_FACE('',(#15664),#15675,.F.);
#15664 = FACE_BOUND('',#15665,.T.);
#15665 = EDGE_LOOP('',(#15666,#15667,#15673,#15674));
#15666 = ORIENTED_EDGE('',*,*,#15048,.T.);
#15667 = ORIENTED_EDGE('',*,*,#15668,.T.);
#15668 = EDGE_CURVE('',#15049,#15290,#15669,.T.);
#15669 = LINE('',#15670,#15671);
#15670 = CARTESIAN_POINT('',(-17.78,-4.31,-4.6E-02));
#15671 = VECTOR('',#15672,1.);
#15672 = DIRECTION('',(0.,0.,1.));
#15673 = ORIENTED_EDGE('',*,*,#15289,.F.);
#15674 = ORIENTED_EDGE('',*,*,#15668,.F.);
#15675 = CYLINDRICAL_SURFACE('',#15676,0.5);
#15676 = AXIS2_PLACEMENT_3D('',#15677,#15678,#15679);
#15677 = CARTESIAN_POINT('',(-17.78,-3.81,-4.6E-02));
#15678 = DIRECTION('',(-0.,-0.,-1.));
#15679 = DIRECTION('',(-0.,-1.,0.));
#15680 = ADVANCED_FACE('',(#15681),#15692,.F.);
#15681 = FACE_BOUND('',#15682,.T.);
#15682 = EDGE_LOOP('',(#15683,#15684,#15690,#15691));
#15683 = ORIENTED_EDGE('',*,*,#15059,.T.);
#15684 = ORIENTED_EDGE('',*,*,#15685,.T.);
#15685 = EDGE_CURVE('',#15060,#15301,#15686,.T.);
#15686 = LINE('',#15687,#15688);
#15687 = CARTESIAN_POINT('',(-17.78,-1.77,-4.6E-02));
#15688 = VECTOR('',#15689,1.);
#15689 = DIRECTION('',(0.,0.,1.));
#15690 = ORIENTED_EDGE('',*,*,#15300,.F.);
#15691 = ORIENTED_EDGE('',*,*,#15685,.F.);
#15692 = CYLINDRICAL_SURFACE('',#15693,0.5);
#15693 = AXIS2_PLACEMENT_3D('',#15694,#15695,#15696);
#15694 = CARTESIAN_POINT('',(-17.78,-1.27,-4.6E-02));
#15695 = DIRECTION('',(-0.,-0.,-1.));
#15696 = DIRECTION('',(-0.,-1.,0.));
#15697 = ADVANCED_FACE('',(#15698),#15709,.F.);
#15698 = FACE_BOUND('',#15699,.T.);
#15699 = EDGE_LOOP('',(#15700,#15701,#15707,#15708));
#15700 = ORIENTED_EDGE('',*,*,#15070,.T.);
#15701 = ORIENTED_EDGE('',*,*,#15702,.T.);
#15702 = EDGE_CURVE('',#15071,#15312,#15703,.T.);
#15703 = LINE('',#15704,#15705);
#15704 = CARTESIAN_POINT('',(17.78,-4.31,-4.6E-02));
#15705 = VECTOR('',#15706,1.);
#15706 = DIRECTION('',(0.,0.,1.));
#15707 = ORIENTED_EDGE('',*,*,#15311,.F.);
#15708 = ORIENTED_EDGE('',*,*,#15702,.F.);
#15709 = CYLINDRICAL_SURFACE('',#15710,0.5);
#15710 = AXIS2_PLACEMENT_3D('',#15711,#15712,#15713);
#15711 = CARTESIAN_POINT('',(17.78,-3.81,-4.6E-02));
#15712 = DIRECTION('',(-0.,-0.,-1.));
#15713 = DIRECTION('',(-0.,-1.,0.));
#15714 = ADVANCED_FACE('',(#15715),#15726,.F.);
#15715 = FACE_BOUND('',#15716,.T.);
#15716 = EDGE_LOOP('',(#15717,#15718,#15724,#15725));
#15717 = ORIENTED_EDGE('',*,*,#15081,.T.);
#15718 = ORIENTED_EDGE('',*,*,#15719,.T.);
#15719 = EDGE_CURVE('',#15082,#15323,#15720,.T.);
#15720 = LINE('',#15721,#15722);
#15721 = CARTESIAN_POINT('',(17.78,-1.77,-4.6E-02));
#15722 = VECTOR('',#15723,1.);
#15723 = DIRECTION('',(0.,0.,1.));
#15724 = ORIENTED_EDGE('',*,*,#15322,.F.);
#15725 = ORIENTED_EDGE('',*,*,#15719,.F.);
#15726 = CYLINDRICAL_SURFACE('',#15727,0.5);
#15727 = AXIS2_PLACEMENT_3D('',#15728,#15729,#15730);
#15728 = CARTESIAN_POINT('',(17.78,-1.27,-4.6E-02));
#15729 = DIRECTION('',(-0.,-0.,-1.));
#15730 = DIRECTION('',(-0.,-1.,0.));
#15731 = ADVANCED_FACE('',(#15732),#15743,.F.);
#15732 = FACE_BOUND('',#15733,.T.);
#15733 = EDGE_LOOP('',(#15734,#15735,#15741,#15742));
#15734 = ORIENTED_EDGE('',*,*,#15092,.T.);
#15735 = ORIENTED_EDGE('',*,*,#15736,.T.);
#15736 = EDGE_CURVE('',#15093,#15334,#15737,.T.);
#15737 = LINE('',#15738,#15739);
#15738 = CARTESIAN_POINT('',(-17.78,0.77,-4.6E-02));
#15739 = VECTOR('',#15740,1.);
#15740 = DIRECTION('',(0.,0.,1.));
#15741 = ORIENTED_EDGE('',*,*,#15333,.F.);
#15742 = ORIENTED_EDGE('',*,*,#15736,.F.);
#15743 = CYLINDRICAL_SURFACE('',#15744,0.5);
#15744 = AXIS2_PLACEMENT_3D('',#15745,#15746,#15747);
#15745 = CARTESIAN_POINT('',(-17.78,1.27,-4.6E-02));
#15746 = DIRECTION('',(-0.,-0.,-1.));
#15747 = DIRECTION('',(-0.,-1.,0.));
#15748 = ADVANCED_FACE('',(#15749),#15760,.F.);
#15749 = FACE_BOUND('',#15750,.T.);
#15750 = EDGE_LOOP('',(#15751,#15752,#15758,#15759));
#15751 = ORIENTED_EDGE('',*,*,#15103,.T.);
#15752 = ORIENTED_EDGE('',*,*,#15753,.T.);
#15753 = EDGE_CURVE('',#15104,#15345,#15754,.T.);
#15754 = LINE('',#15755,#15756);
#15755 = CARTESIAN_POINT('',(-17.78,3.31,-4.6E-02));
#15756 = VECTOR('',#15757,1.);
#15757 = DIRECTION('',(0.,0.,1.));
#15758 = ORIENTED_EDGE('',*,*,#15344,.F.);
#15759 = ORIENTED_EDGE('',*,*,#15753,.F.);
#15760 = CYLINDRICAL_SURFACE('',#15761,0.5);
#15761 = AXIS2_PLACEMENT_3D('',#15762,#15763,#15764);
#15762 = CARTESIAN_POINT('',(-17.78,3.81,-4.6E-02));
#15763 = DIRECTION('',(-0.,-0.,-1.));
#15764 = DIRECTION('',(-0.,-1.,0.));
#15765 = ADVANCED_FACE('',(#15766),#15777,.F.);
#15766 = FACE_BOUND('',#15767,.T.);
#15767 = EDGE_LOOP('',(#15768,#15769,#15775,#15776));
#15768 = ORIENTED_EDGE('',*,*,#15114,.T.);
#15769 = ORIENTED_EDGE('',*,*,#15770,.T.);
#15770 = EDGE_CURVE('',#15115,#15356,#15771,.T.);
#15771 = LINE('',#15772,#15773);
#15772 = CARTESIAN_POINT('',(17.78,0.77,-4.6E-02));
#15773 = VECTOR('',#15774,1.);
#15774 = DIRECTION('',(0.,0.,1.));
#15775 = ORIENTED_EDGE('',*,*,#15355,.F.);
#15776 = ORIENTED_EDGE('',*,*,#15770,.F.);
#15777 = CYLINDRICAL_SURFACE('',#15778,0.5);
#15778 = AXIS2_PLACEMENT_3D('',#15779,#15780,#15781);
#15779 = CARTESIAN_POINT('',(17.78,1.27,-4.6E-02));
#15780 = DIRECTION('',(-0.,-0.,-1.));
#15781 = DIRECTION('',(-0.,-1.,0.));
#15782 = ADVANCED_FACE('',(#15783),#15794,.F.);
#15783 = FACE_BOUND('',#15784,.T.);
#15784 = EDGE_LOOP('',(#15785,#15786,#15792,#15793));
#15785 = ORIENTED_EDGE('',*,*,#15125,.T.);
#15786 = ORIENTED_EDGE('',*,*,#15787,.T.);
#15787 = EDGE_CURVE('',#15126,#15367,#15788,.T.);
#15788 = LINE('',#15789,#15790);
#15789 = CARTESIAN_POINT('',(17.78,3.31,-4.6E-02));
#15790 = VECTOR('',#15791,1.);
#15791 = DIRECTION('',(0.,0.,1.));
#15792 = ORIENTED_EDGE('',*,*,#15366,.F.);
#15793 = ORIENTED_EDGE('',*,*,#15787,.F.);
#15794 = CYLINDRICAL_SURFACE('',#15795,0.5);
#15795 = AXIS2_PLACEMENT_3D('',#15796,#15797,#15798);
#15796 = CARTESIAN_POINT('',(17.78,3.81,-4.6E-02));
#15797 = DIRECTION('',(-0.,-0.,-1.));
#15798 = DIRECTION('',(-0.,-1.,0.));
#15799 = ( GEOMETRIC_REPRESENTATION_CONTEXT(3) 
GLOBAL_UNCERTAINTY_ASSIGNED_CONTEXT((#15803)) 
GLOBAL_UNIT_ASSIGNED_CONTEXT((#15800,#15801,#15802)) 
REPRESENTATION_CONTEXT('Context #1',
  '3D Context with UNIT and UNCERTAINTY') );
#15800 = ( LENGTH_UNIT() NAMED_UNIT(*) SI_UNIT(.MILLI.,.METRE.) );
#15801 = ( NAMED_UNIT(*) PLANE_ANGLE_UNIT() SI_UNIT($,.RADIAN.) );
#15802 = ( NAMED_UNIT(*) SI_UNIT($,.STERADIAN.) SOLID_ANGLE_UNIT() );
#15803 = UNCERTAINTY_MEASURE_WITH_UNIT(LENGTH_MEASURE(1.E-07),#15800,
  'distance_accuracy_value','confusion accuracy');
#15804 = CONTEXT_DEPENDENT_SHAPE_REPRESENTATION(#15805,#15807);
#15805 = ( REPRESENTATION_RELATIONSHIP('','',#14792,#10) 
REPRESENTATION_RELATIONSHIP_WITH_TRANSFORMATION(#15806) 
SHAPE_REPRESENTATION_RELATIONSHIP() );
#15806 = ITEM_DEFINED_TRANSFORMATION('','',#11,#31);
#15807 = PRODUCT_DEFINITION_SHAPE('Placement','Placement of an item',
  #15808);
#15808 = NEXT_ASSEMBLY_USAGE_OCCURRENCE('6','=>[0:1:1:6]','',#5,#14787,$
  );
#15809 = PRODUCT_RELATED_PRODUCT_CATEGORY('part',$,(#14789));
#15810 = MECHANICAL_DESIGN_GEOMETRIC_PRESENTATION_REPRESENTATION('',(
    #15811,#15819,#15826,#15833,#15840,#15847,#15854,#15861,#15868,
    #15875,#15882,#15889,#15896,#15903,#15910,#15917,#15924,#15931,
    #15938,#15945,#15952,#15959,#15966,#15973,#15980,#15987,#15994,
    #16001,#16008,#16016,#16023,#16030,#16037,#16044,#16051,#16058,
    #16065,#16072,#16079,#16086,#16093,#16100,#16107,#16114,#16121,
    #16128,#16135,#16142,#16149,#16156,#16163,#16170,#16177,#16184,
    #16191,#16198,#16205,#16212,#16219,#16226,#16233,#16240,#16247,
    #16254,#16261,#16268,#16275,#16282,#16289,#16296,#16303,#16310,
    #16317,#16324,#16331,#16338,#16345,#16352,#16359,#16366,#16373,
    #16380,#16387,#16394,#16401,#16408,#16415,#16422,#16429,#16436,
    #16443,#16450,#16457,#16464,#16471,#16478,#16485,#16492,#16499,
    #16506,#16513,#16520,#16527,#16534,#16541,#16548,#16555,#16562,
    #16569,#16576,#16583,#16590,#16597,#16604,#16611,#16618,#16625,
    #16632,#16639,#16646,#16653,#16660,#16667,#16674,#16681,#16688,
    #16695,#16702,#16709,#16716,#16723,#16730,#16737,#16744,#16751,
    #16758,#16765,#16772,#16779,#16786,#16793,#16800,#16807,#16814,
    #16821,#16828,#16835,#16842,#16849,#16856,#16863,#16870,#16877,
    #16884,#16891,#16898,#16905,#16912,#16919,#16926,#16933,#16940,
    #16947,#16954,#16961,#16968,#16975,#16982,#16989,#16996,#17003,
    #17010),#5793);
#15811 = STYLED_ITEM('color',(#15812),#1111);
#15812 = PRESENTATION_STYLE_ASSIGNMENT((#15813));
#15813 = SURFACE_STYLE_USAGE(.BOTH.,#15814);
#15814 = SURFACE_SIDE_STYLE('',(#15815));
#15815 = SURFACE_STYLE_FILL_AREA(#15816);
#15816 = FILL_AREA_STYLE('',(#15817));
#15817 = FILL_AREA_STYLE_COLOUR('',#15818);
#15818 = COLOUR_RGB('',0.147999998088,0.144999993226,0.144999993226);
#15819 = STYLED_ITEM('color',(#15820),#1151);
#15820 = PRESENTATION_STYLE_ASSIGNMENT((#15821));
#15821 = SURFACE_STYLE_USAGE(.BOTH.,#15822);
#15822 = SURFACE_SIDE_STYLE('',(#15823));
#15823 = SURFACE_STYLE_FILL_AREA(#15824);
#15824 = FILL_AREA_STYLE('',(#15825));
#15825 = FILL_AREA_STYLE_COLOUR('',#15818);
#15826 = STYLED_ITEM('color',(#15827),#1182);
#15827 = PRESENTATION_STYLE_ASSIGNMENT((#15828));
#15828 = SURFACE_STYLE_USAGE(.BOTH.,#15829);
#15829 = SURFACE_SIDE_STYLE('',(#15830));
#15830 = SURFACE_STYLE_FILL_AREA(#15831);
#15831 = FILL_AREA_STYLE('',(#15832));
#15832 = FILL_AREA_STYLE_COLOUR('',#15818);
#15833 = STYLED_ITEM('color',(#15834),#1213);
#15834 = PRESENTATION_STYLE_ASSIGNMENT((#15835));
#15835 = SURFACE_STYLE_USAGE(.BOTH.,#15836);
#15836 = SURFACE_SIDE_STYLE('',(#15837));
#15837 = SURFACE_STYLE_FILL_AREA(#15838);
#15838 = FILL_AREA_STYLE('',(#15839));
#15839 = FILL_AREA_STYLE_COLOUR('',#15818);
#15840 = STYLED_ITEM('color',(#15841),#1678);
#15841 = PRESENTATION_STYLE_ASSIGNMENT((#15842));
#15842 = SURFACE_STYLE_USAGE(.BOTH.,#15843);
#15843 = SURFACE_SIDE_STYLE('',(#15844));
#15844 = SURFACE_STYLE_FILL_AREA(#15845);
#15845 = FILL_AREA_STYLE('',(#15846));
#15846 = FILL_AREA_STYLE_COLOUR('',#15818);
#15847 = STYLED_ITEM('color',(#15848),#2143);
#15848 = PRESENTATION_STYLE_ASSIGNMENT((#15849));
#15849 = SURFACE_STYLE_USAGE(.BOTH.,#15850);
#15850 = SURFACE_SIDE_STYLE('',(#15851));
#15851 = SURFACE_STYLE_FILL_AREA(#15852);
#15852 = FILL_AREA_STYLE('',(#15853));
#15853 = FILL_AREA_STYLE_COLOUR('',#15818);
#15854 = STYLED_ITEM('color',(#15855),#2160);
#15855 = PRESENTATION_STYLE_ASSIGNMENT((#15856));
#15856 = SURFACE_STYLE_USAGE(.BOTH.,#15857);
#15857 = SURFACE_SIDE_STYLE('',(#15858));
#15858 = SURFACE_STYLE_FILL_AREA(#15859);
#15859 = FILL_AREA_STYLE('',(#15860));
#15860 = FILL_AREA_STYLE_COLOUR('',#15818);
#15861 = STYLED_ITEM('color',(#15862),#2177);
#15862 = PRESENTATION_STYLE_ASSIGNMENT((#15863));
#15863 = SURFACE_STYLE_USAGE(.BOTH.,#15864);
#15864 = SURFACE_SIDE_STYLE('',(#15865));
#15865 = SURFACE_STYLE_FILL_AREA(#15866);
#15866 = FILL_AREA_STYLE('',(#15867));
#15867 = FILL_AREA_STYLE_COLOUR('',#15818);
#15868 = STYLED_ITEM('color',(#15869),#2194);
#15869 = PRESENTATION_STYLE_ASSIGNMENT((#15870));
#15870 = SURFACE_STYLE_USAGE(.BOTH.,#15871);
#15871 = SURFACE_SIDE_STYLE('',(#15872));
#15872 = SURFACE_STYLE_FILL_AREA(#15873);
#15873 = FILL_AREA_STYLE('',(#15874));
#15874 = FILL_AREA_STYLE_COLOUR('',#15818);
#15875 = STYLED_ITEM('color',(#15876),#2211);
#15876 = PRESENTATION_STYLE_ASSIGNMENT((#15877));
#15877 = SURFACE_STYLE_USAGE(.BOTH.,#15878);
#15878 = SURFACE_SIDE_STYLE('',(#15879));
#15879 = SURFACE_STYLE_FILL_AREA(#15880);
#15880 = FILL_AREA_STYLE('',(#15881));
#15881 = FILL_AREA_STYLE_COLOUR('',#15818);
#15882 = STYLED_ITEM('color',(#15883),#2228);
#15883 = PRESENTATION_STYLE_ASSIGNMENT((#15884));
#15884 = SURFACE_STYLE_USAGE(.BOTH.,#15885);
#15885 = SURFACE_SIDE_STYLE('',(#15886));
#15886 = SURFACE_STYLE_FILL_AREA(#15887);
#15887 = FILL_AREA_STYLE('',(#15888));
#15888 = FILL_AREA_STYLE_COLOUR('',#15818);
#15889 = STYLED_ITEM('color',(#15890),#2245);
#15890 = PRESENTATION_STYLE_ASSIGNMENT((#15891));
#15891 = SURFACE_STYLE_USAGE(.BOTH.,#15892);
#15892 = SURFACE_SIDE_STYLE('',(#15893));
#15893 = SURFACE_STYLE_FILL_AREA(#15894);
#15894 = FILL_AREA_STYLE('',(#15895));
#15895 = FILL_AREA_STYLE_COLOUR('',#15818);
#15896 = STYLED_ITEM('color',(#15897),#2262);
#15897 = PRESENTATION_STYLE_ASSIGNMENT((#15898));
#15898 = SURFACE_STYLE_USAGE(.BOTH.,#15899);
#15899 = SURFACE_SIDE_STYLE('',(#15900));
#15900 = SURFACE_STYLE_FILL_AREA(#15901);
#15901 = FILL_AREA_STYLE('',(#15902));
#15902 = FILL_AREA_STYLE_COLOUR('',#15818);
#15903 = STYLED_ITEM('color',(#15904),#2279);
#15904 = PRESENTATION_STYLE_ASSIGNMENT((#15905));
#15905 = SURFACE_STYLE_USAGE(.BOTH.,#15906);
#15906 = SURFACE_SIDE_STYLE('',(#15907));
#15907 = SURFACE_STYLE_FILL_AREA(#15908);
#15908 = FILL_AREA_STYLE('',(#15909));
#15909 = FILL_AREA_STYLE_COLOUR('',#15818);
#15910 = STYLED_ITEM('color',(#15911),#2296);
#15911 = PRESENTATION_STYLE_ASSIGNMENT((#15912));
#15912 = SURFACE_STYLE_USAGE(.BOTH.,#15913);
#15913 = SURFACE_SIDE_STYLE('',(#15914));
#15914 = SURFACE_STYLE_FILL_AREA(#15915);
#15915 = FILL_AREA_STYLE('',(#15916));
#15916 = FILL_AREA_STYLE_COLOUR('',#15818);
#15917 = STYLED_ITEM('color',(#15918),#2313);
#15918 = PRESENTATION_STYLE_ASSIGNMENT((#15919));
#15919 = SURFACE_STYLE_USAGE(.BOTH.,#15920);
#15920 = SURFACE_SIDE_STYLE('',(#15921));
#15921 = SURFACE_STYLE_FILL_AREA(#15922);
#15922 = FILL_AREA_STYLE('',(#15923));
#15923 = FILL_AREA_STYLE_COLOUR('',#15818);
#15924 = STYLED_ITEM('color',(#15925),#2330);
#15925 = PRESENTATION_STYLE_ASSIGNMENT((#15926));
#15926 = SURFACE_STYLE_USAGE(.BOTH.,#15927);
#15927 = SURFACE_SIDE_STYLE('',(#15928));
#15928 = SURFACE_STYLE_FILL_AREA(#15929);
#15929 = FILL_AREA_STYLE('',(#15930));
#15930 = FILL_AREA_STYLE_COLOUR('',#15818);
#15931 = STYLED_ITEM('color',(#15932),#2347);
#15932 = PRESENTATION_STYLE_ASSIGNMENT((#15933));
#15933 = SURFACE_STYLE_USAGE(.BOTH.,#15934);
#15934 = SURFACE_SIDE_STYLE('',(#15935));
#15935 = SURFACE_STYLE_FILL_AREA(#15936);
#15936 = FILL_AREA_STYLE('',(#15937));
#15937 = FILL_AREA_STYLE_COLOUR('',#15818);
#15938 = STYLED_ITEM('color',(#15939),#2364);
#15939 = PRESENTATION_STYLE_ASSIGNMENT((#15940));
#15940 = SURFACE_STYLE_USAGE(.BOTH.,#15941);
#15941 = SURFACE_SIDE_STYLE('',(#15942));
#15942 = SURFACE_STYLE_FILL_AREA(#15943);
#15943 = FILL_AREA_STYLE('',(#15944));
#15944 = FILL_AREA_STYLE_COLOUR('',#15818);
#15945 = STYLED_ITEM('color',(#15946),#2381);
#15946 = PRESENTATION_STYLE_ASSIGNMENT((#15947));
#15947 = SURFACE_STYLE_USAGE(.BOTH.,#15948);
#15948 = SURFACE_SIDE_STYLE('',(#15949));
#15949 = SURFACE_STYLE_FILL_AREA(#15950);
#15950 = FILL_AREA_STYLE('',(#15951));
#15951 = FILL_AREA_STYLE_COLOUR('',#15818);
#15952 = STYLED_ITEM('color',(#15953),#2398);
#15953 = PRESENTATION_STYLE_ASSIGNMENT((#15954));
#15954 = SURFACE_STYLE_USAGE(.BOTH.,#15955);
#15955 = SURFACE_SIDE_STYLE('',(#15956));
#15956 = SURFACE_STYLE_FILL_AREA(#15957);
#15957 = FILL_AREA_STYLE('',(#15958));
#15958 = FILL_AREA_STYLE_COLOUR('',#15818);
#15959 = STYLED_ITEM('color',(#15960),#2415);
#15960 = PRESENTATION_STYLE_ASSIGNMENT((#15961));
#15961 = SURFACE_STYLE_USAGE(.BOTH.,#15962);
#15962 = SURFACE_SIDE_STYLE('',(#15963));
#15963 = SURFACE_STYLE_FILL_AREA(#15964);
#15964 = FILL_AREA_STYLE('',(#15965));
#15965 = FILL_AREA_STYLE_COLOUR('',#15818);
#15966 = STYLED_ITEM('color',(#15967),#2432);
#15967 = PRESENTATION_STYLE_ASSIGNMENT((#15968));
#15968 = SURFACE_STYLE_USAGE(.BOTH.,#15969);
#15969 = SURFACE_SIDE_STYLE('',(#15970));
#15970 = SURFACE_STYLE_FILL_AREA(#15971);
#15971 = FILL_AREA_STYLE('',(#15972));
#15972 = FILL_AREA_STYLE_COLOUR('',#15818);
#15973 = STYLED_ITEM('color',(#15974),#2449);
#15974 = PRESENTATION_STYLE_ASSIGNMENT((#15975));
#15975 = SURFACE_STYLE_USAGE(.BOTH.,#15976);
#15976 = SURFACE_SIDE_STYLE('',(#15977));
#15977 = SURFACE_STYLE_FILL_AREA(#15978);
#15978 = FILL_AREA_STYLE('',(#15979));
#15979 = FILL_AREA_STYLE_COLOUR('',#15818);
#15980 = STYLED_ITEM('color',(#15981),#2466);
#15981 = PRESENTATION_STYLE_ASSIGNMENT((#15982));
#15982 = SURFACE_STYLE_USAGE(.BOTH.,#15983);
#15983 = SURFACE_SIDE_STYLE('',(#15984));
#15984 = SURFACE_STYLE_FILL_AREA(#15985);
#15985 = FILL_AREA_STYLE('',(#15986));
#15986 = FILL_AREA_STYLE_COLOUR('',#15818);
#15987 = STYLED_ITEM('color',(#15988),#2483);
#15988 = PRESENTATION_STYLE_ASSIGNMENT((#15989));
#15989 = SURFACE_STYLE_USAGE(.BOTH.,#15990);
#15990 = SURFACE_SIDE_STYLE('',(#15991));
#15991 = SURFACE_STYLE_FILL_AREA(#15992);
#15992 = FILL_AREA_STYLE('',(#15993));
#15993 = FILL_AREA_STYLE_COLOUR('',#15818);
#15994 = STYLED_ITEM('color',(#15995),#2500);
#15995 = PRESENTATION_STYLE_ASSIGNMENT((#15996));
#15996 = SURFACE_STYLE_USAGE(.BOTH.,#15997);
#15997 = SURFACE_SIDE_STYLE('',(#15998));
#15998 = SURFACE_STYLE_FILL_AREA(#15999);
#15999 = FILL_AREA_STYLE('',(#16000));
#16000 = FILL_AREA_STYLE_COLOUR('',#15818);
#16001 = STYLED_ITEM('color',(#16002),#2517);
#16002 = PRESENTATION_STYLE_ASSIGNMENT((#16003));
#16003 = SURFACE_STYLE_USAGE(.BOTH.,#16004);
#16004 = SURFACE_SIDE_STYLE('',(#16005));
#16005 = SURFACE_STYLE_FILL_AREA(#16006);
#16006 = FILL_AREA_STYLE('',(#16007));
#16007 = FILL_AREA_STYLE_COLOUR('',#15818);
#16008 = STYLED_ITEM('color',(#16009),#2529);
#16009 = PRESENTATION_STYLE_ASSIGNMENT((#16010));
#16010 = SURFACE_STYLE_USAGE(.BOTH.,#16011);
#16011 = SURFACE_SIDE_STYLE('',(#16012));
#16012 = SURFACE_STYLE_FILL_AREA(#16013);
#16013 = FILL_AREA_STYLE('',(#16014));
#16014 = FILL_AREA_STYLE_COLOUR('',#16015);
#16015 = COLOUR_RGB('',0.859000020776,0.737999965183,0.495999988746);
#16016 = STYLED_ITEM('color',(#16017),#2560);
#16017 = PRESENTATION_STYLE_ASSIGNMENT((#16018));
#16018 = SURFACE_STYLE_USAGE(.BOTH.,#16019);
#16019 = SURFACE_SIDE_STYLE('',(#16020));
#16020 = SURFACE_STYLE_FILL_AREA(#16021);
#16021 = FILL_AREA_STYLE('',(#16022));
#16022 = FILL_AREA_STYLE_COLOUR('',#16015);
#16023 = STYLED_ITEM('color',(#16024),#2584);
#16024 = PRESENTATION_STYLE_ASSIGNMENT((#16025));
#16025 = SURFACE_STYLE_USAGE(.BOTH.,#16026);
#16026 = SURFACE_SIDE_STYLE('',(#16027));
#16027 = SURFACE_STYLE_FILL_AREA(#16028);
#16028 = FILL_AREA_STYLE('',(#16029));
#16029 = FILL_AREA_STYLE_COLOUR('',#16015);
#16030 = STYLED_ITEM('color',(#16031),#2608);
#16031 = PRESENTATION_STYLE_ASSIGNMENT((#16032));
#16032 = SURFACE_STYLE_USAGE(.BOTH.,#16033);
#16033 = SURFACE_SIDE_STYLE('',(#16034));
#16034 = SURFACE_STYLE_FILL_AREA(#16035);
#16035 = FILL_AREA_STYLE('',(#16036));
#16036 = FILL_AREA_STYLE_COLOUR('',#16015);
#16037 = STYLED_ITEM('color',(#16038),#2625);
#16038 = PRESENTATION_STYLE_ASSIGNMENT((#16039));
#16039 = SURFACE_STYLE_USAGE(.BOTH.,#16040);
#16040 = SURFACE_SIDE_STYLE('',(#16041));
#16041 = SURFACE_STYLE_FILL_AREA(#16042);
#16042 = FILL_AREA_STYLE('',(#16043));
#16043 = FILL_AREA_STYLE_COLOUR('',#16015);
#16044 = STYLED_ITEM('color',(#16045),#2656);
#16045 = PRESENTATION_STYLE_ASSIGNMENT((#16046));
#16046 = SURFACE_STYLE_USAGE(.BOTH.,#16047);
#16047 = SURFACE_SIDE_STYLE('',(#16048));
#16048 = SURFACE_STYLE_FILL_AREA(#16049);
#16049 = FILL_AREA_STYLE('',(#16050));
#16050 = FILL_AREA_STYLE_COLOUR('',#16015);
#16051 = STYLED_ITEM('color',(#16052),#2680);
#16052 = PRESENTATION_STYLE_ASSIGNMENT((#16053));
#16053 = SURFACE_STYLE_USAGE(.BOTH.,#16054);
#16054 = SURFACE_SIDE_STYLE('',(#16055));
#16055 = SURFACE_STYLE_FILL_AREA(#16056);
#16056 = FILL_AREA_STYLE('',(#16057));
#16057 = FILL_AREA_STYLE_COLOUR('',#16015);
#16058 = STYLED_ITEM('color',(#16059),#2704);
#16059 = PRESENTATION_STYLE_ASSIGNMENT((#16060));
#16060 = SURFACE_STYLE_USAGE(.BOTH.,#16061);
#16061 = SURFACE_SIDE_STYLE('',(#16062));
#16062 = SURFACE_STYLE_FILL_AREA(#16063);
#16063 = FILL_AREA_STYLE('',(#16064));
#16064 = FILL_AREA_STYLE_COLOUR('',#16015);
#16065 = STYLED_ITEM('color',(#16066),#2721);
#16066 = PRESENTATION_STYLE_ASSIGNMENT((#16067));
#16067 = SURFACE_STYLE_USAGE(.BOTH.,#16068);
#16068 = SURFACE_SIDE_STYLE('',(#16069));
#16069 = SURFACE_STYLE_FILL_AREA(#16070);
#16070 = FILL_AREA_STYLE('',(#16071));
#16071 = FILL_AREA_STYLE_COLOUR('',#16015);
#16072 = STYLED_ITEM('color',(#16073),#2752);
#16073 = PRESENTATION_STYLE_ASSIGNMENT((#16074));
#16074 = SURFACE_STYLE_USAGE(.BOTH.,#16075);
#16075 = SURFACE_SIDE_STYLE('',(#16076));
#16076 = SURFACE_STYLE_FILL_AREA(#16077);
#16077 = FILL_AREA_STYLE('',(#16078));
#16078 = FILL_AREA_STYLE_COLOUR('',#16015);
#16079 = STYLED_ITEM('color',(#16080),#2776);
#16080 = PRESENTATION_STYLE_ASSIGNMENT((#16081));
#16081 = SURFACE_STYLE_USAGE(.BOTH.,#16082);
#16082 = SURFACE_SIDE_STYLE('',(#16083));
#16083 = SURFACE_STYLE_FILL_AREA(#16084);
#16084 = FILL_AREA_STYLE('',(#16085));
#16085 = FILL_AREA_STYLE_COLOUR('',#16015);
#16086 = STYLED_ITEM('color',(#16087),#2800);
#16087 = PRESENTATION_STYLE_ASSIGNMENT((#16088));
#16088 = SURFACE_STYLE_USAGE(.BOTH.,#16089);
#16089 = SURFACE_SIDE_STYLE('',(#16090));
#16090 = SURFACE_STYLE_FILL_AREA(#16091);
#16091 = FILL_AREA_STYLE('',(#16092));
#16092 = FILL_AREA_STYLE_COLOUR('',#16015);
#16093 = STYLED_ITEM('color',(#16094),#2817);
#16094 = PRESENTATION_STYLE_ASSIGNMENT((#16095));
#16095 = SURFACE_STYLE_USAGE(.BOTH.,#16096);
#16096 = SURFACE_SIDE_STYLE('',(#16097));
#16097 = SURFACE_STYLE_FILL_AREA(#16098);
#16098 = FILL_AREA_STYLE('',(#16099));
#16099 = FILL_AREA_STYLE_COLOUR('',#16015);
#16100 = STYLED_ITEM('color',(#16101),#2848);
#16101 = PRESENTATION_STYLE_ASSIGNMENT((#16102));
#16102 = SURFACE_STYLE_USAGE(.BOTH.,#16103);
#16103 = SURFACE_SIDE_STYLE('',(#16104));
#16104 = SURFACE_STYLE_FILL_AREA(#16105);
#16105 = FILL_AREA_STYLE('',(#16106));
#16106 = FILL_AREA_STYLE_COLOUR('',#16015);
#16107 = STYLED_ITEM('color',(#16108),#2872);
#16108 = PRESENTATION_STYLE_ASSIGNMENT((#16109));
#16109 = SURFACE_STYLE_USAGE(.BOTH.,#16110);
#16110 = SURFACE_SIDE_STYLE('',(#16111));
#16111 = SURFACE_STYLE_FILL_AREA(#16112);
#16112 = FILL_AREA_STYLE('',(#16113));
#16113 = FILL_AREA_STYLE_COLOUR('',#16015);
#16114 = STYLED_ITEM('color',(#16115),#2896);
#16115 = PRESENTATION_STYLE_ASSIGNMENT((#16116));
#16116 = SURFACE_STYLE_USAGE(.BOTH.,#16117);
#16117 = SURFACE_SIDE_STYLE('',(#16118));
#16118 = SURFACE_STYLE_FILL_AREA(#16119);
#16119 = FILL_AREA_STYLE('',(#16120));
#16120 = FILL_AREA_STYLE_COLOUR('',#16015);
#16121 = STYLED_ITEM('color',(#16122),#2913);
#16122 = PRESENTATION_STYLE_ASSIGNMENT((#16123));
#16123 = SURFACE_STYLE_USAGE(.BOTH.,#16124);
#16124 = SURFACE_SIDE_STYLE('',(#16125));
#16125 = SURFACE_STYLE_FILL_AREA(#16126);
#16126 = FILL_AREA_STYLE('',(#16127));
#16127 = FILL_AREA_STYLE_COLOUR('',#16015);
#16128 = STYLED_ITEM('color',(#16129),#2944);
#16129 = PRESENTATION_STYLE_ASSIGNMENT((#16130));
#16130 = SURFACE_STYLE_USAGE(.BOTH.,#16131);
#16131 = SURFACE_SIDE_STYLE('',(#16132));
#16132 = SURFACE_STYLE_FILL_AREA(#16133);
#16133 = FILL_AREA_STYLE('',(#16134));
#16134 = FILL_AREA_STYLE_COLOUR('',#16015);
#16135 = STYLED_ITEM('color',(#16136),#2968);
#16136 = PRESENTATION_STYLE_ASSIGNMENT((#16137));
#16137 = SURFACE_STYLE_USAGE(.BOTH.,#16138);
#16138 = SURFACE_SIDE_STYLE('',(#16139));
#16139 = SURFACE_STYLE_FILL_AREA(#16140);
#16140 = FILL_AREA_STYLE('',(#16141));
#16141 = FILL_AREA_STYLE_COLOUR('',#16015);
#16142 = STYLED_ITEM('color',(#16143),#2992);
#16143 = PRESENTATION_STYLE_ASSIGNMENT((#16144));
#16144 = SURFACE_STYLE_USAGE(.BOTH.,#16145);
#16145 = SURFACE_SIDE_STYLE('',(#16146));
#16146 = SURFACE_STYLE_FILL_AREA(#16147);
#16147 = FILL_AREA_STYLE('',(#16148));
#16148 = FILL_AREA_STYLE_COLOUR('',#16015);
#16149 = STYLED_ITEM('color',(#16150),#3009);
#16150 = PRESENTATION_STYLE_ASSIGNMENT((#16151));
#16151 = SURFACE_STYLE_USAGE(.BOTH.,#16152);
#16152 = SURFACE_SIDE_STYLE('',(#16153));
#16153 = SURFACE_STYLE_FILL_AREA(#16154);
#16154 = FILL_AREA_STYLE('',(#16155));
#16155 = FILL_AREA_STYLE_COLOUR('',#16015);
#16156 = STYLED_ITEM('color',(#16157),#3040);
#16157 = PRESENTATION_STYLE_ASSIGNMENT((#16158));
#16158 = SURFACE_STYLE_USAGE(.BOTH.,#16159);
#16159 = SURFACE_SIDE_STYLE('',(#16160));
#16160 = SURFACE_STYLE_FILL_AREA(#16161);
#16161 = FILL_AREA_STYLE('',(#16162));
#16162 = FILL_AREA_STYLE_COLOUR('',#16015);
#16163 = STYLED_ITEM('color',(#16164),#3064);
#16164 = PRESENTATION_STYLE_ASSIGNMENT((#16165));
#16165 = SURFACE_STYLE_USAGE(.BOTH.,#16166);
#16166 = SURFACE_SIDE_STYLE('',(#16167));
#16167 = SURFACE_STYLE_FILL_AREA(#16168);
#16168 = FILL_AREA_STYLE('',(#16169));
#16169 = FILL_AREA_STYLE_COLOUR('',#16015);
#16170 = STYLED_ITEM('color',(#16171),#3088);
#16171 = PRESENTATION_STYLE_ASSIGNMENT((#16172));
#16172 = SURFACE_STYLE_USAGE(.BOTH.,#16173);
#16173 = SURFACE_SIDE_STYLE('',(#16174));
#16174 = SURFACE_STYLE_FILL_AREA(#16175);
#16175 = FILL_AREA_STYLE('',(#16176));
#16176 = FILL_AREA_STYLE_COLOUR('',#16015);
#16177 = STYLED_ITEM('color',(#16178),#3105);
#16178 = PRESENTATION_STYLE_ASSIGNMENT((#16179));
#16179 = SURFACE_STYLE_USAGE(.BOTH.,#16180);
#16180 = SURFACE_SIDE_STYLE('',(#16181));
#16181 = SURFACE_STYLE_FILL_AREA(#16182);
#16182 = FILL_AREA_STYLE('',(#16183));
#16183 = FILL_AREA_STYLE_COLOUR('',#16015);
#16184 = STYLED_ITEM('color',(#16185),#3136);
#16185 = PRESENTATION_STYLE_ASSIGNMENT((#16186));
#16186 = SURFACE_STYLE_USAGE(.BOTH.,#16187);
#16187 = SURFACE_SIDE_STYLE('',(#16188));
#16188 = SURFACE_STYLE_FILL_AREA(#16189);
#16189 = FILL_AREA_STYLE('',(#16190));
#16190 = FILL_AREA_STYLE_COLOUR('',#16015);
#16191 = STYLED_ITEM('color',(#16192),#3160);
#16192 = PRESENTATION_STYLE_ASSIGNMENT((#16193));
#16193 = SURFACE_STYLE_USAGE(.BOTH.,#16194);
#16194 = SURFACE_SIDE_STYLE('',(#16195));
#16195 = SURFACE_STYLE_FILL_AREA(#16196);
#16196 = FILL_AREA_STYLE('',(#16197));
#16197 = FILL_AREA_STYLE_COLOUR('',#16015);
#16198 = STYLED_ITEM('color',(#16199),#3184);
#16199 = PRESENTATION_STYLE_ASSIGNMENT((#16200));
#16200 = SURFACE_STYLE_USAGE(.BOTH.,#16201);
#16201 = SURFACE_SIDE_STYLE('',(#16202));
#16202 = SURFACE_STYLE_FILL_AREA(#16203);
#16203 = FILL_AREA_STYLE('',(#16204));
#16204 = FILL_AREA_STYLE_COLOUR('',#16015);
#16205 = STYLED_ITEM('color',(#16206),#3201);
#16206 = PRESENTATION_STYLE_ASSIGNMENT((#16207));
#16207 = SURFACE_STYLE_USAGE(.BOTH.,#16208);
#16208 = SURFACE_SIDE_STYLE('',(#16209));
#16209 = SURFACE_STYLE_FILL_AREA(#16210);
#16210 = FILL_AREA_STYLE('',(#16211));
#16211 = FILL_AREA_STYLE_COLOUR('',#16015);
#16212 = STYLED_ITEM('color',(#16213),#3232);
#16213 = PRESENTATION_STYLE_ASSIGNMENT((#16214));
#16214 = SURFACE_STYLE_USAGE(.BOTH.,#16215);
#16215 = SURFACE_SIDE_STYLE('',(#16216));
#16216 = SURFACE_STYLE_FILL_AREA(#16217);
#16217 = FILL_AREA_STYLE('',(#16218));
#16218 = FILL_AREA_STYLE_COLOUR('',#16015);
#16219 = STYLED_ITEM('color',(#16220),#3256);
#16220 = PRESENTATION_STYLE_ASSIGNMENT((#16221));
#16221 = SURFACE_STYLE_USAGE(.BOTH.,#16222);
#16222 = SURFACE_SIDE_STYLE('',(#16223));
#16223 = SURFACE_STYLE_FILL_AREA(#16224);
#16224 = FILL_AREA_STYLE('',(#16225));
#16225 = FILL_AREA_STYLE_COLOUR('',#16015);
#16226 = STYLED_ITEM('color',(#16227),#3280);
#16227 = PRESENTATION_STYLE_ASSIGNMENT((#16228));
#16228 = SURFACE_STYLE_USAGE(.BOTH.,#16229);
#16229 = SURFACE_SIDE_STYLE('',(#16230));
#16230 = SURFACE_STYLE_FILL_AREA(#16231);
#16231 = FILL_AREA_STYLE('',(#16232));
#16232 = FILL_AREA_STYLE_COLOUR('',#16015);
#16233 = STYLED_ITEM('color',(#16234),#3297);
#16234 = PRESENTATION_STYLE_ASSIGNMENT((#16235));
#16235 = SURFACE_STYLE_USAGE(.BOTH.,#16236);
#16236 = SURFACE_SIDE_STYLE('',(#16237));
#16237 = SURFACE_STYLE_FILL_AREA(#16238);
#16238 = FILL_AREA_STYLE('',(#16239));
#16239 = FILL_AREA_STYLE_COLOUR('',#16015);
#16240 = STYLED_ITEM('color',(#16241),#3328);
#16241 = PRESENTATION_STYLE_ASSIGNMENT((#16242));
#16242 = SURFACE_STYLE_USAGE(.BOTH.,#16243);
#16243 = SURFACE_SIDE_STYLE('',(#16244));
#16244 = SURFACE_STYLE_FILL_AREA(#16245);
#16245 = FILL_AREA_STYLE('',(#16246));
#16246 = FILL_AREA_STYLE_COLOUR('',#16015);
#16247 = STYLED_ITEM('color',(#16248),#3352);
#16248 = PRESENTATION_STYLE_ASSIGNMENT((#16249));
#16249 = SURFACE_STYLE_USAGE(.BOTH.,#16250);
#16250 = SURFACE_SIDE_STYLE('',(#16251));
#16251 = SURFACE_STYLE_FILL_AREA(#16252);
#16252 = FILL_AREA_STYLE('',(#16253));
#16253 = FILL_AREA_STYLE_COLOUR('',#16015);
#16254 = STYLED_ITEM('color',(#16255),#3376);
#16255 = PRESENTATION_STYLE_ASSIGNMENT((#16256));
#16256 = SURFACE_STYLE_USAGE(.BOTH.,#16257);
#16257 = SURFACE_SIDE_STYLE('',(#16258));
#16258 = SURFACE_STYLE_FILL_AREA(#16259);
#16259 = FILL_AREA_STYLE('',(#16260));
#16260 = FILL_AREA_STYLE_COLOUR('',#16015);
#16261 = STYLED_ITEM('color',(#16262),#3393);
#16262 = PRESENTATION_STYLE_ASSIGNMENT((#16263));
#16263 = SURFACE_STYLE_USAGE(.BOTH.,#16264);
#16264 = SURFACE_SIDE_STYLE('',(#16265));
#16265 = SURFACE_STYLE_FILL_AREA(#16266);
#16266 = FILL_AREA_STYLE('',(#16267));
#16267 = FILL_AREA_STYLE_COLOUR('',#16015);
#16268 = STYLED_ITEM('color',(#16269),#3424);
#16269 = PRESENTATION_STYLE_ASSIGNMENT((#16270));
#16270 = SURFACE_STYLE_USAGE(.BOTH.,#16271);
#16271 = SURFACE_SIDE_STYLE('',(#16272));
#16272 = SURFACE_STYLE_FILL_AREA(#16273);
#16273 = FILL_AREA_STYLE('',(#16274));
#16274 = FILL_AREA_STYLE_COLOUR('',#16015);
#16275 = STYLED_ITEM('color',(#16276),#3448);
#16276 = PRESENTATION_STYLE_ASSIGNMENT((#16277));
#16277 = SURFACE_STYLE_USAGE(.BOTH.,#16278);
#16278 = SURFACE_SIDE_STYLE('',(#16279));
#16279 = SURFACE_STYLE_FILL_AREA(#16280);
#16280 = FILL_AREA_STYLE('',(#16281));
#16281 = FILL_AREA_STYLE_COLOUR('',#16015);
#16282 = STYLED_ITEM('color',(#16283),#3472);
#16283 = PRESENTATION_STYLE_ASSIGNMENT((#16284));
#16284 = SURFACE_STYLE_USAGE(.BOTH.,#16285);
#16285 = SURFACE_SIDE_STYLE('',(#16286));
#16286 = SURFACE_STYLE_FILL_AREA(#16287);
#16287 = FILL_AREA_STYLE('',(#16288));
#16288 = FILL_AREA_STYLE_COLOUR('',#16015);
#16289 = STYLED_ITEM('color',(#16290),#3489);
#16290 = PRESENTATION_STYLE_ASSIGNMENT((#16291));
#16291 = SURFACE_STYLE_USAGE(.BOTH.,#16292);
#16292 = SURFACE_SIDE_STYLE('',(#16293));
#16293 = SURFACE_STYLE_FILL_AREA(#16294);
#16294 = FILL_AREA_STYLE('',(#16295));
#16295 = FILL_AREA_STYLE_COLOUR('',#16015);
#16296 = STYLED_ITEM('color',(#16297),#3520);
#16297 = PRESENTATION_STYLE_ASSIGNMENT((#16298));
#16298 = SURFACE_STYLE_USAGE(.BOTH.,#16299);
#16299 = SURFACE_SIDE_STYLE('',(#16300));
#16300 = SURFACE_STYLE_FILL_AREA(#16301);
#16301 = FILL_AREA_STYLE('',(#16302));
#16302 = FILL_AREA_STYLE_COLOUR('',#16015);
#16303 = STYLED_ITEM('color',(#16304),#3544);
#16304 = PRESENTATION_STYLE_ASSIGNMENT((#16305));
#16305 = SURFACE_STYLE_USAGE(.BOTH.,#16306);
#16306 = SURFACE_SIDE_STYLE('',(#16307));
#16307 = SURFACE_STYLE_FILL_AREA(#16308);
#16308 = FILL_AREA_STYLE('',(#16309));
#16309 = FILL_AREA_STYLE_COLOUR('',#16015);
#16310 = STYLED_ITEM('color',(#16311),#3568);
#16311 = PRESENTATION_STYLE_ASSIGNMENT((#16312));
#16312 = SURFACE_STYLE_USAGE(.BOTH.,#16313);
#16313 = SURFACE_SIDE_STYLE('',(#16314));
#16314 = SURFACE_STYLE_FILL_AREA(#16315);
#16315 = FILL_AREA_STYLE('',(#16316));
#16316 = FILL_AREA_STYLE_COLOUR('',#16015);
#16317 = STYLED_ITEM('color',(#16318),#3585);
#16318 = PRESENTATION_STYLE_ASSIGNMENT((#16319));
#16319 = SURFACE_STYLE_USAGE(.BOTH.,#16320);
#16320 = SURFACE_SIDE_STYLE('',(#16321));
#16321 = SURFACE_STYLE_FILL_AREA(#16322);
#16322 = FILL_AREA_STYLE('',(#16323));
#16323 = FILL_AREA_STYLE_COLOUR('',#16015);
#16324 = STYLED_ITEM('color',(#16325),#3616);
#16325 = PRESENTATION_STYLE_ASSIGNMENT((#16326));
#16326 = SURFACE_STYLE_USAGE(.BOTH.,#16327);
#16327 = SURFACE_SIDE_STYLE('',(#16328));
#16328 = SURFACE_STYLE_FILL_AREA(#16329);
#16329 = FILL_AREA_STYLE('',(#16330));
#16330 = FILL_AREA_STYLE_COLOUR('',#16015);
#16331 = STYLED_ITEM('color',(#16332),#3640);
#16332 = PRESENTATION_STYLE_ASSIGNMENT((#16333));
#16333 = SURFACE_STYLE_USAGE(.BOTH.,#16334);
#16334 = SURFACE_SIDE_STYLE('',(#16335));
#16335 = SURFACE_STYLE_FILL_AREA(#16336);
#16336 = FILL_AREA_STYLE('',(#16337));
#16337 = FILL_AREA_STYLE_COLOUR('',#16015);
#16338 = STYLED_ITEM('color',(#16339),#3664);
#16339 = PRESENTATION_STYLE_ASSIGNMENT((#16340));
#16340 = SURFACE_STYLE_USAGE(.BOTH.,#16341);
#16341 = SURFACE_SIDE_STYLE('',(#16342));
#16342 = SURFACE_STYLE_FILL_AREA(#16343);
#16343 = FILL_AREA_STYLE('',(#16344));
#16344 = FILL_AREA_STYLE_COLOUR('',#16015);
#16345 = STYLED_ITEM('color',(#16346),#3681);
#16346 = PRESENTATION_STYLE_ASSIGNMENT((#16347));
#16347 = SURFACE_STYLE_USAGE(.BOTH.,#16348);
#16348 = SURFACE_SIDE_STYLE('',(#16349));
#16349 = SURFACE_STYLE_FILL_AREA(#16350);
#16350 = FILL_AREA_STYLE('',(#16351));
#16351 = FILL_AREA_STYLE_COLOUR('',#16015);
#16352 = STYLED_ITEM('color',(#16353),#3712);
#16353 = PRESENTATION_STYLE_ASSIGNMENT((#16354));
#16354 = SURFACE_STYLE_USAGE(.BOTH.,#16355);
#16355 = SURFACE_SIDE_STYLE('',(#16356));
#16356 = SURFACE_STYLE_FILL_AREA(#16357);
#16357 = FILL_AREA_STYLE('',(#16358));
#16358 = FILL_AREA_STYLE_COLOUR('',#16015);
#16359 = STYLED_ITEM('color',(#16360),#3736);
#16360 = PRESENTATION_STYLE_ASSIGNMENT((#16361));
#16361 = SURFACE_STYLE_USAGE(.BOTH.,#16362);
#16362 = SURFACE_SIDE_STYLE('',(#16363));
#16363 = SURFACE_STYLE_FILL_AREA(#16364);
#16364 = FILL_AREA_STYLE('',(#16365));
#16365 = FILL_AREA_STYLE_COLOUR('',#16015);
#16366 = STYLED_ITEM('color',(#16367),#3760);
#16367 = PRESENTATION_STYLE_ASSIGNMENT((#16368));
#16368 = SURFACE_STYLE_USAGE(.BOTH.,#16369);
#16369 = SURFACE_SIDE_STYLE('',(#16370));
#16370 = SURFACE_STYLE_FILL_AREA(#16371);
#16371 = FILL_AREA_STYLE('',(#16372));
#16372 = FILL_AREA_STYLE_COLOUR('',#16015);
#16373 = STYLED_ITEM('color',(#16374),#3777);
#16374 = PRESENTATION_STYLE_ASSIGNMENT((#16375));
#16375 = SURFACE_STYLE_USAGE(.BOTH.,#16376);
#16376 = SURFACE_SIDE_STYLE('',(#16377));
#16377 = SURFACE_STYLE_FILL_AREA(#16378);
#16378 = FILL_AREA_STYLE('',(#16379));
#16379 = FILL_AREA_STYLE_COLOUR('',#16015);
#16380 = STYLED_ITEM('color',(#16381),#3808);
#16381 = PRESENTATION_STYLE_ASSIGNMENT((#16382));
#16382 = SURFACE_STYLE_USAGE(.BOTH.,#16383);
#16383 = SURFACE_SIDE_STYLE('',(#16384));
#16384 = SURFACE_STYLE_FILL_AREA(#16385);
#16385 = FILL_AREA_STYLE('',(#16386));
#16386 = FILL_AREA_STYLE_COLOUR('',#16015);
#16387 = STYLED_ITEM('color',(#16388),#3832);
#16388 = PRESENTATION_STYLE_ASSIGNMENT((#16389));
#16389 = SURFACE_STYLE_USAGE(.BOTH.,#16390);
#16390 = SURFACE_SIDE_STYLE('',(#16391));
#16391 = SURFACE_STYLE_FILL_AREA(#16392);
#16392 = FILL_AREA_STYLE('',(#16393));
#16393 = FILL_AREA_STYLE_COLOUR('',#16015);
#16394 = STYLED_ITEM('color',(#16395),#3856);
#16395 = PRESENTATION_STYLE_ASSIGNMENT((#16396));
#16396 = SURFACE_STYLE_USAGE(.BOTH.,#16397);
#16397 = SURFACE_SIDE_STYLE('',(#16398));
#16398 = SURFACE_STYLE_FILL_AREA(#16399);
#16399 = FILL_AREA_STYLE('',(#16400));
#16400 = FILL_AREA_STYLE_COLOUR('',#16015);
#16401 = STYLED_ITEM('color',(#16402),#3873);
#16402 = PRESENTATION_STYLE_ASSIGNMENT((#16403));
#16403 = SURFACE_STYLE_USAGE(.BOTH.,#16404);
#16404 = SURFACE_SIDE_STYLE('',(#16405));
#16405 = SURFACE_STYLE_FILL_AREA(#16406);
#16406 = FILL_AREA_STYLE('',(#16407));
#16407 = FILL_AREA_STYLE_COLOUR('',#16015);
#16408 = STYLED_ITEM('color',(#16409),#3904);
#16409 = PRESENTATION_STYLE_ASSIGNMENT((#16410));
#16410 = SURFACE_STYLE_USAGE(.BOTH.,#16411);
#16411 = SURFACE_SIDE_STYLE('',(#16412));
#16412 = SURFACE_STYLE_FILL_AREA(#16413);
#16413 = FILL_AREA_STYLE('',(#16414));
#16414 = FILL_AREA_STYLE_COLOUR('',#16015);
#16415 = STYLED_ITEM('color',(#16416),#3928);
#16416 = PRESENTATION_STYLE_ASSIGNMENT((#16417));
#16417 = SURFACE_STYLE_USAGE(.BOTH.,#16418);
#16418 = SURFACE_SIDE_STYLE('',(#16419));
#16419 = SURFACE_STYLE_FILL_AREA(#16420);
#16420 = FILL_AREA_STYLE('',(#16421));
#16421 = FILL_AREA_STYLE_COLOUR('',#16015);
#16422 = STYLED_ITEM('color',(#16423),#3952);
#16423 = PRESENTATION_STYLE_ASSIGNMENT((#16424));
#16424 = SURFACE_STYLE_USAGE(.BOTH.,#16425);
#16425 = SURFACE_SIDE_STYLE('',(#16426));
#16426 = SURFACE_STYLE_FILL_AREA(#16427);
#16427 = FILL_AREA_STYLE('',(#16428));
#16428 = FILL_AREA_STYLE_COLOUR('',#16015);
#16429 = STYLED_ITEM('color',(#16430),#3969);
#16430 = PRESENTATION_STYLE_ASSIGNMENT((#16431));
#16431 = SURFACE_STYLE_USAGE(.BOTH.,#16432);
#16432 = SURFACE_SIDE_STYLE('',(#16433));
#16433 = SURFACE_STYLE_FILL_AREA(#16434);
#16434 = FILL_AREA_STYLE('',(#16435));
#16435 = FILL_AREA_STYLE_COLOUR('',#16015);
#16436 = STYLED_ITEM('color',(#16437),#4000);
#16437 = PRESENTATION_STYLE_ASSIGNMENT((#16438));
#16438 = SURFACE_STYLE_USAGE(.BOTH.,#16439);
#16439 = SURFACE_SIDE_STYLE('',(#16440));
#16440 = SURFACE_STYLE_FILL_AREA(#16441);
#16441 = FILL_AREA_STYLE('',(#16442));
#16442 = FILL_AREA_STYLE_COLOUR('',#16015);
#16443 = STYLED_ITEM('color',(#16444),#4024);
#16444 = PRESENTATION_STYLE_ASSIGNMENT((#16445));
#16445 = SURFACE_STYLE_USAGE(.BOTH.,#16446);
#16446 = SURFACE_SIDE_STYLE('',(#16447));
#16447 = SURFACE_STYLE_FILL_AREA(#16448);
#16448 = FILL_AREA_STYLE('',(#16449));
#16449 = FILL_AREA_STYLE_COLOUR('',#16015);
#16450 = STYLED_ITEM('color',(#16451),#4048);
#16451 = PRESENTATION_STYLE_ASSIGNMENT((#16452));
#16452 = SURFACE_STYLE_USAGE(.BOTH.,#16453);
#16453 = SURFACE_SIDE_STYLE('',(#16454));
#16454 = SURFACE_STYLE_FILL_AREA(#16455);
#16455 = FILL_AREA_STYLE('',(#16456));
#16456 = FILL_AREA_STYLE_COLOUR('',#16015);
#16457 = STYLED_ITEM('color',(#16458),#4065);
#16458 = PRESENTATION_STYLE_ASSIGNMENT((#16459));
#16459 = SURFACE_STYLE_USAGE(.BOTH.,#16460);
#16460 = SURFACE_SIDE_STYLE('',(#16461));
#16461 = SURFACE_STYLE_FILL_AREA(#16462);
#16462 = FILL_AREA_STYLE('',(#16463));
#16463 = FILL_AREA_STYLE_COLOUR('',#16015);
#16464 = STYLED_ITEM('color',(#16465),#4096);
#16465 = PRESENTATION_STYLE_ASSIGNMENT((#16466));
#16466 = SURFACE_STYLE_USAGE(.BOTH.,#16467);
#16467 = SURFACE_SIDE_STYLE('',(#16468));
#16468 = SURFACE_STYLE_FILL_AREA(#16469);
#16469 = FILL_AREA_STYLE('',(#16470));
#16470 = FILL_AREA_STYLE_COLOUR('',#16015);
#16471 = STYLED_ITEM('color',(#16472),#4120);
#16472 = PRESENTATION_STYLE_ASSIGNMENT((#16473));
#16473 = SURFACE_STYLE_USAGE(.BOTH.,#16474);
#16474 = SURFACE_SIDE_STYLE('',(#16475));
#16475 = SURFACE_STYLE_FILL_AREA(#16476);
#16476 = FILL_AREA_STYLE('',(#16477));
#16477 = FILL_AREA_STYLE_COLOUR('',#16015);
#16478 = STYLED_ITEM('color',(#16479),#4144);
#16479 = PRESENTATION_STYLE_ASSIGNMENT((#16480));
#16480 = SURFACE_STYLE_USAGE(.BOTH.,#16481);
#16481 = SURFACE_SIDE_STYLE('',(#16482));
#16482 = SURFACE_STYLE_FILL_AREA(#16483);
#16483 = FILL_AREA_STYLE('',(#16484));
#16484 = FILL_AREA_STYLE_COLOUR('',#16015);
#16485 = STYLED_ITEM('color',(#16486),#4161);
#16486 = PRESENTATION_STYLE_ASSIGNMENT((#16487));
#16487 = SURFACE_STYLE_USAGE(.BOTH.,#16488);
#16488 = SURFACE_SIDE_STYLE('',(#16489));
#16489 = SURFACE_STYLE_FILL_AREA(#16490);
#16490 = FILL_AREA_STYLE('',(#16491));
#16491 = FILL_AREA_STYLE_COLOUR('',#16015);
#16492 = STYLED_ITEM('color',(#16493),#4192);
#16493 = PRESENTATION_STYLE_ASSIGNMENT((#16494));
#16494 = SURFACE_STYLE_USAGE(.BOTH.,#16495);
#16495 = SURFACE_SIDE_STYLE('',(#16496));
#16496 = SURFACE_STYLE_FILL_AREA(#16497);
#16497 = FILL_AREA_STYLE('',(#16498));
#16498 = FILL_AREA_STYLE_COLOUR('',#16015);
#16499 = STYLED_ITEM('color',(#16500),#4216);
#16500 = PRESENTATION_STYLE_ASSIGNMENT((#16501));
#16501 = SURFACE_STYLE_USAGE(.BOTH.,#16502);
#16502 = SURFACE_SIDE_STYLE('',(#16503));
#16503 = SURFACE_STYLE_FILL_AREA(#16504);
#16504 = FILL_AREA_STYLE('',(#16505));
#16505 = FILL_AREA_STYLE_COLOUR('',#16015);
#16506 = STYLED_ITEM('color',(#16507),#4240);
#16507 = PRESENTATION_STYLE_ASSIGNMENT((#16508));
#16508 = SURFACE_STYLE_USAGE(.BOTH.,#16509);
#16509 = SURFACE_SIDE_STYLE('',(#16510));
#16510 = SURFACE_STYLE_FILL_AREA(#16511);
#16511 = FILL_AREA_STYLE('',(#16512));
#16512 = FILL_AREA_STYLE_COLOUR('',#16015);
#16513 = STYLED_ITEM('color',(#16514),#4257);
#16514 = PRESENTATION_STYLE_ASSIGNMENT((#16515));
#16515 = SURFACE_STYLE_USAGE(.BOTH.,#16516);
#16516 = SURFACE_SIDE_STYLE('',(#16517));
#16517 = SURFACE_STYLE_FILL_AREA(#16518);
#16518 = FILL_AREA_STYLE('',(#16519));
#16519 = FILL_AREA_STYLE_COLOUR('',#16015);
#16520 = STYLED_ITEM('color',(#16521),#4288);
#16521 = PRESENTATION_STYLE_ASSIGNMENT((#16522));
#16522 = SURFACE_STYLE_USAGE(.BOTH.,#16523);
#16523 = SURFACE_SIDE_STYLE('',(#16524));
#16524 = SURFACE_STYLE_FILL_AREA(#16525);
#16525 = FILL_AREA_STYLE('',(#16526));
#16526 = FILL_AREA_STYLE_COLOUR('',#16015);
#16527 = STYLED_ITEM('color',(#16528),#4312);
#16528 = PRESENTATION_STYLE_ASSIGNMENT((#16529));
#16529 = SURFACE_STYLE_USAGE(.BOTH.,#16530);
#16530 = SURFACE_SIDE_STYLE('',(#16531));
#16531 = SURFACE_STYLE_FILL_AREA(#16532);
#16532 = FILL_AREA_STYLE('',(#16533));
#16533 = FILL_AREA_STYLE_COLOUR('',#16015);
#16534 = STYLED_ITEM('color',(#16535),#4336);
#16535 = PRESENTATION_STYLE_ASSIGNMENT((#16536));
#16536 = SURFACE_STYLE_USAGE(.BOTH.,#16537);
#16537 = SURFACE_SIDE_STYLE('',(#16538));
#16538 = SURFACE_STYLE_FILL_AREA(#16539);
#16539 = FILL_AREA_STYLE('',(#16540));
#16540 = FILL_AREA_STYLE_COLOUR('',#16015);
#16541 = STYLED_ITEM('color',(#16542),#4353);
#16542 = PRESENTATION_STYLE_ASSIGNMENT((#16543));
#16543 = SURFACE_STYLE_USAGE(.BOTH.,#16544);
#16544 = SURFACE_SIDE_STYLE('',(#16545));
#16545 = SURFACE_STYLE_FILL_AREA(#16546);
#16546 = FILL_AREA_STYLE('',(#16547));
#16547 = FILL_AREA_STYLE_COLOUR('',#16015);
#16548 = STYLED_ITEM('color',(#16549),#4384);
#16549 = PRESENTATION_STYLE_ASSIGNMENT((#16550));
#16550 = SURFACE_STYLE_USAGE(.BOTH.,#16551);
#16551 = SURFACE_SIDE_STYLE('',(#16552));
#16552 = SURFACE_STYLE_FILL_AREA(#16553);
#16553 = FILL_AREA_STYLE('',(#16554));
#16554 = FILL_AREA_STYLE_COLOUR('',#16015);
#16555 = STYLED_ITEM('color',(#16556),#4408);
#16556 = PRESENTATION_STYLE_ASSIGNMENT((#16557));
#16557 = SURFACE_STYLE_USAGE(.BOTH.,#16558);
#16558 = SURFACE_SIDE_STYLE('',(#16559));
#16559 = SURFACE_STYLE_FILL_AREA(#16560);
#16560 = FILL_AREA_STYLE('',(#16561));
#16561 = FILL_AREA_STYLE_COLOUR('',#16015);
#16562 = STYLED_ITEM('color',(#16563),#4432);
#16563 = PRESENTATION_STYLE_ASSIGNMENT((#16564));
#16564 = SURFACE_STYLE_USAGE(.BOTH.,#16565);
#16565 = SURFACE_SIDE_STYLE('',(#16566));
#16566 = SURFACE_STYLE_FILL_AREA(#16567);
#16567 = FILL_AREA_STYLE('',(#16568));
#16568 = FILL_AREA_STYLE_COLOUR('',#16015);
#16569 = STYLED_ITEM('color',(#16570),#4449);
#16570 = PRESENTATION_STYLE_ASSIGNMENT((#16571));
#16571 = SURFACE_STYLE_USAGE(.BOTH.,#16572);
#16572 = SURFACE_SIDE_STYLE('',(#16573));
#16573 = SURFACE_STYLE_FILL_AREA(#16574);
#16574 = FILL_AREA_STYLE('',(#16575));
#16575 = FILL_AREA_STYLE_COLOUR('',#16015);
#16576 = STYLED_ITEM('color',(#16577),#4480);
#16577 = PRESENTATION_STYLE_ASSIGNMENT((#16578));
#16578 = SURFACE_STYLE_USAGE(.BOTH.,#16579);
#16579 = SURFACE_SIDE_STYLE('',(#16580));
#16580 = SURFACE_STYLE_FILL_AREA(#16581);
#16581 = FILL_AREA_STYLE('',(#16582));
#16582 = FILL_AREA_STYLE_COLOUR('',#16015);
#16583 = STYLED_ITEM('color',(#16584),#4504);
#16584 = PRESENTATION_STYLE_ASSIGNMENT((#16585));
#16585 = SURFACE_STYLE_USAGE(.BOTH.,#16586);
#16586 = SURFACE_SIDE_STYLE('',(#16587));
#16587 = SURFACE_STYLE_FILL_AREA(#16588);
#16588 = FILL_AREA_STYLE('',(#16589));
#16589 = FILL_AREA_STYLE_COLOUR('',#16015);
#16590 = STYLED_ITEM('color',(#16591),#4528);
#16591 = PRESENTATION_STYLE_ASSIGNMENT((#16592));
#16592 = SURFACE_STYLE_USAGE(.BOTH.,#16593);
#16593 = SURFACE_SIDE_STYLE('',(#16594));
#16594 = SURFACE_STYLE_FILL_AREA(#16595);
#16595 = FILL_AREA_STYLE('',(#16596));
#16596 = FILL_AREA_STYLE_COLOUR('',#16015);
#16597 = STYLED_ITEM('color',(#16598),#4545);
#16598 = PRESENTATION_STYLE_ASSIGNMENT((#16599));
#16599 = SURFACE_STYLE_USAGE(.BOTH.,#16600);
#16600 = SURFACE_SIDE_STYLE('',(#16601));
#16601 = SURFACE_STYLE_FILL_AREA(#16602);
#16602 = FILL_AREA_STYLE('',(#16603));
#16603 = FILL_AREA_STYLE_COLOUR('',#16015);
#16604 = STYLED_ITEM('color',(#16605),#4576);
#16605 = PRESENTATION_STYLE_ASSIGNMENT((#16606));
#16606 = SURFACE_STYLE_USAGE(.BOTH.,#16607);
#16607 = SURFACE_SIDE_STYLE('',(#16608));
#16608 = SURFACE_STYLE_FILL_AREA(#16609);
#16609 = FILL_AREA_STYLE('',(#16610));
#16610 = FILL_AREA_STYLE_COLOUR('',#16015);
#16611 = STYLED_ITEM('color',(#16612),#4600);
#16612 = PRESENTATION_STYLE_ASSIGNMENT((#16613));
#16613 = SURFACE_STYLE_USAGE(.BOTH.,#16614);
#16614 = SURFACE_SIDE_STYLE('',(#16615));
#16615 = SURFACE_STYLE_FILL_AREA(#16616);
#16616 = FILL_AREA_STYLE('',(#16617));
#16617 = FILL_AREA_STYLE_COLOUR('',#16015);
#16618 = STYLED_ITEM('color',(#16619),#4624);
#16619 = PRESENTATION_STYLE_ASSIGNMENT((#16620));
#16620 = SURFACE_STYLE_USAGE(.BOTH.,#16621);
#16621 = SURFACE_SIDE_STYLE('',(#16622));
#16622 = SURFACE_STYLE_FILL_AREA(#16623);
#16623 = FILL_AREA_STYLE('',(#16624));
#16624 = FILL_AREA_STYLE_COLOUR('',#16015);
#16625 = STYLED_ITEM('color',(#16626),#4641);
#16626 = PRESENTATION_STYLE_ASSIGNMENT((#16627));
#16627 = SURFACE_STYLE_USAGE(.BOTH.,#16628);
#16628 = SURFACE_SIDE_STYLE('',(#16629));
#16629 = SURFACE_STYLE_FILL_AREA(#16630);
#16630 = FILL_AREA_STYLE('',(#16631));
#16631 = FILL_AREA_STYLE_COLOUR('',#16015);
#16632 = STYLED_ITEM('color',(#16633),#4672);
#16633 = PRESENTATION_STYLE_ASSIGNMENT((#16634));
#16634 = SURFACE_STYLE_USAGE(.BOTH.,#16635);
#16635 = SURFACE_SIDE_STYLE('',(#16636));
#16636 = SURFACE_STYLE_FILL_AREA(#16637);
#16637 = FILL_AREA_STYLE('',(#16638));
#16638 = FILL_AREA_STYLE_COLOUR('',#16015);
#16639 = STYLED_ITEM('color',(#16640),#4696);
#16640 = PRESENTATION_STYLE_ASSIGNMENT((#16641));
#16641 = SURFACE_STYLE_USAGE(.BOTH.,#16642);
#16642 = SURFACE_SIDE_STYLE('',(#16643));
#16643 = SURFACE_STYLE_FILL_AREA(#16644);
#16644 = FILL_AREA_STYLE('',(#16645));
#16645 = FILL_AREA_STYLE_COLOUR('',#16015);
#16646 = STYLED_ITEM('color',(#16647),#4720);
#16647 = PRESENTATION_STYLE_ASSIGNMENT((#16648));
#16648 = SURFACE_STYLE_USAGE(.BOTH.,#16649);
#16649 = SURFACE_SIDE_STYLE('',(#16650));
#16650 = SURFACE_STYLE_FILL_AREA(#16651);
#16651 = FILL_AREA_STYLE('',(#16652));
#16652 = FILL_AREA_STYLE_COLOUR('',#16015);
#16653 = STYLED_ITEM('color',(#16654),#4737);
#16654 = PRESENTATION_STYLE_ASSIGNMENT((#16655));
#16655 = SURFACE_STYLE_USAGE(.BOTH.,#16656);
#16656 = SURFACE_SIDE_STYLE('',(#16657));
#16657 = SURFACE_STYLE_FILL_AREA(#16658);
#16658 = FILL_AREA_STYLE('',(#16659));
#16659 = FILL_AREA_STYLE_COLOUR('',#16015);
#16660 = STYLED_ITEM('color',(#16661),#4768);
#16661 = PRESENTATION_STYLE_ASSIGNMENT((#16662));
#16662 = SURFACE_STYLE_USAGE(.BOTH.,#16663);
#16663 = SURFACE_SIDE_STYLE('',(#16664));
#16664 = SURFACE_STYLE_FILL_AREA(#16665);
#16665 = FILL_AREA_STYLE('',(#16666));
#16666 = FILL_AREA_STYLE_COLOUR('',#16015);
#16667 = STYLED_ITEM('color',(#16668),#4792);
#16668 = PRESENTATION_STYLE_ASSIGNMENT((#16669));
#16669 = SURFACE_STYLE_USAGE(.BOTH.,#16670);
#16670 = SURFACE_SIDE_STYLE('',(#16671));
#16671 = SURFACE_STYLE_FILL_AREA(#16672);
#16672 = FILL_AREA_STYLE('',(#16673));
#16673 = FILL_AREA_STYLE_COLOUR('',#16015);
#16674 = STYLED_ITEM('color',(#16675),#4816);
#16675 = PRESENTATION_STYLE_ASSIGNMENT((#16676));
#16676 = SURFACE_STYLE_USAGE(.BOTH.,#16677);
#16677 = SURFACE_SIDE_STYLE('',(#16678));
#16678 = SURFACE_STYLE_FILL_AREA(#16679);
#16679 = FILL_AREA_STYLE('',(#16680));
#16680 = FILL_AREA_STYLE_COLOUR('',#16015);
#16681 = STYLED_ITEM('color',(#16682),#4833);
#16682 = PRESENTATION_STYLE_ASSIGNMENT((#16683));
#16683 = SURFACE_STYLE_USAGE(.BOTH.,#16684);
#16684 = SURFACE_SIDE_STYLE('',(#16685));
#16685 = SURFACE_STYLE_FILL_AREA(#16686);
#16686 = FILL_AREA_STYLE('',(#16687));
#16687 = FILL_AREA_STYLE_COLOUR('',#16015);
#16688 = STYLED_ITEM('color',(#16689),#4864);
#16689 = PRESENTATION_STYLE_ASSIGNMENT((#16690));
#16690 = SURFACE_STYLE_USAGE(.BOTH.,#16691);
#16691 = SURFACE_SIDE_STYLE('',(#16692));
#16692 = SURFACE_STYLE_FILL_AREA(#16693);
#16693 = FILL_AREA_STYLE('',(#16694));
#16694 = FILL_AREA_STYLE_COLOUR('',#16015);
#16695 = STYLED_ITEM('color',(#16696),#4888);
#16696 = PRESENTATION_STYLE_ASSIGNMENT((#16697));
#16697 = SURFACE_STYLE_USAGE(.BOTH.,#16698);
#16698 = SURFACE_SIDE_STYLE('',(#16699));
#16699 = SURFACE_STYLE_FILL_AREA(#16700);
#16700 = FILL_AREA_STYLE('',(#16701));
#16701 = FILL_AREA_STYLE_COLOUR('',#16015);
#16702 = STYLED_ITEM('color',(#16703),#4912);
#16703 = PRESENTATION_STYLE_ASSIGNMENT((#16704));
#16704 = SURFACE_STYLE_USAGE(.BOTH.,#16705);
#16705 = SURFACE_SIDE_STYLE('',(#16706));
#16706 = SURFACE_STYLE_FILL_AREA(#16707);
#16707 = FILL_AREA_STYLE('',(#16708));
#16708 = FILL_AREA_STYLE_COLOUR('',#16015);
#16709 = STYLED_ITEM('color',(#16710),#4929);
#16710 = PRESENTATION_STYLE_ASSIGNMENT((#16711));
#16711 = SURFACE_STYLE_USAGE(.BOTH.,#16712);
#16712 = SURFACE_SIDE_STYLE('',(#16713));
#16713 = SURFACE_STYLE_FILL_AREA(#16714);
#16714 = FILL_AREA_STYLE('',(#16715));
#16715 = FILL_AREA_STYLE_COLOUR('',#16015);
#16716 = STYLED_ITEM('color',(#16717),#4960);
#16717 = PRESENTATION_STYLE_ASSIGNMENT((#16718));
#16718 = SURFACE_STYLE_USAGE(.BOTH.,#16719);
#16719 = SURFACE_SIDE_STYLE('',(#16720));
#16720 = SURFACE_STYLE_FILL_AREA(#16721);
#16721 = FILL_AREA_STYLE('',(#16722));
#16722 = FILL_AREA_STYLE_COLOUR('',#16015);
#16723 = STYLED_ITEM('color',(#16724),#4984);
#16724 = PRESENTATION_STYLE_ASSIGNMENT((#16725));
#16725 = SURFACE_STYLE_USAGE(.BOTH.,#16726);
#16726 = SURFACE_SIDE_STYLE('',(#16727));
#16727 = SURFACE_STYLE_FILL_AREA(#16728);
#16728 = FILL_AREA_STYLE('',(#16729));
#16729 = FILL_AREA_STYLE_COLOUR('',#16015);
#16730 = STYLED_ITEM('color',(#16731),#5008);
#16731 = PRESENTATION_STYLE_ASSIGNMENT((#16732));
#16732 = SURFACE_STYLE_USAGE(.BOTH.,#16733);
#16733 = SURFACE_SIDE_STYLE('',(#16734));
#16734 = SURFACE_STYLE_FILL_AREA(#16735);
#16735 = FILL_AREA_STYLE('',(#16736));
#16736 = FILL_AREA_STYLE_COLOUR('',#16015);
#16737 = STYLED_ITEM('color',(#16738),#5025);
#16738 = PRESENTATION_STYLE_ASSIGNMENT((#16739));
#16739 = SURFACE_STYLE_USAGE(.BOTH.,#16740);
#16740 = SURFACE_SIDE_STYLE('',(#16741));
#16741 = SURFACE_STYLE_FILL_AREA(#16742);
#16742 = FILL_AREA_STYLE('',(#16743));
#16743 = FILL_AREA_STYLE_COLOUR('',#16015);
#16744 = STYLED_ITEM('color',(#16745),#5056);
#16745 = PRESENTATION_STYLE_ASSIGNMENT((#16746));
#16746 = SURFACE_STYLE_USAGE(.BOTH.,#16747);
#16747 = SURFACE_SIDE_STYLE('',(#16748));
#16748 = SURFACE_STYLE_FILL_AREA(#16749);
#16749 = FILL_AREA_STYLE('',(#16750));
#16750 = FILL_AREA_STYLE_COLOUR('',#16015);
#16751 = STYLED_ITEM('color',(#16752),#5080);
#16752 = PRESENTATION_STYLE_ASSIGNMENT((#16753));
#16753 = SURFACE_STYLE_USAGE(.BOTH.,#16754);
#16754 = SURFACE_SIDE_STYLE('',(#16755));
#16755 = SURFACE_STYLE_FILL_AREA(#16756);
#16756 = FILL_AREA_STYLE('',(#16757));
#16757 = FILL_AREA_STYLE_COLOUR('',#16015);
#16758 = STYLED_ITEM('color',(#16759),#5104);
#16759 = PRESENTATION_STYLE_ASSIGNMENT((#16760));
#16760 = SURFACE_STYLE_USAGE(.BOTH.,#16761);
#16761 = SURFACE_SIDE_STYLE('',(#16762));
#16762 = SURFACE_STYLE_FILL_AREA(#16763);
#16763 = FILL_AREA_STYLE('',(#16764));
#16764 = FILL_AREA_STYLE_COLOUR('',#16015);
#16765 = STYLED_ITEM('color',(#16766),#5121);
#16766 = PRESENTATION_STYLE_ASSIGNMENT((#16767));
#16767 = SURFACE_STYLE_USAGE(.BOTH.,#16768);
#16768 = SURFACE_SIDE_STYLE('',(#16769));
#16769 = SURFACE_STYLE_FILL_AREA(#16770);
#16770 = FILL_AREA_STYLE('',(#16771));
#16771 = FILL_AREA_STYLE_COLOUR('',#16015);
#16772 = STYLED_ITEM('color',(#16773),#5152);
#16773 = PRESENTATION_STYLE_ASSIGNMENT((#16774));
#16774 = SURFACE_STYLE_USAGE(.BOTH.,#16775);
#16775 = SURFACE_SIDE_STYLE('',(#16776));
#16776 = SURFACE_STYLE_FILL_AREA(#16777);
#16777 = FILL_AREA_STYLE('',(#16778));
#16778 = FILL_AREA_STYLE_COLOUR('',#16015);
#16779 = STYLED_ITEM('color',(#16780),#5176);
#16780 = PRESENTATION_STYLE_ASSIGNMENT((#16781));
#16781 = SURFACE_STYLE_USAGE(.BOTH.,#16782);
#16782 = SURFACE_SIDE_STYLE('',(#16783));
#16783 = SURFACE_STYLE_FILL_AREA(#16784);
#16784 = FILL_AREA_STYLE('',(#16785));
#16785 = FILL_AREA_STYLE_COLOUR('',#16015);
#16786 = STYLED_ITEM('color',(#16787),#5200);
#16787 = PRESENTATION_STYLE_ASSIGNMENT((#16788));
#16788 = SURFACE_STYLE_USAGE(.BOTH.,#16789);
#16789 = SURFACE_SIDE_STYLE('',(#16790));
#16790 = SURFACE_STYLE_FILL_AREA(#16791);
#16791 = FILL_AREA_STYLE('',(#16792));
#16792 = FILL_AREA_STYLE_COLOUR('',#16015);
#16793 = STYLED_ITEM('color',(#16794),#5217);
#16794 = PRESENTATION_STYLE_ASSIGNMENT((#16795));
#16795 = SURFACE_STYLE_USAGE(.BOTH.,#16796);
#16796 = SURFACE_SIDE_STYLE('',(#16797));
#16797 = SURFACE_STYLE_FILL_AREA(#16798);
#16798 = FILL_AREA_STYLE('',(#16799));
#16799 = FILL_AREA_STYLE_COLOUR('',#16015);
#16800 = STYLED_ITEM('color',(#16801),#5248);
#16801 = PRESENTATION_STYLE_ASSIGNMENT((#16802));
#16802 = SURFACE_STYLE_USAGE(.BOTH.,#16803);
#16803 = SURFACE_SIDE_STYLE('',(#16804));
#16804 = SURFACE_STYLE_FILL_AREA(#16805);
#16805 = FILL_AREA_STYLE('',(#16806));
#16806 = FILL_AREA_STYLE_COLOUR('',#16015);
#16807 = STYLED_ITEM('color',(#16808),#5272);
#16808 = PRESENTATION_STYLE_ASSIGNMENT((#16809));
#16809 = SURFACE_STYLE_USAGE(.BOTH.,#16810);
#16810 = SURFACE_SIDE_STYLE('',(#16811));
#16811 = SURFACE_STYLE_FILL_AREA(#16812);
#16812 = FILL_AREA_STYLE('',(#16813));
#16813 = FILL_AREA_STYLE_COLOUR('',#16015);
#16814 = STYLED_ITEM('color',(#16815),#5296);
#16815 = PRESENTATION_STYLE_ASSIGNMENT((#16816));
#16816 = SURFACE_STYLE_USAGE(.BOTH.,#16817);
#16817 = SURFACE_SIDE_STYLE('',(#16818));
#16818 = SURFACE_STYLE_FILL_AREA(#16819);
#16819 = FILL_AREA_STYLE('',(#16820));
#16820 = FILL_AREA_STYLE_COLOUR('',#16015);
#16821 = STYLED_ITEM('color',(#16822),#5313);
#16822 = PRESENTATION_STYLE_ASSIGNMENT((#16823));
#16823 = SURFACE_STYLE_USAGE(.BOTH.,#16824);
#16824 = SURFACE_SIDE_STYLE('',(#16825));
#16825 = SURFACE_STYLE_FILL_AREA(#16826);
#16826 = FILL_AREA_STYLE('',(#16827));
#16827 = FILL_AREA_STYLE_COLOUR('',#16015);
#16828 = STYLED_ITEM('color',(#16829),#5344);
#16829 = PRESENTATION_STYLE_ASSIGNMENT((#16830));
#16830 = SURFACE_STYLE_USAGE(.BOTH.,#16831);
#16831 = SURFACE_SIDE_STYLE('',(#16832));
#16832 = SURFACE_STYLE_FILL_AREA(#16833);
#16833 = FILL_AREA_STYLE('',(#16834));
#16834 = FILL_AREA_STYLE_COLOUR('',#16015);
#16835 = STYLED_ITEM('color',(#16836),#5368);
#16836 = PRESENTATION_STYLE_ASSIGNMENT((#16837));
#16837 = SURFACE_STYLE_USAGE(.BOTH.,#16838);
#16838 = SURFACE_SIDE_STYLE('',(#16839));
#16839 = SURFACE_STYLE_FILL_AREA(#16840);
#16840 = FILL_AREA_STYLE('',(#16841));
#16841 = FILL_AREA_STYLE_COLOUR('',#16015);
#16842 = STYLED_ITEM('color',(#16843),#5392);
#16843 = PRESENTATION_STYLE_ASSIGNMENT((#16844));
#16844 = SURFACE_STYLE_USAGE(.BOTH.,#16845);
#16845 = SURFACE_SIDE_STYLE('',(#16846));
#16846 = SURFACE_STYLE_FILL_AREA(#16847);
#16847 = FILL_AREA_STYLE('',(#16848));
#16848 = FILL_AREA_STYLE_COLOUR('',#16015);
#16849 = STYLED_ITEM('color',(#16850),#5409);
#16850 = PRESENTATION_STYLE_ASSIGNMENT((#16851));
#16851 = SURFACE_STYLE_USAGE(.BOTH.,#16852);
#16852 = SURFACE_SIDE_STYLE('',(#16853));
#16853 = SURFACE_STYLE_FILL_AREA(#16854);
#16854 = FILL_AREA_STYLE('',(#16855));
#16855 = FILL_AREA_STYLE_COLOUR('',#16015);
#16856 = STYLED_ITEM('color',(#16857),#5440);
#16857 = PRESENTATION_STYLE_ASSIGNMENT((#16858));
#16858 = SURFACE_STYLE_USAGE(.BOTH.,#16859);
#16859 = SURFACE_SIDE_STYLE('',(#16860));
#16860 = SURFACE_STYLE_FILL_AREA(#16861);
#16861 = FILL_AREA_STYLE('',(#16862));
#16862 = FILL_AREA_STYLE_COLOUR('',#16015);
#16863 = STYLED_ITEM('color',(#16864),#5464);
#16864 = PRESENTATION_STYLE_ASSIGNMENT((#16865));
#16865 = SURFACE_STYLE_USAGE(.BOTH.,#16866);
#16866 = SURFACE_SIDE_STYLE('',(#16867));
#16867 = SURFACE_STYLE_FILL_AREA(#16868);
#16868 = FILL_AREA_STYLE('',(#16869));
#16869 = FILL_AREA_STYLE_COLOUR('',#16015);
#16870 = STYLED_ITEM('color',(#16871),#5488);
#16871 = PRESENTATION_STYLE_ASSIGNMENT((#16872));
#16872 = SURFACE_STYLE_USAGE(.BOTH.,#16873);
#16873 = SURFACE_SIDE_STYLE('',(#16874));
#16874 = SURFACE_STYLE_FILL_AREA(#16875);
#16875 = FILL_AREA_STYLE('',(#16876));
#16876 = FILL_AREA_STYLE_COLOUR('',#16015);
#16877 = STYLED_ITEM('color',(#16878),#5505);
#16878 = PRESENTATION_STYLE_ASSIGNMENT((#16879));
#16879 = SURFACE_STYLE_USAGE(.BOTH.,#16880);
#16880 = SURFACE_SIDE_STYLE('',(#16881));
#16881 = SURFACE_STYLE_FILL_AREA(#16882);
#16882 = FILL_AREA_STYLE('',(#16883));
#16883 = FILL_AREA_STYLE_COLOUR('',#16015);
#16884 = STYLED_ITEM('color',(#16885),#5536);
#16885 = PRESENTATION_STYLE_ASSIGNMENT((#16886));
#16886 = SURFACE_STYLE_USAGE(.BOTH.,#16887);
#16887 = SURFACE_SIDE_STYLE('',(#16888));
#16888 = SURFACE_STYLE_FILL_AREA(#16889);
#16889 = FILL_AREA_STYLE('',(#16890));
#16890 = FILL_AREA_STYLE_COLOUR('',#16015);
#16891 = STYLED_ITEM('color',(#16892),#5560);
#16892 = PRESENTATION_STYLE_ASSIGNMENT((#16893));
#16893 = SURFACE_STYLE_USAGE(.BOTH.,#16894);
#16894 = SURFACE_SIDE_STYLE('',(#16895));
#16895 = SURFACE_STYLE_FILL_AREA(#16896);
#16896 = FILL_AREA_STYLE('',(#16897));
#16897 = FILL_AREA_STYLE_COLOUR('',#16015);
#16898 = STYLED_ITEM('color',(#16899),#5584);
#16899 = PRESENTATION_STYLE_ASSIGNMENT((#16900));
#16900 = SURFACE_STYLE_USAGE(.BOTH.,#16901);
#16901 = SURFACE_SIDE_STYLE('',(#16902));
#16902 = SURFACE_STYLE_FILL_AREA(#16903);
#16903 = FILL_AREA_STYLE('',(#16904));
#16904 = FILL_AREA_STYLE_COLOUR('',#16015);
#16905 = STYLED_ITEM('color',(#16906),#5601);
#16906 = PRESENTATION_STYLE_ASSIGNMENT((#16907));
#16907 = SURFACE_STYLE_USAGE(.BOTH.,#16908);
#16908 = SURFACE_SIDE_STYLE('',(#16909));
#16909 = SURFACE_STYLE_FILL_AREA(#16910);
#16910 = FILL_AREA_STYLE('',(#16911));
#16911 = FILL_AREA_STYLE_COLOUR('',#16015);
#16912 = STYLED_ITEM('color',(#16913),#5613);
#16913 = PRESENTATION_STYLE_ASSIGNMENT((#16914));
#16914 = SURFACE_STYLE_USAGE(.BOTH.,#16915);
#16915 = SURFACE_SIDE_STYLE('',(#16916));
#16916 = SURFACE_STYLE_FILL_AREA(#16917);
#16917 = FILL_AREA_STYLE('',(#16918));
#16918 = FILL_AREA_STYLE_COLOUR('',#16015);
#16919 = STYLED_ITEM('color',(#16920),#5625);
#16920 = PRESENTATION_STYLE_ASSIGNMENT((#16921));
#16921 = SURFACE_STYLE_USAGE(.BOTH.,#16922);
#16922 = SURFACE_SIDE_STYLE('',(#16923));
#16923 = SURFACE_STYLE_FILL_AREA(#16924);
#16924 = FILL_AREA_STYLE('',(#16925));
#16925 = FILL_AREA_STYLE_COLOUR('',#16015);
#16926 = STYLED_ITEM('color',(#16927),#5637);
#16927 = PRESENTATION_STYLE_ASSIGNMENT((#16928));
#16928 = SURFACE_STYLE_USAGE(.BOTH.,#16929);
#16929 = SURFACE_SIDE_STYLE('',(#16930));
#16930 = SURFACE_STYLE_FILL_AREA(#16931);
#16931 = FILL_AREA_STYLE('',(#16932));
#16932 = FILL_AREA_STYLE_COLOUR('',#16015);
#16933 = STYLED_ITEM('color',(#16934),#5649);
#16934 = PRESENTATION_STYLE_ASSIGNMENT((#16935));
#16935 = SURFACE_STYLE_USAGE(.BOTH.,#16936);
#16936 = SURFACE_SIDE_STYLE('',(#16937));
#16937 = SURFACE_STYLE_FILL_AREA(#16938);
#16938 = FILL_AREA_STYLE('',(#16939));
#16939 = FILL_AREA_STYLE_COLOUR('',#16015);
#16940 = STYLED_ITEM('color',(#16941),#5661);
#16941 = PRESENTATION_STYLE_ASSIGNMENT((#16942));
#16942 = SURFACE_STYLE_USAGE(.BOTH.,#16943);
#16943 = SURFACE_SIDE_STYLE('',(#16944));
#16944 = SURFACE_STYLE_FILL_AREA(#16945);
#16945 = FILL_AREA_STYLE('',(#16946));
#16946 = FILL_AREA_STYLE_COLOUR('',#16015);
#16947 = STYLED_ITEM('color',(#16948),#5673);
#16948 = PRESENTATION_STYLE_ASSIGNMENT((#16949));
#16949 = SURFACE_STYLE_USAGE(.BOTH.,#16950);
#16950 = SURFACE_SIDE_STYLE('',(#16951));
#16951 = SURFACE_STYLE_FILL_AREA(#16952);
#16952 = FILL_AREA_STYLE('',(#16953));
#16953 = FILL_AREA_STYLE_COLOUR('',#16015);
#16954 = STYLED_ITEM('color',(#16955),#5685);
#16955 = PRESENTATION_STYLE_ASSIGNMENT((#16956));
#16956 = SURFACE_STYLE_USAGE(.BOTH.,#16957);
#16957 = SURFACE_SIDE_STYLE('',(#16958));
#16958 = SURFACE_STYLE_FILL_AREA(#16959);
#16959 = FILL_AREA_STYLE('',(#16960));
#16960 = FILL_AREA_STYLE_COLOUR('',#16015);
#16961 = STYLED_ITEM('color',(#16962),#5697);
#16962 = PRESENTATION_STYLE_ASSIGNMENT((#16963));
#16963 = SURFACE_STYLE_USAGE(.BOTH.,#16964);
#16964 = SURFACE_SIDE_STYLE('',(#16965));
#16965 = SURFACE_STYLE_FILL_AREA(#16966);
#16966 = FILL_AREA_STYLE('',(#16967));
#16967 = FILL_AREA_STYLE_COLOUR('',#16015);
#16968 = STYLED_ITEM('color',(#16969),#5709);
#16969 = PRESENTATION_STYLE_ASSIGNMENT((#16970));
#16970 = SURFACE_STYLE_USAGE(.BOTH.,#16971);
#16971 = SURFACE_SIDE_STYLE('',(#16972));
#16972 = SURFACE_STYLE_FILL_AREA(#16973);
#16973 = FILL_AREA_STYLE('',(#16974));
#16974 = FILL_AREA_STYLE_COLOUR('',#16015);
#16975 = STYLED_ITEM('color',(#16976),#5721);
#16976 = PRESENTATION_STYLE_ASSIGNMENT((#16977));
#16977 = SURFACE_STYLE_USAGE(.BOTH.,#16978);
#16978 = SURFACE_SIDE_STYLE('',(#16979));
#16979 = SURFACE_STYLE_FILL_AREA(#16980);
#16980 = FILL_AREA_STYLE('',(#16981));
#16981 = FILL_AREA_STYLE_COLOUR('',#16015);
#16982 = STYLED_ITEM('color',(#16983),#5733);
#16983 = PRESENTATION_STYLE_ASSIGNMENT((#16984));
#16984 = SURFACE_STYLE_USAGE(.BOTH.,#16985);
#16985 = SURFACE_SIDE_STYLE('',(#16986));
#16986 = SURFACE_STYLE_FILL_AREA(#16987);
#16987 = FILL_AREA_STYLE('',(#16988));
#16988 = FILL_AREA_STYLE_COLOUR('',#16015);
#16989 = STYLED_ITEM('color',(#16990),#5745);
#16990 = PRESENTATION_STYLE_ASSIGNMENT((#16991));
#16991 = SURFACE_STYLE_USAGE(.BOTH.,#16992);
#16992 = SURFACE_SIDE_STYLE('',(#16993));
#16993 = SURFACE_STYLE_FILL_AREA(#16994);
#16994 = FILL_AREA_STYLE('',(#16995));
#16995 = FILL_AREA_STYLE_COLOUR('',#16015);
#16996 = STYLED_ITEM('color',(#16997),#5757);
#16997 = PRESENTATION_STYLE_ASSIGNMENT((#16998));
#16998 = SURFACE_STYLE_USAGE(.BOTH.,#16999);
#16999 = SURFACE_SIDE_STYLE('',(#17000));
#17000 = SURFACE_STYLE_FILL_AREA(#17001);
#17001 = FILL_AREA_STYLE('',(#17002));
#17002 = FILL_AREA_STYLE_COLOUR('',#16015);
#17003 = STYLED_ITEM('color',(#17004),#5769);
#17004 = PRESENTATION_STYLE_ASSIGNMENT((#17005));
#17005 = SURFACE_STYLE_USAGE(.BOTH.,#17006);
#17006 = SURFACE_SIDE_STYLE('',(#17007));
#17007 = SURFACE_STYLE_FILL_AREA(#17008);
#17008 = FILL_AREA_STYLE('',(#17009));
#17009 = FILL_AREA_STYLE_COLOUR('',#16015);
#17010 = STYLED_ITEM('color',(#17011),#5781);
#17011 = PRESENTATION_STYLE_ASSIGNMENT((#17012));
#17012 = SURFACE_STYLE_USAGE(.BOTH.,#17013);
#17013 = SURFACE_SIDE_STYLE('',(#17014));
#17014 = SURFACE_STYLE_FILL_AREA(#17015);
#17015 = FILL_AREA_STYLE('',(#17016));
#17016 = FILL_AREA_STYLE_COLOUR('',#16015);
#17017 = MECHANICAL_DESIGN_GEOMETRIC_PRESENTATION_REPRESENTATION('',(
    #17018,#17028,#17037,#17046,#17055,#17064,#17073,#17082,#17091,
    #17101,#17110,#17119,#17128,#17137,#17146,#17155,#17164,#17173,
    #17182,#17191,#17200,#17209,#17218,#17227,#17236,#17245,#17254,
    #17263,#17272,#17281,#17290,#17299,#17308,#17317,#17326,#17335,
    #17344,#17353,#17362,#17371,#17380,#17389,#17398,#17407,#17416,
    #17425,#17434,#17443,#17452,#17461,#17470,#17479,#17488,#17497,
    #17506,#17515,#17524,#17533,#17542,#17551,#17560,#17569,#17578,
    #17587,#17596,#17605,#17614,#17623,#17632,#17641,#17650,#17659,
    #17668,#17677,#17686,#17695,#17704,#17713,#17722,#17731,#17740,
    #17749,#17758,#17767,#17776,#17785,#17794,#17803,#17812,#17821,
    #17830,#17839,#17848,#17857,#17866,#17875,#17884,#17893,#17902,
    #17911,#17920,#17929,#17938,#17947,#17956,#17965,#17974,#17983,
    #17992,#18001,#18010,#18019,#18028,#18037,#18046,#18055,#18064,
    #18073,#18082,#18091,#18100,#18109,#18118,#18127,#18136,#18145,
    #18154,#18163,#18172,#18181,#18190,#18199,#18208,#18217,#18226,
    #18235,#18244,#18253,#18262,#18271,#18280,#18289,#18298,#18307,
    #18316,#18325,#18334,#18343,#18352,#18361,#18370,#18379,#18388,
    #18397,#18406,#18415,#18424,#18433,#18442,#18451,#18460,#18469,
    #18478,#18487,#18496,#18505,#18514,#18523,#18532,#18541,#18550,
    #18559,#18568,#18577,#18586,#18595,#18604,#18613,#18622,#18631,
    #18640,#18649,#18658,#18667,#18676,#18685,#18694,#18703,#18712,
    #18721,#18730,#18739,#18748,#18757,#18766,#18775,#18784,#18793,
    #18802,#18811,#18820,#18829,#18838,#18847,#18856,#18865,#18874,
    #18883,#18892,#18901,#18910,#18919,#18928,#18937,#18946,#18955,
    #18964,#18973,#18982,#18991,#19000,#19009,#19018,#19027,#19036,
    #19045,#19054,#19063,#19072,#19081,#19090,#19099,#19108,#19117,
    #19126,#19135,#19144,#19153,#19162,#19171,#19180,#19189,#19198,
    #19207,#19216,#19225,#19234,#19243,#19252,#19261,#19270,#19279,
    #19288,#19297,#19306,#19315,#19324,#19333,#19342,#19351,#19360,
    #19369,#19378,#19387,#19396,#19405,#19414,#19423,#19432,#19441,
    #19450,#19459,#19468,#19477,#19486,#19495,#19504,#19513,#19522,
    #19531,#19540,#19549),#12302);
#17018 = STYLED_ITEM('color',(#17019),#5814);
#17019 = PRESENTATION_STYLE_ASSIGNMENT((#17020,#17026));
#17020 = SURFACE_STYLE_USAGE(.BOTH.,#17021);
#17021 = SURFACE_SIDE_STYLE('',(#17022));
#17022 = SURFACE_STYLE_FILL_AREA(#17023);
#17023 = FILL_AREA_STYLE('',(#17024));
#17024 = FILL_AREA_STYLE_COLOUR('',#17025);
#17025 = COLOUR_RGB('',0.147999998088,0.145000001626,0.145000001626);
#17026 = CURVE_STYLE('',#17027,POSITIVE_LENGTH_MEASURE(0.1),#17025);
#17027 = DRAUGHTING_PRE_DEFINED_CURVE_FONT('continuous');
#17028 = STYLED_ITEM('color',(#17029),#5854);
#17029 = PRESENTATION_STYLE_ASSIGNMENT((#17030,#17035));
#17030 = SURFACE_STYLE_USAGE(.BOTH.,#17031);
#17031 = SURFACE_SIDE_STYLE('',(#17032));
#17032 = SURFACE_STYLE_FILL_AREA(#17033);
#17033 = FILL_AREA_STYLE('',(#17034));
#17034 = FILL_AREA_STYLE_COLOUR('',#17025);
#17035 = CURVE_STYLE('',#17036,POSITIVE_LENGTH_MEASURE(0.1),#17025);
#17036 = DRAUGHTING_PRE_DEFINED_CURVE_FONT('continuous');
#17037 = STYLED_ITEM('color',(#17038),#5917);
#17038 = PRESENTATION_STYLE_ASSIGNMENT((#17039,#17044));
#17039 = SURFACE_STYLE_USAGE(.BOTH.,#17040);
#17040 = SURFACE_SIDE_STYLE('',(#17041));
#17041 = SURFACE_STYLE_FILL_AREA(#17042);
#17042 = FILL_AREA_STYLE('',(#17043));
#17043 = FILL_AREA_STYLE_COLOUR('',#17025);
#17044 = CURVE_STYLE('',#17045,POSITIVE_LENGTH_MEASURE(0.1),#17025);
#17045 = DRAUGHTING_PRE_DEFINED_CURVE_FONT('continuous');
#17046 = STYLED_ITEM('color',(#17047),#5980);
#17047 = PRESENTATION_STYLE_ASSIGNMENT((#17048,#17053));
#17048 = SURFACE_STYLE_USAGE(.BOTH.,#17049);
#17049 = SURFACE_SIDE_STYLE('',(#17050));
#17050 = SURFACE_STYLE_FILL_AREA(#17051);
#17051 = FILL_AREA_STYLE('',(#17052));
#17052 = FILL_AREA_STYLE_COLOUR('',#17025);
#17053 = CURVE_STYLE('',#17054,POSITIVE_LENGTH_MEASURE(0.1),#17025);
#17054 = DRAUGHTING_PRE_DEFINED_CURVE_FONT('continuous');
#17055 = STYLED_ITEM('color',(#17056),#5997);
#17056 = PRESENTATION_STYLE_ASSIGNMENT((#17057,#17062));
#17057 = SURFACE_STYLE_USAGE(.BOTH.,#17058);
#17058 = SURFACE_SIDE_STYLE('',(#17059));
#17059 = SURFACE_STYLE_FILL_AREA(#17060);
#17060 = FILL_AREA_STYLE('',(#17061));
#17061 = FILL_AREA_STYLE_COLOUR('',#17025);
#17062 = CURVE_STYLE('',#17063,POSITIVE_LENGTH_MEASURE(0.1),#17025);
#17063 = DRAUGHTING_PRE_DEFINED_CURVE_FONT('continuous');
#17064 = STYLED_ITEM('color',(#17065),#6286);
#17065 = PRESENTATION_STYLE_ASSIGNMENT((#17066,#17071));
#17066 = SURFACE_STYLE_USAGE(.BOTH.,#17067);
#17067 = SURFACE_SIDE_STYLE('',(#17068));
#17068 = SURFACE_STYLE_FILL_AREA(#17069);
#17069 = FILL_AREA_STYLE('',(#17070));
#17070 = FILL_AREA_STYLE_COLOUR('',#17025);
#17071 = CURVE_STYLE('',#17072,POSITIVE_LENGTH_MEASURE(0.1),#17025);
#17072 = DRAUGHTING_PRE_DEFINED_CURVE_FONT('continuous');
#17073 = STYLED_ITEM('color',(#17074),#6308);
#17074 = PRESENTATION_STYLE_ASSIGNMENT((#17075,#17080));
#17075 = SURFACE_STYLE_USAGE(.BOTH.,#17076);
#17076 = SURFACE_SIDE_STYLE('',(#17077));
#17077 = SURFACE_STYLE_FILL_AREA(#17078);
#17078 = FILL_AREA_STYLE('',(#17079));
#17079 = FILL_AREA_STYLE_COLOUR('',#17025);
#17080 = CURVE_STYLE('',#17081,POSITIVE_LENGTH_MEASURE(0.1),#17025);
#17081 = DRAUGHTING_PRE_DEFINED_CURVE_FONT('continuous');
#17082 = STYLED_ITEM('color',(#17083),#6325);
#17083 = PRESENTATION_STYLE_ASSIGNMENT((#17084,#17089));
#17084 = SURFACE_STYLE_USAGE(.BOTH.,#17085);
#17085 = SURFACE_SIDE_STYLE('',(#17086));
#17086 = SURFACE_STYLE_FILL_AREA(#17087);
#17087 = FILL_AREA_STYLE('',(#17088));
#17088 = FILL_AREA_STYLE_COLOUR('',#17025);
#17089 = CURVE_STYLE('',#17090,POSITIVE_LENGTH_MEASURE(0.1),#17025);
#17090 = DRAUGHTING_PRE_DEFINED_CURVE_FONT('continuous');
#17091 = OVER_RIDING_STYLED_ITEM('overriding color',(#17092),#6358,
  #17082);
#17092 = PRESENTATION_STYLE_ASSIGNMENT((#17093,#17099));
#17093 = SURFACE_STYLE_USAGE(.BOTH.,#17094);
#17094 = SURFACE_SIDE_STYLE('',(#17095));
#17095 = SURFACE_STYLE_FILL_AREA(#17096);
#17096 = FILL_AREA_STYLE('',(#17097));
#17097 = FILL_AREA_STYLE_COLOUR('',#17098);
#17098 = COLOUR_RGB('',0.858999988747,0.738000004258,0.496000005009);
#17099 = CURVE_STYLE('',#17100,POSITIVE_LENGTH_MEASURE(0.1),#17098);
#17100 = DRAUGHTING_PRE_DEFINED_CURVE_FONT('continuous');
#17101 = OVER_RIDING_STYLED_ITEM('overriding color',(#17102),#6390,
  #17082);
#17102 = PRESENTATION_STYLE_ASSIGNMENT((#17103,#17108));
#17103 = SURFACE_STYLE_USAGE(.BOTH.,#17104);
#17104 = SURFACE_SIDE_STYLE('',(#17105));
#17105 = SURFACE_STYLE_FILL_AREA(#17106);
#17106 = FILL_AREA_STYLE('',(#17107));
#17107 = FILL_AREA_STYLE_COLOUR('',#17098);
#17108 = CURVE_STYLE('',#17109,POSITIVE_LENGTH_MEASURE(0.1),#17098);
#17109 = DRAUGHTING_PRE_DEFINED_CURVE_FONT('continuous');
#17110 = OVER_RIDING_STYLED_ITEM('overriding color',(#17111),#6424,
  #17082);
#17111 = PRESENTATION_STYLE_ASSIGNMENT((#17112,#17117));
#17112 = SURFACE_STYLE_USAGE(.BOTH.,#17113);
#17113 = SURFACE_SIDE_STYLE('',(#17114));
#17114 = SURFACE_STYLE_FILL_AREA(#17115);
#17115 = FILL_AREA_STYLE('',(#17116));
#17116 = FILL_AREA_STYLE_COLOUR('',#17098);
#17117 = CURVE_STYLE('',#17118,POSITIVE_LENGTH_MEASURE(0.1),#17098);
#17118 = DRAUGHTING_PRE_DEFINED_CURVE_FONT('continuous');
#17119 = OVER_RIDING_STYLED_ITEM('overriding color',(#17120),#6456,
  #17082);
#17120 = PRESENTATION_STYLE_ASSIGNMENT((#17121,#17126));
#17121 = SURFACE_STYLE_USAGE(.BOTH.,#17122);
#17122 = SURFACE_SIDE_STYLE('',(#17123));
#17123 = SURFACE_STYLE_FILL_AREA(#17124);
#17124 = FILL_AREA_STYLE('',(#17125));
#17125 = FILL_AREA_STYLE_COLOUR('',#17098);
#17126 = CURVE_STYLE('',#17127,POSITIVE_LENGTH_MEASURE(0.1),#17098);
#17127 = DRAUGHTING_PRE_DEFINED_CURVE_FONT('continuous');
#17128 = OVER_RIDING_STYLED_ITEM('overriding color',(#17129),#6490,
  #17082);
#17129 = PRESENTATION_STYLE_ASSIGNMENT((#17130,#17135));
#17130 = SURFACE_STYLE_USAGE(.BOTH.,#17131);
#17131 = SURFACE_SIDE_STYLE('',(#17132));
#17132 = SURFACE_STYLE_FILL_AREA(#17133);
#17133 = FILL_AREA_STYLE('',(#17134));
#17134 = FILL_AREA_STYLE_COLOUR('',#17098);
#17135 = CURVE_STYLE('',#17136,POSITIVE_LENGTH_MEASURE(0.1),#17098);
#17136 = DRAUGHTING_PRE_DEFINED_CURVE_FONT('continuous');
#17137 = OVER_RIDING_STYLED_ITEM('overriding color',(#17138),#6522,
  #17082);
#17138 = PRESENTATION_STYLE_ASSIGNMENT((#17139,#17144));
#17139 = SURFACE_STYLE_USAGE(.BOTH.,#17140);
#17140 = SURFACE_SIDE_STYLE('',(#17141));
#17141 = SURFACE_STYLE_FILL_AREA(#17142);
#17142 = FILL_AREA_STYLE('',(#17143));
#17143 = FILL_AREA_STYLE_COLOUR('',#17098);
#17144 = CURVE_STYLE('',#17145,POSITIVE_LENGTH_MEASURE(0.1),#17098);
#17145 = DRAUGHTING_PRE_DEFINED_CURVE_FONT('continuous');
#17146 = OVER_RIDING_STYLED_ITEM('overriding color',(#17147),#6556,
  #17082);
#17147 = PRESENTATION_STYLE_ASSIGNMENT((#17148,#17153));
#17148 = SURFACE_STYLE_USAGE(.BOTH.,#17149);
#17149 = SURFACE_SIDE_STYLE('',(#17150));
#17150 = SURFACE_STYLE_FILL_AREA(#17151);
#17151 = FILL_AREA_STYLE('',(#17152));
#17152 = FILL_AREA_STYLE_COLOUR('',#17098);
#17153 = CURVE_STYLE('',#17154,POSITIVE_LENGTH_MEASURE(0.1),#17098);
#17154 = DRAUGHTING_PRE_DEFINED_CURVE_FONT('continuous');
#17155 = OVER_RIDING_STYLED_ITEM('overriding color',(#17156),#6588,
  #17082);
#17156 = PRESENTATION_STYLE_ASSIGNMENT((#17157,#17162));
#17157 = SURFACE_STYLE_USAGE(.BOTH.,#17158);
#17158 = SURFACE_SIDE_STYLE('',(#17159));
#17159 = SURFACE_STYLE_FILL_AREA(#17160);
#17160 = FILL_AREA_STYLE('',(#17161));
#17161 = FILL_AREA_STYLE_COLOUR('',#17098);
#17162 = CURVE_STYLE('',#17163,POSITIVE_LENGTH_MEASURE(0.1),#17098);
#17163 = DRAUGHTING_PRE_DEFINED_CURVE_FONT('continuous');
#17164 = OVER_RIDING_STYLED_ITEM('overriding color',(#17165),#6622,
  #17082);
#17165 = PRESENTATION_STYLE_ASSIGNMENT((#17166,#17171));
#17166 = SURFACE_STYLE_USAGE(.BOTH.,#17167);
#17167 = SURFACE_SIDE_STYLE('',(#17168));
#17168 = SURFACE_STYLE_FILL_AREA(#17169);
#17169 = FILL_AREA_STYLE('',(#17170));
#17170 = FILL_AREA_STYLE_COLOUR('',#17098);
#17171 = CURVE_STYLE('',#17172,POSITIVE_LENGTH_MEASURE(0.1),#17098);
#17172 = DRAUGHTING_PRE_DEFINED_CURVE_FONT('continuous');
#17173 = OVER_RIDING_STYLED_ITEM('overriding color',(#17174),#6654,
  #17082);
#17174 = PRESENTATION_STYLE_ASSIGNMENT((#17175,#17180));
#17175 = SURFACE_STYLE_USAGE(.BOTH.,#17176);
#17176 = SURFACE_SIDE_STYLE('',(#17177));
#17177 = SURFACE_STYLE_FILL_AREA(#17178);
#17178 = FILL_AREA_STYLE('',(#17179));
#17179 = FILL_AREA_STYLE_COLOUR('',#17098);
#17180 = CURVE_STYLE('',#17181,POSITIVE_LENGTH_MEASURE(0.1),#17098);
#17181 = DRAUGHTING_PRE_DEFINED_CURVE_FONT('continuous');
#17182 = OVER_RIDING_STYLED_ITEM('overriding color',(#17183),#6688,
  #17082);
#17183 = PRESENTATION_STYLE_ASSIGNMENT((#17184,#17189));
#17184 = SURFACE_STYLE_USAGE(.BOTH.,#17185);
#17185 = SURFACE_SIDE_STYLE('',(#17186));
#17186 = SURFACE_STYLE_FILL_AREA(#17187);
#17187 = FILL_AREA_STYLE('',(#17188));
#17188 = FILL_AREA_STYLE_COLOUR('',#17098);
#17189 = CURVE_STYLE('',#17190,POSITIVE_LENGTH_MEASURE(0.1),#17098);
#17190 = DRAUGHTING_PRE_DEFINED_CURVE_FONT('continuous');
#17191 = OVER_RIDING_STYLED_ITEM('overriding color',(#17192),#6720,
  #17082);
#17192 = PRESENTATION_STYLE_ASSIGNMENT((#17193,#17198));
#17193 = SURFACE_STYLE_USAGE(.BOTH.,#17194);
#17194 = SURFACE_SIDE_STYLE('',(#17195));
#17195 = SURFACE_STYLE_FILL_AREA(#17196);
#17196 = FILL_AREA_STYLE('',(#17197));
#17197 = FILL_AREA_STYLE_COLOUR('',#17098);
#17198 = CURVE_STYLE('',#17199,POSITIVE_LENGTH_MEASURE(0.1),#17098);
#17199 = DRAUGHTING_PRE_DEFINED_CURVE_FONT('continuous');
#17200 = OVER_RIDING_STYLED_ITEM('overriding color',(#17201),#6754,
  #17082);
#17201 = PRESENTATION_STYLE_ASSIGNMENT((#17202,#17207));
#17202 = SURFACE_STYLE_USAGE(.BOTH.,#17203);
#17203 = SURFACE_SIDE_STYLE('',(#17204));
#17204 = SURFACE_STYLE_FILL_AREA(#17205);
#17205 = FILL_AREA_STYLE('',(#17206));
#17206 = FILL_AREA_STYLE_COLOUR('',#17098);
#17207 = CURVE_STYLE('',#17208,POSITIVE_LENGTH_MEASURE(0.1),#17098);
#17208 = DRAUGHTING_PRE_DEFINED_CURVE_FONT('continuous');
#17209 = OVER_RIDING_STYLED_ITEM('overriding color',(#17210),#6786,
  #17082);
#17210 = PRESENTATION_STYLE_ASSIGNMENT((#17211,#17216));
#17211 = SURFACE_STYLE_USAGE(.BOTH.,#17212);
#17212 = SURFACE_SIDE_STYLE('',(#17213));
#17213 = SURFACE_STYLE_FILL_AREA(#17214);
#17214 = FILL_AREA_STYLE('',(#17215));
#17215 = FILL_AREA_STYLE_COLOUR('',#17098);
#17216 = CURVE_STYLE('',#17217,POSITIVE_LENGTH_MEASURE(0.1),#17098);
#17217 = DRAUGHTING_PRE_DEFINED_CURVE_FONT('continuous');
#17218 = OVER_RIDING_STYLED_ITEM('overriding color',(#17219),#6820,
  #17082);
#17219 = PRESENTATION_STYLE_ASSIGNMENT((#17220,#17225));
#17220 = SURFACE_STYLE_USAGE(.BOTH.,#17221);
#17221 = SURFACE_SIDE_STYLE('',(#17222));
#17222 = SURFACE_STYLE_FILL_AREA(#17223);
#17223 = FILL_AREA_STYLE('',(#17224));
#17224 = FILL_AREA_STYLE_COLOUR('',#17098);
#17225 = CURVE_STYLE('',#17226,POSITIVE_LENGTH_MEASURE(0.1),#17098);
#17226 = DRAUGHTING_PRE_DEFINED_CURVE_FONT('continuous');
#17227 = OVER_RIDING_STYLED_ITEM('overriding color',(#17228),#6852,
  #17082);
#17228 = PRESENTATION_STYLE_ASSIGNMENT((#17229,#17234));
#17229 = SURFACE_STYLE_USAGE(.BOTH.,#17230);
#17230 = SURFACE_SIDE_STYLE('',(#17231));
#17231 = SURFACE_STYLE_FILL_AREA(#17232);
#17232 = FILL_AREA_STYLE('',(#17233));
#17233 = FILL_AREA_STYLE_COLOUR('',#17098);
#17234 = CURVE_STYLE('',#17235,POSITIVE_LENGTH_MEASURE(0.1),#17098);
#17235 = DRAUGHTING_PRE_DEFINED_CURVE_FONT('continuous');
#17236 = STYLED_ITEM('color',(#17237),#6870);
#17237 = PRESENTATION_STYLE_ASSIGNMENT((#17238,#17243));
#17238 = SURFACE_STYLE_USAGE(.BOTH.,#17239);
#17239 = SURFACE_SIDE_STYLE('',(#17240));
#17240 = SURFACE_STYLE_FILL_AREA(#17241);
#17241 = FILL_AREA_STYLE('',(#17242));
#17242 = FILL_AREA_STYLE_COLOUR('',#17025);
#17243 = CURVE_STYLE('',#17244,POSITIVE_LENGTH_MEASURE(0.1),#17025);
#17244 = DRAUGHTING_PRE_DEFINED_CURVE_FONT('continuous');
#17245 = STYLED_ITEM('color',(#17246),#6882);
#17246 = PRESENTATION_STYLE_ASSIGNMENT((#17247,#17252));
#17247 = SURFACE_STYLE_USAGE(.BOTH.,#17248);
#17248 = SURFACE_SIDE_STYLE('',(#17249));
#17249 = SURFACE_STYLE_FILL_AREA(#17250);
#17250 = FILL_AREA_STYLE('',(#17251));
#17251 = FILL_AREA_STYLE_COLOUR('',#17025);
#17252 = CURVE_STYLE('',#17253,POSITIVE_LENGTH_MEASURE(0.1),#17025);
#17253 = DRAUGHTING_PRE_DEFINED_CURVE_FONT('continuous');
#17254 = STYLED_ITEM('color',(#17255),#6894);
#17255 = PRESENTATION_STYLE_ASSIGNMENT((#17256,#17261));
#17256 = SURFACE_STYLE_USAGE(.BOTH.,#17257);
#17257 = SURFACE_SIDE_STYLE('',(#17258));
#17258 = SURFACE_STYLE_FILL_AREA(#17259);
#17259 = FILL_AREA_STYLE('',(#17260));
#17260 = FILL_AREA_STYLE_COLOUR('',#17025);
#17261 = CURVE_STYLE('',#17262,POSITIVE_LENGTH_MEASURE(0.1),#17025);
#17262 = DRAUGHTING_PRE_DEFINED_CURVE_FONT('continuous');
#17263 = STYLED_ITEM('color',(#17264),#6925);
#17264 = PRESENTATION_STYLE_ASSIGNMENT((#17265,#17270));
#17265 = SURFACE_STYLE_USAGE(.BOTH.,#17266);
#17266 = SURFACE_SIDE_STYLE('',(#17267));
#17267 = SURFACE_STYLE_FILL_AREA(#17268);
#17268 = FILL_AREA_STYLE('',(#17269));
#17269 = FILL_AREA_STYLE_COLOUR('',#17025);
#17270 = CURVE_STYLE('',#17271,POSITIVE_LENGTH_MEASURE(0.1),#17025);
#17271 = DRAUGHTING_PRE_DEFINED_CURVE_FONT('continuous');
#17272 = STYLED_ITEM('color',(#17273),#6949);
#17273 = PRESENTATION_STYLE_ASSIGNMENT((#17274,#17279));
#17274 = SURFACE_STYLE_USAGE(.BOTH.,#17275);
#17275 = SURFACE_SIDE_STYLE('',(#17276));
#17276 = SURFACE_STYLE_FILL_AREA(#17277);
#17277 = FILL_AREA_STYLE('',(#17278));
#17278 = FILL_AREA_STYLE_COLOUR('',#17025);
#17279 = CURVE_STYLE('',#17280,POSITIVE_LENGTH_MEASURE(0.1),#17025);
#17280 = DRAUGHTING_PRE_DEFINED_CURVE_FONT('continuous');
#17281 = STYLED_ITEM('color',(#17282),#6973);
#17282 = PRESENTATION_STYLE_ASSIGNMENT((#17283,#17288));
#17283 = SURFACE_STYLE_USAGE(.BOTH.,#17284);
#17284 = SURFACE_SIDE_STYLE('',(#17285));
#17285 = SURFACE_STYLE_FILL_AREA(#17286);
#17286 = FILL_AREA_STYLE('',(#17287));
#17287 = FILL_AREA_STYLE_COLOUR('',#17025);
#17288 = CURVE_STYLE('',#17289,POSITIVE_LENGTH_MEASURE(0.1),#17025);
#17289 = DRAUGHTING_PRE_DEFINED_CURVE_FONT('continuous');
#17290 = STYLED_ITEM('color',(#17291),#6990);
#17291 = PRESENTATION_STYLE_ASSIGNMENT((#17292,#17297));
#17292 = SURFACE_STYLE_USAGE(.BOTH.,#17293);
#17293 = SURFACE_SIDE_STYLE('',(#17294));
#17294 = SURFACE_STYLE_FILL_AREA(#17295);
#17295 = FILL_AREA_STYLE('',(#17296));
#17296 = FILL_AREA_STYLE_COLOUR('',#17025);
#17297 = CURVE_STYLE('',#17298,POSITIVE_LENGTH_MEASURE(0.1),#17025);
#17298 = DRAUGHTING_PRE_DEFINED_CURVE_FONT('continuous');
#17299 = STYLED_ITEM('color',(#17300),#7021);
#17300 = PRESENTATION_STYLE_ASSIGNMENT((#17301,#17306));
#17301 = SURFACE_STYLE_USAGE(.BOTH.,#17302);
#17302 = SURFACE_SIDE_STYLE('',(#17303));
#17303 = SURFACE_STYLE_FILL_AREA(#17304);
#17304 = FILL_AREA_STYLE('',(#17305));
#17305 = FILL_AREA_STYLE_COLOUR('',#17025);
#17306 = CURVE_STYLE('',#17307,POSITIVE_LENGTH_MEASURE(0.1),#17025);
#17307 = DRAUGHTING_PRE_DEFINED_CURVE_FONT('continuous');
#17308 = STYLED_ITEM('color',(#17309),#7045);
#17309 = PRESENTATION_STYLE_ASSIGNMENT((#17310,#17315));
#17310 = SURFACE_STYLE_USAGE(.BOTH.,#17311);
#17311 = SURFACE_SIDE_STYLE('',(#17312));
#17312 = SURFACE_STYLE_FILL_AREA(#17313);
#17313 = FILL_AREA_STYLE('',(#17314));
#17314 = FILL_AREA_STYLE_COLOUR('',#17025);
#17315 = CURVE_STYLE('',#17316,POSITIVE_LENGTH_MEASURE(0.1),#17025);
#17316 = DRAUGHTING_PRE_DEFINED_CURVE_FONT('continuous');
#17317 = STYLED_ITEM('color',(#17318),#7069);
#17318 = PRESENTATION_STYLE_ASSIGNMENT((#17319,#17324));
#17319 = SURFACE_STYLE_USAGE(.BOTH.,#17320);
#17320 = SURFACE_SIDE_STYLE('',(#17321));
#17321 = SURFACE_STYLE_FILL_AREA(#17322);
#17322 = FILL_AREA_STYLE('',(#17323));
#17323 = FILL_AREA_STYLE_COLOUR('',#17025);
#17324 = CURVE_STYLE('',#17325,POSITIVE_LENGTH_MEASURE(0.1),#17025);
#17325 = DRAUGHTING_PRE_DEFINED_CURVE_FONT('continuous');
#17326 = STYLED_ITEM('color',(#17327),#7086);
#17327 = PRESENTATION_STYLE_ASSIGNMENT((#17328,#17333));
#17328 = SURFACE_STYLE_USAGE(.BOTH.,#17329);
#17329 = SURFACE_SIDE_STYLE('',(#17330));
#17330 = SURFACE_STYLE_FILL_AREA(#17331);
#17331 = FILL_AREA_STYLE('',(#17332));
#17332 = FILL_AREA_STYLE_COLOUR('',#17025);
#17333 = CURVE_STYLE('',#17334,POSITIVE_LENGTH_MEASURE(0.1),#17025);
#17334 = DRAUGHTING_PRE_DEFINED_CURVE_FONT('continuous');
#17335 = STYLED_ITEM('color',(#17336),#7117);
#17336 = PRESENTATION_STYLE_ASSIGNMENT((#17337,#17342));
#17337 = SURFACE_STYLE_USAGE(.BOTH.,#17338);
#17338 = SURFACE_SIDE_STYLE('',(#17339));
#17339 = SURFACE_STYLE_FILL_AREA(#17340);
#17340 = FILL_AREA_STYLE('',(#17341));
#17341 = FILL_AREA_STYLE_COLOUR('',#17025);
#17342 = CURVE_STYLE('',#17343,POSITIVE_LENGTH_MEASURE(0.1),#17025);
#17343 = DRAUGHTING_PRE_DEFINED_CURVE_FONT('continuous');
#17344 = STYLED_ITEM('color',(#17345),#7141);
#17345 = PRESENTATION_STYLE_ASSIGNMENT((#17346,#17351));
#17346 = SURFACE_STYLE_USAGE(.BOTH.,#17347);
#17347 = SURFACE_SIDE_STYLE('',(#17348));
#17348 = SURFACE_STYLE_FILL_AREA(#17349);
#17349 = FILL_AREA_STYLE('',(#17350));
#17350 = FILL_AREA_STYLE_COLOUR('',#17025);
#17351 = CURVE_STYLE('',#17352,POSITIVE_LENGTH_MEASURE(0.1),#17025);
#17352 = DRAUGHTING_PRE_DEFINED_CURVE_FONT('continuous');
#17353 = STYLED_ITEM('color',(#17354),#7165);
#17354 = PRESENTATION_STYLE_ASSIGNMENT((#17355,#17360));
#17355 = SURFACE_STYLE_USAGE(.BOTH.,#17356);
#17356 = SURFACE_SIDE_STYLE('',(#17357));
#17357 = SURFACE_STYLE_FILL_AREA(#17358);
#17358 = FILL_AREA_STYLE('',(#17359));
#17359 = FILL_AREA_STYLE_COLOUR('',#17025);
#17360 = CURVE_STYLE('',#17361,POSITIVE_LENGTH_MEASURE(0.1),#17025);
#17361 = DRAUGHTING_PRE_DEFINED_CURVE_FONT('continuous');
#17362 = STYLED_ITEM('color',(#17363),#7182);
#17363 = PRESENTATION_STYLE_ASSIGNMENT((#17364,#17369));
#17364 = SURFACE_STYLE_USAGE(.BOTH.,#17365);
#17365 = SURFACE_SIDE_STYLE('',(#17366));
#17366 = SURFACE_STYLE_FILL_AREA(#17367);
#17367 = FILL_AREA_STYLE('',(#17368));
#17368 = FILL_AREA_STYLE_COLOUR('',#17025);
#17369 = CURVE_STYLE('',#17370,POSITIVE_LENGTH_MEASURE(0.1),#17025);
#17370 = DRAUGHTING_PRE_DEFINED_CURVE_FONT('continuous');
#17371 = STYLED_ITEM('color',(#17372),#7213);
#17372 = PRESENTATION_STYLE_ASSIGNMENT((#17373,#17378));
#17373 = SURFACE_STYLE_USAGE(.BOTH.,#17374);
#17374 = SURFACE_SIDE_STYLE('',(#17375));
#17375 = SURFACE_STYLE_FILL_AREA(#17376);
#17376 = FILL_AREA_STYLE('',(#17377));
#17377 = FILL_AREA_STYLE_COLOUR('',#17025);
#17378 = CURVE_STYLE('',#17379,POSITIVE_LENGTH_MEASURE(0.1),#17025);
#17379 = DRAUGHTING_PRE_DEFINED_CURVE_FONT('continuous');
#17380 = STYLED_ITEM('color',(#17381),#7237);
#17381 = PRESENTATION_STYLE_ASSIGNMENT((#17382,#17387));
#17382 = SURFACE_STYLE_USAGE(.BOTH.,#17383);
#17383 = SURFACE_SIDE_STYLE('',(#17384));
#17384 = SURFACE_STYLE_FILL_AREA(#17385);
#17385 = FILL_AREA_STYLE('',(#17386));
#17386 = FILL_AREA_STYLE_COLOUR('',#17025);
#17387 = CURVE_STYLE('',#17388,POSITIVE_LENGTH_MEASURE(0.1),#17025);
#17388 = DRAUGHTING_PRE_DEFINED_CURVE_FONT('continuous');
#17389 = STYLED_ITEM('color',(#17390),#7261);
#17390 = PRESENTATION_STYLE_ASSIGNMENT((#17391,#17396));
#17391 = SURFACE_STYLE_USAGE(.BOTH.,#17392);
#17392 = SURFACE_SIDE_STYLE('',(#17393));
#17393 = SURFACE_STYLE_FILL_AREA(#17394);
#17394 = FILL_AREA_STYLE('',(#17395));
#17395 = FILL_AREA_STYLE_COLOUR('',#17025);
#17396 = CURVE_STYLE('',#17397,POSITIVE_LENGTH_MEASURE(0.1),#17025);
#17397 = DRAUGHTING_PRE_DEFINED_CURVE_FONT('continuous');
#17398 = STYLED_ITEM('color',(#17399),#7278);
#17399 = PRESENTATION_STYLE_ASSIGNMENT((#17400,#17405));
#17400 = SURFACE_STYLE_USAGE(.BOTH.,#17401);
#17401 = SURFACE_SIDE_STYLE('',(#17402));
#17402 = SURFACE_STYLE_FILL_AREA(#17403);
#17403 = FILL_AREA_STYLE('',(#17404));
#17404 = FILL_AREA_STYLE_COLOUR('',#17025);
#17405 = CURVE_STYLE('',#17406,POSITIVE_LENGTH_MEASURE(0.1),#17025);
#17406 = DRAUGHTING_PRE_DEFINED_CURVE_FONT('continuous');
#17407 = STYLED_ITEM('color',(#17408),#7309);
#17408 = PRESENTATION_STYLE_ASSIGNMENT((#17409,#17414));
#17409 = SURFACE_STYLE_USAGE(.BOTH.,#17410);
#17410 = SURFACE_SIDE_STYLE('',(#17411));
#17411 = SURFACE_STYLE_FILL_AREA(#17412);
#17412 = FILL_AREA_STYLE('',(#17413));
#17413 = FILL_AREA_STYLE_COLOUR('',#17025);
#17414 = CURVE_STYLE('',#17415,POSITIVE_LENGTH_MEASURE(0.1),#17025);
#17415 = DRAUGHTING_PRE_DEFINED_CURVE_FONT('continuous');
#17416 = STYLED_ITEM('color',(#17417),#7333);
#17417 = PRESENTATION_STYLE_ASSIGNMENT((#17418,#17423));
#17418 = SURFACE_STYLE_USAGE(.BOTH.,#17419);
#17419 = SURFACE_SIDE_STYLE('',(#17420));
#17420 = SURFACE_STYLE_FILL_AREA(#17421);
#17421 = FILL_AREA_STYLE('',(#17422));
#17422 = FILL_AREA_STYLE_COLOUR('',#17025);
#17423 = CURVE_STYLE('',#17424,POSITIVE_LENGTH_MEASURE(0.1),#17025);
#17424 = DRAUGHTING_PRE_DEFINED_CURVE_FONT('continuous');
#17425 = STYLED_ITEM('color',(#17426),#7357);
#17426 = PRESENTATION_STYLE_ASSIGNMENT((#17427,#17432));
#17427 = SURFACE_STYLE_USAGE(.BOTH.,#17428);
#17428 = SURFACE_SIDE_STYLE('',(#17429));
#17429 = SURFACE_STYLE_FILL_AREA(#17430);
#17430 = FILL_AREA_STYLE('',(#17431));
#17431 = FILL_AREA_STYLE_COLOUR('',#17025);
#17432 = CURVE_STYLE('',#17433,POSITIVE_LENGTH_MEASURE(0.1),#17025);
#17433 = DRAUGHTING_PRE_DEFINED_CURVE_FONT('continuous');
#17434 = STYLED_ITEM('color',(#17435),#7374);
#17435 = PRESENTATION_STYLE_ASSIGNMENT((#17436,#17441));
#17436 = SURFACE_STYLE_USAGE(.BOTH.,#17437);
#17437 = SURFACE_SIDE_STYLE('',(#17438));
#17438 = SURFACE_STYLE_FILL_AREA(#17439);
#17439 = FILL_AREA_STYLE('',(#17440));
#17440 = FILL_AREA_STYLE_COLOUR('',#17025);
#17441 = CURVE_STYLE('',#17442,POSITIVE_LENGTH_MEASURE(0.1),#17025);
#17442 = DRAUGHTING_PRE_DEFINED_CURVE_FONT('continuous');
#17443 = STYLED_ITEM('color',(#17444),#7405);
#17444 = PRESENTATION_STYLE_ASSIGNMENT((#17445,#17450));
#17445 = SURFACE_STYLE_USAGE(.BOTH.,#17446);
#17446 = SURFACE_SIDE_STYLE('',(#17447));
#17447 = SURFACE_STYLE_FILL_AREA(#17448);
#17448 = FILL_AREA_STYLE('',(#17449));
#17449 = FILL_AREA_STYLE_COLOUR('',#17025);
#17450 = CURVE_STYLE('',#17451,POSITIVE_LENGTH_MEASURE(0.1),#17025);
#17451 = DRAUGHTING_PRE_DEFINED_CURVE_FONT('continuous');
#17452 = STYLED_ITEM('color',(#17453),#7429);
#17453 = PRESENTATION_STYLE_ASSIGNMENT((#17454,#17459));
#17454 = SURFACE_STYLE_USAGE(.BOTH.,#17455);
#17455 = SURFACE_SIDE_STYLE('',(#17456));
#17456 = SURFACE_STYLE_FILL_AREA(#17457);
#17457 = FILL_AREA_STYLE('',(#17458));
#17458 = FILL_AREA_STYLE_COLOUR('',#17025);
#17459 = CURVE_STYLE('',#17460,POSITIVE_LENGTH_MEASURE(0.1),#17025);
#17460 = DRAUGHTING_PRE_DEFINED_CURVE_FONT('continuous');
#17461 = STYLED_ITEM('color',(#17462),#7453);
#17462 = PRESENTATION_STYLE_ASSIGNMENT((#17463,#17468));
#17463 = SURFACE_STYLE_USAGE(.BOTH.,#17464);
#17464 = SURFACE_SIDE_STYLE('',(#17465));
#17465 = SURFACE_STYLE_FILL_AREA(#17466);
#17466 = FILL_AREA_STYLE('',(#17467));
#17467 = FILL_AREA_STYLE_COLOUR('',#17025);
#17468 = CURVE_STYLE('',#17469,POSITIVE_LENGTH_MEASURE(0.1),#17025);
#17469 = DRAUGHTING_PRE_DEFINED_CURVE_FONT('continuous');
#17470 = STYLED_ITEM('color',(#17471),#7470);
#17471 = PRESENTATION_STYLE_ASSIGNMENT((#17472,#17477));
#17472 = SURFACE_STYLE_USAGE(.BOTH.,#17473);
#17473 = SURFACE_SIDE_STYLE('',(#17474));
#17474 = SURFACE_STYLE_FILL_AREA(#17475);
#17475 = FILL_AREA_STYLE('',(#17476));
#17476 = FILL_AREA_STYLE_COLOUR('',#17025);
#17477 = CURVE_STYLE('',#17478,POSITIVE_LENGTH_MEASURE(0.1),#17025);
#17478 = DRAUGHTING_PRE_DEFINED_CURVE_FONT('continuous');
#17479 = STYLED_ITEM('color',(#17480),#7501);
#17480 = PRESENTATION_STYLE_ASSIGNMENT((#17481,#17486));
#17481 = SURFACE_STYLE_USAGE(.BOTH.,#17482);
#17482 = SURFACE_SIDE_STYLE('',(#17483));
#17483 = SURFACE_STYLE_FILL_AREA(#17484);
#17484 = FILL_AREA_STYLE('',(#17485));
#17485 = FILL_AREA_STYLE_COLOUR('',#17025);
#17486 = CURVE_STYLE('',#17487,POSITIVE_LENGTH_MEASURE(0.1),#17025);
#17487 = DRAUGHTING_PRE_DEFINED_CURVE_FONT('continuous');
#17488 = STYLED_ITEM('color',(#17489),#7525);
#17489 = PRESENTATION_STYLE_ASSIGNMENT((#17490,#17495));
#17490 = SURFACE_STYLE_USAGE(.BOTH.,#17491);
#17491 = SURFACE_SIDE_STYLE('',(#17492));
#17492 = SURFACE_STYLE_FILL_AREA(#17493);
#17493 = FILL_AREA_STYLE('',(#17494));
#17494 = FILL_AREA_STYLE_COLOUR('',#17025);
#17495 = CURVE_STYLE('',#17496,POSITIVE_LENGTH_MEASURE(0.1),#17025);
#17496 = DRAUGHTING_PRE_DEFINED_CURVE_FONT('continuous');
#17497 = STYLED_ITEM('color',(#17498),#7549);
#17498 = PRESENTATION_STYLE_ASSIGNMENT((#17499,#17504));
#17499 = SURFACE_STYLE_USAGE(.BOTH.,#17500);
#17500 = SURFACE_SIDE_STYLE('',(#17501));
#17501 = SURFACE_STYLE_FILL_AREA(#17502);
#17502 = FILL_AREA_STYLE('',(#17503));
#17503 = FILL_AREA_STYLE_COLOUR('',#17025);
#17504 = CURVE_STYLE('',#17505,POSITIVE_LENGTH_MEASURE(0.1),#17025);
#17505 = DRAUGHTING_PRE_DEFINED_CURVE_FONT('continuous');
#17506 = STYLED_ITEM('color',(#17507),#7566);
#17507 = PRESENTATION_STYLE_ASSIGNMENT((#17508,#17513));
#17508 = SURFACE_STYLE_USAGE(.BOTH.,#17509);
#17509 = SURFACE_SIDE_STYLE('',(#17510));
#17510 = SURFACE_STYLE_FILL_AREA(#17511);
#17511 = FILL_AREA_STYLE('',(#17512));
#17512 = FILL_AREA_STYLE_COLOUR('',#17025);
#17513 = CURVE_STYLE('',#17514,POSITIVE_LENGTH_MEASURE(0.1),#17025);
#17514 = DRAUGHTING_PRE_DEFINED_CURVE_FONT('continuous');
#17515 = STYLED_ITEM('color',(#17516),#7597);
#17516 = PRESENTATION_STYLE_ASSIGNMENT((#17517,#17522));
#17517 = SURFACE_STYLE_USAGE(.BOTH.,#17518);
#17518 = SURFACE_SIDE_STYLE('',(#17519));
#17519 = SURFACE_STYLE_FILL_AREA(#17520);
#17520 = FILL_AREA_STYLE('',(#17521));
#17521 = FILL_AREA_STYLE_COLOUR('',#17025);
#17522 = CURVE_STYLE('',#17523,POSITIVE_LENGTH_MEASURE(0.1),#17025);
#17523 = DRAUGHTING_PRE_DEFINED_CURVE_FONT('continuous');
#17524 = STYLED_ITEM('color',(#17525),#7621);
#17525 = PRESENTATION_STYLE_ASSIGNMENT((#17526,#17531));
#17526 = SURFACE_STYLE_USAGE(.BOTH.,#17527);
#17527 = SURFACE_SIDE_STYLE('',(#17528));
#17528 = SURFACE_STYLE_FILL_AREA(#17529);
#17529 = FILL_AREA_STYLE('',(#17530));
#17530 = FILL_AREA_STYLE_COLOUR('',#17025);
#17531 = CURVE_STYLE('',#17532,POSITIVE_LENGTH_MEASURE(0.1),#17025);
#17532 = DRAUGHTING_PRE_DEFINED_CURVE_FONT('continuous');
#17533 = STYLED_ITEM('color',(#17534),#7645);
#17534 = PRESENTATION_STYLE_ASSIGNMENT((#17535,#17540));
#17535 = SURFACE_STYLE_USAGE(.BOTH.,#17536);
#17536 = SURFACE_SIDE_STYLE('',(#17537));
#17537 = SURFACE_STYLE_FILL_AREA(#17538);
#17538 = FILL_AREA_STYLE('',(#17539));
#17539 = FILL_AREA_STYLE_COLOUR('',#17025);
#17540 = CURVE_STYLE('',#17541,POSITIVE_LENGTH_MEASURE(0.1),#17025);
#17541 = DRAUGHTING_PRE_DEFINED_CURVE_FONT('continuous');
#17542 = STYLED_ITEM('color',(#17543),#7662);
#17543 = PRESENTATION_STYLE_ASSIGNMENT((#17544,#17549));
#17544 = SURFACE_STYLE_USAGE(.BOTH.,#17545);
#17545 = SURFACE_SIDE_STYLE('',(#17546));
#17546 = SURFACE_STYLE_FILL_AREA(#17547);
#17547 = FILL_AREA_STYLE('',(#17548));
#17548 = FILL_AREA_STYLE_COLOUR('',#17098);
#17549 = CURVE_STYLE('',#17550,POSITIVE_LENGTH_MEASURE(0.1),#17098);
#17550 = DRAUGHTING_PRE_DEFINED_CURVE_FONT('continuous');
#17551 = STYLED_ITEM('color',(#17552),#7679);
#17552 = PRESENTATION_STYLE_ASSIGNMENT((#17553,#17558));
#17553 = SURFACE_STYLE_USAGE(.BOTH.,#17554);
#17554 = SURFACE_SIDE_STYLE('',(#17555));
#17555 = SURFACE_STYLE_FILL_AREA(#17556);
#17556 = FILL_AREA_STYLE('',(#17557));
#17557 = FILL_AREA_STYLE_COLOUR('',#17098);
#17558 = CURVE_STYLE('',#17559,POSITIVE_LENGTH_MEASURE(0.1),#17098);
#17559 = DRAUGHTING_PRE_DEFINED_CURVE_FONT('continuous');
#17560 = STYLED_ITEM('color',(#17561),#7726);
#17561 = PRESENTATION_STYLE_ASSIGNMENT((#17562,#17567));
#17562 = SURFACE_STYLE_USAGE(.BOTH.,#17563);
#17563 = SURFACE_SIDE_STYLE('',(#17564));
#17564 = SURFACE_STYLE_FILL_AREA(#17565);
#17565 = FILL_AREA_STYLE('',(#17566));
#17566 = FILL_AREA_STYLE_COLOUR('',#17098);
#17567 = CURVE_STYLE('',#17568,POSITIVE_LENGTH_MEASURE(0.1),#17098);
#17568 = DRAUGHTING_PRE_DEFINED_CURVE_FONT('continuous');
#17569 = STYLED_ITEM('color',(#17570),#7743);
#17570 = PRESENTATION_STYLE_ASSIGNMENT((#17571,#17576));
#17571 = SURFACE_STYLE_USAGE(.BOTH.,#17572);
#17572 = SURFACE_SIDE_STYLE('',(#17573));
#17573 = SURFACE_STYLE_FILL_AREA(#17574);
#17574 = FILL_AREA_STYLE('',(#17575));
#17575 = FILL_AREA_STYLE_COLOUR('',#17098);
#17576 = CURVE_STYLE('',#17577,POSITIVE_LENGTH_MEASURE(0.1),#17098);
#17577 = DRAUGHTING_PRE_DEFINED_CURVE_FONT('continuous');
#17578 = STYLED_ITEM('color',(#17579),#7790);
#17579 = PRESENTATION_STYLE_ASSIGNMENT((#17580,#17585));
#17580 = SURFACE_STYLE_USAGE(.BOTH.,#17581);
#17581 = SURFACE_SIDE_STYLE('',(#17582));
#17582 = SURFACE_STYLE_FILL_AREA(#17583);
#17583 = FILL_AREA_STYLE('',(#17584));
#17584 = FILL_AREA_STYLE_COLOUR('',#17098);
#17585 = CURVE_STYLE('',#17586,POSITIVE_LENGTH_MEASURE(0.1),#17098);
#17586 = DRAUGHTING_PRE_DEFINED_CURVE_FONT('continuous');
#17587 = STYLED_ITEM('color',(#17588),#7807);
#17588 = PRESENTATION_STYLE_ASSIGNMENT((#17589,#17594));
#17589 = SURFACE_STYLE_USAGE(.BOTH.,#17590);
#17590 = SURFACE_SIDE_STYLE('',(#17591));
#17591 = SURFACE_STYLE_FILL_AREA(#17592);
#17592 = FILL_AREA_STYLE('',(#17593));
#17593 = FILL_AREA_STYLE_COLOUR('',#17098);
#17594 = CURVE_STYLE('',#17595,POSITIVE_LENGTH_MEASURE(0.1),#17098);
#17595 = DRAUGHTING_PRE_DEFINED_CURVE_FONT('continuous');
#17596 = STYLED_ITEM('color',(#17597),#7854);
#17597 = PRESENTATION_STYLE_ASSIGNMENT((#17598,#17603));
#17598 = SURFACE_STYLE_USAGE(.BOTH.,#17599);
#17599 = SURFACE_SIDE_STYLE('',(#17600));
#17600 = SURFACE_STYLE_FILL_AREA(#17601);
#17601 = FILL_AREA_STYLE('',(#17602));
#17602 = FILL_AREA_STYLE_COLOUR('',#17098);
#17603 = CURVE_STYLE('',#17604,POSITIVE_LENGTH_MEASURE(0.1),#17098);
#17604 = DRAUGHTING_PRE_DEFINED_CURVE_FONT('continuous');
#17605 = STYLED_ITEM('color',(#17606),#7871);
#17606 = PRESENTATION_STYLE_ASSIGNMENT((#17607,#17612));
#17607 = SURFACE_STYLE_USAGE(.BOTH.,#17608);
#17608 = SURFACE_SIDE_STYLE('',(#17609));
#17609 = SURFACE_STYLE_FILL_AREA(#17610);
#17610 = FILL_AREA_STYLE('',(#17611));
#17611 = FILL_AREA_STYLE_COLOUR('',#17098);
#17612 = CURVE_STYLE('',#17613,POSITIVE_LENGTH_MEASURE(0.1),#17098);
#17613 = DRAUGHTING_PRE_DEFINED_CURVE_FONT('continuous');
#17614 = STYLED_ITEM('color',(#17615),#7918);
#17615 = PRESENTATION_STYLE_ASSIGNMENT((#17616,#17621));
#17616 = SURFACE_STYLE_USAGE(.BOTH.,#17617);
#17617 = SURFACE_SIDE_STYLE('',(#17618));
#17618 = SURFACE_STYLE_FILL_AREA(#17619);
#17619 = FILL_AREA_STYLE('',(#17620));
#17620 = FILL_AREA_STYLE_COLOUR('',#17098);
#17621 = CURVE_STYLE('',#17622,POSITIVE_LENGTH_MEASURE(0.1),#17098);
#17622 = DRAUGHTING_PRE_DEFINED_CURVE_FONT('continuous');
#17623 = STYLED_ITEM('color',(#17624),#7935);
#17624 = PRESENTATION_STYLE_ASSIGNMENT((#17625,#17630));
#17625 = SURFACE_STYLE_USAGE(.BOTH.,#17626);
#17626 = SURFACE_SIDE_STYLE('',(#17627));
#17627 = SURFACE_STYLE_FILL_AREA(#17628);
#17628 = FILL_AREA_STYLE('',(#17629));
#17629 = FILL_AREA_STYLE_COLOUR('',#17098);
#17630 = CURVE_STYLE('',#17631,POSITIVE_LENGTH_MEASURE(0.1),#17098);
#17631 = DRAUGHTING_PRE_DEFINED_CURVE_FONT('continuous');
#17632 = STYLED_ITEM('color',(#17633),#7982);
#17633 = PRESENTATION_STYLE_ASSIGNMENT((#17634,#17639));
#17634 = SURFACE_STYLE_USAGE(.BOTH.,#17635);
#17635 = SURFACE_SIDE_STYLE('',(#17636));
#17636 = SURFACE_STYLE_FILL_AREA(#17637);
#17637 = FILL_AREA_STYLE('',(#17638));
#17638 = FILL_AREA_STYLE_COLOUR('',#17098);
#17639 = CURVE_STYLE('',#17640,POSITIVE_LENGTH_MEASURE(0.1),#17098);
#17640 = DRAUGHTING_PRE_DEFINED_CURVE_FONT('continuous');
#17641 = STYLED_ITEM('color',(#17642),#7999);
#17642 = PRESENTATION_STYLE_ASSIGNMENT((#17643,#17648));
#17643 = SURFACE_STYLE_USAGE(.BOTH.,#17644);
#17644 = SURFACE_SIDE_STYLE('',(#17645));
#17645 = SURFACE_STYLE_FILL_AREA(#17646);
#17646 = FILL_AREA_STYLE('',(#17647));
#17647 = FILL_AREA_STYLE_COLOUR('',#17098);
#17648 = CURVE_STYLE('',#17649,POSITIVE_LENGTH_MEASURE(0.1),#17098);
#17649 = DRAUGHTING_PRE_DEFINED_CURVE_FONT('continuous');
#17650 = STYLED_ITEM('color',(#17651),#8046);
#17651 = PRESENTATION_STYLE_ASSIGNMENT((#17652,#17657));
#17652 = SURFACE_STYLE_USAGE(.BOTH.,#17653);
#17653 = SURFACE_SIDE_STYLE('',(#17654));
#17654 = SURFACE_STYLE_FILL_AREA(#17655);
#17655 = FILL_AREA_STYLE('',(#17656));
#17656 = FILL_AREA_STYLE_COLOUR('',#17098);
#17657 = CURVE_STYLE('',#17658,POSITIVE_LENGTH_MEASURE(0.1),#17098);
#17658 = DRAUGHTING_PRE_DEFINED_CURVE_FONT('continuous');
#17659 = STYLED_ITEM('color',(#17660),#8063);
#17660 = PRESENTATION_STYLE_ASSIGNMENT((#17661,#17666));
#17661 = SURFACE_STYLE_USAGE(.BOTH.,#17662);
#17662 = SURFACE_SIDE_STYLE('',(#17663));
#17663 = SURFACE_STYLE_FILL_AREA(#17664);
#17664 = FILL_AREA_STYLE('',(#17665));
#17665 = FILL_AREA_STYLE_COLOUR('',#17098);
#17666 = CURVE_STYLE('',#17667,POSITIVE_LENGTH_MEASURE(0.1),#17098);
#17667 = DRAUGHTING_PRE_DEFINED_CURVE_FONT('continuous');
#17668 = STYLED_ITEM('color',(#17669),#8110);
#17669 = PRESENTATION_STYLE_ASSIGNMENT((#17670,#17675));
#17670 = SURFACE_STYLE_USAGE(.BOTH.,#17671);
#17671 = SURFACE_SIDE_STYLE('',(#17672));
#17672 = SURFACE_STYLE_FILL_AREA(#17673);
#17673 = FILL_AREA_STYLE('',(#17674));
#17674 = FILL_AREA_STYLE_COLOUR('',#17098);
#17675 = CURVE_STYLE('',#17676,POSITIVE_LENGTH_MEASURE(0.1),#17098);
#17676 = DRAUGHTING_PRE_DEFINED_CURVE_FONT('continuous');
#17677 = STYLED_ITEM('color',(#17678),#8127);
#17678 = PRESENTATION_STYLE_ASSIGNMENT((#17679,#17684));
#17679 = SURFACE_STYLE_USAGE(.BOTH.,#17680);
#17680 = SURFACE_SIDE_STYLE('',(#17681));
#17681 = SURFACE_STYLE_FILL_AREA(#17682);
#17682 = FILL_AREA_STYLE('',(#17683));
#17683 = FILL_AREA_STYLE_COLOUR('',#17098);
#17684 = CURVE_STYLE('',#17685,POSITIVE_LENGTH_MEASURE(0.1),#17098);
#17685 = DRAUGHTING_PRE_DEFINED_CURVE_FONT('continuous');
#17686 = STYLED_ITEM('color',(#17687),#8174);
#17687 = PRESENTATION_STYLE_ASSIGNMENT((#17688,#17693));
#17688 = SURFACE_STYLE_USAGE(.BOTH.,#17689);
#17689 = SURFACE_SIDE_STYLE('',(#17690));
#17690 = SURFACE_STYLE_FILL_AREA(#17691);
#17691 = FILL_AREA_STYLE('',(#17692));
#17692 = FILL_AREA_STYLE_COLOUR('',#17098);
#17693 = CURVE_STYLE('',#17694,POSITIVE_LENGTH_MEASURE(0.1),#17098);
#17694 = DRAUGHTING_PRE_DEFINED_CURVE_FONT('continuous');
#17695 = STYLED_ITEM('color',(#17696),#8191);
#17696 = PRESENTATION_STYLE_ASSIGNMENT((#17697,#17702));
#17697 = SURFACE_STYLE_USAGE(.BOTH.,#17698);
#17698 = SURFACE_SIDE_STYLE('',(#17699));
#17699 = SURFACE_STYLE_FILL_AREA(#17700);
#17700 = FILL_AREA_STYLE('',(#17701));
#17701 = FILL_AREA_STYLE_COLOUR('',#17098);
#17702 = CURVE_STYLE('',#17703,POSITIVE_LENGTH_MEASURE(0.1),#17098);
#17703 = DRAUGHTING_PRE_DEFINED_CURVE_FONT('continuous');
#17704 = STYLED_ITEM('color',(#17705),#8238);
#17705 = PRESENTATION_STYLE_ASSIGNMENT((#17706,#17711));
#17706 = SURFACE_STYLE_USAGE(.BOTH.,#17707);
#17707 = SURFACE_SIDE_STYLE('',(#17708));
#17708 = SURFACE_STYLE_FILL_AREA(#17709);
#17709 = FILL_AREA_STYLE('',(#17710));
#17710 = FILL_AREA_STYLE_COLOUR('',#17098);
#17711 = CURVE_STYLE('',#17712,POSITIVE_LENGTH_MEASURE(0.1),#17098);
#17712 = DRAUGHTING_PRE_DEFINED_CURVE_FONT('continuous');
#17713 = STYLED_ITEM('color',(#17714),#8255);
#17714 = PRESENTATION_STYLE_ASSIGNMENT((#17715,#17720));
#17715 = SURFACE_STYLE_USAGE(.BOTH.,#17716);
#17716 = SURFACE_SIDE_STYLE('',(#17717));
#17717 = SURFACE_STYLE_FILL_AREA(#17718);
#17718 = FILL_AREA_STYLE('',(#17719));
#17719 = FILL_AREA_STYLE_COLOUR('',#17098);
#17720 = CURVE_STYLE('',#17721,POSITIVE_LENGTH_MEASURE(0.1),#17098);
#17721 = DRAUGHTING_PRE_DEFINED_CURVE_FONT('continuous');
#17722 = STYLED_ITEM('color',(#17723),#8302);
#17723 = PRESENTATION_STYLE_ASSIGNMENT((#17724,#17729));
#17724 = SURFACE_STYLE_USAGE(.BOTH.,#17725);
#17725 = SURFACE_SIDE_STYLE('',(#17726));
#17726 = SURFACE_STYLE_FILL_AREA(#17727);
#17727 = FILL_AREA_STYLE('',(#17728));
#17728 = FILL_AREA_STYLE_COLOUR('',#17098);
#17729 = CURVE_STYLE('',#17730,POSITIVE_LENGTH_MEASURE(0.1),#17098);
#17730 = DRAUGHTING_PRE_DEFINED_CURVE_FONT('continuous');
#17731 = STYLED_ITEM('color',(#17732),#8319);
#17732 = PRESENTATION_STYLE_ASSIGNMENT((#17733,#17738));
#17733 = SURFACE_STYLE_USAGE(.BOTH.,#17734);
#17734 = SURFACE_SIDE_STYLE('',(#17735));
#17735 = SURFACE_STYLE_FILL_AREA(#17736);
#17736 = FILL_AREA_STYLE('',(#17737));
#17737 = FILL_AREA_STYLE_COLOUR('',#17098);
#17738 = CURVE_STYLE('',#17739,POSITIVE_LENGTH_MEASURE(0.1),#17098);
#17739 = DRAUGHTING_PRE_DEFINED_CURVE_FONT('continuous');
#17740 = STYLED_ITEM('color',(#17741),#8366);
#17741 = PRESENTATION_STYLE_ASSIGNMENT((#17742,#17747));
#17742 = SURFACE_STYLE_USAGE(.BOTH.,#17743);
#17743 = SURFACE_SIDE_STYLE('',(#17744));
#17744 = SURFACE_STYLE_FILL_AREA(#17745);
#17745 = FILL_AREA_STYLE('',(#17746));
#17746 = FILL_AREA_STYLE_COLOUR('',#17098);
#17747 = CURVE_STYLE('',#17748,POSITIVE_LENGTH_MEASURE(0.1),#17098);
#17748 = DRAUGHTING_PRE_DEFINED_CURVE_FONT('continuous');
#17749 = STYLED_ITEM('color',(#17750),#8383);
#17750 = PRESENTATION_STYLE_ASSIGNMENT((#17751,#17756));
#17751 = SURFACE_STYLE_USAGE(.BOTH.,#17752);
#17752 = SURFACE_SIDE_STYLE('',(#17753));
#17753 = SURFACE_STYLE_FILL_AREA(#17754);
#17754 = FILL_AREA_STYLE('',(#17755));
#17755 = FILL_AREA_STYLE_COLOUR('',#17098);
#17756 = CURVE_STYLE('',#17757,POSITIVE_LENGTH_MEASURE(0.1),#17098);
#17757 = DRAUGHTING_PRE_DEFINED_CURVE_FONT('continuous');
#17758 = STYLED_ITEM('color',(#17759),#8430);
#17759 = PRESENTATION_STYLE_ASSIGNMENT((#17760,#17765));
#17760 = SURFACE_STYLE_USAGE(.BOTH.,#17761);
#17761 = SURFACE_SIDE_STYLE('',(#17762));
#17762 = SURFACE_STYLE_FILL_AREA(#17763);
#17763 = FILL_AREA_STYLE('',(#17764));
#17764 = FILL_AREA_STYLE_COLOUR('',#17098);
#17765 = CURVE_STYLE('',#17766,POSITIVE_LENGTH_MEASURE(0.1),#17098);
#17766 = DRAUGHTING_PRE_DEFINED_CURVE_FONT('continuous');
#17767 = STYLED_ITEM('color',(#17768),#8447);
#17768 = PRESENTATION_STYLE_ASSIGNMENT((#17769,#17774));
#17769 = SURFACE_STYLE_USAGE(.BOTH.,#17770);
#17770 = SURFACE_SIDE_STYLE('',(#17771));
#17771 = SURFACE_STYLE_FILL_AREA(#17772);
#17772 = FILL_AREA_STYLE('',(#17773));
#17773 = FILL_AREA_STYLE_COLOUR('',#17098);
#17774 = CURVE_STYLE('',#17775,POSITIVE_LENGTH_MEASURE(0.1),#17098);
#17775 = DRAUGHTING_PRE_DEFINED_CURVE_FONT('continuous');
#17776 = STYLED_ITEM('color',(#17777),#8494);
#17777 = PRESENTATION_STYLE_ASSIGNMENT((#17778,#17783));
#17778 = SURFACE_STYLE_USAGE(.BOTH.,#17779);
#17779 = SURFACE_SIDE_STYLE('',(#17780));
#17780 = SURFACE_STYLE_FILL_AREA(#17781);
#17781 = FILL_AREA_STYLE('',(#17782));
#17782 = FILL_AREA_STYLE_COLOUR('',#17098);
#17783 = CURVE_STYLE('',#17784,POSITIVE_LENGTH_MEASURE(0.1),#17098);
#17784 = DRAUGHTING_PRE_DEFINED_CURVE_FONT('continuous');
#17785 = STYLED_ITEM('color',(#17786),#8511);
#17786 = PRESENTATION_STYLE_ASSIGNMENT((#17787,#17792));
#17787 = SURFACE_STYLE_USAGE(.BOTH.,#17788);
#17788 = SURFACE_SIDE_STYLE('',(#17789));
#17789 = SURFACE_STYLE_FILL_AREA(#17790);
#17790 = FILL_AREA_STYLE('',(#17791));
#17791 = FILL_AREA_STYLE_COLOUR('',#17098);
#17792 = CURVE_STYLE('',#17793,POSITIVE_LENGTH_MEASURE(0.1),#17098);
#17793 = DRAUGHTING_PRE_DEFINED_CURVE_FONT('continuous');
#17794 = STYLED_ITEM('color',(#17795),#8558);
#17795 = PRESENTATION_STYLE_ASSIGNMENT((#17796,#17801));
#17796 = SURFACE_STYLE_USAGE(.BOTH.,#17797);
#17797 = SURFACE_SIDE_STYLE('',(#17798));
#17798 = SURFACE_STYLE_FILL_AREA(#17799);
#17799 = FILL_AREA_STYLE('',(#17800));
#17800 = FILL_AREA_STYLE_COLOUR('',#17098);
#17801 = CURVE_STYLE('',#17802,POSITIVE_LENGTH_MEASURE(0.1),#17098);
#17802 = DRAUGHTING_PRE_DEFINED_CURVE_FONT('continuous');
#17803 = STYLED_ITEM('color',(#17804),#8575);
#17804 = PRESENTATION_STYLE_ASSIGNMENT((#17805,#17810));
#17805 = SURFACE_STYLE_USAGE(.BOTH.,#17806);
#17806 = SURFACE_SIDE_STYLE('',(#17807));
#17807 = SURFACE_STYLE_FILL_AREA(#17808);
#17808 = FILL_AREA_STYLE('',(#17809));
#17809 = FILL_AREA_STYLE_COLOUR('',#17098);
#17810 = CURVE_STYLE('',#17811,POSITIVE_LENGTH_MEASURE(0.1),#17098);
#17811 = DRAUGHTING_PRE_DEFINED_CURVE_FONT('continuous');
#17812 = STYLED_ITEM('color',(#17813),#8622);
#17813 = PRESENTATION_STYLE_ASSIGNMENT((#17814,#17819));
#17814 = SURFACE_STYLE_USAGE(.BOTH.,#17815);
#17815 = SURFACE_SIDE_STYLE('',(#17816));
#17816 = SURFACE_STYLE_FILL_AREA(#17817);
#17817 = FILL_AREA_STYLE('',(#17818));
#17818 = FILL_AREA_STYLE_COLOUR('',#17098);
#17819 = CURVE_STYLE('',#17820,POSITIVE_LENGTH_MEASURE(0.1),#17098);
#17820 = DRAUGHTING_PRE_DEFINED_CURVE_FONT('continuous');
#17821 = STYLED_ITEM('color',(#17822),#8639);
#17822 = PRESENTATION_STYLE_ASSIGNMENT((#17823,#17828));
#17823 = SURFACE_STYLE_USAGE(.BOTH.,#17824);
#17824 = SURFACE_SIDE_STYLE('',(#17825));
#17825 = SURFACE_STYLE_FILL_AREA(#17826);
#17826 = FILL_AREA_STYLE('',(#17827));
#17827 = FILL_AREA_STYLE_COLOUR('',#17098);
#17828 = CURVE_STYLE('',#17829,POSITIVE_LENGTH_MEASURE(0.1),#17098);
#17829 = DRAUGHTING_PRE_DEFINED_CURVE_FONT('continuous');
#17830 = STYLED_ITEM('color',(#17831),#8686);
#17831 = PRESENTATION_STYLE_ASSIGNMENT((#17832,#17837));
#17832 = SURFACE_STYLE_USAGE(.BOTH.,#17833);
#17833 = SURFACE_SIDE_STYLE('',(#17834));
#17834 = SURFACE_STYLE_FILL_AREA(#17835);
#17835 = FILL_AREA_STYLE('',(#17836));
#17836 = FILL_AREA_STYLE_COLOUR('',#17025);
#17837 = CURVE_STYLE('',#17838,POSITIVE_LENGTH_MEASURE(0.1),#17025);
#17838 = DRAUGHTING_PRE_DEFINED_CURVE_FONT('continuous');
#17839 = STYLED_ITEM('color',(#17840),#8717);
#17840 = PRESENTATION_STYLE_ASSIGNMENT((#17841,#17846));
#17841 = SURFACE_STYLE_USAGE(.BOTH.,#17842);
#17842 = SURFACE_SIDE_STYLE('',(#17843));
#17843 = SURFACE_STYLE_FILL_AREA(#17844);
#17844 = FILL_AREA_STYLE('',(#17845));
#17845 = FILL_AREA_STYLE_COLOUR('',#17025);
#17846 = CURVE_STYLE('',#17847,POSITIVE_LENGTH_MEASURE(0.1),#17025);
#17847 = DRAUGHTING_PRE_DEFINED_CURVE_FONT('continuous');
#17848 = OVER_RIDING_STYLED_ITEM('overriding color',(#17849),#8731,
  #17839);
#17849 = PRESENTATION_STYLE_ASSIGNMENT((#17850,#17855));
#17850 = SURFACE_STYLE_USAGE(.BOTH.,#17851);
#17851 = SURFACE_SIDE_STYLE('',(#17852));
#17852 = SURFACE_STYLE_FILL_AREA(#17853);
#17853 = FILL_AREA_STYLE('',(#17854));
#17854 = FILL_AREA_STYLE_COLOUR('',#17098);
#17855 = CURVE_STYLE('',#17856,POSITIVE_LENGTH_MEASURE(0.1),#17098);
#17856 = DRAUGHTING_PRE_DEFINED_CURVE_FONT('continuous');
#17857 = OVER_RIDING_STYLED_ITEM('overriding color',(#17858),#8747,
  #17839);
#17858 = PRESENTATION_STYLE_ASSIGNMENT((#17859,#17864));
#17859 = SURFACE_STYLE_USAGE(.BOTH.,#17860);
#17860 = SURFACE_SIDE_STYLE('',(#17861));
#17861 = SURFACE_STYLE_FILL_AREA(#17862);
#17862 = FILL_AREA_STYLE('',(#17863));
#17863 = FILL_AREA_STYLE_COLOUR('',#17098);
#17864 = CURVE_STYLE('',#17865,POSITIVE_LENGTH_MEASURE(0.1),#17098);
#17865 = DRAUGHTING_PRE_DEFINED_CURVE_FONT('continuous');
#17866 = STYLED_ITEM('color',(#17867),#8773);
#17867 = PRESENTATION_STYLE_ASSIGNMENT((#17868,#17873));
#17868 = SURFACE_STYLE_USAGE(.BOTH.,#17869);
#17869 = SURFACE_SIDE_STYLE('',(#17870));
#17870 = SURFACE_STYLE_FILL_AREA(#17871);
#17871 = FILL_AREA_STYLE('',(#17872));
#17872 = FILL_AREA_STYLE_COLOUR('',#17025);
#17873 = CURVE_STYLE('',#17874,POSITIVE_LENGTH_MEASURE(0.1),#17025);
#17874 = DRAUGHTING_PRE_DEFINED_CURVE_FONT('continuous');
#17875 = STYLED_ITEM('color',(#17876),#8797);
#17876 = PRESENTATION_STYLE_ASSIGNMENT((#17877,#17882));
#17877 = SURFACE_STYLE_USAGE(.BOTH.,#17878);
#17878 = SURFACE_SIDE_STYLE('',(#17879));
#17879 = SURFACE_STYLE_FILL_AREA(#17880);
#17880 = FILL_AREA_STYLE('',(#17881));
#17881 = FILL_AREA_STYLE_COLOUR('',#17025);
#17882 = CURVE_STYLE('',#17883,POSITIVE_LENGTH_MEASURE(0.1),#17025);
#17883 = DRAUGHTING_PRE_DEFINED_CURVE_FONT('continuous');
#17884 = OVER_RIDING_STYLED_ITEM('overriding color',(#17885),#8811,
  #17875);
#17885 = PRESENTATION_STYLE_ASSIGNMENT((#17886,#17891));
#17886 = SURFACE_STYLE_USAGE(.BOTH.,#17887);
#17887 = SURFACE_SIDE_STYLE('',(#17888));
#17888 = SURFACE_STYLE_FILL_AREA(#17889);
#17889 = FILL_AREA_STYLE('',(#17890));
#17890 = FILL_AREA_STYLE_COLOUR('',#17098);
#17891 = CURVE_STYLE('',#17892,POSITIVE_LENGTH_MEASURE(0.1),#17098);
#17892 = DRAUGHTING_PRE_DEFINED_CURVE_FONT('continuous');
#17893 = OVER_RIDING_STYLED_ITEM('overriding color',(#17894),#8827,
  #17875);
#17894 = PRESENTATION_STYLE_ASSIGNMENT((#17895,#17900));
#17895 = SURFACE_STYLE_USAGE(.BOTH.,#17896);
#17896 = SURFACE_SIDE_STYLE('',(#17897));
#17897 = SURFACE_STYLE_FILL_AREA(#17898);
#17898 = FILL_AREA_STYLE('',(#17899));
#17899 = FILL_AREA_STYLE_COLOUR('',#17098);
#17900 = CURVE_STYLE('',#17901,POSITIVE_LENGTH_MEASURE(0.1),#17098);
#17901 = DRAUGHTING_PRE_DEFINED_CURVE_FONT('continuous');
#17902 = STYLED_ITEM('color',(#17903),#8846);
#17903 = PRESENTATION_STYLE_ASSIGNMENT((#17904,#17909));
#17904 = SURFACE_STYLE_USAGE(.BOTH.,#17905);
#17905 = SURFACE_SIDE_STYLE('',(#17906));
#17906 = SURFACE_STYLE_FILL_AREA(#17907);
#17907 = FILL_AREA_STYLE('',(#17908));
#17908 = FILL_AREA_STYLE_COLOUR('',#17025);
#17909 = CURVE_STYLE('',#17910,POSITIVE_LENGTH_MEASURE(0.1),#17025);
#17910 = DRAUGHTING_PRE_DEFINED_CURVE_FONT('continuous');
#17911 = STYLED_ITEM('color',(#17912),#8877);
#17912 = PRESENTATION_STYLE_ASSIGNMENT((#17913,#17918));
#17913 = SURFACE_STYLE_USAGE(.BOTH.,#17914);
#17914 = SURFACE_SIDE_STYLE('',(#17915));
#17915 = SURFACE_STYLE_FILL_AREA(#17916);
#17916 = FILL_AREA_STYLE('',(#17917));
#17917 = FILL_AREA_STYLE_COLOUR('',#17025);
#17918 = CURVE_STYLE('',#17919,POSITIVE_LENGTH_MEASURE(0.1),#17025);
#17919 = DRAUGHTING_PRE_DEFINED_CURVE_FONT('continuous');
#17920 = OVER_RIDING_STYLED_ITEM('overriding color',(#17921),#8891,
  #17911);
#17921 = PRESENTATION_STYLE_ASSIGNMENT((#17922,#17927));
#17922 = SURFACE_STYLE_USAGE(.BOTH.,#17923);
#17923 = SURFACE_SIDE_STYLE('',(#17924));
#17924 = SURFACE_STYLE_FILL_AREA(#17925);
#17925 = FILL_AREA_STYLE('',(#17926));
#17926 = FILL_AREA_STYLE_COLOUR('',#17098);
#17927 = CURVE_STYLE('',#17928,POSITIVE_LENGTH_MEASURE(0.1),#17098);
#17928 = DRAUGHTING_PRE_DEFINED_CURVE_FONT('continuous');
#17929 = OVER_RIDING_STYLED_ITEM('overriding color',(#17930),#8907,
  #17911);
#17930 = PRESENTATION_STYLE_ASSIGNMENT((#17931,#17936));
#17931 = SURFACE_STYLE_USAGE(.BOTH.,#17932);
#17932 = SURFACE_SIDE_STYLE('',(#17933));
#17933 = SURFACE_STYLE_FILL_AREA(#17934);
#17934 = FILL_AREA_STYLE('',(#17935));
#17935 = FILL_AREA_STYLE_COLOUR('',#17098);
#17936 = CURVE_STYLE('',#17937,POSITIVE_LENGTH_MEASURE(0.1),#17098);
#17937 = DRAUGHTING_PRE_DEFINED_CURVE_FONT('continuous');
#17938 = STYLED_ITEM('color',(#17939),#8933);
#17939 = PRESENTATION_STYLE_ASSIGNMENT((#17940,#17945));
#17940 = SURFACE_STYLE_USAGE(.BOTH.,#17941);
#17941 = SURFACE_SIDE_STYLE('',(#17942));
#17942 = SURFACE_STYLE_FILL_AREA(#17943);
#17943 = FILL_AREA_STYLE('',(#17944));
#17944 = FILL_AREA_STYLE_COLOUR('',#17025);
#17945 = CURVE_STYLE('',#17946,POSITIVE_LENGTH_MEASURE(0.1),#17025);
#17946 = DRAUGHTING_PRE_DEFINED_CURVE_FONT('continuous');
#17947 = STYLED_ITEM('color',(#17948),#8957);
#17948 = PRESENTATION_STYLE_ASSIGNMENT((#17949,#17954));
#17949 = SURFACE_STYLE_USAGE(.BOTH.,#17950);
#17950 = SURFACE_SIDE_STYLE('',(#17951));
#17951 = SURFACE_STYLE_FILL_AREA(#17952);
#17952 = FILL_AREA_STYLE('',(#17953));
#17953 = FILL_AREA_STYLE_COLOUR('',#17025);
#17954 = CURVE_STYLE('',#17955,POSITIVE_LENGTH_MEASURE(0.1),#17025);
#17955 = DRAUGHTING_PRE_DEFINED_CURVE_FONT('continuous');
#17956 = OVER_RIDING_STYLED_ITEM('overriding color',(#17957),#8971,
  #17947);
#17957 = PRESENTATION_STYLE_ASSIGNMENT((#17958,#17963));
#17958 = SURFACE_STYLE_USAGE(.BOTH.,#17959);
#17959 = SURFACE_SIDE_STYLE('',(#17960));
#17960 = SURFACE_STYLE_FILL_AREA(#17961);
#17961 = FILL_AREA_STYLE('',(#17962));
#17962 = FILL_AREA_STYLE_COLOUR('',#17098);
#17963 = CURVE_STYLE('',#17964,POSITIVE_LENGTH_MEASURE(0.1),#17098);
#17964 = DRAUGHTING_PRE_DEFINED_CURVE_FONT('continuous');
#17965 = OVER_RIDING_STYLED_ITEM('overriding color',(#17966),#8987,
  #17947);
#17966 = PRESENTATION_STYLE_ASSIGNMENT((#17967,#17972));
#17967 = SURFACE_STYLE_USAGE(.BOTH.,#17968);
#17968 = SURFACE_SIDE_STYLE('',(#17969));
#17969 = SURFACE_STYLE_FILL_AREA(#17970);
#17970 = FILL_AREA_STYLE('',(#17971));
#17971 = FILL_AREA_STYLE_COLOUR('',#17098);
#17972 = CURVE_STYLE('',#17973,POSITIVE_LENGTH_MEASURE(0.1),#17098);
#17973 = DRAUGHTING_PRE_DEFINED_CURVE_FONT('continuous');
#17974 = STYLED_ITEM('color',(#17975),#9006);
#17975 = PRESENTATION_STYLE_ASSIGNMENT((#17976,#17981));
#17976 = SURFACE_STYLE_USAGE(.BOTH.,#17977);
#17977 = SURFACE_SIDE_STYLE('',(#17978));
#17978 = SURFACE_STYLE_FILL_AREA(#17979);
#17979 = FILL_AREA_STYLE('',(#17980));
#17980 = FILL_AREA_STYLE_COLOUR('',#17025);
#17981 = CURVE_STYLE('',#17982,POSITIVE_LENGTH_MEASURE(0.1),#17025);
#17982 = DRAUGHTING_PRE_DEFINED_CURVE_FONT('continuous');
#17983 = STYLED_ITEM('color',(#17984),#9037);
#17984 = PRESENTATION_STYLE_ASSIGNMENT((#17985,#17990));
#17985 = SURFACE_STYLE_USAGE(.BOTH.,#17986);
#17986 = SURFACE_SIDE_STYLE('',(#17987));
#17987 = SURFACE_STYLE_FILL_AREA(#17988);
#17988 = FILL_AREA_STYLE('',(#17989));
#17989 = FILL_AREA_STYLE_COLOUR('',#17025);
#17990 = CURVE_STYLE('',#17991,POSITIVE_LENGTH_MEASURE(0.1),#17025);
#17991 = DRAUGHTING_PRE_DEFINED_CURVE_FONT('continuous');
#17992 = OVER_RIDING_STYLED_ITEM('overriding color',(#17993),#9051,
  #17983);
#17993 = PRESENTATION_STYLE_ASSIGNMENT((#17994,#17999));
#17994 = SURFACE_STYLE_USAGE(.BOTH.,#17995);
#17995 = SURFACE_SIDE_STYLE('',(#17996));
#17996 = SURFACE_STYLE_FILL_AREA(#17997);
#17997 = FILL_AREA_STYLE('',(#17998));
#17998 = FILL_AREA_STYLE_COLOUR('',#17098);
#17999 = CURVE_STYLE('',#18000,POSITIVE_LENGTH_MEASURE(0.1),#17098);
#18000 = DRAUGHTING_PRE_DEFINED_CURVE_FONT('continuous');
#18001 = OVER_RIDING_STYLED_ITEM('overriding color',(#18002),#9067,
  #17983);
#18002 = PRESENTATION_STYLE_ASSIGNMENT((#18003,#18008));
#18003 = SURFACE_STYLE_USAGE(.BOTH.,#18004);
#18004 = SURFACE_SIDE_STYLE('',(#18005));
#18005 = SURFACE_STYLE_FILL_AREA(#18006);
#18006 = FILL_AREA_STYLE('',(#18007));
#18007 = FILL_AREA_STYLE_COLOUR('',#17098);
#18008 = CURVE_STYLE('',#18009,POSITIVE_LENGTH_MEASURE(0.1),#17098);
#18009 = DRAUGHTING_PRE_DEFINED_CURVE_FONT('continuous');
#18010 = STYLED_ITEM('color',(#18011),#9093);
#18011 = PRESENTATION_STYLE_ASSIGNMENT((#18012,#18017));
#18012 = SURFACE_STYLE_USAGE(.BOTH.,#18013);
#18013 = SURFACE_SIDE_STYLE('',(#18014));
#18014 = SURFACE_STYLE_FILL_AREA(#18015);
#18015 = FILL_AREA_STYLE('',(#18016));
#18016 = FILL_AREA_STYLE_COLOUR('',#17025);
#18017 = CURVE_STYLE('',#18018,POSITIVE_LENGTH_MEASURE(0.1),#17025);
#18018 = DRAUGHTING_PRE_DEFINED_CURVE_FONT('continuous');
#18019 = STYLED_ITEM('color',(#18020),#9117);
#18020 = PRESENTATION_STYLE_ASSIGNMENT((#18021,#18026));
#18021 = SURFACE_STYLE_USAGE(.BOTH.,#18022);
#18022 = SURFACE_SIDE_STYLE('',(#18023));
#18023 = SURFACE_STYLE_FILL_AREA(#18024);
#18024 = FILL_AREA_STYLE('',(#18025));
#18025 = FILL_AREA_STYLE_COLOUR('',#17025);
#18026 = CURVE_STYLE('',#18027,POSITIVE_LENGTH_MEASURE(0.1),#17025);
#18027 = DRAUGHTING_PRE_DEFINED_CURVE_FONT('continuous');
#18028 = OVER_RIDING_STYLED_ITEM('overriding color',(#18029),#9131,
  #18019);
#18029 = PRESENTATION_STYLE_ASSIGNMENT((#18030,#18035));
#18030 = SURFACE_STYLE_USAGE(.BOTH.,#18031);
#18031 = SURFACE_SIDE_STYLE('',(#18032));
#18032 = SURFACE_STYLE_FILL_AREA(#18033);
#18033 = FILL_AREA_STYLE('',(#18034));
#18034 = FILL_AREA_STYLE_COLOUR('',#17098);
#18035 = CURVE_STYLE('',#18036,POSITIVE_LENGTH_MEASURE(0.1),#17098);
#18036 = DRAUGHTING_PRE_DEFINED_CURVE_FONT('continuous');
#18037 = OVER_RIDING_STYLED_ITEM('overriding color',(#18038),#9147,
  #18019);
#18038 = PRESENTATION_STYLE_ASSIGNMENT((#18039,#18044));
#18039 = SURFACE_STYLE_USAGE(.BOTH.,#18040);
#18040 = SURFACE_SIDE_STYLE('',(#18041));
#18041 = SURFACE_STYLE_FILL_AREA(#18042);
#18042 = FILL_AREA_STYLE('',(#18043));
#18043 = FILL_AREA_STYLE_COLOUR('',#17098);
#18044 = CURVE_STYLE('',#18045,POSITIVE_LENGTH_MEASURE(0.1),#17098);
#18045 = DRAUGHTING_PRE_DEFINED_CURVE_FONT('continuous');
#18046 = STYLED_ITEM('color',(#18047),#9166);
#18047 = PRESENTATION_STYLE_ASSIGNMENT((#18048,#18053));
#18048 = SURFACE_STYLE_USAGE(.BOTH.,#18049);
#18049 = SURFACE_SIDE_STYLE('',(#18050));
#18050 = SURFACE_STYLE_FILL_AREA(#18051);
#18051 = FILL_AREA_STYLE('',(#18052));
#18052 = FILL_AREA_STYLE_COLOUR('',#17025);
#18053 = CURVE_STYLE('',#18054,POSITIVE_LENGTH_MEASURE(0.1),#17025);
#18054 = DRAUGHTING_PRE_DEFINED_CURVE_FONT('continuous');
#18055 = STYLED_ITEM('color',(#18056),#9197);
#18056 = PRESENTATION_STYLE_ASSIGNMENT((#18057,#18062));
#18057 = SURFACE_STYLE_USAGE(.BOTH.,#18058);
#18058 = SURFACE_SIDE_STYLE('',(#18059));
#18059 = SURFACE_STYLE_FILL_AREA(#18060);
#18060 = FILL_AREA_STYLE('',(#18061));
#18061 = FILL_AREA_STYLE_COLOUR('',#17025);
#18062 = CURVE_STYLE('',#18063,POSITIVE_LENGTH_MEASURE(0.1),#17025);
#18063 = DRAUGHTING_PRE_DEFINED_CURVE_FONT('continuous');
#18064 = OVER_RIDING_STYLED_ITEM('overriding color',(#18065),#9211,
  #18055);
#18065 = PRESENTATION_STYLE_ASSIGNMENT((#18066,#18071));
#18066 = SURFACE_STYLE_USAGE(.BOTH.,#18067);
#18067 = SURFACE_SIDE_STYLE('',(#18068));
#18068 = SURFACE_STYLE_FILL_AREA(#18069);
#18069 = FILL_AREA_STYLE('',(#18070));
#18070 = FILL_AREA_STYLE_COLOUR('',#17098);
#18071 = CURVE_STYLE('',#18072,POSITIVE_LENGTH_MEASURE(0.1),#17098);
#18072 = DRAUGHTING_PRE_DEFINED_CURVE_FONT('continuous');
#18073 = OVER_RIDING_STYLED_ITEM('overriding color',(#18074),#9227,
  #18055);
#18074 = PRESENTATION_STYLE_ASSIGNMENT((#18075,#18080));
#18075 = SURFACE_STYLE_USAGE(.BOTH.,#18076);
#18076 = SURFACE_SIDE_STYLE('',(#18077));
#18077 = SURFACE_STYLE_FILL_AREA(#18078);
#18078 = FILL_AREA_STYLE('',(#18079));
#18079 = FILL_AREA_STYLE_COLOUR('',#17098);
#18080 = CURVE_STYLE('',#18081,POSITIVE_LENGTH_MEASURE(0.1),#17098);
#18081 = DRAUGHTING_PRE_DEFINED_CURVE_FONT('continuous');
#18082 = STYLED_ITEM('color',(#18083),#9253);
#18083 = PRESENTATION_STYLE_ASSIGNMENT((#18084,#18089));
#18084 = SURFACE_STYLE_USAGE(.BOTH.,#18085);
#18085 = SURFACE_SIDE_STYLE('',(#18086));
#18086 = SURFACE_STYLE_FILL_AREA(#18087);
#18087 = FILL_AREA_STYLE('',(#18088));
#18088 = FILL_AREA_STYLE_COLOUR('',#17025);
#18089 = CURVE_STYLE('',#18090,POSITIVE_LENGTH_MEASURE(0.1),#17025);
#18090 = DRAUGHTING_PRE_DEFINED_CURVE_FONT('continuous');
#18091 = STYLED_ITEM('color',(#18092),#9277);
#18092 = PRESENTATION_STYLE_ASSIGNMENT((#18093,#18098));
#18093 = SURFACE_STYLE_USAGE(.BOTH.,#18094);
#18094 = SURFACE_SIDE_STYLE('',(#18095));
#18095 = SURFACE_STYLE_FILL_AREA(#18096);
#18096 = FILL_AREA_STYLE('',(#18097));
#18097 = FILL_AREA_STYLE_COLOUR('',#17025);
#18098 = CURVE_STYLE('',#18099,POSITIVE_LENGTH_MEASURE(0.1),#17025);
#18099 = DRAUGHTING_PRE_DEFINED_CURVE_FONT('continuous');
#18100 = OVER_RIDING_STYLED_ITEM('overriding color',(#18101),#9291,
  #18091);
#18101 = PRESENTATION_STYLE_ASSIGNMENT((#18102,#18107));
#18102 = SURFACE_STYLE_USAGE(.BOTH.,#18103);
#18103 = SURFACE_SIDE_STYLE('',(#18104));
#18104 = SURFACE_STYLE_FILL_AREA(#18105);
#18105 = FILL_AREA_STYLE('',(#18106));
#18106 = FILL_AREA_STYLE_COLOUR('',#17098);
#18107 = CURVE_STYLE('',#18108,POSITIVE_LENGTH_MEASURE(0.1),#17098);
#18108 = DRAUGHTING_PRE_DEFINED_CURVE_FONT('continuous');
#18109 = OVER_RIDING_STYLED_ITEM('overriding color',(#18110),#9307,
  #18091);
#18110 = PRESENTATION_STYLE_ASSIGNMENT((#18111,#18116));
#18111 = SURFACE_STYLE_USAGE(.BOTH.,#18112);
#18112 = SURFACE_SIDE_STYLE('',(#18113));
#18113 = SURFACE_STYLE_FILL_AREA(#18114);
#18114 = FILL_AREA_STYLE('',(#18115));
#18115 = FILL_AREA_STYLE_COLOUR('',#17098);
#18116 = CURVE_STYLE('',#18117,POSITIVE_LENGTH_MEASURE(0.1),#17098);
#18117 = DRAUGHTING_PRE_DEFINED_CURVE_FONT('continuous');
#18118 = STYLED_ITEM('color',(#18119),#9326);
#18119 = PRESENTATION_STYLE_ASSIGNMENT((#18120,#18125));
#18120 = SURFACE_STYLE_USAGE(.BOTH.,#18121);
#18121 = SURFACE_SIDE_STYLE('',(#18122));
#18122 = SURFACE_STYLE_FILL_AREA(#18123);
#18123 = FILL_AREA_STYLE('',(#18124));
#18124 = FILL_AREA_STYLE_COLOUR('',#17025);
#18125 = CURVE_STYLE('',#18126,POSITIVE_LENGTH_MEASURE(0.1),#17025);
#18126 = DRAUGHTING_PRE_DEFINED_CURVE_FONT('continuous');
#18127 = STYLED_ITEM('color',(#18128),#9357);
#18128 = PRESENTATION_STYLE_ASSIGNMENT((#18129,#18134));
#18129 = SURFACE_STYLE_USAGE(.BOTH.,#18130);
#18130 = SURFACE_SIDE_STYLE('',(#18131));
#18131 = SURFACE_STYLE_FILL_AREA(#18132);
#18132 = FILL_AREA_STYLE('',(#18133));
#18133 = FILL_AREA_STYLE_COLOUR('',#17025);
#18134 = CURVE_STYLE('',#18135,POSITIVE_LENGTH_MEASURE(0.1),#17025);
#18135 = DRAUGHTING_PRE_DEFINED_CURVE_FONT('continuous');
#18136 = OVER_RIDING_STYLED_ITEM('overriding color',(#18137),#9371,
  #18127);
#18137 = PRESENTATION_STYLE_ASSIGNMENT((#18138,#18143));
#18138 = SURFACE_STYLE_USAGE(.BOTH.,#18139);
#18139 = SURFACE_SIDE_STYLE('',(#18140));
#18140 = SURFACE_STYLE_FILL_AREA(#18141);
#18141 = FILL_AREA_STYLE('',(#18142));
#18142 = FILL_AREA_STYLE_COLOUR('',#17098);
#18143 = CURVE_STYLE('',#18144,POSITIVE_LENGTH_MEASURE(0.1),#17098);
#18144 = DRAUGHTING_PRE_DEFINED_CURVE_FONT('continuous');
#18145 = OVER_RIDING_STYLED_ITEM('overriding color',(#18146),#9387,
  #18127);
#18146 = PRESENTATION_STYLE_ASSIGNMENT((#18147,#18152));
#18147 = SURFACE_STYLE_USAGE(.BOTH.,#18148);
#18148 = SURFACE_SIDE_STYLE('',(#18149));
#18149 = SURFACE_STYLE_FILL_AREA(#18150);
#18150 = FILL_AREA_STYLE('',(#18151));
#18151 = FILL_AREA_STYLE_COLOUR('',#17098);
#18152 = CURVE_STYLE('',#18153,POSITIVE_LENGTH_MEASURE(0.1),#17098);
#18153 = DRAUGHTING_PRE_DEFINED_CURVE_FONT('continuous');
#18154 = STYLED_ITEM('color',(#18155),#9413);
#18155 = PRESENTATION_STYLE_ASSIGNMENT((#18156,#18161));
#18156 = SURFACE_STYLE_USAGE(.BOTH.,#18157);
#18157 = SURFACE_SIDE_STYLE('',(#18158));
#18158 = SURFACE_STYLE_FILL_AREA(#18159);
#18159 = FILL_AREA_STYLE('',(#18160));
#18160 = FILL_AREA_STYLE_COLOUR('',#17025);
#18161 = CURVE_STYLE('',#18162,POSITIVE_LENGTH_MEASURE(0.1),#17025);
#18162 = DRAUGHTING_PRE_DEFINED_CURVE_FONT('continuous');
#18163 = STYLED_ITEM('color',(#18164),#9437);
#18164 = PRESENTATION_STYLE_ASSIGNMENT((#18165,#18170));
#18165 = SURFACE_STYLE_USAGE(.BOTH.,#18166);
#18166 = SURFACE_SIDE_STYLE('',(#18167));
#18167 = SURFACE_STYLE_FILL_AREA(#18168);
#18168 = FILL_AREA_STYLE('',(#18169));
#18169 = FILL_AREA_STYLE_COLOUR('',#17025);
#18170 = CURVE_STYLE('',#18171,POSITIVE_LENGTH_MEASURE(0.1),#17025);
#18171 = DRAUGHTING_PRE_DEFINED_CURVE_FONT('continuous');
#18172 = OVER_RIDING_STYLED_ITEM('overriding color',(#18173),#9451,
  #18163);
#18173 = PRESENTATION_STYLE_ASSIGNMENT((#18174,#18179));
#18174 = SURFACE_STYLE_USAGE(.BOTH.,#18175);
#18175 = SURFACE_SIDE_STYLE('',(#18176));
#18176 = SURFACE_STYLE_FILL_AREA(#18177);
#18177 = FILL_AREA_STYLE('',(#18178));
#18178 = FILL_AREA_STYLE_COLOUR('',#17098);
#18179 = CURVE_STYLE('',#18180,POSITIVE_LENGTH_MEASURE(0.1),#17098);
#18180 = DRAUGHTING_PRE_DEFINED_CURVE_FONT('continuous');
#18181 = OVER_RIDING_STYLED_ITEM('overriding color',(#18182),#9467,
  #18163);
#18182 = PRESENTATION_STYLE_ASSIGNMENT((#18183,#18188));
#18183 = SURFACE_STYLE_USAGE(.BOTH.,#18184);
#18184 = SURFACE_SIDE_STYLE('',(#18185));
#18185 = SURFACE_STYLE_FILL_AREA(#18186);
#18186 = FILL_AREA_STYLE('',(#18187));
#18187 = FILL_AREA_STYLE_COLOUR('',#17098);
#18188 = CURVE_STYLE('',#18189,POSITIVE_LENGTH_MEASURE(0.1),#17098);
#18189 = DRAUGHTING_PRE_DEFINED_CURVE_FONT('continuous');
#18190 = STYLED_ITEM('color',(#18191),#9486);
#18191 = PRESENTATION_STYLE_ASSIGNMENT((#18192,#18197));
#18192 = SURFACE_STYLE_USAGE(.BOTH.,#18193);
#18193 = SURFACE_SIDE_STYLE('',(#18194));
#18194 = SURFACE_STYLE_FILL_AREA(#18195);
#18195 = FILL_AREA_STYLE('',(#18196));
#18196 = FILL_AREA_STYLE_COLOUR('',#17025);
#18197 = CURVE_STYLE('',#18198,POSITIVE_LENGTH_MEASURE(0.1),#17025);
#18198 = DRAUGHTING_PRE_DEFINED_CURVE_FONT('continuous');
#18199 = STYLED_ITEM('color',(#18200),#9517);
#18200 = PRESENTATION_STYLE_ASSIGNMENT((#18201,#18206));
#18201 = SURFACE_STYLE_USAGE(.BOTH.,#18202);
#18202 = SURFACE_SIDE_STYLE('',(#18203));
#18203 = SURFACE_STYLE_FILL_AREA(#18204);
#18204 = FILL_AREA_STYLE('',(#18205));
#18205 = FILL_AREA_STYLE_COLOUR('',#17025);
#18206 = CURVE_STYLE('',#18207,POSITIVE_LENGTH_MEASURE(0.1),#17025);
#18207 = DRAUGHTING_PRE_DEFINED_CURVE_FONT('continuous');
#18208 = OVER_RIDING_STYLED_ITEM('overriding color',(#18209),#9531,
  #18199);
#18209 = PRESENTATION_STYLE_ASSIGNMENT((#18210,#18215));
#18210 = SURFACE_STYLE_USAGE(.BOTH.,#18211);
#18211 = SURFACE_SIDE_STYLE('',(#18212));
#18212 = SURFACE_STYLE_FILL_AREA(#18213);
#18213 = FILL_AREA_STYLE('',(#18214));
#18214 = FILL_AREA_STYLE_COLOUR('',#17098);
#18215 = CURVE_STYLE('',#18216,POSITIVE_LENGTH_MEASURE(0.1),#17098);
#18216 = DRAUGHTING_PRE_DEFINED_CURVE_FONT('continuous');
#18217 = OVER_RIDING_STYLED_ITEM('overriding color',(#18218),#9547,
  #18199);
#18218 = PRESENTATION_STYLE_ASSIGNMENT((#18219,#18224));
#18219 = SURFACE_STYLE_USAGE(.BOTH.,#18220);
#18220 = SURFACE_SIDE_STYLE('',(#18221));
#18221 = SURFACE_STYLE_FILL_AREA(#18222);
#18222 = FILL_AREA_STYLE('',(#18223));
#18223 = FILL_AREA_STYLE_COLOUR('',#17098);
#18224 = CURVE_STYLE('',#18225,POSITIVE_LENGTH_MEASURE(0.1),#17098);
#18225 = DRAUGHTING_PRE_DEFINED_CURVE_FONT('continuous');
#18226 = STYLED_ITEM('color',(#18227),#9573);
#18227 = PRESENTATION_STYLE_ASSIGNMENT((#18228,#18233));
#18228 = SURFACE_STYLE_USAGE(.BOTH.,#18229);
#18229 = SURFACE_SIDE_STYLE('',(#18230));
#18230 = SURFACE_STYLE_FILL_AREA(#18231);
#18231 = FILL_AREA_STYLE('',(#18232));
#18232 = FILL_AREA_STYLE_COLOUR('',#17025);
#18233 = CURVE_STYLE('',#18234,POSITIVE_LENGTH_MEASURE(0.1),#17025);
#18234 = DRAUGHTING_PRE_DEFINED_CURVE_FONT('continuous');
#18235 = STYLED_ITEM('color',(#18236),#9597);
#18236 = PRESENTATION_STYLE_ASSIGNMENT((#18237,#18242));
#18237 = SURFACE_STYLE_USAGE(.BOTH.,#18238);
#18238 = SURFACE_SIDE_STYLE('',(#18239));
#18239 = SURFACE_STYLE_FILL_AREA(#18240);
#18240 = FILL_AREA_STYLE('',(#18241));
#18241 = FILL_AREA_STYLE_COLOUR('',#17025);
#18242 = CURVE_STYLE('',#18243,POSITIVE_LENGTH_MEASURE(0.1),#17025);
#18243 = DRAUGHTING_PRE_DEFINED_CURVE_FONT('continuous');
#18244 = OVER_RIDING_STYLED_ITEM('overriding color',(#18245),#9611,
  #18235);
#18245 = PRESENTATION_STYLE_ASSIGNMENT((#18246,#18251));
#18246 = SURFACE_STYLE_USAGE(.BOTH.,#18247);
#18247 = SURFACE_SIDE_STYLE('',(#18248));
#18248 = SURFACE_STYLE_FILL_AREA(#18249);
#18249 = FILL_AREA_STYLE('',(#18250));
#18250 = FILL_AREA_STYLE_COLOUR('',#17098);
#18251 = CURVE_STYLE('',#18252,POSITIVE_LENGTH_MEASURE(0.1),#17098);
#18252 = DRAUGHTING_PRE_DEFINED_CURVE_FONT('continuous');
#18253 = OVER_RIDING_STYLED_ITEM('overriding color',(#18254),#9627,
  #18235);
#18254 = PRESENTATION_STYLE_ASSIGNMENT((#18255,#18260));
#18255 = SURFACE_STYLE_USAGE(.BOTH.,#18256);
#18256 = SURFACE_SIDE_STYLE('',(#18257));
#18257 = SURFACE_STYLE_FILL_AREA(#18258);
#18258 = FILL_AREA_STYLE('',(#18259));
#18259 = FILL_AREA_STYLE_COLOUR('',#17098);
#18260 = CURVE_STYLE('',#18261,POSITIVE_LENGTH_MEASURE(0.1),#17098);
#18261 = DRAUGHTING_PRE_DEFINED_CURVE_FONT('continuous');
#18262 = STYLED_ITEM('color',(#18263),#9646);
#18263 = PRESENTATION_STYLE_ASSIGNMENT((#18264,#18269));
#18264 = SURFACE_STYLE_USAGE(.BOTH.,#18265);
#18265 = SURFACE_SIDE_STYLE('',(#18266));
#18266 = SURFACE_STYLE_FILL_AREA(#18267);
#18267 = FILL_AREA_STYLE('',(#18268));
#18268 = FILL_AREA_STYLE_COLOUR('',#17025);
#18269 = CURVE_STYLE('',#18270,POSITIVE_LENGTH_MEASURE(0.1),#17025);
#18270 = DRAUGHTING_PRE_DEFINED_CURVE_FONT('continuous');
#18271 = STYLED_ITEM('color',(#18272),#9677);
#18272 = PRESENTATION_STYLE_ASSIGNMENT((#18273,#18278));
#18273 = SURFACE_STYLE_USAGE(.BOTH.,#18274);
#18274 = SURFACE_SIDE_STYLE('',(#18275));
#18275 = SURFACE_STYLE_FILL_AREA(#18276);
#18276 = FILL_AREA_STYLE('',(#18277));
#18277 = FILL_AREA_STYLE_COLOUR('',#17025);
#18278 = CURVE_STYLE('',#18279,POSITIVE_LENGTH_MEASURE(0.1),#17025);
#18279 = DRAUGHTING_PRE_DEFINED_CURVE_FONT('continuous');
#18280 = OVER_RIDING_STYLED_ITEM('overriding color',(#18281),#9691,
  #18271);
#18281 = PRESENTATION_STYLE_ASSIGNMENT((#18282,#18287));
#18282 = SURFACE_STYLE_USAGE(.BOTH.,#18283);
#18283 = SURFACE_SIDE_STYLE('',(#18284));
#18284 = SURFACE_STYLE_FILL_AREA(#18285);
#18285 = FILL_AREA_STYLE('',(#18286));
#18286 = FILL_AREA_STYLE_COLOUR('',#17098);
#18287 = CURVE_STYLE('',#18288,POSITIVE_LENGTH_MEASURE(0.1),#17098);
#18288 = DRAUGHTING_PRE_DEFINED_CURVE_FONT('continuous');
#18289 = OVER_RIDING_STYLED_ITEM('overriding color',(#18290),#9707,
  #18271);
#18290 = PRESENTATION_STYLE_ASSIGNMENT((#18291,#18296));
#18291 = SURFACE_STYLE_USAGE(.BOTH.,#18292);
#18292 = SURFACE_SIDE_STYLE('',(#18293));
#18293 = SURFACE_STYLE_FILL_AREA(#18294);
#18294 = FILL_AREA_STYLE('',(#18295));
#18295 = FILL_AREA_STYLE_COLOUR('',#17098);
#18296 = CURVE_STYLE('',#18297,POSITIVE_LENGTH_MEASURE(0.1),#17098);
#18297 = DRAUGHTING_PRE_DEFINED_CURVE_FONT('continuous');
#18298 = STYLED_ITEM('color',(#18299),#9733);
#18299 = PRESENTATION_STYLE_ASSIGNMENT((#18300,#18305));
#18300 = SURFACE_STYLE_USAGE(.BOTH.,#18301);
#18301 = SURFACE_SIDE_STYLE('',(#18302));
#18302 = SURFACE_STYLE_FILL_AREA(#18303);
#18303 = FILL_AREA_STYLE('',(#18304));
#18304 = FILL_AREA_STYLE_COLOUR('',#17025);
#18305 = CURVE_STYLE('',#18306,POSITIVE_LENGTH_MEASURE(0.1),#17025);
#18306 = DRAUGHTING_PRE_DEFINED_CURVE_FONT('continuous');
#18307 = STYLED_ITEM('color',(#18308),#9757);
#18308 = PRESENTATION_STYLE_ASSIGNMENT((#18309,#18314));
#18309 = SURFACE_STYLE_USAGE(.BOTH.,#18310);
#18310 = SURFACE_SIDE_STYLE('',(#18311));
#18311 = SURFACE_STYLE_FILL_AREA(#18312);
#18312 = FILL_AREA_STYLE('',(#18313));
#18313 = FILL_AREA_STYLE_COLOUR('',#17025);
#18314 = CURVE_STYLE('',#18315,POSITIVE_LENGTH_MEASURE(0.1),#17025);
#18315 = DRAUGHTING_PRE_DEFINED_CURVE_FONT('continuous');
#18316 = OVER_RIDING_STYLED_ITEM('overriding color',(#18317),#9771,
  #18307);
#18317 = PRESENTATION_STYLE_ASSIGNMENT((#18318,#18323));
#18318 = SURFACE_STYLE_USAGE(.BOTH.,#18319);
#18319 = SURFACE_SIDE_STYLE('',(#18320));
#18320 = SURFACE_STYLE_FILL_AREA(#18321);
#18321 = FILL_AREA_STYLE('',(#18322));
#18322 = FILL_AREA_STYLE_COLOUR('',#17098);
#18323 = CURVE_STYLE('',#18324,POSITIVE_LENGTH_MEASURE(0.1),#17098);
#18324 = DRAUGHTING_PRE_DEFINED_CURVE_FONT('continuous');
#18325 = OVER_RIDING_STYLED_ITEM('overriding color',(#18326),#9787,
  #18307);
#18326 = PRESENTATION_STYLE_ASSIGNMENT((#18327,#18332));
#18327 = SURFACE_STYLE_USAGE(.BOTH.,#18328);
#18328 = SURFACE_SIDE_STYLE('',(#18329));
#18329 = SURFACE_STYLE_FILL_AREA(#18330);
#18330 = FILL_AREA_STYLE('',(#18331));
#18331 = FILL_AREA_STYLE_COLOUR('',#17098);
#18332 = CURVE_STYLE('',#18333,POSITIVE_LENGTH_MEASURE(0.1),#17098);
#18333 = DRAUGHTING_PRE_DEFINED_CURVE_FONT('continuous');
#18334 = STYLED_ITEM('color',(#18335),#9806);
#18335 = PRESENTATION_STYLE_ASSIGNMENT((#18336,#18341));
#18336 = SURFACE_STYLE_USAGE(.BOTH.,#18337);
#18337 = SURFACE_SIDE_STYLE('',(#18338));
#18338 = SURFACE_STYLE_FILL_AREA(#18339);
#18339 = FILL_AREA_STYLE('',(#18340));
#18340 = FILL_AREA_STYLE_COLOUR('',#17025);
#18341 = CURVE_STYLE('',#18342,POSITIVE_LENGTH_MEASURE(0.1),#17025);
#18342 = DRAUGHTING_PRE_DEFINED_CURVE_FONT('continuous');
#18343 = STYLED_ITEM('color',(#18344),#9837);
#18344 = PRESENTATION_STYLE_ASSIGNMENT((#18345,#18350));
#18345 = SURFACE_STYLE_USAGE(.BOTH.,#18346);
#18346 = SURFACE_SIDE_STYLE('',(#18347));
#18347 = SURFACE_STYLE_FILL_AREA(#18348);
#18348 = FILL_AREA_STYLE('',(#18349));
#18349 = FILL_AREA_STYLE_COLOUR('',#17025);
#18350 = CURVE_STYLE('',#18351,POSITIVE_LENGTH_MEASURE(0.1),#17025);
#18351 = DRAUGHTING_PRE_DEFINED_CURVE_FONT('continuous');
#18352 = OVER_RIDING_STYLED_ITEM('overriding color',(#18353),#9851,
  #18343);
#18353 = PRESENTATION_STYLE_ASSIGNMENT((#18354,#18359));
#18354 = SURFACE_STYLE_USAGE(.BOTH.,#18355);
#18355 = SURFACE_SIDE_STYLE('',(#18356));
#18356 = SURFACE_STYLE_FILL_AREA(#18357);
#18357 = FILL_AREA_STYLE('',(#18358));
#18358 = FILL_AREA_STYLE_COLOUR('',#17098);
#18359 = CURVE_STYLE('',#18360,POSITIVE_LENGTH_MEASURE(0.1),#17098);
#18360 = DRAUGHTING_PRE_DEFINED_CURVE_FONT('continuous');
#18361 = OVER_RIDING_STYLED_ITEM('overriding color',(#18362),#9867,
  #18343);
#18362 = PRESENTATION_STYLE_ASSIGNMENT((#18363,#18368));
#18363 = SURFACE_STYLE_USAGE(.BOTH.,#18364);
#18364 = SURFACE_SIDE_STYLE('',(#18365));
#18365 = SURFACE_STYLE_FILL_AREA(#18366);
#18366 = FILL_AREA_STYLE('',(#18367));
#18367 = FILL_AREA_STYLE_COLOUR('',#17098);
#18368 = CURVE_STYLE('',#18369,POSITIVE_LENGTH_MEASURE(0.1),#17098);
#18369 = DRAUGHTING_PRE_DEFINED_CURVE_FONT('continuous');
#18370 = STYLED_ITEM('color',(#18371),#9893);
#18371 = PRESENTATION_STYLE_ASSIGNMENT((#18372,#18377));
#18372 = SURFACE_STYLE_USAGE(.BOTH.,#18373);
#18373 = SURFACE_SIDE_STYLE('',(#18374));
#18374 = SURFACE_STYLE_FILL_AREA(#18375);
#18375 = FILL_AREA_STYLE('',(#18376));
#18376 = FILL_AREA_STYLE_COLOUR('',#17025);
#18377 = CURVE_STYLE('',#18378,POSITIVE_LENGTH_MEASURE(0.1),#17025);
#18378 = DRAUGHTING_PRE_DEFINED_CURVE_FONT('continuous');
#18379 = STYLED_ITEM('color',(#18380),#9917);
#18380 = PRESENTATION_STYLE_ASSIGNMENT((#18381,#18386));
#18381 = SURFACE_STYLE_USAGE(.BOTH.,#18382);
#18382 = SURFACE_SIDE_STYLE('',(#18383));
#18383 = SURFACE_STYLE_FILL_AREA(#18384);
#18384 = FILL_AREA_STYLE('',(#18385));
#18385 = FILL_AREA_STYLE_COLOUR('',#17025);
#18386 = CURVE_STYLE('',#18387,POSITIVE_LENGTH_MEASURE(0.1),#17025);
#18387 = DRAUGHTING_PRE_DEFINED_CURVE_FONT('continuous');
#18388 = OVER_RIDING_STYLED_ITEM('overriding color',(#18389),#9931,
  #18379);
#18389 = PRESENTATION_STYLE_ASSIGNMENT((#18390,#18395));
#18390 = SURFACE_STYLE_USAGE(.BOTH.,#18391);
#18391 = SURFACE_SIDE_STYLE('',(#18392));
#18392 = SURFACE_STYLE_FILL_AREA(#18393);
#18393 = FILL_AREA_STYLE('',(#18394));
#18394 = FILL_AREA_STYLE_COLOUR('',#17098);
#18395 = CURVE_STYLE('',#18396,POSITIVE_LENGTH_MEASURE(0.1),#17098);
#18396 = DRAUGHTING_PRE_DEFINED_CURVE_FONT('continuous');
#18397 = OVER_RIDING_STYLED_ITEM('overriding color',(#18398),#9947,
  #18379);
#18398 = PRESENTATION_STYLE_ASSIGNMENT((#18399,#18404));
#18399 = SURFACE_STYLE_USAGE(.BOTH.,#18400);
#18400 = SURFACE_SIDE_STYLE('',(#18401));
#18401 = SURFACE_STYLE_FILL_AREA(#18402);
#18402 = FILL_AREA_STYLE('',(#18403));
#18403 = FILL_AREA_STYLE_COLOUR('',#17098);
#18404 = CURVE_STYLE('',#18405,POSITIVE_LENGTH_MEASURE(0.1),#17098);
#18405 = DRAUGHTING_PRE_DEFINED_CURVE_FONT('continuous');
#18406 = STYLED_ITEM('color',(#18407),#9966);
#18407 = PRESENTATION_STYLE_ASSIGNMENT((#18408,#18413));
#18408 = SURFACE_STYLE_USAGE(.BOTH.,#18409);
#18409 = SURFACE_SIDE_STYLE('',(#18410));
#18410 = SURFACE_STYLE_FILL_AREA(#18411);
#18411 = FILL_AREA_STYLE('',(#18412));
#18412 = FILL_AREA_STYLE_COLOUR('',#17098);
#18413 = CURVE_STYLE('',#18414,POSITIVE_LENGTH_MEASURE(0.1),#17098);
#18414 = DRAUGHTING_PRE_DEFINED_CURVE_FONT('continuous');
#18415 = STYLED_ITEM('color',(#18416),#9983);
#18416 = PRESENTATION_STYLE_ASSIGNMENT((#18417,#18422));
#18417 = SURFACE_STYLE_USAGE(.BOTH.,#18418);
#18418 = SURFACE_SIDE_STYLE('',(#18419));
#18419 = SURFACE_STYLE_FILL_AREA(#18420);
#18420 = FILL_AREA_STYLE('',(#18421));
#18421 = FILL_AREA_STYLE_COLOUR('',#17098);
#18422 = CURVE_STYLE('',#18423,POSITIVE_LENGTH_MEASURE(0.1),#17098);
#18423 = DRAUGHTING_PRE_DEFINED_CURVE_FONT('continuous');
#18424 = STYLED_ITEM('color',(#18425),#10000);
#18425 = PRESENTATION_STYLE_ASSIGNMENT((#18426,#18431));
#18426 = SURFACE_STYLE_USAGE(.BOTH.,#18427);
#18427 = SURFACE_SIDE_STYLE('',(#18428));
#18428 = SURFACE_STYLE_FILL_AREA(#18429);
#18429 = FILL_AREA_STYLE('',(#18430));
#18430 = FILL_AREA_STYLE_COLOUR('',#17098);
#18431 = CURVE_STYLE('',#18432,POSITIVE_LENGTH_MEASURE(0.1),#17098);
#18432 = DRAUGHTING_PRE_DEFINED_CURVE_FONT('continuous');
#18433 = STYLED_ITEM('color',(#18434),#10017);
#18434 = PRESENTATION_STYLE_ASSIGNMENT((#18435,#18440));
#18435 = SURFACE_STYLE_USAGE(.BOTH.,#18436);
#18436 = SURFACE_SIDE_STYLE('',(#18437));
#18437 = SURFACE_STYLE_FILL_AREA(#18438);
#18438 = FILL_AREA_STYLE('',(#18439));
#18439 = FILL_AREA_STYLE_COLOUR('',#17098);
#18440 = CURVE_STYLE('',#18441,POSITIVE_LENGTH_MEASURE(0.1),#17098);
#18441 = DRAUGHTING_PRE_DEFINED_CURVE_FONT('continuous');
#18442 = STYLED_ITEM('color',(#18443),#10034);
#18443 = PRESENTATION_STYLE_ASSIGNMENT((#18444,#18449));
#18444 = SURFACE_STYLE_USAGE(.BOTH.,#18445);
#18445 = SURFACE_SIDE_STYLE('',(#18446));
#18446 = SURFACE_STYLE_FILL_AREA(#18447);
#18447 = FILL_AREA_STYLE('',(#18448));
#18448 = FILL_AREA_STYLE_COLOUR('',#17098);
#18449 = CURVE_STYLE('',#18450,POSITIVE_LENGTH_MEASURE(0.1),#17098);
#18450 = DRAUGHTING_PRE_DEFINED_CURVE_FONT('continuous');
#18451 = STYLED_ITEM('color',(#18452),#10046);
#18452 = PRESENTATION_STYLE_ASSIGNMENT((#18453,#18458));
#18453 = SURFACE_STYLE_USAGE(.BOTH.,#18454);
#18454 = SURFACE_SIDE_STYLE('',(#18455));
#18455 = SURFACE_STYLE_FILL_AREA(#18456);
#18456 = FILL_AREA_STYLE('',(#18457));
#18457 = FILL_AREA_STYLE_COLOUR('',#17098);
#18458 = CURVE_STYLE('',#18459,POSITIVE_LENGTH_MEASURE(0.1),#17098);
#18459 = DRAUGHTING_PRE_DEFINED_CURVE_FONT('continuous');
#18460 = STYLED_ITEM('color',(#18461),#10063);
#18461 = PRESENTATION_STYLE_ASSIGNMENT((#18462,#18467));
#18462 = SURFACE_STYLE_USAGE(.BOTH.,#18463);
#18463 = SURFACE_SIDE_STYLE('',(#18464));
#18464 = SURFACE_STYLE_FILL_AREA(#18465);
#18465 = FILL_AREA_STYLE('',(#18466));
#18466 = FILL_AREA_STYLE_COLOUR('',#17098);
#18467 = CURVE_STYLE('',#18468,POSITIVE_LENGTH_MEASURE(0.1),#17098);
#18468 = DRAUGHTING_PRE_DEFINED_CURVE_FONT('continuous');
#18469 = STYLED_ITEM('color',(#18470),#10080);
#18470 = PRESENTATION_STYLE_ASSIGNMENT((#18471,#18476));
#18471 = SURFACE_STYLE_USAGE(.BOTH.,#18472);
#18472 = SURFACE_SIDE_STYLE('',(#18473));
#18473 = SURFACE_STYLE_FILL_AREA(#18474);
#18474 = FILL_AREA_STYLE('',(#18475));
#18475 = FILL_AREA_STYLE_COLOUR('',#17098);
#18476 = CURVE_STYLE('',#18477,POSITIVE_LENGTH_MEASURE(0.1),#17098);
#18477 = DRAUGHTING_PRE_DEFINED_CURVE_FONT('continuous');
#18478 = STYLED_ITEM('color',(#18479),#10097);
#18479 = PRESENTATION_STYLE_ASSIGNMENT((#18480,#18485));
#18480 = SURFACE_STYLE_USAGE(.BOTH.,#18481);
#18481 = SURFACE_SIDE_STYLE('',(#18482));
#18482 = SURFACE_STYLE_FILL_AREA(#18483);
#18483 = FILL_AREA_STYLE('',(#18484));
#18484 = FILL_AREA_STYLE_COLOUR('',#17098);
#18485 = CURVE_STYLE('',#18486,POSITIVE_LENGTH_MEASURE(0.1),#17098);
#18486 = DRAUGHTING_PRE_DEFINED_CURVE_FONT('continuous');
#18487 = STYLED_ITEM('color',(#18488),#10114);
#18488 = PRESENTATION_STYLE_ASSIGNMENT((#18489,#18494));
#18489 = SURFACE_STYLE_USAGE(.BOTH.,#18490);
#18490 = SURFACE_SIDE_STYLE('',(#18491));
#18491 = SURFACE_STYLE_FILL_AREA(#18492);
#18492 = FILL_AREA_STYLE('',(#18493));
#18493 = FILL_AREA_STYLE_COLOUR('',#17098);
#18494 = CURVE_STYLE('',#18495,POSITIVE_LENGTH_MEASURE(0.1),#17098);
#18495 = DRAUGHTING_PRE_DEFINED_CURVE_FONT('continuous');
#18496 = STYLED_ITEM('color',(#18497),#10126);
#18497 = PRESENTATION_STYLE_ASSIGNMENT((#18498,#18503));
#18498 = SURFACE_STYLE_USAGE(.BOTH.,#18499);
#18499 = SURFACE_SIDE_STYLE('',(#18500));
#18500 = SURFACE_STYLE_FILL_AREA(#18501);
#18501 = FILL_AREA_STYLE('',(#18502));
#18502 = FILL_AREA_STYLE_COLOUR('',#17098);
#18503 = CURVE_STYLE('',#18504,POSITIVE_LENGTH_MEASURE(0.1),#17098);
#18504 = DRAUGHTING_PRE_DEFINED_CURVE_FONT('continuous');
#18505 = STYLED_ITEM('color',(#18506),#10143);
#18506 = PRESENTATION_STYLE_ASSIGNMENT((#18507,#18512));
#18507 = SURFACE_STYLE_USAGE(.BOTH.,#18508);
#18508 = SURFACE_SIDE_STYLE('',(#18509));
#18509 = SURFACE_STYLE_FILL_AREA(#18510);
#18510 = FILL_AREA_STYLE('',(#18511));
#18511 = FILL_AREA_STYLE_COLOUR('',#17098);
#18512 = CURVE_STYLE('',#18513,POSITIVE_LENGTH_MEASURE(0.1),#17098);
#18513 = DRAUGHTING_PRE_DEFINED_CURVE_FONT('continuous');
#18514 = STYLED_ITEM('color',(#18515),#10160);
#18515 = PRESENTATION_STYLE_ASSIGNMENT((#18516,#18521));
#18516 = SURFACE_STYLE_USAGE(.BOTH.,#18517);
#18517 = SURFACE_SIDE_STYLE('',(#18518));
#18518 = SURFACE_STYLE_FILL_AREA(#18519);
#18519 = FILL_AREA_STYLE('',(#18520));
#18520 = FILL_AREA_STYLE_COLOUR('',#17098);
#18521 = CURVE_STYLE('',#18522,POSITIVE_LENGTH_MEASURE(0.1),#17098);
#18522 = DRAUGHTING_PRE_DEFINED_CURVE_FONT('continuous');
#18523 = STYLED_ITEM('color',(#18524),#10177);
#18524 = PRESENTATION_STYLE_ASSIGNMENT((#18525,#18530));
#18525 = SURFACE_STYLE_USAGE(.BOTH.,#18526);
#18526 = SURFACE_SIDE_STYLE('',(#18527));
#18527 = SURFACE_STYLE_FILL_AREA(#18528);
#18528 = FILL_AREA_STYLE('',(#18529));
#18529 = FILL_AREA_STYLE_COLOUR('',#17098);
#18530 = CURVE_STYLE('',#18531,POSITIVE_LENGTH_MEASURE(0.1),#17098);
#18531 = DRAUGHTING_PRE_DEFINED_CURVE_FONT('continuous');
#18532 = STYLED_ITEM('color',(#18533),#10194);
#18533 = PRESENTATION_STYLE_ASSIGNMENT((#18534,#18539));
#18534 = SURFACE_STYLE_USAGE(.BOTH.,#18535);
#18535 = SURFACE_SIDE_STYLE('',(#18536));
#18536 = SURFACE_STYLE_FILL_AREA(#18537);
#18537 = FILL_AREA_STYLE('',(#18538));
#18538 = FILL_AREA_STYLE_COLOUR('',#17098);
#18539 = CURVE_STYLE('',#18540,POSITIVE_LENGTH_MEASURE(0.1),#17098);
#18540 = DRAUGHTING_PRE_DEFINED_CURVE_FONT('continuous');
#18541 = STYLED_ITEM('color',(#18542),#10206);
#18542 = PRESENTATION_STYLE_ASSIGNMENT((#18543,#18548));
#18543 = SURFACE_STYLE_USAGE(.BOTH.,#18544);
#18544 = SURFACE_SIDE_STYLE('',(#18545));
#18545 = SURFACE_STYLE_FILL_AREA(#18546);
#18546 = FILL_AREA_STYLE('',(#18547));
#18547 = FILL_AREA_STYLE_COLOUR('',#17098);
#18548 = CURVE_STYLE('',#18549,POSITIVE_LENGTH_MEASURE(0.1),#17098);
#18549 = DRAUGHTING_PRE_DEFINED_CURVE_FONT('continuous');
#18550 = STYLED_ITEM('color',(#18551),#10223);
#18551 = PRESENTATION_STYLE_ASSIGNMENT((#18552,#18557));
#18552 = SURFACE_STYLE_USAGE(.BOTH.,#18553);
#18553 = SURFACE_SIDE_STYLE('',(#18554));
#18554 = SURFACE_STYLE_FILL_AREA(#18555);
#18555 = FILL_AREA_STYLE('',(#18556));
#18556 = FILL_AREA_STYLE_COLOUR('',#17098);
#18557 = CURVE_STYLE('',#18558,POSITIVE_LENGTH_MEASURE(0.1),#17098);
#18558 = DRAUGHTING_PRE_DEFINED_CURVE_FONT('continuous');
#18559 = STYLED_ITEM('color',(#18560),#10240);
#18560 = PRESENTATION_STYLE_ASSIGNMENT((#18561,#18566));
#18561 = SURFACE_STYLE_USAGE(.BOTH.,#18562);
#18562 = SURFACE_SIDE_STYLE('',(#18563));
#18563 = SURFACE_STYLE_FILL_AREA(#18564);
#18564 = FILL_AREA_STYLE('',(#18565));
#18565 = FILL_AREA_STYLE_COLOUR('',#17098);
#18566 = CURVE_STYLE('',#18567,POSITIVE_LENGTH_MEASURE(0.1),#17098);
#18567 = DRAUGHTING_PRE_DEFINED_CURVE_FONT('continuous');
#18568 = STYLED_ITEM('color',(#18569),#10257);
#18569 = PRESENTATION_STYLE_ASSIGNMENT((#18570,#18575));
#18570 = SURFACE_STYLE_USAGE(.BOTH.,#18571);
#18571 = SURFACE_SIDE_STYLE('',(#18572));
#18572 = SURFACE_STYLE_FILL_AREA(#18573);
#18573 = FILL_AREA_STYLE('',(#18574));
#18574 = FILL_AREA_STYLE_COLOUR('',#17098);
#18575 = CURVE_STYLE('',#18576,POSITIVE_LENGTH_MEASURE(0.1),#17098);
#18576 = DRAUGHTING_PRE_DEFINED_CURVE_FONT('continuous');
#18577 = STYLED_ITEM('color',(#18578),#10274);
#18578 = PRESENTATION_STYLE_ASSIGNMENT((#18579,#18584));
#18579 = SURFACE_STYLE_USAGE(.BOTH.,#18580);
#18580 = SURFACE_SIDE_STYLE('',(#18581));
#18581 = SURFACE_STYLE_FILL_AREA(#18582);
#18582 = FILL_AREA_STYLE('',(#18583));
#18583 = FILL_AREA_STYLE_COLOUR('',#17098);
#18584 = CURVE_STYLE('',#18585,POSITIVE_LENGTH_MEASURE(0.1),#17098);
#18585 = DRAUGHTING_PRE_DEFINED_CURVE_FONT('continuous');
#18586 = STYLED_ITEM('color',(#18587),#10286);
#18587 = PRESENTATION_STYLE_ASSIGNMENT((#18588,#18593));
#18588 = SURFACE_STYLE_USAGE(.BOTH.,#18589);
#18589 = SURFACE_SIDE_STYLE('',(#18590));
#18590 = SURFACE_STYLE_FILL_AREA(#18591);
#18591 = FILL_AREA_STYLE('',(#18592));
#18592 = FILL_AREA_STYLE_COLOUR('',#17098);
#18593 = CURVE_STYLE('',#18594,POSITIVE_LENGTH_MEASURE(0.1),#17098);
#18594 = DRAUGHTING_PRE_DEFINED_CURVE_FONT('continuous');
#18595 = STYLED_ITEM('color',(#18596),#10303);
#18596 = PRESENTATION_STYLE_ASSIGNMENT((#18597,#18602));
#18597 = SURFACE_STYLE_USAGE(.BOTH.,#18598);
#18598 = SURFACE_SIDE_STYLE('',(#18599));
#18599 = SURFACE_STYLE_FILL_AREA(#18600);
#18600 = FILL_AREA_STYLE('',(#18601));
#18601 = FILL_AREA_STYLE_COLOUR('',#17098);
#18602 = CURVE_STYLE('',#18603,POSITIVE_LENGTH_MEASURE(0.1),#17098);
#18603 = DRAUGHTING_PRE_DEFINED_CURVE_FONT('continuous');
#18604 = STYLED_ITEM('color',(#18605),#10320);
#18605 = PRESENTATION_STYLE_ASSIGNMENT((#18606,#18611));
#18606 = SURFACE_STYLE_USAGE(.BOTH.,#18607);
#18607 = SURFACE_SIDE_STYLE('',(#18608));
#18608 = SURFACE_STYLE_FILL_AREA(#18609);
#18609 = FILL_AREA_STYLE('',(#18610));
#18610 = FILL_AREA_STYLE_COLOUR('',#17098);
#18611 = CURVE_STYLE('',#18612,POSITIVE_LENGTH_MEASURE(0.1),#17098);
#18612 = DRAUGHTING_PRE_DEFINED_CURVE_FONT('continuous');
#18613 = STYLED_ITEM('color',(#18614),#10337);
#18614 = PRESENTATION_STYLE_ASSIGNMENT((#18615,#18620));
#18615 = SURFACE_STYLE_USAGE(.BOTH.,#18616);
#18616 = SURFACE_SIDE_STYLE('',(#18617));
#18617 = SURFACE_STYLE_FILL_AREA(#18618);
#18618 = FILL_AREA_STYLE('',(#18619));
#18619 = FILL_AREA_STYLE_COLOUR('',#17098);
#18620 = CURVE_STYLE('',#18621,POSITIVE_LENGTH_MEASURE(0.1),#17098);
#18621 = DRAUGHTING_PRE_DEFINED_CURVE_FONT('continuous');
#18622 = STYLED_ITEM('color',(#18623),#10354);
#18623 = PRESENTATION_STYLE_ASSIGNMENT((#18624,#18629));
#18624 = SURFACE_STYLE_USAGE(.BOTH.,#18625);
#18625 = SURFACE_SIDE_STYLE('',(#18626));
#18626 = SURFACE_STYLE_FILL_AREA(#18627);
#18627 = FILL_AREA_STYLE('',(#18628));
#18628 = FILL_AREA_STYLE_COLOUR('',#17098);
#18629 = CURVE_STYLE('',#18630,POSITIVE_LENGTH_MEASURE(0.1),#17098);
#18630 = DRAUGHTING_PRE_DEFINED_CURVE_FONT('continuous');
#18631 = STYLED_ITEM('color',(#18632),#10366);
#18632 = PRESENTATION_STYLE_ASSIGNMENT((#18633,#18638));
#18633 = SURFACE_STYLE_USAGE(.BOTH.,#18634);
#18634 = SURFACE_SIDE_STYLE('',(#18635));
#18635 = SURFACE_STYLE_FILL_AREA(#18636);
#18636 = FILL_AREA_STYLE('',(#18637));
#18637 = FILL_AREA_STYLE_COLOUR('',#17098);
#18638 = CURVE_STYLE('',#18639,POSITIVE_LENGTH_MEASURE(0.1),#17098);
#18639 = DRAUGHTING_PRE_DEFINED_CURVE_FONT('continuous');
#18640 = STYLED_ITEM('color',(#18641),#10383);
#18641 = PRESENTATION_STYLE_ASSIGNMENT((#18642,#18647));
#18642 = SURFACE_STYLE_USAGE(.BOTH.,#18643);
#18643 = SURFACE_SIDE_STYLE('',(#18644));
#18644 = SURFACE_STYLE_FILL_AREA(#18645);
#18645 = FILL_AREA_STYLE('',(#18646));
#18646 = FILL_AREA_STYLE_COLOUR('',#17098);
#18647 = CURVE_STYLE('',#18648,POSITIVE_LENGTH_MEASURE(0.1),#17098);
#18648 = DRAUGHTING_PRE_DEFINED_CURVE_FONT('continuous');
#18649 = STYLED_ITEM('color',(#18650),#10400);
#18650 = PRESENTATION_STYLE_ASSIGNMENT((#18651,#18656));
#18651 = SURFACE_STYLE_USAGE(.BOTH.,#18652);
#18652 = SURFACE_SIDE_STYLE('',(#18653));
#18653 = SURFACE_STYLE_FILL_AREA(#18654);
#18654 = FILL_AREA_STYLE('',(#18655));
#18655 = FILL_AREA_STYLE_COLOUR('',#17098);
#18656 = CURVE_STYLE('',#18657,POSITIVE_LENGTH_MEASURE(0.1),#17098);
#18657 = DRAUGHTING_PRE_DEFINED_CURVE_FONT('continuous');
#18658 = STYLED_ITEM('color',(#18659),#10417);
#18659 = PRESENTATION_STYLE_ASSIGNMENT((#18660,#18665));
#18660 = SURFACE_STYLE_USAGE(.BOTH.,#18661);
#18661 = SURFACE_SIDE_STYLE('',(#18662));
#18662 = SURFACE_STYLE_FILL_AREA(#18663);
#18663 = FILL_AREA_STYLE('',(#18664));
#18664 = FILL_AREA_STYLE_COLOUR('',#17098);
#18665 = CURVE_STYLE('',#18666,POSITIVE_LENGTH_MEASURE(0.1),#17098);
#18666 = DRAUGHTING_PRE_DEFINED_CURVE_FONT('continuous');
#18667 = STYLED_ITEM('color',(#18668),#10434);
#18668 = PRESENTATION_STYLE_ASSIGNMENT((#18669,#18674));
#18669 = SURFACE_STYLE_USAGE(.BOTH.,#18670);
#18670 = SURFACE_SIDE_STYLE('',(#18671));
#18671 = SURFACE_STYLE_FILL_AREA(#18672);
#18672 = FILL_AREA_STYLE('',(#18673));
#18673 = FILL_AREA_STYLE_COLOUR('',#17098);
#18674 = CURVE_STYLE('',#18675,POSITIVE_LENGTH_MEASURE(0.1),#17098);
#18675 = DRAUGHTING_PRE_DEFINED_CURVE_FONT('continuous');
#18676 = STYLED_ITEM('color',(#18677),#10446);
#18677 = PRESENTATION_STYLE_ASSIGNMENT((#18678,#18683));
#18678 = SURFACE_STYLE_USAGE(.BOTH.,#18679);
#18679 = SURFACE_SIDE_STYLE('',(#18680));
#18680 = SURFACE_STYLE_FILL_AREA(#18681);
#18681 = FILL_AREA_STYLE('',(#18682));
#18682 = FILL_AREA_STYLE_COLOUR('',#17098);
#18683 = CURVE_STYLE('',#18684,POSITIVE_LENGTH_MEASURE(0.1),#17098);
#18684 = DRAUGHTING_PRE_DEFINED_CURVE_FONT('continuous');
#18685 = STYLED_ITEM('color',(#18686),#10463);
#18686 = PRESENTATION_STYLE_ASSIGNMENT((#18687,#18692));
#18687 = SURFACE_STYLE_USAGE(.BOTH.,#18688);
#18688 = SURFACE_SIDE_STYLE('',(#18689));
#18689 = SURFACE_STYLE_FILL_AREA(#18690);
#18690 = FILL_AREA_STYLE('',(#18691));
#18691 = FILL_AREA_STYLE_COLOUR('',#17098);
#18692 = CURVE_STYLE('',#18693,POSITIVE_LENGTH_MEASURE(0.1),#17098);
#18693 = DRAUGHTING_PRE_DEFINED_CURVE_FONT('continuous');
#18694 = STYLED_ITEM('color',(#18695),#10480);
#18695 = PRESENTATION_STYLE_ASSIGNMENT((#18696,#18701));
#18696 = SURFACE_STYLE_USAGE(.BOTH.,#18697);
#18697 = SURFACE_SIDE_STYLE('',(#18698));
#18698 = SURFACE_STYLE_FILL_AREA(#18699);
#18699 = FILL_AREA_STYLE('',(#18700));
#18700 = FILL_AREA_STYLE_COLOUR('',#17098);
#18701 = CURVE_STYLE('',#18702,POSITIVE_LENGTH_MEASURE(0.1),#17098);
#18702 = DRAUGHTING_PRE_DEFINED_CURVE_FONT('continuous');
#18703 = STYLED_ITEM('color',(#18704),#10497);
#18704 = PRESENTATION_STYLE_ASSIGNMENT((#18705,#18710));
#18705 = SURFACE_STYLE_USAGE(.BOTH.,#18706);
#18706 = SURFACE_SIDE_STYLE('',(#18707));
#18707 = SURFACE_STYLE_FILL_AREA(#18708);
#18708 = FILL_AREA_STYLE('',(#18709));
#18709 = FILL_AREA_STYLE_COLOUR('',#17098);
#18710 = CURVE_STYLE('',#18711,POSITIVE_LENGTH_MEASURE(0.1),#17098);
#18711 = DRAUGHTING_PRE_DEFINED_CURVE_FONT('continuous');
#18712 = STYLED_ITEM('color',(#18713),#10514);
#18713 = PRESENTATION_STYLE_ASSIGNMENT((#18714,#18719));
#18714 = SURFACE_STYLE_USAGE(.BOTH.,#18715);
#18715 = SURFACE_SIDE_STYLE('',(#18716));
#18716 = SURFACE_STYLE_FILL_AREA(#18717);
#18717 = FILL_AREA_STYLE('',(#18718));
#18718 = FILL_AREA_STYLE_COLOUR('',#17098);
#18719 = CURVE_STYLE('',#18720,POSITIVE_LENGTH_MEASURE(0.1),#17098);
#18720 = DRAUGHTING_PRE_DEFINED_CURVE_FONT('continuous');
#18721 = STYLED_ITEM('color',(#18722),#10526);
#18722 = PRESENTATION_STYLE_ASSIGNMENT((#18723,#18728));
#18723 = SURFACE_STYLE_USAGE(.BOTH.,#18724);
#18724 = SURFACE_SIDE_STYLE('',(#18725));
#18725 = SURFACE_STYLE_FILL_AREA(#18726);
#18726 = FILL_AREA_STYLE('',(#18727));
#18727 = FILL_AREA_STYLE_COLOUR('',#17098);
#18728 = CURVE_STYLE('',#18729,POSITIVE_LENGTH_MEASURE(0.1),#17098);
#18729 = DRAUGHTING_PRE_DEFINED_CURVE_FONT('continuous');
#18730 = STYLED_ITEM('color',(#18731),#10543);
#18731 = PRESENTATION_STYLE_ASSIGNMENT((#18732,#18737));
#18732 = SURFACE_STYLE_USAGE(.BOTH.,#18733);
#18733 = SURFACE_SIDE_STYLE('',(#18734));
#18734 = SURFACE_STYLE_FILL_AREA(#18735);
#18735 = FILL_AREA_STYLE('',(#18736));
#18736 = FILL_AREA_STYLE_COLOUR('',#17098);
#18737 = CURVE_STYLE('',#18738,POSITIVE_LENGTH_MEASURE(0.1),#17098);
#18738 = DRAUGHTING_PRE_DEFINED_CURVE_FONT('continuous');
#18739 = STYLED_ITEM('color',(#18740),#10560);
#18740 = PRESENTATION_STYLE_ASSIGNMENT((#18741,#18746));
#18741 = SURFACE_STYLE_USAGE(.BOTH.,#18742);
#18742 = SURFACE_SIDE_STYLE('',(#18743));
#18743 = SURFACE_STYLE_FILL_AREA(#18744);
#18744 = FILL_AREA_STYLE('',(#18745));
#18745 = FILL_AREA_STYLE_COLOUR('',#17098);
#18746 = CURVE_STYLE('',#18747,POSITIVE_LENGTH_MEASURE(0.1),#17098);
#18747 = DRAUGHTING_PRE_DEFINED_CURVE_FONT('continuous');
#18748 = STYLED_ITEM('color',(#18749),#10577);
#18749 = PRESENTATION_STYLE_ASSIGNMENT((#18750,#18755));
#18750 = SURFACE_STYLE_USAGE(.BOTH.,#18751);
#18751 = SURFACE_SIDE_STYLE('',(#18752));
#18752 = SURFACE_STYLE_FILL_AREA(#18753);
#18753 = FILL_AREA_STYLE('',(#18754));
#18754 = FILL_AREA_STYLE_COLOUR('',#17098);
#18755 = CURVE_STYLE('',#18756,POSITIVE_LENGTH_MEASURE(0.1),#17098);
#18756 = DRAUGHTING_PRE_DEFINED_CURVE_FONT('continuous');
#18757 = STYLED_ITEM('color',(#18758),#10594);
#18758 = PRESENTATION_STYLE_ASSIGNMENT((#18759,#18764));
#18759 = SURFACE_STYLE_USAGE(.BOTH.,#18760);
#18760 = SURFACE_SIDE_STYLE('',(#18761));
#18761 = SURFACE_STYLE_FILL_AREA(#18762);
#18762 = FILL_AREA_STYLE('',(#18763));
#18763 = FILL_AREA_STYLE_COLOUR('',#17098);
#18764 = CURVE_STYLE('',#18765,POSITIVE_LENGTH_MEASURE(0.1),#17098);
#18765 = DRAUGHTING_PRE_DEFINED_CURVE_FONT('continuous');
#18766 = STYLED_ITEM('color',(#18767),#10606);
#18767 = PRESENTATION_STYLE_ASSIGNMENT((#18768,#18773));
#18768 = SURFACE_STYLE_USAGE(.BOTH.,#18769);
#18769 = SURFACE_SIDE_STYLE('',(#18770));
#18770 = SURFACE_STYLE_FILL_AREA(#18771);
#18771 = FILL_AREA_STYLE('',(#18772));
#18772 = FILL_AREA_STYLE_COLOUR('',#17025);
#18773 = CURVE_STYLE('',#18774,POSITIVE_LENGTH_MEASURE(0.1),#17025);
#18774 = DRAUGHTING_PRE_DEFINED_CURVE_FONT('continuous');
#18775 = OVER_RIDING_STYLED_ITEM('overriding color',(#18776),#10613,
  #18766);
#18776 = PRESENTATION_STYLE_ASSIGNMENT((#18777,#18782));
#18777 = SURFACE_STYLE_USAGE(.BOTH.,#18778);
#18778 = SURFACE_SIDE_STYLE('',(#18779));
#18779 = SURFACE_STYLE_FILL_AREA(#18780);
#18780 = FILL_AREA_STYLE('',(#18781));
#18781 = FILL_AREA_STYLE_COLOUR('',#17098);
#18782 = CURVE_STYLE('',#18783,POSITIVE_LENGTH_MEASURE(0.1),#17098);
#18783 = DRAUGHTING_PRE_DEFINED_CURVE_FONT('continuous');
#18784 = STYLED_ITEM('color',(#18785),#10623);
#18785 = PRESENTATION_STYLE_ASSIGNMENT((#18786,#18791));
#18786 = SURFACE_STYLE_USAGE(.BOTH.,#18787);
#18787 = SURFACE_SIDE_STYLE('',(#18788));
#18788 = SURFACE_STYLE_FILL_AREA(#18789);
#18789 = FILL_AREA_STYLE('',(#18790));
#18790 = FILL_AREA_STYLE_COLOUR('',#17025);
#18791 = CURVE_STYLE('',#18792,POSITIVE_LENGTH_MEASURE(0.1),#17025);
#18792 = DRAUGHTING_PRE_DEFINED_CURVE_FONT('continuous');
#18793 = OVER_RIDING_STYLED_ITEM('overriding color',(#18794),#10628,
  #18784);
#18794 = PRESENTATION_STYLE_ASSIGNMENT((#18795,#18800));
#18795 = SURFACE_STYLE_USAGE(.BOTH.,#18796);
#18796 = SURFACE_SIDE_STYLE('',(#18797));
#18797 = SURFACE_STYLE_FILL_AREA(#18798);
#18798 = FILL_AREA_STYLE('',(#18799));
#18799 = FILL_AREA_STYLE_COLOUR('',#17098);
#18800 = CURVE_STYLE('',#18801,POSITIVE_LENGTH_MEASURE(0.1),#17098);
#18801 = DRAUGHTING_PRE_DEFINED_CURVE_FONT('continuous');
#18802 = STYLED_ITEM('color',(#18803),#10640);
#18803 = PRESENTATION_STYLE_ASSIGNMENT((#18804,#18809));
#18804 = SURFACE_STYLE_USAGE(.BOTH.,#18805);
#18805 = SURFACE_SIDE_STYLE('',(#18806));
#18806 = SURFACE_STYLE_FILL_AREA(#18807);
#18807 = FILL_AREA_STYLE('',(#18808));
#18808 = FILL_AREA_STYLE_COLOUR('',#17098);
#18809 = CURVE_STYLE('',#18810,POSITIVE_LENGTH_MEASURE(0.1),#17098);
#18810 = DRAUGHTING_PRE_DEFINED_CURVE_FONT('continuous');
#18811 = STYLED_ITEM('color',(#18812),#10689);
#18812 = PRESENTATION_STYLE_ASSIGNMENT((#18813,#18818));
#18813 = SURFACE_STYLE_USAGE(.BOTH.,#18814);
#18814 = SURFACE_SIDE_STYLE('',(#18815));
#18815 = SURFACE_STYLE_FILL_AREA(#18816);
#18816 = FILL_AREA_STYLE('',(#18817));
#18817 = FILL_AREA_STYLE_COLOUR('',#17098);
#18818 = CURVE_STYLE('',#18819,POSITIVE_LENGTH_MEASURE(0.1),#17098);
#18819 = DRAUGHTING_PRE_DEFINED_CURVE_FONT('continuous');
#18820 = STYLED_ITEM('color',(#18821),#10713);
#18821 = PRESENTATION_STYLE_ASSIGNMENT((#18822,#18827));
#18822 = SURFACE_STYLE_USAGE(.BOTH.,#18823);
#18823 = SURFACE_SIDE_STYLE('',(#18824));
#18824 = SURFACE_STYLE_FILL_AREA(#18825);
#18825 = FILL_AREA_STYLE('',(#18826));
#18826 = FILL_AREA_STYLE_COLOUR('',#17098);
#18827 = CURVE_STYLE('',#18828,POSITIVE_LENGTH_MEASURE(0.1),#17098);
#18828 = DRAUGHTING_PRE_DEFINED_CURVE_FONT('continuous');
#18829 = STYLED_ITEM('color',(#18830),#10755);
#18830 = PRESENTATION_STYLE_ASSIGNMENT((#18831,#18836));
#18831 = SURFACE_STYLE_USAGE(.BOTH.,#18832);
#18832 = SURFACE_SIDE_STYLE('',(#18833));
#18833 = SURFACE_STYLE_FILL_AREA(#18834);
#18834 = FILL_AREA_STYLE('',(#18835));
#18835 = FILL_AREA_STYLE_COLOUR('',#17098);
#18836 = CURVE_STYLE('',#18837,POSITIVE_LENGTH_MEASURE(0.1),#17098);
#18837 = DRAUGHTING_PRE_DEFINED_CURVE_FONT('continuous');
#18838 = STYLED_ITEM('color',(#18839),#10772);
#18839 = PRESENTATION_STYLE_ASSIGNMENT((#18840,#18845));
#18840 = SURFACE_STYLE_USAGE(.BOTH.,#18841);
#18841 = SURFACE_SIDE_STYLE('',(#18842));
#18842 = SURFACE_STYLE_FILL_AREA(#18843);
#18843 = FILL_AREA_STYLE('',(#18844));
#18844 = FILL_AREA_STYLE_COLOUR('',#17025);
#18845 = CURVE_STYLE('',#18846,POSITIVE_LENGTH_MEASURE(0.1),#17025);
#18846 = DRAUGHTING_PRE_DEFINED_CURVE_FONT('continuous');
#18847 = OVER_RIDING_STYLED_ITEM('overriding color',(#18848),#10779,
  #18838);
#18848 = PRESENTATION_STYLE_ASSIGNMENT((#18849,#18854));
#18849 = SURFACE_STYLE_USAGE(.BOTH.,#18850);
#18850 = SURFACE_SIDE_STYLE('',(#18851));
#18851 = SURFACE_STYLE_FILL_AREA(#18852);
#18852 = FILL_AREA_STYLE('',(#18853));
#18853 = FILL_AREA_STYLE_COLOUR('',#17098);
#18854 = CURVE_STYLE('',#18855,POSITIVE_LENGTH_MEASURE(0.1),#17098);
#18855 = DRAUGHTING_PRE_DEFINED_CURVE_FONT('continuous');
#18856 = STYLED_ITEM('color',(#18857),#10789);
#18857 = PRESENTATION_STYLE_ASSIGNMENT((#18858,#18863));
#18858 = SURFACE_STYLE_USAGE(.BOTH.,#18859);
#18859 = SURFACE_SIDE_STYLE('',(#18860));
#18860 = SURFACE_STYLE_FILL_AREA(#18861);
#18861 = FILL_AREA_STYLE('',(#18862));
#18862 = FILL_AREA_STYLE_COLOUR('',#17025);
#18863 = CURVE_STYLE('',#18864,POSITIVE_LENGTH_MEASURE(0.1),#17025);
#18864 = DRAUGHTING_PRE_DEFINED_CURVE_FONT('continuous');
#18865 = OVER_RIDING_STYLED_ITEM('overriding color',(#18866),#10794,
  #18856);
#18866 = PRESENTATION_STYLE_ASSIGNMENT((#18867,#18872));
#18867 = SURFACE_STYLE_USAGE(.BOTH.,#18868);
#18868 = SURFACE_SIDE_STYLE('',(#18869));
#18869 = SURFACE_STYLE_FILL_AREA(#18870);
#18870 = FILL_AREA_STYLE('',(#18871));
#18871 = FILL_AREA_STYLE_COLOUR('',#17098);
#18872 = CURVE_STYLE('',#18873,POSITIVE_LENGTH_MEASURE(0.1),#17098);
#18873 = DRAUGHTING_PRE_DEFINED_CURVE_FONT('continuous');
#18874 = STYLED_ITEM('color',(#18875),#10806);
#18875 = PRESENTATION_STYLE_ASSIGNMENT((#18876,#18881));
#18876 = SURFACE_STYLE_USAGE(.BOTH.,#18877);
#18877 = SURFACE_SIDE_STYLE('',(#18878));
#18878 = SURFACE_STYLE_FILL_AREA(#18879);
#18879 = FILL_AREA_STYLE('',(#18880));
#18880 = FILL_AREA_STYLE_COLOUR('',#17098);
#18881 = CURVE_STYLE('',#18882,POSITIVE_LENGTH_MEASURE(0.1),#17098);
#18882 = DRAUGHTING_PRE_DEFINED_CURVE_FONT('continuous');
#18883 = STYLED_ITEM('color',(#18884),#10855);
#18884 = PRESENTATION_STYLE_ASSIGNMENT((#18885,#18890));
#18885 = SURFACE_STYLE_USAGE(.BOTH.,#18886);
#18886 = SURFACE_SIDE_STYLE('',(#18887));
#18887 = SURFACE_STYLE_FILL_AREA(#18888);
#18888 = FILL_AREA_STYLE('',(#18889));
#18889 = FILL_AREA_STYLE_COLOUR('',#17098);
#18890 = CURVE_STYLE('',#18891,POSITIVE_LENGTH_MEASURE(0.1),#17098);
#18891 = DRAUGHTING_PRE_DEFINED_CURVE_FONT('continuous');
#18892 = STYLED_ITEM('color',(#18893),#10879);
#18893 = PRESENTATION_STYLE_ASSIGNMENT((#18894,#18899));
#18894 = SURFACE_STYLE_USAGE(.BOTH.,#18895);
#18895 = SURFACE_SIDE_STYLE('',(#18896));
#18896 = SURFACE_STYLE_FILL_AREA(#18897);
#18897 = FILL_AREA_STYLE('',(#18898));
#18898 = FILL_AREA_STYLE_COLOUR('',#17098);
#18899 = CURVE_STYLE('',#18900,POSITIVE_LENGTH_MEASURE(0.1),#17098);
#18900 = DRAUGHTING_PRE_DEFINED_CURVE_FONT('continuous');
#18901 = STYLED_ITEM('color',(#18902),#10921);
#18902 = PRESENTATION_STYLE_ASSIGNMENT((#18903,#18908));
#18903 = SURFACE_STYLE_USAGE(.BOTH.,#18904);
#18904 = SURFACE_SIDE_STYLE('',(#18905));
#18905 = SURFACE_STYLE_FILL_AREA(#18906);
#18906 = FILL_AREA_STYLE('',(#18907));
#18907 = FILL_AREA_STYLE_COLOUR('',#17098);
#18908 = CURVE_STYLE('',#18909,POSITIVE_LENGTH_MEASURE(0.1),#17098);
#18909 = DRAUGHTING_PRE_DEFINED_CURVE_FONT('continuous');
#18910 = STYLED_ITEM('color',(#18911),#10938);
#18911 = PRESENTATION_STYLE_ASSIGNMENT((#18912,#18917));
#18912 = SURFACE_STYLE_USAGE(.BOTH.,#18913);
#18913 = SURFACE_SIDE_STYLE('',(#18914));
#18914 = SURFACE_STYLE_FILL_AREA(#18915);
#18915 = FILL_AREA_STYLE('',(#18916));
#18916 = FILL_AREA_STYLE_COLOUR('',#17025);
#18917 = CURVE_STYLE('',#18918,POSITIVE_LENGTH_MEASURE(0.1),#17025);
#18918 = DRAUGHTING_PRE_DEFINED_CURVE_FONT('continuous');
#18919 = OVER_RIDING_STYLED_ITEM('overriding color',(#18920),#10945,
  #18910);
#18920 = PRESENTATION_STYLE_ASSIGNMENT((#18921,#18926));
#18921 = SURFACE_STYLE_USAGE(.BOTH.,#18922);
#18922 = SURFACE_SIDE_STYLE('',(#18923));
#18923 = SURFACE_STYLE_FILL_AREA(#18924);
#18924 = FILL_AREA_STYLE('',(#18925));
#18925 = FILL_AREA_STYLE_COLOUR('',#17098);
#18926 = CURVE_STYLE('',#18927,POSITIVE_LENGTH_MEASURE(0.1),#17098);
#18927 = DRAUGHTING_PRE_DEFINED_CURVE_FONT('continuous');
#18928 = STYLED_ITEM('color',(#18929),#10955);
#18929 = PRESENTATION_STYLE_ASSIGNMENT((#18930,#18935));
#18930 = SURFACE_STYLE_USAGE(.BOTH.,#18931);
#18931 = SURFACE_SIDE_STYLE('',(#18932));
#18932 = SURFACE_STYLE_FILL_AREA(#18933);
#18933 = FILL_AREA_STYLE('',(#18934));
#18934 = FILL_AREA_STYLE_COLOUR('',#17025);
#18935 = CURVE_STYLE('',#18936,POSITIVE_LENGTH_MEASURE(0.1),#17025);
#18936 = DRAUGHTING_PRE_DEFINED_CURVE_FONT('continuous');
#18937 = OVER_RIDING_STYLED_ITEM('overriding color',(#18938),#10960,
  #18928);
#18938 = PRESENTATION_STYLE_ASSIGNMENT((#18939,#18944));
#18939 = SURFACE_STYLE_USAGE(.BOTH.,#18940);
#18940 = SURFACE_SIDE_STYLE('',(#18941));
#18941 = SURFACE_STYLE_FILL_AREA(#18942);
#18942 = FILL_AREA_STYLE('',(#18943));
#18943 = FILL_AREA_STYLE_COLOUR('',#17098);
#18944 = CURVE_STYLE('',#18945,POSITIVE_LENGTH_MEASURE(0.1),#17098);
#18945 = DRAUGHTING_PRE_DEFINED_CURVE_FONT('continuous');
#18946 = STYLED_ITEM('color',(#18947),#10972);
#18947 = PRESENTATION_STYLE_ASSIGNMENT((#18948,#18953));
#18948 = SURFACE_STYLE_USAGE(.BOTH.,#18949);
#18949 = SURFACE_SIDE_STYLE('',(#18950));
#18950 = SURFACE_STYLE_FILL_AREA(#18951);
#18951 = FILL_AREA_STYLE('',(#18952));
#18952 = FILL_AREA_STYLE_COLOUR('',#17098);
#18953 = CURVE_STYLE('',#18954,POSITIVE_LENGTH_MEASURE(0.1),#17098);
#18954 = DRAUGHTING_PRE_DEFINED_CURVE_FONT('continuous');
#18955 = STYLED_ITEM('color',(#18956),#11021);
#18956 = PRESENTATION_STYLE_ASSIGNMENT((#18957,#18962));
#18957 = SURFACE_STYLE_USAGE(.BOTH.,#18958);
#18958 = SURFACE_SIDE_STYLE('',(#18959));
#18959 = SURFACE_STYLE_FILL_AREA(#18960);
#18960 = FILL_AREA_STYLE('',(#18961));
#18961 = FILL_AREA_STYLE_COLOUR('',#17098);
#18962 = CURVE_STYLE('',#18963,POSITIVE_LENGTH_MEASURE(0.1),#17098);
#18963 = DRAUGHTING_PRE_DEFINED_CURVE_FONT('continuous');
#18964 = STYLED_ITEM('color',(#18965),#11045);
#18965 = PRESENTATION_STYLE_ASSIGNMENT((#18966,#18971));
#18966 = SURFACE_STYLE_USAGE(.BOTH.,#18967);
#18967 = SURFACE_SIDE_STYLE('',(#18968));
#18968 = SURFACE_STYLE_FILL_AREA(#18969);
#18969 = FILL_AREA_STYLE('',(#18970));
#18970 = FILL_AREA_STYLE_COLOUR('',#17098);
#18971 = CURVE_STYLE('',#18972,POSITIVE_LENGTH_MEASURE(0.1),#17098);
#18972 = DRAUGHTING_PRE_DEFINED_CURVE_FONT('continuous');
#18973 = STYLED_ITEM('color',(#18974),#11087);
#18974 = PRESENTATION_STYLE_ASSIGNMENT((#18975,#18980));
#18975 = SURFACE_STYLE_USAGE(.BOTH.,#18976);
#18976 = SURFACE_SIDE_STYLE('',(#18977));
#18977 = SURFACE_STYLE_FILL_AREA(#18978);
#18978 = FILL_AREA_STYLE('',(#18979));
#18979 = FILL_AREA_STYLE_COLOUR('',#17098);
#18980 = CURVE_STYLE('',#18981,POSITIVE_LENGTH_MEASURE(0.1),#17098);
#18981 = DRAUGHTING_PRE_DEFINED_CURVE_FONT('continuous');
#18982 = STYLED_ITEM('color',(#18983),#11104);
#18983 = PRESENTATION_STYLE_ASSIGNMENT((#18984,#18989));
#18984 = SURFACE_STYLE_USAGE(.BOTH.,#18985);
#18985 = SURFACE_SIDE_STYLE('',(#18986));
#18986 = SURFACE_STYLE_FILL_AREA(#18987);
#18987 = FILL_AREA_STYLE('',(#18988));
#18988 = FILL_AREA_STYLE_COLOUR('',#17025);
#18989 = CURVE_STYLE('',#18990,POSITIVE_LENGTH_MEASURE(0.1),#17025);
#18990 = DRAUGHTING_PRE_DEFINED_CURVE_FONT('continuous');
#18991 = OVER_RIDING_STYLED_ITEM('overriding color',(#18992),#11111,
  #18982);
#18992 = PRESENTATION_STYLE_ASSIGNMENT((#18993,#18998));
#18993 = SURFACE_STYLE_USAGE(.BOTH.,#18994);
#18994 = SURFACE_SIDE_STYLE('',(#18995));
#18995 = SURFACE_STYLE_FILL_AREA(#18996);
#18996 = FILL_AREA_STYLE('',(#18997));
#18997 = FILL_AREA_STYLE_COLOUR('',#17098);
#18998 = CURVE_STYLE('',#18999,POSITIVE_LENGTH_MEASURE(0.1),#17098);
#18999 = DRAUGHTING_PRE_DEFINED_CURVE_FONT('continuous');
#19000 = STYLED_ITEM('color',(#19001),#11121);
#19001 = PRESENTATION_STYLE_ASSIGNMENT((#19002,#19007));
#19002 = SURFACE_STYLE_USAGE(.BOTH.,#19003);
#19003 = SURFACE_SIDE_STYLE('',(#19004));
#19004 = SURFACE_STYLE_FILL_AREA(#19005);
#19005 = FILL_AREA_STYLE('',(#19006));
#19006 = FILL_AREA_STYLE_COLOUR('',#17025);
#19007 = CURVE_STYLE('',#19008,POSITIVE_LENGTH_MEASURE(0.1),#17025);
#19008 = DRAUGHTING_PRE_DEFINED_CURVE_FONT('continuous');
#19009 = OVER_RIDING_STYLED_ITEM('overriding color',(#19010),#11126,
  #19000);
#19010 = PRESENTATION_STYLE_ASSIGNMENT((#19011,#19016));
#19011 = SURFACE_STYLE_USAGE(.BOTH.,#19012);
#19012 = SURFACE_SIDE_STYLE('',(#19013));
#19013 = SURFACE_STYLE_FILL_AREA(#19014);
#19014 = FILL_AREA_STYLE('',(#19015));
#19015 = FILL_AREA_STYLE_COLOUR('',#17098);
#19016 = CURVE_STYLE('',#19017,POSITIVE_LENGTH_MEASURE(0.1),#17098);
#19017 = DRAUGHTING_PRE_DEFINED_CURVE_FONT('continuous');
#19018 = STYLED_ITEM('color',(#19019),#11138);
#19019 = PRESENTATION_STYLE_ASSIGNMENT((#19020,#19025));
#19020 = SURFACE_STYLE_USAGE(.BOTH.,#19021);
#19021 = SURFACE_SIDE_STYLE('',(#19022));
#19022 = SURFACE_STYLE_FILL_AREA(#19023);
#19023 = FILL_AREA_STYLE('',(#19024));
#19024 = FILL_AREA_STYLE_COLOUR('',#17098);
#19025 = CURVE_STYLE('',#19026,POSITIVE_LENGTH_MEASURE(0.1),#17098);
#19026 = DRAUGHTING_PRE_DEFINED_CURVE_FONT('continuous');
#19027 = STYLED_ITEM('color',(#19028),#11187);
#19028 = PRESENTATION_STYLE_ASSIGNMENT((#19029,#19034));
#19029 = SURFACE_STYLE_USAGE(.BOTH.,#19030);
#19030 = SURFACE_SIDE_STYLE('',(#19031));
#19031 = SURFACE_STYLE_FILL_AREA(#19032);
#19032 = FILL_AREA_STYLE('',(#19033));
#19033 = FILL_AREA_STYLE_COLOUR('',#17098);
#19034 = CURVE_STYLE('',#19035,POSITIVE_LENGTH_MEASURE(0.1),#17098);
#19035 = DRAUGHTING_PRE_DEFINED_CURVE_FONT('continuous');
#19036 = STYLED_ITEM('color',(#19037),#11211);
#19037 = PRESENTATION_STYLE_ASSIGNMENT((#19038,#19043));
#19038 = SURFACE_STYLE_USAGE(.BOTH.,#19039);
#19039 = SURFACE_SIDE_STYLE('',(#19040));
#19040 = SURFACE_STYLE_FILL_AREA(#19041);
#19041 = FILL_AREA_STYLE('',(#19042));
#19042 = FILL_AREA_STYLE_COLOUR('',#17098);
#19043 = CURVE_STYLE('',#19044,POSITIVE_LENGTH_MEASURE(0.1),#17098);
#19044 = DRAUGHTING_PRE_DEFINED_CURVE_FONT('continuous');
#19045 = STYLED_ITEM('color',(#19046),#11253);
#19046 = PRESENTATION_STYLE_ASSIGNMENT((#19047,#19052));
#19047 = SURFACE_STYLE_USAGE(.BOTH.,#19048);
#19048 = SURFACE_SIDE_STYLE('',(#19049));
#19049 = SURFACE_STYLE_FILL_AREA(#19050);
#19050 = FILL_AREA_STYLE('',(#19051));
#19051 = FILL_AREA_STYLE_COLOUR('',#17098);
#19052 = CURVE_STYLE('',#19053,POSITIVE_LENGTH_MEASURE(0.1),#17098);
#19053 = DRAUGHTING_PRE_DEFINED_CURVE_FONT('continuous');
#19054 = STYLED_ITEM('color',(#19055),#11270);
#19055 = PRESENTATION_STYLE_ASSIGNMENT((#19056,#19061));
#19056 = SURFACE_STYLE_USAGE(.BOTH.,#19057);
#19057 = SURFACE_SIDE_STYLE('',(#19058));
#19058 = SURFACE_STYLE_FILL_AREA(#19059);
#19059 = FILL_AREA_STYLE('',(#19060));
#19060 = FILL_AREA_STYLE_COLOUR('',#17025);
#19061 = CURVE_STYLE('',#19062,POSITIVE_LENGTH_MEASURE(0.1),#17025);
#19062 = DRAUGHTING_PRE_DEFINED_CURVE_FONT('continuous');
#19063 = OVER_RIDING_STYLED_ITEM('overriding color',(#19064),#11277,
  #19054);
#19064 = PRESENTATION_STYLE_ASSIGNMENT((#19065,#19070));
#19065 = SURFACE_STYLE_USAGE(.BOTH.,#19066);
#19066 = SURFACE_SIDE_STYLE('',(#19067));
#19067 = SURFACE_STYLE_FILL_AREA(#19068);
#19068 = FILL_AREA_STYLE('',(#19069));
#19069 = FILL_AREA_STYLE_COLOUR('',#17098);
#19070 = CURVE_STYLE('',#19071,POSITIVE_LENGTH_MEASURE(0.1),#17098);
#19071 = DRAUGHTING_PRE_DEFINED_CURVE_FONT('continuous');
#19072 = STYLED_ITEM('color',(#19073),#11287);
#19073 = PRESENTATION_STYLE_ASSIGNMENT((#19074,#19079));
#19074 = SURFACE_STYLE_USAGE(.BOTH.,#19075);
#19075 = SURFACE_SIDE_STYLE('',(#19076));
#19076 = SURFACE_STYLE_FILL_AREA(#19077);
#19077 = FILL_AREA_STYLE('',(#19078));
#19078 = FILL_AREA_STYLE_COLOUR('',#17025);
#19079 = CURVE_STYLE('',#19080,POSITIVE_LENGTH_MEASURE(0.1),#17025);
#19080 = DRAUGHTING_PRE_DEFINED_CURVE_FONT('continuous');
#19081 = OVER_RIDING_STYLED_ITEM('overriding color',(#19082),#11292,
  #19072);
#19082 = PRESENTATION_STYLE_ASSIGNMENT((#19083,#19088));
#19083 = SURFACE_STYLE_USAGE(.BOTH.,#19084);
#19084 = SURFACE_SIDE_STYLE('',(#19085));
#19085 = SURFACE_STYLE_FILL_AREA(#19086);
#19086 = FILL_AREA_STYLE('',(#19087));
#19087 = FILL_AREA_STYLE_COLOUR('',#17098);
#19088 = CURVE_STYLE('',#19089,POSITIVE_LENGTH_MEASURE(0.1),#17098);
#19089 = DRAUGHTING_PRE_DEFINED_CURVE_FONT('continuous');
#19090 = STYLED_ITEM('color',(#19091),#11304);
#19091 = PRESENTATION_STYLE_ASSIGNMENT((#19092,#19097));
#19092 = SURFACE_STYLE_USAGE(.BOTH.,#19093);
#19093 = SURFACE_SIDE_STYLE('',(#19094));
#19094 = SURFACE_STYLE_FILL_AREA(#19095);
#19095 = FILL_AREA_STYLE('',(#19096));
#19096 = FILL_AREA_STYLE_COLOUR('',#17098);
#19097 = CURVE_STYLE('',#19098,POSITIVE_LENGTH_MEASURE(0.1),#17098);
#19098 = DRAUGHTING_PRE_DEFINED_CURVE_FONT('continuous');
#19099 = STYLED_ITEM('color',(#19100),#11353);
#19100 = PRESENTATION_STYLE_ASSIGNMENT((#19101,#19106));
#19101 = SURFACE_STYLE_USAGE(.BOTH.,#19102);
#19102 = SURFACE_SIDE_STYLE('',(#19103));
#19103 = SURFACE_STYLE_FILL_AREA(#19104);
#19104 = FILL_AREA_STYLE('',(#19105));
#19105 = FILL_AREA_STYLE_COLOUR('',#17098);
#19106 = CURVE_STYLE('',#19107,POSITIVE_LENGTH_MEASURE(0.1),#17098);
#19107 = DRAUGHTING_PRE_DEFINED_CURVE_FONT('continuous');
#19108 = STYLED_ITEM('color',(#19109),#11377);
#19109 = PRESENTATION_STYLE_ASSIGNMENT((#19110,#19115));
#19110 = SURFACE_STYLE_USAGE(.BOTH.,#19111);
#19111 = SURFACE_SIDE_STYLE('',(#19112));
#19112 = SURFACE_STYLE_FILL_AREA(#19113);
#19113 = FILL_AREA_STYLE('',(#19114));
#19114 = FILL_AREA_STYLE_COLOUR('',#17098);
#19115 = CURVE_STYLE('',#19116,POSITIVE_LENGTH_MEASURE(0.1),#17098);
#19116 = DRAUGHTING_PRE_DEFINED_CURVE_FONT('continuous');
#19117 = STYLED_ITEM('color',(#19118),#11419);
#19118 = PRESENTATION_STYLE_ASSIGNMENT((#19119,#19124));
#19119 = SURFACE_STYLE_USAGE(.BOTH.,#19120);
#19120 = SURFACE_SIDE_STYLE('',(#19121));
#19121 = SURFACE_STYLE_FILL_AREA(#19122);
#19122 = FILL_AREA_STYLE('',(#19123));
#19123 = FILL_AREA_STYLE_COLOUR('',#17098);
#19124 = CURVE_STYLE('',#19125,POSITIVE_LENGTH_MEASURE(0.1),#17098);
#19125 = DRAUGHTING_PRE_DEFINED_CURVE_FONT('continuous');
#19126 = STYLED_ITEM('color',(#19127),#11436);
#19127 = PRESENTATION_STYLE_ASSIGNMENT((#19128,#19133));
#19128 = SURFACE_STYLE_USAGE(.BOTH.,#19129);
#19129 = SURFACE_SIDE_STYLE('',(#19130));
#19130 = SURFACE_STYLE_FILL_AREA(#19131);
#19131 = FILL_AREA_STYLE('',(#19132));
#19132 = FILL_AREA_STYLE_COLOUR('',#17025);
#19133 = CURVE_STYLE('',#19134,POSITIVE_LENGTH_MEASURE(0.1),#17025);
#19134 = DRAUGHTING_PRE_DEFINED_CURVE_FONT('continuous');
#19135 = OVER_RIDING_STYLED_ITEM('overriding color',(#19136),#11443,
  #19126);
#19136 = PRESENTATION_STYLE_ASSIGNMENT((#19137,#19142));
#19137 = SURFACE_STYLE_USAGE(.BOTH.,#19138);
#19138 = SURFACE_SIDE_STYLE('',(#19139));
#19139 = SURFACE_STYLE_FILL_AREA(#19140);
#19140 = FILL_AREA_STYLE('',(#19141));
#19141 = FILL_AREA_STYLE_COLOUR('',#17098);
#19142 = CURVE_STYLE('',#19143,POSITIVE_LENGTH_MEASURE(0.1),#17098);
#19143 = DRAUGHTING_PRE_DEFINED_CURVE_FONT('continuous');
#19144 = STYLED_ITEM('color',(#19145),#11453);
#19145 = PRESENTATION_STYLE_ASSIGNMENT((#19146,#19151));
#19146 = SURFACE_STYLE_USAGE(.BOTH.,#19147);
#19147 = SURFACE_SIDE_STYLE('',(#19148));
#19148 = SURFACE_STYLE_FILL_AREA(#19149);
#19149 = FILL_AREA_STYLE('',(#19150));
#19150 = FILL_AREA_STYLE_COLOUR('',#17025);
#19151 = CURVE_STYLE('',#19152,POSITIVE_LENGTH_MEASURE(0.1),#17025);
#19152 = DRAUGHTING_PRE_DEFINED_CURVE_FONT('continuous');
#19153 = OVER_RIDING_STYLED_ITEM('overriding color',(#19154),#11458,
  #19144);
#19154 = PRESENTATION_STYLE_ASSIGNMENT((#19155,#19160));
#19155 = SURFACE_STYLE_USAGE(.BOTH.,#19156);
#19156 = SURFACE_SIDE_STYLE('',(#19157));
#19157 = SURFACE_STYLE_FILL_AREA(#19158);
#19158 = FILL_AREA_STYLE('',(#19159));
#19159 = FILL_AREA_STYLE_COLOUR('',#17098);
#19160 = CURVE_STYLE('',#19161,POSITIVE_LENGTH_MEASURE(0.1),#17098);
#19161 = DRAUGHTING_PRE_DEFINED_CURVE_FONT('continuous');
#19162 = STYLED_ITEM('color',(#19163),#11470);
#19163 = PRESENTATION_STYLE_ASSIGNMENT((#19164,#19169));
#19164 = SURFACE_STYLE_USAGE(.BOTH.,#19165);
#19165 = SURFACE_SIDE_STYLE('',(#19166));
#19166 = SURFACE_STYLE_FILL_AREA(#19167);
#19167 = FILL_AREA_STYLE('',(#19168));
#19168 = FILL_AREA_STYLE_COLOUR('',#17098);
#19169 = CURVE_STYLE('',#19170,POSITIVE_LENGTH_MEASURE(0.1),#17098);
#19170 = DRAUGHTING_PRE_DEFINED_CURVE_FONT('continuous');
#19171 = STYLED_ITEM('color',(#19172),#11519);
#19172 = PRESENTATION_STYLE_ASSIGNMENT((#19173,#19178));
#19173 = SURFACE_STYLE_USAGE(.BOTH.,#19174);
#19174 = SURFACE_SIDE_STYLE('',(#19175));
#19175 = SURFACE_STYLE_FILL_AREA(#19176);
#19176 = FILL_AREA_STYLE('',(#19177));
#19177 = FILL_AREA_STYLE_COLOUR('',#17098);
#19178 = CURVE_STYLE('',#19179,POSITIVE_LENGTH_MEASURE(0.1),#17098);
#19179 = DRAUGHTING_PRE_DEFINED_CURVE_FONT('continuous');
#19180 = STYLED_ITEM('color',(#19181),#11543);
#19181 = PRESENTATION_STYLE_ASSIGNMENT((#19182,#19187));
#19182 = SURFACE_STYLE_USAGE(.BOTH.,#19183);
#19183 = SURFACE_SIDE_STYLE('',(#19184));
#19184 = SURFACE_STYLE_FILL_AREA(#19185);
#19185 = FILL_AREA_STYLE('',(#19186));
#19186 = FILL_AREA_STYLE_COLOUR('',#17098);
#19187 = CURVE_STYLE('',#19188,POSITIVE_LENGTH_MEASURE(0.1),#17098);
#19188 = DRAUGHTING_PRE_DEFINED_CURVE_FONT('continuous');
#19189 = STYLED_ITEM('color',(#19190),#11585);
#19190 = PRESENTATION_STYLE_ASSIGNMENT((#19191,#19196));
#19191 = SURFACE_STYLE_USAGE(.BOTH.,#19192);
#19192 = SURFACE_SIDE_STYLE('',(#19193));
#19193 = SURFACE_STYLE_FILL_AREA(#19194);
#19194 = FILL_AREA_STYLE('',(#19195));
#19195 = FILL_AREA_STYLE_COLOUR('',#17098);
#19196 = CURVE_STYLE('',#19197,POSITIVE_LENGTH_MEASURE(0.1),#17098);
#19197 = DRAUGHTING_PRE_DEFINED_CURVE_FONT('continuous');
#19198 = STYLED_ITEM('color',(#19199),#11602);
#19199 = PRESENTATION_STYLE_ASSIGNMENT((#19200,#19205));
#19200 = SURFACE_STYLE_USAGE(.BOTH.,#19201);
#19201 = SURFACE_SIDE_STYLE('',(#19202));
#19202 = SURFACE_STYLE_FILL_AREA(#19203);
#19203 = FILL_AREA_STYLE('',(#19204));
#19204 = FILL_AREA_STYLE_COLOUR('',#17025);
#19205 = CURVE_STYLE('',#19206,POSITIVE_LENGTH_MEASURE(0.1),#17025);
#19206 = DRAUGHTING_PRE_DEFINED_CURVE_FONT('continuous');
#19207 = OVER_RIDING_STYLED_ITEM('overriding color',(#19208),#11609,
  #19198);
#19208 = PRESENTATION_STYLE_ASSIGNMENT((#19209,#19214));
#19209 = SURFACE_STYLE_USAGE(.BOTH.,#19210);
#19210 = SURFACE_SIDE_STYLE('',(#19211));
#19211 = SURFACE_STYLE_FILL_AREA(#19212);
#19212 = FILL_AREA_STYLE('',(#19213));
#19213 = FILL_AREA_STYLE_COLOUR('',#17098);
#19214 = CURVE_STYLE('',#19215,POSITIVE_LENGTH_MEASURE(0.1),#17098);
#19215 = DRAUGHTING_PRE_DEFINED_CURVE_FONT('continuous');
#19216 = STYLED_ITEM('color',(#19217),#11619);
#19217 = PRESENTATION_STYLE_ASSIGNMENT((#19218,#19223));
#19218 = SURFACE_STYLE_USAGE(.BOTH.,#19219);
#19219 = SURFACE_SIDE_STYLE('',(#19220));
#19220 = SURFACE_STYLE_FILL_AREA(#19221);
#19221 = FILL_AREA_STYLE('',(#19222));
#19222 = FILL_AREA_STYLE_COLOUR('',#17025);
#19223 = CURVE_STYLE('',#19224,POSITIVE_LENGTH_MEASURE(0.1),#17025);
#19224 = DRAUGHTING_PRE_DEFINED_CURVE_FONT('continuous');
#19225 = OVER_RIDING_STYLED_ITEM('overriding color',(#19226),#11624,
  #19216);
#19226 = PRESENTATION_STYLE_ASSIGNMENT((#19227,#19232));
#19227 = SURFACE_STYLE_USAGE(.BOTH.,#19228);
#19228 = SURFACE_SIDE_STYLE('',(#19229));
#19229 = SURFACE_STYLE_FILL_AREA(#19230);
#19230 = FILL_AREA_STYLE('',(#19231));
#19231 = FILL_AREA_STYLE_COLOUR('',#17098);
#19232 = CURVE_STYLE('',#19233,POSITIVE_LENGTH_MEASURE(0.1),#17098);
#19233 = DRAUGHTING_PRE_DEFINED_CURVE_FONT('continuous');
#19234 = STYLED_ITEM('color',(#19235),#11636);
#19235 = PRESENTATION_STYLE_ASSIGNMENT((#19236,#19241));
#19236 = SURFACE_STYLE_USAGE(.BOTH.,#19237);
#19237 = SURFACE_SIDE_STYLE('',(#19238));
#19238 = SURFACE_STYLE_FILL_AREA(#19239);
#19239 = FILL_AREA_STYLE('',(#19240));
#19240 = FILL_AREA_STYLE_COLOUR('',#17098);
#19241 = CURVE_STYLE('',#19242,POSITIVE_LENGTH_MEASURE(0.1),#17098);
#19242 = DRAUGHTING_PRE_DEFINED_CURVE_FONT('continuous');
#19243 = STYLED_ITEM('color',(#19244),#11685);
#19244 = PRESENTATION_STYLE_ASSIGNMENT((#19245,#19250));
#19245 = SURFACE_STYLE_USAGE(.BOTH.,#19246);
#19246 = SURFACE_SIDE_STYLE('',(#19247));
#19247 = SURFACE_STYLE_FILL_AREA(#19248);
#19248 = FILL_AREA_STYLE('',(#19249));
#19249 = FILL_AREA_STYLE_COLOUR('',#17098);
#19250 = CURVE_STYLE('',#19251,POSITIVE_LENGTH_MEASURE(0.1),#17098);
#19251 = DRAUGHTING_PRE_DEFINED_CURVE_FONT('continuous');
#19252 = STYLED_ITEM('color',(#19253),#11709);
#19253 = PRESENTATION_STYLE_ASSIGNMENT((#19254,#19259));
#19254 = SURFACE_STYLE_USAGE(.BOTH.,#19255);
#19255 = SURFACE_SIDE_STYLE('',(#19256));
#19256 = SURFACE_STYLE_FILL_AREA(#19257);
#19257 = FILL_AREA_STYLE('',(#19258));
#19258 = FILL_AREA_STYLE_COLOUR('',#17098);
#19259 = CURVE_STYLE('',#19260,POSITIVE_LENGTH_MEASURE(0.1),#17098);
#19260 = DRAUGHTING_PRE_DEFINED_CURVE_FONT('continuous');
#19261 = STYLED_ITEM('color',(#19262),#11751);
#19262 = PRESENTATION_STYLE_ASSIGNMENT((#19263,#19268));
#19263 = SURFACE_STYLE_USAGE(.BOTH.,#19264);
#19264 = SURFACE_SIDE_STYLE('',(#19265));
#19265 = SURFACE_STYLE_FILL_AREA(#19266);
#19266 = FILL_AREA_STYLE('',(#19267));
#19267 = FILL_AREA_STYLE_COLOUR('',#17098);
#19268 = CURVE_STYLE('',#19269,POSITIVE_LENGTH_MEASURE(0.1),#17098);
#19269 = DRAUGHTING_PRE_DEFINED_CURVE_FONT('continuous');
#19270 = STYLED_ITEM('color',(#19271),#11768);
#19271 = PRESENTATION_STYLE_ASSIGNMENT((#19272,#19277));
#19272 = SURFACE_STYLE_USAGE(.BOTH.,#19273);
#19273 = SURFACE_SIDE_STYLE('',(#19274));
#19274 = SURFACE_STYLE_FILL_AREA(#19275);
#19275 = FILL_AREA_STYLE('',(#19276));
#19276 = FILL_AREA_STYLE_COLOUR('',#17025);
#19277 = CURVE_STYLE('',#19278,POSITIVE_LENGTH_MEASURE(0.1),#17025);
#19278 = DRAUGHTING_PRE_DEFINED_CURVE_FONT('continuous');
#19279 = OVER_RIDING_STYLED_ITEM('overriding color',(#19280),#11775,
  #19270);
#19280 = PRESENTATION_STYLE_ASSIGNMENT((#19281,#19286));
#19281 = SURFACE_STYLE_USAGE(.BOTH.,#19282);
#19282 = SURFACE_SIDE_STYLE('',(#19283));
#19283 = SURFACE_STYLE_FILL_AREA(#19284);
#19284 = FILL_AREA_STYLE('',(#19285));
#19285 = FILL_AREA_STYLE_COLOUR('',#17098);
#19286 = CURVE_STYLE('',#19287,POSITIVE_LENGTH_MEASURE(0.1),#17098);
#19287 = DRAUGHTING_PRE_DEFINED_CURVE_FONT('continuous');
#19288 = STYLED_ITEM('color',(#19289),#11785);
#19289 = PRESENTATION_STYLE_ASSIGNMENT((#19290,#19295));
#19290 = SURFACE_STYLE_USAGE(.BOTH.,#19291);
#19291 = SURFACE_SIDE_STYLE('',(#19292));
#19292 = SURFACE_STYLE_FILL_AREA(#19293);
#19293 = FILL_AREA_STYLE('',(#19294));
#19294 = FILL_AREA_STYLE_COLOUR('',#17025);
#19295 = CURVE_STYLE('',#19296,POSITIVE_LENGTH_MEASURE(0.1),#17025);
#19296 = DRAUGHTING_PRE_DEFINED_CURVE_FONT('continuous');
#19297 = OVER_RIDING_STYLED_ITEM('overriding color',(#19298),#11790,
  #19288);
#19298 = PRESENTATION_STYLE_ASSIGNMENT((#19299,#19304));
#19299 = SURFACE_STYLE_USAGE(.BOTH.,#19300);
#19300 = SURFACE_SIDE_STYLE('',(#19301));
#19301 = SURFACE_STYLE_FILL_AREA(#19302);
#19302 = FILL_AREA_STYLE('',(#19303));
#19303 = FILL_AREA_STYLE_COLOUR('',#17098);
#19304 = CURVE_STYLE('',#19305,POSITIVE_LENGTH_MEASURE(0.1),#17098);
#19305 = DRAUGHTING_PRE_DEFINED_CURVE_FONT('continuous');
#19306 = STYLED_ITEM('color',(#19307),#11802);
#19307 = PRESENTATION_STYLE_ASSIGNMENT((#19308,#19313));
#19308 = SURFACE_STYLE_USAGE(.BOTH.,#19309);
#19309 = SURFACE_SIDE_STYLE('',(#19310));
#19310 = SURFACE_STYLE_FILL_AREA(#19311);
#19311 = FILL_AREA_STYLE('',(#19312));
#19312 = FILL_AREA_STYLE_COLOUR('',#17098);
#19313 = CURVE_STYLE('',#19314,POSITIVE_LENGTH_MEASURE(0.1),#17098);
#19314 = DRAUGHTING_PRE_DEFINED_CURVE_FONT('continuous');
#19315 = STYLED_ITEM('color',(#19316),#11851);
#19316 = PRESENTATION_STYLE_ASSIGNMENT((#19317,#19322));
#19317 = SURFACE_STYLE_USAGE(.BOTH.,#19318);
#19318 = SURFACE_SIDE_STYLE('',(#19319));
#19319 = SURFACE_STYLE_FILL_AREA(#19320);
#19320 = FILL_AREA_STYLE('',(#19321));
#19321 = FILL_AREA_STYLE_COLOUR('',#17098);
#19322 = CURVE_STYLE('',#19323,POSITIVE_LENGTH_MEASURE(0.1),#17098);
#19323 = DRAUGHTING_PRE_DEFINED_CURVE_FONT('continuous');
#19324 = STYLED_ITEM('color',(#19325),#11875);
#19325 = PRESENTATION_STYLE_ASSIGNMENT((#19326,#19331));
#19326 = SURFACE_STYLE_USAGE(.BOTH.,#19327);
#19327 = SURFACE_SIDE_STYLE('',(#19328));
#19328 = SURFACE_STYLE_FILL_AREA(#19329);
#19329 = FILL_AREA_STYLE('',(#19330));
#19330 = FILL_AREA_STYLE_COLOUR('',#17098);
#19331 = CURVE_STYLE('',#19332,POSITIVE_LENGTH_MEASURE(0.1),#17098);
#19332 = DRAUGHTING_PRE_DEFINED_CURVE_FONT('continuous');
#19333 = STYLED_ITEM('color',(#19334),#11917);
#19334 = PRESENTATION_STYLE_ASSIGNMENT((#19335,#19340));
#19335 = SURFACE_STYLE_USAGE(.BOTH.,#19336);
#19336 = SURFACE_SIDE_STYLE('',(#19337));
#19337 = SURFACE_STYLE_FILL_AREA(#19338);
#19338 = FILL_AREA_STYLE('',(#19339));
#19339 = FILL_AREA_STYLE_COLOUR('',#17098);
#19340 = CURVE_STYLE('',#19341,POSITIVE_LENGTH_MEASURE(0.1),#17098);
#19341 = DRAUGHTING_PRE_DEFINED_CURVE_FONT('continuous');
#19342 = STYLED_ITEM('color',(#19343),#11934);
#19343 = PRESENTATION_STYLE_ASSIGNMENT((#19344,#19349));
#19344 = SURFACE_STYLE_USAGE(.BOTH.,#19345);
#19345 = SURFACE_SIDE_STYLE('',(#19346));
#19346 = SURFACE_STYLE_FILL_AREA(#19347);
#19347 = FILL_AREA_STYLE('',(#19348));
#19348 = FILL_AREA_STYLE_COLOUR('',#17098);
#19349 = CURVE_STYLE('',#19350,POSITIVE_LENGTH_MEASURE(0.1),#17098);
#19350 = DRAUGHTING_PRE_DEFINED_CURVE_FONT('continuous');
#19351 = STYLED_ITEM('color',(#19352),#11951);
#19352 = PRESENTATION_STYLE_ASSIGNMENT((#19353,#19358));
#19353 = SURFACE_STYLE_USAGE(.BOTH.,#19354);
#19354 = SURFACE_SIDE_STYLE('',(#19355));
#19355 = SURFACE_STYLE_FILL_AREA(#19356);
#19356 = FILL_AREA_STYLE('',(#19357));
#19357 = FILL_AREA_STYLE_COLOUR('',#17098);
#19358 = CURVE_STYLE('',#19359,POSITIVE_LENGTH_MEASURE(0.1),#17098);
#19359 = DRAUGHTING_PRE_DEFINED_CURVE_FONT('continuous');
#19360 = STYLED_ITEM('color',(#19361),#11968);
#19361 = PRESENTATION_STYLE_ASSIGNMENT((#19362,#19367));
#19362 = SURFACE_STYLE_USAGE(.BOTH.,#19363);
#19363 = SURFACE_SIDE_STYLE('',(#19364));
#19364 = SURFACE_STYLE_FILL_AREA(#19365);
#19365 = FILL_AREA_STYLE('',(#19366));
#19366 = FILL_AREA_STYLE_COLOUR('',#17098);
#19367 = CURVE_STYLE('',#19368,POSITIVE_LENGTH_MEASURE(0.1),#17098);
#19368 = DRAUGHTING_PRE_DEFINED_CURVE_FONT('continuous');
#19369 = STYLED_ITEM('color',(#19370),#11980);
#19370 = PRESENTATION_STYLE_ASSIGNMENT((#19371,#19376));
#19371 = SURFACE_STYLE_USAGE(.BOTH.,#19372);
#19372 = SURFACE_SIDE_STYLE('',(#19373));
#19373 = SURFACE_STYLE_FILL_AREA(#19374);
#19374 = FILL_AREA_STYLE('',(#19375));
#19375 = FILL_AREA_STYLE_COLOUR('',#17098);
#19376 = CURVE_STYLE('',#19377,POSITIVE_LENGTH_MEASURE(0.1),#17098);
#19377 = DRAUGHTING_PRE_DEFINED_CURVE_FONT('continuous');
#19378 = STYLED_ITEM('color',(#19379),#11997);
#19379 = PRESENTATION_STYLE_ASSIGNMENT((#19380,#19385));
#19380 = SURFACE_STYLE_USAGE(.BOTH.,#19381);
#19381 = SURFACE_SIDE_STYLE('',(#19382));
#19382 = SURFACE_STYLE_FILL_AREA(#19383);
#19383 = FILL_AREA_STYLE('',(#19384));
#19384 = FILL_AREA_STYLE_COLOUR('',#17098);
#19385 = CURVE_STYLE('',#19386,POSITIVE_LENGTH_MEASURE(0.1),#17098);
#19386 = DRAUGHTING_PRE_DEFINED_CURVE_FONT('continuous');
#19387 = STYLED_ITEM('color',(#19388),#12014);
#19388 = PRESENTATION_STYLE_ASSIGNMENT((#19389,#19394));
#19389 = SURFACE_STYLE_USAGE(.BOTH.,#19390);
#19390 = SURFACE_SIDE_STYLE('',(#19391));
#19391 = SURFACE_STYLE_FILL_AREA(#19392);
#19392 = FILL_AREA_STYLE('',(#19393));
#19393 = FILL_AREA_STYLE_COLOUR('',#17098);
#19394 = CURVE_STYLE('',#19395,POSITIVE_LENGTH_MEASURE(0.1),#17098);
#19395 = DRAUGHTING_PRE_DEFINED_CURVE_FONT('continuous');
#19396 = STYLED_ITEM('color',(#19397),#12026);
#19397 = PRESENTATION_STYLE_ASSIGNMENT((#19398,#19403));
#19398 = SURFACE_STYLE_USAGE(.BOTH.,#19399);
#19399 = SURFACE_SIDE_STYLE('',(#19400));
#19400 = SURFACE_STYLE_FILL_AREA(#19401);
#19401 = FILL_AREA_STYLE('',(#19402));
#19402 = FILL_AREA_STYLE_COLOUR('',#17098);
#19403 = CURVE_STYLE('',#19404,POSITIVE_LENGTH_MEASURE(0.1),#17098);
#19404 = DRAUGHTING_PRE_DEFINED_CURVE_FONT('continuous');
#19405 = STYLED_ITEM('color',(#19406),#12043);
#19406 = PRESENTATION_STYLE_ASSIGNMENT((#19407,#19412));
#19407 = SURFACE_STYLE_USAGE(.BOTH.,#19408);
#19408 = SURFACE_SIDE_STYLE('',(#19409));
#19409 = SURFACE_STYLE_FILL_AREA(#19410);
#19410 = FILL_AREA_STYLE('',(#19411));
#19411 = FILL_AREA_STYLE_COLOUR('',#17098);
#19412 = CURVE_STYLE('',#19413,POSITIVE_LENGTH_MEASURE(0.1),#17098);
#19413 = DRAUGHTING_PRE_DEFINED_CURVE_FONT('continuous');
#19414 = STYLED_ITEM('color',(#19415),#12060);
#19415 = PRESENTATION_STYLE_ASSIGNMENT((#19416,#19421));
#19416 = SURFACE_STYLE_USAGE(.BOTH.,#19417);
#19417 = SURFACE_SIDE_STYLE('',(#19418));
#19418 = SURFACE_STYLE_FILL_AREA(#19419);
#19419 = FILL_AREA_STYLE('',(#19420));
#19420 = FILL_AREA_STYLE_COLOUR('',#17098);
#19421 = CURVE_STYLE('',#19422,POSITIVE_LENGTH_MEASURE(0.1),#17098);
#19422 = DRAUGHTING_PRE_DEFINED_CURVE_FONT('continuous');
#19423 = STYLED_ITEM('color',(#19424),#12072);
#19424 = PRESENTATION_STYLE_ASSIGNMENT((#19425,#19430));
#19425 = SURFACE_STYLE_USAGE(.BOTH.,#19426);
#19426 = SURFACE_SIDE_STYLE('',(#19427));
#19427 = SURFACE_STYLE_FILL_AREA(#19428);
#19428 = FILL_AREA_STYLE('',(#19429));
#19429 = FILL_AREA_STYLE_COLOUR('',#17098);
#19430 = CURVE_STYLE('',#19431,POSITIVE_LENGTH_MEASURE(0.1),#17098);
#19431 = DRAUGHTING_PRE_DEFINED_CURVE_FONT('continuous');
#19432 = STYLED_ITEM('color',(#19433),#12089);
#19433 = PRESENTATION_STYLE_ASSIGNMENT((#19434,#19439));
#19434 = SURFACE_STYLE_USAGE(.BOTH.,#19435);
#19435 = SURFACE_SIDE_STYLE('',(#19436));
#19436 = SURFACE_STYLE_FILL_AREA(#19437);
#19437 = FILL_AREA_STYLE('',(#19438));
#19438 = FILL_AREA_STYLE_COLOUR('',#17098);
#19439 = CURVE_STYLE('',#19440,POSITIVE_LENGTH_MEASURE(0.1),#17098);
#19440 = DRAUGHTING_PRE_DEFINED_CURVE_FONT('continuous');
#19441 = STYLED_ITEM('color',(#19442),#12106);
#19442 = PRESENTATION_STYLE_ASSIGNMENT((#19443,#19448));
#19443 = SURFACE_STYLE_USAGE(.BOTH.,#19444);
#19444 = SURFACE_SIDE_STYLE('',(#19445));
#19445 = SURFACE_STYLE_FILL_AREA(#19446);
#19446 = FILL_AREA_STYLE('',(#19447));
#19447 = FILL_AREA_STYLE_COLOUR('',#17098);
#19448 = CURVE_STYLE('',#19449,POSITIVE_LENGTH_MEASURE(0.1),#17098);
#19449 = DRAUGHTING_PRE_DEFINED_CURVE_FONT('continuous');
#19450 = STYLED_ITEM('color',(#19451),#12118);
#19451 = PRESENTATION_STYLE_ASSIGNMENT((#19452,#19457));
#19452 = SURFACE_STYLE_USAGE(.BOTH.,#19453);
#19453 = SURFACE_SIDE_STYLE('',(#19454));
#19454 = SURFACE_STYLE_FILL_AREA(#19455);
#19455 = FILL_AREA_STYLE('',(#19456));
#19456 = FILL_AREA_STYLE_COLOUR('',#17098);
#19457 = CURVE_STYLE('',#19458,POSITIVE_LENGTH_MEASURE(0.1),#17098);
#19458 = DRAUGHTING_PRE_DEFINED_CURVE_FONT('continuous');
#19459 = STYLED_ITEM('color',(#19460),#12135);
#19460 = PRESENTATION_STYLE_ASSIGNMENT((#19461,#19466));
#19461 = SURFACE_STYLE_USAGE(.BOTH.,#19462);
#19462 = SURFACE_SIDE_STYLE('',(#19463));
#19463 = SURFACE_STYLE_FILL_AREA(#19464);
#19464 = FILL_AREA_STYLE('',(#19465));
#19465 = FILL_AREA_STYLE_COLOUR('',#17098);
#19466 = CURVE_STYLE('',#19467,POSITIVE_LENGTH_MEASURE(0.1),#17098);
#19467 = DRAUGHTING_PRE_DEFINED_CURVE_FONT('continuous');
#19468 = STYLED_ITEM('color',(#19469),#12152);
#19469 = PRESENTATION_STYLE_ASSIGNMENT((#19470,#19475));
#19470 = SURFACE_STYLE_USAGE(.BOTH.,#19471);
#19471 = SURFACE_SIDE_STYLE('',(#19472));
#19472 = SURFACE_STYLE_FILL_AREA(#19473);
#19473 = FILL_AREA_STYLE('',(#19474));
#19474 = FILL_AREA_STYLE_COLOUR('',#17098);
#19475 = CURVE_STYLE('',#19476,POSITIVE_LENGTH_MEASURE(0.1),#17098);
#19476 = DRAUGHTING_PRE_DEFINED_CURVE_FONT('continuous');
#19477 = STYLED_ITEM('color',(#19478),#12164);
#19478 = PRESENTATION_STYLE_ASSIGNMENT((#19479,#19484));
#19479 = SURFACE_STYLE_USAGE(.BOTH.,#19480);
#19480 = SURFACE_SIDE_STYLE('',(#19481));
#19481 = SURFACE_STYLE_FILL_AREA(#19482);
#19482 = FILL_AREA_STYLE('',(#19483));
#19483 = FILL_AREA_STYLE_COLOUR('',#17098);
#19484 = CURVE_STYLE('',#19485,POSITIVE_LENGTH_MEASURE(0.1),#17098);
#19485 = DRAUGHTING_PRE_DEFINED_CURVE_FONT('continuous');
#19486 = STYLED_ITEM('color',(#19487),#12181);
#19487 = PRESENTATION_STYLE_ASSIGNMENT((#19488,#19493));
#19488 = SURFACE_STYLE_USAGE(.BOTH.,#19489);
#19489 = SURFACE_SIDE_STYLE('',(#19490));
#19490 = SURFACE_STYLE_FILL_AREA(#19491);
#19491 = FILL_AREA_STYLE('',(#19492));
#19492 = FILL_AREA_STYLE_COLOUR('',#17098);
#19493 = CURVE_STYLE('',#19494,POSITIVE_LENGTH_MEASURE(0.1),#17098);
#19494 = DRAUGHTING_PRE_DEFINED_CURVE_FONT('continuous');
#19495 = STYLED_ITEM('color',(#19496),#12198);
#19496 = PRESENTATION_STYLE_ASSIGNMENT((#19497,#19502));
#19497 = SURFACE_STYLE_USAGE(.BOTH.,#19498);
#19498 = SURFACE_SIDE_STYLE('',(#19499));
#19499 = SURFACE_STYLE_FILL_AREA(#19500);
#19500 = FILL_AREA_STYLE('',(#19501));
#19501 = FILL_AREA_STYLE_COLOUR('',#17098);
#19502 = CURVE_STYLE('',#19503,POSITIVE_LENGTH_MEASURE(0.1),#17098);
#19503 = DRAUGHTING_PRE_DEFINED_CURVE_FONT('continuous');
#19504 = STYLED_ITEM('color',(#19505),#12210);
#19505 = PRESENTATION_STYLE_ASSIGNMENT((#19506,#19511));
#19506 = SURFACE_STYLE_USAGE(.BOTH.,#19507);
#19507 = SURFACE_SIDE_STYLE('',(#19508));
#19508 = SURFACE_STYLE_FILL_AREA(#19509);
#19509 = FILL_AREA_STYLE('',(#19510));
#19510 = FILL_AREA_STYLE_COLOUR('',#17098);
#19511 = CURVE_STYLE('',#19512,POSITIVE_LENGTH_MEASURE(0.1),#17098);
#19512 = DRAUGHTING_PRE_DEFINED_CURVE_FONT('continuous');
#19513 = STYLED_ITEM('color',(#19514),#12227);
#19514 = PRESENTATION_STYLE_ASSIGNMENT((#19515,#19520));
#19515 = SURFACE_STYLE_USAGE(.BOTH.,#19516);
#19516 = SURFACE_SIDE_STYLE('',(#19517));
#19517 = SURFACE_STYLE_FILL_AREA(#19518);
#19518 = FILL_AREA_STYLE('',(#19519));
#19519 = FILL_AREA_STYLE_COLOUR('',#17098);
#19520 = CURVE_STYLE('',#19521,POSITIVE_LENGTH_MEASURE(0.1),#17098);
#19521 = DRAUGHTING_PRE_DEFINED_CURVE_FONT('continuous');
#19522 = STYLED_ITEM('color',(#19523),#12244);
#19523 = PRESENTATION_STYLE_ASSIGNMENT((#19524,#19529));
#19524 = SURFACE_STYLE_USAGE(.BOTH.,#19525);
#19525 = SURFACE_SIDE_STYLE('',(#19526));
#19526 = SURFACE_STYLE_FILL_AREA(#19527);
#19527 = FILL_AREA_STYLE('',(#19528));
#19528 = FILL_AREA_STYLE_COLOUR('',#17098);
#19529 = CURVE_STYLE('',#19530,POSITIVE_LENGTH_MEASURE(0.1),#17098);
#19530 = DRAUGHTING_PRE_DEFINED_CURVE_FONT('continuous');
#19531 = STYLED_ITEM('color',(#19532),#12256);
#19532 = PRESENTATION_STYLE_ASSIGNMENT((#19533,#19538));
#19533 = SURFACE_STYLE_USAGE(.BOTH.,#19534);
#19534 = SURFACE_SIDE_STYLE('',(#19535));
#19535 = SURFACE_STYLE_FILL_AREA(#19536);
#19536 = FILL_AREA_STYLE('',(#19537));
#19537 = FILL_AREA_STYLE_COLOUR('',#17098);
#19538 = CURVE_STYLE('',#19539,POSITIVE_LENGTH_MEASURE(0.1),#17098);
#19539 = DRAUGHTING_PRE_DEFINED_CURVE_FONT('continuous');
#19540 = STYLED_ITEM('color',(#19541),#12273);
#19541 = PRESENTATION_STYLE_ASSIGNMENT((#19542,#19547));
#19542 = SURFACE_STYLE_USAGE(.BOTH.,#19543);
#19543 = SURFACE_SIDE_STYLE('',(#19544));
#19544 = SURFACE_STYLE_FILL_AREA(#19545);
#19545 = FILL_AREA_STYLE('',(#19546));
#19546 = FILL_AREA_STYLE_COLOUR('',#17098);
#19547 = CURVE_STYLE('',#19548,POSITIVE_LENGTH_MEASURE(0.1),#17098);
#19548 = DRAUGHTING_PRE_DEFINED_CURVE_FONT('continuous');
#19549 = STYLED_ITEM('color',(#19550),#12290);
#19550 = PRESENTATION_STYLE_ASSIGNMENT((#19551,#19556));
#19551 = SURFACE_STYLE_USAGE(.BOTH.,#19552);
#19552 = SURFACE_SIDE_STYLE('',(#19553));
#19553 = SURFACE_STYLE_FILL_AREA(#19554);
#19554 = FILL_AREA_STYLE('',(#19555));
#19555 = FILL_AREA_STYLE_COLOUR('',#17098);
#19556 = CURVE_STYLE('',#19557,POSITIVE_LENGTH_MEASURE(0.1),#17098);
#19557 = DRAUGHTING_PRE_DEFINED_CURVE_FONT('continuous');
#19558 = MECHANICAL_DESIGN_GEOMETRIC_PRESENTATION_REPRESENTATION('',(
    #19559),#15799);
#19559 = STYLED_ITEM('color',(#19560),#14793);
#19560 = PRESENTATION_STYLE_ASSIGNMENT((#19561));
#19561 = SURFACE_STYLE_USAGE(.BOTH.,#19562);
#19562 = SURFACE_SIDE_STYLE('',(#19563));
#19563 = SURFACE_STYLE_FILL_AREA(#19564);
#19564 = FILL_AREA_STYLE('',(#19565));
#19565 = FILL_AREA_STYLE_COLOUR('',#19566);
#19566 = COLOUR_RGB('',0.313304153717,0.484529207832,0.410020903123);
#19567 = MECHANICAL_DESIGN_GEOMETRIC_PRESENTATION_REPRESENTATION('',(
    #19568,#19578,#19587,#19596,#19605,#19614,#19623,#19632,#19641,
    #19650,#19659,#19668,#19677,#19686),#14774);
#19568 = STYLED_ITEM('color',(#19569),#12323);
#19569 = PRESENTATION_STYLE_ASSIGNMENT((#19570));
#19570 = SURFACE_STYLE_USAGE(.BOTH.,#19571);
#19571 = SURFACE_SIDE_STYLE('',(#19572,#19576));
#19572 = SURFACE_STYLE_FILL_AREA(#19573);
#19573 = FILL_AREA_STYLE('',(#19574));
#19574 = FILL_AREA_STYLE_COLOUR('',#19575);
#19575 = DRAUGHTING_PRE_DEFINED_COLOUR('white');
#19576 = SURFACE_STYLE_RENDERING_WITH_PROPERTIES(.NORMAL_SHADING.,#19575
  ,(#19577));
#19577 = SURFACE_STYLE_TRANSPARENT(0.100000023842);
#19578 = STYLED_ITEM('color',(#19579),#12681);
#19579 = PRESENTATION_STYLE_ASSIGNMENT((#19580));
#19580 = SURFACE_STYLE_USAGE(.BOTH.,#19581);
#19581 = SURFACE_SIDE_STYLE('',(#19582,#19585));
#19582 = SURFACE_STYLE_FILL_AREA(#19583);
#19583 = FILL_AREA_STYLE('',(#19584));
#19584 = FILL_AREA_STYLE_COLOUR('',#19575);
#19585 = SURFACE_STYLE_RENDERING_WITH_PROPERTIES(.NORMAL_SHADING.,#19575
  ,(#19586));
#19586 = SURFACE_STYLE_TRANSPARENT(0.100000023842);
#19587 = STYLED_ITEM('color',(#19588),#12954);
#19588 = PRESENTATION_STYLE_ASSIGNMENT((#19589));
#19589 = SURFACE_STYLE_USAGE(.BOTH.,#19590);
#19590 = SURFACE_SIDE_STYLE('',(#19591,#19594));
#19591 = SURFACE_STYLE_FILL_AREA(#19592);
#19592 = FILL_AREA_STYLE('',(#19593));
#19593 = FILL_AREA_STYLE_COLOUR('',#19575);
#19594 = SURFACE_STYLE_RENDERING_WITH_PROPERTIES(.NORMAL_SHADING.,#19575
  ,(#19595));
#19595 = SURFACE_STYLE_TRANSPARENT(0.100000023842);
#19596 = STYLED_ITEM('color',(#19597),#13227);
#19597 = PRESENTATION_STYLE_ASSIGNMENT((#19598));
#19598 = SURFACE_STYLE_USAGE(.BOTH.,#19599);
#19599 = SURFACE_SIDE_STYLE('',(#19600,#19603));
#19600 = SURFACE_STYLE_FILL_AREA(#19601);
#19601 = FILL_AREA_STYLE('',(#19602));
#19602 = FILL_AREA_STYLE_COLOUR('',#19575);
#19603 = SURFACE_STYLE_RENDERING_WITH_PROPERTIES(.NORMAL_SHADING.,#19575
  ,(#19604));
#19604 = SURFACE_STYLE_TRANSPARENT(0.100000023842);
#19605 = STYLED_ITEM('color',(#19606),#13564);
#19606 = PRESENTATION_STYLE_ASSIGNMENT((#19607));
#19607 = SURFACE_STYLE_USAGE(.BOTH.,#19608);
#19608 = SURFACE_SIDE_STYLE('',(#19609,#19612));
#19609 = SURFACE_STYLE_FILL_AREA(#19610);
#19610 = FILL_AREA_STYLE('',(#19611));
#19611 = FILL_AREA_STYLE_COLOUR('',#19575);
#19612 = SURFACE_STYLE_RENDERING_WITH_PROPERTIES(.NORMAL_SHADING.,#19575
  ,(#19613));
#19613 = SURFACE_STYLE_TRANSPARENT(0.100000023842);
#19614 = STYLED_ITEM('color',(#19615),#13838);
#19615 = PRESENTATION_STYLE_ASSIGNMENT((#19616));
#19616 = SURFACE_STYLE_USAGE(.BOTH.,#19617);
#19617 = SURFACE_SIDE_STYLE('',(#19618,#19621));
#19618 = SURFACE_STYLE_FILL_AREA(#19619);
#19619 = FILL_AREA_STYLE('',(#19620));
#19620 = FILL_AREA_STYLE_COLOUR('',#19575);
#19621 = SURFACE_STYLE_RENDERING_WITH_PROPERTIES(.NORMAL_SHADING.,#19575
  ,(#19622));
#19622 = SURFACE_STYLE_TRANSPARENT(0.100000023842);
#19623 = STYLED_ITEM('color',(#19624),#13915);
#19624 = PRESENTATION_STYLE_ASSIGNMENT((#19625));
#19625 = SURFACE_STYLE_USAGE(.BOTH.,#19626);
#19626 = SURFACE_SIDE_STYLE('',(#19627,#19630));
#19627 = SURFACE_STYLE_FILL_AREA(#19628);
#19628 = FILL_AREA_STYLE('',(#19629));
#19629 = FILL_AREA_STYLE_COLOUR('',#19575);
#19630 = SURFACE_STYLE_RENDERING_WITH_PROPERTIES(.NORMAL_SHADING.,#19575
  ,(#19631));
#19631 = SURFACE_STYLE_TRANSPARENT(0.100000023842);
#19632 = STYLED_ITEM('color',(#19633),#14115);
#19633 = PRESENTATION_STYLE_ASSIGNMENT((#19634));
#19634 = SURFACE_STYLE_USAGE(.BOTH.,#19635);
#19635 = SURFACE_SIDE_STYLE('',(#19636,#19639));
#19636 = SURFACE_STYLE_FILL_AREA(#19637);
#19637 = FILL_AREA_STYLE('',(#19638));
#19638 = FILL_AREA_STYLE_COLOUR('',#19575);
#19639 = SURFACE_STYLE_RENDERING_WITH_PROPERTIES(.NORMAL_SHADING.,#19575
  ,(#19640));
#19640 = SURFACE_STYLE_TRANSPARENT(0.100000023842);
#19641 = STYLED_ITEM('color',(#19642),#14258);
#19642 = PRESENTATION_STYLE_ASSIGNMENT((#19643));
#19643 = SURFACE_STYLE_USAGE(.BOTH.,#19644);
#19644 = SURFACE_SIDE_STYLE('',(#19645,#19648));
#19645 = SURFACE_STYLE_FILL_AREA(#19646);
#19646 = FILL_AREA_STYLE('',(#19647));
#19647 = FILL_AREA_STYLE_COLOUR('',#19575);
#19648 = SURFACE_STYLE_RENDERING_WITH_PROPERTIES(.NORMAL_SHADING.,#19575
  ,(#19649));
#19649 = SURFACE_STYLE_TRANSPARENT(0.100000023842);
#19650 = STYLED_ITEM('color',(#19651),#14360);
#19651 = PRESENTATION_STYLE_ASSIGNMENT((#19652));
#19652 = SURFACE_STYLE_USAGE(.BOTH.,#19653);
#19653 = SURFACE_SIDE_STYLE('',(#19654,#19657));
#19654 = SURFACE_STYLE_FILL_AREA(#19655);
#19655 = FILL_AREA_STYLE('',(#19656));
#19656 = FILL_AREA_STYLE_COLOUR('',#19575);
#19657 = SURFACE_STYLE_RENDERING_WITH_PROPERTIES(.NORMAL_SHADING.,#19575
  ,(#19658));
#19658 = SURFACE_STYLE_TRANSPARENT(0.100000023842);
#19659 = STYLED_ITEM('color',(#19660),#14454);
#19660 = PRESENTATION_STYLE_ASSIGNMENT((#19661));
#19661 = SURFACE_STYLE_USAGE(.BOTH.,#19662);
#19662 = SURFACE_SIDE_STYLE('',(#19663,#19666));
#19663 = SURFACE_STYLE_FILL_AREA(#19664);
#19664 = FILL_AREA_STYLE('',(#19665));
#19665 = FILL_AREA_STYLE_COLOUR('',#19575);
#19666 = SURFACE_STYLE_RENDERING_WITH_PROPERTIES(.NORMAL_SHADING.,#19575
  ,(#19667));
#19667 = SURFACE_STYLE_TRANSPARENT(0.100000023842);
#19668 = STYLED_ITEM('color',(#19669),#14473);
#19669 = PRESENTATION_STYLE_ASSIGNMENT((#19670));
#19670 = SURFACE_STYLE_USAGE(.BOTH.,#19671);
#19671 = SURFACE_SIDE_STYLE('',(#19672,#19675));
#19672 = SURFACE_STYLE_FILL_AREA(#19673);
#19673 = FILL_AREA_STYLE('',(#19674));
#19674 = FILL_AREA_STYLE_COLOUR('',#19575);
#19675 = SURFACE_STYLE_RENDERING_WITH_PROPERTIES(.NORMAL_SHADING.,#19575
  ,(#19676));
#19676 = SURFACE_STYLE_TRANSPARENT(0.100000023842);
#19677 = STYLED_ITEM('color',(#19678),#14615);
#19678 = PRESENTATION_STYLE_ASSIGNMENT((#19679));
#19679 = SURFACE_STYLE_USAGE(.BOTH.,#19680);
#19680 = SURFACE_SIDE_STYLE('',(#19681,#19684));
#19681 = SURFACE_STYLE_FILL_AREA(#19682);
#19682 = FILL_AREA_STYLE('',(#19683));
#19683 = FILL_AREA_STYLE_COLOUR('',#19575);
#19684 = SURFACE_STYLE_RENDERING_WITH_PROPERTIES(.NORMAL_SHADING.,#19575
  ,(#19685));
#19685 = SURFACE_STYLE_TRANSPARENT(0.100000023842);
#19686 = STYLED_ITEM('color',(#19687),#14757);
#19687 = PRESENTATION_STYLE_ASSIGNMENT((#19688));
#19688 = SURFACE_STYLE_USAGE(.BOTH.,#19689);
#19689 = SURFACE_SIDE_STYLE('',(#19690,#19693));
#19690 = SURFACE_STYLE_FILL_AREA(#19691);
#19691 = FILL_AREA_STYLE('',(#19692));
#19692 = FILL_AREA_STYLE_COLOUR('',#19575);
#19693 = SURFACE_STYLE_RENDERING_WITH_PROPERTIES(.NORMAL_SHADING.,#19575
  ,(#19694));
#19694 = SURFACE_STYLE_TRANSPARENT(0.100000023842);
ENDSEC;
END-ISO-10303-21;
