ISO-10303-21;
HEADER;
/* Generated by software containing ST-Developer
 * from STEP Tools, Inc. (www.steptools.com) 
 */

FILE_DESCRIPTION(
/* description */ (''),
/* implementation_level */ '2;1');

FILE_NAME(
/* name */ 'Fuse holder BX503-35.step',
/* time_stamp */ '2024-02-26T15:27:33+01:00',
/* author */ (''),
/* organization */ (''),
/* preprocessor_version */ 'ST-DEVELOPER v20',
/* originating_system */ 'Autodesk Translation Framework v12.20.1.177',

/* authorisation */ '');

FILE_SCHEMA (('AUTOMOTIVE_DESIGN { 1 0 10303 214 3 1 1 }'));
ENDSEC;

DATA;
#10=MECHANICAL_DESIGN_GEOMETRIC_PRESENTATION_REPRESENTATION('',(#107,#108,
#109,#110,#111,#112,#113),#2695);
#11=ITEM_DEFINED_TRANSFORMATION($,$,#1621,#1766);
#12=ITEM_DEFINED_TRANSFORMATION($,$,#1628,#1767);
#13=ITEM_DEFINED_TRANSFORMATION($,$,#1697,#1768);
#14=(
REPRESENTATION_RELATIONSHIP($,$,#2712,#2711)
REPRESENTATION_RELATIONSHIP_WITH_TRANSFORMATION(#11)
SHAPE_REPRESENTATION_RELATIONSHIP()
);
#15=(
REPRESENTATION_RELATIONSHIP($,$,#2713,#2711)
REPRESENTATION_RELATIONSHIP_WITH_TRANSFORMATION(#12)
SHAPE_REPRESENTATION_RELATIONSHIP()
);
#16=(
REPRESENTATION_RELATIONSHIP($,$,#2714,#2711)
REPRESENTATION_RELATIONSHIP_WITH_TRANSFORMATION(#13)
SHAPE_REPRESENTATION_RELATIONSHIP()
);
#17=CONTEXT_DEPENDENT_SHAPE_REPRESENTATION(#14,#2708);
#18=CONTEXT_DEPENDENT_SHAPE_REPRESENTATION(#15,#2709);
#19=CONTEXT_DEPENDENT_SHAPE_REPRESENTATION(#16,#2710);
#20=NEXT_ASSEMBLY_USAGE_OCCURRENCE('plate:1','plate:1','plate:1',#2716,
#2717,'plate:1');
#21=NEXT_ASSEMBLY_USAGE_OCCURRENCE('terminal:1','terminal:1',
'terminal:1',#2716,#2718,'terminal:1');
#22=NEXT_ASSEMBLY_USAGE_OCCURRENCE('terminal(Mirror):1',
'terminal(Mirror):1','terminal(Mirror):1',#2716,#2719,
'terminal(Mirror):1');
#23=TOROIDAL_SURFACE('',#1653,0.918014825032382,0.1);
#24=TOROIDAL_SURFACE('',#1657,0.918014825032382,0.1);
#25=TOROIDAL_SURFACE('',#1702,0.918014825032382,0.1);
#26=TOROIDAL_SURFACE('',#1714,0.918014825032382,0.1);
#27=ELLIPSE('',#1641,0.14142135623731,0.1);
#28=ELLIPSE('',#1642,0.14142135623731,0.1);
#29=ELLIPSE('',#1645,0.14142135623731,0.1);
#30=ELLIPSE('',#1646,0.14142135623731,0.1);
#31=ELLIPSE('',#1648,0.14142135623731,0.1);
#32=ELLIPSE('',#1649,0.141421356237309,0.1);
#33=ELLIPSE('',#1674,1.15684765978305,0.818014825032382);
#34=ELLIPSE('',#1695,1.15684765978305,0.818014825032382);
#35=ELLIPSE('',#1707,0.14142135623731,0.1);
#36=ELLIPSE('',#1708,0.141421356237309,0.1);
#37=ELLIPSE('',#1710,0.141421356237309,0.1);
#38=ELLIPSE('',#1711,0.14142135623731,0.1);
#39=ELLIPSE('',#1719,0.14142135623731,0.1);
#40=ELLIPSE('',#1720,0.14142135623731,0.1);
#41=ELLIPSE('',#1743,1.15684765978305,0.818014825032382);
#42=ELLIPSE('',#1764,1.15684765978305,0.818014825032382);
#43=CIRCLE('',#1631,0.818014825032382);
#44=CIRCLE('',#1632,0.818014825032382);
#45=CIRCLE('',#1637,0.818014825032382);
#46=CIRCLE('',#1638,0.818014825032382);
#47=CIRCLE('',#1644,0.1);
#48=CIRCLE('',#1651,0.1);
#49=CIRCLE('',#1652,0.1);
#50=CIRCLE('',#1654,0.1);
#51=CIRCLE('',#1655,1.01801482503238);
#52=CIRCLE('',#1658,0.1);
#53=CIRCLE('',#1659,1.01801482503238);
#54=CIRCLE('',#1664,1.01801482503238);
#55=CIRCLE('',#1669,1.01801482503238);
#56=CIRCLE('',#1677,0.818014825032382);
#57=CIRCLE('',#1679,0.818014825032382);
#58=CIRCLE('',#1686,0.818014825032382);
#59=CIRCLE('',#1693,0.818014825032382);
#60=CIRCLE('',#1699,0.1);
#61=CIRCLE('',#1701,0.1);
#62=CIRCLE('',#1703,0.1);
#63=CIRCLE('',#1704,1.01801482503238);
#64=CIRCLE('',#1705,0.818014825032382);
#65=CIRCLE('',#1713,0.1);
#66=CIRCLE('',#1715,0.1);
#67=CIRCLE('',#1716,1.01801482503238);
#68=CIRCLE('',#1717,0.818014825032382);
#69=CIRCLE('',#1724,1.01801482503238);
#70=CIRCLE('',#1729,1.01801482503238);
#71=CIRCLE('',#1734,0.818014825032382);
#72=CIRCLE('',#1739,0.818014825032382);
#73=CIRCLE('',#1746,0.818014825032382);
#74=CIRCLE('',#1748,0.818014825032382);
#75=CIRCLE('',#1755,0.818014825032382);
#76=CIRCLE('',#1762,0.818014825032382);
#77=CYLINDRICAL_SURFACE('',#1630,0.818014825032382);
#78=CYLINDRICAL_SURFACE('',#1636,0.818014825032382);
#79=CYLINDRICAL_SURFACE('',#1640,0.1);
#80=CYLINDRICAL_SURFACE('',#1643,0.1);
#81=CYLINDRICAL_SURFACE('',#1647,0.1);
#82=CYLINDRICAL_SURFACE('',#1650,0.1);
#83=CYLINDRICAL_SURFACE('',#1656,0.1);
#84=CYLINDRICAL_SURFACE('',#1660,0.1);
#85=CYLINDRICAL_SURFACE('',#1663,1.01801482503238);
#86=CYLINDRICAL_SURFACE('',#1668,1.01801482503238);
#87=CYLINDRICAL_SURFACE('',#1678,0.818014825032382);
#88=CYLINDRICAL_SURFACE('',#1694,0.818014825032382);
#89=CYLINDRICAL_SURFACE('',#1700,0.1);
#90=CYLINDRICAL_SURFACE('',#1706,0.1);
#91=CYLINDRICAL_SURFACE('',#1709,0.1);
#92=CYLINDRICAL_SURFACE('',#1712,0.1);
#93=CYLINDRICAL_SURFACE('',#1718,0.1);
#94=CYLINDRICAL_SURFACE('',#1721,0.1);
#95=CYLINDRICAL_SURFACE('',#1723,1.01801482503238);
#96=CYLINDRICAL_SURFACE('',#1728,1.01801482503238);
#97=CYLINDRICAL_SURFACE('',#1733,0.818014825032382);
#98=CYLINDRICAL_SURFACE('',#1738,0.818014825032382);
#99=CYLINDRICAL_SURFACE('',#1747,0.818014825032382);
#100=CYLINDRICAL_SURFACE('',#1763,0.818014825032382);
#101=SHAPE_REPRESENTATION_RELATIONSHIP('SRR','None',#2712,#104);
#102=SHAPE_REPRESENTATION_RELATIONSHIP('SRR','None',#2713,#105);
#103=SHAPE_REPRESENTATION_RELATIONSHIP('SRR','None',#2714,#106);
#104=ADVANCED_BREP_SHAPE_REPRESENTATION('',(#114),#2692);
#105=ADVANCED_BREP_SHAPE_REPRESENTATION('',(#115,#116,#117),#2693);
#106=ADVANCED_BREP_SHAPE_REPRESENTATION('',(#118,#119,#120),#2694);
#107=STYLED_ITEM('',(#2735),#114);
#108=STYLED_ITEM('',(#2736),#115);
#109=STYLED_ITEM('',(#2736),#116);
#110=STYLED_ITEM('',(#2736),#117);
#111=STYLED_ITEM('',(#2736),#118);
#112=STYLED_ITEM('',(#2736),#119);
#113=STYLED_ITEM('',(#2736),#120);
#114=MANIFOLD_SOLID_BREP('Body1',#1579);
#115=MANIFOLD_SOLID_BREP('Body1',#1580);
#116=MANIFOLD_SOLID_BREP('Body1',#1581);
#117=MANIFOLD_SOLID_BREP('Body1',#1582);
#118=MANIFOLD_SOLID_BREP('Body1',#1583);
#119=MANIFOLD_SOLID_BREP('Body1',#1584);
#120=MANIFOLD_SOLID_BREP('Body1',#1585);
#121=FACE_OUTER_BOUND('',#213,.T.);
#122=FACE_OUTER_BOUND('',#214,.T.);
#123=FACE_OUTER_BOUND('',#215,.T.);
#124=FACE_OUTER_BOUND('',#216,.T.);
#125=FACE_OUTER_BOUND('',#217,.T.);
#126=FACE_OUTER_BOUND('',#218,.T.);
#127=FACE_OUTER_BOUND('',#219,.T.);
#128=FACE_OUTER_BOUND('',#220,.T.);
#129=FACE_OUTER_BOUND('',#221,.T.);
#130=FACE_OUTER_BOUND('',#222,.T.);
#131=FACE_OUTER_BOUND('',#223,.T.);
#132=FACE_OUTER_BOUND('',#224,.T.);
#133=FACE_OUTER_BOUND('',#225,.T.);
#134=FACE_OUTER_BOUND('',#226,.T.);
#135=FACE_OUTER_BOUND('',#227,.T.);
#136=FACE_OUTER_BOUND('',#228,.T.);
#137=FACE_OUTER_BOUND('',#229,.T.);
#138=FACE_OUTER_BOUND('',#230,.T.);
#139=FACE_OUTER_BOUND('',#231,.T.);
#140=FACE_OUTER_BOUND('',#232,.T.);
#141=FACE_OUTER_BOUND('',#233,.T.);
#142=FACE_OUTER_BOUND('',#234,.T.);
#143=FACE_OUTER_BOUND('',#235,.T.);
#144=FACE_OUTER_BOUND('',#236,.T.);
#145=FACE_OUTER_BOUND('',#237,.T.);
#146=FACE_OUTER_BOUND('',#238,.T.);
#147=FACE_OUTER_BOUND('',#239,.T.);
#148=FACE_OUTER_BOUND('',#240,.T.);
#149=FACE_OUTER_BOUND('',#241,.T.);
#150=FACE_OUTER_BOUND('',#242,.T.);
#151=FACE_OUTER_BOUND('',#243,.T.);
#152=FACE_OUTER_BOUND('',#244,.T.);
#153=FACE_OUTER_BOUND('',#245,.T.);
#154=FACE_OUTER_BOUND('',#246,.T.);
#155=FACE_OUTER_BOUND('',#247,.T.);
#156=FACE_OUTER_BOUND('',#248,.T.);
#157=FACE_OUTER_BOUND('',#249,.T.);
#158=FACE_OUTER_BOUND('',#250,.T.);
#159=FACE_OUTER_BOUND('',#251,.T.);
#160=FACE_OUTER_BOUND('',#252,.T.);
#161=FACE_OUTER_BOUND('',#253,.T.);
#162=FACE_OUTER_BOUND('',#254,.T.);
#163=FACE_OUTER_BOUND('',#255,.T.);
#164=FACE_OUTER_BOUND('',#256,.T.);
#165=FACE_OUTER_BOUND('',#257,.T.);
#166=FACE_OUTER_BOUND('',#258,.T.);
#167=FACE_OUTER_BOUND('',#259,.T.);
#168=FACE_OUTER_BOUND('',#260,.T.);
#169=FACE_OUTER_BOUND('',#261,.T.);
#170=FACE_OUTER_BOUND('',#262,.T.);
#171=FACE_OUTER_BOUND('',#263,.T.);
#172=FACE_OUTER_BOUND('',#264,.T.);
#173=FACE_OUTER_BOUND('',#265,.T.);
#174=FACE_OUTER_BOUND('',#266,.T.);
#175=FACE_OUTER_BOUND('',#267,.T.);
#176=FACE_OUTER_BOUND('',#268,.T.);
#177=FACE_OUTER_BOUND('',#269,.T.);
#178=FACE_OUTER_BOUND('',#270,.T.);
#179=FACE_OUTER_BOUND('',#271,.T.);
#180=FACE_OUTER_BOUND('',#272,.T.);
#181=FACE_OUTER_BOUND('',#273,.T.);
#182=FACE_OUTER_BOUND('',#274,.T.);
#183=FACE_OUTER_BOUND('',#275,.T.);
#184=FACE_OUTER_BOUND('',#276,.T.);
#185=FACE_OUTER_BOUND('',#277,.T.);
#186=FACE_OUTER_BOUND('',#278,.T.);
#187=FACE_OUTER_BOUND('',#279,.T.);
#188=FACE_OUTER_BOUND('',#280,.T.);
#189=FACE_OUTER_BOUND('',#281,.T.);
#190=FACE_OUTER_BOUND('',#282,.T.);
#191=FACE_OUTER_BOUND('',#283,.T.);
#192=FACE_OUTER_BOUND('',#284,.T.);
#193=FACE_OUTER_BOUND('',#285,.T.);
#194=FACE_OUTER_BOUND('',#286,.T.);
#195=FACE_OUTER_BOUND('',#287,.T.);
#196=FACE_OUTER_BOUND('',#288,.T.);
#197=FACE_OUTER_BOUND('',#289,.T.);
#198=FACE_OUTER_BOUND('',#290,.T.);
#199=FACE_OUTER_BOUND('',#291,.T.);
#200=FACE_OUTER_BOUND('',#292,.T.);
#201=FACE_OUTER_BOUND('',#293,.T.);
#202=FACE_OUTER_BOUND('',#294,.T.);
#203=FACE_OUTER_BOUND('',#295,.T.);
#204=FACE_OUTER_BOUND('',#296,.T.);
#205=FACE_OUTER_BOUND('',#297,.T.);
#206=FACE_OUTER_BOUND('',#298,.T.);
#207=FACE_OUTER_BOUND('',#299,.T.);
#208=FACE_OUTER_BOUND('',#300,.T.);
#209=FACE_OUTER_BOUND('',#301,.T.);
#210=FACE_OUTER_BOUND('',#302,.T.);
#211=FACE_OUTER_BOUND('',#303,.T.);
#212=FACE_OUTER_BOUND('',#304,.T.);
#213=EDGE_LOOP('',(#991,#992,#993,#994));
#214=EDGE_LOOP('',(#995,#996,#997,#998));
#215=EDGE_LOOP('',(#999,#1000,#1001,#1002));
#216=EDGE_LOOP('',(#1003,#1004,#1005,#1006));
#217=EDGE_LOOP('',(#1007,#1008,#1009,#1010));
#218=EDGE_LOOP('',(#1011,#1012,#1013,#1014));
#219=EDGE_LOOP('',(#1015,#1016,#1017,#1018));
#220=EDGE_LOOP('',(#1019,#1020,#1021,#1022));
#221=EDGE_LOOP('',(#1023,#1024,#1025,#1026));
#222=EDGE_LOOP('',(#1027,#1028,#1029,#1030,#1031,#1032));
#223=EDGE_LOOP('',(#1033,#1034,#1035,#1036));
#224=EDGE_LOOP('',(#1037,#1038,#1039,#1040));
#225=EDGE_LOOP('',(#1041,#1042,#1043,#1044));
#226=EDGE_LOOP('',(#1045,#1046,#1047));
#227=EDGE_LOOP('',(#1048,#1049,#1050,#1051,#1052));
#228=EDGE_LOOP('',(#1053,#1054,#1055,#1056,#1057,#1058));
#229=EDGE_LOOP('',(#1059,#1060,#1061,#1062));
#230=EDGE_LOOP('',(#1063,#1064,#1065,#1066));
#231=EDGE_LOOP('',(#1067,#1068,#1069,#1070,#1071));
#232=EDGE_LOOP('',(#1072,#1073,#1074,#1075));
#233=EDGE_LOOP('',(#1076,#1077,#1078,#1079,#1080));
#234=EDGE_LOOP('',(#1081,#1082,#1083,#1084));
#235=EDGE_LOOP('',(#1085,#1086,#1087,#1088));
#236=EDGE_LOOP('',(#1089,#1090,#1091,#1092));
#237=EDGE_LOOP('',(#1093,#1094,#1095,#1096));
#238=EDGE_LOOP('',(#1097,#1098,#1099,#1100));
#239=EDGE_LOOP('',(#1101,#1102,#1103,#1104));
#240=EDGE_LOOP('',(#1105,#1106,#1107,#1108));
#241=EDGE_LOOP('',(#1109,#1110,#1111,#1112));
#242=EDGE_LOOP('',(#1113,#1114,#1115,#1116));
#243=EDGE_LOOP('',(#1117,#1118,#1119,#1120,#1121,#1122,#1123,#1124,#1125,
#1126,#1127,#1128,#1129,#1130,#1131,#1132,#1133,#1134));
#244=EDGE_LOOP('',(#1135,#1136,#1137,#1138,#1139,#1140));
#245=EDGE_LOOP('',(#1141,#1142,#1143,#1144,#1145));
#246=EDGE_LOOP('',(#1146,#1147,#1148,#1149));
#247=EDGE_LOOP('',(#1150,#1151,#1152,#1153,#1154));
#248=EDGE_LOOP('',(#1155,#1156,#1157,#1158));
#249=EDGE_LOOP('',(#1159,#1160,#1161,#1162));
#250=EDGE_LOOP('',(#1163,#1164,#1165,#1166));
#251=EDGE_LOOP('',(#1167,#1168,#1169,#1170));
#252=EDGE_LOOP('',(#1171,#1172,#1173,#1174,#1175,#1176));
#253=EDGE_LOOP('',(#1177,#1178,#1179,#1180,#1181,#1182));
#254=EDGE_LOOP('',(#1183,#1184,#1185,#1186));
#255=EDGE_LOOP('',(#1187,#1188,#1189,#1190));
#256=EDGE_LOOP('',(#1191,#1192,#1193,#1194));
#257=EDGE_LOOP('',(#1195,#1196,#1197,#1198));
#258=EDGE_LOOP('',(#1199,#1200,#1201,#1202,#1203));
#259=EDGE_LOOP('',(#1204,#1205,#1206,#1207));
#260=EDGE_LOOP('',(#1208,#1209,#1210,#1211,#1212));
#261=EDGE_LOOP('',(#1213,#1214,#1215,#1216,#1217,#1218));
#262=EDGE_LOOP('',(#1219,#1220,#1221,#1222));
#263=EDGE_LOOP('',(#1223,#1224,#1225,#1226));
#264=EDGE_LOOP('',(#1227,#1228,#1229,#1230));
#265=EDGE_LOOP('',(#1231,#1232,#1233,#1234,#1235));
#266=EDGE_LOOP('',(#1236,#1237,#1238,#1239,#1240,#1241));
#267=EDGE_LOOP('',(#1242,#1243,#1244,#1245,#1246));
#268=EDGE_LOOP('',(#1247,#1248,#1249,#1250));
#269=EDGE_LOOP('',(#1251,#1252,#1253,#1254,#1255));
#270=EDGE_LOOP('',(#1256,#1257,#1258));
#271=EDGE_LOOP('',(#1259,#1260,#1261,#1262));
#272=EDGE_LOOP('',(#1263,#1264,#1265,#1266));
#273=EDGE_LOOP('',(#1267,#1268,#1269,#1270));
#274=EDGE_LOOP('',(#1271,#1272,#1273,#1274));
#275=EDGE_LOOP('',(#1275,#1276,#1277,#1278));
#276=EDGE_LOOP('',(#1279,#1280,#1281,#1282));
#277=EDGE_LOOP('',(#1283,#1284,#1285,#1286));
#278=EDGE_LOOP('',(#1287,#1288,#1289,#1290));
#279=EDGE_LOOP('',(#1291,#1292,#1293,#1294));
#280=EDGE_LOOP('',(#1295,#1296,#1297,#1298));
#281=EDGE_LOOP('',(#1299,#1300,#1301,#1302));
#282=EDGE_LOOP('',(#1303,#1304,#1305,#1306,#1307,#1308));
#283=EDGE_LOOP('',(#1309,#1310,#1311,#1312));
#284=EDGE_LOOP('',(#1313,#1314,#1315,#1316));
#285=EDGE_LOOP('',(#1317,#1318,#1319,#1320));
#286=EDGE_LOOP('',(#1321,#1322,#1323,#1324,#1325,#1326,#1327,#1328,#1329,
#1330,#1331,#1332,#1333,#1334,#1335,#1336,#1337,#1338));
#287=EDGE_LOOP('',(#1339,#1340,#1341,#1342,#1343,#1344));
#288=EDGE_LOOP('',(#1345,#1346,#1347,#1348,#1349));
#289=EDGE_LOOP('',(#1350,#1351,#1352,#1353));
#290=EDGE_LOOP('',(#1354,#1355,#1356,#1357,#1358));
#291=EDGE_LOOP('',(#1359,#1360,#1361,#1362));
#292=EDGE_LOOP('',(#1363,#1364,#1365,#1366));
#293=EDGE_LOOP('',(#1367,#1368,#1369,#1370));
#294=EDGE_LOOP('',(#1371,#1372,#1373,#1374));
#295=EDGE_LOOP('',(#1375,#1376,#1377,#1378,#1379,#1380));
#296=EDGE_LOOP('',(#1381,#1382,#1383,#1384,#1385,#1386));
#297=EDGE_LOOP('',(#1387,#1388,#1389,#1390));
#298=EDGE_LOOP('',(#1391,#1392,#1393,#1394));
#299=EDGE_LOOP('',(#1395,#1396,#1397,#1398));
#300=EDGE_LOOP('',(#1399,#1400,#1401,#1402));
#301=EDGE_LOOP('',(#1403,#1404,#1405,#1406,#1407));
#302=EDGE_LOOP('',(#1408,#1409,#1410,#1411));
#303=EDGE_LOOP('',(#1412,#1413,#1414,#1415,#1416));
#304=EDGE_LOOP('',(#1417,#1418,#1419,#1420,#1421,#1422));
#305=LINE('',#2238,#471);
#306=LINE('',#2240,#472);
#307=LINE('',#2242,#473);
#308=LINE('',#2243,#474);
#309=LINE('',#2246,#475);
#310=LINE('',#2248,#476);
#311=LINE('',#2249,#477);
#312=LINE('',#2252,#478);
#313=LINE('',#2254,#479);
#314=LINE('',#2255,#480);
#315=LINE('',#2257,#481);
#316=LINE('',#2258,#482);
#317=LINE('',#2265,#483);
#318=LINE('',#2267,#484);
#319=LINE('',#2269,#485);
#320=LINE('',#2270,#486);
#321=LINE('',#2275,#487);
#322=LINE('',#2279,#488);
#323=LINE('',#2281,#489);
#324=LINE('',#2282,#490);
#325=LINE('',#2285,#491);
#326=LINE('',#2287,#492);
#327=LINE('',#2289,#493);
#328=LINE('',#2291,#494);
#329=LINE('',#2292,#495);
#330=LINE('',#2295,#496);
#331=LINE('',#2297,#497);
#332=LINE('',#2298,#498);
#333=LINE('',#2303,#499);
#334=LINE('',#2307,#500);
#335=LINE('',#2309,#501);
#336=LINE('',#2310,#502);
#337=LINE('',#2316,#503);
#338=LINE('',#2320,#504);
#339=LINE('',#2329,#505);
#340=LINE('',#2335,#506);
#341=LINE('',#2342,#507);
#342=LINE('',#2348,#508);
#343=LINE('',#2351,#509);
#344=LINE('',#2352,#510);
#345=LINE('',#2355,#511);
#346=LINE('',#2356,#512);
#347=LINE('',#2359,#513);
#348=LINE('',#2363,#514);
#349=LINE('',#2364,#515);
#350=LINE('',#2367,#516);
#351=LINE('',#2368,#517);
#352=LINE('',#2371,#518);
#353=LINE('',#2372,#519);
#354=LINE('',#2375,#520);
#355=LINE('',#2379,#521);
#356=LINE('',#2380,#522);
#357=LINE('',#2382,#523);
#358=LINE('',#2389,#524);
#359=LINE('',#2391,#525);
#360=LINE('',#2393,#526);
#361=LINE('',#2395,#527);
#362=LINE('',#2396,#528);
#363=LINE('',#2399,#529);
#364=LINE('',#2401,#530);
#365=LINE('',#2403,#531);
#366=LINE('',#2404,#532);
#367=LINE('',#2408,#533);
#368=LINE('',#2411,#534);
#369=LINE('',#2414,#535);
#370=LINE('',#2417,#536);
#371=LINE('',#2418,#537);
#372=LINE('',#2420,#538);
#373=LINE('',#2423,#539);
#374=LINE('',#2424,#540);
#375=LINE('',#2426,#541);
#376=LINE('',#2433,#542);
#377=LINE('',#2435,#543);
#378=LINE('',#2437,#544);
#379=LINE('',#2439,#545);
#380=LINE('',#2440,#546);
#381=LINE('',#2444,#547);
#382=LINE('',#2445,#548);
#383=LINE('',#2446,#549);
#384=LINE('',#2449,#550);
#385=LINE('',#2450,#551);
#386=LINE('',#2453,#552);
#387=LINE('',#2454,#553);
#388=LINE('',#2457,#554);
#389=LINE('',#2459,#555);
#390=LINE('',#2460,#556);
#391=LINE('',#2463,#557);
#392=LINE('',#2464,#558);
#393=LINE('',#2467,#559);
#394=LINE('',#2478,#560);
#395=LINE('',#2480,#561);
#396=LINE('',#2481,#562);
#397=LINE('',#2484,#563);
#398=LINE('',#2487,#564);
#399=LINE('',#2496,#565);
#400=LINE('',#2498,#566);
#401=LINE('',#2504,#567);
#402=LINE('',#2506,#568);
#403=LINE('',#2514,#569);
#404=LINE('',#2515,#570);
#405=LINE('',#2524,#571);
#406=LINE('',#2526,#572);
#407=LINE('',#2531,#573);
#408=LINE('',#2534,#574);
#409=LINE('',#2535,#575);
#410=LINE('',#2538,#576);
#411=LINE('',#2542,#577);
#412=LINE('',#2543,#578);
#413=LINE('',#2546,#579);
#414=LINE('',#2547,#580);
#415=LINE('',#2550,#581);
#416=LINE('',#2551,#582);
#417=LINE('',#2554,#583);
#418=LINE('',#2558,#584);
#419=LINE('',#2559,#585);
#420=LINE('',#2562,#586);
#421=LINE('',#2563,#587);
#422=LINE('',#2566,#588);
#423=LINE('',#2567,#589);
#424=LINE('',#2570,#590);
#425=LINE('',#2573,#591);
#426=LINE('',#2576,#592);
#427=LINE('',#2577,#593);
#428=LINE('',#2580,#594);
#429=LINE('',#2582,#595);
#430=LINE('',#2584,#596);
#431=LINE('',#2585,#597);
#432=LINE('',#2588,#598);
#433=LINE('',#2589,#599);
#434=LINE('',#2593,#600);
#435=LINE('',#2600,#601);
#436=LINE('',#2602,#602);
#437=LINE('',#2604,#603);
#438=LINE('',#2606,#604);
#439=LINE('',#2607,#605);
#440=LINE('',#2610,#606);
#441=LINE('',#2612,#607);
#442=LINE('',#2614,#608);
#443=LINE('',#2615,#609);
#444=LINE('',#2618,#610);
#445=LINE('',#2622,#611);
#446=LINE('',#2625,#612);
#447=LINE('',#2628,#613);
#448=LINE('',#2629,#614);
#449=LINE('',#2631,#615);
#450=LINE('',#2634,#616);
#451=LINE('',#2635,#617);
#452=LINE('',#2637,#618);
#453=LINE('',#2644,#619);
#454=LINE('',#2646,#620);
#455=LINE('',#2648,#621);
#456=LINE('',#2650,#622);
#457=LINE('',#2651,#623);
#458=LINE('',#2655,#624);
#459=LINE('',#2656,#625);
#460=LINE('',#2657,#626);
#461=LINE('',#2660,#627);
#462=LINE('',#2661,#628);
#463=LINE('',#2664,#629);
#464=LINE('',#2665,#630);
#465=LINE('',#2668,#631);
#466=LINE('',#2670,#632);
#467=LINE('',#2671,#633);
#468=LINE('',#2674,#634);
#469=LINE('',#2675,#635);
#470=LINE('',#2678,#636);
#471=VECTOR('',#1775,10.);
#472=VECTOR('',#1776,10.);
#473=VECTOR('',#1777,10.);
#474=VECTOR('',#1778,10.);
#475=VECTOR('',#1781,10.);
#476=VECTOR('',#1782,10.);
#477=VECTOR('',#1783,10.);
#478=VECTOR('',#1786,10.);
#479=VECTOR('',#1787,10.);
#480=VECTOR('',#1788,10.);
#481=VECTOR('',#1791,10.);
#482=VECTOR('',#1792,10.);
#483=VECTOR('',#1801,10.);
#484=VECTOR('',#1802,10.);
#485=VECTOR('',#1803,10.);
#486=VECTOR('',#1804,10.);
#487=VECTOR('',#1809,10.);
#488=VECTOR('',#1814,10.);
#489=VECTOR('',#1815,10.);
#490=VECTOR('',#1816,10.);
#491=VECTOR('',#1819,10.);
#492=VECTOR('',#1820,10.);
#493=VECTOR('',#1821,10.);
#494=VECTOR('',#1822,10.);
#495=VECTOR('',#1823,10.);
#496=VECTOR('',#1826,10.);
#497=VECTOR('',#1827,10.);
#498=VECTOR('',#1828,10.);
#499=VECTOR('',#1833,10.);
#500=VECTOR('',#1838,10.);
#501=VECTOR('',#1839,10.);
#502=VECTOR('',#1840,10.);
#503=VECTOR('',#1847,10.);
#504=VECTOR('',#1850,10.);
#505=VECTOR('',#1861,10.);
#506=VECTOR('',#1868,10.);
#507=VECTOR('',#1879,10.);
#508=VECTOR('',#1888,10.);
#509=VECTOR('',#1891,10.);
#510=VECTOR('',#1892,10.);
#511=VECTOR('',#1895,10.);
#512=VECTOR('',#1896,10.);
#513=VECTOR('',#1899,10.);
#514=VECTOR('',#1904,10.);
#515=VECTOR('',#1905,10.);
#516=VECTOR('',#1908,10.);
#517=VECTOR('',#1909,10.);
#518=VECTOR('',#1912,10.);
#519=VECTOR('',#1913,10.);
#520=VECTOR('',#1916,10.);
#521=VECTOR('',#1921,10.);
#522=VECTOR('',#1922,10.);
#523=VECTOR('',#1925,10.);
#524=VECTOR('',#1932,10.);
#525=VECTOR('',#1933,10.);
#526=VECTOR('',#1934,10.);
#527=VECTOR('',#1935,10.);
#528=VECTOR('',#1936,10.);
#529=VECTOR('',#1939,10.);
#530=VECTOR('',#1940,10.);
#531=VECTOR('',#1941,10.);
#532=VECTOR('',#1942,10.);
#533=VECTOR('',#1947,10.);
#534=VECTOR('',#1950,10.);
#535=VECTOR('',#1953,10.);
#536=VECTOR('',#1956,10.);
#537=VECTOR('',#1957,10.);
#538=VECTOR('',#1960,10.);
#539=VECTOR('',#1963,10.);
#540=VECTOR('',#1964,10.);
#541=VECTOR('',#1967,10.);
#542=VECTOR('',#1974,10.);
#543=VECTOR('',#1975,10.);
#544=VECTOR('',#1976,10.);
#545=VECTOR('',#1977,10.);
#546=VECTOR('',#1978,10.);
#547=VECTOR('',#1981,10.);
#548=VECTOR('',#1982,10.);
#549=VECTOR('',#1983,10.);
#550=VECTOR('',#1986,10.);
#551=VECTOR('',#1987,10.);
#552=VECTOR('',#1990,10.);
#553=VECTOR('',#1991,10.);
#554=VECTOR('',#1994,10.);
#555=VECTOR('',#1995,10.);
#556=VECTOR('',#1996,10.);
#557=VECTOR('',#1999,10.);
#558=VECTOR('',#2000,10.);
#559=VECTOR('',#2003,10.);
#560=VECTOR('',#2018,10.);
#561=VECTOR('',#2019,10.);
#562=VECTOR('',#2020,10.);
#563=VECTOR('',#2023,10.);
#564=VECTOR('',#2026,10.);
#565=VECTOR('',#2037,10.);
#566=VECTOR('',#2038,10.);
#567=VECTOR('',#2045,10.);
#568=VECTOR('',#2046,10.);
#569=VECTOR('',#2055,10.);
#570=VECTOR('',#2056,10.);
#571=VECTOR('',#2067,10.);
#572=VECTOR('',#2068,10.);
#573=VECTOR('',#2075,10.);
#574=VECTOR('',#2078,10.);
#575=VECTOR('',#2079,10.);
#576=VECTOR('',#2082,10.);
#577=VECTOR('',#2087,10.);
#578=VECTOR('',#2088,10.);
#579=VECTOR('',#2091,10.);
#580=VECTOR('',#2092,10.);
#581=VECTOR('',#2095,10.);
#582=VECTOR('',#2096,10.);
#583=VECTOR('',#2099,10.);
#584=VECTOR('',#2104,10.);
#585=VECTOR('',#2105,10.);
#586=VECTOR('',#2108,10.);
#587=VECTOR('',#2109,10.);
#588=VECTOR('',#2112,10.);
#589=VECTOR('',#2113,10.);
#590=VECTOR('',#2116,10.);
#591=VECTOR('',#2119,10.);
#592=VECTOR('',#2122,10.);
#593=VECTOR('',#2123,10.);
#594=VECTOR('',#2126,10.);
#595=VECTOR('',#2127,10.);
#596=VECTOR('',#2128,10.);
#597=VECTOR('',#2129,10.);
#598=VECTOR('',#2132,10.);
#599=VECTOR('',#2133,10.);
#600=VECTOR('',#2140,10.);
#601=VECTOR('',#2147,10.);
#602=VECTOR('',#2148,10.);
#603=VECTOR('',#2149,10.);
#604=VECTOR('',#2150,10.);
#605=VECTOR('',#2151,10.);
#606=VECTOR('',#2154,10.);
#607=VECTOR('',#2155,10.);
#608=VECTOR('',#2156,10.);
#609=VECTOR('',#2157,10.);
#610=VECTOR('',#2160,10.);
#611=VECTOR('',#2165,10.);
#612=VECTOR('',#2168,10.);
#613=VECTOR('',#2171,10.);
#614=VECTOR('',#2172,10.);
#615=VECTOR('',#2175,10.);
#616=VECTOR('',#2178,10.);
#617=VECTOR('',#2179,10.);
#618=VECTOR('',#2182,10.);
#619=VECTOR('',#2189,10.);
#620=VECTOR('',#2190,10.);
#621=VECTOR('',#2191,10.);
#622=VECTOR('',#2192,10.);
#623=VECTOR('',#2193,10.);
#624=VECTOR('',#2196,10.);
#625=VECTOR('',#2197,10.);
#626=VECTOR('',#2198,10.);
#627=VECTOR('',#2201,10.);
#628=VECTOR('',#2202,10.);
#629=VECTOR('',#2205,10.);
#630=VECTOR('',#2206,10.);
#631=VECTOR('',#2209,10.);
#632=VECTOR('',#2210,10.);
#633=VECTOR('',#2211,10.);
#634=VECTOR('',#2214,10.);
#635=VECTOR('',#2215,10.);
#636=VECTOR('',#2218,10.);
#637=VERTEX_POINT('',#2236);
#638=VERTEX_POINT('',#2237);
#639=VERTEX_POINT('',#2239);
#640=VERTEX_POINT('',#2241);
#641=VERTEX_POINT('',#2245);
#642=VERTEX_POINT('',#2247);
#643=VERTEX_POINT('',#2251);
#644=VERTEX_POINT('',#2253);
#645=VERTEX_POINT('',#2263);
#646=VERTEX_POINT('',#2264);
#647=VERTEX_POINT('',#2266);
#648=VERTEX_POINT('',#2268);
#649=VERTEX_POINT('',#2272);
#650=VERTEX_POINT('',#2274);
#651=VERTEX_POINT('',#2278);
#652=VERTEX_POINT('',#2280);
#653=VERTEX_POINT('',#2284);
#654=VERTEX_POINT('',#2286);
#655=VERTEX_POINT('',#2288);
#656=VERTEX_POINT('',#2290);
#657=VERTEX_POINT('',#2294);
#658=VERTEX_POINT('',#2296);
#659=VERTEX_POINT('',#2300);
#660=VERTEX_POINT('',#2302);
#661=VERTEX_POINT('',#2306);
#662=VERTEX_POINT('',#2308);
#663=VERTEX_POINT('',#2312);
#664=VERTEX_POINT('',#2314);
#665=VERTEX_POINT('',#2318);
#666=VERTEX_POINT('',#2319);
#667=VERTEX_POINT('',#2322);
#668=VERTEX_POINT('',#2326);
#669=VERTEX_POINT('',#2327);
#670=VERTEX_POINT('',#2332);
#671=VERTEX_POINT('',#2334);
#672=VERTEX_POINT('',#2338);
#673=VERTEX_POINT('',#2344);
#674=VERTEX_POINT('',#2350);
#675=VERTEX_POINT('',#2354);
#676=VERTEX_POINT('',#2358);
#677=VERTEX_POINT('',#2362);
#678=VERTEX_POINT('',#2366);
#679=VERTEX_POINT('',#2370);
#680=VERTEX_POINT('',#2374);
#681=VERTEX_POINT('',#2378);
#682=VERTEX_POINT('',#2385);
#683=VERTEX_POINT('',#2386);
#684=VERTEX_POINT('',#2388);
#685=VERTEX_POINT('',#2390);
#686=VERTEX_POINT('',#2392);
#687=VERTEX_POINT('',#2394);
#688=VERTEX_POINT('',#2398);
#689=VERTEX_POINT('',#2400);
#690=VERTEX_POINT('',#2402);
#691=VERTEX_POINT('',#2406);
#692=VERTEX_POINT('',#2410);
#693=VERTEX_POINT('',#2412);
#694=VERTEX_POINT('',#2416);
#695=VERTEX_POINT('',#2422);
#696=VERTEX_POINT('',#2429);
#697=VERTEX_POINT('',#2430);
#698=VERTEX_POINT('',#2432);
#699=VERTEX_POINT('',#2434);
#700=VERTEX_POINT('',#2436);
#701=VERTEX_POINT('',#2438);
#702=VERTEX_POINT('',#2442);
#703=VERTEX_POINT('',#2443);
#704=VERTEX_POINT('',#2448);
#705=VERTEX_POINT('',#2452);
#706=VERTEX_POINT('',#2456);
#707=VERTEX_POINT('',#2458);
#708=VERTEX_POINT('',#2462);
#709=VERTEX_POINT('',#2466);
#710=VERTEX_POINT('',#2474);
#711=VERTEX_POINT('',#2475);
#712=VERTEX_POINT('',#2477);
#713=VERTEX_POINT('',#2479);
#714=VERTEX_POINT('',#2483);
#715=VERTEX_POINT('',#2485);
#716=VERTEX_POINT('',#2489);
#717=VERTEX_POINT('',#2490);
#718=VERTEX_POINT('',#2495);
#719=VERTEX_POINT('',#2497);
#720=VERTEX_POINT('',#2499);
#721=VERTEX_POINT('',#2503);
#722=VERTEX_POINT('',#2505);
#723=VERTEX_POINT('',#2507);
#724=VERTEX_POINT('',#2511);
#725=VERTEX_POINT('',#2512);
#726=VERTEX_POINT('',#2517);
#727=VERTEX_POINT('',#2518);
#728=VERTEX_POINT('',#2523);
#729=VERTEX_POINT('',#2525);
#730=VERTEX_POINT('',#2527);
#731=VERTEX_POINT('',#2533);
#732=VERTEX_POINT('',#2537);
#733=VERTEX_POINT('',#2541);
#734=VERTEX_POINT('',#2545);
#735=VERTEX_POINT('',#2549);
#736=VERTEX_POINT('',#2553);
#737=VERTEX_POINT('',#2557);
#738=VERTEX_POINT('',#2561);
#739=VERTEX_POINT('',#2565);
#740=VERTEX_POINT('',#2569);
#741=VERTEX_POINT('',#2571);
#742=VERTEX_POINT('',#2575);
#743=VERTEX_POINT('',#2579);
#744=VERTEX_POINT('',#2581);
#745=VERTEX_POINT('',#2583);
#746=VERTEX_POINT('',#2587);
#747=VERTEX_POINT('',#2596);
#748=VERTEX_POINT('',#2597);
#749=VERTEX_POINT('',#2599);
#750=VERTEX_POINT('',#2601);
#751=VERTEX_POINT('',#2603);
#752=VERTEX_POINT('',#2605);
#753=VERTEX_POINT('',#2609);
#754=VERTEX_POINT('',#2611);
#755=VERTEX_POINT('',#2613);
#756=VERTEX_POINT('',#2617);
#757=VERTEX_POINT('',#2621);
#758=VERTEX_POINT('',#2623);
#759=VERTEX_POINT('',#2627);
#760=VERTEX_POINT('',#2633);
#761=VERTEX_POINT('',#2640);
#762=VERTEX_POINT('',#2641);
#763=VERTEX_POINT('',#2643);
#764=VERTEX_POINT('',#2645);
#765=VERTEX_POINT('',#2647);
#766=VERTEX_POINT('',#2649);
#767=VERTEX_POINT('',#2653);
#768=VERTEX_POINT('',#2654);
#769=VERTEX_POINT('',#2659);
#770=VERTEX_POINT('',#2663);
#771=VERTEX_POINT('',#2667);
#772=VERTEX_POINT('',#2669);
#773=VERTEX_POINT('',#2673);
#774=VERTEX_POINT('',#2677);
#775=EDGE_CURVE('',#637,#638,#305,.T.);
#776=EDGE_CURVE('',#637,#639,#306,.T.);
#777=EDGE_CURVE('',#640,#639,#307,.T.);
#778=EDGE_CURVE('',#638,#640,#308,.T.);
#779=EDGE_CURVE('',#638,#641,#309,.T.);
#780=EDGE_CURVE('',#642,#640,#310,.T.);
#781=EDGE_CURVE('',#641,#642,#311,.T.);
#782=EDGE_CURVE('',#641,#643,#312,.T.);
#783=EDGE_CURVE('',#644,#642,#313,.T.);
#784=EDGE_CURVE('',#643,#644,#314,.T.);
#785=EDGE_CURVE('',#643,#637,#315,.T.);
#786=EDGE_CURVE('',#639,#644,#316,.T.);
#787=EDGE_CURVE('',#645,#646,#317,.T.);
#788=EDGE_CURVE('',#647,#645,#318,.T.);
#789=EDGE_CURVE('',#647,#648,#319,.T.);
#790=EDGE_CURVE('',#648,#646,#320,.T.);
#791=EDGE_CURVE('',#649,#645,#43,.T.);
#792=EDGE_CURVE('',#650,#649,#321,.T.);
#793=EDGE_CURVE('',#647,#650,#44,.T.);
#794=EDGE_CURVE('',#651,#649,#322,.T.);
#795=EDGE_CURVE('',#652,#651,#323,.T.);
#796=EDGE_CURVE('',#650,#652,#324,.T.);
#797=EDGE_CURVE('',#653,#651,#325,.T.);
#798=EDGE_CURVE('',#654,#653,#326,.T.);
#799=EDGE_CURVE('',#654,#655,#327,.T.);
#800=EDGE_CURVE('',#655,#656,#328,.T.);
#801=EDGE_CURVE('',#656,#652,#329,.T.);
#802=EDGE_CURVE('',#657,#653,#330,.T.);
#803=EDGE_CURVE('',#658,#657,#331,.T.);
#804=EDGE_CURVE('',#658,#654,#332,.T.);
#805=EDGE_CURVE('',#659,#657,#45,.T.);
#806=EDGE_CURVE('',#660,#659,#333,.T.);
#807=EDGE_CURVE('',#658,#660,#46,.T.);
#808=EDGE_CURVE('',#661,#659,#334,.T.);
#809=EDGE_CURVE('',#662,#661,#335,.T.);
#810=EDGE_CURVE('',#662,#660,#336,.T.);
#811=EDGE_CURVE('',#663,#661,#27,.T.);
#812=EDGE_CURVE('',#663,#664,#28,.T.);
#813=EDGE_CURVE('',#664,#661,#337,.T.);
#814=EDGE_CURVE('',#665,#666,#338,.T.);
#815=EDGE_CURVE('',#657,#666,#47,.T.);
#816=EDGE_CURVE('',#667,#653,#29,.T.);
#817=EDGE_CURVE('',#667,#665,#30,.T.);
#818=EDGE_CURVE('',#668,#669,#31,.T.);
#819=EDGE_CURVE('',#669,#665,#339,.T.);
#820=EDGE_CURVE('',#668,#651,#32,.T.);
#821=EDGE_CURVE('',#646,#670,#48,.T.);
#822=EDGE_CURVE('',#670,#671,#340,.T.);
#823=EDGE_CURVE('',#645,#671,#49,.T.);
#824=EDGE_CURVE('',#649,#672,#50,.T.);
#825=EDGE_CURVE('',#671,#672,#51,.T.);
#826=EDGE_CURVE('',#672,#669,#341,.T.);
#827=EDGE_CURVE('',#659,#673,#52,.T.);
#828=EDGE_CURVE('',#666,#673,#53,.T.);
#829=EDGE_CURVE('',#673,#664,#342,.T.);
#830=EDGE_CURVE('',#674,#664,#343,.T.);
#831=EDGE_CURVE('',#674,#662,#344,.T.);
#832=EDGE_CURVE('',#675,#673,#345,.T.);
#833=EDGE_CURVE('',#674,#675,#346,.T.);
#834=EDGE_CURVE('',#676,#666,#347,.T.);
#835=EDGE_CURVE('',#676,#675,#54,.T.);
#836=EDGE_CURVE('',#677,#665,#348,.T.);
#837=EDGE_CURVE('',#677,#676,#349,.T.);
#838=EDGE_CURVE('',#678,#669,#350,.T.);
#839=EDGE_CURVE('',#678,#677,#351,.T.);
#840=EDGE_CURVE('',#679,#672,#352,.T.);
#841=EDGE_CURVE('',#679,#678,#353,.T.);
#842=EDGE_CURVE('',#680,#671,#354,.T.);
#843=EDGE_CURVE('',#680,#679,#55,.T.);
#844=EDGE_CURVE('',#681,#670,#355,.T.);
#845=EDGE_CURVE('',#680,#681,#356,.T.);
#846=EDGE_CURVE('',#681,#648,#357,.T.);
#847=EDGE_CURVE('',#682,#683,#33,.T.);
#848=EDGE_CURVE('',#683,#684,#358,.T.);
#849=EDGE_CURVE('',#684,#685,#359,.T.);
#850=EDGE_CURVE('',#685,#686,#360,.T.);
#851=EDGE_CURVE('',#686,#687,#361,.T.);
#852=EDGE_CURVE('',#687,#682,#362,.T.);
#853=EDGE_CURVE('',#688,#684,#363,.T.);
#854=EDGE_CURVE('',#689,#688,#364,.T.);
#855=EDGE_CURVE('',#689,#690,#365,.T.);
#856=EDGE_CURVE('',#690,#685,#366,.T.);
#857=EDGE_CURVE('',#683,#691,#56,.T.);
#858=EDGE_CURVE('',#691,#688,#367,.T.);
#859=EDGE_CURVE('',#692,#682,#368,.T.);
#860=EDGE_CURVE('',#693,#692,#57,.T.);
#861=EDGE_CURVE('',#693,#691,#369,.T.);
#862=EDGE_CURVE('',#694,#690,#370,.T.);
#863=EDGE_CURVE('',#694,#686,#371,.T.);
#864=EDGE_CURVE('',#693,#689,#372,.T.);
#865=EDGE_CURVE('',#695,#687,#373,.T.);
#866=EDGE_CURVE('',#695,#692,#374,.T.);
#867=EDGE_CURVE('',#694,#695,#375,.T.);
#868=EDGE_CURVE('',#696,#697,#58,.T.);
#869=EDGE_CURVE('',#697,#698,#376,.T.);
#870=EDGE_CURVE('',#699,#698,#377,.T.);
#871=EDGE_CURVE('',#700,#699,#378,.T.);
#872=EDGE_CURVE('',#700,#701,#379,.T.);
#873=EDGE_CURVE('',#696,#701,#380,.T.);
#874=EDGE_CURVE('',#702,#703,#381,.T.);
#875=EDGE_CURVE('',#696,#702,#382,.T.);
#876=EDGE_CURVE('',#701,#703,#383,.T.);
#877=EDGE_CURVE('',#703,#704,#384,.T.);
#878=EDGE_CURVE('',#700,#704,#385,.T.);
#879=EDGE_CURVE('',#704,#705,#386,.T.);
#880=EDGE_CURVE('',#699,#705,#387,.T.);
#881=EDGE_CURVE('',#697,#706,#388,.T.);
#882=EDGE_CURVE('',#707,#706,#389,.T.);
#883=EDGE_CURVE('',#698,#707,#390,.T.);
#884=EDGE_CURVE('',#705,#708,#391,.T.);
#885=EDGE_CURVE('',#708,#707,#392,.T.);
#886=EDGE_CURVE('',#708,#709,#393,.T.);
#887=EDGE_CURVE('',#706,#709,#59,.T.);
#888=EDGE_CURVE('',#709,#702,#34,.T.);
#889=EDGE_CURVE('',#710,#711,#60,.T.);
#890=EDGE_CURVE('',#712,#710,#394,.T.);
#891=EDGE_CURVE('',#712,#713,#395,.T.);
#892=EDGE_CURVE('',#713,#711,#396,.T.);
#893=EDGE_CURVE('',#711,#714,#397,.T.);
#894=EDGE_CURVE('',#714,#715,#61,.T.);
#895=EDGE_CURVE('',#715,#710,#398,.T.);
#896=EDGE_CURVE('',#716,#717,#62,.T.);
#897=EDGE_CURVE('',#717,#715,#63,.T.);
#898=EDGE_CURVE('',#714,#716,#64,.T.);
#899=EDGE_CURVE('',#718,#717,#399,.T.);
#900=EDGE_CURVE('',#716,#719,#400,.T.);
#901=EDGE_CURVE('',#720,#719,#35,.T.);
#902=EDGE_CURVE('',#720,#718,#36,.T.);
#903=EDGE_CURVE('',#721,#718,#401,.T.);
#904=EDGE_CURVE('',#719,#722,#402,.T.);
#905=EDGE_CURVE('',#723,#722,#37,.T.);
#906=EDGE_CURVE('',#723,#721,#38,.T.);
#907=EDGE_CURVE('',#724,#725,#65,.T.);
#908=EDGE_CURVE('',#725,#721,#403,.T.);
#909=EDGE_CURVE('',#722,#724,#404,.T.);
#910=EDGE_CURVE('',#726,#727,#66,.T.);
#911=EDGE_CURVE('',#727,#725,#67,.T.);
#912=EDGE_CURVE('',#724,#726,#68,.T.);
#913=EDGE_CURVE('',#728,#727,#405,.T.);
#914=EDGE_CURVE('',#726,#729,#406,.T.);
#915=EDGE_CURVE('',#729,#730,#39,.T.);
#916=EDGE_CURVE('',#730,#728,#40,.T.);
#917=EDGE_CURVE('',#729,#728,#407,.T.);
#918=EDGE_CURVE('',#731,#715,#408,.T.);
#919=EDGE_CURVE('',#731,#712,#409,.T.);
#920=EDGE_CURVE('',#732,#717,#410,.T.);
#921=EDGE_CURVE('',#731,#732,#69,.T.);
#922=EDGE_CURVE('',#733,#718,#411,.T.);
#923=EDGE_CURVE('',#732,#733,#412,.T.);
#924=EDGE_CURVE('',#734,#721,#413,.T.);
#925=EDGE_CURVE('',#733,#734,#414,.T.);
#926=EDGE_CURVE('',#735,#725,#415,.T.);
#927=EDGE_CURVE('',#734,#735,#416,.T.);
#928=EDGE_CURVE('',#736,#727,#417,.T.);
#929=EDGE_CURVE('',#735,#736,#70,.T.);
#930=EDGE_CURVE('',#737,#728,#418,.T.);
#931=EDGE_CURVE('',#737,#736,#419,.T.);
#932=EDGE_CURVE('',#738,#729,#420,.T.);
#933=EDGE_CURVE('',#737,#738,#421,.T.);
#934=EDGE_CURVE('',#739,#726,#422,.T.);
#935=EDGE_CURVE('',#738,#739,#423,.T.);
#936=EDGE_CURVE('',#740,#714,#424,.T.);
#937=EDGE_CURVE('',#740,#741,#71,.T.);
#938=EDGE_CURVE('',#741,#716,#425,.T.);
#939=EDGE_CURVE('',#741,#742,#426,.T.);
#940=EDGE_CURVE('',#742,#719,#427,.T.);
#941=EDGE_CURVE('',#743,#742,#428,.T.);
#942=EDGE_CURVE('',#744,#743,#429,.T.);
#943=EDGE_CURVE('',#745,#744,#430,.T.);
#944=EDGE_CURVE('',#745,#722,#431,.T.);
#945=EDGE_CURVE('',#746,#745,#432,.T.);
#946=EDGE_CURVE('',#746,#724,#433,.T.);
#947=EDGE_CURVE('',#746,#739,#72,.T.);
#948=EDGE_CURVE('',#740,#713,#434,.T.);
#949=EDGE_CURVE('',#747,#748,#41,.T.);
#950=EDGE_CURVE('',#749,#747,#435,.T.);
#951=EDGE_CURVE('',#750,#749,#436,.T.);
#952=EDGE_CURVE('',#751,#750,#437,.T.);
#953=EDGE_CURVE('',#752,#751,#438,.T.);
#954=EDGE_CURVE('',#748,#752,#439,.T.);
#955=EDGE_CURVE('',#753,#751,#440,.T.);
#956=EDGE_CURVE('',#754,#753,#441,.T.);
#957=EDGE_CURVE('',#754,#755,#442,.T.);
#958=EDGE_CURVE('',#755,#752,#443,.T.);
#959=EDGE_CURVE('',#756,#755,#444,.T.);
#960=EDGE_CURVE('',#748,#756,#73,.T.);
#961=EDGE_CURVE('',#757,#756,#445,.T.);
#962=EDGE_CURVE('',#757,#758,#74,.T.);
#963=EDGE_CURVE('',#758,#747,#446,.T.);
#964=EDGE_CURVE('',#759,#750,#447,.T.);
#965=EDGE_CURVE('',#759,#753,#448,.T.);
#966=EDGE_CURVE('',#757,#754,#449,.T.);
#967=EDGE_CURVE('',#760,#758,#450,.T.);
#968=EDGE_CURVE('',#760,#749,#451,.T.);
#969=EDGE_CURVE('',#759,#760,#452,.T.);
#970=EDGE_CURVE('',#761,#762,#75,.T.);
#971=EDGE_CURVE('',#761,#763,#453,.T.);
#972=EDGE_CURVE('',#764,#763,#454,.T.);
#973=EDGE_CURVE('',#764,#765,#455,.T.);
#974=EDGE_CURVE('',#765,#766,#456,.T.);
#975=EDGE_CURVE('',#762,#766,#457,.T.);
#976=EDGE_CURVE('',#767,#768,#458,.T.);
#977=EDGE_CURVE('',#763,#768,#459,.T.);
#978=EDGE_CURVE('',#761,#767,#460,.T.);
#979=EDGE_CURVE('',#768,#769,#461,.T.);
#980=EDGE_CURVE('',#764,#769,#462,.T.);
#981=EDGE_CURVE('',#769,#770,#463,.T.);
#982=EDGE_CURVE('',#765,#770,#464,.T.);
#983=EDGE_CURVE('',#766,#771,#465,.T.);
#984=EDGE_CURVE('',#771,#772,#466,.T.);
#985=EDGE_CURVE('',#762,#772,#467,.T.);
#986=EDGE_CURVE('',#770,#773,#468,.T.);
#987=EDGE_CURVE('',#773,#771,#469,.T.);
#988=EDGE_CURVE('',#773,#774,#470,.T.);
#989=EDGE_CURVE('',#772,#774,#76,.T.);
#990=EDGE_CURVE('',#774,#767,#42,.T.);
#991=ORIENTED_EDGE('',*,*,#775,.F.);
#992=ORIENTED_EDGE('',*,*,#776,.T.);
#993=ORIENTED_EDGE('',*,*,#777,.F.);
#994=ORIENTED_EDGE('',*,*,#778,.F.);
#995=ORIENTED_EDGE('',*,*,#779,.F.);
#996=ORIENTED_EDGE('',*,*,#778,.T.);
#997=ORIENTED_EDGE('',*,*,#780,.F.);
#998=ORIENTED_EDGE('',*,*,#781,.F.);
#999=ORIENTED_EDGE('',*,*,#782,.F.);
#1000=ORIENTED_EDGE('',*,*,#781,.T.);
#1001=ORIENTED_EDGE('',*,*,#783,.F.);
#1002=ORIENTED_EDGE('',*,*,#784,.F.);
#1003=ORIENTED_EDGE('',*,*,#785,.F.);
#1004=ORIENTED_EDGE('',*,*,#784,.T.);
#1005=ORIENTED_EDGE('',*,*,#786,.F.);
#1006=ORIENTED_EDGE('',*,*,#776,.F.);
#1007=ORIENTED_EDGE('',*,*,#786,.T.);
#1008=ORIENTED_EDGE('',*,*,#783,.T.);
#1009=ORIENTED_EDGE('',*,*,#780,.T.);
#1010=ORIENTED_EDGE('',*,*,#777,.T.);
#1011=ORIENTED_EDGE('',*,*,#785,.T.);
#1012=ORIENTED_EDGE('',*,*,#775,.T.);
#1013=ORIENTED_EDGE('',*,*,#779,.T.);
#1014=ORIENTED_EDGE('',*,*,#782,.T.);
#1015=ORIENTED_EDGE('',*,*,#787,.F.);
#1016=ORIENTED_EDGE('',*,*,#788,.F.);
#1017=ORIENTED_EDGE('',*,*,#789,.T.);
#1018=ORIENTED_EDGE('',*,*,#790,.T.);
#1019=ORIENTED_EDGE('',*,*,#791,.F.);
#1020=ORIENTED_EDGE('',*,*,#792,.F.);
#1021=ORIENTED_EDGE('',*,*,#793,.F.);
#1022=ORIENTED_EDGE('',*,*,#788,.T.);
#1023=ORIENTED_EDGE('',*,*,#794,.F.);
#1024=ORIENTED_EDGE('',*,*,#795,.F.);
#1025=ORIENTED_EDGE('',*,*,#796,.F.);
#1026=ORIENTED_EDGE('',*,*,#792,.T.);
#1027=ORIENTED_EDGE('',*,*,#797,.F.);
#1028=ORIENTED_EDGE('',*,*,#798,.F.);
#1029=ORIENTED_EDGE('',*,*,#799,.T.);
#1030=ORIENTED_EDGE('',*,*,#800,.T.);
#1031=ORIENTED_EDGE('',*,*,#801,.T.);
#1032=ORIENTED_EDGE('',*,*,#795,.T.);
#1033=ORIENTED_EDGE('',*,*,#802,.F.);
#1034=ORIENTED_EDGE('',*,*,#803,.F.);
#1035=ORIENTED_EDGE('',*,*,#804,.T.);
#1036=ORIENTED_EDGE('',*,*,#798,.T.);
#1037=ORIENTED_EDGE('',*,*,#805,.F.);
#1038=ORIENTED_EDGE('',*,*,#806,.F.);
#1039=ORIENTED_EDGE('',*,*,#807,.F.);
#1040=ORIENTED_EDGE('',*,*,#803,.T.);
#1041=ORIENTED_EDGE('',*,*,#808,.F.);
#1042=ORIENTED_EDGE('',*,*,#809,.F.);
#1043=ORIENTED_EDGE('',*,*,#810,.T.);
#1044=ORIENTED_EDGE('',*,*,#806,.T.);
#1045=ORIENTED_EDGE('',*,*,#811,.F.);
#1046=ORIENTED_EDGE('',*,*,#812,.T.);
#1047=ORIENTED_EDGE('',*,*,#813,.T.);
#1048=ORIENTED_EDGE('',*,*,#814,.T.);
#1049=ORIENTED_EDGE('',*,*,#815,.F.);
#1050=ORIENTED_EDGE('',*,*,#802,.T.);
#1051=ORIENTED_EDGE('',*,*,#816,.F.);
#1052=ORIENTED_EDGE('',*,*,#817,.T.);
#1053=ORIENTED_EDGE('',*,*,#818,.T.);
#1054=ORIENTED_EDGE('',*,*,#819,.T.);
#1055=ORIENTED_EDGE('',*,*,#817,.F.);
#1056=ORIENTED_EDGE('',*,*,#816,.T.);
#1057=ORIENTED_EDGE('',*,*,#797,.T.);
#1058=ORIENTED_EDGE('',*,*,#820,.F.);
#1059=ORIENTED_EDGE('',*,*,#821,.T.);
#1060=ORIENTED_EDGE('',*,*,#822,.T.);
#1061=ORIENTED_EDGE('',*,*,#823,.F.);
#1062=ORIENTED_EDGE('',*,*,#787,.T.);
#1063=ORIENTED_EDGE('',*,*,#824,.F.);
#1064=ORIENTED_EDGE('',*,*,#791,.T.);
#1065=ORIENTED_EDGE('',*,*,#823,.T.);
#1066=ORIENTED_EDGE('',*,*,#825,.T.);
#1067=ORIENTED_EDGE('',*,*,#824,.T.);
#1068=ORIENTED_EDGE('',*,*,#826,.T.);
#1069=ORIENTED_EDGE('',*,*,#818,.F.);
#1070=ORIENTED_EDGE('',*,*,#820,.T.);
#1071=ORIENTED_EDGE('',*,*,#794,.T.);
#1072=ORIENTED_EDGE('',*,*,#827,.F.);
#1073=ORIENTED_EDGE('',*,*,#805,.T.);
#1074=ORIENTED_EDGE('',*,*,#815,.T.);
#1075=ORIENTED_EDGE('',*,*,#828,.T.);
#1076=ORIENTED_EDGE('',*,*,#827,.T.);
#1077=ORIENTED_EDGE('',*,*,#829,.T.);
#1078=ORIENTED_EDGE('',*,*,#812,.F.);
#1079=ORIENTED_EDGE('',*,*,#811,.T.);
#1080=ORIENTED_EDGE('',*,*,#808,.T.);
#1081=ORIENTED_EDGE('',*,*,#813,.F.);
#1082=ORIENTED_EDGE('',*,*,#830,.F.);
#1083=ORIENTED_EDGE('',*,*,#831,.T.);
#1084=ORIENTED_EDGE('',*,*,#809,.T.);
#1085=ORIENTED_EDGE('',*,*,#829,.F.);
#1086=ORIENTED_EDGE('',*,*,#832,.F.);
#1087=ORIENTED_EDGE('',*,*,#833,.F.);
#1088=ORIENTED_EDGE('',*,*,#830,.T.);
#1089=ORIENTED_EDGE('',*,*,#828,.F.);
#1090=ORIENTED_EDGE('',*,*,#834,.F.);
#1091=ORIENTED_EDGE('',*,*,#835,.T.);
#1092=ORIENTED_EDGE('',*,*,#832,.T.);
#1093=ORIENTED_EDGE('',*,*,#814,.F.);
#1094=ORIENTED_EDGE('',*,*,#836,.F.);
#1095=ORIENTED_EDGE('',*,*,#837,.T.);
#1096=ORIENTED_EDGE('',*,*,#834,.T.);
#1097=ORIENTED_EDGE('',*,*,#819,.F.);
#1098=ORIENTED_EDGE('',*,*,#838,.F.);
#1099=ORIENTED_EDGE('',*,*,#839,.T.);
#1100=ORIENTED_EDGE('',*,*,#836,.T.);
#1101=ORIENTED_EDGE('',*,*,#826,.F.);
#1102=ORIENTED_EDGE('',*,*,#840,.F.);
#1103=ORIENTED_EDGE('',*,*,#841,.T.);
#1104=ORIENTED_EDGE('',*,*,#838,.T.);
#1105=ORIENTED_EDGE('',*,*,#825,.F.);
#1106=ORIENTED_EDGE('',*,*,#842,.F.);
#1107=ORIENTED_EDGE('',*,*,#843,.T.);
#1108=ORIENTED_EDGE('',*,*,#840,.T.);
#1109=ORIENTED_EDGE('',*,*,#822,.F.);
#1110=ORIENTED_EDGE('',*,*,#844,.F.);
#1111=ORIENTED_EDGE('',*,*,#845,.F.);
#1112=ORIENTED_EDGE('',*,*,#842,.T.);
#1113=ORIENTED_EDGE('',*,*,#821,.F.);
#1114=ORIENTED_EDGE('',*,*,#790,.F.);
#1115=ORIENTED_EDGE('',*,*,#846,.F.);
#1116=ORIENTED_EDGE('',*,*,#844,.T.);
#1117=ORIENTED_EDGE('',*,*,#789,.F.);
#1118=ORIENTED_EDGE('',*,*,#793,.T.);
#1119=ORIENTED_EDGE('',*,*,#796,.T.);
#1120=ORIENTED_EDGE('',*,*,#801,.F.);
#1121=ORIENTED_EDGE('',*,*,#800,.F.);
#1122=ORIENTED_EDGE('',*,*,#799,.F.);
#1123=ORIENTED_EDGE('',*,*,#804,.F.);
#1124=ORIENTED_EDGE('',*,*,#807,.T.);
#1125=ORIENTED_EDGE('',*,*,#810,.F.);
#1126=ORIENTED_EDGE('',*,*,#831,.F.);
#1127=ORIENTED_EDGE('',*,*,#833,.T.);
#1128=ORIENTED_EDGE('',*,*,#835,.F.);
#1129=ORIENTED_EDGE('',*,*,#837,.F.);
#1130=ORIENTED_EDGE('',*,*,#839,.F.);
#1131=ORIENTED_EDGE('',*,*,#841,.F.);
#1132=ORIENTED_EDGE('',*,*,#843,.F.);
#1133=ORIENTED_EDGE('',*,*,#845,.T.);
#1134=ORIENTED_EDGE('',*,*,#846,.T.);
#1135=ORIENTED_EDGE('',*,*,#847,.T.);
#1136=ORIENTED_EDGE('',*,*,#848,.T.);
#1137=ORIENTED_EDGE('',*,*,#849,.T.);
#1138=ORIENTED_EDGE('',*,*,#850,.T.);
#1139=ORIENTED_EDGE('',*,*,#851,.T.);
#1140=ORIENTED_EDGE('',*,*,#852,.T.);
#1141=ORIENTED_EDGE('',*,*,#849,.F.);
#1142=ORIENTED_EDGE('',*,*,#853,.F.);
#1143=ORIENTED_EDGE('',*,*,#854,.F.);
#1144=ORIENTED_EDGE('',*,*,#855,.T.);
#1145=ORIENTED_EDGE('',*,*,#856,.T.);
#1146=ORIENTED_EDGE('',*,*,#848,.F.);
#1147=ORIENTED_EDGE('',*,*,#857,.T.);
#1148=ORIENTED_EDGE('',*,*,#858,.T.);
#1149=ORIENTED_EDGE('',*,*,#853,.T.);
#1150=ORIENTED_EDGE('',*,*,#847,.F.);
#1151=ORIENTED_EDGE('',*,*,#859,.F.);
#1152=ORIENTED_EDGE('',*,*,#860,.F.);
#1153=ORIENTED_EDGE('',*,*,#861,.T.);
#1154=ORIENTED_EDGE('',*,*,#857,.F.);
#1155=ORIENTED_EDGE('',*,*,#850,.F.);
#1156=ORIENTED_EDGE('',*,*,#856,.F.);
#1157=ORIENTED_EDGE('',*,*,#862,.F.);
#1158=ORIENTED_EDGE('',*,*,#863,.T.);
#1159=ORIENTED_EDGE('',*,*,#864,.T.);
#1160=ORIENTED_EDGE('',*,*,#854,.T.);
#1161=ORIENTED_EDGE('',*,*,#858,.F.);
#1162=ORIENTED_EDGE('',*,*,#861,.F.);
#1163=ORIENTED_EDGE('',*,*,#852,.F.);
#1164=ORIENTED_EDGE('',*,*,#865,.F.);
#1165=ORIENTED_EDGE('',*,*,#866,.T.);
#1166=ORIENTED_EDGE('',*,*,#859,.T.);
#1167=ORIENTED_EDGE('',*,*,#851,.F.);
#1168=ORIENTED_EDGE('',*,*,#863,.F.);
#1169=ORIENTED_EDGE('',*,*,#867,.T.);
#1170=ORIENTED_EDGE('',*,*,#865,.T.);
#1171=ORIENTED_EDGE('',*,*,#867,.F.);
#1172=ORIENTED_EDGE('',*,*,#862,.T.);
#1173=ORIENTED_EDGE('',*,*,#855,.F.);
#1174=ORIENTED_EDGE('',*,*,#864,.F.);
#1175=ORIENTED_EDGE('',*,*,#860,.T.);
#1176=ORIENTED_EDGE('',*,*,#866,.F.);
#1177=ORIENTED_EDGE('',*,*,#868,.T.);
#1178=ORIENTED_EDGE('',*,*,#869,.T.);
#1179=ORIENTED_EDGE('',*,*,#870,.F.);
#1180=ORIENTED_EDGE('',*,*,#871,.F.);
#1181=ORIENTED_EDGE('',*,*,#872,.T.);
#1182=ORIENTED_EDGE('',*,*,#873,.F.);
#1183=ORIENTED_EDGE('',*,*,#874,.F.);
#1184=ORIENTED_EDGE('',*,*,#875,.F.);
#1185=ORIENTED_EDGE('',*,*,#873,.T.);
#1186=ORIENTED_EDGE('',*,*,#876,.T.);
#1187=ORIENTED_EDGE('',*,*,#877,.F.);
#1188=ORIENTED_EDGE('',*,*,#876,.F.);
#1189=ORIENTED_EDGE('',*,*,#872,.F.);
#1190=ORIENTED_EDGE('',*,*,#878,.T.);
#1191=ORIENTED_EDGE('',*,*,#879,.F.);
#1192=ORIENTED_EDGE('',*,*,#878,.F.);
#1193=ORIENTED_EDGE('',*,*,#871,.T.);
#1194=ORIENTED_EDGE('',*,*,#880,.T.);
#1195=ORIENTED_EDGE('',*,*,#869,.F.);
#1196=ORIENTED_EDGE('',*,*,#881,.T.);
#1197=ORIENTED_EDGE('',*,*,#882,.F.);
#1198=ORIENTED_EDGE('',*,*,#883,.F.);
#1199=ORIENTED_EDGE('',*,*,#884,.F.);
#1200=ORIENTED_EDGE('',*,*,#880,.F.);
#1201=ORIENTED_EDGE('',*,*,#870,.T.);
#1202=ORIENTED_EDGE('',*,*,#883,.T.);
#1203=ORIENTED_EDGE('',*,*,#885,.F.);
#1204=ORIENTED_EDGE('',*,*,#886,.F.);
#1205=ORIENTED_EDGE('',*,*,#885,.T.);
#1206=ORIENTED_EDGE('',*,*,#882,.T.);
#1207=ORIENTED_EDGE('',*,*,#887,.T.);
#1208=ORIENTED_EDGE('',*,*,#888,.F.);
#1209=ORIENTED_EDGE('',*,*,#887,.F.);
#1210=ORIENTED_EDGE('',*,*,#881,.F.);
#1211=ORIENTED_EDGE('',*,*,#868,.F.);
#1212=ORIENTED_EDGE('',*,*,#875,.T.);
#1213=ORIENTED_EDGE('',*,*,#884,.T.);
#1214=ORIENTED_EDGE('',*,*,#886,.T.);
#1215=ORIENTED_EDGE('',*,*,#888,.T.);
#1216=ORIENTED_EDGE('',*,*,#874,.T.);
#1217=ORIENTED_EDGE('',*,*,#877,.T.);
#1218=ORIENTED_EDGE('',*,*,#879,.T.);
#1219=ORIENTED_EDGE('',*,*,#889,.F.);
#1220=ORIENTED_EDGE('',*,*,#890,.F.);
#1221=ORIENTED_EDGE('',*,*,#891,.T.);
#1222=ORIENTED_EDGE('',*,*,#892,.T.);
#1223=ORIENTED_EDGE('',*,*,#889,.T.);
#1224=ORIENTED_EDGE('',*,*,#893,.T.);
#1225=ORIENTED_EDGE('',*,*,#894,.T.);
#1226=ORIENTED_EDGE('',*,*,#895,.T.);
#1227=ORIENTED_EDGE('',*,*,#896,.T.);
#1228=ORIENTED_EDGE('',*,*,#897,.T.);
#1229=ORIENTED_EDGE('',*,*,#894,.F.);
#1230=ORIENTED_EDGE('',*,*,#898,.T.);
#1231=ORIENTED_EDGE('',*,*,#899,.T.);
#1232=ORIENTED_EDGE('',*,*,#896,.F.);
#1233=ORIENTED_EDGE('',*,*,#900,.T.);
#1234=ORIENTED_EDGE('',*,*,#901,.F.);
#1235=ORIENTED_EDGE('',*,*,#902,.T.);
#1236=ORIENTED_EDGE('',*,*,#903,.T.);
#1237=ORIENTED_EDGE('',*,*,#902,.F.);
#1238=ORIENTED_EDGE('',*,*,#901,.T.);
#1239=ORIENTED_EDGE('',*,*,#904,.T.);
#1240=ORIENTED_EDGE('',*,*,#905,.F.);
#1241=ORIENTED_EDGE('',*,*,#906,.T.);
#1242=ORIENTED_EDGE('',*,*,#907,.T.);
#1243=ORIENTED_EDGE('',*,*,#908,.T.);
#1244=ORIENTED_EDGE('',*,*,#906,.F.);
#1245=ORIENTED_EDGE('',*,*,#905,.T.);
#1246=ORIENTED_EDGE('',*,*,#909,.T.);
#1247=ORIENTED_EDGE('',*,*,#910,.T.);
#1248=ORIENTED_EDGE('',*,*,#911,.T.);
#1249=ORIENTED_EDGE('',*,*,#907,.F.);
#1250=ORIENTED_EDGE('',*,*,#912,.T.);
#1251=ORIENTED_EDGE('',*,*,#913,.T.);
#1252=ORIENTED_EDGE('',*,*,#910,.F.);
#1253=ORIENTED_EDGE('',*,*,#914,.T.);
#1254=ORIENTED_EDGE('',*,*,#915,.T.);
#1255=ORIENTED_EDGE('',*,*,#916,.T.);
#1256=ORIENTED_EDGE('',*,*,#915,.F.);
#1257=ORIENTED_EDGE('',*,*,#917,.T.);
#1258=ORIENTED_EDGE('',*,*,#916,.F.);
#1259=ORIENTED_EDGE('',*,*,#895,.F.);
#1260=ORIENTED_EDGE('',*,*,#918,.F.);
#1261=ORIENTED_EDGE('',*,*,#919,.T.);
#1262=ORIENTED_EDGE('',*,*,#890,.T.);
#1263=ORIENTED_EDGE('',*,*,#897,.F.);
#1264=ORIENTED_EDGE('',*,*,#920,.F.);
#1265=ORIENTED_EDGE('',*,*,#921,.F.);
#1266=ORIENTED_EDGE('',*,*,#918,.T.);
#1267=ORIENTED_EDGE('',*,*,#899,.F.);
#1268=ORIENTED_EDGE('',*,*,#922,.F.);
#1269=ORIENTED_EDGE('',*,*,#923,.F.);
#1270=ORIENTED_EDGE('',*,*,#920,.T.);
#1271=ORIENTED_EDGE('',*,*,#903,.F.);
#1272=ORIENTED_EDGE('',*,*,#924,.F.);
#1273=ORIENTED_EDGE('',*,*,#925,.F.);
#1274=ORIENTED_EDGE('',*,*,#922,.T.);
#1275=ORIENTED_EDGE('',*,*,#908,.F.);
#1276=ORIENTED_EDGE('',*,*,#926,.F.);
#1277=ORIENTED_EDGE('',*,*,#927,.F.);
#1278=ORIENTED_EDGE('',*,*,#924,.T.);
#1279=ORIENTED_EDGE('',*,*,#911,.F.);
#1280=ORIENTED_EDGE('',*,*,#928,.F.);
#1281=ORIENTED_EDGE('',*,*,#929,.F.);
#1282=ORIENTED_EDGE('',*,*,#926,.T.);
#1283=ORIENTED_EDGE('',*,*,#913,.F.);
#1284=ORIENTED_EDGE('',*,*,#930,.F.);
#1285=ORIENTED_EDGE('',*,*,#931,.T.);
#1286=ORIENTED_EDGE('',*,*,#928,.T.);
#1287=ORIENTED_EDGE('',*,*,#917,.F.);
#1288=ORIENTED_EDGE('',*,*,#932,.F.);
#1289=ORIENTED_EDGE('',*,*,#933,.F.);
#1290=ORIENTED_EDGE('',*,*,#930,.T.);
#1291=ORIENTED_EDGE('',*,*,#914,.F.);
#1292=ORIENTED_EDGE('',*,*,#934,.F.);
#1293=ORIENTED_EDGE('',*,*,#935,.F.);
#1294=ORIENTED_EDGE('',*,*,#932,.T.);
#1295=ORIENTED_EDGE('',*,*,#898,.F.);
#1296=ORIENTED_EDGE('',*,*,#936,.F.);
#1297=ORIENTED_EDGE('',*,*,#937,.T.);
#1298=ORIENTED_EDGE('',*,*,#938,.T.);
#1299=ORIENTED_EDGE('',*,*,#900,.F.);
#1300=ORIENTED_EDGE('',*,*,#938,.F.);
#1301=ORIENTED_EDGE('',*,*,#939,.T.);
#1302=ORIENTED_EDGE('',*,*,#940,.T.);
#1303=ORIENTED_EDGE('',*,*,#904,.F.);
#1304=ORIENTED_EDGE('',*,*,#940,.F.);
#1305=ORIENTED_EDGE('',*,*,#941,.F.);
#1306=ORIENTED_EDGE('',*,*,#942,.F.);
#1307=ORIENTED_EDGE('',*,*,#943,.F.);
#1308=ORIENTED_EDGE('',*,*,#944,.T.);
#1309=ORIENTED_EDGE('',*,*,#909,.F.);
#1310=ORIENTED_EDGE('',*,*,#944,.F.);
#1311=ORIENTED_EDGE('',*,*,#945,.F.);
#1312=ORIENTED_EDGE('',*,*,#946,.T.);
#1313=ORIENTED_EDGE('',*,*,#912,.F.);
#1314=ORIENTED_EDGE('',*,*,#946,.F.);
#1315=ORIENTED_EDGE('',*,*,#947,.T.);
#1316=ORIENTED_EDGE('',*,*,#934,.T.);
#1317=ORIENTED_EDGE('',*,*,#893,.F.);
#1318=ORIENTED_EDGE('',*,*,#892,.F.);
#1319=ORIENTED_EDGE('',*,*,#948,.F.);
#1320=ORIENTED_EDGE('',*,*,#936,.T.);
#1321=ORIENTED_EDGE('',*,*,#948,.T.);
#1322=ORIENTED_EDGE('',*,*,#891,.F.);
#1323=ORIENTED_EDGE('',*,*,#919,.F.);
#1324=ORIENTED_EDGE('',*,*,#921,.T.);
#1325=ORIENTED_EDGE('',*,*,#923,.T.);
#1326=ORIENTED_EDGE('',*,*,#925,.T.);
#1327=ORIENTED_EDGE('',*,*,#927,.T.);
#1328=ORIENTED_EDGE('',*,*,#929,.T.);
#1329=ORIENTED_EDGE('',*,*,#931,.F.);
#1330=ORIENTED_EDGE('',*,*,#933,.T.);
#1331=ORIENTED_EDGE('',*,*,#935,.T.);
#1332=ORIENTED_EDGE('',*,*,#947,.F.);
#1333=ORIENTED_EDGE('',*,*,#945,.T.);
#1334=ORIENTED_EDGE('',*,*,#943,.T.);
#1335=ORIENTED_EDGE('',*,*,#942,.T.);
#1336=ORIENTED_EDGE('',*,*,#941,.T.);
#1337=ORIENTED_EDGE('',*,*,#939,.F.);
#1338=ORIENTED_EDGE('',*,*,#937,.F.);
#1339=ORIENTED_EDGE('',*,*,#949,.F.);
#1340=ORIENTED_EDGE('',*,*,#950,.F.);
#1341=ORIENTED_EDGE('',*,*,#951,.F.);
#1342=ORIENTED_EDGE('',*,*,#952,.F.);
#1343=ORIENTED_EDGE('',*,*,#953,.F.);
#1344=ORIENTED_EDGE('',*,*,#954,.F.);
#1345=ORIENTED_EDGE('',*,*,#953,.T.);
#1346=ORIENTED_EDGE('',*,*,#955,.F.);
#1347=ORIENTED_EDGE('',*,*,#956,.F.);
#1348=ORIENTED_EDGE('',*,*,#957,.T.);
#1349=ORIENTED_EDGE('',*,*,#958,.T.);
#1350=ORIENTED_EDGE('',*,*,#954,.T.);
#1351=ORIENTED_EDGE('',*,*,#958,.F.);
#1352=ORIENTED_EDGE('',*,*,#959,.F.);
#1353=ORIENTED_EDGE('',*,*,#960,.F.);
#1354=ORIENTED_EDGE('',*,*,#949,.T.);
#1355=ORIENTED_EDGE('',*,*,#960,.T.);
#1356=ORIENTED_EDGE('',*,*,#961,.F.);
#1357=ORIENTED_EDGE('',*,*,#962,.T.);
#1358=ORIENTED_EDGE('',*,*,#963,.T.);
#1359=ORIENTED_EDGE('',*,*,#952,.T.);
#1360=ORIENTED_EDGE('',*,*,#964,.F.);
#1361=ORIENTED_EDGE('',*,*,#965,.T.);
#1362=ORIENTED_EDGE('',*,*,#955,.T.);
#1363=ORIENTED_EDGE('',*,*,#966,.F.);
#1364=ORIENTED_EDGE('',*,*,#961,.T.);
#1365=ORIENTED_EDGE('',*,*,#959,.T.);
#1366=ORIENTED_EDGE('',*,*,#957,.F.);
#1367=ORIENTED_EDGE('',*,*,#950,.T.);
#1368=ORIENTED_EDGE('',*,*,#963,.F.);
#1369=ORIENTED_EDGE('',*,*,#967,.F.);
#1370=ORIENTED_EDGE('',*,*,#968,.T.);
#1371=ORIENTED_EDGE('',*,*,#951,.T.);
#1372=ORIENTED_EDGE('',*,*,#968,.F.);
#1373=ORIENTED_EDGE('',*,*,#969,.F.);
#1374=ORIENTED_EDGE('',*,*,#964,.T.);
#1375=ORIENTED_EDGE('',*,*,#969,.T.);
#1376=ORIENTED_EDGE('',*,*,#967,.T.);
#1377=ORIENTED_EDGE('',*,*,#962,.F.);
#1378=ORIENTED_EDGE('',*,*,#966,.T.);
#1379=ORIENTED_EDGE('',*,*,#956,.T.);
#1380=ORIENTED_EDGE('',*,*,#965,.F.);
#1381=ORIENTED_EDGE('',*,*,#970,.F.);
#1382=ORIENTED_EDGE('',*,*,#971,.T.);
#1383=ORIENTED_EDGE('',*,*,#972,.F.);
#1384=ORIENTED_EDGE('',*,*,#973,.T.);
#1385=ORIENTED_EDGE('',*,*,#974,.T.);
#1386=ORIENTED_EDGE('',*,*,#975,.F.);
#1387=ORIENTED_EDGE('',*,*,#976,.T.);
#1388=ORIENTED_EDGE('',*,*,#977,.F.);
#1389=ORIENTED_EDGE('',*,*,#971,.F.);
#1390=ORIENTED_EDGE('',*,*,#978,.T.);
#1391=ORIENTED_EDGE('',*,*,#979,.T.);
#1392=ORIENTED_EDGE('',*,*,#980,.F.);
#1393=ORIENTED_EDGE('',*,*,#972,.T.);
#1394=ORIENTED_EDGE('',*,*,#977,.T.);
#1395=ORIENTED_EDGE('',*,*,#981,.T.);
#1396=ORIENTED_EDGE('',*,*,#982,.F.);
#1397=ORIENTED_EDGE('',*,*,#973,.F.);
#1398=ORIENTED_EDGE('',*,*,#980,.T.);
#1399=ORIENTED_EDGE('',*,*,#975,.T.);
#1400=ORIENTED_EDGE('',*,*,#983,.T.);
#1401=ORIENTED_EDGE('',*,*,#984,.T.);
#1402=ORIENTED_EDGE('',*,*,#985,.F.);
#1403=ORIENTED_EDGE('',*,*,#986,.T.);
#1404=ORIENTED_EDGE('',*,*,#987,.T.);
#1405=ORIENTED_EDGE('',*,*,#983,.F.);
#1406=ORIENTED_EDGE('',*,*,#974,.F.);
#1407=ORIENTED_EDGE('',*,*,#982,.T.);
#1408=ORIENTED_EDGE('',*,*,#988,.T.);
#1409=ORIENTED_EDGE('',*,*,#989,.F.);
#1410=ORIENTED_EDGE('',*,*,#984,.F.);
#1411=ORIENTED_EDGE('',*,*,#987,.F.);
#1412=ORIENTED_EDGE('',*,*,#990,.T.);
#1413=ORIENTED_EDGE('',*,*,#978,.F.);
#1414=ORIENTED_EDGE('',*,*,#970,.T.);
#1415=ORIENTED_EDGE('',*,*,#985,.T.);
#1416=ORIENTED_EDGE('',*,*,#989,.T.);
#1417=ORIENTED_EDGE('',*,*,#986,.F.);
#1418=ORIENTED_EDGE('',*,*,#981,.F.);
#1419=ORIENTED_EDGE('',*,*,#979,.F.);
#1420=ORIENTED_EDGE('',*,*,#976,.F.);
#1421=ORIENTED_EDGE('',*,*,#990,.F.);
#1422=ORIENTED_EDGE('',*,*,#988,.F.);
#1423=PLANE('',#1622);
#1424=PLANE('',#1623);
#1425=PLANE('',#1624);
#1426=PLANE('',#1625);
#1427=PLANE('',#1626);
#1428=PLANE('',#1627);
#1429=PLANE('',#1629);
#1430=PLANE('',#1633);
#1431=PLANE('',#1634);
#1432=PLANE('',#1635);
#1433=PLANE('',#1639);
#1434=PLANE('',#1661);
#1435=PLANE('',#1662);
#1436=PLANE('',#1665);
#1437=PLANE('',#1666);
#1438=PLANE('',#1667);
#1439=PLANE('',#1670);
#1440=PLANE('',#1671);
#1441=PLANE('',#1672);
#1442=PLANE('',#1673);
#1443=PLANE('',#1675);
#1444=PLANE('',#1676);
#1445=PLANE('',#1680);
#1446=PLANE('',#1681);
#1447=PLANE('',#1682);
#1448=PLANE('',#1683);
#1449=PLANE('',#1684);
#1450=PLANE('',#1685);
#1451=PLANE('',#1687);
#1452=PLANE('',#1688);
#1453=PLANE('',#1689);
#1454=PLANE('',#1690);
#1455=PLANE('',#1691);
#1456=PLANE('',#1692);
#1457=PLANE('',#1696);
#1458=PLANE('',#1698);
#1459=PLANE('',#1722);
#1460=PLANE('',#1725);
#1461=PLANE('',#1726);
#1462=PLANE('',#1727);
#1463=PLANE('',#1730);
#1464=PLANE('',#1731);
#1465=PLANE('',#1732);
#1466=PLANE('',#1735);
#1467=PLANE('',#1736);
#1468=PLANE('',#1737);
#1469=PLANE('',#1740);
#1470=PLANE('',#1741);
#1471=PLANE('',#1742);
#1472=PLANE('',#1744);
#1473=PLANE('',#1745);
#1474=PLANE('',#1749);
#1475=PLANE('',#1750);
#1476=PLANE('',#1751);
#1477=PLANE('',#1752);
#1478=PLANE('',#1753);
#1479=PLANE('',#1754);
#1480=PLANE('',#1756);
#1481=PLANE('',#1757);
#1482=PLANE('',#1758);
#1483=PLANE('',#1759);
#1484=PLANE('',#1760);
#1485=PLANE('',#1761);
#1486=PLANE('',#1765);
#1487=ADVANCED_FACE('',(#121),#1423,.T.);
#1488=ADVANCED_FACE('',(#122),#1424,.T.);
#1489=ADVANCED_FACE('',(#123),#1425,.T.);
#1490=ADVANCED_FACE('',(#124),#1426,.T.);
#1491=ADVANCED_FACE('',(#125),#1427,.T.);
#1492=ADVANCED_FACE('',(#126),#1428,.F.);
#1493=ADVANCED_FACE('',(#127),#1429,.T.);
#1494=ADVANCED_FACE('',(#128),#77,.F.);
#1495=ADVANCED_FACE('',(#129),#1430,.T.);
#1496=ADVANCED_FACE('',(#130),#1431,.T.);
#1497=ADVANCED_FACE('',(#131),#1432,.T.);
#1498=ADVANCED_FACE('',(#132),#78,.F.);
#1499=ADVANCED_FACE('',(#133),#1433,.T.);
#1500=ADVANCED_FACE('',(#134),#79,.T.);
#1501=ADVANCED_FACE('',(#135),#80,.T.);
#1502=ADVANCED_FACE('',(#136),#81,.T.);
#1503=ADVANCED_FACE('',(#137),#82,.T.);
#1504=ADVANCED_FACE('',(#138),#23,.T.);
#1505=ADVANCED_FACE('',(#139),#83,.T.);
#1506=ADVANCED_FACE('',(#140),#24,.T.);
#1507=ADVANCED_FACE('',(#141),#84,.T.);
#1508=ADVANCED_FACE('',(#142),#1434,.T.);
#1509=ADVANCED_FACE('',(#143),#1435,.T.);
#1510=ADVANCED_FACE('',(#144),#85,.T.);
#1511=ADVANCED_FACE('',(#145),#1436,.T.);
#1512=ADVANCED_FACE('',(#146),#1437,.T.);
#1513=ADVANCED_FACE('',(#147),#1438,.T.);
#1514=ADVANCED_FACE('',(#148),#86,.T.);
#1515=ADVANCED_FACE('',(#149),#1439,.T.);
#1516=ADVANCED_FACE('',(#150),#1440,.T.);
#1517=ADVANCED_FACE('',(#151),#1441,.F.);
#1518=ADVANCED_FACE('',(#152),#1442,.T.);
#1519=ADVANCED_FACE('',(#153),#1443,.T.);
#1520=ADVANCED_FACE('',(#154),#1444,.F.);
#1521=ADVANCED_FACE('',(#155),#87,.T.);
#1522=ADVANCED_FACE('',(#156),#1445,.T.);
#1523=ADVANCED_FACE('',(#157),#1446,.T.);
#1524=ADVANCED_FACE('',(#158),#1447,.T.);
#1525=ADVANCED_FACE('',(#159),#1448,.T.);
#1526=ADVANCED_FACE('',(#160),#1449,.T.);
#1527=ADVANCED_FACE('',(#161),#1450,.T.);
#1528=ADVANCED_FACE('',(#162),#1451,.T.);
#1529=ADVANCED_FACE('',(#163),#1452,.T.);
#1530=ADVANCED_FACE('',(#164),#1453,.T.);
#1531=ADVANCED_FACE('',(#165),#1454,.T.);
#1532=ADVANCED_FACE('',(#166),#1455,.T.);
#1533=ADVANCED_FACE('',(#167),#1456,.F.);
#1534=ADVANCED_FACE('',(#168),#88,.T.);
#1535=ADVANCED_FACE('',(#169),#1457,.T.);
#1536=ADVANCED_FACE('',(#170),#1458,.F.);
#1537=ADVANCED_FACE('',(#171),#89,.T.);
#1538=ADVANCED_FACE('',(#172),#25,.T.);
#1539=ADVANCED_FACE('',(#173),#90,.T.);
#1540=ADVANCED_FACE('',(#174),#91,.T.);
#1541=ADVANCED_FACE('',(#175),#92,.T.);
#1542=ADVANCED_FACE('',(#176),#26,.T.);
#1543=ADVANCED_FACE('',(#177),#93,.T.);
#1544=ADVANCED_FACE('',(#178),#94,.T.);
#1545=ADVANCED_FACE('',(#179),#1459,.F.);
#1546=ADVANCED_FACE('',(#180),#95,.T.);
#1547=ADVANCED_FACE('',(#181),#1460,.F.);
#1548=ADVANCED_FACE('',(#182),#1461,.F.);
#1549=ADVANCED_FACE('',(#183),#1462,.F.);
#1550=ADVANCED_FACE('',(#184),#96,.T.);
#1551=ADVANCED_FACE('',(#185),#1463,.F.);
#1552=ADVANCED_FACE('',(#186),#1464,.F.);
#1553=ADVANCED_FACE('',(#187),#1465,.F.);
#1554=ADVANCED_FACE('',(#188),#97,.F.);
#1555=ADVANCED_FACE('',(#189),#1466,.F.);
#1556=ADVANCED_FACE('',(#190),#1467,.F.);
#1557=ADVANCED_FACE('',(#191),#1468,.F.);
#1558=ADVANCED_FACE('',(#192),#98,.F.);
#1559=ADVANCED_FACE('',(#193),#1469,.F.);
#1560=ADVANCED_FACE('',(#194),#1470,.T.);
#1561=ADVANCED_FACE('',(#195),#1471,.F.);
#1562=ADVANCED_FACE('',(#196),#1472,.F.);
#1563=ADVANCED_FACE('',(#197),#1473,.T.);
#1564=ADVANCED_FACE('',(#198),#99,.T.);
#1565=ADVANCED_FACE('',(#199),#1474,.F.);
#1566=ADVANCED_FACE('',(#200),#1475,.F.);
#1567=ADVANCED_FACE('',(#201),#1476,.F.);
#1568=ADVANCED_FACE('',(#202),#1477,.F.);
#1569=ADVANCED_FACE('',(#203),#1478,.F.);
#1570=ADVANCED_FACE('',(#204),#1479,.F.);
#1571=ADVANCED_FACE('',(#205),#1480,.F.);
#1572=ADVANCED_FACE('',(#206),#1481,.F.);
#1573=ADVANCED_FACE('',(#207),#1482,.F.);
#1574=ADVANCED_FACE('',(#208),#1483,.F.);
#1575=ADVANCED_FACE('',(#209),#1484,.F.);
#1576=ADVANCED_FACE('',(#210),#1485,.T.);
#1577=ADVANCED_FACE('',(#211),#100,.T.);
#1578=ADVANCED_FACE('',(#212),#1486,.F.);
#1579=CLOSED_SHELL('',(#1487,#1488,#1489,#1490,#1491,#1492));
#1580=CLOSED_SHELL('',(#1493,#1494,#1495,#1496,#1497,#1498,#1499,#1500,
#1501,#1502,#1503,#1504,#1505,#1506,#1507,#1508,#1509,#1510,#1511,#1512,
#1513,#1514,#1515,#1516,#1517));
#1581=CLOSED_SHELL('',(#1518,#1519,#1520,#1521,#1522,#1523,#1524,#1525,
#1526));
#1582=CLOSED_SHELL('',(#1527,#1528,#1529,#1530,#1531,#1532,#1533,#1534,
#1535));
#1583=CLOSED_SHELL('',(#1536,#1537,#1538,#1539,#1540,#1541,#1542,#1543,
#1544,#1545,#1546,#1547,#1548,#1549,#1550,#1551,#1552,#1553,#1554,#1555,
#1556,#1557,#1558,#1559,#1560));
#1584=CLOSED_SHELL('',(#1561,#1562,#1563,#1564,#1565,#1566,#1567,#1568,
#1569));
#1585=CLOSED_SHELL('',(#1570,#1571,#1572,#1573,#1574,#1575,#1576,#1577,
#1578));
#1586=DERIVED_UNIT_ELEMENT(#1592,1.);
#1587=DERIVED_UNIT_ELEMENT(#2697,-3.);
#1588=DERIVED_UNIT_ELEMENT(#1592,1.);
#1589=DERIVED_UNIT_ELEMENT(#2697,-3.);
#1590=DERIVED_UNIT_ELEMENT(#1592,1.);
#1591=DERIVED_UNIT_ELEMENT(#2697,-3.);
#1592=(
MASS_UNIT()
NAMED_UNIT(*)
SI_UNIT(.KILO.,.GRAM.)
);
#1593=DERIVED_UNIT((#1586,#1587));
#1594=DERIVED_UNIT((#1588,#1589));
#1595=DERIVED_UNIT((#1590,#1591));
#1596=MEASURE_REPRESENTATION_ITEM('density measure',
POSITIVE_RATIO_MEASURE(7850.),#1593);
#1597=MEASURE_REPRESENTATION_ITEM('density measure',
POSITIVE_RATIO_MEASURE(7850.),#1594);
#1598=MEASURE_REPRESENTATION_ITEM('density measure',
POSITIVE_RATIO_MEASURE(7850.),#1595);
#1599=PROPERTY_DEFINITION_REPRESENTATION(#1614,#1605);
#1600=PROPERTY_DEFINITION_REPRESENTATION(#1615,#1606);
#1601=PROPERTY_DEFINITION_REPRESENTATION(#1616,#1607);
#1602=PROPERTY_DEFINITION_REPRESENTATION(#1617,#1608);
#1603=PROPERTY_DEFINITION_REPRESENTATION(#1618,#1609);
#1604=PROPERTY_DEFINITION_REPRESENTATION(#1619,#1610);
#1605=REPRESENTATION('material name',(#1611),#2692);
#1606=REPRESENTATION('density',(#1596),#2692);
#1607=REPRESENTATION('material name',(#1612),#2693);
#1608=REPRESENTATION('density',(#1597),#2693);
#1609=REPRESENTATION('material name',(#1613),#2694);
#1610=REPRESENTATION('density',(#1598),#2694);
#1611=DESCRIPTIVE_REPRESENTATION_ITEM('Steel','Steel');
#1612=DESCRIPTIVE_REPRESENTATION_ITEM('Steel','Steel');
#1613=DESCRIPTIVE_REPRESENTATION_ITEM('Steel','Steel');
#1614=PROPERTY_DEFINITION('material property','material name',#2717);
#1615=PROPERTY_DEFINITION('material property','density of part',#2717);
#1616=PROPERTY_DEFINITION('material property','material name',#2718);
#1617=PROPERTY_DEFINITION('material property','density of part',#2718);
#1618=PROPERTY_DEFINITION('material property','material name',#2719);
#1619=PROPERTY_DEFINITION('material property','density of part',#2719);
#1620=AXIS2_PLACEMENT_3D('',#2233,#1769,#1770);
#1621=AXIS2_PLACEMENT_3D('',#2234,#1771,#1772);
#1622=AXIS2_PLACEMENT_3D('',#2235,#1773,#1774);
#1623=AXIS2_PLACEMENT_3D('',#2244,#1779,#1780);
#1624=AXIS2_PLACEMENT_3D('',#2250,#1784,#1785);
#1625=AXIS2_PLACEMENT_3D('',#2256,#1789,#1790);
#1626=AXIS2_PLACEMENT_3D('',#2259,#1793,#1794);
#1627=AXIS2_PLACEMENT_3D('',#2260,#1795,#1796);
#1628=AXIS2_PLACEMENT_3D('',#2261,#1797,#1798);
#1629=AXIS2_PLACEMENT_3D('',#2262,#1799,#1800);
#1630=AXIS2_PLACEMENT_3D('',#2271,#1805,#1806);
#1631=AXIS2_PLACEMENT_3D('',#2273,#1807,#1808);
#1632=AXIS2_PLACEMENT_3D('',#2276,#1810,#1811);
#1633=AXIS2_PLACEMENT_3D('',#2277,#1812,#1813);
#1634=AXIS2_PLACEMENT_3D('',#2283,#1817,#1818);
#1635=AXIS2_PLACEMENT_3D('',#2293,#1824,#1825);
#1636=AXIS2_PLACEMENT_3D('',#2299,#1829,#1830);
#1637=AXIS2_PLACEMENT_3D('',#2301,#1831,#1832);
#1638=AXIS2_PLACEMENT_3D('',#2304,#1834,#1835);
#1639=AXIS2_PLACEMENT_3D('',#2305,#1836,#1837);
#1640=AXIS2_PLACEMENT_3D('',#2311,#1841,#1842);
#1641=AXIS2_PLACEMENT_3D('',#2313,#1843,#1844);
#1642=AXIS2_PLACEMENT_3D('',#2315,#1845,#1846);
#1643=AXIS2_PLACEMENT_3D('',#2317,#1848,#1849);
#1644=AXIS2_PLACEMENT_3D('',#2321,#1851,#1852);
#1645=AXIS2_PLACEMENT_3D('',#2323,#1853,#1854);
#1646=AXIS2_PLACEMENT_3D('',#2324,#1855,#1856);
#1647=AXIS2_PLACEMENT_3D('',#2325,#1857,#1858);
#1648=AXIS2_PLACEMENT_3D('',#2328,#1859,#1860);
#1649=AXIS2_PLACEMENT_3D('',#2330,#1862,#1863);
#1650=AXIS2_PLACEMENT_3D('',#2331,#1864,#1865);
#1651=AXIS2_PLACEMENT_3D('',#2333,#1866,#1867);
#1652=AXIS2_PLACEMENT_3D('',#2336,#1869,#1870);
#1653=AXIS2_PLACEMENT_3D('',#2337,#1871,#1872);
#1654=AXIS2_PLACEMENT_3D('',#2339,#1873,#1874);
#1655=AXIS2_PLACEMENT_3D('',#2340,#1875,#1876);
#1656=AXIS2_PLACEMENT_3D('',#2341,#1877,#1878);
#1657=AXIS2_PLACEMENT_3D('',#2343,#1880,#1881);
#1658=AXIS2_PLACEMENT_3D('',#2345,#1882,#1883);
#1659=AXIS2_PLACEMENT_3D('',#2346,#1884,#1885);
#1660=AXIS2_PLACEMENT_3D('',#2347,#1886,#1887);
#1661=AXIS2_PLACEMENT_3D('',#2349,#1889,#1890);
#1662=AXIS2_PLACEMENT_3D('',#2353,#1893,#1894);
#1663=AXIS2_PLACEMENT_3D('',#2357,#1897,#1898);
#1664=AXIS2_PLACEMENT_3D('',#2360,#1900,#1901);
#1665=AXIS2_PLACEMENT_3D('',#2361,#1902,#1903);
#1666=AXIS2_PLACEMENT_3D('',#2365,#1906,#1907);
#1667=AXIS2_PLACEMENT_3D('',#2369,#1910,#1911);
#1668=AXIS2_PLACEMENT_3D('',#2373,#1914,#1915);
#1669=AXIS2_PLACEMENT_3D('',#2376,#1917,#1918);
#1670=AXIS2_PLACEMENT_3D('',#2377,#1919,#1920);
#1671=AXIS2_PLACEMENT_3D('',#2381,#1923,#1924);
#1672=AXIS2_PLACEMENT_3D('',#2383,#1926,#1927);
#1673=AXIS2_PLACEMENT_3D('',#2384,#1928,#1929);
#1674=AXIS2_PLACEMENT_3D('',#2387,#1930,#1931);
#1675=AXIS2_PLACEMENT_3D('',#2397,#1937,#1938);
#1676=AXIS2_PLACEMENT_3D('',#2405,#1943,#1944);
#1677=AXIS2_PLACEMENT_3D('',#2407,#1945,#1946);
#1678=AXIS2_PLACEMENT_3D('',#2409,#1948,#1949);
#1679=AXIS2_PLACEMENT_3D('',#2413,#1951,#1952);
#1680=AXIS2_PLACEMENT_3D('',#2415,#1954,#1955);
#1681=AXIS2_PLACEMENT_3D('',#2419,#1958,#1959);
#1682=AXIS2_PLACEMENT_3D('',#2421,#1961,#1962);
#1683=AXIS2_PLACEMENT_3D('',#2425,#1965,#1966);
#1684=AXIS2_PLACEMENT_3D('',#2427,#1968,#1969);
#1685=AXIS2_PLACEMENT_3D('',#2428,#1970,#1971);
#1686=AXIS2_PLACEMENT_3D('',#2431,#1972,#1973);
#1687=AXIS2_PLACEMENT_3D('',#2441,#1979,#1980);
#1688=AXIS2_PLACEMENT_3D('',#2447,#1984,#1985);
#1689=AXIS2_PLACEMENT_3D('',#2451,#1988,#1989);
#1690=AXIS2_PLACEMENT_3D('',#2455,#1992,#1993);
#1691=AXIS2_PLACEMENT_3D('',#2461,#1997,#1998);
#1692=AXIS2_PLACEMENT_3D('',#2465,#2001,#2002);
#1693=AXIS2_PLACEMENT_3D('',#2468,#2004,#2005);
#1694=AXIS2_PLACEMENT_3D('',#2469,#2006,#2007);
#1695=AXIS2_PLACEMENT_3D('',#2470,#2008,#2009);
#1696=AXIS2_PLACEMENT_3D('',#2471,#2010,#2011);
#1697=AXIS2_PLACEMENT_3D('',#2472,#2012,#2013);
#1698=AXIS2_PLACEMENT_3D('',#2473,#2014,#2015);
#1699=AXIS2_PLACEMENT_3D('',#2476,#2016,#2017);
#1700=AXIS2_PLACEMENT_3D('',#2482,#2021,#2022);
#1701=AXIS2_PLACEMENT_3D('',#2486,#2024,#2025);
#1702=AXIS2_PLACEMENT_3D('',#2488,#2027,#2028);
#1703=AXIS2_PLACEMENT_3D('',#2491,#2029,#2030);
#1704=AXIS2_PLACEMENT_3D('',#2492,#2031,#2032);
#1705=AXIS2_PLACEMENT_3D('',#2493,#2033,#2034);
#1706=AXIS2_PLACEMENT_3D('',#2494,#2035,#2036);
#1707=AXIS2_PLACEMENT_3D('',#2500,#2039,#2040);
#1708=AXIS2_PLACEMENT_3D('',#2501,#2041,#2042);
#1709=AXIS2_PLACEMENT_3D('',#2502,#2043,#2044);
#1710=AXIS2_PLACEMENT_3D('',#2508,#2047,#2048);
#1711=AXIS2_PLACEMENT_3D('',#2509,#2049,#2050);
#1712=AXIS2_PLACEMENT_3D('',#2510,#2051,#2052);
#1713=AXIS2_PLACEMENT_3D('',#2513,#2053,#2054);
#1714=AXIS2_PLACEMENT_3D('',#2516,#2057,#2058);
#1715=AXIS2_PLACEMENT_3D('',#2519,#2059,#2060);
#1716=AXIS2_PLACEMENT_3D('',#2520,#2061,#2062);
#1717=AXIS2_PLACEMENT_3D('',#2521,#2063,#2064);
#1718=AXIS2_PLACEMENT_3D('',#2522,#2065,#2066);
#1719=AXIS2_PLACEMENT_3D('',#2528,#2069,#2070);
#1720=AXIS2_PLACEMENT_3D('',#2529,#2071,#2072);
#1721=AXIS2_PLACEMENT_3D('',#2530,#2073,#2074);
#1722=AXIS2_PLACEMENT_3D('',#2532,#2076,#2077);
#1723=AXIS2_PLACEMENT_3D('',#2536,#2080,#2081);
#1724=AXIS2_PLACEMENT_3D('',#2539,#2083,#2084);
#1725=AXIS2_PLACEMENT_3D('',#2540,#2085,#2086);
#1726=AXIS2_PLACEMENT_3D('',#2544,#2089,#2090);
#1727=AXIS2_PLACEMENT_3D('',#2548,#2093,#2094);
#1728=AXIS2_PLACEMENT_3D('',#2552,#2097,#2098);
#1729=AXIS2_PLACEMENT_3D('',#2555,#2100,#2101);
#1730=AXIS2_PLACEMENT_3D('',#2556,#2102,#2103);
#1731=AXIS2_PLACEMENT_3D('',#2560,#2106,#2107);
#1732=AXIS2_PLACEMENT_3D('',#2564,#2110,#2111);
#1733=AXIS2_PLACEMENT_3D('',#2568,#2114,#2115);
#1734=AXIS2_PLACEMENT_3D('',#2572,#2117,#2118);
#1735=AXIS2_PLACEMENT_3D('',#2574,#2120,#2121);
#1736=AXIS2_PLACEMENT_3D('',#2578,#2124,#2125);
#1737=AXIS2_PLACEMENT_3D('',#2586,#2130,#2131);
#1738=AXIS2_PLACEMENT_3D('',#2590,#2134,#2135);
#1739=AXIS2_PLACEMENT_3D('',#2591,#2136,#2137);
#1740=AXIS2_PLACEMENT_3D('',#2592,#2138,#2139);
#1741=AXIS2_PLACEMENT_3D('',#2594,#2141,#2142);
#1742=AXIS2_PLACEMENT_3D('',#2595,#2143,#2144);
#1743=AXIS2_PLACEMENT_3D('',#2598,#2145,#2146);
#1744=AXIS2_PLACEMENT_3D('',#2608,#2152,#2153);
#1745=AXIS2_PLACEMENT_3D('',#2616,#2158,#2159);
#1746=AXIS2_PLACEMENT_3D('',#2619,#2161,#2162);
#1747=AXIS2_PLACEMENT_3D('',#2620,#2163,#2164);
#1748=AXIS2_PLACEMENT_3D('',#2624,#2166,#2167);
#1749=AXIS2_PLACEMENT_3D('',#2626,#2169,#2170);
#1750=AXIS2_PLACEMENT_3D('',#2630,#2173,#2174);
#1751=AXIS2_PLACEMENT_3D('',#2632,#2176,#2177);
#1752=AXIS2_PLACEMENT_3D('',#2636,#2180,#2181);
#1753=AXIS2_PLACEMENT_3D('',#2638,#2183,#2184);
#1754=AXIS2_PLACEMENT_3D('',#2639,#2185,#2186);
#1755=AXIS2_PLACEMENT_3D('',#2642,#2187,#2188);
#1756=AXIS2_PLACEMENT_3D('',#2652,#2194,#2195);
#1757=AXIS2_PLACEMENT_3D('',#2658,#2199,#2200);
#1758=AXIS2_PLACEMENT_3D('',#2662,#2203,#2204);
#1759=AXIS2_PLACEMENT_3D('',#2666,#2207,#2208);
#1760=AXIS2_PLACEMENT_3D('',#2672,#2212,#2213);
#1761=AXIS2_PLACEMENT_3D('',#2676,#2216,#2217);
#1762=AXIS2_PLACEMENT_3D('',#2679,#2219,#2220);
#1763=AXIS2_PLACEMENT_3D('',#2680,#2221,#2222);
#1764=AXIS2_PLACEMENT_3D('',#2681,#2223,#2224);
#1765=AXIS2_PLACEMENT_3D('',#2682,#2225,#2226);
#1766=AXIS2_PLACEMENT_3D('',#2683,#2227,#2228);
#1767=AXIS2_PLACEMENT_3D('',#2684,#2229,#2230);
#1768=AXIS2_PLACEMENT_3D('',#2685,#2231,#2232);
#1769=DIRECTION('axis',(0.,0.,1.));
#1770=DIRECTION('refdir',(1.,0.,0.));
#1771=DIRECTION('axis',(0.,0.,1.));
#1772=DIRECTION('refdir',(1.,0.,0.));
#1773=DIRECTION('center_axis',(1.,0.,0.));
#1774=DIRECTION('ref_axis',(0.,1.,0.));
#1775=DIRECTION('',(0.,-1.,0.));
#1776=DIRECTION('',(0.,0.,1.));
#1777=DIRECTION('',(0.,1.,0.));
#1778=DIRECTION('',(0.,0.,1.));
#1779=DIRECTION('center_axis',(0.,-1.,0.));
#1780=DIRECTION('ref_axis',(1.,0.,0.));
#1781=DIRECTION('',(-1.,0.,0.));
#1782=DIRECTION('',(1.,0.,0.));
#1783=DIRECTION('',(0.,0.,1.));
#1784=DIRECTION('center_axis',(-1.,0.,0.));
#1785=DIRECTION('ref_axis',(0.,-1.,0.));
#1786=DIRECTION('',(0.,1.,0.));
#1787=DIRECTION('',(0.,-1.,0.));
#1788=DIRECTION('',(0.,0.,1.));
#1789=DIRECTION('center_axis',(0.,1.,0.));
#1790=DIRECTION('ref_axis',(-1.,0.,0.));
#1791=DIRECTION('',(1.,0.,0.));
#1792=DIRECTION('',(-1.,0.,0.));
#1793=DIRECTION('center_axis',(0.,0.,1.));
#1794=DIRECTION('ref_axis',(1.,0.,0.));
#1795=DIRECTION('center_axis',(0.,0.,1.));
#1796=DIRECTION('ref_axis',(1.,0.,0.));
#1797=DIRECTION('axis',(0.,0.,1.));
#1798=DIRECTION('refdir',(1.,0.,0.));
#1799=DIRECTION('center_axis',(-1.,0.,0.));
#1800=DIRECTION('ref_axis',(0.,-1.,0.));
#1801=DIRECTION('',(0.,-1.,0.));
#1802=DIRECTION('',(0.,0.,1.));
#1803=DIRECTION('',(0.,-1.,0.));
#1804=DIRECTION('',(0.,0.,1.));
#1805=DIRECTION('center_axis',(0.,0.,1.));
#1806=DIRECTION('ref_axis',(1.,8.48260164922139E-17,0.));
#1807=DIRECTION('center_axis',(0.,0.,-1.));
#1808=DIRECTION('ref_axis',(0.,1.,0.));
#1809=DIRECTION('',(0.,0.,1.));
#1810=DIRECTION('center_axis',(0.,0.,1.));
#1811=DIRECTION('ref_axis',(1.,8.48260164922139E-17,0.));
#1812=DIRECTION('center_axis',(1.,0.,0.));
#1813=DIRECTION('ref_axis',(0.,1.,0.));
#1814=DIRECTION('',(0.,1.,0.));
#1815=DIRECTION('',(0.,0.,1.));
#1816=DIRECTION('',(0.,-1.,0.));
#1817=DIRECTION('center_axis',(0.,1.,0.));
#1818=DIRECTION('ref_axis',(-1.,0.,0.));
#1819=DIRECTION('',(-1.,0.,0.));
#1820=DIRECTION('',(0.,0.,1.));
#1821=DIRECTION('',(-1.,0.,0.));
#1822=DIRECTION('',(-1.,0.,0.));
#1823=DIRECTION('',(-1.,0.,0.));
#1824=DIRECTION('center_axis',(-1.,0.,0.));
#1825=DIRECTION('ref_axis',(0.,-1.,0.));
#1826=DIRECTION('',(0.,-1.,0.));
#1827=DIRECTION('',(0.,0.,1.));
#1828=DIRECTION('',(0.,-1.,0.));
#1829=DIRECTION('center_axis',(0.,0.,1.));
#1830=DIRECTION('ref_axis',(1.,0.,0.));
#1831=DIRECTION('center_axis',(0.,0.,-1.));
#1832=DIRECTION('ref_axis',(0.,1.,0.));
#1833=DIRECTION('',(0.,0.,1.));
#1834=DIRECTION('center_axis',(0.,0.,1.));
#1835=DIRECTION('ref_axis',(1.,0.,0.));
#1836=DIRECTION('center_axis',(1.,0.,0.));
#1837=DIRECTION('ref_axis',(0.,1.,0.));
#1838=DIRECTION('',(0.,1.,0.));
#1839=DIRECTION('',(0.,0.,1.));
#1840=DIRECTION('',(0.,1.,0.));
#1841=DIRECTION('center_axis',(1.,0.,0.));
#1842=DIRECTION('ref_axis',(0.,-0.707106781186548,0.707106781186548));
#1843=DIRECTION('center_axis',(0.707106781186548,0.707106781186548,0.));
#1844=DIRECTION('ref_axis',(0.707106781186547,-0.707106781186547,0.));
#1845=DIRECTION('center_axis',(0.707106781186548,-0.707106781186548,0.));
#1846=DIRECTION('ref_axis',(-0.707106781186547,-0.707106781186547,0.));
#1847=DIRECTION('',(1.,0.,0.));
#1848=DIRECTION('center_axis',(0.,1.,0.));
#1849=DIRECTION('ref_axis',(0.707106781186548,0.,0.707106781186548));
#1850=DIRECTION('',(0.,1.,0.));
#1851=DIRECTION('center_axis',(-6.93889390390722E-16,1.,6.93889390390722E-16));
#1852=DIRECTION('ref_axis',(-1.,-6.93889390390722E-16,0.));
#1853=DIRECTION('center_axis',(-0.707106781186547,-0.707106781186548,0.));
#1854=DIRECTION('ref_axis',(0.707106781186548,-0.707106781186547,0.));
#1855=DIRECTION('center_axis',(0.707106781186548,0.707106781186548,0.));
#1856=DIRECTION('ref_axis',(0.707106781186547,-0.707106781186547,0.));
#1857=DIRECTION('center_axis',(1.,0.,0.));
#1858=DIRECTION('ref_axis',(0.,-0.707106781186548,0.707106781186548));
#1859=DIRECTION('center_axis',(0.707106781186548,-0.707106781186548,0.));
#1860=DIRECTION('ref_axis',(-0.707106781186547,-0.707106781186547,0.));
#1861=DIRECTION('',(1.,0.,0.));
#1862=DIRECTION('center_axis',(-0.707106781186547,0.707106781186548,0.));
#1863=DIRECTION('ref_axis',(-0.707106781186548,-0.707106781186547,0.));
#1864=DIRECTION('center_axis',(0.,1.,0.));
#1865=DIRECTION('ref_axis',(0.707106781186548,0.,0.707106781186548));
#1866=DIRECTION('center_axis',(0.,1.,0.));
#1867=DIRECTION('ref_axis',(0.707106781186548,0.,0.707106781186548));
#1868=DIRECTION('',(0.,1.,0.));
#1869=DIRECTION('center_axis',(0.,1.,6.93889390390722E-16));
#1870=DIRECTION('ref_axis',(-1.,0.,0.));
#1871=DIRECTION('center_axis',(0.,0.,1.));
#1872=DIRECTION('ref_axis',(1.,0.,0.));
#1873=DIRECTION('center_axis',(0.,-1.,6.93889390390722E-16));
#1874=DIRECTION('ref_axis',(1.,0.,0.));
#1875=DIRECTION('center_axis',(0.,0.,1.));
#1876=DIRECTION('ref_axis',(0.,1.,0.));
#1877=DIRECTION('center_axis',(0.,-1.,0.));
#1878=DIRECTION('ref_axis',(-0.707106781186548,0.,0.707106781186548));
#1879=DIRECTION('',(0.,-1.,0.));
#1880=DIRECTION('center_axis',(0.,0.,1.));
#1881=DIRECTION('ref_axis',(1.,0.,0.));
#1882=DIRECTION('center_axis',(6.93889390390722E-16,-1.,6.93889390390722E-16));
#1883=DIRECTION('ref_axis',(1.,6.93889390390722E-16,0.));
#1884=DIRECTION('center_axis',(0.,0.,1.));
#1885=DIRECTION('ref_axis',(0.,1.,0.));
#1886=DIRECTION('center_axis',(0.,-1.,0.));
#1887=DIRECTION('ref_axis',(-0.707106781186548,0.,0.707106781186548));
#1888=DIRECTION('',(0.,-1.,0.));
#1889=DIRECTION('center_axis',(0.,-1.,0.));
#1890=DIRECTION('ref_axis',(1.,0.,0.));
#1891=DIRECTION('',(0.,0.,1.));
#1892=DIRECTION('',(1.,0.,0.));
#1893=DIRECTION('center_axis',(-1.,0.,0.));
#1894=DIRECTION('ref_axis',(0.,-1.,0.));
#1895=DIRECTION('',(0.,0.,1.));
#1896=DIRECTION('',(0.,1.,0.));
#1897=DIRECTION('center_axis',(0.,0.,1.));
#1898=DIRECTION('ref_axis',(1.,0.,0.));
#1899=DIRECTION('',(0.,0.,1.));
#1900=DIRECTION('center_axis',(0.,0.,1.));
#1901=DIRECTION('ref_axis',(1.,0.,0.));
#1902=DIRECTION('center_axis',(1.,0.,0.));
#1903=DIRECTION('ref_axis',(0.,1.,0.));
#1904=DIRECTION('',(0.,0.,1.));
#1905=DIRECTION('',(0.,1.,0.));
#1906=DIRECTION('center_axis',(0.,-1.,0.));
#1907=DIRECTION('ref_axis',(1.,0.,0.));
#1908=DIRECTION('',(0.,0.,1.));
#1909=DIRECTION('',(1.,0.,0.));
#1910=DIRECTION('center_axis',(-1.,0.,0.));
#1911=DIRECTION('ref_axis',(0.,-1.,0.));
#1912=DIRECTION('',(0.,0.,1.));
#1913=DIRECTION('',(0.,-1.,0.));
#1914=DIRECTION('center_axis',(0.,0.,1.));
#1915=DIRECTION('ref_axis',(1.,0.,0.));
#1916=DIRECTION('',(0.,0.,1.));
#1917=DIRECTION('center_axis',(0.,0.,1.));
#1918=DIRECTION('ref_axis',(1.,0.,0.));
#1919=DIRECTION('center_axis',(1.,0.,0.));
#1920=DIRECTION('ref_axis',(0.,1.,0.));
#1921=DIRECTION('',(0.,0.,1.));
#1922=DIRECTION('',(0.,-1.,0.));
#1923=DIRECTION('center_axis',(0.,-1.,0.));
#1924=DIRECTION('ref_axis',(1.,0.,0.));
#1925=DIRECTION('',(-1.,0.,0.));
#1926=DIRECTION('center_axis',(0.,0.,1.));
#1927=DIRECTION('ref_axis',(-1.,0.,0.));
#1928=DIRECTION('center_axis',(-0.707106781186548,0.,-0.707106781186548));
#1929=DIRECTION('ref_axis',(-0.707106781186548,0.,0.707106781186548));
#1930=DIRECTION('center_axis',(-0.707106781186548,0.,-0.707106781186548));
#1931=DIRECTION('ref_axis',(0.707106781186547,0.,-0.707106781186547));
#1932=DIRECTION('',(0.,-1.,0.));
#1933=DIRECTION('',(-0.707106781186548,0.,0.707106781186548));
#1934=DIRECTION('',(0.,1.,0.));
#1935=DIRECTION('',(0.707106781186548,0.,-0.707106781186548));
#1936=DIRECTION('',(0.,1.,0.));
#1937=DIRECTION('center_axis',(0.,-1.,0.));
#1938=DIRECTION('ref_axis',(-1.,0.,0.));
#1939=DIRECTION('',(-1.,0.,0.));
#1940=DIRECTION('',(0.,0.,-1.));
#1941=DIRECTION('',(-1.,0.,0.));
#1942=DIRECTION('',(0.,0.,-1.));
#1943=DIRECTION('center_axis',(0.,0.,1.));
#1944=DIRECTION('ref_axis',(-1.,0.,0.));
#1945=DIRECTION('center_axis',(0.,0.,-1.));
#1946=DIRECTION('ref_axis',(1.,0.,0.));
#1947=DIRECTION('',(0.,-1.,0.));
#1948=DIRECTION('center_axis',(0.,0.,-1.));
#1949=DIRECTION('ref_axis',(1.,0.,0.));
#1950=DIRECTION('',(0.,0.,-1.));
#1951=DIRECTION('center_axis',(0.,0.,1.));
#1952=DIRECTION('ref_axis',(1.,0.,0.));
#1953=DIRECTION('',(0.,0.,-1.));
#1954=DIRECTION('center_axis',(-1.,0.,0.));
#1955=DIRECTION('ref_axis',(0.,1.,0.));
#1956=DIRECTION('',(0.,-1.,0.));
#1957=DIRECTION('',(0.,0.,-1.));
#1958=DIRECTION('center_axis',(1.,0.,0.));
#1959=DIRECTION('ref_axis',(0.,-1.,0.));
#1960=DIRECTION('',(0.,-1.,0.));
#1961=DIRECTION('center_axis',(-1.,0.,0.));
#1962=DIRECTION('ref_axis',(0.,1.,0.));
#1963=DIRECTION('',(0.,0.,-1.));
#1964=DIRECTION('',(0.,1.,0.));
#1965=DIRECTION('center_axis',(0.,1.,0.));
#1966=DIRECTION('ref_axis',(1.,0.,0.));
#1967=DIRECTION('',(1.,0.,0.));
#1968=DIRECTION('center_axis',(0.,0.,1.));
#1969=DIRECTION('ref_axis',(-1.,0.,0.));
#1970=DIRECTION('center_axis',(0.,0.,1.));
#1971=DIRECTION('ref_axis',(-1.,0.,0.));
#1972=DIRECTION('center_axis',(0.,0.,1.));
#1973=DIRECTION('ref_axis',(1.,8.48260164922139E-17,0.));
#1974=DIRECTION('',(0.,-1.,0.));
#1975=DIRECTION('',(-1.,0.,0.));
#1976=DIRECTION('',(0.,-1.,0.));
#1977=DIRECTION('',(-1.,0.,0.));
#1978=DIRECTION('',(0.,-1.,0.));
#1979=DIRECTION('center_axis',(1.,0.,0.));
#1980=DIRECTION('ref_axis',(0.,-1.,0.));
#1981=DIRECTION('',(0.,-1.,0.));
#1982=DIRECTION('',(0.,0.,-1.));
#1983=DIRECTION('',(0.,0.,-1.));
#1984=DIRECTION('center_axis',(0.,1.,0.));
#1985=DIRECTION('ref_axis',(1.,0.,0.));
#1986=DIRECTION('',(0.707106781186548,0.,0.707106781186548));
#1987=DIRECTION('',(0.,0.,-1.));
#1988=DIRECTION('center_axis',(1.,0.,0.));
#1989=DIRECTION('ref_axis',(0.,-1.,0.));
#1990=DIRECTION('',(0.,-1.,0.));
#1991=DIRECTION('',(0.,0.,-1.));
#1992=DIRECTION('center_axis',(-1.,0.,0.));
#1993=DIRECTION('ref_axis',(0.,1.,0.));
#1994=DIRECTION('',(0.,0.,-1.));
#1995=DIRECTION('',(0.,1.,0.));
#1996=DIRECTION('',(0.,0.,-1.));
#1997=DIRECTION('center_axis',(0.,-1.,0.));
#1998=DIRECTION('ref_axis',(-1.,0.,0.));
#1999=DIRECTION('',(-0.707106781186548,0.,-0.707106781186548));
#2000=DIRECTION('',(-1.,0.,0.));
#2001=DIRECTION('center_axis',(0.,0.,1.));
#2002=DIRECTION('ref_axis',(-1.,0.,0.));
#2003=DIRECTION('',(0.,1.,0.));
#2004=DIRECTION('center_axis',(0.,0.,-1.));
#2005=DIRECTION('ref_axis',(1.,8.48260164922139E-17,0.));
#2006=DIRECTION('center_axis',(0.,0.,-1.));
#2007=DIRECTION('ref_axis',(1.,8.48260164922139E-17,0.));
#2008=DIRECTION('center_axis',(0.707106781186548,0.,-0.707106781186548));
#2009=DIRECTION('ref_axis',(0.707106781186547,5.99810514826864E-17,0.707106781186547));
#2010=DIRECTION('center_axis',(0.707106781186548,0.,-0.707106781186548));
#2011=DIRECTION('ref_axis',(-0.707106781186548,0.,-0.707106781186548));
#2012=DIRECTION('axis',(0.,0.,1.));
#2013=DIRECTION('refdir',(1.,0.,0.));
#2014=DIRECTION('center_axis',(0.,1.,0.));
#2015=DIRECTION('ref_axis',(1.,0.,0.));
#2016=DIRECTION('center_axis',(0.,1.,0.));
#2017=DIRECTION('ref_axis',(-0.707106781186548,0.,-0.707106781186548));
#2018=DIRECTION('',(0.,0.,-1.));
#2019=DIRECTION('',(-1.,0.,0.));
#2020=DIRECTION('',(0.,0.,-1.));
#2021=DIRECTION('center_axis',(0.,1.,0.));
#2022=DIRECTION('ref_axis',(0.707106781186548,0.,-0.707106781186548));
#2023=DIRECTION('',(0.,1.,0.));
#2024=DIRECTION('center_axis',(0.,-1.,0.));
#2025=DIRECTION('ref_axis',(0.,0.,-1.));
#2026=DIRECTION('',(0.,-1.,0.));
#2027=DIRECTION('center_axis',(0.,0.,1.));
#2028=DIRECTION('ref_axis',(1.,0.,0.));
#2029=DIRECTION('center_axis',(6.93889390390722E-16,1.,0.));
#2030=DIRECTION('ref_axis',(0.,0.,-1.));
#2031=DIRECTION('center_axis',(0.,0.,-1.));
#2032=DIRECTION('ref_axis',(0.,1.,0.));
#2033=DIRECTION('center_axis',(0.,0.,1.));
#2034=DIRECTION('ref_axis',(0.,1.,0.));
#2035=DIRECTION('center_axis',(0.,-1.,0.));
#2036=DIRECTION('ref_axis',(-0.707106781186549,0.,-0.707106781186546));
#2037=DIRECTION('',(0.,1.,0.));
#2038=DIRECTION('',(0.,-1.,0.));
#2039=DIRECTION('center_axis',(0.707106781186547,-0.707106781186548,1.96261557335472E-15));
#2040=DIRECTION('ref_axis',(0.707106781186548,0.707106781186547,-1.96261557335471E-15));
#2041=DIRECTION('center_axis',(-0.707106781186547,0.707106781186549,0.));
#2042=DIRECTION('ref_axis',(0.707106781186549,0.707106781186547,0.));
#2043=DIRECTION('center_axis',(1.,0.,0.));
#2044=DIRECTION('ref_axis',(0.,-0.707106781186548,-0.707106781186548));
#2045=DIRECTION('',(-1.,0.,0.));
#2046=DIRECTION('',(1.,0.,0.));
#2047=DIRECTION('center_axis',(0.707106781186547,0.707106781186548,0.));
#2048=DIRECTION('ref_axis',(-0.707106781186548,0.707106781186547,0.));
#2049=DIRECTION('center_axis',(-0.707106781186548,-0.707106781186548,0.));
#2050=DIRECTION('ref_axis',(-0.707106781186547,0.707106781186547,0.));
#2051=DIRECTION('center_axis',(0.,1.,0.));
#2052=DIRECTION('ref_axis',(0.707106781186548,0.,-0.707106781186548));
#2053=DIRECTION('center_axis',(0.,-1.,0.));
#2054=DIRECTION('ref_axis',(0.,0.,-1.));
#2055=DIRECTION('',(0.,-1.,0.));
#2056=DIRECTION('',(0.,1.,0.));
#2057=DIRECTION('center_axis',(0.,0.,1.));
#2058=DIRECTION('ref_axis',(1.,0.,0.));
#2059=DIRECTION('center_axis',(-6.93889390390722E-16,1.,0.));
#2060=DIRECTION('ref_axis',(0.,0.,-1.));
#2061=DIRECTION('center_axis',(0.,0.,-1.));
#2062=DIRECTION('ref_axis',(0.,1.,0.));
#2063=DIRECTION('center_axis',(0.,0.,1.));
#2064=DIRECTION('ref_axis',(0.,1.,0.));
#2065=DIRECTION('center_axis',(0.,-1.,0.));
#2066=DIRECTION('ref_axis',(-0.707106781186548,0.,-0.707106781186548));
#2067=DIRECTION('',(0.,1.,0.));
#2068=DIRECTION('',(0.,-1.,0.));
#2069=DIRECTION('center_axis',(0.707106781186548,0.707106781186548,0.));
#2070=DIRECTION('ref_axis',(0.707106781186547,-0.707106781186547,0.));
#2071=DIRECTION('center_axis',(-0.707106781186548,0.707106781186548,0.));
#2072=DIRECTION('ref_axis',(0.707106781186547,0.707106781186547,0.));
#2073=DIRECTION('center_axis',(1.,0.,0.));
#2074=DIRECTION('ref_axis',(0.,-0.707106781186548,-0.707106781186548));
#2075=DIRECTION('',(-1.,0.,0.));
#2076=DIRECTION('center_axis',(-1.,0.,0.));
#2077=DIRECTION('ref_axis',(0.,1.,0.));
#2078=DIRECTION('',(0.,0.,-1.));
#2079=DIRECTION('',(0.,-1.,0.));
#2080=DIRECTION('center_axis',(0.,0.,1.));
#2081=DIRECTION('ref_axis',(1.,0.,0.));
#2082=DIRECTION('',(0.,0.,-1.));
#2083=DIRECTION('center_axis',(0.,0.,1.));
#2084=DIRECTION('ref_axis',(1.,0.,0.));
#2085=DIRECTION('center_axis',(1.,0.,0.));
#2086=DIRECTION('ref_axis',(0.,-1.,0.));
#2087=DIRECTION('',(0.,0.,-1.));
#2088=DIRECTION('',(0.,-1.,0.));
#2089=DIRECTION('center_axis',(0.,1.,0.));
#2090=DIRECTION('ref_axis',(1.,0.,0.));
#2091=DIRECTION('',(0.,0.,-1.));
#2092=DIRECTION('',(1.,0.,0.));
#2093=DIRECTION('center_axis',(-1.,0.,0.));
#2094=DIRECTION('ref_axis',(0.,1.,0.));
#2095=DIRECTION('',(0.,0.,-1.));
#2096=DIRECTION('',(0.,1.,0.));
#2097=DIRECTION('center_axis',(0.,0.,1.));
#2098=DIRECTION('ref_axis',(1.,0.,0.));
#2099=DIRECTION('',(0.,0.,-1.));
#2100=DIRECTION('center_axis',(0.,0.,1.));
#2101=DIRECTION('ref_axis',(1.,0.,0.));
#2102=DIRECTION('center_axis',(1.,0.,0.));
#2103=DIRECTION('ref_axis',(0.,-1.,0.));
#2104=DIRECTION('',(0.,0.,-1.));
#2105=DIRECTION('',(0.,1.,0.));
#2106=DIRECTION('center_axis',(0.,1.,0.));
#2107=DIRECTION('ref_axis',(1.,0.,0.));
#2108=DIRECTION('',(0.,0.,-1.));
#2109=DIRECTION('',(1.,0.,0.));
#2110=DIRECTION('center_axis',(-1.,0.,0.));
#2111=DIRECTION('ref_axis',(0.,1.,0.));
#2112=DIRECTION('',(0.,0.,-1.));
#2113=DIRECTION('',(0.,1.,0.));
#2114=DIRECTION('center_axis',(0.,0.,1.));
#2115=DIRECTION('ref_axis',(1.,8.48260164922139E-17,0.));
#2116=DIRECTION('',(0.,0.,-1.));
#2117=DIRECTION('center_axis',(0.,0.,1.));
#2118=DIRECTION('ref_axis',(1.,8.48260164922139E-17,0.));
#2119=DIRECTION('',(0.,0.,-1.));
#2120=DIRECTION('center_axis',(-1.,0.,0.));
#2121=DIRECTION('ref_axis',(0.,1.,0.));
#2122=DIRECTION('',(0.,-1.,0.));
#2123=DIRECTION('',(0.,0.,-1.));
#2124=DIRECTION('center_axis',(0.,-1.,0.));
#2125=DIRECTION('ref_axis',(-1.,0.,0.));
#2126=DIRECTION('',(-1.,0.,0.));
#2127=DIRECTION('',(-1.,0.,0.));
#2128=DIRECTION('',(-1.,0.,0.));
#2129=DIRECTION('',(0.,0.,-1.));
#2130=DIRECTION('center_axis',(1.,0.,0.));
#2131=DIRECTION('ref_axis',(0.,-1.,0.));
#2132=DIRECTION('',(0.,-1.,0.));
#2133=DIRECTION('',(0.,0.,-1.));
#2134=DIRECTION('center_axis',(0.,0.,1.));
#2135=DIRECTION('ref_axis',(1.,0.,0.));
#2136=DIRECTION('center_axis',(0.,0.,1.));
#2137=DIRECTION('ref_axis',(1.,0.,0.));
#2138=DIRECTION('center_axis',(1.,0.,0.));
#2139=DIRECTION('ref_axis',(0.,-1.,0.));
#2140=DIRECTION('',(0.,-1.,0.));
#2141=DIRECTION('center_axis',(0.,0.,1.));
#2142=DIRECTION('ref_axis',(-1.,0.,0.));
#2143=DIRECTION('center_axis',(0.707106781186548,0.,-0.707106781186548));
#2144=DIRECTION('ref_axis',(-0.707106781186548,0.,-0.707106781186548));
#2145=DIRECTION('center_axis',(0.707106781186548,0.,-0.707106781186548));
#2146=DIRECTION('ref_axis',(0.707106781186547,0.,0.707106781186547));
#2147=DIRECTION('',(0.,1.,0.));
#2148=DIRECTION('',(0.707106781186548,0.,0.707106781186548));
#2149=DIRECTION('',(0.,1.,0.));
#2150=DIRECTION('',(-0.707106781186548,0.,-0.707106781186548));
#2151=DIRECTION('',(0.,-1.,0.));
#2152=DIRECTION('center_axis',(0.,1.,0.));
#2153=DIRECTION('ref_axis',(-1.,0.,0.));
#2154=DIRECTION('',(0.,0.,1.));
#2155=DIRECTION('',(-1.,0.,0.));
#2156=DIRECTION('',(0.,0.,1.));
#2157=DIRECTION('',(-1.,0.,0.));
#2158=DIRECTION('center_axis',(0.,0.,1.));
#2159=DIRECTION('ref_axis',(-1.,0.,0.));
#2160=DIRECTION('',(0.,-1.,0.));
#2161=DIRECTION('center_axis',(0.,0.,-1.));
#2162=DIRECTION('ref_axis',(1.,0.,0.));
#2163=DIRECTION('center_axis',(0.,0.,-1.));
#2164=DIRECTION('ref_axis',(1.,0.,0.));
#2165=DIRECTION('',(0.,0.,1.));
#2166=DIRECTION('center_axis',(0.,0.,1.));
#2167=DIRECTION('ref_axis',(1.,0.,0.));
#2168=DIRECTION('',(0.,0.,1.));
#2169=DIRECTION('center_axis',(1.,0.,0.));
#2170=DIRECTION('ref_axis',(0.,1.,0.));
#2171=DIRECTION('',(0.,0.,1.));
#2172=DIRECTION('',(0.,-1.,0.));
#2173=DIRECTION('center_axis',(-1.,0.,0.));
#2174=DIRECTION('ref_axis',(0.,-1.,0.));
#2175=DIRECTION('',(0.,-1.,0.));
#2176=DIRECTION('center_axis',(1.,0.,0.));
#2177=DIRECTION('ref_axis',(0.,1.,0.));
#2178=DIRECTION('',(0.,1.,0.));
#2179=DIRECTION('',(0.,0.,1.));
#2180=DIRECTION('center_axis',(0.,-1.,0.));
#2181=DIRECTION('ref_axis',(1.,0.,0.));
#2182=DIRECTION('',(1.,0.,0.));
#2183=DIRECTION('center_axis',(0.,0.,1.));
#2184=DIRECTION('ref_axis',(-1.,0.,0.));
#2185=DIRECTION('center_axis',(0.,0.,1.));
#2186=DIRECTION('ref_axis',(-1.,0.,0.));
#2187=DIRECTION('center_axis',(0.,0.,1.));
#2188=DIRECTION('ref_axis',(1.,8.48260164922139E-17,0.));
#2189=DIRECTION('',(0.,-1.,0.));
#2190=DIRECTION('',(-1.,0.,0.));
#2191=DIRECTION('',(0.,-1.,0.));
#2192=DIRECTION('',(-1.,0.,0.));
#2193=DIRECTION('',(0.,-1.,0.));
#2194=DIRECTION('center_axis',(-1.,0.,0.));
#2195=DIRECTION('ref_axis',(0.,-1.,0.));
#2196=DIRECTION('',(0.,-1.,0.));
#2197=DIRECTION('',(0.,0.,1.));
#2198=DIRECTION('',(0.,0.,1.));
#2199=DIRECTION('center_axis',(0.,-1.,0.));
#2200=DIRECTION('ref_axis',(1.,0.,0.));
#2201=DIRECTION('',(0.707106781186548,0.,-0.707106781186548));
#2202=DIRECTION('',(0.,0.,1.));
#2203=DIRECTION('center_axis',(-1.,0.,0.));
#2204=DIRECTION('ref_axis',(0.,-1.,0.));
#2205=DIRECTION('',(0.,-1.,0.));
#2206=DIRECTION('',(0.,0.,1.));
#2207=DIRECTION('center_axis',(1.,0.,0.));
#2208=DIRECTION('ref_axis',(0.,1.,0.));
#2209=DIRECTION('',(0.,0.,1.));
#2210=DIRECTION('',(0.,1.,0.));
#2211=DIRECTION('',(0.,0.,1.));
#2212=DIRECTION('center_axis',(0.,1.,0.));
#2213=DIRECTION('ref_axis',(-1.,0.,0.));
#2214=DIRECTION('',(-0.707106781186548,0.,0.707106781186548));
#2215=DIRECTION('',(-1.,0.,0.));
#2216=DIRECTION('center_axis',(0.,0.,1.));
#2217=DIRECTION('ref_axis',(-1.,0.,0.));
#2218=DIRECTION('',(0.,1.,0.));
#2219=DIRECTION('center_axis',(0.,0.,-1.));
#2220=DIRECTION('ref_axis',(1.,8.48260164922139E-17,0.));
#2221=DIRECTION('center_axis',(0.,0.,-1.));
#2222=DIRECTION('ref_axis',(1.,8.48260164922139E-17,0.));
#2223=DIRECTION('center_axis',(-0.707106781186548,0.,-0.707106781186548));
#2224=DIRECTION('ref_axis',(0.707106781186547,5.99810514826864E-17,-0.707106781186547));
#2225=DIRECTION('center_axis',(-0.707106781186548,0.,-0.707106781186548));
#2226=DIRECTION('ref_axis',(-0.707106781186548,0.,0.707106781186548));
#2227=DIRECTION('',(0.,0.,1.));
#2228=DIRECTION('',(1.,0.,0.));
#2229=DIRECTION('',(0.,0.,1.));
#2230=DIRECTION('',(1.,0.,0.));
#2231=DIRECTION('',(0.,0.,-1.));
#2232=DIRECTION('',(-1.,0.,0.));
#2233=CARTESIAN_POINT('',(0.,0.,0.));
#2234=CARTESIAN_POINT('',(0.,0.,0.));
#2235=CARTESIAN_POINT('Origin',(9.75,-2.3,0.));
#2236=CARTESIAN_POINT('',(9.75,2.3,0.));
#2237=CARTESIAN_POINT('',(9.75,-2.3,0.));
#2238=CARTESIAN_POINT('',(9.75,2.3,0.));
#2239=CARTESIAN_POINT('',(9.75,2.3,1.2));
#2240=CARTESIAN_POINT('',(9.75,2.3,0.));
#2241=CARTESIAN_POINT('',(9.75,-2.3,1.2));
#2242=CARTESIAN_POINT('',(9.75,2.3,1.2));
#2243=CARTESIAN_POINT('',(9.75,-2.3,0.));
#2244=CARTESIAN_POINT('Origin',(-9.75,-2.3,0.));
#2245=CARTESIAN_POINT('',(-9.75,-2.3,0.));
#2246=CARTESIAN_POINT('',(9.75,-2.3,0.));
#2247=CARTESIAN_POINT('',(-9.75,-2.3,1.2));
#2248=CARTESIAN_POINT('',(9.75,-2.3,1.2));
#2249=CARTESIAN_POINT('',(-9.75,-2.3,0.));
#2250=CARTESIAN_POINT('Origin',(-9.75,2.3,0.));
#2251=CARTESIAN_POINT('',(-9.75,2.3,0.));
#2252=CARTESIAN_POINT('',(-9.75,-2.3,0.));
#2253=CARTESIAN_POINT('',(-9.75,2.3,1.2));
#2254=CARTESIAN_POINT('',(-9.75,-2.3,1.2));
#2255=CARTESIAN_POINT('',(-9.75,2.3,0.));
#2256=CARTESIAN_POINT('Origin',(9.75,2.3,0.));
#2257=CARTESIAN_POINT('',(-9.75,2.3,0.));
#2258=CARTESIAN_POINT('',(-9.75,2.3,1.2));
#2259=CARTESIAN_POINT('Origin',(0.,0.,1.2));
#2260=CARTESIAN_POINT('Origin',(0.,0.,0.));
#2261=CARTESIAN_POINT('',(0.,0.,0.));
#2262=CARTESIAN_POINT('Origin',(2.93602965006476,0.431985174967619,1.2));
#2263=CARTESIAN_POINT('',(2.93602965006476,0.431985174967619,7.9));
#2264=CARTESIAN_POINT('',(2.93602965006476,-0.799999982118607,7.9));
#2265=CARTESIAN_POINT('',(2.93602965006476,0.215992587483809,7.9));
#2266=CARTESIAN_POINT('',(2.93602965006476,0.431985174967619,1.2));
#2267=CARTESIAN_POINT('',(2.93602965006476,0.431985174967619,1.2));
#2268=CARTESIAN_POINT('',(2.93602965006476,-0.799999982118607,1.2));
#2269=CARTESIAN_POINT('',(2.93602965006476,0.431985174967619,1.2));
#2270=CARTESIAN_POINT('',(2.93602965006476,-0.799999982118607,1.2));
#2271=CARTESIAN_POINT('Origin',(2.11801482503238,0.431985174967618,1.2));
#2272=CARTESIAN_POINT('',(1.3,0.431985174967618,7.9));
#2273=CARTESIAN_POINT('Origin',(2.11801482503238,0.431985174967618,7.9));
#2274=CARTESIAN_POINT('',(1.3,0.431985174967618,1.2));
#2275=CARTESIAN_POINT('',(1.3,0.431985174967618,1.2));
#2276=CARTESIAN_POINT('Origin',(2.11801482503238,0.431985174967618,1.2));
#2277=CARTESIAN_POINT('Origin',(1.3,-1.25,1.2));
#2278=CARTESIAN_POINT('',(1.3,-1.25,7.9));
#2279=CARTESIAN_POINT('',(1.3,-0.625,7.9));
#2280=CARTESIAN_POINT('',(1.3,-1.25,1.2));
#2281=CARTESIAN_POINT('',(1.3,-1.25,1.2));
#2282=CARTESIAN_POINT('',(1.3,0.431985174967618,1.2));
#2283=CARTESIAN_POINT('Origin',(7.9,-1.25,1.2));
#2284=CARTESIAN_POINT('',(7.9,-1.25,7.9));
#2285=CARTESIAN_POINT('',(6.25,-1.25,7.9));
#2286=CARTESIAN_POINT('',(7.9,-1.25,1.2));
#2287=CARTESIAN_POINT('',(7.9,-1.25,1.2));
#2288=CARTESIAN_POINT('',(6.06397034993524,-1.25,1.2));
#2289=CARTESIAN_POINT('',(7.9,-1.25,1.2));
#2290=CARTESIAN_POINT('',(3.13602965006476,-1.25,1.2));
#2291=CARTESIAN_POINT('',(7.9,-1.25,1.2));
#2292=CARTESIAN_POINT('',(7.9,-1.25,1.2));
#2293=CARTESIAN_POINT('Origin',(7.9,0.431985174967618,1.2));
#2294=CARTESIAN_POINT('',(7.9,0.431985174967618,7.9));
#2295=CARTESIAN_POINT('',(7.9,0.215992587483809,7.9));
#2296=CARTESIAN_POINT('',(7.9,0.431985174967618,1.2));
#2297=CARTESIAN_POINT('',(7.9,0.431985174967618,1.2));
#2298=CARTESIAN_POINT('',(7.9,0.431985174967618,1.2));
#2299=CARTESIAN_POINT('Origin',(7.08198517496762,0.431985174967618,1.2));
#2300=CARTESIAN_POINT('',(6.26397034993524,0.431985174967619,7.9));
#2301=CARTESIAN_POINT('Origin',(7.08198517496762,0.431985174967618,7.9));
#2302=CARTESIAN_POINT('',(6.26397034993524,0.431985174967619,1.2));
#2303=CARTESIAN_POINT('',(6.26397034993524,0.431985174967619,1.2));
#2304=CARTESIAN_POINT('Origin',(7.08198517496762,0.431985174967618,1.2));
#2305=CARTESIAN_POINT('Origin',(6.26397034993524,-0.799999982118607,1.2));
#2306=CARTESIAN_POINT('',(6.26397034993524,-0.799999982118607,7.9));
#2307=CARTESIAN_POINT('',(6.26397034993524,-0.399999991059303,7.9));
#2308=CARTESIAN_POINT('',(6.26397034993524,-0.799999982118607,1.2));
#2309=CARTESIAN_POINT('',(6.26397034993524,-0.799999982118607,1.2));
#2310=CARTESIAN_POINT('',(6.26397034993524,-0.799999982118607,1.2));
#2311=CARTESIAN_POINT('Origin',(5.33198517496762,-0.699999982118606,7.9));
#2312=CARTESIAN_POINT('',(6.16397034993524,-0.699999982118606,8.));
#2313=CARTESIAN_POINT('Origin',(6.16397034993524,-0.699999982118606,7.9));
#2314=CARTESIAN_POINT('',(6.06397034993524,-0.799999982118607,7.9));
#2315=CARTESIAN_POINT('Origin',(6.16397034993524,-0.699999982118606,7.9));
#2316=CARTESIAN_POINT('',(5.33198517496762,-0.799999982118607,7.9));
#2317=CARTESIAN_POINT('Origin',(8.,-0.725,7.9));
#2318=CARTESIAN_POINT('',(8.1,-1.45,7.9));
#2319=CARTESIAN_POINT('',(8.1,0.431985174967618,7.9));
#2320=CARTESIAN_POINT('',(8.1,-0.725,7.9));
#2321=CARTESIAN_POINT('Origin',(8.,0.431985174967619,7.9));
#2322=CARTESIAN_POINT('',(8.,-1.35,8.));
#2323=CARTESIAN_POINT('Origin',(8.,-1.35,7.9));
#2324=CARTESIAN_POINT('Origin',(8.,-1.35,7.9));
#2325=CARTESIAN_POINT('Origin',(2.85,-1.35,7.9));
#2326=CARTESIAN_POINT('',(1.2,-1.35,8.));
#2327=CARTESIAN_POINT('',(1.1,-1.45,7.9));
#2328=CARTESIAN_POINT('Origin',(1.2,-1.35,7.9));
#2329=CARTESIAN_POINT('',(2.85,-1.45,7.9));
#2330=CARTESIAN_POINT('Origin',(1.2,-1.35,7.9));
#2331=CARTESIAN_POINT('Origin',(3.03602965006476,-0.399999991059303,7.9));
#2332=CARTESIAN_POINT('',(3.13602965006476,-0.799999982118607,7.9));
#2333=CARTESIAN_POINT('Origin',(3.03602965006476,-0.799999982118607,7.9));
#2334=CARTESIAN_POINT('',(3.13602965006476,0.431985174967618,7.9));
#2335=CARTESIAN_POINT('',(3.13602965006476,-0.399999991059303,7.9));
#2336=CARTESIAN_POINT('Origin',(3.03602965006476,0.431985174967619,7.9));
#2337=CARTESIAN_POINT('Origin',(2.11801482503238,0.431985174967618,7.9));
#2338=CARTESIAN_POINT('',(1.1,0.431985174967619,7.9));
#2339=CARTESIAN_POINT('Origin',(1.2,0.431985174967618,7.9));
#2340=CARTESIAN_POINT('Origin',(2.11801482503238,0.431985174967618,7.9));
#2341=CARTESIAN_POINT('Origin',(1.2,0.215992587483809,7.9));
#2342=CARTESIAN_POINT('',(1.1,0.215992587483809,7.9));
#2343=CARTESIAN_POINT('Origin',(7.08198517496762,0.431985174967618,7.9));
#2344=CARTESIAN_POINT('',(6.06397034993524,0.431985174967618,7.9));
#2345=CARTESIAN_POINT('Origin',(6.16397034993524,0.431985174967618,7.9));
#2346=CARTESIAN_POINT('Origin',(7.08198517496762,0.431985174967618,7.9));
#2347=CARTESIAN_POINT('Origin',(6.16397034993524,0.215992587483809,7.9));
#2348=CARTESIAN_POINT('',(6.06397034993524,0.215992587483809,7.9));
#2349=CARTESIAN_POINT('Origin',(6.06397034993524,-0.799999982118607,1.2));
#2350=CARTESIAN_POINT('',(6.06397034993524,-0.799999982118607,1.2));
#2351=CARTESIAN_POINT('',(6.06397034993524,-0.799999982118607,1.2));
#2352=CARTESIAN_POINT('',(6.06397034993524,-0.799999982118607,1.2));
#2353=CARTESIAN_POINT('Origin',(6.06397034993524,0.431985174967618,1.2));
#2354=CARTESIAN_POINT('',(6.06397034993524,0.431985174967618,1.2));
#2355=CARTESIAN_POINT('',(6.06397034993524,0.431985174967618,1.2));
#2356=CARTESIAN_POINT('',(6.06397034993524,-0.599999982118607,1.2));
#2357=CARTESIAN_POINT('Origin',(7.08198517496762,0.431985174967618,1.2));
#2358=CARTESIAN_POINT('',(8.1,0.431985174967618,1.2));
#2359=CARTESIAN_POINT('',(8.1,0.431985174967618,1.2));
#2360=CARTESIAN_POINT('Origin',(7.08198517496762,0.431985174967618,1.2));
#2361=CARTESIAN_POINT('Origin',(8.1,-1.45,1.2));
#2362=CARTESIAN_POINT('',(8.1,-1.45,1.2));
#2363=CARTESIAN_POINT('',(8.1,-1.45,1.2));
#2364=CARTESIAN_POINT('',(8.1,-1.45,1.2));
#2365=CARTESIAN_POINT('Origin',(1.1,-1.45,1.2));
#2366=CARTESIAN_POINT('',(1.1,-1.45,1.2));
#2367=CARTESIAN_POINT('',(1.1,-1.45,1.2));
#2368=CARTESIAN_POINT('',(1.1,-1.45,1.2));
#2369=CARTESIAN_POINT('Origin',(1.1,0.431985174967619,1.2));
#2370=CARTESIAN_POINT('',(1.1,0.431985174967619,1.2));
#2371=CARTESIAN_POINT('',(1.1,0.431985174967619,1.2));
#2372=CARTESIAN_POINT('',(1.1,1.45,1.2));
#2373=CARTESIAN_POINT('Origin',(2.11801482503238,0.431985174967618,1.2));
#2374=CARTESIAN_POINT('',(3.13602965006476,0.431985174967618,1.2));
#2375=CARTESIAN_POINT('',(3.13602965006476,0.431985174967618,1.2));
#2376=CARTESIAN_POINT('Origin',(2.11801482503238,0.431985174967618,1.2));
#2377=CARTESIAN_POINT('Origin',(3.13602965006476,-0.799999982118607,1.2));
#2378=CARTESIAN_POINT('',(3.13602965006476,-0.799999982118607,1.2));
#2379=CARTESIAN_POINT('',(3.13602965006476,-0.799999982118607,1.2));
#2380=CARTESIAN_POINT('',(3.13602965006476,0.431985174967618,1.2));
#2381=CARTESIAN_POINT('Origin',(2.93602965006476,-0.799999982118607,1.2));
#2382=CARTESIAN_POINT('',(3.13602965006476,-0.799999982118607,1.2));
#2383=CARTESIAN_POINT('Origin',(4.6,0.,1.2));
#2384=CARTESIAN_POINT('Origin',(6.81397034993524,-0.625,-2.25));
#2385=CARTESIAN_POINT('',(6.26397034993524,0.431985174967619,-1.7));
#2386=CARTESIAN_POINT('',(7.56397034993524,1.09292280068142,-3.));
#2387=CARTESIAN_POINT('Origin',(7.08198517496762,0.431985174967618,-2.51801482503238));
#2388=CARTESIAN_POINT('',(7.56397034993524,-1.25,-3.));
#2389=CARTESIAN_POINT('',(7.56397034993524,-0.625,-3.));
#2390=CARTESIAN_POINT('',(6.06397034993524,-1.25,-1.5));
#2391=CARTESIAN_POINT('',(6.22297776245143,-1.25,-1.65900741251619));
#2392=CARTESIAN_POINT('',(6.06397034993524,-0.799999982118607,-1.5));
#2393=CARTESIAN_POINT('',(6.06397034993524,-0.625,-1.5));
#2394=CARTESIAN_POINT('',(6.26397034993524,-0.799999982118607,-1.7));
#2395=CARTESIAN_POINT('',(5.76397034993524,-0.799999982118607,-1.2));
#2396=CARTESIAN_POINT('',(6.26397034993524,-0.712499991059303,-1.7));
#2397=CARTESIAN_POINT('Origin',(7.9,-1.25,1.2));
#2398=CARTESIAN_POINT('',(7.9,-1.25,-3.));
#2399=CARTESIAN_POINT('',(7.9,-1.25,-3.));
#2400=CARTESIAN_POINT('',(7.9,-1.25,1.2));
#2401=CARTESIAN_POINT('',(7.9,-1.25,1.2));
#2402=CARTESIAN_POINT('',(6.06397034993524,-1.25,1.2));
#2403=CARTESIAN_POINT('',(7.9,-1.25,1.2));
#2404=CARTESIAN_POINT('',(6.06397034993524,-1.25,1.2));
#2405=CARTESIAN_POINT('Origin',(6.98198517496762,0.,-3.));
#2406=CARTESIAN_POINT('',(7.9,0.431985174967618,-3.));
#2407=CARTESIAN_POINT('Origin',(7.08198517496762,0.431985174967618,-3.));
#2408=CARTESIAN_POINT('',(7.9,0.431985174967618,-3.));
#2409=CARTESIAN_POINT('Origin',(7.08198517496762,0.431985174967618,1.2));
#2410=CARTESIAN_POINT('',(6.26397034993524,0.431985174967619,1.2));
#2411=CARTESIAN_POINT('',(6.26397034993524,0.431985174967619,1.2));
#2412=CARTESIAN_POINT('',(7.9,0.431985174967618,1.2));
#2413=CARTESIAN_POINT('Origin',(7.08198517496762,0.431985174967618,1.2));
#2414=CARTESIAN_POINT('',(7.9,0.431985174967618,1.2));
#2415=CARTESIAN_POINT('Origin',(6.06397034993524,-1.25,1.2));
#2416=CARTESIAN_POINT('',(6.06397034993524,-0.799999982118607,1.2));
#2417=CARTESIAN_POINT('',(6.06397034993524,-0.799999982118607,1.2));
#2418=CARTESIAN_POINT('',(6.06397034993524,-0.799999982118607,1.2));
#2419=CARTESIAN_POINT('Origin',(7.9,0.431985174967618,1.2));
#2420=CARTESIAN_POINT('',(7.9,0.431985174967618,1.2));
#2421=CARTESIAN_POINT('Origin',(6.26397034993524,-0.799999982118607,1.2));
#2422=CARTESIAN_POINT('',(6.26397034993524,-0.799999982118607,1.2));
#2423=CARTESIAN_POINT('',(6.26397034993524,-0.799999982118607,1.2));
#2424=CARTESIAN_POINT('',(6.26397034993524,-0.799999982118607,1.2));
#2425=CARTESIAN_POINT('Origin',(6.06397034993524,-0.799999982118607,1.2));
#2426=CARTESIAN_POINT('',(6.06397034993524,-0.799999982118607,1.2));
#2427=CARTESIAN_POINT('Origin',(6.98198517496762,0.,1.2));
#2428=CARTESIAN_POINT('Origin',(2.21801482503238,0.,1.2));
#2429=CARTESIAN_POINT('',(2.93602965006476,0.431985174967619,1.2));
#2430=CARTESIAN_POINT('',(1.3,0.431985174967618,1.2));
#2431=CARTESIAN_POINT('Origin',(2.11801482503238,0.431985174967618,1.2));
#2432=CARTESIAN_POINT('',(1.3,-1.25,1.2));
#2433=CARTESIAN_POINT('',(1.3,0.431985174967618,1.2));
#2434=CARTESIAN_POINT('',(3.13602965006476,-1.25,1.2));
#2435=CARTESIAN_POINT('',(7.9,-1.25,1.2));
#2436=CARTESIAN_POINT('',(3.13602965006476,-0.799999982118607,1.2));
#2437=CARTESIAN_POINT('',(3.13602965006476,-0.799999982118607,1.2));
#2438=CARTESIAN_POINT('',(2.93602965006476,-0.799999982118607,1.2));
#2439=CARTESIAN_POINT('',(3.13602965006476,-0.799999982118607,1.2));
#2440=CARTESIAN_POINT('',(2.93602965006476,0.431985174967619,1.2));
#2441=CARTESIAN_POINT('Origin',(2.93602965006476,0.431985174967619,1.2));
#2442=CARTESIAN_POINT('',(2.93602965006476,0.431985174967619,-1.7));
#2443=CARTESIAN_POINT('',(2.93602965006476,-0.799999982118607,-1.7));
#2444=CARTESIAN_POINT('',(2.93602965006476,0.0159925919541576,-1.7));
#2445=CARTESIAN_POINT('',(2.93602965006476,0.431985174967619,1.2));
#2446=CARTESIAN_POINT('',(2.93602965006476,-0.799999982118607,1.2));
#2447=CARTESIAN_POINT('Origin',(2.93602965006476,-0.799999982118607,1.2));
#2448=CARTESIAN_POINT('',(3.13602965006476,-0.799999982118607,-1.5));
#2449=CARTESIAN_POINT('',(3.38602965006476,-0.799999982118607,-1.25));
#2450=CARTESIAN_POINT('',(3.13602965006476,-0.799999982118607,1.2));
#2451=CARTESIAN_POINT('Origin',(3.13602965006476,-0.799999982118607,1.2));
#2452=CARTESIAN_POINT('',(3.13602965006476,-1.25,-1.5));
#2453=CARTESIAN_POINT('',(3.13602965006476,-0.399999991059303,-1.5));
#2454=CARTESIAN_POINT('',(3.13602965006476,-1.25,1.2));
#2455=CARTESIAN_POINT('Origin',(1.3,-1.25,1.2));
#2456=CARTESIAN_POINT('',(1.3,0.431985174967618,-3.));
#2457=CARTESIAN_POINT('',(1.3,0.431985174967618,1.2));
#2458=CARTESIAN_POINT('',(1.3,-1.25,-3.));
#2459=CARTESIAN_POINT('',(1.3,-1.25,-3.));
#2460=CARTESIAN_POINT('',(1.3,-1.25,1.2));
#2461=CARTESIAN_POINT('Origin',(3.13602965006476,-1.25,1.2));
#2462=CARTESIAN_POINT('',(1.63602965006476,-1.25,-3.));
#2463=CARTESIAN_POINT('',(3.43602965006476,-1.25,-1.2));
#2464=CARTESIAN_POINT('',(7.9,-1.25,-3.));
#2465=CARTESIAN_POINT('Origin',(2.21801482503238,0.,-3.));
#2466=CARTESIAN_POINT('',(1.63602965006476,1.09292280068142,-3.));
#2467=CARTESIAN_POINT('',(1.63602965006476,-0.399999991059303,-3.));
#2468=CARTESIAN_POINT('Origin',(2.11801482503238,0.431985174967618,-3.));
#2469=CARTESIAN_POINT('Origin',(2.11801482503238,0.431985174967618,1.2));
#2470=CARTESIAN_POINT('Origin',(2.11801482503238,0.431985174967618,-2.51801482503238));
#2471=CARTESIAN_POINT('Origin',(2.38602965006476,-0.399999991059303,-2.25));
#2472=CARTESIAN_POINT('',(0.,0.,0.));
#2473=CARTESIAN_POINT('Origin',(2.93602965006476,-0.799999982118607,-1.2));
#2474=CARTESIAN_POINT('',(3.13602965006476,-0.799999982118607,-7.9));
#2475=CARTESIAN_POINT('',(2.93602965006476,-0.799999982118607,-7.9));
#2476=CARTESIAN_POINT('Origin',(3.03602965006476,-0.799999982118607,-7.9));
#2477=CARTESIAN_POINT('',(3.13602965006476,-0.799999982118607,-1.2));
#2478=CARTESIAN_POINT('',(3.13602965006476,-0.799999982118607,-1.2));
#2479=CARTESIAN_POINT('',(2.93602965006476,-0.799999982118607,-1.2));
#2480=CARTESIAN_POINT('',(3.13602965006476,-0.799999982118607,-1.2));
#2481=CARTESIAN_POINT('',(2.93602965006476,-0.799999982118607,-1.2));
#2482=CARTESIAN_POINT('Origin',(3.03602965006476,-0.399999991059303,-7.9));
#2483=CARTESIAN_POINT('',(2.93602965006476,0.431985174967619,-7.9));
#2484=CARTESIAN_POINT('',(2.93602965006476,0.215992587483809,-7.9));
#2485=CARTESIAN_POINT('',(3.13602965006476,0.431985174967618,-7.9));
#2486=CARTESIAN_POINT('Origin',(3.03602965006476,0.431985174967618,-7.9));
#2487=CARTESIAN_POINT('',(3.13602965006476,-0.399999991059303,-7.9));
#2488=CARTESIAN_POINT('Origin',(2.11801482503238,0.431985174967618,-7.9));
#2489=CARTESIAN_POINT('',(1.3,0.431985174967618,-7.9));
#2490=CARTESIAN_POINT('',(1.1,0.431985174967619,-7.9));
#2491=CARTESIAN_POINT('Origin',(1.2,0.431985174967619,-7.9));
#2492=CARTESIAN_POINT('Origin',(2.11801482503238,0.431985174967618,-7.9));
#2493=CARTESIAN_POINT('Origin',(2.11801482503238,0.431985174967618,-7.9));
#2494=CARTESIAN_POINT('Origin',(1.2,0.215992587483809,-7.9));
#2495=CARTESIAN_POINT('',(1.1,-1.45,-7.9));
#2496=CARTESIAN_POINT('',(1.1,0.215992587483809,-7.9));
#2497=CARTESIAN_POINT('',(1.3,-1.25,-7.9));
#2498=CARTESIAN_POINT('',(1.3,-0.625,-7.9));
#2499=CARTESIAN_POINT('',(1.2,-1.35,-8.));
#2500=CARTESIAN_POINT('Origin',(1.2,-1.35,-7.9));
#2501=CARTESIAN_POINT('Origin',(1.2,-1.35,-7.9));
#2502=CARTESIAN_POINT('Origin',(2.85,-1.35,-7.9));
#2503=CARTESIAN_POINT('',(8.1,-1.45,-7.9));
#2504=CARTESIAN_POINT('',(2.85,-1.45,-7.9));
#2505=CARTESIAN_POINT('',(7.9,-1.25,-7.9));
#2506=CARTESIAN_POINT('',(6.25,-1.25,-7.9));
#2507=CARTESIAN_POINT('',(8.,-1.35,-8.));
#2508=CARTESIAN_POINT('Origin',(8.,-1.35,-7.9));
#2509=CARTESIAN_POINT('Origin',(8.,-1.35,-7.9));
#2510=CARTESIAN_POINT('Origin',(8.,-0.725,-7.9));
#2511=CARTESIAN_POINT('',(7.9,0.431985174967618,-7.9));
#2512=CARTESIAN_POINT('',(8.1,0.431985174967618,-7.9));
#2513=CARTESIAN_POINT('Origin',(8.,0.431985174967618,-7.9));
#2514=CARTESIAN_POINT('',(8.1,-0.725,-7.9));
#2515=CARTESIAN_POINT('',(7.9,0.215992587483809,-7.9));
#2516=CARTESIAN_POINT('Origin',(7.08198517496762,0.431985174967618,-7.9));
#2517=CARTESIAN_POINT('',(6.26397034993524,0.431985174967619,-7.9));
#2518=CARTESIAN_POINT('',(6.06397034993524,0.431985174967618,-7.9));
#2519=CARTESIAN_POINT('Origin',(6.16397034993524,0.431985174967619,-7.9));
#2520=CARTESIAN_POINT('Origin',(7.08198517496762,0.431985174967618,-7.9));
#2521=CARTESIAN_POINT('Origin',(7.08198517496762,0.431985174967618,-7.9));
#2522=CARTESIAN_POINT('Origin',(6.16397034993524,0.215992587483809,-7.9));
#2523=CARTESIAN_POINT('',(6.06397034993524,-0.799999982118607,-7.9));
#2524=CARTESIAN_POINT('',(6.06397034993524,0.215992587483809,-7.9));
#2525=CARTESIAN_POINT('',(6.26397034993524,-0.799999982118607,-7.9));
#2526=CARTESIAN_POINT('',(6.26397034993524,-0.399999991059303,-7.9));
#2527=CARTESIAN_POINT('',(6.16397034993524,-0.699999982118606,-8.));
#2528=CARTESIAN_POINT('Origin',(6.16397034993524,-0.699999982118606,-7.9));
#2529=CARTESIAN_POINT('Origin',(6.16397034993524,-0.699999982118606,-7.9));
#2530=CARTESIAN_POINT('Origin',(5.33198517496762,-0.699999982118606,-7.9));
#2531=CARTESIAN_POINT('',(5.33198517496762,-0.799999982118607,-7.9));
#2532=CARTESIAN_POINT('Origin',(3.13602965006476,-0.799999982118607,-1.2));
#2533=CARTESIAN_POINT('',(3.13602965006476,0.431985174967618,-1.2));
#2534=CARTESIAN_POINT('',(3.13602965006476,0.431985174967618,-1.2));
#2535=CARTESIAN_POINT('',(3.13602965006476,0.431985174967618,-1.2));
#2536=CARTESIAN_POINT('Origin',(2.11801482503238,0.431985174967618,-1.2));
#2537=CARTESIAN_POINT('',(1.1,0.431985174967619,-1.2));
#2538=CARTESIAN_POINT('',(1.1,0.431985174967619,-1.2));
#2539=CARTESIAN_POINT('Origin',(2.11801482503238,0.431985174967618,-1.2));
#2540=CARTESIAN_POINT('Origin',(1.1,0.431985174967619,-1.2));
#2541=CARTESIAN_POINT('',(1.1,-1.45,-1.2));
#2542=CARTESIAN_POINT('',(1.1,-1.45,-1.2));
#2543=CARTESIAN_POINT('',(1.1,1.45,-1.2));
#2544=CARTESIAN_POINT('Origin',(1.1,-1.45,-1.2));
#2545=CARTESIAN_POINT('',(8.1,-1.45,-1.2));
#2546=CARTESIAN_POINT('',(8.1,-1.45,-1.2));
#2547=CARTESIAN_POINT('',(1.1,-1.45,-1.2));
#2548=CARTESIAN_POINT('Origin',(8.1,-1.45,-1.2));
#2549=CARTESIAN_POINT('',(8.1,0.431985174967618,-1.2));
#2550=CARTESIAN_POINT('',(8.1,0.431985174967618,-1.2));
#2551=CARTESIAN_POINT('',(8.1,-1.45,-1.2));
#2552=CARTESIAN_POINT('Origin',(7.08198517496762,0.431985174967618,-1.2));
#2553=CARTESIAN_POINT('',(6.06397034993524,0.431985174967618,-1.2));
#2554=CARTESIAN_POINT('',(6.06397034993524,0.431985174967618,-1.2));
#2555=CARTESIAN_POINT('Origin',(7.08198517496762,0.431985174967618,-1.2));
#2556=CARTESIAN_POINT('Origin',(6.06397034993524,0.431985174967618,-1.2));
#2557=CARTESIAN_POINT('',(6.06397034993524,-0.799999982118607,-1.2));
#2558=CARTESIAN_POINT('',(6.06397034993524,-0.799999982118607,-1.2));
#2559=CARTESIAN_POINT('',(6.06397034993524,-0.599999982118607,-1.2));
#2560=CARTESIAN_POINT('Origin',(6.06397034993524,-0.799999982118607,-1.2));
#2561=CARTESIAN_POINT('',(6.26397034993524,-0.799999982118607,-1.2));
#2562=CARTESIAN_POINT('',(6.26397034993524,-0.799999982118607,-1.2));
#2563=CARTESIAN_POINT('',(6.06397034993524,-0.799999982118607,-1.2));
#2564=CARTESIAN_POINT('Origin',(6.26397034993524,-0.799999982118607,-1.2));
#2565=CARTESIAN_POINT('',(6.26397034993524,0.431985174967619,-1.2));
#2566=CARTESIAN_POINT('',(6.26397034993524,0.431985174967619,-1.2));
#2567=CARTESIAN_POINT('',(6.26397034993524,-0.799999982118607,-1.2));
#2568=CARTESIAN_POINT('Origin',(2.11801482503238,0.431985174967618,-1.2));
#2569=CARTESIAN_POINT('',(2.93602965006476,0.431985174967619,-1.2));
#2570=CARTESIAN_POINT('',(2.93602965006476,0.431985174967619,-1.2));
#2571=CARTESIAN_POINT('',(1.3,0.431985174967618,-1.2));
#2572=CARTESIAN_POINT('Origin',(2.11801482503238,0.431985174967618,-1.2));
#2573=CARTESIAN_POINT('',(1.3,0.431985174967618,-1.2));
#2574=CARTESIAN_POINT('Origin',(1.3,-1.25,-1.2));
#2575=CARTESIAN_POINT('',(1.3,-1.25,-1.2));
#2576=CARTESIAN_POINT('',(1.3,0.431985174967618,-1.2));
#2577=CARTESIAN_POINT('',(1.3,-1.25,-1.2));
#2578=CARTESIAN_POINT('Origin',(7.9,-1.25,-1.2));
#2579=CARTESIAN_POINT('',(3.13602965006476,-1.25,-1.2));
#2580=CARTESIAN_POINT('',(7.9,-1.25,-1.2));
#2581=CARTESIAN_POINT('',(6.06397034993524,-1.25,-1.2));
#2582=CARTESIAN_POINT('',(7.9,-1.25,-1.2));
#2583=CARTESIAN_POINT('',(7.9,-1.25,-1.2));
#2584=CARTESIAN_POINT('',(7.9,-1.25,-1.2));
#2585=CARTESIAN_POINT('',(7.9,-1.25,-1.2));
#2586=CARTESIAN_POINT('Origin',(7.9,0.431985174967618,-1.2));
#2587=CARTESIAN_POINT('',(7.9,0.431985174967618,-1.2));
#2588=CARTESIAN_POINT('',(7.9,0.431985174967618,-1.2));
#2589=CARTESIAN_POINT('',(7.9,0.431985174967618,-1.2));
#2590=CARTESIAN_POINT('Origin',(7.08198517496762,0.431985174967618,-1.2));
#2591=CARTESIAN_POINT('Origin',(7.08198517496762,0.431985174967618,-1.2));
#2592=CARTESIAN_POINT('Origin',(2.93602965006476,0.431985174967619,-1.2));
#2593=CARTESIAN_POINT('',(2.93602965006476,0.431985174967619,-1.2));
#2594=CARTESIAN_POINT('Origin',(4.6,0.,-1.2));
#2595=CARTESIAN_POINT('Origin',(6.81397034993524,-0.625,2.25));
#2596=CARTESIAN_POINT('',(6.26397034993524,0.431985174967619,1.7));
#2597=CARTESIAN_POINT('',(7.56397034993524,1.09292280068142,3.));
#2598=CARTESIAN_POINT('Origin',(7.08198517496762,0.431985174967618,2.51801482503238));
#2599=CARTESIAN_POINT('',(6.26397034993524,-0.799999982118607,1.7));
#2600=CARTESIAN_POINT('',(6.26397034993524,-0.712499991059303,1.7));
#2601=CARTESIAN_POINT('',(6.06397034993524,-0.799999982118607,1.5));
#2602=CARTESIAN_POINT('',(5.76397034993524,-0.799999982118607,1.2));
#2603=CARTESIAN_POINT('',(6.06397034993524,-1.25,1.5));
#2604=CARTESIAN_POINT('',(6.06397034993524,-0.625,1.5));
#2605=CARTESIAN_POINT('',(7.56397034993524,-1.25,3.));
#2606=CARTESIAN_POINT('',(6.22297776245143,-1.25,1.65900741251619));
#2607=CARTESIAN_POINT('',(7.56397034993524,-0.625,3.));
#2608=CARTESIAN_POINT('Origin',(7.9,-1.25,-1.2));
#2609=CARTESIAN_POINT('',(6.06397034993524,-1.25,-1.2));
#2610=CARTESIAN_POINT('',(6.06397034993524,-1.25,-1.2));
#2611=CARTESIAN_POINT('',(7.9,-1.25,-1.2));
#2612=CARTESIAN_POINT('',(7.9,-1.25,-1.2));
#2613=CARTESIAN_POINT('',(7.9,-1.25,3.));
#2614=CARTESIAN_POINT('',(7.9,-1.25,-1.2));
#2615=CARTESIAN_POINT('',(7.9,-1.25,3.));
#2616=CARTESIAN_POINT('Origin',(6.98198517496762,0.,3.));
#2617=CARTESIAN_POINT('',(7.9,0.431985174967618,3.));
#2618=CARTESIAN_POINT('',(7.9,0.431985174967618,3.));
#2619=CARTESIAN_POINT('Origin',(7.08198517496762,0.431985174967618,3.));
#2620=CARTESIAN_POINT('Origin',(7.08198517496762,0.431985174967618,-1.2));
#2621=CARTESIAN_POINT('',(7.9,0.431985174967618,-1.2));
#2622=CARTESIAN_POINT('',(7.9,0.431985174967618,-1.2));
#2623=CARTESIAN_POINT('',(6.26397034993524,0.431985174967619,-1.2));
#2624=CARTESIAN_POINT('Origin',(7.08198517496762,0.431985174967618,-1.2));
#2625=CARTESIAN_POINT('',(6.26397034993524,0.431985174967619,-1.2));
#2626=CARTESIAN_POINT('Origin',(6.06397034993524,-1.25,-1.2));
#2627=CARTESIAN_POINT('',(6.06397034993524,-0.799999982118607,-1.2));
#2628=CARTESIAN_POINT('',(6.06397034993524,-0.799999982118607,-1.2));
#2629=CARTESIAN_POINT('',(6.06397034993524,-0.799999982118607,-1.2));
#2630=CARTESIAN_POINT('Origin',(7.9,0.431985174967618,-1.2));
#2631=CARTESIAN_POINT('',(7.9,0.431985174967618,-1.2));
#2632=CARTESIAN_POINT('Origin',(6.26397034993524,-0.799999982118607,-1.2));
#2633=CARTESIAN_POINT('',(6.26397034993524,-0.799999982118607,-1.2));
#2634=CARTESIAN_POINT('',(6.26397034993524,-0.799999982118607,-1.2));
#2635=CARTESIAN_POINT('',(6.26397034993524,-0.799999982118607,-1.2));
#2636=CARTESIAN_POINT('Origin',(6.06397034993524,-0.799999982118607,-1.2));
#2637=CARTESIAN_POINT('',(6.06397034993524,-0.799999982118607,-1.2));
#2638=CARTESIAN_POINT('Origin',(6.98198517496762,0.,-1.2));
#2639=CARTESIAN_POINT('Origin',(2.21801482503238,0.,-1.2));
#2640=CARTESIAN_POINT('',(2.93602965006476,0.431985174967619,-1.2));
#2641=CARTESIAN_POINT('',(1.3,0.431985174967618,-1.2));
#2642=CARTESIAN_POINT('Origin',(2.11801482503238,0.431985174967618,-1.2));
#2643=CARTESIAN_POINT('',(2.93602965006476,-0.799999982118607,-1.2));
#2644=CARTESIAN_POINT('',(2.93602965006476,0.431985174967619,-1.2));
#2645=CARTESIAN_POINT('',(3.13602965006476,-0.799999982118607,-1.2));
#2646=CARTESIAN_POINT('',(3.13602965006476,-0.799999982118607,-1.2));
#2647=CARTESIAN_POINT('',(3.13602965006476,-1.25,-1.2));
#2648=CARTESIAN_POINT('',(3.13602965006476,-0.799999982118607,-1.2));
#2649=CARTESIAN_POINT('',(1.3,-1.25,-1.2));
#2650=CARTESIAN_POINT('',(7.9,-1.25,-1.2));
#2651=CARTESIAN_POINT('',(1.3,0.431985174967618,-1.2));
#2652=CARTESIAN_POINT('Origin',(2.93602965006476,0.431985174967619,-1.2));
#2653=CARTESIAN_POINT('',(2.93602965006476,0.431985174967619,1.7));
#2654=CARTESIAN_POINT('',(2.93602965006476,-0.799999982118607,1.7));
#2655=CARTESIAN_POINT('',(2.93602965006476,0.0159925919541576,1.7));
#2656=CARTESIAN_POINT('',(2.93602965006476,-0.799999982118607,-1.2));
#2657=CARTESIAN_POINT('',(2.93602965006476,0.431985174967619,-1.2));
#2658=CARTESIAN_POINT('Origin',(2.93602965006476,-0.799999982118607,-1.2));
#2659=CARTESIAN_POINT('',(3.13602965006476,-0.799999982118607,1.5));
#2660=CARTESIAN_POINT('',(3.38602965006476,-0.799999982118607,1.25));
#2661=CARTESIAN_POINT('',(3.13602965006476,-0.799999982118607,-1.2));
#2662=CARTESIAN_POINT('Origin',(3.13602965006476,-0.799999982118607,-1.2));
#2663=CARTESIAN_POINT('',(3.13602965006476,-1.25,1.5));
#2664=CARTESIAN_POINT('',(3.13602965006476,-0.399999991059303,1.5));
#2665=CARTESIAN_POINT('',(3.13602965006476,-1.25,-1.2));
#2666=CARTESIAN_POINT('Origin',(1.3,-1.25,-1.2));
#2667=CARTESIAN_POINT('',(1.3,-1.25,3.));
#2668=CARTESIAN_POINT('',(1.3,-1.25,-1.2));
#2669=CARTESIAN_POINT('',(1.3,0.431985174967618,3.));
#2670=CARTESIAN_POINT('',(1.3,-1.25,3.));
#2671=CARTESIAN_POINT('',(1.3,0.431985174967618,-1.2));
#2672=CARTESIAN_POINT('Origin',(3.13602965006476,-1.25,-1.2));
#2673=CARTESIAN_POINT('',(1.63602965006476,-1.25,3.));
#2674=CARTESIAN_POINT('',(3.43602965006476,-1.25,1.2));
#2675=CARTESIAN_POINT('',(7.9,-1.25,3.));
#2676=CARTESIAN_POINT('Origin',(2.21801482503238,0.,3.));
#2677=CARTESIAN_POINT('',(1.63602965006476,1.09292280068142,3.));
#2678=CARTESIAN_POINT('',(1.63602965006476,-0.399999991059303,3.));
#2679=CARTESIAN_POINT('Origin',(2.11801482503238,0.431985174967618,3.));
#2680=CARTESIAN_POINT('Origin',(2.11801482503238,0.431985174967618,-1.2));
#2681=CARTESIAN_POINT('Origin',(2.11801482503238,0.431985174967618,2.51801482503238));
#2682=CARTESIAN_POINT('Origin',(2.38602965006476,-0.399999991059303,2.25));
#2683=CARTESIAN_POINT('',(0.,0.,0.));
#2684=CARTESIAN_POINT('',(0.,0.,0.));
#2685=CARTESIAN_POINT('',(0.,0.,0.));
#2686=UNCERTAINTY_MEASURE_WITH_UNIT(LENGTH_MEASURE(0.01),#2696,
'DISTANCE_ACCURACY_VALUE',
'Maximum model space distance between geometric entities at asserted c
onnectivities');
#2687=UNCERTAINTY_MEASURE_WITH_UNIT(LENGTH_MEASURE(0.01),#2696,
'DISTANCE_ACCURACY_VALUE',
'Maximum model space distance between geometric entities at asserted c
onnectivities');
#2688=UNCERTAINTY_MEASURE_WITH_UNIT(LENGTH_MEASURE(0.01),#2696,
'DISTANCE_ACCURACY_VALUE',
'Maximum model space distance between geometric entities at asserted c
onnectivities');
#2689=UNCERTAINTY_MEASURE_WITH_UNIT(LENGTH_MEASURE(0.01),#2696,
'DISTANCE_ACCURACY_VALUE',
'Maximum model space distance between geometric entities at asserted c
onnectivities');
#2690=UNCERTAINTY_MEASURE_WITH_UNIT(LENGTH_MEASURE(0.01),#2696,
'DISTANCE_ACCURACY_VALUE',
'Maximum model space distance between geometric entities at asserted c
onnectivities');
#2691=(
GEOMETRIC_REPRESENTATION_CONTEXT(3)
GLOBAL_UNCERTAINTY_ASSIGNED_CONTEXT((#2686))
GLOBAL_UNIT_ASSIGNED_CONTEXT((#2696,#2698,#2699))
REPRESENTATION_CONTEXT('','3D')
);
#2692=(
GEOMETRIC_REPRESENTATION_CONTEXT(3)
GLOBAL_UNCERTAINTY_ASSIGNED_CONTEXT((#2687))
GLOBAL_UNIT_ASSIGNED_CONTEXT((#2696,#2698,#2699))
REPRESENTATION_CONTEXT('','3D')
);
#2693=(
GEOMETRIC_REPRESENTATION_CONTEXT(3)
GLOBAL_UNCERTAINTY_ASSIGNED_CONTEXT((#2688))
GLOBAL_UNIT_ASSIGNED_CONTEXT((#2696,#2698,#2699))
REPRESENTATION_CONTEXT('','3D')
);
#2694=(
GEOMETRIC_REPRESENTATION_CONTEXT(3)
GLOBAL_UNCERTAINTY_ASSIGNED_CONTEXT((#2689))
GLOBAL_UNIT_ASSIGNED_CONTEXT((#2696,#2698,#2699))
REPRESENTATION_CONTEXT('','3D')
);
#2695=(
GEOMETRIC_REPRESENTATION_CONTEXT(3)
GLOBAL_UNCERTAINTY_ASSIGNED_CONTEXT((#2690))
GLOBAL_UNIT_ASSIGNED_CONTEXT((#2696,#2698,#2699))
REPRESENTATION_CONTEXT('','3D')
);
#2696=(
LENGTH_UNIT()
NAMED_UNIT(*)
SI_UNIT(.MILLI.,.METRE.)
);
#2697=(
LENGTH_UNIT()
NAMED_UNIT(*)
SI_UNIT($,.METRE.)
);
#2698=(
NAMED_UNIT(*)
PLANE_ANGLE_UNIT()
SI_UNIT($,.RADIAN.)
);
#2699=(
NAMED_UNIT(*)
SI_UNIT($,.STERADIAN.)
SOLID_ANGLE_UNIT()
);
#2700=SHAPE_DEFINITION_REPRESENTATION(#2704,#2711);
#2701=SHAPE_DEFINITION_REPRESENTATION(#2705,#2712);
#2702=SHAPE_DEFINITION_REPRESENTATION(#2706,#2713);
#2703=SHAPE_DEFINITION_REPRESENTATION(#2707,#2714);
#2704=PRODUCT_DEFINITION_SHAPE('',$,#2716);
#2705=PRODUCT_DEFINITION_SHAPE('',$,#2717);
#2706=PRODUCT_DEFINITION_SHAPE('',$,#2718);
#2707=PRODUCT_DEFINITION_SHAPE('',$,#2719);
#2708=PRODUCT_DEFINITION_SHAPE($,$,#20);
#2709=PRODUCT_DEFINITION_SHAPE($,$,#21);
#2710=PRODUCT_DEFINITION_SHAPE($,$,#22);
#2711=SHAPE_REPRESENTATION('',(#1620,#1766,#1767,#1768),#2691);
#2712=SHAPE_REPRESENTATION('',(#1621),#2692);
#2713=SHAPE_REPRESENTATION('',(#1628),#2693);
#2714=SHAPE_REPRESENTATION('',(#1697),#2694);
#2715=PRODUCT_DEFINITION_CONTEXT('part definition',#2729,'design');
#2716=PRODUCT_DEFINITION('Fuse BX503-35','Fuse BX503-35 v2',#2720,#2715);
#2717=PRODUCT_DEFINITION('plate','plate',#2721,#2715);
#2718=PRODUCT_DEFINITION('terminal','terminal',#2722,#2715);
#2719=PRODUCT_DEFINITION('terminal(Mirror)','terminal(Mirror)',#2723,#2715);
#2720=PRODUCT_DEFINITION_FORMATION('',$,#2731);
#2721=PRODUCT_DEFINITION_FORMATION('',$,#2732);
#2722=PRODUCT_DEFINITION_FORMATION('',$,#2733);
#2723=PRODUCT_DEFINITION_FORMATION('',$,#2734);
#2724=PRODUCT_RELATED_PRODUCT_CATEGORY('Fuse BX503-35 v2',
'Fuse BX503-35 v2',(#2731));
#2725=PRODUCT_RELATED_PRODUCT_CATEGORY('plate','plate',(#2732));
#2726=PRODUCT_RELATED_PRODUCT_CATEGORY('terminal','terminal',(#2733));
#2727=PRODUCT_RELATED_PRODUCT_CATEGORY('terminal(Mirror)',
'terminal(Mirror)',(#2734));
#2728=APPLICATION_PROTOCOL_DEFINITION('international standard',
'automotive_design',2009,#2729);
#2729=APPLICATION_CONTEXT(
'Core Data for Automotive Mechanical Design Process');
#2730=PRODUCT_CONTEXT('part definition',#2729,'mechanical');
#2731=PRODUCT('Fuse BX503-35','Fuse BX503-35 v2',$,(#2730));
#2732=PRODUCT('plate','plate',$,(#2730));
#2733=PRODUCT('terminal','terminal',$,(#2730));
#2734=PRODUCT('terminal(Mirror)','terminal(Mirror)',$,(#2730));
#2735=PRESENTATION_STYLE_ASSIGNMENT((#2737));
#2736=PRESENTATION_STYLE_ASSIGNMENT((#2738));
#2737=SURFACE_STYLE_USAGE(.BOTH.,#2739);
#2738=SURFACE_STYLE_USAGE(.BOTH.,#2740);
#2739=SURFACE_SIDE_STYLE('',(#2741));
#2740=SURFACE_SIDE_STYLE('',(#2742));
#2741=SURFACE_STYLE_FILL_AREA(#2743);
#2742=SURFACE_STYLE_FILL_AREA(#2744);
#2743=FILL_AREA_STYLE('Steel - Satin',(#2745));
#2744=FILL_AREA_STYLE('Silver - Satin',(#2746));
#2745=FILL_AREA_STYLE_COLOUR('Steel - Satin',#2747);
#2746=FILL_AREA_STYLE_COLOUR('Silver - Satin',#2748);
#2747=COLOUR_RGB('Steel - Satin',0.627450980392157,0.627450980392157,0.627450980392157);
#2748=COLOUR_RGB('Silver - Satin',0.984313725490196,0.980392156862745,0.96078431372549);
ENDSEC;
END-ISO-10303-21;
