ISO-10303-21;
HEADER;
FILE_DESCRIPTION(('KiCad electronic assembly'),'2;1');
FILE_NAME('IP5306-LiPoCharger.step','2025-11-03T17:53:55',('Pcbnew'),(
    'Kicad'),'Open CASCADE STEP processor 7.8','KiCad to STEP converter'
  ,'Unknown');
FILE_SCHEMA(('AUTOMOTIVE_DESIGN { 1 0 10303 214 1 1 1 1 }'));
ENDSEC;
DATA;
#1 = APPLICATION_PROTOCOL_DEFINITION('international standard',
  'automotive_design',2000,#2);
#2 = APPLICATION_CONTEXT(
  'core data for automotive mechanical design processes');
#3 = SHAPE_DEFINITION_REPRESENTATION(#4,#10);
#4 = PRODUCT_DEFINITION_SHAPE('','',#5);
#5 = PRODUCT_DEFINITION('design','',#6,#9);
#6 = PRODUCT_DEFINITION_FORMATION('','',#7);
#7 = PRODUCT('IP5306-LiPoCharger 1','IP5306-LiPoCharger 1','',(#8));
#8 = PRODUCT_CONTEXT('',#2,'mechanical');
#9 = PRODUCT_DEFINITION_CONTEXT('part definition',#2,'design');
#10 = SHAPE_REPRESENTATION('',(#11,#15,#19,#23),#27);
#11 = AXIS2_PLACEMENT_3D('',#12,#13,#14);
#12 = CARTESIAN_POINT('',(0.,0.,0.));
#13 = DIRECTION('',(0.,0.,1.));
#14 = DIRECTION('',(1.,0.,-0.));
#15 = AXIS2_PLACEMENT_3D('',#16,#17,#18);
#16 = CARTESIAN_POINT('',(-10.75,6.35,-8.5E-02));
#17 = DIRECTION('',(1.499759782662E-32,1.224646799147E-16,-1.));
#18 = DIRECTION('',(-1.,1.224646799147E-16,0.));
#19 = AXIS2_PLACEMENT_3D('',#20,#21,#22);
#20 = CARTESIAN_POINT('',(0.,0.,0.));
#21 = DIRECTION('',(0.,0.,1.));
#22 = DIRECTION('',(1.,0.,-0.));
#23 = AXIS2_PLACEMENT_3D('',#24,#25,#26);
#24 = CARTESIAN_POINT('',(0.,0.,0.));
#25 = DIRECTION('',(0.,0.,1.));
#26 = DIRECTION('',(1.,0.,-0.));
#27 = ( GEOMETRIC_REPRESENTATION_CONTEXT(3) 
GLOBAL_UNCERTAINTY_ASSIGNED_CONTEXT((#31)) GLOBAL_UNIT_ASSIGNED_CONTEXT(
(#28,#29,#30)) REPRESENTATION_CONTEXT('Context #1',
  '3D Context with UNIT and UNCERTAINTY') );
#28 = ( LENGTH_UNIT() NAMED_UNIT(*) SI_UNIT(.MILLI.,.METRE.) );
#29 = ( NAMED_UNIT(*) PLANE_ANGLE_UNIT() SI_UNIT($,.RADIAN.) );
#30 = ( NAMED_UNIT(*) SI_UNIT($,.STERADIAN.) SOLID_ANGLE_UNIT() );
#31 = UNCERTAINTY_MEASURE_WITH_UNIT(LENGTH_MEASURE(1.E-07),#28,
  'distance_accuracy_value','confusion accuracy');
#32 = PRODUCT_RELATED_PRODUCT_CATEGORY('part',$,(#7));
#33 = SHAPE_DEFINITION_REPRESENTATION(#34,#40);
#34 = PRODUCT_DEFINITION_SHAPE('','',#35);
#35 = PRODUCT_DEFINITION('design','',#36,#39);
#36 = PRODUCT_DEFINITION_FORMATION('','',#37);
#37 = PRODUCT('PinHeader_1x06_P2.54mm_Vertical',
  'PinHeader_1x06_P2.54mm_Vertical','',(#38));
#38 = PRODUCT_CONTEXT('',#2,'mechanical');
#39 = PRODUCT_DEFINITION_CONTEXT('part definition',#2,'design');
#40 = ADVANCED_BREP_SHAPE_REPRESENTATION('',(#11,#41),#4169);
#41 = MANIFOLD_SOLID_BREP('',#42);
#42 = CLOSED_SHELL('',(#43,#83,#114,#145,#638,#1131,#1148,#1165,#1182,
    #1199,#1216,#1233,#1250,#1267,#1284,#1301,#1318,#1335,#1352,#1369,
    #1386,#1403,#1420,#1437,#1454,#1471,#1488,#1505,#1522,#1539,#1556,
    #1573,#1590,#1607,#1624,#1641,#1658,#1675,#1692,#1709,#1721,#1752,
    #1776,#1800,#1817,#1848,#1872,#1896,#1913,#1944,#1968,#1992,#2009,
    #2040,#2064,#2088,#2105,#2136,#2160,#2184,#2201,#2232,#2256,#2280,
    #2297,#2328,#2352,#2376,#2393,#2424,#2448,#2472,#2489,#2520,#2544,
    #2568,#2585,#2616,#2640,#2664,#2681,#2712,#2736,#2760,#2777,#2808,
    #2832,#2856,#2873,#2904,#2928,#2952,#2969,#3000,#3024,#3048,#3065,
    #3096,#3120,#3144,#3161,#3192,#3216,#3240,#3257,#3288,#3312,#3336,
    #3353,#3384,#3408,#3432,#3449,#3480,#3504,#3528,#3545,#3576,#3600,
    #3624,#3641,#3672,#3696,#3720,#3737,#3768,#3792,#3816,#3833,#3864,
    #3888,#3912,#3929,#3960,#3984,#4008,#4025,#4037,#4049,#4061,#4073,
    #4085,#4097,#4109,#4121,#4133,#4145,#4157));
#43 = ADVANCED_FACE('',(#44),#78,.F.);
#44 = FACE_BOUND('',#45,.F.);
#45 = EDGE_LOOP('',(#46,#56,#64,#72));
#46 = ORIENTED_EDGE('',*,*,#47,.T.);
#47 = EDGE_CURVE('',#48,#50,#52,.T.);
#48 = VERTEX_POINT('',#49);
#49 = CARTESIAN_POINT('',(-1.016,1.27,0.));
#50 = VERTEX_POINT('',#51);
#51 = CARTESIAN_POINT('',(-1.016,1.27,2.54));
#52 = LINE('',#53,#54);
#53 = CARTESIAN_POINT('',(-1.016,1.27,0.));
#54 = VECTOR('',#55,1.);
#55 = DIRECTION('',(0.,0.,1.));
#56 = ORIENTED_EDGE('',*,*,#57,.T.);
#57 = EDGE_CURVE('',#50,#58,#60,.T.);
#58 = VERTEX_POINT('',#59);
#59 = CARTESIAN_POINT('',(-1.27,1.016,2.54));
#60 = LINE('',#61,#62);
#61 = CARTESIAN_POINT('',(-1.016,1.27,2.54));
#62 = VECTOR('',#63,1.);
#63 = DIRECTION('',(-0.707106781187,-0.707106781187,0.));
#64 = ORIENTED_EDGE('',*,*,#65,.F.);
#65 = EDGE_CURVE('',#66,#58,#68,.T.);
#66 = VERTEX_POINT('',#67);
#67 = CARTESIAN_POINT('',(-1.27,1.016,0.));
#68 = LINE('',#69,#70);
#69 = CARTESIAN_POINT('',(-1.27,1.016,0.));
#70 = VECTOR('',#71,1.);
#71 = DIRECTION('',(0.,0.,1.));
#72 = ORIENTED_EDGE('',*,*,#73,.F.);
#73 = EDGE_CURVE('',#48,#66,#74,.T.);
#74 = LINE('',#75,#76);
#75 = CARTESIAN_POINT('',(-1.016,1.27,0.));
#76 = VECTOR('',#77,1.);
#77 = DIRECTION('',(-0.707106781187,-0.707106781187,0.));
#78 = PLANE('',#79);
#79 = AXIS2_PLACEMENT_3D('',#80,#81,#82);
#80 = CARTESIAN_POINT('',(-1.016,1.27,0.));
#81 = DIRECTION('',(0.707106781187,-0.707106781187,0.));
#82 = DIRECTION('',(-0.707106781187,-0.707106781187,0.));
#83 = ADVANCED_FACE('',(#84),#109,.F.);
#84 = FACE_BOUND('',#85,.F.);
#85 = EDGE_LOOP('',(#86,#96,#102,#103));
#86 = ORIENTED_EDGE('',*,*,#87,.T.);
#87 = EDGE_CURVE('',#88,#90,#92,.T.);
#88 = VERTEX_POINT('',#89);
#89 = CARTESIAN_POINT('',(1.016,1.27,0.));
#90 = VERTEX_POINT('',#91);
#91 = CARTESIAN_POINT('',(1.016,1.27,2.54));
#92 = LINE('',#93,#94);
#93 = CARTESIAN_POINT('',(1.016,1.27,0.));
#94 = VECTOR('',#95,1.);
#95 = DIRECTION('',(0.,0.,1.));
#96 = ORIENTED_EDGE('',*,*,#97,.T.);
#97 = EDGE_CURVE('',#90,#50,#98,.T.);
#98 = LINE('',#99,#100);
#99 = CARTESIAN_POINT('',(1.016,1.27,2.54));
#100 = VECTOR('',#101,1.);
#101 = DIRECTION('',(-1.,0.,0.));
#102 = ORIENTED_EDGE('',*,*,#47,.F.);
#103 = ORIENTED_EDGE('',*,*,#104,.F.);
#104 = EDGE_CURVE('',#88,#48,#105,.T.);
#105 = LINE('',#106,#107);
#106 = CARTESIAN_POINT('',(1.016,1.27,0.));
#107 = VECTOR('',#108,1.);
#108 = DIRECTION('',(-1.,0.,0.));
#109 = PLANE('',#110);
#110 = AXIS2_PLACEMENT_3D('',#111,#112,#113);
#111 = CARTESIAN_POINT('',(1.016,1.27,0.));
#112 = DIRECTION('',(0.,-1.,0.));
#113 = DIRECTION('',(-1.,0.,0.));
#114 = ADVANCED_FACE('',(#115),#140,.F.);
#115 = FACE_BOUND('',#116,.F.);
#116 = EDGE_LOOP('',(#117,#118,#126,#134));
#117 = ORIENTED_EDGE('',*,*,#65,.T.);
#118 = ORIENTED_EDGE('',*,*,#119,.T.);
#119 = EDGE_CURVE('',#58,#120,#122,.T.);
#120 = VERTEX_POINT('',#121);
#121 = CARTESIAN_POINT('',(-1.27,-1.016,2.54));
#122 = LINE('',#123,#124);
#123 = CARTESIAN_POINT('',(-1.27,1.016,2.54));
#124 = VECTOR('',#125,1.);
#125 = DIRECTION('',(0.,-1.,0.));
#126 = ORIENTED_EDGE('',*,*,#127,.F.);
#127 = EDGE_CURVE('',#128,#120,#130,.T.);
#128 = VERTEX_POINT('',#129);
#129 = CARTESIAN_POINT('',(-1.27,-1.016,0.));
#130 = LINE('',#131,#132);
#131 = CARTESIAN_POINT('',(-1.27,-1.016,0.));
#132 = VECTOR('',#133,1.);
#133 = DIRECTION('',(0.,0.,1.));
#134 = ORIENTED_EDGE('',*,*,#135,.F.);
#135 = EDGE_CURVE('',#66,#128,#136,.T.);
#136 = LINE('',#137,#138);
#137 = CARTESIAN_POINT('',(-1.27,1.016,0.));
#138 = VECTOR('',#139,1.);
#139 = DIRECTION('',(0.,-1.,0.));
#140 = PLANE('',#141);
#141 = AXIS2_PLACEMENT_3D('',#142,#143,#144);
#142 = CARTESIAN_POINT('',(-1.27,1.016,0.));
#143 = DIRECTION('',(1.,0.,0.));
#144 = DIRECTION('',(0.,-1.,0.));
#145 = ADVANCED_FACE('',(#146,#429,#463,#497,#531,#565,#599),#633,.F.);
#146 = FACE_BOUND('',#147,.F.);
#147 = EDGE_LOOP('',(#148,#149,#150,#158,#166,#174,#182,#190,#198,#206,
    #214,#222,#230,#238,#246,#254,#262,#270,#278,#286,#294,#302,#310,
    #318,#326,#334,#342,#350,#358,#366,#374,#382,#390,#398,#406,#414,
    #422,#428));
#148 = ORIENTED_EDGE('',*,*,#73,.T.);
#149 = ORIENTED_EDGE('',*,*,#135,.T.);
#150 = ORIENTED_EDGE('',*,*,#151,.T.);
#151 = EDGE_CURVE('',#128,#152,#154,.T.);
#152 = VERTEX_POINT('',#153);
#153 = CARTESIAN_POINT('',(-1.016,-1.27,0.));
#154 = LINE('',#155,#156);
#155 = CARTESIAN_POINT('',(-1.27,-1.016,0.));
#156 = VECTOR('',#157,1.);
#157 = DIRECTION('',(0.707106781187,-0.707106781187,0.));
#158 = ORIENTED_EDGE('',*,*,#159,.T.);
#159 = EDGE_CURVE('',#152,#160,#162,.T.);
#160 = VERTEX_POINT('',#161);
#161 = CARTESIAN_POINT('',(-1.27,-1.524,0.));
#162 = LINE('',#163,#164);
#163 = CARTESIAN_POINT('',(-1.016,-1.27,0.));
#164 = VECTOR('',#165,1.);
#165 = DIRECTION('',(-0.707106781187,-0.707106781187,0.));
#166 = ORIENTED_EDGE('',*,*,#167,.T.);
#167 = EDGE_CURVE('',#160,#168,#170,.T.);
#168 = VERTEX_POINT('',#169);
#169 = CARTESIAN_POINT('',(-1.27,-3.556,0.));
#170 = LINE('',#171,#172);
#171 = CARTESIAN_POINT('',(-1.27,-1.524,0.));
#172 = VECTOR('',#173,1.);
#173 = DIRECTION('',(0.,-1.,0.));
#174 = ORIENTED_EDGE('',*,*,#175,.T.);
#175 = EDGE_CURVE('',#168,#176,#178,.T.);
#176 = VERTEX_POINT('',#177);
#177 = CARTESIAN_POINT('',(-1.016,-3.81,0.));
#178 = LINE('',#179,#180);
#179 = CARTESIAN_POINT('',(-1.27,-3.556,0.));
#180 = VECTOR('',#181,1.);
#181 = DIRECTION('',(0.707106781187,-0.707106781187,0.));
#182 = ORIENTED_EDGE('',*,*,#183,.T.);
#183 = EDGE_CURVE('',#176,#184,#186,.T.);
#184 = VERTEX_POINT('',#185);
#185 = CARTESIAN_POINT('',(-1.27,-4.064,0.));
#186 = LINE('',#187,#188);
#187 = CARTESIAN_POINT('',(-1.016,-3.81,0.));
#188 = VECTOR('',#189,1.);
#189 = DIRECTION('',(-0.707106781187,-0.707106781187,0.));
#190 = ORIENTED_EDGE('',*,*,#191,.T.);
#191 = EDGE_CURVE('',#184,#192,#194,.T.);
#192 = VERTEX_POINT('',#193);
#193 = CARTESIAN_POINT('',(-1.27,-6.096,0.));
#194 = LINE('',#195,#196);
#195 = CARTESIAN_POINT('',(-1.27,-4.064,0.));
#196 = VECTOR('',#197,1.);
#197 = DIRECTION('',(0.,-1.,0.));
#198 = ORIENTED_EDGE('',*,*,#199,.T.);
#199 = EDGE_CURVE('',#192,#200,#202,.T.);
#200 = VERTEX_POINT('',#201);
#201 = CARTESIAN_POINT('',(-1.016,-6.35,0.));
#202 = LINE('',#203,#204);
#203 = CARTESIAN_POINT('',(-1.27,-6.096,0.));
#204 = VECTOR('',#205,1.);
#205 = DIRECTION('',(0.707106781187,-0.707106781187,0.));
#206 = ORIENTED_EDGE('',*,*,#207,.T.);
#207 = EDGE_CURVE('',#200,#208,#210,.T.);
#208 = VERTEX_POINT('',#209);
#209 = CARTESIAN_POINT('',(-1.27,-6.604,0.));
#210 = LINE('',#211,#212);
#211 = CARTESIAN_POINT('',(-1.016,-6.35,0.));
#212 = VECTOR('',#213,1.);
#213 = DIRECTION('',(-0.707106781187,-0.707106781187,0.));
#214 = ORIENTED_EDGE('',*,*,#215,.T.);
#215 = EDGE_CURVE('',#208,#216,#218,.T.);
#216 = VERTEX_POINT('',#217);
#217 = CARTESIAN_POINT('',(-1.27,-8.636,0.));
#218 = LINE('',#219,#220);
#219 = CARTESIAN_POINT('',(-1.27,-6.604,0.));
#220 = VECTOR('',#221,1.);
#221 = DIRECTION('',(0.,-1.,0.));
#222 = ORIENTED_EDGE('',*,*,#223,.T.);
#223 = EDGE_CURVE('',#216,#224,#226,.T.);
#224 = VERTEX_POINT('',#225);
#225 = CARTESIAN_POINT('',(-1.016,-8.89,0.));
#226 = LINE('',#227,#228);
#227 = CARTESIAN_POINT('',(-1.27,-8.636,0.));
#228 = VECTOR('',#229,1.);
#229 = DIRECTION('',(0.707106781187,-0.707106781187,0.));
#230 = ORIENTED_EDGE('',*,*,#231,.T.);
#231 = EDGE_CURVE('',#224,#232,#234,.T.);
#232 = VERTEX_POINT('',#233);
#233 = CARTESIAN_POINT('',(-1.27,-9.144,0.));
#234 = LINE('',#235,#236);
#235 = CARTESIAN_POINT('',(-1.016,-8.89,0.));
#236 = VECTOR('',#237,1.);
#237 = DIRECTION('',(-0.707106781187,-0.707106781187,0.));
#238 = ORIENTED_EDGE('',*,*,#239,.T.);
#239 = EDGE_CURVE('',#232,#240,#242,.T.);
#240 = VERTEX_POINT('',#241);
#241 = CARTESIAN_POINT('',(-1.27,-11.176,0.));
#242 = LINE('',#243,#244);
#243 = CARTESIAN_POINT('',(-1.27,-9.144,0.));
#244 = VECTOR('',#245,1.);
#245 = DIRECTION('',(0.,-1.,0.));
#246 = ORIENTED_EDGE('',*,*,#247,.T.);
#247 = EDGE_CURVE('',#240,#248,#250,.T.);
#248 = VERTEX_POINT('',#249);
#249 = CARTESIAN_POINT('',(-1.016,-11.43,0.));
#250 = LINE('',#251,#252);
#251 = CARTESIAN_POINT('',(-1.27,-11.176,0.));
#252 = VECTOR('',#253,1.);
#253 = DIRECTION('',(0.707106781187,-0.707106781187,0.));
#254 = ORIENTED_EDGE('',*,*,#255,.T.);
#255 = EDGE_CURVE('',#248,#256,#258,.T.);
#256 = VERTEX_POINT('',#257);
#257 = CARTESIAN_POINT('',(-1.27,-11.684,0.));
#258 = LINE('',#259,#260);
#259 = CARTESIAN_POINT('',(-1.016,-11.43,0.));
#260 = VECTOR('',#261,1.);
#261 = DIRECTION('',(-0.707106781187,-0.707106781187,0.));
#262 = ORIENTED_EDGE('',*,*,#263,.T.);
#263 = EDGE_CURVE('',#256,#264,#266,.T.);
#264 = VERTEX_POINT('',#265);
#265 = CARTESIAN_POINT('',(-1.27,-13.716,0.));
#266 = LINE('',#267,#268);
#267 = CARTESIAN_POINT('',(-1.27,-11.684,0.));
#268 = VECTOR('',#269,1.);
#269 = DIRECTION('',(0.,-1.,0.));
#270 = ORIENTED_EDGE('',*,*,#271,.T.);
#271 = EDGE_CURVE('',#264,#272,#274,.T.);
#272 = VERTEX_POINT('',#273);
#273 = CARTESIAN_POINT('',(-1.016,-13.97,0.));
#274 = LINE('',#275,#276);
#275 = CARTESIAN_POINT('',(-1.27,-13.716,0.));
#276 = VECTOR('',#277,1.);
#277 = DIRECTION('',(0.707106781187,-0.707106781187,0.));
#278 = ORIENTED_EDGE('',*,*,#279,.T.);
#279 = EDGE_CURVE('',#272,#280,#282,.T.);
#280 = VERTEX_POINT('',#281);
#281 = CARTESIAN_POINT('',(1.016,-13.97,0.));
#282 = LINE('',#283,#284);
#283 = CARTESIAN_POINT('',(-1.016,-13.97,0.));
#284 = VECTOR('',#285,1.);
#285 = DIRECTION('',(1.,0.,0.));
#286 = ORIENTED_EDGE('',*,*,#287,.T.);
#287 = EDGE_CURVE('',#280,#288,#290,.T.);
#288 = VERTEX_POINT('',#289);
#289 = CARTESIAN_POINT('',(1.27,-13.716,0.));
#290 = LINE('',#291,#292);
#291 = CARTESIAN_POINT('',(1.016,-13.97,0.));
#292 = VECTOR('',#293,1.);
#293 = DIRECTION('',(0.707106781187,0.707106781187,0.));
#294 = ORIENTED_EDGE('',*,*,#295,.T.);
#295 = EDGE_CURVE('',#288,#296,#298,.T.);
#296 = VERTEX_POINT('',#297);
#297 = CARTESIAN_POINT('',(1.27,-11.684,0.));
#298 = LINE('',#299,#300);
#299 = CARTESIAN_POINT('',(1.27,-13.716,0.));
#300 = VECTOR('',#301,1.);
#301 = DIRECTION('',(0.,1.,0.));
#302 = ORIENTED_EDGE('',*,*,#303,.T.);
#303 = EDGE_CURVE('',#296,#304,#306,.T.);
#304 = VERTEX_POINT('',#305);
#305 = CARTESIAN_POINT('',(1.016,-11.43,0.));
#306 = LINE('',#307,#308);
#307 = CARTESIAN_POINT('',(1.27,-11.684,0.));
#308 = VECTOR('',#309,1.);
#309 = DIRECTION('',(-0.707106781187,0.707106781187,0.));
#310 = ORIENTED_EDGE('',*,*,#311,.T.);
#311 = EDGE_CURVE('',#304,#312,#314,.T.);
#312 = VERTEX_POINT('',#313);
#313 = CARTESIAN_POINT('',(1.27,-11.176,0.));
#314 = LINE('',#315,#316);
#315 = CARTESIAN_POINT('',(1.016,-11.43,0.));
#316 = VECTOR('',#317,1.);
#317 = DIRECTION('',(0.707106781187,0.707106781187,0.));
#318 = ORIENTED_EDGE('',*,*,#319,.T.);
#319 = EDGE_CURVE('',#312,#320,#322,.T.);
#320 = VERTEX_POINT('',#321);
#321 = CARTESIAN_POINT('',(1.27,-9.144,0.));
#322 = LINE('',#323,#324);
#323 = CARTESIAN_POINT('',(1.27,-11.176,0.));
#324 = VECTOR('',#325,1.);
#325 = DIRECTION('',(0.,1.,0.));
#326 = ORIENTED_EDGE('',*,*,#327,.T.);
#327 = EDGE_CURVE('',#320,#328,#330,.T.);
#328 = VERTEX_POINT('',#329);
#329 = CARTESIAN_POINT('',(1.016,-8.89,0.));
#330 = LINE('',#331,#332);
#331 = CARTESIAN_POINT('',(1.27,-9.144,0.));
#332 = VECTOR('',#333,1.);
#333 = DIRECTION('',(-0.707106781187,0.707106781187,0.));
#334 = ORIENTED_EDGE('',*,*,#335,.T.);
#335 = EDGE_CURVE('',#328,#336,#338,.T.);
#336 = VERTEX_POINT('',#337);
#337 = CARTESIAN_POINT('',(1.27,-8.636,0.));
#338 = LINE('',#339,#340);
#339 = CARTESIAN_POINT('',(1.016,-8.89,0.));
#340 = VECTOR('',#341,1.);
#341 = DIRECTION('',(0.707106781187,0.707106781187,0.));
#342 = ORIENTED_EDGE('',*,*,#343,.T.);
#343 = EDGE_CURVE('',#336,#344,#346,.T.);
#344 = VERTEX_POINT('',#345);
#345 = CARTESIAN_POINT('',(1.27,-6.604,0.));
#346 = LINE('',#347,#348);
#347 = CARTESIAN_POINT('',(1.27,-8.636,0.));
#348 = VECTOR('',#349,1.);
#349 = DIRECTION('',(0.,1.,0.));
#350 = ORIENTED_EDGE('',*,*,#351,.T.);
#351 = EDGE_CURVE('',#344,#352,#354,.T.);
#352 = VERTEX_POINT('',#353);
#353 = CARTESIAN_POINT('',(1.016,-6.35,0.));
#354 = LINE('',#355,#356);
#355 = CARTESIAN_POINT('',(1.27,-6.604,0.));
#356 = VECTOR('',#357,1.);
#357 = DIRECTION('',(-0.707106781187,0.707106781187,0.));
#358 = ORIENTED_EDGE('',*,*,#359,.T.);
#359 = EDGE_CURVE('',#352,#360,#362,.T.);
#360 = VERTEX_POINT('',#361);
#361 = CARTESIAN_POINT('',(1.27,-6.096,0.));
#362 = LINE('',#363,#364);
#363 = CARTESIAN_POINT('',(1.016,-6.35,0.));
#364 = VECTOR('',#365,1.);
#365 = DIRECTION('',(0.707106781187,0.707106781187,0.));
#366 = ORIENTED_EDGE('',*,*,#367,.T.);
#367 = EDGE_CURVE('',#360,#368,#370,.T.);
#368 = VERTEX_POINT('',#369);
#369 = CARTESIAN_POINT('',(1.27,-4.064,0.));
#370 = LINE('',#371,#372);
#371 = CARTESIAN_POINT('',(1.27,-6.096,0.));
#372 = VECTOR('',#373,1.);
#373 = DIRECTION('',(0.,1.,0.));
#374 = ORIENTED_EDGE('',*,*,#375,.T.);
#375 = EDGE_CURVE('',#368,#376,#378,.T.);
#376 = VERTEX_POINT('',#377);
#377 = CARTESIAN_POINT('',(1.016,-3.81,0.));
#378 = LINE('',#379,#380);
#379 = CARTESIAN_POINT('',(1.27,-4.064,0.));
#380 = VECTOR('',#381,1.);
#381 = DIRECTION('',(-0.707106781187,0.707106781187,0.));
#382 = ORIENTED_EDGE('',*,*,#383,.T.);
#383 = EDGE_CURVE('',#376,#384,#386,.T.);
#384 = VERTEX_POINT('',#385);
#385 = CARTESIAN_POINT('',(1.27,-3.556,0.));
#386 = LINE('',#387,#388);
#387 = CARTESIAN_POINT('',(1.016,-3.81,0.));
#388 = VECTOR('',#389,1.);
#389 = DIRECTION('',(0.707106781187,0.707106781187,0.));
#390 = ORIENTED_EDGE('',*,*,#391,.T.);
#391 = EDGE_CURVE('',#384,#392,#394,.T.);
#392 = VERTEX_POINT('',#393);
#393 = CARTESIAN_POINT('',(1.27,-1.524,0.));
#394 = LINE('',#395,#396);
#395 = CARTESIAN_POINT('',(1.27,-3.556,0.));
#396 = VECTOR('',#397,1.);
#397 = DIRECTION('',(0.,1.,0.));
#398 = ORIENTED_EDGE('',*,*,#399,.T.);
#399 = EDGE_CURVE('',#392,#400,#402,.T.);
#400 = VERTEX_POINT('',#401);
#401 = CARTESIAN_POINT('',(1.016,-1.27,0.));
#402 = LINE('',#403,#404);
#403 = CARTESIAN_POINT('',(1.27,-1.524,0.));
#404 = VECTOR('',#405,1.);
#405 = DIRECTION('',(-0.707106781187,0.707106781187,0.));
#406 = ORIENTED_EDGE('',*,*,#407,.T.);
#407 = EDGE_CURVE('',#400,#408,#410,.T.);
#408 = VERTEX_POINT('',#409);
#409 = CARTESIAN_POINT('',(1.27,-1.016,0.));
#410 = LINE('',#411,#412);
#411 = CARTESIAN_POINT('',(1.016,-1.27,0.));
#412 = VECTOR('',#413,1.);
#413 = DIRECTION('',(0.707106781187,0.707106781187,0.));
#414 = ORIENTED_EDGE('',*,*,#415,.T.);
#415 = EDGE_CURVE('',#408,#416,#418,.T.);
#416 = VERTEX_POINT('',#417);
#417 = CARTESIAN_POINT('',(1.27,1.016,0.));
#418 = LINE('',#419,#420);
#419 = CARTESIAN_POINT('',(1.27,-1.016,0.));
#420 = VECTOR('',#421,1.);
#421 = DIRECTION('',(0.,1.,0.));
#422 = ORIENTED_EDGE('',*,*,#423,.T.);
#423 = EDGE_CURVE('',#416,#88,#424,.T.);
#424 = LINE('',#425,#426);
#425 = CARTESIAN_POINT('',(1.27,1.016,0.));
#426 = VECTOR('',#427,1.);
#427 = DIRECTION('',(-0.707106781187,0.707106781187,0.));
#428 = ORIENTED_EDGE('',*,*,#104,.T.);
#429 = FACE_BOUND('',#430,.F.);
#430 = EDGE_LOOP('',(#431,#441,#449,#457));
#431 = ORIENTED_EDGE('',*,*,#432,.F.);
#432 = EDGE_CURVE('',#433,#435,#437,.T.);
#433 = VERTEX_POINT('',#434);
#434 = CARTESIAN_POINT('',(0.32,-0.32,0.));
#435 = VERTEX_POINT('',#436);
#436 = CARTESIAN_POINT('',(0.32,0.32,0.));
#437 = LINE('',#438,#439);
#438 = CARTESIAN_POINT('',(0.32,-3.335,0.));
#439 = VECTOR('',#440,1.);
#440 = DIRECTION('',(0.,1.,0.));
#441 = ORIENTED_EDGE('',*,*,#442,.T.);
#442 = EDGE_CURVE('',#433,#443,#445,.T.);
#443 = VERTEX_POINT('',#444);
#444 = CARTESIAN_POINT('',(-0.32,-0.32,0.));
#445 = LINE('',#446,#447);
#446 = CARTESIAN_POINT('',(-0.16,-0.32,0.));
#447 = VECTOR('',#448,1.);
#448 = DIRECTION('',(-1.,0.,0.));
#449 = ORIENTED_EDGE('',*,*,#450,.T.);
#450 = EDGE_CURVE('',#443,#451,#453,.T.);
#451 = VERTEX_POINT('',#452);
#452 = CARTESIAN_POINT('',(-0.32,0.32,0.));
#453 = LINE('',#454,#455);
#454 = CARTESIAN_POINT('',(-0.32,-3.335,0.));
#455 = VECTOR('',#456,1.);
#456 = DIRECTION('',(0.,1.,0.));
#457 = ORIENTED_EDGE('',*,*,#458,.F.);
#458 = EDGE_CURVE('',#435,#451,#459,.T.);
#459 = LINE('',#460,#461);
#460 = CARTESIAN_POINT('',(-0.16,0.32,0.));
#461 = VECTOR('',#462,1.);
#462 = DIRECTION('',(-1.,0.,0.));
#463 = FACE_BOUND('',#464,.F.);
#464 = EDGE_LOOP('',(#465,#475,#483,#491));
#465 = ORIENTED_EDGE('',*,*,#466,.F.);
#466 = EDGE_CURVE('',#467,#469,#471,.T.);
#467 = VERTEX_POINT('',#468);
#468 = CARTESIAN_POINT('',(0.32,-5.4,0.));
#469 = VERTEX_POINT('',#470);
#470 = CARTESIAN_POINT('',(0.32,-4.76,0.));
#471 = LINE('',#472,#473);
#472 = CARTESIAN_POINT('',(0.32,-5.875,0.));
#473 = VECTOR('',#474,1.);
#474 = DIRECTION('',(0.,1.,0.));
#475 = ORIENTED_EDGE('',*,*,#476,.T.);
#476 = EDGE_CURVE('',#467,#477,#479,.T.);
#477 = VERTEX_POINT('',#478);
#478 = CARTESIAN_POINT('',(-0.32,-5.4,0.));
#479 = LINE('',#480,#481);
#480 = CARTESIAN_POINT('',(-0.16,-5.4,0.));
#481 = VECTOR('',#482,1.);
#482 = DIRECTION('',(-1.,0.,0.));
#483 = ORIENTED_EDGE('',*,*,#484,.T.);
#484 = EDGE_CURVE('',#477,#485,#487,.T.);
#485 = VERTEX_POINT('',#486);
#486 = CARTESIAN_POINT('',(-0.32,-4.76,0.));
#487 = LINE('',#488,#489);
#488 = CARTESIAN_POINT('',(-0.32,-5.875,0.));
#489 = VECTOR('',#490,1.);
#490 = DIRECTION('',(0.,1.,0.));
#491 = ORIENTED_EDGE('',*,*,#492,.F.);
#492 = EDGE_CURVE('',#469,#485,#493,.T.);
#493 = LINE('',#494,#495);
#494 = CARTESIAN_POINT('',(-0.16,-4.76,0.));
#495 = VECTOR('',#496,1.);
#496 = DIRECTION('',(-1.,0.,0.));
#497 = FACE_BOUND('',#498,.F.);
#498 = EDGE_LOOP('',(#499,#509,#517,#525));
#499 = ORIENTED_EDGE('',*,*,#500,.F.);
#500 = EDGE_CURVE('',#501,#503,#505,.T.);
#501 = VERTEX_POINT('',#502);
#502 = CARTESIAN_POINT('',(0.32,-2.86,0.));
#503 = VERTEX_POINT('',#504);
#504 = CARTESIAN_POINT('',(0.32,-2.22,0.));
#505 = LINE('',#506,#507);
#506 = CARTESIAN_POINT('',(0.32,-4.605,0.));
#507 = VECTOR('',#508,1.);
#508 = DIRECTION('',(0.,1.,0.));
#509 = ORIENTED_EDGE('',*,*,#510,.T.);
#510 = EDGE_CURVE('',#501,#511,#513,.T.);
#511 = VERTEX_POINT('',#512);
#512 = CARTESIAN_POINT('',(-0.32,-2.86,0.));
#513 = LINE('',#514,#515);
#514 = CARTESIAN_POINT('',(-0.16,-2.86,0.));
#515 = VECTOR('',#516,1.);
#516 = DIRECTION('',(-1.,0.,0.));
#517 = ORIENTED_EDGE('',*,*,#518,.T.);
#518 = EDGE_CURVE('',#511,#519,#521,.T.);
#519 = VERTEX_POINT('',#520);
#520 = CARTESIAN_POINT('',(-0.32,-2.22,0.));
#521 = LINE('',#522,#523);
#522 = CARTESIAN_POINT('',(-0.32,-4.605,0.));
#523 = VECTOR('',#524,1.);
#524 = DIRECTION('',(0.,1.,0.));
#525 = ORIENTED_EDGE('',*,*,#526,.F.);
#526 = EDGE_CURVE('',#503,#519,#527,.T.);
#527 = LINE('',#528,#529);
#528 = CARTESIAN_POINT('',(-0.16,-2.22,0.));
#529 = VECTOR('',#530,1.);
#530 = DIRECTION('',(-1.,0.,0.));
#531 = FACE_BOUND('',#532,.F.);
#532 = EDGE_LOOP('',(#533,#543,#551,#559));
#533 = ORIENTED_EDGE('',*,*,#534,.T.);
#534 = EDGE_CURVE('',#535,#537,#539,.T.);
#535 = VERTEX_POINT('',#536);
#536 = CARTESIAN_POINT('',(0.32,-13.02,0.));
#537 = VERTEX_POINT('',#538);
#538 = CARTESIAN_POINT('',(-0.32,-13.02,0.));
#539 = LINE('',#540,#541);
#540 = CARTESIAN_POINT('',(-0.16,-13.02,0.));
#541 = VECTOR('',#542,1.);
#542 = DIRECTION('',(-1.,0.,0.));
#543 = ORIENTED_EDGE('',*,*,#544,.T.);
#544 = EDGE_CURVE('',#537,#545,#547,.T.);
#545 = VERTEX_POINT('',#546);
#546 = CARTESIAN_POINT('',(-0.32,-12.38,0.));
#547 = LINE('',#548,#549);
#548 = CARTESIAN_POINT('',(-0.32,-9.685,0.));
#549 = VECTOR('',#550,1.);
#550 = DIRECTION('',(0.,1.,0.));
#551 = ORIENTED_EDGE('',*,*,#552,.F.);
#552 = EDGE_CURVE('',#553,#545,#555,.T.);
#553 = VERTEX_POINT('',#554);
#554 = CARTESIAN_POINT('',(0.32,-12.38,0.));
#555 = LINE('',#556,#557);
#556 = CARTESIAN_POINT('',(-0.16,-12.38,0.));
#557 = VECTOR('',#558,1.);
#558 = DIRECTION('',(-1.,0.,0.));
#559 = ORIENTED_EDGE('',*,*,#560,.F.);
#560 = EDGE_CURVE('',#535,#553,#561,.T.);
#561 = LINE('',#562,#563);
#562 = CARTESIAN_POINT('',(0.32,-9.685,0.));
#563 = VECTOR('',#564,1.);
#564 = DIRECTION('',(0.,1.,0.));
#565 = FACE_BOUND('',#566,.F.);
#566 = EDGE_LOOP('',(#567,#577,#585,#593));
#567 = ORIENTED_EDGE('',*,*,#568,.F.);
#568 = EDGE_CURVE('',#569,#571,#573,.T.);
#569 = VERTEX_POINT('',#570);
#570 = CARTESIAN_POINT('',(0.32,-9.84,0.));
#571 = VERTEX_POINT('',#572);
#572 = CARTESIAN_POINT('',(-0.32,-9.84,0.));
#573 = LINE('',#574,#575);
#574 = CARTESIAN_POINT('',(-0.16,-9.84,0.));
#575 = VECTOR('',#576,1.);
#576 = DIRECTION('',(-1.,0.,0.));
#577 = ORIENTED_EDGE('',*,*,#578,.F.);
#578 = EDGE_CURVE('',#579,#569,#581,.T.);
#579 = VERTEX_POINT('',#580);
#580 = CARTESIAN_POINT('',(0.32,-10.48,0.));
#581 = LINE('',#582,#583);
#582 = CARTESIAN_POINT('',(0.32,-8.415,0.));
#583 = VECTOR('',#584,1.);
#584 = DIRECTION('',(0.,1.,0.));
#585 = ORIENTED_EDGE('',*,*,#586,.T.);
#586 = EDGE_CURVE('',#579,#587,#589,.T.);
#587 = VERTEX_POINT('',#588);
#588 = CARTESIAN_POINT('',(-0.32,-10.48,0.));
#589 = LINE('',#590,#591);
#590 = CARTESIAN_POINT('',(-0.16,-10.48,0.));
#591 = VECTOR('',#592,1.);
#592 = DIRECTION('',(-1.,0.,0.));
#593 = ORIENTED_EDGE('',*,*,#594,.T.);
#594 = EDGE_CURVE('',#587,#571,#595,.T.);
#595 = LINE('',#596,#597);
#596 = CARTESIAN_POINT('',(-0.32,-8.415,0.));
#597 = VECTOR('',#598,1.);
#598 = DIRECTION('',(0.,1.,0.));
#599 = FACE_BOUND('',#600,.F.);
#600 = EDGE_LOOP('',(#601,#611,#619,#627));
#601 = ORIENTED_EDGE('',*,*,#602,.T.);
#602 = EDGE_CURVE('',#603,#605,#607,.T.);
#603 = VERTEX_POINT('',#604);
#604 = CARTESIAN_POINT('',(0.32,-7.94,0.));
#605 = VERTEX_POINT('',#606);
#606 = CARTESIAN_POINT('',(-0.32,-7.94,0.));
#607 = LINE('',#608,#609);
#608 = CARTESIAN_POINT('',(-0.16,-7.94,0.));
#609 = VECTOR('',#610,1.);
#610 = DIRECTION('',(-1.,0.,0.));
#611 = ORIENTED_EDGE('',*,*,#612,.T.);
#612 = EDGE_CURVE('',#605,#613,#615,.T.);
#613 = VERTEX_POINT('',#614);
#614 = CARTESIAN_POINT('',(-0.32,-7.3,0.));
#615 = LINE('',#616,#617);
#616 = CARTESIAN_POINT('',(-0.32,-7.145,0.));
#617 = VECTOR('',#618,1.);
#618 = DIRECTION('',(0.,1.,0.));
#619 = ORIENTED_EDGE('',*,*,#620,.F.);
#620 = EDGE_CURVE('',#621,#613,#623,.T.);
#621 = VERTEX_POINT('',#622);
#622 = CARTESIAN_POINT('',(0.32,-7.3,0.));
#623 = LINE('',#624,#625);
#624 = CARTESIAN_POINT('',(-0.16,-7.3,0.));
#625 = VECTOR('',#626,1.);
#626 = DIRECTION('',(-1.,0.,0.));
#627 = ORIENTED_EDGE('',*,*,#628,.F.);
#628 = EDGE_CURVE('',#603,#621,#629,.T.);
#629 = LINE('',#630,#631);
#630 = CARTESIAN_POINT('',(0.32,-7.145,0.));
#631 = VECTOR('',#632,1.);
#632 = DIRECTION('',(0.,1.,0.));
#633 = PLANE('',#634);
#634 = AXIS2_PLACEMENT_3D('',#635,#636,#637);
#635 = CARTESIAN_POINT('',(-1.797008255889E-17,-6.35,0.));
#636 = DIRECTION('',(0.,0.,1.));
#637 = DIRECTION('',(1.,0.,-0.));
#638 = ADVANCED_FACE('',(#639,#922,#956,#990,#1024,#1058,#1092),#1126,
  .T.);
#639 = FACE_BOUND('',#640,.T.);
#640 = EDGE_LOOP('',(#641,#642,#643,#651,#659,#667,#675,#683,#691,#699,
    #707,#715,#723,#731,#739,#747,#755,#763,#771,#779,#787,#795,#803,
    #811,#819,#827,#835,#843,#851,#859,#867,#875,#883,#891,#899,#907,
    #915,#921));
#641 = ORIENTED_EDGE('',*,*,#57,.T.);
#642 = ORIENTED_EDGE('',*,*,#119,.T.);
#643 = ORIENTED_EDGE('',*,*,#644,.T.);
#644 = EDGE_CURVE('',#120,#645,#647,.T.);
#645 = VERTEX_POINT('',#646);
#646 = CARTESIAN_POINT('',(-1.016,-1.27,2.54));
#647 = LINE('',#648,#649);
#648 = CARTESIAN_POINT('',(-1.27,-1.016,2.54));
#649 = VECTOR('',#650,1.);
#650 = DIRECTION('',(0.707106781187,-0.707106781187,0.));
#651 = ORIENTED_EDGE('',*,*,#652,.T.);
#652 = EDGE_CURVE('',#645,#653,#655,.T.);
#653 = VERTEX_POINT('',#654);
#654 = CARTESIAN_POINT('',(-1.27,-1.524,2.54));
#655 = LINE('',#656,#657);
#656 = CARTESIAN_POINT('',(-1.016,-1.27,2.54));
#657 = VECTOR('',#658,1.);
#658 = DIRECTION('',(-0.707106781187,-0.707106781187,0.));
#659 = ORIENTED_EDGE('',*,*,#660,.T.);
#660 = EDGE_CURVE('',#653,#661,#663,.T.);
#661 = VERTEX_POINT('',#662);
#662 = CARTESIAN_POINT('',(-1.27,-3.556,2.54));
#663 = LINE('',#664,#665);
#664 = CARTESIAN_POINT('',(-1.27,-1.524,2.54));
#665 = VECTOR('',#666,1.);
#666 = DIRECTION('',(0.,-1.,0.));
#667 = ORIENTED_EDGE('',*,*,#668,.T.);
#668 = EDGE_CURVE('',#661,#669,#671,.T.);
#669 = VERTEX_POINT('',#670);
#670 = CARTESIAN_POINT('',(-1.016,-3.81,2.54));
#671 = LINE('',#672,#673);
#672 = CARTESIAN_POINT('',(-1.27,-3.556,2.54));
#673 = VECTOR('',#674,1.);
#674 = DIRECTION('',(0.707106781187,-0.707106781187,0.));
#675 = ORIENTED_EDGE('',*,*,#676,.T.);
#676 = EDGE_CURVE('',#669,#677,#679,.T.);
#677 = VERTEX_POINT('',#678);
#678 = CARTESIAN_POINT('',(-1.27,-4.064,2.54));
#679 = LINE('',#680,#681);
#680 = CARTESIAN_POINT('',(-1.016,-3.81,2.54));
#681 = VECTOR('',#682,1.);
#682 = DIRECTION('',(-0.707106781187,-0.707106781187,0.));
#683 = ORIENTED_EDGE('',*,*,#684,.T.);
#684 = EDGE_CURVE('',#677,#685,#687,.T.);
#685 = VERTEX_POINT('',#686);
#686 = CARTESIAN_POINT('',(-1.27,-6.096,2.54));
#687 = LINE('',#688,#689);
#688 = CARTESIAN_POINT('',(-1.27,-4.064,2.54));
#689 = VECTOR('',#690,1.);
#690 = DIRECTION('',(0.,-1.,0.));
#691 = ORIENTED_EDGE('',*,*,#692,.T.);
#692 = EDGE_CURVE('',#685,#693,#695,.T.);
#693 = VERTEX_POINT('',#694);
#694 = CARTESIAN_POINT('',(-1.016,-6.35,2.54));
#695 = LINE('',#696,#697);
#696 = CARTESIAN_POINT('',(-1.27,-6.096,2.54));
#697 = VECTOR('',#698,1.);
#698 = DIRECTION('',(0.707106781187,-0.707106781187,0.));
#699 = ORIENTED_EDGE('',*,*,#700,.T.);
#700 = EDGE_CURVE('',#693,#701,#703,.T.);
#701 = VERTEX_POINT('',#702);
#702 = CARTESIAN_POINT('',(-1.27,-6.604,2.54));
#703 = LINE('',#704,#705);
#704 = CARTESIAN_POINT('',(-1.016,-6.35,2.54));
#705 = VECTOR('',#706,1.);
#706 = DIRECTION('',(-0.707106781187,-0.707106781187,0.));
#707 = ORIENTED_EDGE('',*,*,#708,.T.);
#708 = EDGE_CURVE('',#701,#709,#711,.T.);
#709 = VERTEX_POINT('',#710);
#710 = CARTESIAN_POINT('',(-1.27,-8.636,2.54));
#711 = LINE('',#712,#713);
#712 = CARTESIAN_POINT('',(-1.27,-6.604,2.54));
#713 = VECTOR('',#714,1.);
#714 = DIRECTION('',(0.,-1.,0.));
#715 = ORIENTED_EDGE('',*,*,#716,.T.);
#716 = EDGE_CURVE('',#709,#717,#719,.T.);
#717 = VERTEX_POINT('',#718);
#718 = CARTESIAN_POINT('',(-1.016,-8.89,2.54));
#719 = LINE('',#720,#721);
#720 = CARTESIAN_POINT('',(-1.27,-8.636,2.54));
#721 = VECTOR('',#722,1.);
#722 = DIRECTION('',(0.707106781187,-0.707106781187,0.));
#723 = ORIENTED_EDGE('',*,*,#724,.T.);
#724 = EDGE_CURVE('',#717,#725,#727,.T.);
#725 = VERTEX_POINT('',#726);
#726 = CARTESIAN_POINT('',(-1.27,-9.144,2.54));
#727 = LINE('',#728,#729);
#728 = CARTESIAN_POINT('',(-1.016,-8.89,2.54));
#729 = VECTOR('',#730,1.);
#730 = DIRECTION('',(-0.707106781187,-0.707106781187,0.));
#731 = ORIENTED_EDGE('',*,*,#732,.T.);
#732 = EDGE_CURVE('',#725,#733,#735,.T.);
#733 = VERTEX_POINT('',#734);
#734 = CARTESIAN_POINT('',(-1.27,-11.176,2.54));
#735 = LINE('',#736,#737);
#736 = CARTESIAN_POINT('',(-1.27,-9.144,2.54));
#737 = VECTOR('',#738,1.);
#738 = DIRECTION('',(0.,-1.,0.));
#739 = ORIENTED_EDGE('',*,*,#740,.T.);
#740 = EDGE_CURVE('',#733,#741,#743,.T.);
#741 = VERTEX_POINT('',#742);
#742 = CARTESIAN_POINT('',(-1.016,-11.43,2.54));
#743 = LINE('',#744,#745);
#744 = CARTESIAN_POINT('',(-1.27,-11.176,2.54));
#745 = VECTOR('',#746,1.);
#746 = DIRECTION('',(0.707106781187,-0.707106781187,0.));
#747 = ORIENTED_EDGE('',*,*,#748,.T.);
#748 = EDGE_CURVE('',#741,#749,#751,.T.);
#749 = VERTEX_POINT('',#750);
#750 = CARTESIAN_POINT('',(-1.27,-11.684,2.54));
#751 = LINE('',#752,#753);
#752 = CARTESIAN_POINT('',(-1.016,-11.43,2.54));
#753 = VECTOR('',#754,1.);
#754 = DIRECTION('',(-0.707106781187,-0.707106781187,0.));
#755 = ORIENTED_EDGE('',*,*,#756,.T.);
#756 = EDGE_CURVE('',#749,#757,#759,.T.);
#757 = VERTEX_POINT('',#758);
#758 = CARTESIAN_POINT('',(-1.27,-13.716,2.54));
#759 = LINE('',#760,#761);
#760 = CARTESIAN_POINT('',(-1.27,-11.684,2.54));
#761 = VECTOR('',#762,1.);
#762 = DIRECTION('',(0.,-1.,0.));
#763 = ORIENTED_EDGE('',*,*,#764,.T.);
#764 = EDGE_CURVE('',#757,#765,#767,.T.);
#765 = VERTEX_POINT('',#766);
#766 = CARTESIAN_POINT('',(-1.016,-13.97,2.54));
#767 = LINE('',#768,#769);
#768 = CARTESIAN_POINT('',(-1.27,-13.716,2.54));
#769 = VECTOR('',#770,1.);
#770 = DIRECTION('',(0.707106781187,-0.707106781187,0.));
#771 = ORIENTED_EDGE('',*,*,#772,.T.);
#772 = EDGE_CURVE('',#765,#773,#775,.T.);
#773 = VERTEX_POINT('',#774);
#774 = CARTESIAN_POINT('',(1.016,-13.97,2.54));
#775 = LINE('',#776,#777);
#776 = CARTESIAN_POINT('',(-1.016,-13.97,2.54));
#777 = VECTOR('',#778,1.);
#778 = DIRECTION('',(1.,0.,0.));
#779 = ORIENTED_EDGE('',*,*,#780,.T.);
#780 = EDGE_CURVE('',#773,#781,#783,.T.);
#781 = VERTEX_POINT('',#782);
#782 = CARTESIAN_POINT('',(1.27,-13.716,2.54));
#783 = LINE('',#784,#785);
#784 = CARTESIAN_POINT('',(1.016,-13.97,2.54));
#785 = VECTOR('',#786,1.);
#786 = DIRECTION('',(0.707106781187,0.707106781187,0.));
#787 = ORIENTED_EDGE('',*,*,#788,.T.);
#788 = EDGE_CURVE('',#781,#789,#791,.T.);
#789 = VERTEX_POINT('',#790);
#790 = CARTESIAN_POINT('',(1.27,-11.684,2.54));
#791 = LINE('',#792,#793);
#792 = CARTESIAN_POINT('',(1.27,-13.716,2.54));
#793 = VECTOR('',#794,1.);
#794 = DIRECTION('',(0.,1.,0.));
#795 = ORIENTED_EDGE('',*,*,#796,.T.);
#796 = EDGE_CURVE('',#789,#797,#799,.T.);
#797 = VERTEX_POINT('',#798);
#798 = CARTESIAN_POINT('',(1.016,-11.43,2.54));
#799 = LINE('',#800,#801);
#800 = CARTESIAN_POINT('',(1.27,-11.684,2.54));
#801 = VECTOR('',#802,1.);
#802 = DIRECTION('',(-0.707106781187,0.707106781187,0.));
#803 = ORIENTED_EDGE('',*,*,#804,.T.);
#804 = EDGE_CURVE('',#797,#805,#807,.T.);
#805 = VERTEX_POINT('',#806);
#806 = CARTESIAN_POINT('',(1.27,-11.176,2.54));
#807 = LINE('',#808,#809);
#808 = CARTESIAN_POINT('',(1.016,-11.43,2.54));
#809 = VECTOR('',#810,1.);
#810 = DIRECTION('',(0.707106781187,0.707106781187,0.));
#811 = ORIENTED_EDGE('',*,*,#812,.T.);
#812 = EDGE_CURVE('',#805,#813,#815,.T.);
#813 = VERTEX_POINT('',#814);
#814 = CARTESIAN_POINT('',(1.27,-9.144,2.54));
#815 = LINE('',#816,#817);
#816 = CARTESIAN_POINT('',(1.27,-11.176,2.54));
#817 = VECTOR('',#818,1.);
#818 = DIRECTION('',(0.,1.,0.));
#819 = ORIENTED_EDGE('',*,*,#820,.T.);
#820 = EDGE_CURVE('',#813,#821,#823,.T.);
#821 = VERTEX_POINT('',#822);
#822 = CARTESIAN_POINT('',(1.016,-8.89,2.54));
#823 = LINE('',#824,#825);
#824 = CARTESIAN_POINT('',(1.27,-9.144,2.54));
#825 = VECTOR('',#826,1.);
#826 = DIRECTION('',(-0.707106781187,0.707106781187,0.));
#827 = ORIENTED_EDGE('',*,*,#828,.T.);
#828 = EDGE_CURVE('',#821,#829,#831,.T.);
#829 = VERTEX_POINT('',#830);
#830 = CARTESIAN_POINT('',(1.27,-8.636,2.54));
#831 = LINE('',#832,#833);
#832 = CARTESIAN_POINT('',(1.016,-8.89,2.54));
#833 = VECTOR('',#834,1.);
#834 = DIRECTION('',(0.707106781187,0.707106781187,0.));
#835 = ORIENTED_EDGE('',*,*,#836,.T.);
#836 = EDGE_CURVE('',#829,#837,#839,.T.);
#837 = VERTEX_POINT('',#838);
#838 = CARTESIAN_POINT('',(1.27,-6.604,2.54));
#839 = LINE('',#840,#841);
#840 = CARTESIAN_POINT('',(1.27,-8.636,2.54));
#841 = VECTOR('',#842,1.);
#842 = DIRECTION('',(0.,1.,0.));
#843 = ORIENTED_EDGE('',*,*,#844,.T.);
#844 = EDGE_CURVE('',#837,#845,#847,.T.);
#845 = VERTEX_POINT('',#846);
#846 = CARTESIAN_POINT('',(1.016,-6.35,2.54));
#847 = LINE('',#848,#849);
#848 = CARTESIAN_POINT('',(1.27,-6.604,2.54));
#849 = VECTOR('',#850,1.);
#850 = DIRECTION('',(-0.707106781187,0.707106781187,0.));
#851 = ORIENTED_EDGE('',*,*,#852,.T.);
#852 = EDGE_CURVE('',#845,#853,#855,.T.);
#853 = VERTEX_POINT('',#854);
#854 = CARTESIAN_POINT('',(1.27,-6.096,2.54));
#855 = LINE('',#856,#857);
#856 = CARTESIAN_POINT('',(1.016,-6.35,2.54));
#857 = VECTOR('',#858,1.);
#858 = DIRECTION('',(0.707106781187,0.707106781187,0.));
#859 = ORIENTED_EDGE('',*,*,#860,.T.);
#860 = EDGE_CURVE('',#853,#861,#863,.T.);
#861 = VERTEX_POINT('',#862);
#862 = CARTESIAN_POINT('',(1.27,-4.064,2.54));
#863 = LINE('',#864,#865);
#864 = CARTESIAN_POINT('',(1.27,-6.096,2.54));
#865 = VECTOR('',#866,1.);
#866 = DIRECTION('',(0.,1.,0.));
#867 = ORIENTED_EDGE('',*,*,#868,.T.);
#868 = EDGE_CURVE('',#861,#869,#871,.T.);
#869 = VERTEX_POINT('',#870);
#870 = CARTESIAN_POINT('',(1.016,-3.81,2.54));
#871 = LINE('',#872,#873);
#872 = CARTESIAN_POINT('',(1.27,-4.064,2.54));
#873 = VECTOR('',#874,1.);
#874 = DIRECTION('',(-0.707106781187,0.707106781187,0.));
#875 = ORIENTED_EDGE('',*,*,#876,.T.);
#876 = EDGE_CURVE('',#869,#877,#879,.T.);
#877 = VERTEX_POINT('',#878);
#878 = CARTESIAN_POINT('',(1.27,-3.556,2.54));
#879 = LINE('',#880,#881);
#880 = CARTESIAN_POINT('',(1.016,-3.81,2.54));
#881 = VECTOR('',#882,1.);
#882 = DIRECTION('',(0.707106781187,0.707106781187,0.));
#883 = ORIENTED_EDGE('',*,*,#884,.T.);
#884 = EDGE_CURVE('',#877,#885,#887,.T.);
#885 = VERTEX_POINT('',#886);
#886 = CARTESIAN_POINT('',(1.27,-1.524,2.54));
#887 = LINE('',#888,#889);
#888 = CARTESIAN_POINT('',(1.27,-3.556,2.54));
#889 = VECTOR('',#890,1.);
#890 = DIRECTION('',(0.,1.,0.));
#891 = ORIENTED_EDGE('',*,*,#892,.T.);
#892 = EDGE_CURVE('',#885,#893,#895,.T.);
#893 = VERTEX_POINT('',#894);
#894 = CARTESIAN_POINT('',(1.016,-1.27,2.54));
#895 = LINE('',#896,#897);
#896 = CARTESIAN_POINT('',(1.27,-1.524,2.54));
#897 = VECTOR('',#898,1.);
#898 = DIRECTION('',(-0.707106781187,0.707106781187,0.));
#899 = ORIENTED_EDGE('',*,*,#900,.T.);
#900 = EDGE_CURVE('',#893,#901,#903,.T.);
#901 = VERTEX_POINT('',#902);
#902 = CARTESIAN_POINT('',(1.27,-1.016,2.54));
#903 = LINE('',#904,#905);
#904 = CARTESIAN_POINT('',(1.016,-1.27,2.54));
#905 = VECTOR('',#906,1.);
#906 = DIRECTION('',(0.707106781187,0.707106781187,0.));
#907 = ORIENTED_EDGE('',*,*,#908,.T.);
#908 = EDGE_CURVE('',#901,#909,#911,.T.);
#909 = VERTEX_POINT('',#910);
#910 = CARTESIAN_POINT('',(1.27,1.016,2.54));
#911 = LINE('',#912,#913);
#912 = CARTESIAN_POINT('',(1.27,-1.016,2.54));
#913 = VECTOR('',#914,1.);
#914 = DIRECTION('',(0.,1.,0.));
#915 = ORIENTED_EDGE('',*,*,#916,.T.);
#916 = EDGE_CURVE('',#909,#90,#917,.T.);
#917 = LINE('',#918,#919);
#918 = CARTESIAN_POINT('',(1.27,1.016,2.54));
#919 = VECTOR('',#920,1.);
#920 = DIRECTION('',(-0.707106781187,0.707106781187,0.));
#921 = ORIENTED_EDGE('',*,*,#97,.T.);
#922 = FACE_BOUND('',#923,.T.);
#923 = EDGE_LOOP('',(#924,#934,#942,#950));
#924 = ORIENTED_EDGE('',*,*,#925,.F.);
#925 = EDGE_CURVE('',#926,#928,#930,.T.);
#926 = VERTEX_POINT('',#927);
#927 = CARTESIAN_POINT('',(0.32,-0.32,2.54));
#928 = VERTEX_POINT('',#929);
#929 = CARTESIAN_POINT('',(0.32,0.32,2.54));
#930 = LINE('',#931,#932);
#931 = CARTESIAN_POINT('',(0.32,-3.335,2.54));
#932 = VECTOR('',#933,1.);
#933 = DIRECTION('',(0.,1.,0.));
#934 = ORIENTED_EDGE('',*,*,#935,.T.);
#935 = EDGE_CURVE('',#926,#936,#938,.T.);
#936 = VERTEX_POINT('',#937);
#937 = CARTESIAN_POINT('',(-0.32,-0.32,2.54));
#938 = LINE('',#939,#940);
#939 = CARTESIAN_POINT('',(-0.16,-0.32,2.54));
#940 = VECTOR('',#941,1.);
#941 = DIRECTION('',(-1.,0.,0.));
#942 = ORIENTED_EDGE('',*,*,#943,.T.);
#943 = EDGE_CURVE('',#936,#944,#946,.T.);
#944 = VERTEX_POINT('',#945);
#945 = CARTESIAN_POINT('',(-0.32,0.32,2.54));
#946 = LINE('',#947,#948);
#947 = CARTESIAN_POINT('',(-0.32,-3.335,2.54));
#948 = VECTOR('',#949,1.);
#949 = DIRECTION('',(0.,1.,0.));
#950 = ORIENTED_EDGE('',*,*,#951,.F.);
#951 = EDGE_CURVE('',#928,#944,#952,.T.);
#952 = LINE('',#953,#954);
#953 = CARTESIAN_POINT('',(-0.16,0.32,2.54));
#954 = VECTOR('',#955,1.);
#955 = DIRECTION('',(-1.,0.,0.));
#956 = FACE_BOUND('',#957,.T.);
#957 = EDGE_LOOP('',(#958,#968,#976,#984));
#958 = ORIENTED_EDGE('',*,*,#959,.F.);
#959 = EDGE_CURVE('',#960,#962,#964,.T.);
#960 = VERTEX_POINT('',#961);
#961 = CARTESIAN_POINT('',(0.32,-5.4,2.54));
#962 = VERTEX_POINT('',#963);
#963 = CARTESIAN_POINT('',(0.32,-4.76,2.54));
#964 = LINE('',#965,#966);
#965 = CARTESIAN_POINT('',(0.32,-5.875,2.54));
#966 = VECTOR('',#967,1.);
#967 = DIRECTION('',(0.,1.,0.));
#968 = ORIENTED_EDGE('',*,*,#969,.T.);
#969 = EDGE_CURVE('',#960,#970,#972,.T.);
#970 = VERTEX_POINT('',#971);
#971 = CARTESIAN_POINT('',(-0.32,-5.4,2.54));
#972 = LINE('',#973,#974);
#973 = CARTESIAN_POINT('',(-0.16,-5.4,2.54));
#974 = VECTOR('',#975,1.);
#975 = DIRECTION('',(-1.,0.,0.));
#976 = ORIENTED_EDGE('',*,*,#977,.T.);
#977 = EDGE_CURVE('',#970,#978,#980,.T.);
#978 = VERTEX_POINT('',#979);
#979 = CARTESIAN_POINT('',(-0.32,-4.76,2.54));
#980 = LINE('',#981,#982);
#981 = CARTESIAN_POINT('',(-0.32,-5.875,2.54));
#982 = VECTOR('',#983,1.);
#983 = DIRECTION('',(0.,1.,0.));
#984 = ORIENTED_EDGE('',*,*,#985,.F.);
#985 = EDGE_CURVE('',#962,#978,#986,.T.);
#986 = LINE('',#987,#988);
#987 = CARTESIAN_POINT('',(-0.16,-4.76,2.54));
#988 = VECTOR('',#989,1.);
#989 = DIRECTION('',(-1.,0.,0.));
#990 = FACE_BOUND('',#991,.T.);
#991 = EDGE_LOOP('',(#992,#1002,#1010,#1018));
#992 = ORIENTED_EDGE('',*,*,#993,.F.);
#993 = EDGE_CURVE('',#994,#996,#998,.T.);
#994 = VERTEX_POINT('',#995);
#995 = CARTESIAN_POINT('',(0.32,-2.86,2.54));
#996 = VERTEX_POINT('',#997);
#997 = CARTESIAN_POINT('',(0.32,-2.22,2.54));
#998 = LINE('',#999,#1000);
#999 = CARTESIAN_POINT('',(0.32,-4.605,2.54));
#1000 = VECTOR('',#1001,1.);
#1001 = DIRECTION('',(0.,1.,0.));
#1002 = ORIENTED_EDGE('',*,*,#1003,.T.);
#1003 = EDGE_CURVE('',#994,#1004,#1006,.T.);
#1004 = VERTEX_POINT('',#1005);
#1005 = CARTESIAN_POINT('',(-0.32,-2.86,2.54));
#1006 = LINE('',#1007,#1008);
#1007 = CARTESIAN_POINT('',(-0.16,-2.86,2.54));
#1008 = VECTOR('',#1009,1.);
#1009 = DIRECTION('',(-1.,0.,0.));
#1010 = ORIENTED_EDGE('',*,*,#1011,.T.);
#1011 = EDGE_CURVE('',#1004,#1012,#1014,.T.);
#1012 = VERTEX_POINT('',#1013);
#1013 = CARTESIAN_POINT('',(-0.32,-2.22,2.54));
#1014 = LINE('',#1015,#1016);
#1015 = CARTESIAN_POINT('',(-0.32,-4.605,2.54));
#1016 = VECTOR('',#1017,1.);
#1017 = DIRECTION('',(0.,1.,0.));
#1018 = ORIENTED_EDGE('',*,*,#1019,.F.);
#1019 = EDGE_CURVE('',#996,#1012,#1020,.T.);
#1020 = LINE('',#1021,#1022);
#1021 = CARTESIAN_POINT('',(-0.16,-2.22,2.54));
#1022 = VECTOR('',#1023,1.);
#1023 = DIRECTION('',(-1.,0.,0.));
#1024 = FACE_BOUND('',#1025,.T.);
#1025 = EDGE_LOOP('',(#1026,#1036,#1044,#1052));
#1026 = ORIENTED_EDGE('',*,*,#1027,.T.);
#1027 = EDGE_CURVE('',#1028,#1030,#1032,.T.);
#1028 = VERTEX_POINT('',#1029);
#1029 = CARTESIAN_POINT('',(0.32,-13.02,2.54));
#1030 = VERTEX_POINT('',#1031);
#1031 = CARTESIAN_POINT('',(-0.32,-13.02,2.54));
#1032 = LINE('',#1033,#1034);
#1033 = CARTESIAN_POINT('',(-0.16,-13.02,2.54));
#1034 = VECTOR('',#1035,1.);
#1035 = DIRECTION('',(-1.,0.,0.));
#1036 = ORIENTED_EDGE('',*,*,#1037,.T.);
#1037 = EDGE_CURVE('',#1030,#1038,#1040,.T.);
#1038 = VERTEX_POINT('',#1039);
#1039 = CARTESIAN_POINT('',(-0.32,-12.38,2.54));
#1040 = LINE('',#1041,#1042);
#1041 = CARTESIAN_POINT('',(-0.32,-9.685,2.54));
#1042 = VECTOR('',#1043,1.);
#1043 = DIRECTION('',(0.,1.,0.));
#1044 = ORIENTED_EDGE('',*,*,#1045,.F.);
#1045 = EDGE_CURVE('',#1046,#1038,#1048,.T.);
#1046 = VERTEX_POINT('',#1047);
#1047 = CARTESIAN_POINT('',(0.32,-12.38,2.54));
#1048 = LINE('',#1049,#1050);
#1049 = CARTESIAN_POINT('',(-0.16,-12.38,2.54));
#1050 = VECTOR('',#1051,1.);
#1051 = DIRECTION('',(-1.,0.,0.));
#1052 = ORIENTED_EDGE('',*,*,#1053,.F.);
#1053 = EDGE_CURVE('',#1028,#1046,#1054,.T.);
#1054 = LINE('',#1055,#1056);
#1055 = CARTESIAN_POINT('',(0.32,-9.685,2.54));
#1056 = VECTOR('',#1057,1.);
#1057 = DIRECTION('',(0.,1.,0.));
#1058 = FACE_BOUND('',#1059,.T.);
#1059 = EDGE_LOOP('',(#1060,#1070,#1078,#1086));
#1060 = ORIENTED_EDGE('',*,*,#1061,.F.);
#1061 = EDGE_CURVE('',#1062,#1064,#1066,.T.);
#1062 = VERTEX_POINT('',#1063);
#1063 = CARTESIAN_POINT('',(0.32,-9.84,2.54));
#1064 = VERTEX_POINT('',#1065);
#1065 = CARTESIAN_POINT('',(-0.32,-9.84,2.54));
#1066 = LINE('',#1067,#1068);
#1067 = CARTESIAN_POINT('',(-0.16,-9.84,2.54));
#1068 = VECTOR('',#1069,1.);
#1069 = DIRECTION('',(-1.,0.,0.));
#1070 = ORIENTED_EDGE('',*,*,#1071,.F.);
#1071 = EDGE_CURVE('',#1072,#1062,#1074,.T.);
#1072 = VERTEX_POINT('',#1073);
#1073 = CARTESIAN_POINT('',(0.32,-10.48,2.54));
#1074 = LINE('',#1075,#1076);
#1075 = CARTESIAN_POINT('',(0.32,-8.415,2.54));
#1076 = VECTOR('',#1077,1.);
#1077 = DIRECTION('',(0.,1.,0.));
#1078 = ORIENTED_EDGE('',*,*,#1079,.T.);
#1079 = EDGE_CURVE('',#1072,#1080,#1082,.T.);
#1080 = VERTEX_POINT('',#1081);
#1081 = CARTESIAN_POINT('',(-0.32,-10.48,2.54));
#1082 = LINE('',#1083,#1084);
#1083 = CARTESIAN_POINT('',(-0.16,-10.48,2.54));
#1084 = VECTOR('',#1085,1.);
#1085 = DIRECTION('',(-1.,0.,0.));
#1086 = ORIENTED_EDGE('',*,*,#1087,.T.);
#1087 = EDGE_CURVE('',#1080,#1064,#1088,.T.);
#1088 = LINE('',#1089,#1090);
#1089 = CARTESIAN_POINT('',(-0.32,-8.415,2.54));
#1090 = VECTOR('',#1091,1.);
#1091 = DIRECTION('',(0.,1.,0.));
#1092 = FACE_BOUND('',#1093,.T.);
#1093 = EDGE_LOOP('',(#1094,#1104,#1112,#1120));
#1094 = ORIENTED_EDGE('',*,*,#1095,.T.);
#1095 = EDGE_CURVE('',#1096,#1098,#1100,.T.);
#1096 = VERTEX_POINT('',#1097);
#1097 = CARTESIAN_POINT('',(0.32,-7.94,2.54));
#1098 = VERTEX_POINT('',#1099);
#1099 = CARTESIAN_POINT('',(-0.32,-7.94,2.54));
#1100 = LINE('',#1101,#1102);
#1101 = CARTESIAN_POINT('',(-0.16,-7.94,2.54));
#1102 = VECTOR('',#1103,1.);
#1103 = DIRECTION('',(-1.,0.,0.));
#1104 = ORIENTED_EDGE('',*,*,#1105,.T.);
#1105 = EDGE_CURVE('',#1098,#1106,#1108,.T.);
#1106 = VERTEX_POINT('',#1107);
#1107 = CARTESIAN_POINT('',(-0.32,-7.3,2.54));
#1108 = LINE('',#1109,#1110);
#1109 = CARTESIAN_POINT('',(-0.32,-7.145,2.54));
#1110 = VECTOR('',#1111,1.);
#1111 = DIRECTION('',(0.,1.,0.));
#1112 = ORIENTED_EDGE('',*,*,#1113,.F.);
#1113 = EDGE_CURVE('',#1114,#1106,#1116,.T.);
#1114 = VERTEX_POINT('',#1115);
#1115 = CARTESIAN_POINT('',(0.32,-7.3,2.54));
#1116 = LINE('',#1117,#1118);
#1117 = CARTESIAN_POINT('',(-0.16,-7.3,2.54));
#1118 = VECTOR('',#1119,1.);
#1119 = DIRECTION('',(-1.,0.,0.));
#1120 = ORIENTED_EDGE('',*,*,#1121,.F.);
#1121 = EDGE_CURVE('',#1096,#1114,#1122,.T.);
#1122 = LINE('',#1123,#1124);
#1123 = CARTESIAN_POINT('',(0.32,-7.145,2.54));
#1124 = VECTOR('',#1125,1.);
#1125 = DIRECTION('',(0.,1.,0.));
#1126 = PLANE('',#1127);
#1127 = AXIS2_PLACEMENT_3D('',#1128,#1129,#1130);
#1128 = CARTESIAN_POINT('',(-1.797008255889E-17,-6.35,2.54));
#1129 = DIRECTION('',(0.,0.,1.));
#1130 = DIRECTION('',(1.,0.,-0.));
#1131 = ADVANCED_FACE('',(#1132),#1143,.F.);
#1132 = FACE_BOUND('',#1133,.F.);
#1133 = EDGE_LOOP('',(#1134,#1140,#1141,#1142));
#1134 = ORIENTED_EDGE('',*,*,#1135,.T.);
#1135 = EDGE_CURVE('',#416,#909,#1136,.T.);
#1136 = LINE('',#1137,#1138);
#1137 = CARTESIAN_POINT('',(1.27,1.016,0.));
#1138 = VECTOR('',#1139,1.);
#1139 = DIRECTION('',(0.,0.,1.));
#1140 = ORIENTED_EDGE('',*,*,#916,.T.);
#1141 = ORIENTED_EDGE('',*,*,#87,.F.);
#1142 = ORIENTED_EDGE('',*,*,#423,.F.);
#1143 = PLANE('',#1144);
#1144 = AXIS2_PLACEMENT_3D('',#1145,#1146,#1147);
#1145 = CARTESIAN_POINT('',(1.27,1.016,0.));
#1146 = DIRECTION('',(-0.707106781187,-0.707106781187,0.));
#1147 = DIRECTION('',(-0.707106781187,0.707106781187,0.));
#1148 = ADVANCED_FACE('',(#1149),#1160,.F.);
#1149 = FACE_BOUND('',#1150,.F.);
#1150 = EDGE_LOOP('',(#1151,#1152,#1153,#1159));
#1151 = ORIENTED_EDGE('',*,*,#127,.T.);
#1152 = ORIENTED_EDGE('',*,*,#644,.T.);
#1153 = ORIENTED_EDGE('',*,*,#1154,.F.);
#1154 = EDGE_CURVE('',#152,#645,#1155,.T.);
#1155 = LINE('',#1156,#1157);
#1156 = CARTESIAN_POINT('',(-1.016,-1.27,0.));
#1157 = VECTOR('',#1158,1.);
#1158 = DIRECTION('',(0.,0.,1.));
#1159 = ORIENTED_EDGE('',*,*,#151,.F.);
#1160 = PLANE('',#1161);
#1161 = AXIS2_PLACEMENT_3D('',#1162,#1163,#1164);
#1162 = CARTESIAN_POINT('',(-1.27,-1.016,0.));
#1163 = DIRECTION('',(0.707106781187,0.707106781187,0.));
#1164 = DIRECTION('',(0.707106781187,-0.707106781187,0.));
#1165 = ADVANCED_FACE('',(#1166),#1177,.F.);
#1166 = FACE_BOUND('',#1167,.F.);
#1167 = EDGE_LOOP('',(#1168,#1174,#1175,#1176));
#1168 = ORIENTED_EDGE('',*,*,#1169,.T.);
#1169 = EDGE_CURVE('',#408,#901,#1170,.T.);
#1170 = LINE('',#1171,#1172);
#1171 = CARTESIAN_POINT('',(1.27,-1.016,0.));
#1172 = VECTOR('',#1173,1.);
#1173 = DIRECTION('',(0.,0.,1.));
#1174 = ORIENTED_EDGE('',*,*,#908,.T.);
#1175 = ORIENTED_EDGE('',*,*,#1135,.F.);
#1176 = ORIENTED_EDGE('',*,*,#415,.F.);
#1177 = PLANE('',#1178);
#1178 = AXIS2_PLACEMENT_3D('',#1179,#1180,#1181);
#1179 = CARTESIAN_POINT('',(1.27,-1.016,0.));
#1180 = DIRECTION('',(-1.,0.,0.));
#1181 = DIRECTION('',(0.,1.,0.));
#1182 = ADVANCED_FACE('',(#1183),#1194,.F.);
#1183 = FACE_BOUND('',#1184,.F.);
#1184 = EDGE_LOOP('',(#1185,#1186,#1187,#1193));
#1185 = ORIENTED_EDGE('',*,*,#1154,.T.);
#1186 = ORIENTED_EDGE('',*,*,#652,.T.);
#1187 = ORIENTED_EDGE('',*,*,#1188,.F.);
#1188 = EDGE_CURVE('',#160,#653,#1189,.T.);
#1189 = LINE('',#1190,#1191);
#1190 = CARTESIAN_POINT('',(-1.27,-1.524,0.));
#1191 = VECTOR('',#1192,1.);
#1192 = DIRECTION('',(0.,0.,1.));
#1193 = ORIENTED_EDGE('',*,*,#159,.F.);
#1194 = PLANE('',#1195);
#1195 = AXIS2_PLACEMENT_3D('',#1196,#1197,#1198);
#1196 = CARTESIAN_POINT('',(-1.016,-1.27,0.));
#1197 = DIRECTION('',(0.707106781187,-0.707106781187,0.));
#1198 = DIRECTION('',(-0.707106781187,-0.707106781187,0.));
#1199 = ADVANCED_FACE('',(#1200),#1211,.F.);
#1200 = FACE_BOUND('',#1201,.F.);
#1201 = EDGE_LOOP('',(#1202,#1208,#1209,#1210));
#1202 = ORIENTED_EDGE('',*,*,#1203,.T.);
#1203 = EDGE_CURVE('',#400,#893,#1204,.T.);
#1204 = LINE('',#1205,#1206);
#1205 = CARTESIAN_POINT('',(1.016,-1.27,0.));
#1206 = VECTOR('',#1207,1.);
#1207 = DIRECTION('',(0.,0.,1.));
#1208 = ORIENTED_EDGE('',*,*,#900,.T.);
#1209 = ORIENTED_EDGE('',*,*,#1169,.F.);
#1210 = ORIENTED_EDGE('',*,*,#407,.F.);
#1211 = PLANE('',#1212);
#1212 = AXIS2_PLACEMENT_3D('',#1213,#1214,#1215);
#1213 = CARTESIAN_POINT('',(1.016,-1.27,0.));
#1214 = DIRECTION('',(-0.707106781187,0.707106781187,0.));
#1215 = DIRECTION('',(0.707106781187,0.707106781187,0.));
#1216 = ADVANCED_FACE('',(#1217),#1228,.F.);
#1217 = FACE_BOUND('',#1218,.F.);
#1218 = EDGE_LOOP('',(#1219,#1220,#1221,#1227));
#1219 = ORIENTED_EDGE('',*,*,#1188,.T.);
#1220 = ORIENTED_EDGE('',*,*,#660,.T.);
#1221 = ORIENTED_EDGE('',*,*,#1222,.F.);
#1222 = EDGE_CURVE('',#168,#661,#1223,.T.);
#1223 = LINE('',#1224,#1225);
#1224 = CARTESIAN_POINT('',(-1.27,-3.556,0.));
#1225 = VECTOR('',#1226,1.);
#1226 = DIRECTION('',(0.,0.,1.));
#1227 = ORIENTED_EDGE('',*,*,#167,.F.);
#1228 = PLANE('',#1229);
#1229 = AXIS2_PLACEMENT_3D('',#1230,#1231,#1232);
#1230 = CARTESIAN_POINT('',(-1.27,-1.524,0.));
#1231 = DIRECTION('',(1.,0.,0.));
#1232 = DIRECTION('',(0.,-1.,0.));
#1233 = ADVANCED_FACE('',(#1234),#1245,.F.);
#1234 = FACE_BOUND('',#1235,.F.);
#1235 = EDGE_LOOP('',(#1236,#1242,#1243,#1244));
#1236 = ORIENTED_EDGE('',*,*,#1237,.T.);
#1237 = EDGE_CURVE('',#392,#885,#1238,.T.);
#1238 = LINE('',#1239,#1240);
#1239 = CARTESIAN_POINT('',(1.27,-1.524,0.));
#1240 = VECTOR('',#1241,1.);
#1241 = DIRECTION('',(0.,0.,1.));
#1242 = ORIENTED_EDGE('',*,*,#892,.T.);
#1243 = ORIENTED_EDGE('',*,*,#1203,.F.);
#1244 = ORIENTED_EDGE('',*,*,#399,.F.);
#1245 = PLANE('',#1246);
#1246 = AXIS2_PLACEMENT_3D('',#1247,#1248,#1249);
#1247 = CARTESIAN_POINT('',(1.27,-1.524,0.));
#1248 = DIRECTION('',(-0.707106781187,-0.707106781187,0.));
#1249 = DIRECTION('',(-0.707106781187,0.707106781187,0.));
#1250 = ADVANCED_FACE('',(#1251),#1262,.F.);
#1251 = FACE_BOUND('',#1252,.F.);
#1252 = EDGE_LOOP('',(#1253,#1254,#1255,#1261));
#1253 = ORIENTED_EDGE('',*,*,#1222,.T.);
#1254 = ORIENTED_EDGE('',*,*,#668,.T.);
#1255 = ORIENTED_EDGE('',*,*,#1256,.F.);
#1256 = EDGE_CURVE('',#176,#669,#1257,.T.);
#1257 = LINE('',#1258,#1259);
#1258 = CARTESIAN_POINT('',(-1.016,-3.81,0.));
#1259 = VECTOR('',#1260,1.);
#1260 = DIRECTION('',(0.,0.,1.));
#1261 = ORIENTED_EDGE('',*,*,#175,.F.);
#1262 = PLANE('',#1263);
#1263 = AXIS2_PLACEMENT_3D('',#1264,#1265,#1266);
#1264 = CARTESIAN_POINT('',(-1.27,-3.556,0.));
#1265 = DIRECTION('',(0.707106781187,0.707106781187,0.));
#1266 = DIRECTION('',(0.707106781187,-0.707106781187,0.));
#1267 = ADVANCED_FACE('',(#1268),#1279,.F.);
#1268 = FACE_BOUND('',#1269,.F.);
#1269 = EDGE_LOOP('',(#1270,#1276,#1277,#1278));
#1270 = ORIENTED_EDGE('',*,*,#1271,.T.);
#1271 = EDGE_CURVE('',#384,#877,#1272,.T.);
#1272 = LINE('',#1273,#1274);
#1273 = CARTESIAN_POINT('',(1.27,-3.556,0.));
#1274 = VECTOR('',#1275,1.);
#1275 = DIRECTION('',(0.,0.,1.));
#1276 = ORIENTED_EDGE('',*,*,#884,.T.);
#1277 = ORIENTED_EDGE('',*,*,#1237,.F.);
#1278 = ORIENTED_EDGE('',*,*,#391,.F.);
#1279 = PLANE('',#1280);
#1280 = AXIS2_PLACEMENT_3D('',#1281,#1282,#1283);
#1281 = CARTESIAN_POINT('',(1.27,-3.556,0.));
#1282 = DIRECTION('',(-1.,0.,0.));
#1283 = DIRECTION('',(0.,1.,0.));
#1284 = ADVANCED_FACE('',(#1285),#1296,.F.);
#1285 = FACE_BOUND('',#1286,.F.);
#1286 = EDGE_LOOP('',(#1287,#1288,#1289,#1295));
#1287 = ORIENTED_EDGE('',*,*,#1256,.T.);
#1288 = ORIENTED_EDGE('',*,*,#676,.T.);
#1289 = ORIENTED_EDGE('',*,*,#1290,.F.);
#1290 = EDGE_CURVE('',#184,#677,#1291,.T.);
#1291 = LINE('',#1292,#1293);
#1292 = CARTESIAN_POINT('',(-1.27,-4.064,0.));
#1293 = VECTOR('',#1294,1.);
#1294 = DIRECTION('',(0.,0.,1.));
#1295 = ORIENTED_EDGE('',*,*,#183,.F.);
#1296 = PLANE('',#1297);
#1297 = AXIS2_PLACEMENT_3D('',#1298,#1299,#1300);
#1298 = CARTESIAN_POINT('',(-1.016,-3.81,0.));
#1299 = DIRECTION('',(0.707106781187,-0.707106781187,0.));
#1300 = DIRECTION('',(-0.707106781187,-0.707106781187,0.));
#1301 = ADVANCED_FACE('',(#1302),#1313,.F.);
#1302 = FACE_BOUND('',#1303,.F.);
#1303 = EDGE_LOOP('',(#1304,#1310,#1311,#1312));
#1304 = ORIENTED_EDGE('',*,*,#1305,.T.);
#1305 = EDGE_CURVE('',#376,#869,#1306,.T.);
#1306 = LINE('',#1307,#1308);
#1307 = CARTESIAN_POINT('',(1.016,-3.81,0.));
#1308 = VECTOR('',#1309,1.);
#1309 = DIRECTION('',(0.,0.,1.));
#1310 = ORIENTED_EDGE('',*,*,#876,.T.);
#1311 = ORIENTED_EDGE('',*,*,#1271,.F.);
#1312 = ORIENTED_EDGE('',*,*,#383,.F.);
#1313 = PLANE('',#1314);
#1314 = AXIS2_PLACEMENT_3D('',#1315,#1316,#1317);
#1315 = CARTESIAN_POINT('',(1.016,-3.81,0.));
#1316 = DIRECTION('',(-0.707106781187,0.707106781187,0.));
#1317 = DIRECTION('',(0.707106781187,0.707106781187,0.));
#1318 = ADVANCED_FACE('',(#1319),#1330,.F.);
#1319 = FACE_BOUND('',#1320,.F.);
#1320 = EDGE_LOOP('',(#1321,#1322,#1323,#1329));
#1321 = ORIENTED_EDGE('',*,*,#1290,.T.);
#1322 = ORIENTED_EDGE('',*,*,#684,.T.);
#1323 = ORIENTED_EDGE('',*,*,#1324,.F.);
#1324 = EDGE_CURVE('',#192,#685,#1325,.T.);
#1325 = LINE('',#1326,#1327);
#1326 = CARTESIAN_POINT('',(-1.27,-6.096,0.));
#1327 = VECTOR('',#1328,1.);
#1328 = DIRECTION('',(0.,0.,1.));
#1329 = ORIENTED_EDGE('',*,*,#191,.F.);
#1330 = PLANE('',#1331);
#1331 = AXIS2_PLACEMENT_3D('',#1332,#1333,#1334);
#1332 = CARTESIAN_POINT('',(-1.27,-4.064,0.));
#1333 = DIRECTION('',(1.,0.,0.));
#1334 = DIRECTION('',(0.,-1.,0.));
#1335 = ADVANCED_FACE('',(#1336),#1347,.F.);
#1336 = FACE_BOUND('',#1337,.F.);
#1337 = EDGE_LOOP('',(#1338,#1344,#1345,#1346));
#1338 = ORIENTED_EDGE('',*,*,#1339,.T.);
#1339 = EDGE_CURVE('',#368,#861,#1340,.T.);
#1340 = LINE('',#1341,#1342);
#1341 = CARTESIAN_POINT('',(1.27,-4.064,0.));
#1342 = VECTOR('',#1343,1.);
#1343 = DIRECTION('',(0.,0.,1.));
#1344 = ORIENTED_EDGE('',*,*,#868,.T.);
#1345 = ORIENTED_EDGE('',*,*,#1305,.F.);
#1346 = ORIENTED_EDGE('',*,*,#375,.F.);
#1347 = PLANE('',#1348);
#1348 = AXIS2_PLACEMENT_3D('',#1349,#1350,#1351);
#1349 = CARTESIAN_POINT('',(1.27,-4.064,0.));
#1350 = DIRECTION('',(-0.707106781187,-0.707106781187,0.));
#1351 = DIRECTION('',(-0.707106781187,0.707106781187,0.));
#1352 = ADVANCED_FACE('',(#1353),#1364,.F.);
#1353 = FACE_BOUND('',#1354,.F.);
#1354 = EDGE_LOOP('',(#1355,#1356,#1357,#1363));
#1355 = ORIENTED_EDGE('',*,*,#1324,.T.);
#1356 = ORIENTED_EDGE('',*,*,#692,.T.);
#1357 = ORIENTED_EDGE('',*,*,#1358,.F.);
#1358 = EDGE_CURVE('',#200,#693,#1359,.T.);
#1359 = LINE('',#1360,#1361);
#1360 = CARTESIAN_POINT('',(-1.016,-6.35,0.));
#1361 = VECTOR('',#1362,1.);
#1362 = DIRECTION('',(0.,0.,1.));
#1363 = ORIENTED_EDGE('',*,*,#199,.F.);
#1364 = PLANE('',#1365);
#1365 = AXIS2_PLACEMENT_3D('',#1366,#1367,#1368);
#1366 = CARTESIAN_POINT('',(-1.27,-6.096,0.));
#1367 = DIRECTION('',(0.707106781187,0.707106781187,0.));
#1368 = DIRECTION('',(0.707106781187,-0.707106781187,0.));
#1369 = ADVANCED_FACE('',(#1370),#1381,.F.);
#1370 = FACE_BOUND('',#1371,.F.);
#1371 = EDGE_LOOP('',(#1372,#1378,#1379,#1380));
#1372 = ORIENTED_EDGE('',*,*,#1373,.T.);
#1373 = EDGE_CURVE('',#360,#853,#1374,.T.);
#1374 = LINE('',#1375,#1376);
#1375 = CARTESIAN_POINT('',(1.27,-6.096,0.));
#1376 = VECTOR('',#1377,1.);
#1377 = DIRECTION('',(0.,0.,1.));
#1378 = ORIENTED_EDGE('',*,*,#860,.T.);
#1379 = ORIENTED_EDGE('',*,*,#1339,.F.);
#1380 = ORIENTED_EDGE('',*,*,#367,.F.);
#1381 = PLANE('',#1382);
#1382 = AXIS2_PLACEMENT_3D('',#1383,#1384,#1385);
#1383 = CARTESIAN_POINT('',(1.27,-6.096,0.));
#1384 = DIRECTION('',(-1.,0.,0.));
#1385 = DIRECTION('',(0.,1.,0.));
#1386 = ADVANCED_FACE('',(#1387),#1398,.F.);
#1387 = FACE_BOUND('',#1388,.F.);
#1388 = EDGE_LOOP('',(#1389,#1390,#1391,#1397));
#1389 = ORIENTED_EDGE('',*,*,#1358,.T.);
#1390 = ORIENTED_EDGE('',*,*,#700,.T.);
#1391 = ORIENTED_EDGE('',*,*,#1392,.F.);
#1392 = EDGE_CURVE('',#208,#701,#1393,.T.);
#1393 = LINE('',#1394,#1395);
#1394 = CARTESIAN_POINT('',(-1.27,-6.604,0.));
#1395 = VECTOR('',#1396,1.);
#1396 = DIRECTION('',(0.,0.,1.));
#1397 = ORIENTED_EDGE('',*,*,#207,.F.);
#1398 = PLANE('',#1399);
#1399 = AXIS2_PLACEMENT_3D('',#1400,#1401,#1402);
#1400 = CARTESIAN_POINT('',(-1.016,-6.35,0.));
#1401 = DIRECTION('',(0.707106781187,-0.707106781187,0.));
#1402 = DIRECTION('',(-0.707106781187,-0.707106781187,0.));
#1403 = ADVANCED_FACE('',(#1404),#1415,.F.);
#1404 = FACE_BOUND('',#1405,.F.);
#1405 = EDGE_LOOP('',(#1406,#1412,#1413,#1414));
#1406 = ORIENTED_EDGE('',*,*,#1407,.T.);
#1407 = EDGE_CURVE('',#352,#845,#1408,.T.);
#1408 = LINE('',#1409,#1410);
#1409 = CARTESIAN_POINT('',(1.016,-6.35,0.));
#1410 = VECTOR('',#1411,1.);
#1411 = DIRECTION('',(0.,0.,1.));
#1412 = ORIENTED_EDGE('',*,*,#852,.T.);
#1413 = ORIENTED_EDGE('',*,*,#1373,.F.);
#1414 = ORIENTED_EDGE('',*,*,#359,.F.);
#1415 = PLANE('',#1416);
#1416 = AXIS2_PLACEMENT_3D('',#1417,#1418,#1419);
#1417 = CARTESIAN_POINT('',(1.016,-6.35,0.));
#1418 = DIRECTION('',(-0.707106781187,0.707106781187,0.));
#1419 = DIRECTION('',(0.707106781187,0.707106781187,0.));
#1420 = ADVANCED_FACE('',(#1421),#1432,.F.);
#1421 = FACE_BOUND('',#1422,.F.);
#1422 = EDGE_LOOP('',(#1423,#1424,#1425,#1431));
#1423 = ORIENTED_EDGE('',*,*,#1392,.T.);
#1424 = ORIENTED_EDGE('',*,*,#708,.T.);
#1425 = ORIENTED_EDGE('',*,*,#1426,.F.);
#1426 = EDGE_CURVE('',#216,#709,#1427,.T.);
#1427 = LINE('',#1428,#1429);
#1428 = CARTESIAN_POINT('',(-1.27,-8.636,0.));
#1429 = VECTOR('',#1430,1.);
#1430 = DIRECTION('',(0.,0.,1.));
#1431 = ORIENTED_EDGE('',*,*,#215,.F.);
#1432 = PLANE('',#1433);
#1433 = AXIS2_PLACEMENT_3D('',#1434,#1435,#1436);
#1434 = CARTESIAN_POINT('',(-1.27,-6.604,0.));
#1435 = DIRECTION('',(1.,0.,0.));
#1436 = DIRECTION('',(0.,-1.,0.));
#1437 = ADVANCED_FACE('',(#1438),#1449,.F.);
#1438 = FACE_BOUND('',#1439,.F.);
#1439 = EDGE_LOOP('',(#1440,#1446,#1447,#1448));
#1440 = ORIENTED_EDGE('',*,*,#1441,.T.);
#1441 = EDGE_CURVE('',#344,#837,#1442,.T.);
#1442 = LINE('',#1443,#1444);
#1443 = CARTESIAN_POINT('',(1.27,-6.604,0.));
#1444 = VECTOR('',#1445,1.);
#1445 = DIRECTION('',(0.,0.,1.));
#1446 = ORIENTED_EDGE('',*,*,#844,.T.);
#1447 = ORIENTED_EDGE('',*,*,#1407,.F.);
#1448 = ORIENTED_EDGE('',*,*,#351,.F.);
#1449 = PLANE('',#1450);
#1450 = AXIS2_PLACEMENT_3D('',#1451,#1452,#1453);
#1451 = CARTESIAN_POINT('',(1.27,-6.604,0.));
#1452 = DIRECTION('',(-0.707106781187,-0.707106781187,0.));
#1453 = DIRECTION('',(-0.707106781187,0.707106781187,0.));
#1454 = ADVANCED_FACE('',(#1455),#1466,.F.);
#1455 = FACE_BOUND('',#1456,.F.);
#1456 = EDGE_LOOP('',(#1457,#1458,#1459,#1465));
#1457 = ORIENTED_EDGE('',*,*,#1426,.T.);
#1458 = ORIENTED_EDGE('',*,*,#716,.T.);
#1459 = ORIENTED_EDGE('',*,*,#1460,.F.);
#1460 = EDGE_CURVE('',#224,#717,#1461,.T.);
#1461 = LINE('',#1462,#1463);
#1462 = CARTESIAN_POINT('',(-1.016,-8.89,0.));
#1463 = VECTOR('',#1464,1.);
#1464 = DIRECTION('',(0.,0.,1.));
#1465 = ORIENTED_EDGE('',*,*,#223,.F.);
#1466 = PLANE('',#1467);
#1467 = AXIS2_PLACEMENT_3D('',#1468,#1469,#1470);
#1468 = CARTESIAN_POINT('',(-1.27,-8.636,0.));
#1469 = DIRECTION('',(0.707106781187,0.707106781187,0.));
#1470 = DIRECTION('',(0.707106781187,-0.707106781187,0.));
#1471 = ADVANCED_FACE('',(#1472),#1483,.F.);
#1472 = FACE_BOUND('',#1473,.F.);
#1473 = EDGE_LOOP('',(#1474,#1480,#1481,#1482));
#1474 = ORIENTED_EDGE('',*,*,#1475,.T.);
#1475 = EDGE_CURVE('',#336,#829,#1476,.T.);
#1476 = LINE('',#1477,#1478);
#1477 = CARTESIAN_POINT('',(1.27,-8.636,0.));
#1478 = VECTOR('',#1479,1.);
#1479 = DIRECTION('',(0.,0.,1.));
#1480 = ORIENTED_EDGE('',*,*,#836,.T.);
#1481 = ORIENTED_EDGE('',*,*,#1441,.F.);
#1482 = ORIENTED_EDGE('',*,*,#343,.F.);
#1483 = PLANE('',#1484);
#1484 = AXIS2_PLACEMENT_3D('',#1485,#1486,#1487);
#1485 = CARTESIAN_POINT('',(1.27,-8.636,0.));
#1486 = DIRECTION('',(-1.,0.,0.));
#1487 = DIRECTION('',(0.,1.,0.));
#1488 = ADVANCED_FACE('',(#1489),#1500,.F.);
#1489 = FACE_BOUND('',#1490,.F.);
#1490 = EDGE_LOOP('',(#1491,#1492,#1493,#1499));
#1491 = ORIENTED_EDGE('',*,*,#1460,.T.);
#1492 = ORIENTED_EDGE('',*,*,#724,.T.);
#1493 = ORIENTED_EDGE('',*,*,#1494,.F.);
#1494 = EDGE_CURVE('',#232,#725,#1495,.T.);
#1495 = LINE('',#1496,#1497);
#1496 = CARTESIAN_POINT('',(-1.27,-9.144,0.));
#1497 = VECTOR('',#1498,1.);
#1498 = DIRECTION('',(0.,0.,1.));
#1499 = ORIENTED_EDGE('',*,*,#231,.F.);
#1500 = PLANE('',#1501);
#1501 = AXIS2_PLACEMENT_3D('',#1502,#1503,#1504);
#1502 = CARTESIAN_POINT('',(-1.016,-8.89,0.));
#1503 = DIRECTION('',(0.707106781187,-0.707106781187,0.));
#1504 = DIRECTION('',(-0.707106781187,-0.707106781187,0.));
#1505 = ADVANCED_FACE('',(#1506),#1517,.F.);
#1506 = FACE_BOUND('',#1507,.F.);
#1507 = EDGE_LOOP('',(#1508,#1514,#1515,#1516));
#1508 = ORIENTED_EDGE('',*,*,#1509,.T.);
#1509 = EDGE_CURVE('',#328,#821,#1510,.T.);
#1510 = LINE('',#1511,#1512);
#1511 = CARTESIAN_POINT('',(1.016,-8.89,0.));
#1512 = VECTOR('',#1513,1.);
#1513 = DIRECTION('',(0.,0.,1.));
#1514 = ORIENTED_EDGE('',*,*,#828,.T.);
#1515 = ORIENTED_EDGE('',*,*,#1475,.F.);
#1516 = ORIENTED_EDGE('',*,*,#335,.F.);
#1517 = PLANE('',#1518);
#1518 = AXIS2_PLACEMENT_3D('',#1519,#1520,#1521);
#1519 = CARTESIAN_POINT('',(1.016,-8.89,0.));
#1520 = DIRECTION('',(-0.707106781187,0.707106781187,0.));
#1521 = DIRECTION('',(0.707106781187,0.707106781187,0.));
#1522 = ADVANCED_FACE('',(#1523),#1534,.F.);
#1523 = FACE_BOUND('',#1524,.F.);
#1524 = EDGE_LOOP('',(#1525,#1526,#1527,#1533));
#1525 = ORIENTED_EDGE('',*,*,#1494,.T.);
#1526 = ORIENTED_EDGE('',*,*,#732,.T.);
#1527 = ORIENTED_EDGE('',*,*,#1528,.F.);
#1528 = EDGE_CURVE('',#240,#733,#1529,.T.);
#1529 = LINE('',#1530,#1531);
#1530 = CARTESIAN_POINT('',(-1.27,-11.176,0.));
#1531 = VECTOR('',#1532,1.);
#1532 = DIRECTION('',(0.,0.,1.));
#1533 = ORIENTED_EDGE('',*,*,#239,.F.);
#1534 = PLANE('',#1535);
#1535 = AXIS2_PLACEMENT_3D('',#1536,#1537,#1538);
#1536 = CARTESIAN_POINT('',(-1.27,-9.144,0.));
#1537 = DIRECTION('',(1.,0.,0.));
#1538 = DIRECTION('',(0.,-1.,0.));
#1539 = ADVANCED_FACE('',(#1540),#1551,.F.);
#1540 = FACE_BOUND('',#1541,.F.);
#1541 = EDGE_LOOP('',(#1542,#1548,#1549,#1550));
#1542 = ORIENTED_EDGE('',*,*,#1543,.T.);
#1543 = EDGE_CURVE('',#320,#813,#1544,.T.);
#1544 = LINE('',#1545,#1546);
#1545 = CARTESIAN_POINT('',(1.27,-9.144,0.));
#1546 = VECTOR('',#1547,1.);
#1547 = DIRECTION('',(0.,0.,1.));
#1548 = ORIENTED_EDGE('',*,*,#820,.T.);
#1549 = ORIENTED_EDGE('',*,*,#1509,.F.);
#1550 = ORIENTED_EDGE('',*,*,#327,.F.);
#1551 = PLANE('',#1552);
#1552 = AXIS2_PLACEMENT_3D('',#1553,#1554,#1555);
#1553 = CARTESIAN_POINT('',(1.27,-9.144,0.));
#1554 = DIRECTION('',(-0.707106781187,-0.707106781187,0.));
#1555 = DIRECTION('',(-0.707106781187,0.707106781187,0.));
#1556 = ADVANCED_FACE('',(#1557),#1568,.F.);
#1557 = FACE_BOUND('',#1558,.F.);
#1558 = EDGE_LOOP('',(#1559,#1560,#1561,#1567));
#1559 = ORIENTED_EDGE('',*,*,#1528,.T.);
#1560 = ORIENTED_EDGE('',*,*,#740,.T.);
#1561 = ORIENTED_EDGE('',*,*,#1562,.F.);
#1562 = EDGE_CURVE('',#248,#741,#1563,.T.);
#1563 = LINE('',#1564,#1565);
#1564 = CARTESIAN_POINT('',(-1.016,-11.43,0.));
#1565 = VECTOR('',#1566,1.);
#1566 = DIRECTION('',(0.,0.,1.));
#1567 = ORIENTED_EDGE('',*,*,#247,.F.);
#1568 = PLANE('',#1569);
#1569 = AXIS2_PLACEMENT_3D('',#1570,#1571,#1572);
#1570 = CARTESIAN_POINT('',(-1.27,-11.176,0.));
#1571 = DIRECTION('',(0.707106781187,0.707106781187,0.));
#1572 = DIRECTION('',(0.707106781187,-0.707106781187,0.));
#1573 = ADVANCED_FACE('',(#1574),#1585,.F.);
#1574 = FACE_BOUND('',#1575,.F.);
#1575 = EDGE_LOOP('',(#1576,#1582,#1583,#1584));
#1576 = ORIENTED_EDGE('',*,*,#1577,.T.);
#1577 = EDGE_CURVE('',#312,#805,#1578,.T.);
#1578 = LINE('',#1579,#1580);
#1579 = CARTESIAN_POINT('',(1.27,-11.176,0.));
#1580 = VECTOR('',#1581,1.);
#1581 = DIRECTION('',(0.,0.,1.));
#1582 = ORIENTED_EDGE('',*,*,#812,.T.);
#1583 = ORIENTED_EDGE('',*,*,#1543,.F.);
#1584 = ORIENTED_EDGE('',*,*,#319,.F.);
#1585 = PLANE('',#1586);
#1586 = AXIS2_PLACEMENT_3D('',#1587,#1588,#1589);
#1587 = CARTESIAN_POINT('',(1.27,-11.176,0.));
#1588 = DIRECTION('',(-1.,0.,0.));
#1589 = DIRECTION('',(0.,1.,0.));
#1590 = ADVANCED_FACE('',(#1591),#1602,.F.);
#1591 = FACE_BOUND('',#1592,.F.);
#1592 = EDGE_LOOP('',(#1593,#1594,#1595,#1601));
#1593 = ORIENTED_EDGE('',*,*,#1562,.T.);
#1594 = ORIENTED_EDGE('',*,*,#748,.T.);
#1595 = ORIENTED_EDGE('',*,*,#1596,.F.);
#1596 = EDGE_CURVE('',#256,#749,#1597,.T.);
#1597 = LINE('',#1598,#1599);
#1598 = CARTESIAN_POINT('',(-1.27,-11.684,0.));
#1599 = VECTOR('',#1600,1.);
#1600 = DIRECTION('',(0.,0.,1.));
#1601 = ORIENTED_EDGE('',*,*,#255,.F.);
#1602 = PLANE('',#1603);
#1603 = AXIS2_PLACEMENT_3D('',#1604,#1605,#1606);
#1604 = CARTESIAN_POINT('',(-1.016,-11.43,0.));
#1605 = DIRECTION('',(0.707106781187,-0.707106781187,0.));
#1606 = DIRECTION('',(-0.707106781187,-0.707106781187,0.));
#1607 = ADVANCED_FACE('',(#1608),#1619,.F.);
#1608 = FACE_BOUND('',#1609,.F.);
#1609 = EDGE_LOOP('',(#1610,#1616,#1617,#1618));
#1610 = ORIENTED_EDGE('',*,*,#1611,.T.);
#1611 = EDGE_CURVE('',#304,#797,#1612,.T.);
#1612 = LINE('',#1613,#1614);
#1613 = CARTESIAN_POINT('',(1.016,-11.43,0.));
#1614 = VECTOR('',#1615,1.);
#1615 = DIRECTION('',(0.,0.,1.));
#1616 = ORIENTED_EDGE('',*,*,#804,.T.);
#1617 = ORIENTED_EDGE('',*,*,#1577,.F.);
#1618 = ORIENTED_EDGE('',*,*,#311,.F.);
#1619 = PLANE('',#1620);
#1620 = AXIS2_PLACEMENT_3D('',#1621,#1622,#1623);
#1621 = CARTESIAN_POINT('',(1.016,-11.43,0.));
#1622 = DIRECTION('',(-0.707106781187,0.707106781187,0.));
#1623 = DIRECTION('',(0.707106781187,0.707106781187,0.));
#1624 = ADVANCED_FACE('',(#1625),#1636,.F.);
#1625 = FACE_BOUND('',#1626,.F.);
#1626 = EDGE_LOOP('',(#1627,#1628,#1629,#1635));
#1627 = ORIENTED_EDGE('',*,*,#1596,.T.);
#1628 = ORIENTED_EDGE('',*,*,#756,.T.);
#1629 = ORIENTED_EDGE('',*,*,#1630,.F.);
#1630 = EDGE_CURVE('',#264,#757,#1631,.T.);
#1631 = LINE('',#1632,#1633);
#1632 = CARTESIAN_POINT('',(-1.27,-13.716,0.));
#1633 = VECTOR('',#1634,1.);
#1634 = DIRECTION('',(0.,0.,1.));
#1635 = ORIENTED_EDGE('',*,*,#263,.F.);
#1636 = PLANE('',#1637);
#1637 = AXIS2_PLACEMENT_3D('',#1638,#1639,#1640);
#1638 = CARTESIAN_POINT('',(-1.27,-11.684,0.));
#1639 = DIRECTION('',(1.,0.,0.));
#1640 = DIRECTION('',(0.,-1.,0.));
#1641 = ADVANCED_FACE('',(#1642),#1653,.F.);
#1642 = FACE_BOUND('',#1643,.F.);
#1643 = EDGE_LOOP('',(#1644,#1650,#1651,#1652));
#1644 = ORIENTED_EDGE('',*,*,#1645,.T.);
#1645 = EDGE_CURVE('',#296,#789,#1646,.T.);
#1646 = LINE('',#1647,#1648);
#1647 = CARTESIAN_POINT('',(1.27,-11.684,0.));
#1648 = VECTOR('',#1649,1.);
#1649 = DIRECTION('',(0.,0.,1.));
#1650 = ORIENTED_EDGE('',*,*,#796,.T.);
#1651 = ORIENTED_EDGE('',*,*,#1611,.F.);
#1652 = ORIENTED_EDGE('',*,*,#303,.F.);
#1653 = PLANE('',#1654);
#1654 = AXIS2_PLACEMENT_3D('',#1655,#1656,#1657);
#1655 = CARTESIAN_POINT('',(1.27,-11.684,0.));
#1656 = DIRECTION('',(-0.707106781187,-0.707106781187,0.));
#1657 = DIRECTION('',(-0.707106781187,0.707106781187,0.));
#1658 = ADVANCED_FACE('',(#1659),#1670,.F.);
#1659 = FACE_BOUND('',#1660,.F.);
#1660 = EDGE_LOOP('',(#1661,#1662,#1663,#1669));
#1661 = ORIENTED_EDGE('',*,*,#1630,.T.);
#1662 = ORIENTED_EDGE('',*,*,#764,.T.);
#1663 = ORIENTED_EDGE('',*,*,#1664,.F.);
#1664 = EDGE_CURVE('',#272,#765,#1665,.T.);
#1665 = LINE('',#1666,#1667);
#1666 = CARTESIAN_POINT('',(-1.016,-13.97,0.));
#1667 = VECTOR('',#1668,1.);
#1668 = DIRECTION('',(0.,0.,1.));
#1669 = ORIENTED_EDGE('',*,*,#271,.F.);
#1670 = PLANE('',#1671);
#1671 = AXIS2_PLACEMENT_3D('',#1672,#1673,#1674);
#1672 = CARTESIAN_POINT('',(-1.27,-13.716,0.));
#1673 = DIRECTION('',(0.707106781187,0.707106781187,0.));
#1674 = DIRECTION('',(0.707106781187,-0.707106781187,0.));
#1675 = ADVANCED_FACE('',(#1676),#1687,.F.);
#1676 = FACE_BOUND('',#1677,.F.);
#1677 = EDGE_LOOP('',(#1678,#1684,#1685,#1686));
#1678 = ORIENTED_EDGE('',*,*,#1679,.T.);
#1679 = EDGE_CURVE('',#288,#781,#1680,.T.);
#1680 = LINE('',#1681,#1682);
#1681 = CARTESIAN_POINT('',(1.27,-13.716,0.));
#1682 = VECTOR('',#1683,1.);
#1683 = DIRECTION('',(0.,0.,1.));
#1684 = ORIENTED_EDGE('',*,*,#788,.T.);
#1685 = ORIENTED_EDGE('',*,*,#1645,.F.);
#1686 = ORIENTED_EDGE('',*,*,#295,.F.);
#1687 = PLANE('',#1688);
#1688 = AXIS2_PLACEMENT_3D('',#1689,#1690,#1691);
#1689 = CARTESIAN_POINT('',(1.27,-13.716,0.));
#1690 = DIRECTION('',(-1.,0.,0.));
#1691 = DIRECTION('',(0.,1.,0.));
#1692 = ADVANCED_FACE('',(#1693),#1704,.F.);
#1693 = FACE_BOUND('',#1694,.F.);
#1694 = EDGE_LOOP('',(#1695,#1696,#1697,#1703));
#1695 = ORIENTED_EDGE('',*,*,#1664,.T.);
#1696 = ORIENTED_EDGE('',*,*,#772,.T.);
#1697 = ORIENTED_EDGE('',*,*,#1698,.F.);
#1698 = EDGE_CURVE('',#280,#773,#1699,.T.);
#1699 = LINE('',#1700,#1701);
#1700 = CARTESIAN_POINT('',(1.016,-13.97,0.));
#1701 = VECTOR('',#1702,1.);
#1702 = DIRECTION('',(0.,0.,1.));
#1703 = ORIENTED_EDGE('',*,*,#279,.F.);
#1704 = PLANE('',#1705);
#1705 = AXIS2_PLACEMENT_3D('',#1706,#1707,#1708);
#1706 = CARTESIAN_POINT('',(-1.016,-13.97,0.));
#1707 = DIRECTION('',(0.,1.,0.));
#1708 = DIRECTION('',(1.,0.,0.));
#1709 = ADVANCED_FACE('',(#1710),#1716,.F.);
#1710 = FACE_BOUND('',#1711,.F.);
#1711 = EDGE_LOOP('',(#1712,#1713,#1714,#1715));
#1712 = ORIENTED_EDGE('',*,*,#1698,.T.);
#1713 = ORIENTED_EDGE('',*,*,#780,.T.);
#1714 = ORIENTED_EDGE('',*,*,#1679,.F.);
#1715 = ORIENTED_EDGE('',*,*,#287,.F.);
#1716 = PLANE('',#1717);
#1717 = AXIS2_PLACEMENT_3D('',#1718,#1719,#1720);
#1718 = CARTESIAN_POINT('',(1.016,-13.97,0.));
#1719 = DIRECTION('',(-0.707106781187,0.707106781187,0.));
#1720 = DIRECTION('',(0.707106781187,0.707106781187,0.));
#1721 = ADVANCED_FACE('',(#1722),#1747,.T.);
#1722 = FACE_BOUND('',#1723,.T.);
#1723 = EDGE_LOOP('',(#1724,#1732,#1740,#1746));
#1724 = ORIENTED_EDGE('',*,*,#1725,.F.);
#1725 = EDGE_CURVE('',#1726,#433,#1728,.T.);
#1726 = VERTEX_POINT('',#1727);
#1727 = CARTESIAN_POINT('',(0.32,-0.32,-2.84));
#1728 = LINE('',#1729,#1730);
#1729 = CARTESIAN_POINT('',(0.32,-0.32,-3.));
#1730 = VECTOR('',#1731,1.);
#1731 = DIRECTION('',(0.,0.,1.));
#1732 = ORIENTED_EDGE('',*,*,#1733,.T.);
#1733 = EDGE_CURVE('',#1726,#1734,#1736,.T.);
#1734 = VERTEX_POINT('',#1735);
#1735 = CARTESIAN_POINT('',(0.32,0.32,-2.84));
#1736 = LINE('',#1737,#1738);
#1737 = CARTESIAN_POINT('',(0.32,-0.32,-2.84));
#1738 = VECTOR('',#1739,1.);
#1739 = DIRECTION('',(0.,1.,0.));
#1740 = ORIENTED_EDGE('',*,*,#1741,.T.);
#1741 = EDGE_CURVE('',#1734,#435,#1742,.T.);
#1742 = LINE('',#1743,#1744);
#1743 = CARTESIAN_POINT('',(0.32,0.32,-3.));
#1744 = VECTOR('',#1745,1.);
#1745 = DIRECTION('',(0.,0.,1.));
#1746 = ORIENTED_EDGE('',*,*,#432,.F.);
#1747 = PLANE('',#1748);
#1748 = AXIS2_PLACEMENT_3D('',#1749,#1750,#1751);
#1749 = CARTESIAN_POINT('',(0.32,-0.32,-3.));
#1750 = DIRECTION('',(1.,0.,0.));
#1751 = DIRECTION('',(0.,0.,1.));
#1752 = ADVANCED_FACE('',(#1753),#1771,.T.);
#1753 = FACE_BOUND('',#1754,.T.);
#1754 = EDGE_LOOP('',(#1755,#1756,#1764,#1770));
#1755 = ORIENTED_EDGE('',*,*,#1741,.F.);
#1756 = ORIENTED_EDGE('',*,*,#1757,.F.);
#1757 = EDGE_CURVE('',#1758,#1734,#1760,.T.);
#1758 = VERTEX_POINT('',#1759);
#1759 = CARTESIAN_POINT('',(-0.32,0.32,-2.84));
#1760 = LINE('',#1761,#1762);
#1761 = CARTESIAN_POINT('',(-0.32,0.32,-2.84));
#1762 = VECTOR('',#1763,1.);
#1763 = DIRECTION('',(1.,0.,0.));
#1764 = ORIENTED_EDGE('',*,*,#1765,.T.);
#1765 = EDGE_CURVE('',#1758,#451,#1766,.T.);
#1766 = LINE('',#1767,#1768);
#1767 = CARTESIAN_POINT('',(-0.32,0.32,-3.));
#1768 = VECTOR('',#1769,1.);
#1769 = DIRECTION('',(0.,0.,1.));
#1770 = ORIENTED_EDGE('',*,*,#458,.F.);
#1771 = PLANE('',#1772);
#1772 = AXIS2_PLACEMENT_3D('',#1773,#1774,#1775);
#1773 = CARTESIAN_POINT('',(-0.32,0.32,-3.));
#1774 = DIRECTION('',(0.,1.,0.));
#1775 = DIRECTION('',(0.,-0.,1.));
#1776 = ADVANCED_FACE('',(#1777),#1795,.F.);
#1777 = FACE_BOUND('',#1778,.F.);
#1778 = EDGE_LOOP('',(#1779,#1787,#1793,#1794));
#1779 = ORIENTED_EDGE('',*,*,#1780,.F.);
#1780 = EDGE_CURVE('',#1781,#443,#1783,.T.);
#1781 = VERTEX_POINT('',#1782);
#1782 = CARTESIAN_POINT('',(-0.32,-0.32,-2.84));
#1783 = LINE('',#1784,#1785);
#1784 = CARTESIAN_POINT('',(-0.32,-0.32,-3.));
#1785 = VECTOR('',#1786,1.);
#1786 = DIRECTION('',(0.,0.,1.));
#1787 = ORIENTED_EDGE('',*,*,#1788,.T.);
#1788 = EDGE_CURVE('',#1781,#1758,#1789,.T.);
#1789 = LINE('',#1790,#1791);
#1790 = CARTESIAN_POINT('',(-0.32,-0.32,-2.84));
#1791 = VECTOR('',#1792,1.);
#1792 = DIRECTION('',(0.,1.,0.));
#1793 = ORIENTED_EDGE('',*,*,#1765,.T.);
#1794 = ORIENTED_EDGE('',*,*,#450,.F.);
#1795 = PLANE('',#1796);
#1796 = AXIS2_PLACEMENT_3D('',#1797,#1798,#1799);
#1797 = CARTESIAN_POINT('',(-0.32,-0.32,-3.));
#1798 = DIRECTION('',(1.,0.,0.));
#1799 = DIRECTION('',(0.,0.,1.));
#1800 = ADVANCED_FACE('',(#1801),#1812,.F.);
#1801 = FACE_BOUND('',#1802,.F.);
#1802 = EDGE_LOOP('',(#1803,#1804,#1810,#1811));
#1803 = ORIENTED_EDGE('',*,*,#1725,.F.);
#1804 = ORIENTED_EDGE('',*,*,#1805,.F.);
#1805 = EDGE_CURVE('',#1781,#1726,#1806,.T.);
#1806 = LINE('',#1807,#1808);
#1807 = CARTESIAN_POINT('',(-0.32,-0.32,-2.84));
#1808 = VECTOR('',#1809,1.);
#1809 = DIRECTION('',(1.,0.,0.));
#1810 = ORIENTED_EDGE('',*,*,#1780,.T.);
#1811 = ORIENTED_EDGE('',*,*,#442,.F.);
#1812 = PLANE('',#1813);
#1813 = AXIS2_PLACEMENT_3D('',#1814,#1815,#1816);
#1814 = CARTESIAN_POINT('',(-0.32,-0.32,-3.));
#1815 = DIRECTION('',(0.,1.,0.));
#1816 = DIRECTION('',(0.,-0.,1.));
#1817 = ADVANCED_FACE('',(#1818),#1843,.T.);
#1818 = FACE_BOUND('',#1819,.T.);
#1819 = EDGE_LOOP('',(#1820,#1828,#1836,#1842));
#1820 = ORIENTED_EDGE('',*,*,#1821,.F.);
#1821 = EDGE_CURVE('',#1822,#467,#1824,.T.);
#1822 = VERTEX_POINT('',#1823);
#1823 = CARTESIAN_POINT('',(0.32,-5.4,-2.84));
#1824 = LINE('',#1825,#1826);
#1825 = CARTESIAN_POINT('',(0.32,-5.4,-3.));
#1826 = VECTOR('',#1827,1.);
#1827 = DIRECTION('',(0.,0.,1.));
#1828 = ORIENTED_EDGE('',*,*,#1829,.T.);
#1829 = EDGE_CURVE('',#1822,#1830,#1832,.T.);
#1830 = VERTEX_POINT('',#1831);
#1831 = CARTESIAN_POINT('',(0.32,-4.76,-2.84));
#1832 = LINE('',#1833,#1834);
#1833 = CARTESIAN_POINT('',(0.32,-5.4,-2.84));
#1834 = VECTOR('',#1835,1.);
#1835 = DIRECTION('',(0.,1.,0.));
#1836 = ORIENTED_EDGE('',*,*,#1837,.T.);
#1837 = EDGE_CURVE('',#1830,#469,#1838,.T.);
#1838 = LINE('',#1839,#1840);
#1839 = CARTESIAN_POINT('',(0.32,-4.76,-3.));
#1840 = VECTOR('',#1841,1.);
#1841 = DIRECTION('',(0.,0.,1.));
#1842 = ORIENTED_EDGE('',*,*,#466,.F.);
#1843 = PLANE('',#1844);
#1844 = AXIS2_PLACEMENT_3D('',#1845,#1846,#1847);
#1845 = CARTESIAN_POINT('',(0.32,-5.4,-3.));
#1846 = DIRECTION('',(1.,0.,0.));
#1847 = DIRECTION('',(0.,0.,1.));
#1848 = ADVANCED_FACE('',(#1849),#1867,.T.);
#1849 = FACE_BOUND('',#1850,.T.);
#1850 = EDGE_LOOP('',(#1851,#1852,#1860,#1866));
#1851 = ORIENTED_EDGE('',*,*,#1837,.F.);
#1852 = ORIENTED_EDGE('',*,*,#1853,.F.);
#1853 = EDGE_CURVE('',#1854,#1830,#1856,.T.);
#1854 = VERTEX_POINT('',#1855);
#1855 = CARTESIAN_POINT('',(-0.32,-4.76,-2.84));
#1856 = LINE('',#1857,#1858);
#1857 = CARTESIAN_POINT('',(-0.32,-4.76,-2.84));
#1858 = VECTOR('',#1859,1.);
#1859 = DIRECTION('',(1.,0.,0.));
#1860 = ORIENTED_EDGE('',*,*,#1861,.T.);
#1861 = EDGE_CURVE('',#1854,#485,#1862,.T.);
#1862 = LINE('',#1863,#1864);
#1863 = CARTESIAN_POINT('',(-0.32,-4.76,-3.));
#1864 = VECTOR('',#1865,1.);
#1865 = DIRECTION('',(0.,0.,1.));
#1866 = ORIENTED_EDGE('',*,*,#492,.F.);
#1867 = PLANE('',#1868);
#1868 = AXIS2_PLACEMENT_3D('',#1869,#1870,#1871);
#1869 = CARTESIAN_POINT('',(-0.32,-4.76,-3.));
#1870 = DIRECTION('',(0.,1.,0.));
#1871 = DIRECTION('',(0.,-0.,1.));
#1872 = ADVANCED_FACE('',(#1873),#1891,.F.);
#1873 = FACE_BOUND('',#1874,.F.);
#1874 = EDGE_LOOP('',(#1875,#1883,#1889,#1890));
#1875 = ORIENTED_EDGE('',*,*,#1876,.F.);
#1876 = EDGE_CURVE('',#1877,#477,#1879,.T.);
#1877 = VERTEX_POINT('',#1878);
#1878 = CARTESIAN_POINT('',(-0.32,-5.4,-2.84));
#1879 = LINE('',#1880,#1881);
#1880 = CARTESIAN_POINT('',(-0.32,-5.4,-3.));
#1881 = VECTOR('',#1882,1.);
#1882 = DIRECTION('',(0.,0.,1.));
#1883 = ORIENTED_EDGE('',*,*,#1884,.T.);
#1884 = EDGE_CURVE('',#1877,#1854,#1885,.T.);
#1885 = LINE('',#1886,#1887);
#1886 = CARTESIAN_POINT('',(-0.32,-5.4,-2.84));
#1887 = VECTOR('',#1888,1.);
#1888 = DIRECTION('',(0.,1.,0.));
#1889 = ORIENTED_EDGE('',*,*,#1861,.T.);
#1890 = ORIENTED_EDGE('',*,*,#484,.F.);
#1891 = PLANE('',#1892);
#1892 = AXIS2_PLACEMENT_3D('',#1893,#1894,#1895);
#1893 = CARTESIAN_POINT('',(-0.32,-5.4,-3.));
#1894 = DIRECTION('',(1.,0.,0.));
#1895 = DIRECTION('',(0.,0.,1.));
#1896 = ADVANCED_FACE('',(#1897),#1908,.F.);
#1897 = FACE_BOUND('',#1898,.F.);
#1898 = EDGE_LOOP('',(#1899,#1900,#1906,#1907));
#1899 = ORIENTED_EDGE('',*,*,#1821,.F.);
#1900 = ORIENTED_EDGE('',*,*,#1901,.F.);
#1901 = EDGE_CURVE('',#1877,#1822,#1902,.T.);
#1902 = LINE('',#1903,#1904);
#1903 = CARTESIAN_POINT('',(-0.32,-5.4,-2.84));
#1904 = VECTOR('',#1905,1.);
#1905 = DIRECTION('',(1.,0.,0.));
#1906 = ORIENTED_EDGE('',*,*,#1876,.T.);
#1907 = ORIENTED_EDGE('',*,*,#476,.F.);
#1908 = PLANE('',#1909);
#1909 = AXIS2_PLACEMENT_3D('',#1910,#1911,#1912);
#1910 = CARTESIAN_POINT('',(-0.32,-5.4,-3.));
#1911 = DIRECTION('',(0.,1.,0.));
#1912 = DIRECTION('',(0.,-0.,1.));
#1913 = ADVANCED_FACE('',(#1914),#1939,.T.);
#1914 = FACE_BOUND('',#1915,.T.);
#1915 = EDGE_LOOP('',(#1916,#1924,#1932,#1938));
#1916 = ORIENTED_EDGE('',*,*,#1917,.F.);
#1917 = EDGE_CURVE('',#1918,#501,#1920,.T.);
#1918 = VERTEX_POINT('',#1919);
#1919 = CARTESIAN_POINT('',(0.32,-2.86,-2.84));
#1920 = LINE('',#1921,#1922);
#1921 = CARTESIAN_POINT('',(0.32,-2.86,-3.));
#1922 = VECTOR('',#1923,1.);
#1923 = DIRECTION('',(0.,0.,1.));
#1924 = ORIENTED_EDGE('',*,*,#1925,.T.);
#1925 = EDGE_CURVE('',#1918,#1926,#1928,.T.);
#1926 = VERTEX_POINT('',#1927);
#1927 = CARTESIAN_POINT('',(0.32,-2.22,-2.84));
#1928 = LINE('',#1929,#1930);
#1929 = CARTESIAN_POINT('',(0.32,-2.86,-2.84));
#1930 = VECTOR('',#1931,1.);
#1931 = DIRECTION('',(0.,1.,0.));
#1932 = ORIENTED_EDGE('',*,*,#1933,.T.);
#1933 = EDGE_CURVE('',#1926,#503,#1934,.T.);
#1934 = LINE('',#1935,#1936);
#1935 = CARTESIAN_POINT('',(0.32,-2.22,-3.));
#1936 = VECTOR('',#1937,1.);
#1937 = DIRECTION('',(0.,0.,1.));
#1938 = ORIENTED_EDGE('',*,*,#500,.F.);
#1939 = PLANE('',#1940);
#1940 = AXIS2_PLACEMENT_3D('',#1941,#1942,#1943);
#1941 = CARTESIAN_POINT('',(0.32,-2.86,-3.));
#1942 = DIRECTION('',(1.,0.,0.));
#1943 = DIRECTION('',(0.,0.,1.));
#1944 = ADVANCED_FACE('',(#1945),#1963,.T.);
#1945 = FACE_BOUND('',#1946,.T.);
#1946 = EDGE_LOOP('',(#1947,#1948,#1956,#1962));
#1947 = ORIENTED_EDGE('',*,*,#1933,.F.);
#1948 = ORIENTED_EDGE('',*,*,#1949,.F.);
#1949 = EDGE_CURVE('',#1950,#1926,#1952,.T.);
#1950 = VERTEX_POINT('',#1951);
#1951 = CARTESIAN_POINT('',(-0.32,-2.22,-2.84));
#1952 = LINE('',#1953,#1954);
#1953 = CARTESIAN_POINT('',(-0.32,-2.22,-2.84));
#1954 = VECTOR('',#1955,1.);
#1955 = DIRECTION('',(1.,0.,0.));
#1956 = ORIENTED_EDGE('',*,*,#1957,.T.);
#1957 = EDGE_CURVE('',#1950,#519,#1958,.T.);
#1958 = LINE('',#1959,#1960);
#1959 = CARTESIAN_POINT('',(-0.32,-2.22,-3.));
#1960 = VECTOR('',#1961,1.);
#1961 = DIRECTION('',(0.,0.,1.));
#1962 = ORIENTED_EDGE('',*,*,#526,.F.);
#1963 = PLANE('',#1964);
#1964 = AXIS2_PLACEMENT_3D('',#1965,#1966,#1967);
#1965 = CARTESIAN_POINT('',(-0.32,-2.22,-3.));
#1966 = DIRECTION('',(0.,1.,0.));
#1967 = DIRECTION('',(0.,-0.,1.));
#1968 = ADVANCED_FACE('',(#1969),#1987,.F.);
#1969 = FACE_BOUND('',#1970,.F.);
#1970 = EDGE_LOOP('',(#1971,#1979,#1985,#1986));
#1971 = ORIENTED_EDGE('',*,*,#1972,.F.);
#1972 = EDGE_CURVE('',#1973,#511,#1975,.T.);
#1973 = VERTEX_POINT('',#1974);
#1974 = CARTESIAN_POINT('',(-0.32,-2.86,-2.84));
#1975 = LINE('',#1976,#1977);
#1976 = CARTESIAN_POINT('',(-0.32,-2.86,-3.));
#1977 = VECTOR('',#1978,1.);
#1978 = DIRECTION('',(0.,0.,1.));
#1979 = ORIENTED_EDGE('',*,*,#1980,.T.);
#1980 = EDGE_CURVE('',#1973,#1950,#1981,.T.);
#1981 = LINE('',#1982,#1983);
#1982 = CARTESIAN_POINT('',(-0.32,-2.86,-2.84));
#1983 = VECTOR('',#1984,1.);
#1984 = DIRECTION('',(0.,1.,0.));
#1985 = ORIENTED_EDGE('',*,*,#1957,.T.);
#1986 = ORIENTED_EDGE('',*,*,#518,.F.);
#1987 = PLANE('',#1988);
#1988 = AXIS2_PLACEMENT_3D('',#1989,#1990,#1991);
#1989 = CARTESIAN_POINT('',(-0.32,-2.86,-3.));
#1990 = DIRECTION('',(1.,0.,0.));
#1991 = DIRECTION('',(0.,0.,1.));
#1992 = ADVANCED_FACE('',(#1993),#2004,.F.);
#1993 = FACE_BOUND('',#1994,.F.);
#1994 = EDGE_LOOP('',(#1995,#1996,#2002,#2003));
#1995 = ORIENTED_EDGE('',*,*,#1917,.F.);
#1996 = ORIENTED_EDGE('',*,*,#1997,.F.);
#1997 = EDGE_CURVE('',#1973,#1918,#1998,.T.);
#1998 = LINE('',#1999,#2000);
#1999 = CARTESIAN_POINT('',(-0.32,-2.86,-2.84));
#2000 = VECTOR('',#2001,1.);
#2001 = DIRECTION('',(1.,0.,0.));
#2002 = ORIENTED_EDGE('',*,*,#1972,.T.);
#2003 = ORIENTED_EDGE('',*,*,#510,.F.);
#2004 = PLANE('',#2005);
#2005 = AXIS2_PLACEMENT_3D('',#2006,#2007,#2008);
#2006 = CARTESIAN_POINT('',(-0.32,-2.86,-3.));
#2007 = DIRECTION('',(0.,1.,0.));
#2008 = DIRECTION('',(0.,-0.,1.));
#2009 = ADVANCED_FACE('',(#2010),#2035,.F.);
#2010 = FACE_BOUND('',#2011,.F.);
#2011 = EDGE_LOOP('',(#2012,#2020,#2028,#2034));
#2012 = ORIENTED_EDGE('',*,*,#2013,.F.);
#2013 = EDGE_CURVE('',#2014,#535,#2016,.T.);
#2014 = VERTEX_POINT('',#2015);
#2015 = CARTESIAN_POINT('',(0.32,-13.02,-2.84));
#2016 = LINE('',#2017,#2018);
#2017 = CARTESIAN_POINT('',(0.32,-13.02,-3.));
#2018 = VECTOR('',#2019,1.);
#2019 = DIRECTION('',(0.,0.,1.));
#2020 = ORIENTED_EDGE('',*,*,#2021,.F.);
#2021 = EDGE_CURVE('',#2022,#2014,#2024,.T.);
#2022 = VERTEX_POINT('',#2023);
#2023 = CARTESIAN_POINT('',(-0.32,-13.02,-2.84));
#2024 = LINE('',#2025,#2026);
#2025 = CARTESIAN_POINT('',(-0.32,-13.02,-2.84));
#2026 = VECTOR('',#2027,1.);
#2027 = DIRECTION('',(1.,0.,0.));
#2028 = ORIENTED_EDGE('',*,*,#2029,.T.);
#2029 = EDGE_CURVE('',#2022,#537,#2030,.T.);
#2030 = LINE('',#2031,#2032);
#2031 = CARTESIAN_POINT('',(-0.32,-13.02,-3.));
#2032 = VECTOR('',#2033,1.);
#2033 = DIRECTION('',(0.,0.,1.));
#2034 = ORIENTED_EDGE('',*,*,#534,.F.);
#2035 = PLANE('',#2036);
#2036 = AXIS2_PLACEMENT_3D('',#2037,#2038,#2039);
#2037 = CARTESIAN_POINT('',(-0.32,-13.02,-3.));
#2038 = DIRECTION('',(0.,1.,0.));
#2039 = DIRECTION('',(0.,-0.,1.));
#2040 = ADVANCED_FACE('',(#2041),#2059,.T.);
#2041 = FACE_BOUND('',#2042,.T.);
#2042 = EDGE_LOOP('',(#2043,#2044,#2052,#2058));
#2043 = ORIENTED_EDGE('',*,*,#2013,.F.);
#2044 = ORIENTED_EDGE('',*,*,#2045,.T.);
#2045 = EDGE_CURVE('',#2014,#2046,#2048,.T.);
#2046 = VERTEX_POINT('',#2047);
#2047 = CARTESIAN_POINT('',(0.32,-12.38,-2.84));
#2048 = LINE('',#2049,#2050);
#2049 = CARTESIAN_POINT('',(0.32,-13.02,-2.84));
#2050 = VECTOR('',#2051,1.);
#2051 = DIRECTION('',(0.,1.,0.));
#2052 = ORIENTED_EDGE('',*,*,#2053,.T.);
#2053 = EDGE_CURVE('',#2046,#553,#2054,.T.);
#2054 = LINE('',#2055,#2056);
#2055 = CARTESIAN_POINT('',(0.32,-12.38,-3.));
#2056 = VECTOR('',#2057,1.);
#2057 = DIRECTION('',(0.,0.,1.));
#2058 = ORIENTED_EDGE('',*,*,#560,.F.);
#2059 = PLANE('',#2060);
#2060 = AXIS2_PLACEMENT_3D('',#2061,#2062,#2063);
#2061 = CARTESIAN_POINT('',(0.32,-13.02,-3.));
#2062 = DIRECTION('',(1.,0.,0.));
#2063 = DIRECTION('',(0.,0.,1.));
#2064 = ADVANCED_FACE('',(#2065),#2083,.T.);
#2065 = FACE_BOUND('',#2066,.T.);
#2066 = EDGE_LOOP('',(#2067,#2068,#2076,#2082));
#2067 = ORIENTED_EDGE('',*,*,#2053,.F.);
#2068 = ORIENTED_EDGE('',*,*,#2069,.F.);
#2069 = EDGE_CURVE('',#2070,#2046,#2072,.T.);
#2070 = VERTEX_POINT('',#2071);
#2071 = CARTESIAN_POINT('',(-0.32,-12.38,-2.84));
#2072 = LINE('',#2073,#2074);
#2073 = CARTESIAN_POINT('',(-0.32,-12.38,-2.84));
#2074 = VECTOR('',#2075,1.);
#2075 = DIRECTION('',(1.,0.,0.));
#2076 = ORIENTED_EDGE('',*,*,#2077,.T.);
#2077 = EDGE_CURVE('',#2070,#545,#2078,.T.);
#2078 = LINE('',#2079,#2080);
#2079 = CARTESIAN_POINT('',(-0.32,-12.38,-3.));
#2080 = VECTOR('',#2081,1.);
#2081 = DIRECTION('',(0.,0.,1.));
#2082 = ORIENTED_EDGE('',*,*,#552,.F.);
#2083 = PLANE('',#2084);
#2084 = AXIS2_PLACEMENT_3D('',#2085,#2086,#2087);
#2085 = CARTESIAN_POINT('',(-0.32,-12.38,-3.));
#2086 = DIRECTION('',(0.,1.,0.));
#2087 = DIRECTION('',(0.,-0.,1.));
#2088 = ADVANCED_FACE('',(#2089),#2100,.F.);
#2089 = FACE_BOUND('',#2090,.F.);
#2090 = EDGE_LOOP('',(#2091,#2092,#2098,#2099));
#2091 = ORIENTED_EDGE('',*,*,#2029,.F.);
#2092 = ORIENTED_EDGE('',*,*,#2093,.T.);
#2093 = EDGE_CURVE('',#2022,#2070,#2094,.T.);
#2094 = LINE('',#2095,#2096);
#2095 = CARTESIAN_POINT('',(-0.32,-13.02,-2.84));
#2096 = VECTOR('',#2097,1.);
#2097 = DIRECTION('',(0.,1.,0.));
#2098 = ORIENTED_EDGE('',*,*,#2077,.T.);
#2099 = ORIENTED_EDGE('',*,*,#544,.F.);
#2100 = PLANE('',#2101);
#2101 = AXIS2_PLACEMENT_3D('',#2102,#2103,#2104);
#2102 = CARTESIAN_POINT('',(-0.32,-13.02,-3.));
#2103 = DIRECTION('',(1.,0.,0.));
#2104 = DIRECTION('',(0.,0.,1.));
#2105 = ADVANCED_FACE('',(#2106),#2131,.T.);
#2106 = FACE_BOUND('',#2107,.T.);
#2107 = EDGE_LOOP('',(#2108,#2116,#2124,#2130));
#2108 = ORIENTED_EDGE('',*,*,#2109,.F.);
#2109 = EDGE_CURVE('',#2110,#569,#2112,.T.);
#2110 = VERTEX_POINT('',#2111);
#2111 = CARTESIAN_POINT('',(0.32,-9.84,-2.84));
#2112 = LINE('',#2113,#2114);
#2113 = CARTESIAN_POINT('',(0.32,-9.84,-3.));
#2114 = VECTOR('',#2115,1.);
#2115 = DIRECTION('',(0.,0.,1.));
#2116 = ORIENTED_EDGE('',*,*,#2117,.F.);
#2117 = EDGE_CURVE('',#2118,#2110,#2120,.T.);
#2118 = VERTEX_POINT('',#2119);
#2119 = CARTESIAN_POINT('',(-0.32,-9.84,-2.84));
#2120 = LINE('',#2121,#2122);
#2121 = CARTESIAN_POINT('',(-0.32,-9.84,-2.84));
#2122 = VECTOR('',#2123,1.);
#2123 = DIRECTION('',(1.,0.,0.));
#2124 = ORIENTED_EDGE('',*,*,#2125,.T.);
#2125 = EDGE_CURVE('',#2118,#571,#2126,.T.);
#2126 = LINE('',#2127,#2128);
#2127 = CARTESIAN_POINT('',(-0.32,-9.84,-3.));
#2128 = VECTOR('',#2129,1.);
#2129 = DIRECTION('',(0.,0.,1.));
#2130 = ORIENTED_EDGE('',*,*,#568,.F.);
#2131 = PLANE('',#2132);
#2132 = AXIS2_PLACEMENT_3D('',#2133,#2134,#2135);
#2133 = CARTESIAN_POINT('',(-0.32,-9.84,-3.));
#2134 = DIRECTION('',(0.,1.,0.));
#2135 = DIRECTION('',(0.,-0.,1.));
#2136 = ADVANCED_FACE('',(#2137),#2155,.F.);
#2137 = FACE_BOUND('',#2138,.F.);
#2138 = EDGE_LOOP('',(#2139,#2147,#2153,#2154));
#2139 = ORIENTED_EDGE('',*,*,#2140,.F.);
#2140 = EDGE_CURVE('',#2141,#587,#2143,.T.);
#2141 = VERTEX_POINT('',#2142);
#2142 = CARTESIAN_POINT('',(-0.32,-10.48,-2.84));
#2143 = LINE('',#2144,#2145);
#2144 = CARTESIAN_POINT('',(-0.32,-10.48,-3.));
#2145 = VECTOR('',#2146,1.);
#2146 = DIRECTION('',(0.,0.,1.));
#2147 = ORIENTED_EDGE('',*,*,#2148,.T.);
#2148 = EDGE_CURVE('',#2141,#2118,#2149,.T.);
#2149 = LINE('',#2150,#2151);
#2150 = CARTESIAN_POINT('',(-0.32,-10.48,-2.84));
#2151 = VECTOR('',#2152,1.);
#2152 = DIRECTION('',(0.,1.,0.));
#2153 = ORIENTED_EDGE('',*,*,#2125,.T.);
#2154 = ORIENTED_EDGE('',*,*,#594,.F.);
#2155 = PLANE('',#2156);
#2156 = AXIS2_PLACEMENT_3D('',#2157,#2158,#2159);
#2157 = CARTESIAN_POINT('',(-0.32,-10.48,-3.));
#2158 = DIRECTION('',(1.,0.,0.));
#2159 = DIRECTION('',(0.,0.,1.));
#2160 = ADVANCED_FACE('',(#2161),#2179,.F.);
#2161 = FACE_BOUND('',#2162,.F.);
#2162 = EDGE_LOOP('',(#2163,#2171,#2177,#2178));
#2163 = ORIENTED_EDGE('',*,*,#2164,.F.);
#2164 = EDGE_CURVE('',#2165,#579,#2167,.T.);
#2165 = VERTEX_POINT('',#2166);
#2166 = CARTESIAN_POINT('',(0.32,-10.48,-2.84));
#2167 = LINE('',#2168,#2169);
#2168 = CARTESIAN_POINT('',(0.32,-10.48,-3.));
#2169 = VECTOR('',#2170,1.);
#2170 = DIRECTION('',(0.,0.,1.));
#2171 = ORIENTED_EDGE('',*,*,#2172,.F.);
#2172 = EDGE_CURVE('',#2141,#2165,#2173,.T.);
#2173 = LINE('',#2174,#2175);
#2174 = CARTESIAN_POINT('',(-0.32,-10.48,-2.84));
#2175 = VECTOR('',#2176,1.);
#2176 = DIRECTION('',(1.,0.,0.));
#2177 = ORIENTED_EDGE('',*,*,#2140,.T.);
#2178 = ORIENTED_EDGE('',*,*,#586,.F.);
#2179 = PLANE('',#2180);
#2180 = AXIS2_PLACEMENT_3D('',#2181,#2182,#2183);
#2181 = CARTESIAN_POINT('',(-0.32,-10.48,-3.));
#2182 = DIRECTION('',(0.,1.,0.));
#2183 = DIRECTION('',(0.,-0.,1.));
#2184 = ADVANCED_FACE('',(#2185),#2196,.T.);
#2185 = FACE_BOUND('',#2186,.T.);
#2186 = EDGE_LOOP('',(#2187,#2188,#2194,#2195));
#2187 = ORIENTED_EDGE('',*,*,#2164,.F.);
#2188 = ORIENTED_EDGE('',*,*,#2189,.T.);
#2189 = EDGE_CURVE('',#2165,#2110,#2190,.T.);
#2190 = LINE('',#2191,#2192);
#2191 = CARTESIAN_POINT('',(0.32,-10.48,-2.84));
#2192 = VECTOR('',#2193,1.);
#2193 = DIRECTION('',(0.,1.,0.));
#2194 = ORIENTED_EDGE('',*,*,#2109,.T.);
#2195 = ORIENTED_EDGE('',*,*,#578,.F.);
#2196 = PLANE('',#2197);
#2197 = AXIS2_PLACEMENT_3D('',#2198,#2199,#2200);
#2198 = CARTESIAN_POINT('',(0.32,-10.48,-3.));
#2199 = DIRECTION('',(1.,0.,0.));
#2200 = DIRECTION('',(0.,0.,1.));
#2201 = ADVANCED_FACE('',(#2202),#2227,.F.);
#2202 = FACE_BOUND('',#2203,.F.);
#2203 = EDGE_LOOP('',(#2204,#2212,#2220,#2226));
#2204 = ORIENTED_EDGE('',*,*,#2205,.F.);
#2205 = EDGE_CURVE('',#2206,#603,#2208,.T.);
#2206 = VERTEX_POINT('',#2207);
#2207 = CARTESIAN_POINT('',(0.32,-7.94,-2.84));
#2208 = LINE('',#2209,#2210);
#2209 = CARTESIAN_POINT('',(0.32,-7.94,-3.));
#2210 = VECTOR('',#2211,1.);
#2211 = DIRECTION('',(0.,0.,1.));
#2212 = ORIENTED_EDGE('',*,*,#2213,.F.);
#2213 = EDGE_CURVE('',#2214,#2206,#2216,.T.);
#2214 = VERTEX_POINT('',#2215);
#2215 = CARTESIAN_POINT('',(-0.32,-7.94,-2.84));
#2216 = LINE('',#2217,#2218);
#2217 = CARTESIAN_POINT('',(-0.32,-7.94,-2.84));
#2218 = VECTOR('',#2219,1.);
#2219 = DIRECTION('',(1.,0.,0.));
#2220 = ORIENTED_EDGE('',*,*,#2221,.T.);
#2221 = EDGE_CURVE('',#2214,#605,#2222,.T.);
#2222 = LINE('',#2223,#2224);
#2223 = CARTESIAN_POINT('',(-0.32,-7.94,-3.));
#2224 = VECTOR('',#2225,1.);
#2225 = DIRECTION('',(0.,0.,1.));
#2226 = ORIENTED_EDGE('',*,*,#602,.F.);
#2227 = PLANE('',#2228);
#2228 = AXIS2_PLACEMENT_3D('',#2229,#2230,#2231);
#2229 = CARTESIAN_POINT('',(-0.32,-7.94,-3.));
#2230 = DIRECTION('',(0.,1.,0.));
#2231 = DIRECTION('',(0.,-0.,1.));
#2232 = ADVANCED_FACE('',(#2233),#2251,.T.);
#2233 = FACE_BOUND('',#2234,.T.);
#2234 = EDGE_LOOP('',(#2235,#2236,#2244,#2250));
#2235 = ORIENTED_EDGE('',*,*,#2205,.F.);
#2236 = ORIENTED_EDGE('',*,*,#2237,.T.);
#2237 = EDGE_CURVE('',#2206,#2238,#2240,.T.);
#2238 = VERTEX_POINT('',#2239);
#2239 = CARTESIAN_POINT('',(0.32,-7.3,-2.84));
#2240 = LINE('',#2241,#2242);
#2241 = CARTESIAN_POINT('',(0.32,-7.94,-2.84));
#2242 = VECTOR('',#2243,1.);
#2243 = DIRECTION('',(0.,1.,0.));
#2244 = ORIENTED_EDGE('',*,*,#2245,.T.);
#2245 = EDGE_CURVE('',#2238,#621,#2246,.T.);
#2246 = LINE('',#2247,#2248);
#2247 = CARTESIAN_POINT('',(0.32,-7.3,-3.));
#2248 = VECTOR('',#2249,1.);
#2249 = DIRECTION('',(0.,0.,1.));
#2250 = ORIENTED_EDGE('',*,*,#628,.F.);
#2251 = PLANE('',#2252);
#2252 = AXIS2_PLACEMENT_3D('',#2253,#2254,#2255);
#2253 = CARTESIAN_POINT('',(0.32,-7.94,-3.));
#2254 = DIRECTION('',(1.,0.,0.));
#2255 = DIRECTION('',(0.,0.,1.));
#2256 = ADVANCED_FACE('',(#2257),#2275,.T.);
#2257 = FACE_BOUND('',#2258,.T.);
#2258 = EDGE_LOOP('',(#2259,#2260,#2268,#2274));
#2259 = ORIENTED_EDGE('',*,*,#2245,.F.);
#2260 = ORIENTED_EDGE('',*,*,#2261,.F.);
#2261 = EDGE_CURVE('',#2262,#2238,#2264,.T.);
#2262 = VERTEX_POINT('',#2263);
#2263 = CARTESIAN_POINT('',(-0.32,-7.3,-2.84));
#2264 = LINE('',#2265,#2266);
#2265 = CARTESIAN_POINT('',(-0.32,-7.3,-2.84));
#2266 = VECTOR('',#2267,1.);
#2267 = DIRECTION('',(1.,0.,0.));
#2268 = ORIENTED_EDGE('',*,*,#2269,.T.);
#2269 = EDGE_CURVE('',#2262,#613,#2270,.T.);
#2270 = LINE('',#2271,#2272);
#2271 = CARTESIAN_POINT('',(-0.32,-7.3,-3.));
#2272 = VECTOR('',#2273,1.);
#2273 = DIRECTION('',(0.,0.,1.));
#2274 = ORIENTED_EDGE('',*,*,#620,.F.);
#2275 = PLANE('',#2276);
#2276 = AXIS2_PLACEMENT_3D('',#2277,#2278,#2279);
#2277 = CARTESIAN_POINT('',(-0.32,-7.3,-3.));
#2278 = DIRECTION('',(0.,1.,0.));
#2279 = DIRECTION('',(0.,-0.,1.));
#2280 = ADVANCED_FACE('',(#2281),#2292,.F.);
#2281 = FACE_BOUND('',#2282,.F.);
#2282 = EDGE_LOOP('',(#2283,#2284,#2290,#2291));
#2283 = ORIENTED_EDGE('',*,*,#2221,.F.);
#2284 = ORIENTED_EDGE('',*,*,#2285,.T.);
#2285 = EDGE_CURVE('',#2214,#2262,#2286,.T.);
#2286 = LINE('',#2287,#2288);
#2287 = CARTESIAN_POINT('',(-0.32,-7.94,-2.84));
#2288 = VECTOR('',#2289,1.);
#2289 = DIRECTION('',(0.,1.,0.));
#2290 = ORIENTED_EDGE('',*,*,#2269,.T.);
#2291 = ORIENTED_EDGE('',*,*,#612,.F.);
#2292 = PLANE('',#2293);
#2293 = AXIS2_PLACEMENT_3D('',#2294,#2295,#2296);
#2294 = CARTESIAN_POINT('',(-0.32,-7.94,-3.));
#2295 = DIRECTION('',(1.,0.,0.));
#2296 = DIRECTION('',(0.,0.,1.));
#2297 = ADVANCED_FACE('',(#2298),#2323,.T.);
#2298 = FACE_BOUND('',#2299,.T.);
#2299 = EDGE_LOOP('',(#2300,#2308,#2309,#2317));
#2300 = ORIENTED_EDGE('',*,*,#2301,.F.);
#2301 = EDGE_CURVE('',#926,#2302,#2304,.T.);
#2302 = VERTEX_POINT('',#2303);
#2303 = CARTESIAN_POINT('',(0.32,-0.32,8.38));
#2304 = LINE('',#2305,#2306);
#2305 = CARTESIAN_POINT('',(0.32,-0.32,-3.));
#2306 = VECTOR('',#2307,1.);
#2307 = DIRECTION('',(0.,0.,1.));
#2308 = ORIENTED_EDGE('',*,*,#925,.T.);
#2309 = ORIENTED_EDGE('',*,*,#2310,.T.);
#2310 = EDGE_CURVE('',#928,#2311,#2313,.T.);
#2311 = VERTEX_POINT('',#2312);
#2312 = CARTESIAN_POINT('',(0.32,0.32,8.38));
#2313 = LINE('',#2314,#2315);
#2314 = CARTESIAN_POINT('',(0.32,0.32,-3.));
#2315 = VECTOR('',#2316,1.);
#2316 = DIRECTION('',(0.,0.,1.));
#2317 = ORIENTED_EDGE('',*,*,#2318,.F.);
#2318 = EDGE_CURVE('',#2302,#2311,#2319,.T.);
#2319 = LINE('',#2320,#2321);
#2320 = CARTESIAN_POINT('',(0.32,-0.32,8.38));
#2321 = VECTOR('',#2322,1.);
#2322 = DIRECTION('',(0.,1.,0.));
#2323 = PLANE('',#2324);
#2324 = AXIS2_PLACEMENT_3D('',#2325,#2326,#2327);
#2325 = CARTESIAN_POINT('',(0.32,-0.32,-3.));
#2326 = DIRECTION('',(1.,0.,0.));
#2327 = DIRECTION('',(0.,0.,1.));
#2328 = ADVANCED_FACE('',(#2329),#2347,.T.);
#2329 = FACE_BOUND('',#2330,.T.);
#2330 = EDGE_LOOP('',(#2331,#2332,#2333,#2341));
#2331 = ORIENTED_EDGE('',*,*,#2310,.F.);
#2332 = ORIENTED_EDGE('',*,*,#951,.T.);
#2333 = ORIENTED_EDGE('',*,*,#2334,.T.);
#2334 = EDGE_CURVE('',#944,#2335,#2337,.T.);
#2335 = VERTEX_POINT('',#2336);
#2336 = CARTESIAN_POINT('',(-0.32,0.32,8.38));
#2337 = LINE('',#2338,#2339);
#2338 = CARTESIAN_POINT('',(-0.32,0.32,-3.));
#2339 = VECTOR('',#2340,1.);
#2340 = DIRECTION('',(0.,0.,1.));
#2341 = ORIENTED_EDGE('',*,*,#2342,.T.);
#2342 = EDGE_CURVE('',#2335,#2311,#2343,.T.);
#2343 = LINE('',#2344,#2345);
#2344 = CARTESIAN_POINT('',(-0.32,0.32,8.38));
#2345 = VECTOR('',#2346,1.);
#2346 = DIRECTION('',(1.,0.,0.));
#2347 = PLANE('',#2348);
#2348 = AXIS2_PLACEMENT_3D('',#2349,#2350,#2351);
#2349 = CARTESIAN_POINT('',(-0.32,0.32,-3.));
#2350 = DIRECTION('',(0.,1.,0.));
#2351 = DIRECTION('',(0.,-0.,1.));
#2352 = ADVANCED_FACE('',(#2353),#2371,.F.);
#2353 = FACE_BOUND('',#2354,.F.);
#2354 = EDGE_LOOP('',(#2355,#2363,#2364,#2365));
#2355 = ORIENTED_EDGE('',*,*,#2356,.F.);
#2356 = EDGE_CURVE('',#936,#2357,#2359,.T.);
#2357 = VERTEX_POINT('',#2358);
#2358 = CARTESIAN_POINT('',(-0.32,-0.32,8.38));
#2359 = LINE('',#2360,#2361);
#2360 = CARTESIAN_POINT('',(-0.32,-0.32,-3.));
#2361 = VECTOR('',#2362,1.);
#2362 = DIRECTION('',(0.,0.,1.));
#2363 = ORIENTED_EDGE('',*,*,#943,.T.);
#2364 = ORIENTED_EDGE('',*,*,#2334,.T.);
#2365 = ORIENTED_EDGE('',*,*,#2366,.F.);
#2366 = EDGE_CURVE('',#2357,#2335,#2367,.T.);
#2367 = LINE('',#2368,#2369);
#2368 = CARTESIAN_POINT('',(-0.32,-0.32,8.38));
#2369 = VECTOR('',#2370,1.);
#2370 = DIRECTION('',(0.,1.,0.));
#2371 = PLANE('',#2372);
#2372 = AXIS2_PLACEMENT_3D('',#2373,#2374,#2375);
#2373 = CARTESIAN_POINT('',(-0.32,-0.32,-3.));
#2374 = DIRECTION('',(1.,0.,0.));
#2375 = DIRECTION('',(0.,0.,1.));
#2376 = ADVANCED_FACE('',(#2377),#2388,.F.);
#2377 = FACE_BOUND('',#2378,.F.);
#2378 = EDGE_LOOP('',(#2379,#2380,#2381,#2382));
#2379 = ORIENTED_EDGE('',*,*,#2301,.F.);
#2380 = ORIENTED_EDGE('',*,*,#935,.T.);
#2381 = ORIENTED_EDGE('',*,*,#2356,.T.);
#2382 = ORIENTED_EDGE('',*,*,#2383,.T.);
#2383 = EDGE_CURVE('',#2357,#2302,#2384,.T.);
#2384 = LINE('',#2385,#2386);
#2385 = CARTESIAN_POINT('',(-0.32,-0.32,8.38));
#2386 = VECTOR('',#2387,1.);
#2387 = DIRECTION('',(1.,0.,0.));
#2388 = PLANE('',#2389);
#2389 = AXIS2_PLACEMENT_3D('',#2390,#2391,#2392);
#2390 = CARTESIAN_POINT('',(-0.32,-0.32,-3.));
#2391 = DIRECTION('',(0.,1.,0.));
#2392 = DIRECTION('',(0.,-0.,1.));
#2393 = ADVANCED_FACE('',(#2394),#2419,.T.);
#2394 = FACE_BOUND('',#2395,.T.);
#2395 = EDGE_LOOP('',(#2396,#2404,#2405,#2413));
#2396 = ORIENTED_EDGE('',*,*,#2397,.F.);
#2397 = EDGE_CURVE('',#960,#2398,#2400,.T.);
#2398 = VERTEX_POINT('',#2399);
#2399 = CARTESIAN_POINT('',(0.32,-5.4,8.38));
#2400 = LINE('',#2401,#2402);
#2401 = CARTESIAN_POINT('',(0.32,-5.4,-3.));
#2402 = VECTOR('',#2403,1.);
#2403 = DIRECTION('',(0.,0.,1.));
#2404 = ORIENTED_EDGE('',*,*,#959,.T.);
#2405 = ORIENTED_EDGE('',*,*,#2406,.T.);
#2406 = EDGE_CURVE('',#962,#2407,#2409,.T.);
#2407 = VERTEX_POINT('',#2408);
#2408 = CARTESIAN_POINT('',(0.32,-4.76,8.38));
#2409 = LINE('',#2410,#2411);
#2410 = CARTESIAN_POINT('',(0.32,-4.76,-3.));
#2411 = VECTOR('',#2412,1.);
#2412 = DIRECTION('',(0.,0.,1.));
#2413 = ORIENTED_EDGE('',*,*,#2414,.F.);
#2414 = EDGE_CURVE('',#2398,#2407,#2415,.T.);
#2415 = LINE('',#2416,#2417);
#2416 = CARTESIAN_POINT('',(0.32,-5.4,8.38));
#2417 = VECTOR('',#2418,1.);
#2418 = DIRECTION('',(0.,1.,0.));
#2419 = PLANE('',#2420);
#2420 = AXIS2_PLACEMENT_3D('',#2421,#2422,#2423);
#2421 = CARTESIAN_POINT('',(0.32,-5.4,-3.));
#2422 = DIRECTION('',(1.,0.,0.));
#2423 = DIRECTION('',(0.,0.,1.));
#2424 = ADVANCED_FACE('',(#2425),#2443,.T.);
#2425 = FACE_BOUND('',#2426,.T.);
#2426 = EDGE_LOOP('',(#2427,#2428,#2429,#2437));
#2427 = ORIENTED_EDGE('',*,*,#2406,.F.);
#2428 = ORIENTED_EDGE('',*,*,#985,.T.);
#2429 = ORIENTED_EDGE('',*,*,#2430,.T.);
#2430 = EDGE_CURVE('',#978,#2431,#2433,.T.);
#2431 = VERTEX_POINT('',#2432);
#2432 = CARTESIAN_POINT('',(-0.32,-4.76,8.38));
#2433 = LINE('',#2434,#2435);
#2434 = CARTESIAN_POINT('',(-0.32,-4.76,-3.));
#2435 = VECTOR('',#2436,1.);
#2436 = DIRECTION('',(0.,0.,1.));
#2437 = ORIENTED_EDGE('',*,*,#2438,.T.);
#2438 = EDGE_CURVE('',#2431,#2407,#2439,.T.);
#2439 = LINE('',#2440,#2441);
#2440 = CARTESIAN_POINT('',(-0.32,-4.76,8.38));
#2441 = VECTOR('',#2442,1.);
#2442 = DIRECTION('',(1.,0.,0.));
#2443 = PLANE('',#2444);
#2444 = AXIS2_PLACEMENT_3D('',#2445,#2446,#2447);
#2445 = CARTESIAN_POINT('',(-0.32,-4.76,-3.));
#2446 = DIRECTION('',(0.,1.,0.));
#2447 = DIRECTION('',(0.,-0.,1.));
#2448 = ADVANCED_FACE('',(#2449),#2467,.F.);
#2449 = FACE_BOUND('',#2450,.F.);
#2450 = EDGE_LOOP('',(#2451,#2459,#2460,#2461));
#2451 = ORIENTED_EDGE('',*,*,#2452,.F.);
#2452 = EDGE_CURVE('',#970,#2453,#2455,.T.);
#2453 = VERTEX_POINT('',#2454);
#2454 = CARTESIAN_POINT('',(-0.32,-5.4,8.38));
#2455 = LINE('',#2456,#2457);
#2456 = CARTESIAN_POINT('',(-0.32,-5.4,-3.));
#2457 = VECTOR('',#2458,1.);
#2458 = DIRECTION('',(0.,0.,1.));
#2459 = ORIENTED_EDGE('',*,*,#977,.T.);
#2460 = ORIENTED_EDGE('',*,*,#2430,.T.);
#2461 = ORIENTED_EDGE('',*,*,#2462,.F.);
#2462 = EDGE_CURVE('',#2453,#2431,#2463,.T.);
#2463 = LINE('',#2464,#2465);
#2464 = CARTESIAN_POINT('',(-0.32,-5.4,8.38));
#2465 = VECTOR('',#2466,1.);
#2466 = DIRECTION('',(0.,1.,0.));
#2467 = PLANE('',#2468);
#2468 = AXIS2_PLACEMENT_3D('',#2469,#2470,#2471);
#2469 = CARTESIAN_POINT('',(-0.32,-5.4,-3.));
#2470 = DIRECTION('',(1.,0.,0.));
#2471 = DIRECTION('',(0.,0.,1.));
#2472 = ADVANCED_FACE('',(#2473),#2484,.F.);
#2473 = FACE_BOUND('',#2474,.F.);
#2474 = EDGE_LOOP('',(#2475,#2476,#2477,#2478));
#2475 = ORIENTED_EDGE('',*,*,#2397,.F.);
#2476 = ORIENTED_EDGE('',*,*,#969,.T.);
#2477 = ORIENTED_EDGE('',*,*,#2452,.T.);
#2478 = ORIENTED_EDGE('',*,*,#2479,.T.);
#2479 = EDGE_CURVE('',#2453,#2398,#2480,.T.);
#2480 = LINE('',#2481,#2482);
#2481 = CARTESIAN_POINT('',(-0.32,-5.4,8.38));
#2482 = VECTOR('',#2483,1.);
#2483 = DIRECTION('',(1.,0.,0.));
#2484 = PLANE('',#2485);
#2485 = AXIS2_PLACEMENT_3D('',#2486,#2487,#2488);
#2486 = CARTESIAN_POINT('',(-0.32,-5.4,-3.));
#2487 = DIRECTION('',(0.,1.,0.));
#2488 = DIRECTION('',(0.,-0.,1.));
#2489 = ADVANCED_FACE('',(#2490),#2515,.T.);
#2490 = FACE_BOUND('',#2491,.T.);
#2491 = EDGE_LOOP('',(#2492,#2500,#2501,#2509));
#2492 = ORIENTED_EDGE('',*,*,#2493,.F.);
#2493 = EDGE_CURVE('',#994,#2494,#2496,.T.);
#2494 = VERTEX_POINT('',#2495);
#2495 = CARTESIAN_POINT('',(0.32,-2.86,8.38));
#2496 = LINE('',#2497,#2498);
#2497 = CARTESIAN_POINT('',(0.32,-2.86,-3.));
#2498 = VECTOR('',#2499,1.);
#2499 = DIRECTION('',(0.,0.,1.));
#2500 = ORIENTED_EDGE('',*,*,#993,.T.);
#2501 = ORIENTED_EDGE('',*,*,#2502,.T.);
#2502 = EDGE_CURVE('',#996,#2503,#2505,.T.);
#2503 = VERTEX_POINT('',#2504);
#2504 = CARTESIAN_POINT('',(0.32,-2.22,8.38));
#2505 = LINE('',#2506,#2507);
#2506 = CARTESIAN_POINT('',(0.32,-2.22,-3.));
#2507 = VECTOR('',#2508,1.);
#2508 = DIRECTION('',(0.,0.,1.));
#2509 = ORIENTED_EDGE('',*,*,#2510,.F.);
#2510 = EDGE_CURVE('',#2494,#2503,#2511,.T.);
#2511 = LINE('',#2512,#2513);
#2512 = CARTESIAN_POINT('',(0.32,-2.86,8.38));
#2513 = VECTOR('',#2514,1.);
#2514 = DIRECTION('',(0.,1.,0.));
#2515 = PLANE('',#2516);
#2516 = AXIS2_PLACEMENT_3D('',#2517,#2518,#2519);
#2517 = CARTESIAN_POINT('',(0.32,-2.86,-3.));
#2518 = DIRECTION('',(1.,0.,0.));
#2519 = DIRECTION('',(0.,0.,1.));
#2520 = ADVANCED_FACE('',(#2521),#2539,.T.);
#2521 = FACE_BOUND('',#2522,.T.);
#2522 = EDGE_LOOP('',(#2523,#2524,#2525,#2533));
#2523 = ORIENTED_EDGE('',*,*,#2502,.F.);
#2524 = ORIENTED_EDGE('',*,*,#1019,.T.);
#2525 = ORIENTED_EDGE('',*,*,#2526,.T.);
#2526 = EDGE_CURVE('',#1012,#2527,#2529,.T.);
#2527 = VERTEX_POINT('',#2528);
#2528 = CARTESIAN_POINT('',(-0.32,-2.22,8.38));
#2529 = LINE('',#2530,#2531);
#2530 = CARTESIAN_POINT('',(-0.32,-2.22,-3.));
#2531 = VECTOR('',#2532,1.);
#2532 = DIRECTION('',(0.,0.,1.));
#2533 = ORIENTED_EDGE('',*,*,#2534,.T.);
#2534 = EDGE_CURVE('',#2527,#2503,#2535,.T.);
#2535 = LINE('',#2536,#2537);
#2536 = CARTESIAN_POINT('',(-0.32,-2.22,8.38));
#2537 = VECTOR('',#2538,1.);
#2538 = DIRECTION('',(1.,0.,0.));
#2539 = PLANE('',#2540);
#2540 = AXIS2_PLACEMENT_3D('',#2541,#2542,#2543);
#2541 = CARTESIAN_POINT('',(-0.32,-2.22,-3.));
#2542 = DIRECTION('',(0.,1.,0.));
#2543 = DIRECTION('',(0.,-0.,1.));
#2544 = ADVANCED_FACE('',(#2545),#2563,.F.);
#2545 = FACE_BOUND('',#2546,.F.);
#2546 = EDGE_LOOP('',(#2547,#2555,#2556,#2557));
#2547 = ORIENTED_EDGE('',*,*,#2548,.F.);
#2548 = EDGE_CURVE('',#1004,#2549,#2551,.T.);
#2549 = VERTEX_POINT('',#2550);
#2550 = CARTESIAN_POINT('',(-0.32,-2.86,8.38));
#2551 = LINE('',#2552,#2553);
#2552 = CARTESIAN_POINT('',(-0.32,-2.86,-3.));
#2553 = VECTOR('',#2554,1.);
#2554 = DIRECTION('',(0.,0.,1.));
#2555 = ORIENTED_EDGE('',*,*,#1011,.T.);
#2556 = ORIENTED_EDGE('',*,*,#2526,.T.);
#2557 = ORIENTED_EDGE('',*,*,#2558,.F.);
#2558 = EDGE_CURVE('',#2549,#2527,#2559,.T.);
#2559 = LINE('',#2560,#2561);
#2560 = CARTESIAN_POINT('',(-0.32,-2.86,8.38));
#2561 = VECTOR('',#2562,1.);
#2562 = DIRECTION('',(0.,1.,0.));
#2563 = PLANE('',#2564);
#2564 = AXIS2_PLACEMENT_3D('',#2565,#2566,#2567);
#2565 = CARTESIAN_POINT('',(-0.32,-2.86,-3.));
#2566 = DIRECTION('',(1.,0.,0.));
#2567 = DIRECTION('',(0.,0.,1.));
#2568 = ADVANCED_FACE('',(#2569),#2580,.F.);
#2569 = FACE_BOUND('',#2570,.F.);
#2570 = EDGE_LOOP('',(#2571,#2572,#2573,#2574));
#2571 = ORIENTED_EDGE('',*,*,#2493,.F.);
#2572 = ORIENTED_EDGE('',*,*,#1003,.T.);
#2573 = ORIENTED_EDGE('',*,*,#2548,.T.);
#2574 = ORIENTED_EDGE('',*,*,#2575,.T.);
#2575 = EDGE_CURVE('',#2549,#2494,#2576,.T.);
#2576 = LINE('',#2577,#2578);
#2577 = CARTESIAN_POINT('',(-0.32,-2.86,8.38));
#2578 = VECTOR('',#2579,1.);
#2579 = DIRECTION('',(1.,0.,0.));
#2580 = PLANE('',#2581);
#2581 = AXIS2_PLACEMENT_3D('',#2582,#2583,#2584);
#2582 = CARTESIAN_POINT('',(-0.32,-2.86,-3.));
#2583 = DIRECTION('',(0.,1.,0.));
#2584 = DIRECTION('',(0.,-0.,1.));
#2585 = ADVANCED_FACE('',(#2586),#2611,.F.);
#2586 = FACE_BOUND('',#2587,.F.);
#2587 = EDGE_LOOP('',(#2588,#2596,#2597,#2605));
#2588 = ORIENTED_EDGE('',*,*,#2589,.F.);
#2589 = EDGE_CURVE('',#1028,#2590,#2592,.T.);
#2590 = VERTEX_POINT('',#2591);
#2591 = CARTESIAN_POINT('',(0.32,-13.02,8.38));
#2592 = LINE('',#2593,#2594);
#2593 = CARTESIAN_POINT('',(0.32,-13.02,-3.));
#2594 = VECTOR('',#2595,1.);
#2595 = DIRECTION('',(0.,0.,1.));
#2596 = ORIENTED_EDGE('',*,*,#1027,.T.);
#2597 = ORIENTED_EDGE('',*,*,#2598,.T.);
#2598 = EDGE_CURVE('',#1030,#2599,#2601,.T.);
#2599 = VERTEX_POINT('',#2600);
#2600 = CARTESIAN_POINT('',(-0.32,-13.02,8.38));
#2601 = LINE('',#2602,#2603);
#2602 = CARTESIAN_POINT('',(-0.32,-13.02,-3.));
#2603 = VECTOR('',#2604,1.);
#2604 = DIRECTION('',(0.,0.,1.));
#2605 = ORIENTED_EDGE('',*,*,#2606,.T.);
#2606 = EDGE_CURVE('',#2599,#2590,#2607,.T.);
#2607 = LINE('',#2608,#2609);
#2608 = CARTESIAN_POINT('',(-0.32,-13.02,8.38));
#2609 = VECTOR('',#2610,1.);
#2610 = DIRECTION('',(1.,0.,0.));
#2611 = PLANE('',#2612);
#2612 = AXIS2_PLACEMENT_3D('',#2613,#2614,#2615);
#2613 = CARTESIAN_POINT('',(-0.32,-13.02,-3.));
#2614 = DIRECTION('',(0.,1.,0.));
#2615 = DIRECTION('',(0.,-0.,1.));
#2616 = ADVANCED_FACE('',(#2617),#2635,.T.);
#2617 = FACE_BOUND('',#2618,.T.);
#2618 = EDGE_LOOP('',(#2619,#2620,#2621,#2629));
#2619 = ORIENTED_EDGE('',*,*,#2589,.F.);
#2620 = ORIENTED_EDGE('',*,*,#1053,.T.);
#2621 = ORIENTED_EDGE('',*,*,#2622,.T.);
#2622 = EDGE_CURVE('',#1046,#2623,#2625,.T.);
#2623 = VERTEX_POINT('',#2624);
#2624 = CARTESIAN_POINT('',(0.32,-12.38,8.38));
#2625 = LINE('',#2626,#2627);
#2626 = CARTESIAN_POINT('',(0.32,-12.38,-3.));
#2627 = VECTOR('',#2628,1.);
#2628 = DIRECTION('',(0.,0.,1.));
#2629 = ORIENTED_EDGE('',*,*,#2630,.F.);
#2630 = EDGE_CURVE('',#2590,#2623,#2631,.T.);
#2631 = LINE('',#2632,#2633);
#2632 = CARTESIAN_POINT('',(0.32,-13.02,8.38));
#2633 = VECTOR('',#2634,1.);
#2634 = DIRECTION('',(0.,1.,0.));
#2635 = PLANE('',#2636);
#2636 = AXIS2_PLACEMENT_3D('',#2637,#2638,#2639);
#2637 = CARTESIAN_POINT('',(0.32,-13.02,-3.));
#2638 = DIRECTION('',(1.,0.,0.));
#2639 = DIRECTION('',(0.,0.,1.));
#2640 = ADVANCED_FACE('',(#2641),#2659,.T.);
#2641 = FACE_BOUND('',#2642,.T.);
#2642 = EDGE_LOOP('',(#2643,#2644,#2645,#2653));
#2643 = ORIENTED_EDGE('',*,*,#2622,.F.);
#2644 = ORIENTED_EDGE('',*,*,#1045,.T.);
#2645 = ORIENTED_EDGE('',*,*,#2646,.T.);
#2646 = EDGE_CURVE('',#1038,#2647,#2649,.T.);
#2647 = VERTEX_POINT('',#2648);
#2648 = CARTESIAN_POINT('',(-0.32,-12.38,8.38));
#2649 = LINE('',#2650,#2651);
#2650 = CARTESIAN_POINT('',(-0.32,-12.38,-3.));
#2651 = VECTOR('',#2652,1.);
#2652 = DIRECTION('',(0.,0.,1.));
#2653 = ORIENTED_EDGE('',*,*,#2654,.T.);
#2654 = EDGE_CURVE('',#2647,#2623,#2655,.T.);
#2655 = LINE('',#2656,#2657);
#2656 = CARTESIAN_POINT('',(-0.32,-12.38,8.38));
#2657 = VECTOR('',#2658,1.);
#2658 = DIRECTION('',(1.,0.,0.));
#2659 = PLANE('',#2660);
#2660 = AXIS2_PLACEMENT_3D('',#2661,#2662,#2663);
#2661 = CARTESIAN_POINT('',(-0.32,-12.38,-3.));
#2662 = DIRECTION('',(0.,1.,0.));
#2663 = DIRECTION('',(0.,-0.,1.));
#2664 = ADVANCED_FACE('',(#2665),#2676,.F.);
#2665 = FACE_BOUND('',#2666,.F.);
#2666 = EDGE_LOOP('',(#2667,#2668,#2669,#2670));
#2667 = ORIENTED_EDGE('',*,*,#2598,.F.);
#2668 = ORIENTED_EDGE('',*,*,#1037,.T.);
#2669 = ORIENTED_EDGE('',*,*,#2646,.T.);
#2670 = ORIENTED_EDGE('',*,*,#2671,.F.);
#2671 = EDGE_CURVE('',#2599,#2647,#2672,.T.);
#2672 = LINE('',#2673,#2674);
#2673 = CARTESIAN_POINT('',(-0.32,-13.02,8.38));
#2674 = VECTOR('',#2675,1.);
#2675 = DIRECTION('',(0.,1.,0.));
#2676 = PLANE('',#2677);
#2677 = AXIS2_PLACEMENT_3D('',#2678,#2679,#2680);
#2678 = CARTESIAN_POINT('',(-0.32,-13.02,-3.));
#2679 = DIRECTION('',(1.,0.,0.));
#2680 = DIRECTION('',(0.,0.,1.));
#2681 = ADVANCED_FACE('',(#2682),#2707,.T.);
#2682 = FACE_BOUND('',#2683,.T.);
#2683 = EDGE_LOOP('',(#2684,#2692,#2693,#2701));
#2684 = ORIENTED_EDGE('',*,*,#2685,.F.);
#2685 = EDGE_CURVE('',#1062,#2686,#2688,.T.);
#2686 = VERTEX_POINT('',#2687);
#2687 = CARTESIAN_POINT('',(0.32,-9.84,8.38));
#2688 = LINE('',#2689,#2690);
#2689 = CARTESIAN_POINT('',(0.32,-9.84,-3.));
#2690 = VECTOR('',#2691,1.);
#2691 = DIRECTION('',(0.,0.,1.));
#2692 = ORIENTED_EDGE('',*,*,#1061,.T.);
#2693 = ORIENTED_EDGE('',*,*,#2694,.T.);
#2694 = EDGE_CURVE('',#1064,#2695,#2697,.T.);
#2695 = VERTEX_POINT('',#2696);
#2696 = CARTESIAN_POINT('',(-0.32,-9.84,8.38));
#2697 = LINE('',#2698,#2699);
#2698 = CARTESIAN_POINT('',(-0.32,-9.84,-3.));
#2699 = VECTOR('',#2700,1.);
#2700 = DIRECTION('',(0.,0.,1.));
#2701 = ORIENTED_EDGE('',*,*,#2702,.T.);
#2702 = EDGE_CURVE('',#2695,#2686,#2703,.T.);
#2703 = LINE('',#2704,#2705);
#2704 = CARTESIAN_POINT('',(-0.32,-9.84,8.38));
#2705 = VECTOR('',#2706,1.);
#2706 = DIRECTION('',(1.,0.,0.));
#2707 = PLANE('',#2708);
#2708 = AXIS2_PLACEMENT_3D('',#2709,#2710,#2711);
#2709 = CARTESIAN_POINT('',(-0.32,-9.84,-3.));
#2710 = DIRECTION('',(0.,1.,0.));
#2711 = DIRECTION('',(0.,-0.,1.));
#2712 = ADVANCED_FACE('',(#2713),#2731,.F.);
#2713 = FACE_BOUND('',#2714,.F.);
#2714 = EDGE_LOOP('',(#2715,#2723,#2724,#2725));
#2715 = ORIENTED_EDGE('',*,*,#2716,.F.);
#2716 = EDGE_CURVE('',#1080,#2717,#2719,.T.);
#2717 = VERTEX_POINT('',#2718);
#2718 = CARTESIAN_POINT('',(-0.32,-10.48,8.38));
#2719 = LINE('',#2720,#2721);
#2720 = CARTESIAN_POINT('',(-0.32,-10.48,-3.));
#2721 = VECTOR('',#2722,1.);
#2722 = DIRECTION('',(0.,0.,1.));
#2723 = ORIENTED_EDGE('',*,*,#1087,.T.);
#2724 = ORIENTED_EDGE('',*,*,#2694,.T.);
#2725 = ORIENTED_EDGE('',*,*,#2726,.F.);
#2726 = EDGE_CURVE('',#2717,#2695,#2727,.T.);
#2727 = LINE('',#2728,#2729);
#2728 = CARTESIAN_POINT('',(-0.32,-10.48,8.38));
#2729 = VECTOR('',#2730,1.);
#2730 = DIRECTION('',(0.,1.,0.));
#2731 = PLANE('',#2732);
#2732 = AXIS2_PLACEMENT_3D('',#2733,#2734,#2735);
#2733 = CARTESIAN_POINT('',(-0.32,-10.48,-3.));
#2734 = DIRECTION('',(1.,0.,0.));
#2735 = DIRECTION('',(0.,0.,1.));
#2736 = ADVANCED_FACE('',(#2737),#2755,.F.);
#2737 = FACE_BOUND('',#2738,.F.);
#2738 = EDGE_LOOP('',(#2739,#2747,#2748,#2749));
#2739 = ORIENTED_EDGE('',*,*,#2740,.F.);
#2740 = EDGE_CURVE('',#1072,#2741,#2743,.T.);
#2741 = VERTEX_POINT('',#2742);
#2742 = CARTESIAN_POINT('',(0.32,-10.48,8.38));
#2743 = LINE('',#2744,#2745);
#2744 = CARTESIAN_POINT('',(0.32,-10.48,-3.));
#2745 = VECTOR('',#2746,1.);
#2746 = DIRECTION('',(0.,0.,1.));
#2747 = ORIENTED_EDGE('',*,*,#1079,.T.);
#2748 = ORIENTED_EDGE('',*,*,#2716,.T.);
#2749 = ORIENTED_EDGE('',*,*,#2750,.T.);
#2750 = EDGE_CURVE('',#2717,#2741,#2751,.T.);
#2751 = LINE('',#2752,#2753);
#2752 = CARTESIAN_POINT('',(-0.32,-10.48,8.38));
#2753 = VECTOR('',#2754,1.);
#2754 = DIRECTION('',(1.,0.,0.));
#2755 = PLANE('',#2756);
#2756 = AXIS2_PLACEMENT_3D('',#2757,#2758,#2759);
#2757 = CARTESIAN_POINT('',(-0.32,-10.48,-3.));
#2758 = DIRECTION('',(0.,1.,0.));
#2759 = DIRECTION('',(0.,-0.,1.));
#2760 = ADVANCED_FACE('',(#2761),#2772,.T.);
#2761 = FACE_BOUND('',#2762,.T.);
#2762 = EDGE_LOOP('',(#2763,#2764,#2765,#2766));
#2763 = ORIENTED_EDGE('',*,*,#2740,.F.);
#2764 = ORIENTED_EDGE('',*,*,#1071,.T.);
#2765 = ORIENTED_EDGE('',*,*,#2685,.T.);
#2766 = ORIENTED_EDGE('',*,*,#2767,.F.);
#2767 = EDGE_CURVE('',#2741,#2686,#2768,.T.);
#2768 = LINE('',#2769,#2770);
#2769 = CARTESIAN_POINT('',(0.32,-10.48,8.38));
#2770 = VECTOR('',#2771,1.);
#2771 = DIRECTION('',(0.,1.,0.));
#2772 = PLANE('',#2773);
#2773 = AXIS2_PLACEMENT_3D('',#2774,#2775,#2776);
#2774 = CARTESIAN_POINT('',(0.32,-10.48,-3.));
#2775 = DIRECTION('',(1.,0.,0.));
#2776 = DIRECTION('',(0.,0.,1.));
#2777 = ADVANCED_FACE('',(#2778),#2803,.F.);
#2778 = FACE_BOUND('',#2779,.F.);
#2779 = EDGE_LOOP('',(#2780,#2788,#2789,#2797));
#2780 = ORIENTED_EDGE('',*,*,#2781,.F.);
#2781 = EDGE_CURVE('',#1096,#2782,#2784,.T.);
#2782 = VERTEX_POINT('',#2783);
#2783 = CARTESIAN_POINT('',(0.32,-7.94,8.38));
#2784 = LINE('',#2785,#2786);
#2785 = CARTESIAN_POINT('',(0.32,-7.94,-3.));
#2786 = VECTOR('',#2787,1.);
#2787 = DIRECTION('',(0.,0.,1.));
#2788 = ORIENTED_EDGE('',*,*,#1095,.T.);
#2789 = ORIENTED_EDGE('',*,*,#2790,.T.);
#2790 = EDGE_CURVE('',#1098,#2791,#2793,.T.);
#2791 = VERTEX_POINT('',#2792);
#2792 = CARTESIAN_POINT('',(-0.32,-7.94,8.38));
#2793 = LINE('',#2794,#2795);
#2794 = CARTESIAN_POINT('',(-0.32,-7.94,-3.));
#2795 = VECTOR('',#2796,1.);
#2796 = DIRECTION('',(0.,0.,1.));
#2797 = ORIENTED_EDGE('',*,*,#2798,.T.);
#2798 = EDGE_CURVE('',#2791,#2782,#2799,.T.);
#2799 = LINE('',#2800,#2801);
#2800 = CARTESIAN_POINT('',(-0.32,-7.94,8.38));
#2801 = VECTOR('',#2802,1.);
#2802 = DIRECTION('',(1.,0.,0.));
#2803 = PLANE('',#2804);
#2804 = AXIS2_PLACEMENT_3D('',#2805,#2806,#2807);
#2805 = CARTESIAN_POINT('',(-0.32,-7.94,-3.));
#2806 = DIRECTION('',(0.,1.,0.));
#2807 = DIRECTION('',(0.,-0.,1.));
#2808 = ADVANCED_FACE('',(#2809),#2827,.T.);
#2809 = FACE_BOUND('',#2810,.T.);
#2810 = EDGE_LOOP('',(#2811,#2812,#2813,#2821));
#2811 = ORIENTED_EDGE('',*,*,#2781,.F.);
#2812 = ORIENTED_EDGE('',*,*,#1121,.T.);
#2813 = ORIENTED_EDGE('',*,*,#2814,.T.);
#2814 = EDGE_CURVE('',#1114,#2815,#2817,.T.);
#2815 = VERTEX_POINT('',#2816);
#2816 = CARTESIAN_POINT('',(0.32,-7.3,8.38));
#2817 = LINE('',#2818,#2819);
#2818 = CARTESIAN_POINT('',(0.32,-7.3,-3.));
#2819 = VECTOR('',#2820,1.);
#2820 = DIRECTION('',(0.,0.,1.));
#2821 = ORIENTED_EDGE('',*,*,#2822,.F.);
#2822 = EDGE_CURVE('',#2782,#2815,#2823,.T.);
#2823 = LINE('',#2824,#2825);
#2824 = CARTESIAN_POINT('',(0.32,-7.94,8.38));
#2825 = VECTOR('',#2826,1.);
#2826 = DIRECTION('',(0.,1.,0.));
#2827 = PLANE('',#2828);
#2828 = AXIS2_PLACEMENT_3D('',#2829,#2830,#2831);
#2829 = CARTESIAN_POINT('',(0.32,-7.94,-3.));
#2830 = DIRECTION('',(1.,0.,0.));
#2831 = DIRECTION('',(0.,0.,1.));
#2832 = ADVANCED_FACE('',(#2833),#2851,.T.);
#2833 = FACE_BOUND('',#2834,.T.);
#2834 = EDGE_LOOP('',(#2835,#2836,#2837,#2845));
#2835 = ORIENTED_EDGE('',*,*,#2814,.F.);
#2836 = ORIENTED_EDGE('',*,*,#1113,.T.);
#2837 = ORIENTED_EDGE('',*,*,#2838,.T.);
#2838 = EDGE_CURVE('',#1106,#2839,#2841,.T.);
#2839 = VERTEX_POINT('',#2840);
#2840 = CARTESIAN_POINT('',(-0.32,-7.3,8.38));
#2841 = LINE('',#2842,#2843);
#2842 = CARTESIAN_POINT('',(-0.32,-7.3,-3.));
#2843 = VECTOR('',#2844,1.);
#2844 = DIRECTION('',(0.,0.,1.));
#2845 = ORIENTED_EDGE('',*,*,#2846,.T.);
#2846 = EDGE_CURVE('',#2839,#2815,#2847,.T.);
#2847 = LINE('',#2848,#2849);
#2848 = CARTESIAN_POINT('',(-0.32,-7.3,8.38));
#2849 = VECTOR('',#2850,1.);
#2850 = DIRECTION('',(1.,0.,0.));
#2851 = PLANE('',#2852);
#2852 = AXIS2_PLACEMENT_3D('',#2853,#2854,#2855);
#2853 = CARTESIAN_POINT('',(-0.32,-7.3,-3.));
#2854 = DIRECTION('',(0.,1.,0.));
#2855 = DIRECTION('',(0.,-0.,1.));
#2856 = ADVANCED_FACE('',(#2857),#2868,.F.);
#2857 = FACE_BOUND('',#2858,.F.);
#2858 = EDGE_LOOP('',(#2859,#2860,#2861,#2862));
#2859 = ORIENTED_EDGE('',*,*,#2790,.F.);
#2860 = ORIENTED_EDGE('',*,*,#1105,.T.);
#2861 = ORIENTED_EDGE('',*,*,#2838,.T.);
#2862 = ORIENTED_EDGE('',*,*,#2863,.F.);
#2863 = EDGE_CURVE('',#2791,#2839,#2864,.T.);
#2864 = LINE('',#2865,#2866);
#2865 = CARTESIAN_POINT('',(-0.32,-7.94,8.38));
#2866 = VECTOR('',#2867,1.);
#2867 = DIRECTION('',(0.,1.,0.));
#2868 = PLANE('',#2869);
#2869 = AXIS2_PLACEMENT_3D('',#2870,#2871,#2872);
#2870 = CARTESIAN_POINT('',(-0.32,-7.94,-3.));
#2871 = DIRECTION('',(1.,0.,0.));
#2872 = DIRECTION('',(0.,0.,1.));
#2873 = ADVANCED_FACE('',(#2874),#2899,.F.);
#2874 = FACE_BOUND('',#2875,.F.);
#2875 = EDGE_LOOP('',(#2876,#2884,#2885,#2893));
#2876 = ORIENTED_EDGE('',*,*,#2877,.F.);
#2877 = EDGE_CURVE('',#1726,#2878,#2880,.T.);
#2878 = VERTEX_POINT('',#2879);
#2879 = CARTESIAN_POINT('',(0.16,-0.16,-3.));
#2880 = LINE('',#2881,#2882);
#2881 = CARTESIAN_POINT('',(0.16,-0.16,-3.));
#2882 = VECTOR('',#2883,1.);
#2883 = DIRECTION('',(-0.57735026919,0.57735026919,-0.57735026919));
#2884 = ORIENTED_EDGE('',*,*,#1733,.T.);
#2885 = ORIENTED_EDGE('',*,*,#2886,.T.);
#2886 = EDGE_CURVE('',#1734,#2887,#2889,.T.);
#2887 = VERTEX_POINT('',#2888);
#2888 = CARTESIAN_POINT('',(0.16,0.16,-3.));
#2889 = LINE('',#2890,#2891);
#2890 = CARTESIAN_POINT('',(5.333333333333E-02,5.333333333333E-02,
    -3.106666666667));
#2891 = VECTOR('',#2892,1.);
#2892 = DIRECTION('',(-0.57735026919,-0.57735026919,-0.57735026919));
#2893 = ORIENTED_EDGE('',*,*,#2894,.F.);
#2894 = EDGE_CURVE('',#2878,#2887,#2895,.T.);
#2895 = LINE('',#2896,#2897);
#2896 = CARTESIAN_POINT('',(0.16,-0.32,-3.));
#2897 = VECTOR('',#2898,1.);
#2898 = DIRECTION('',(0.,1.,0.));
#2899 = PLANE('',#2900);
#2900 = AXIS2_PLACEMENT_3D('',#2901,#2902,#2903);
#2901 = CARTESIAN_POINT('',(0.24,-0.32,-2.92));
#2902 = DIRECTION('',(-0.707106781187,1.735167508357E-18,0.707106781187)
  );
#2903 = DIRECTION('',(1.226948711654E-18,1.,-1.226948711654E-18));
#2904 = ADVANCED_FACE('',(#2905),#2923,.F.);
#2905 = FACE_BOUND('',#2906,.T.);
#2906 = EDGE_LOOP('',(#2907,#2915,#2916,#2917));
#2907 = ORIENTED_EDGE('',*,*,#2908,.F.);
#2908 = EDGE_CURVE('',#1758,#2909,#2911,.T.);
#2909 = VERTEX_POINT('',#2910);
#2910 = CARTESIAN_POINT('',(-0.16,0.16,-3.));
#2911 = LINE('',#2912,#2913);
#2912 = CARTESIAN_POINT('',(-0.16,0.16,-3.));
#2913 = VECTOR('',#2914,1.);
#2914 = DIRECTION('',(0.57735026919,-0.57735026919,-0.57735026919));
#2915 = ORIENTED_EDGE('',*,*,#1757,.T.);
#2916 = ORIENTED_EDGE('',*,*,#2886,.T.);
#2917 = ORIENTED_EDGE('',*,*,#2918,.F.);
#2918 = EDGE_CURVE('',#2909,#2887,#2919,.T.);
#2919 = LINE('',#2920,#2921);
#2920 = CARTESIAN_POINT('',(-0.32,0.16,-3.));
#2921 = VECTOR('',#2922,1.);
#2922 = DIRECTION('',(1.,0.,0.));
#2923 = PLANE('',#2924);
#2924 = AXIS2_PLACEMENT_3D('',#2925,#2926,#2927);
#2925 = CARTESIAN_POINT('',(-0.32,0.24,-2.92));
#2926 = DIRECTION('',(-1.735167508357E-18,-0.707106781187,0.707106781187
    ));
#2927 = DIRECTION('',(-1.,1.226948711654E-18,-1.226948711654E-18));
#2928 = ADVANCED_FACE('',(#2929),#2947,.T.);
#2929 = FACE_BOUND('',#2930,.T.);
#2930 = EDGE_LOOP('',(#2931,#2939,#2940,#2941));
#2931 = ORIENTED_EDGE('',*,*,#2932,.F.);
#2932 = EDGE_CURVE('',#1781,#2933,#2935,.T.);
#2933 = VERTEX_POINT('',#2934);
#2934 = CARTESIAN_POINT('',(-0.16,-0.16,-3.));
#2935 = LINE('',#2936,#2937);
#2936 = CARTESIAN_POINT('',(-0.266666666667,-0.266666666667,
    -2.893333333333));
#2937 = VECTOR('',#2938,1.);
#2938 = DIRECTION('',(0.57735026919,0.57735026919,-0.57735026919));
#2939 = ORIENTED_EDGE('',*,*,#1788,.T.);
#2940 = ORIENTED_EDGE('',*,*,#2908,.T.);
#2941 = ORIENTED_EDGE('',*,*,#2942,.F.);
#2942 = EDGE_CURVE('',#2933,#2909,#2943,.T.);
#2943 = LINE('',#2944,#2945);
#2944 = CARTESIAN_POINT('',(-0.16,-0.32,-3.));
#2945 = VECTOR('',#2946,1.);
#2946 = DIRECTION('',(0.,1.,0.));
#2947 = PLANE('',#2948);
#2948 = AXIS2_PLACEMENT_3D('',#2949,#2950,#2951);
#2949 = CARTESIAN_POINT('',(-0.24,-0.32,-2.92));
#2950 = DIRECTION('',(-0.707106781187,-1.735167508357E-18,
    -0.707106781187));
#2951 = DIRECTION('',(-1.226948711654E-18,1.,-1.226948711654E-18));
#2952 = ADVANCED_FACE('',(#2953),#2964,.T.);
#2953 = FACE_BOUND('',#2954,.F.);
#2954 = EDGE_LOOP('',(#2955,#2956,#2957,#2958));
#2955 = ORIENTED_EDGE('',*,*,#2932,.F.);
#2956 = ORIENTED_EDGE('',*,*,#1805,.T.);
#2957 = ORIENTED_EDGE('',*,*,#2877,.T.);
#2958 = ORIENTED_EDGE('',*,*,#2959,.F.);
#2959 = EDGE_CURVE('',#2933,#2878,#2960,.T.);
#2960 = LINE('',#2961,#2962);
#2961 = CARTESIAN_POINT('',(-0.32,-0.16,-3.));
#2962 = VECTOR('',#2963,1.);
#2963 = DIRECTION('',(1.,0.,0.));
#2964 = PLANE('',#2965);
#2965 = AXIS2_PLACEMENT_3D('',#2966,#2967,#2968);
#2966 = CARTESIAN_POINT('',(-0.32,-0.24,-2.92));
#2967 = DIRECTION('',(1.735167508357E-18,-0.707106781187,-0.707106781187
    ));
#2968 = DIRECTION('',(-1.,-1.226948711654E-18,-1.226948711654E-18));
#2969 = ADVANCED_FACE('',(#2970),#2995,.F.);
#2970 = FACE_BOUND('',#2971,.F.);
#2971 = EDGE_LOOP('',(#2972,#2980,#2981,#2989));
#2972 = ORIENTED_EDGE('',*,*,#2973,.F.);
#2973 = EDGE_CURVE('',#1822,#2974,#2976,.T.);
#2974 = VERTEX_POINT('',#2975);
#2975 = CARTESIAN_POINT('',(0.16,-5.24,-3.));
#2976 = LINE('',#2977,#2978);
#2977 = CARTESIAN_POINT('',(0.16,-5.24,-3.));
#2978 = VECTOR('',#2979,1.);
#2979 = DIRECTION('',(-0.57735026919,0.57735026919,-0.57735026919));
#2980 = ORIENTED_EDGE('',*,*,#1829,.T.);
#2981 = ORIENTED_EDGE('',*,*,#2982,.T.);
#2982 = EDGE_CURVE('',#1830,#2983,#2985,.T.);
#2983 = VERTEX_POINT('',#2984);
#2984 = CARTESIAN_POINT('',(0.16,-4.92,-3.));
#2985 = LINE('',#2986,#2987);
#2986 = CARTESIAN_POINT('',(5.333333333333E-02,-5.026666666667,
    -3.106666666667));
#2987 = VECTOR('',#2988,1.);
#2988 = DIRECTION('',(-0.57735026919,-0.57735026919,-0.57735026919));
#2989 = ORIENTED_EDGE('',*,*,#2990,.F.);
#2990 = EDGE_CURVE('',#2974,#2983,#2991,.T.);
#2991 = LINE('',#2992,#2993);
#2992 = CARTESIAN_POINT('',(0.16,-5.4,-3.));
#2993 = VECTOR('',#2994,1.);
#2994 = DIRECTION('',(0.,1.,0.));
#2995 = PLANE('',#2996);
#2996 = AXIS2_PLACEMENT_3D('',#2997,#2998,#2999);
#2997 = CARTESIAN_POINT('',(0.24,-5.4,-2.92));
#2998 = DIRECTION('',(-0.707106781187,1.735167508357E-18,0.707106781187)
  );
#2999 = DIRECTION('',(1.226948711654E-18,1.,-1.226948711654E-18));
#3000 = ADVANCED_FACE('',(#3001),#3019,.F.);
#3001 = FACE_BOUND('',#3002,.T.);
#3002 = EDGE_LOOP('',(#3003,#3011,#3012,#3013));
#3003 = ORIENTED_EDGE('',*,*,#3004,.F.);
#3004 = EDGE_CURVE('',#1854,#3005,#3007,.T.);
#3005 = VERTEX_POINT('',#3006);
#3006 = CARTESIAN_POINT('',(-0.16,-4.92,-3.));
#3007 = LINE('',#3008,#3009);
#3008 = CARTESIAN_POINT('',(-0.16,-4.92,-3.));
#3009 = VECTOR('',#3010,1.);
#3010 = DIRECTION('',(0.57735026919,-0.57735026919,-0.57735026919));
#3011 = ORIENTED_EDGE('',*,*,#1853,.T.);
#3012 = ORIENTED_EDGE('',*,*,#2982,.T.);
#3013 = ORIENTED_EDGE('',*,*,#3014,.F.);
#3014 = EDGE_CURVE('',#3005,#2983,#3015,.T.);
#3015 = LINE('',#3016,#3017);
#3016 = CARTESIAN_POINT('',(-0.32,-4.92,-3.));
#3017 = VECTOR('',#3018,1.);
#3018 = DIRECTION('',(1.,0.,0.));
#3019 = PLANE('',#3020);
#3020 = AXIS2_PLACEMENT_3D('',#3021,#3022,#3023);
#3021 = CARTESIAN_POINT('',(-0.32,-4.84,-2.92));
#3022 = DIRECTION('',(-1.735167508357E-18,-0.707106781187,0.707106781187
    ));
#3023 = DIRECTION('',(-1.,1.226948711654E-18,-1.226948711654E-18));
#3024 = ADVANCED_FACE('',(#3025),#3043,.T.);
#3025 = FACE_BOUND('',#3026,.T.);
#3026 = EDGE_LOOP('',(#3027,#3035,#3036,#3037));
#3027 = ORIENTED_EDGE('',*,*,#3028,.F.);
#3028 = EDGE_CURVE('',#1877,#3029,#3031,.T.);
#3029 = VERTEX_POINT('',#3030);
#3030 = CARTESIAN_POINT('',(-0.16,-5.24,-3.));
#3031 = LINE('',#3032,#3033);
#3032 = CARTESIAN_POINT('',(-0.266666666667,-5.346666666667,
    -2.893333333333));
#3033 = VECTOR('',#3034,1.);
#3034 = DIRECTION('',(0.57735026919,0.57735026919,-0.57735026919));
#3035 = ORIENTED_EDGE('',*,*,#1884,.T.);
#3036 = ORIENTED_EDGE('',*,*,#3004,.T.);
#3037 = ORIENTED_EDGE('',*,*,#3038,.F.);
#3038 = EDGE_CURVE('',#3029,#3005,#3039,.T.);
#3039 = LINE('',#3040,#3041);
#3040 = CARTESIAN_POINT('',(-0.16,-5.4,-3.));
#3041 = VECTOR('',#3042,1.);
#3042 = DIRECTION('',(0.,1.,0.));
#3043 = PLANE('',#3044);
#3044 = AXIS2_PLACEMENT_3D('',#3045,#3046,#3047);
#3045 = CARTESIAN_POINT('',(-0.24,-5.4,-2.92));
#3046 = DIRECTION('',(-0.707106781187,-1.735167508357E-18,
    -0.707106781187));
#3047 = DIRECTION('',(-1.226948711654E-18,1.,-1.226948711654E-18));
#3048 = ADVANCED_FACE('',(#3049),#3060,.T.);
#3049 = FACE_BOUND('',#3050,.F.);
#3050 = EDGE_LOOP('',(#3051,#3052,#3053,#3054));
#3051 = ORIENTED_EDGE('',*,*,#3028,.F.);
#3052 = ORIENTED_EDGE('',*,*,#1901,.T.);
#3053 = ORIENTED_EDGE('',*,*,#2973,.T.);
#3054 = ORIENTED_EDGE('',*,*,#3055,.F.);
#3055 = EDGE_CURVE('',#3029,#2974,#3056,.T.);
#3056 = LINE('',#3057,#3058);
#3057 = CARTESIAN_POINT('',(-0.32,-5.24,-3.));
#3058 = VECTOR('',#3059,1.);
#3059 = DIRECTION('',(1.,0.,0.));
#3060 = PLANE('',#3061);
#3061 = AXIS2_PLACEMENT_3D('',#3062,#3063,#3064);
#3062 = CARTESIAN_POINT('',(-0.32,-5.32,-2.92));
#3063 = DIRECTION('',(1.735167508357E-18,-0.707106781187,-0.707106781187
    ));
#3064 = DIRECTION('',(-1.,-1.226948711654E-18,-1.226948711654E-18));
#3065 = ADVANCED_FACE('',(#3066),#3091,.F.);
#3066 = FACE_BOUND('',#3067,.F.);
#3067 = EDGE_LOOP('',(#3068,#3076,#3077,#3085));
#3068 = ORIENTED_EDGE('',*,*,#3069,.F.);
#3069 = EDGE_CURVE('',#1918,#3070,#3072,.T.);
#3070 = VERTEX_POINT('',#3071);
#3071 = CARTESIAN_POINT('',(0.16,-2.7,-3.));
#3072 = LINE('',#3073,#3074);
#3073 = CARTESIAN_POINT('',(0.16,-2.7,-3.));
#3074 = VECTOR('',#3075,1.);
#3075 = DIRECTION('',(-0.57735026919,0.57735026919,-0.57735026919));
#3076 = ORIENTED_EDGE('',*,*,#1925,.T.);
#3077 = ORIENTED_EDGE('',*,*,#3078,.T.);
#3078 = EDGE_CURVE('',#1926,#3079,#3081,.T.);
#3079 = VERTEX_POINT('',#3080);
#3080 = CARTESIAN_POINT('',(0.16,-2.38,-3.));
#3081 = LINE('',#3082,#3083);
#3082 = CARTESIAN_POINT('',(5.333333333333E-02,-2.486666666667,
    -3.106666666667));
#3083 = VECTOR('',#3084,1.);
#3084 = DIRECTION('',(-0.57735026919,-0.57735026919,-0.57735026919));
#3085 = ORIENTED_EDGE('',*,*,#3086,.F.);
#3086 = EDGE_CURVE('',#3070,#3079,#3087,.T.);
#3087 = LINE('',#3088,#3089);
#3088 = CARTESIAN_POINT('',(0.16,-2.86,-3.));
#3089 = VECTOR('',#3090,1.);
#3090 = DIRECTION('',(0.,1.,0.));
#3091 = PLANE('',#3092);
#3092 = AXIS2_PLACEMENT_3D('',#3093,#3094,#3095);
#3093 = CARTESIAN_POINT('',(0.24,-2.86,-2.92));
#3094 = DIRECTION('',(-0.707106781187,1.735167508357E-18,0.707106781187)
  );
#3095 = DIRECTION('',(1.226948711654E-18,1.,-1.226948711654E-18));
#3096 = ADVANCED_FACE('',(#3097),#3115,.F.);
#3097 = FACE_BOUND('',#3098,.T.);
#3098 = EDGE_LOOP('',(#3099,#3107,#3108,#3109));
#3099 = ORIENTED_EDGE('',*,*,#3100,.F.);
#3100 = EDGE_CURVE('',#1950,#3101,#3103,.T.);
#3101 = VERTEX_POINT('',#3102);
#3102 = CARTESIAN_POINT('',(-0.16,-2.38,-3.));
#3103 = LINE('',#3104,#3105);
#3104 = CARTESIAN_POINT('',(-0.16,-2.38,-3.));
#3105 = VECTOR('',#3106,1.);
#3106 = DIRECTION('',(0.57735026919,-0.57735026919,-0.57735026919));
#3107 = ORIENTED_EDGE('',*,*,#1949,.T.);
#3108 = ORIENTED_EDGE('',*,*,#3078,.T.);
#3109 = ORIENTED_EDGE('',*,*,#3110,.F.);
#3110 = EDGE_CURVE('',#3101,#3079,#3111,.T.);
#3111 = LINE('',#3112,#3113);
#3112 = CARTESIAN_POINT('',(-0.32,-2.38,-3.));
#3113 = VECTOR('',#3114,1.);
#3114 = DIRECTION('',(1.,0.,0.));
#3115 = PLANE('',#3116);
#3116 = AXIS2_PLACEMENT_3D('',#3117,#3118,#3119);
#3117 = CARTESIAN_POINT('',(-0.32,-2.3,-2.92));
#3118 = DIRECTION('',(-1.735167508357E-18,-0.707106781187,0.707106781187
    ));
#3119 = DIRECTION('',(-1.,1.226948711654E-18,-1.226948711654E-18));
#3120 = ADVANCED_FACE('',(#3121),#3139,.T.);
#3121 = FACE_BOUND('',#3122,.T.);
#3122 = EDGE_LOOP('',(#3123,#3131,#3132,#3133));
#3123 = ORIENTED_EDGE('',*,*,#3124,.F.);
#3124 = EDGE_CURVE('',#1973,#3125,#3127,.T.);
#3125 = VERTEX_POINT('',#3126);
#3126 = CARTESIAN_POINT('',(-0.16,-2.7,-3.));
#3127 = LINE('',#3128,#3129);
#3128 = CARTESIAN_POINT('',(-0.266666666667,-2.806666666667,
    -2.893333333333));
#3129 = VECTOR('',#3130,1.);
#3130 = DIRECTION('',(0.57735026919,0.57735026919,-0.57735026919));
#3131 = ORIENTED_EDGE('',*,*,#1980,.T.);
#3132 = ORIENTED_EDGE('',*,*,#3100,.T.);
#3133 = ORIENTED_EDGE('',*,*,#3134,.F.);
#3134 = EDGE_CURVE('',#3125,#3101,#3135,.T.);
#3135 = LINE('',#3136,#3137);
#3136 = CARTESIAN_POINT('',(-0.16,-2.86,-3.));
#3137 = VECTOR('',#3138,1.);
#3138 = DIRECTION('',(0.,1.,0.));
#3139 = PLANE('',#3140);
#3140 = AXIS2_PLACEMENT_3D('',#3141,#3142,#3143);
#3141 = CARTESIAN_POINT('',(-0.24,-2.86,-2.92));
#3142 = DIRECTION('',(-0.707106781187,-1.735167508357E-18,
    -0.707106781187));
#3143 = DIRECTION('',(-1.226948711654E-18,1.,-1.226948711654E-18));
#3144 = ADVANCED_FACE('',(#3145),#3156,.T.);
#3145 = FACE_BOUND('',#3146,.F.);
#3146 = EDGE_LOOP('',(#3147,#3148,#3149,#3150));
#3147 = ORIENTED_EDGE('',*,*,#3124,.F.);
#3148 = ORIENTED_EDGE('',*,*,#1997,.T.);
#3149 = ORIENTED_EDGE('',*,*,#3069,.T.);
#3150 = ORIENTED_EDGE('',*,*,#3151,.F.);
#3151 = EDGE_CURVE('',#3125,#3070,#3152,.T.);
#3152 = LINE('',#3153,#3154);
#3153 = CARTESIAN_POINT('',(-0.32,-2.7,-3.));
#3154 = VECTOR('',#3155,1.);
#3155 = DIRECTION('',(1.,0.,0.));
#3156 = PLANE('',#3157);
#3157 = AXIS2_PLACEMENT_3D('',#3158,#3159,#3160);
#3158 = CARTESIAN_POINT('',(-0.32,-2.78,-2.92));
#3159 = DIRECTION('',(1.735167508357E-18,-0.707106781187,-0.707106781187
    ));
#3160 = DIRECTION('',(-1.,-1.226948711654E-18,-1.226948711654E-18));
#3161 = ADVANCED_FACE('',(#3162),#3187,.T.);
#3162 = FACE_BOUND('',#3163,.F.);
#3163 = EDGE_LOOP('',(#3164,#3172,#3173,#3181));
#3164 = ORIENTED_EDGE('',*,*,#3165,.F.);
#3165 = EDGE_CURVE('',#2022,#3166,#3168,.T.);
#3166 = VERTEX_POINT('',#3167);
#3167 = CARTESIAN_POINT('',(-0.16,-12.86,-3.));
#3168 = LINE('',#3169,#3170);
#3169 = CARTESIAN_POINT('',(-0.266666666667,-12.96666666666,
    -2.893333333333));
#3170 = VECTOR('',#3171,1.);
#3171 = DIRECTION('',(0.57735026919,0.57735026919,-0.57735026919));
#3172 = ORIENTED_EDGE('',*,*,#2021,.T.);
#3173 = ORIENTED_EDGE('',*,*,#3174,.T.);
#3174 = EDGE_CURVE('',#2014,#3175,#3177,.T.);
#3175 = VERTEX_POINT('',#3176);
#3176 = CARTESIAN_POINT('',(0.16,-12.86,-3.));
#3177 = LINE('',#3178,#3179);
#3178 = CARTESIAN_POINT('',(0.16,-12.86,-3.));
#3179 = VECTOR('',#3180,1.);
#3180 = DIRECTION('',(-0.57735026919,0.57735026919,-0.57735026919));
#3181 = ORIENTED_EDGE('',*,*,#3182,.F.);
#3182 = EDGE_CURVE('',#3166,#3175,#3183,.T.);
#3183 = LINE('',#3184,#3185);
#3184 = CARTESIAN_POINT('',(-0.32,-12.86,-3.));
#3185 = VECTOR('',#3186,1.);
#3186 = DIRECTION('',(1.,0.,0.));
#3187 = PLANE('',#3188);
#3188 = AXIS2_PLACEMENT_3D('',#3189,#3190,#3191);
#3189 = CARTESIAN_POINT('',(-0.32,-12.94,-2.92));
#3190 = DIRECTION('',(1.735167508357E-18,-0.707106781187,-0.707106781187
    ));
#3191 = DIRECTION('',(-1.,-1.226948711654E-18,-1.226948711654E-18));
#3192 = ADVANCED_FACE('',(#3193),#3211,.F.);
#3193 = FACE_BOUND('',#3194,.F.);
#3194 = EDGE_LOOP('',(#3195,#3196,#3197,#3205));
#3195 = ORIENTED_EDGE('',*,*,#3174,.F.);
#3196 = ORIENTED_EDGE('',*,*,#2045,.T.);
#3197 = ORIENTED_EDGE('',*,*,#3198,.T.);
#3198 = EDGE_CURVE('',#2046,#3199,#3201,.T.);
#3199 = VERTEX_POINT('',#3200);
#3200 = CARTESIAN_POINT('',(0.16,-12.54,-3.));
#3201 = LINE('',#3202,#3203);
#3202 = CARTESIAN_POINT('',(5.333333333333E-02,-12.64666666666,
    -3.106666666667));
#3203 = VECTOR('',#3204,1.);
#3204 = DIRECTION('',(-0.57735026919,-0.57735026919,-0.57735026919));
#3205 = ORIENTED_EDGE('',*,*,#3206,.F.);
#3206 = EDGE_CURVE('',#3175,#3199,#3207,.T.);
#3207 = LINE('',#3208,#3209);
#3208 = CARTESIAN_POINT('',(0.16,-13.02,-3.));
#3209 = VECTOR('',#3210,1.);
#3210 = DIRECTION('',(0.,1.,0.));
#3211 = PLANE('',#3212);
#3212 = AXIS2_PLACEMENT_3D('',#3213,#3214,#3215);
#3213 = CARTESIAN_POINT('',(0.24,-13.02,-2.92));
#3214 = DIRECTION('',(-0.707106781187,1.735167508357E-18,0.707106781187)
  );
#3215 = DIRECTION('',(1.226948711654E-18,1.,-1.226948711654E-18));
#3216 = ADVANCED_FACE('',(#3217),#3235,.F.);
#3217 = FACE_BOUND('',#3218,.T.);
#3218 = EDGE_LOOP('',(#3219,#3227,#3228,#3229));
#3219 = ORIENTED_EDGE('',*,*,#3220,.F.);
#3220 = EDGE_CURVE('',#2070,#3221,#3223,.T.);
#3221 = VERTEX_POINT('',#3222);
#3222 = CARTESIAN_POINT('',(-0.16,-12.54,-3.));
#3223 = LINE('',#3224,#3225);
#3224 = CARTESIAN_POINT('',(-0.16,-12.54,-3.));
#3225 = VECTOR('',#3226,1.);
#3226 = DIRECTION('',(0.57735026919,-0.57735026919,-0.57735026919));
#3227 = ORIENTED_EDGE('',*,*,#2069,.T.);
#3228 = ORIENTED_EDGE('',*,*,#3198,.T.);
#3229 = ORIENTED_EDGE('',*,*,#3230,.F.);
#3230 = EDGE_CURVE('',#3221,#3199,#3231,.T.);
#3231 = LINE('',#3232,#3233);
#3232 = CARTESIAN_POINT('',(-0.32,-12.54,-3.));
#3233 = VECTOR('',#3234,1.);
#3234 = DIRECTION('',(1.,0.,0.));
#3235 = PLANE('',#3236);
#3236 = AXIS2_PLACEMENT_3D('',#3237,#3238,#3239);
#3237 = CARTESIAN_POINT('',(-0.32,-12.46,-2.92));
#3238 = DIRECTION('',(-1.735167508357E-18,-0.707106781187,0.707106781187
    ));
#3239 = DIRECTION('',(-1.,1.226948711654E-18,-1.226948711654E-18));
#3240 = ADVANCED_FACE('',(#3241),#3252,.T.);
#3241 = FACE_BOUND('',#3242,.T.);
#3242 = EDGE_LOOP('',(#3243,#3244,#3245,#3246));
#3243 = ORIENTED_EDGE('',*,*,#3165,.F.);
#3244 = ORIENTED_EDGE('',*,*,#2093,.T.);
#3245 = ORIENTED_EDGE('',*,*,#3220,.T.);
#3246 = ORIENTED_EDGE('',*,*,#3247,.F.);
#3247 = EDGE_CURVE('',#3166,#3221,#3248,.T.);
#3248 = LINE('',#3249,#3250);
#3249 = CARTESIAN_POINT('',(-0.16,-13.02,-3.));
#3250 = VECTOR('',#3251,1.);
#3251 = DIRECTION('',(0.,1.,0.));
#3252 = PLANE('',#3253);
#3253 = AXIS2_PLACEMENT_3D('',#3254,#3255,#3256);
#3254 = CARTESIAN_POINT('',(-0.24,-13.02,-2.92));
#3255 = DIRECTION('',(-0.707106781187,-1.735167508357E-18,
    -0.707106781187));
#3256 = DIRECTION('',(-1.226948711654E-18,1.,-1.226948711654E-18));
#3257 = ADVANCED_FACE('',(#3258),#3283,.F.);
#3258 = FACE_BOUND('',#3259,.T.);
#3259 = EDGE_LOOP('',(#3260,#3268,#3269,#3277));
#3260 = ORIENTED_EDGE('',*,*,#3261,.F.);
#3261 = EDGE_CURVE('',#2118,#3262,#3264,.T.);
#3262 = VERTEX_POINT('',#3263);
#3263 = CARTESIAN_POINT('',(-0.16,-10.,-3.));
#3264 = LINE('',#3265,#3266);
#3265 = CARTESIAN_POINT('',(-0.16,-10.,-3.));
#3266 = VECTOR('',#3267,1.);
#3267 = DIRECTION('',(0.57735026919,-0.57735026919,-0.57735026919));
#3268 = ORIENTED_EDGE('',*,*,#2117,.T.);
#3269 = ORIENTED_EDGE('',*,*,#3270,.T.);
#3270 = EDGE_CURVE('',#2110,#3271,#3273,.T.);
#3271 = VERTEX_POINT('',#3272);
#3272 = CARTESIAN_POINT('',(0.16,-10.,-3.));
#3273 = LINE('',#3274,#3275);
#3274 = CARTESIAN_POINT('',(5.333333333333E-02,-10.10666666666,
    -3.106666666667));
#3275 = VECTOR('',#3276,1.);
#3276 = DIRECTION('',(-0.57735026919,-0.57735026919,-0.57735026919));
#3277 = ORIENTED_EDGE('',*,*,#3278,.F.);
#3278 = EDGE_CURVE('',#3262,#3271,#3279,.T.);
#3279 = LINE('',#3280,#3281);
#3280 = CARTESIAN_POINT('',(-0.32,-10.,-3.));
#3281 = VECTOR('',#3282,1.);
#3282 = DIRECTION('',(1.,0.,0.));
#3283 = PLANE('',#3284);
#3284 = AXIS2_PLACEMENT_3D('',#3285,#3286,#3287);
#3285 = CARTESIAN_POINT('',(-0.32,-9.92,-2.92));
#3286 = DIRECTION('',(-1.735167508357E-18,-0.707106781187,0.707106781187
    ));
#3287 = DIRECTION('',(-1.,1.226948711654E-18,-1.226948711654E-18));
#3288 = ADVANCED_FACE('',(#3289),#3307,.T.);
#3289 = FACE_BOUND('',#3290,.T.);
#3290 = EDGE_LOOP('',(#3291,#3299,#3300,#3301));
#3291 = ORIENTED_EDGE('',*,*,#3292,.F.);
#3292 = EDGE_CURVE('',#2141,#3293,#3295,.T.);
#3293 = VERTEX_POINT('',#3294);
#3294 = CARTESIAN_POINT('',(-0.16,-10.32,-3.));
#3295 = LINE('',#3296,#3297);
#3296 = CARTESIAN_POINT('',(-0.266666666667,-10.42666666666,
    -2.893333333333));
#3297 = VECTOR('',#3298,1.);
#3298 = DIRECTION('',(0.57735026919,0.57735026919,-0.57735026919));
#3299 = ORIENTED_EDGE('',*,*,#2148,.T.);
#3300 = ORIENTED_EDGE('',*,*,#3261,.T.);
#3301 = ORIENTED_EDGE('',*,*,#3302,.F.);
#3302 = EDGE_CURVE('',#3293,#3262,#3303,.T.);
#3303 = LINE('',#3304,#3305);
#3304 = CARTESIAN_POINT('',(-0.16,-10.48,-3.));
#3305 = VECTOR('',#3306,1.);
#3306 = DIRECTION('',(0.,1.,0.));
#3307 = PLANE('',#3308);
#3308 = AXIS2_PLACEMENT_3D('',#3309,#3310,#3311);
#3309 = CARTESIAN_POINT('',(-0.24,-10.48,-2.92));
#3310 = DIRECTION('',(-0.707106781187,-1.735167508357E-18,
    -0.707106781187));
#3311 = DIRECTION('',(-1.226948711654E-18,1.,-1.226948711654E-18));
#3312 = ADVANCED_FACE('',(#3313),#3331,.T.);
#3313 = FACE_BOUND('',#3314,.F.);
#3314 = EDGE_LOOP('',(#3315,#3316,#3317,#3325));
#3315 = ORIENTED_EDGE('',*,*,#3292,.F.);
#3316 = ORIENTED_EDGE('',*,*,#2172,.T.);
#3317 = ORIENTED_EDGE('',*,*,#3318,.T.);
#3318 = EDGE_CURVE('',#2165,#3319,#3321,.T.);
#3319 = VERTEX_POINT('',#3320);
#3320 = CARTESIAN_POINT('',(0.16,-10.32,-3.));
#3321 = LINE('',#3322,#3323);
#3322 = CARTESIAN_POINT('',(0.16,-10.32,-3.));
#3323 = VECTOR('',#3324,1.);
#3324 = DIRECTION('',(-0.57735026919,0.57735026919,-0.57735026919));
#3325 = ORIENTED_EDGE('',*,*,#3326,.F.);
#3326 = EDGE_CURVE('',#3293,#3319,#3327,.T.);
#3327 = LINE('',#3328,#3329);
#3328 = CARTESIAN_POINT('',(-0.32,-10.32,-3.));
#3329 = VECTOR('',#3330,1.);
#3330 = DIRECTION('',(1.,0.,0.));
#3331 = PLANE('',#3332);
#3332 = AXIS2_PLACEMENT_3D('',#3333,#3334,#3335);
#3333 = CARTESIAN_POINT('',(-0.32,-10.4,-2.92));
#3334 = DIRECTION('',(1.735167508357E-18,-0.707106781187,-0.707106781187
    ));
#3335 = DIRECTION('',(-1.,-1.226948711654E-18,-1.226948711654E-18));
#3336 = ADVANCED_FACE('',(#3337),#3348,.F.);
#3337 = FACE_BOUND('',#3338,.F.);
#3338 = EDGE_LOOP('',(#3339,#3340,#3341,#3342));
#3339 = ORIENTED_EDGE('',*,*,#3318,.F.);
#3340 = ORIENTED_EDGE('',*,*,#2189,.T.);
#3341 = ORIENTED_EDGE('',*,*,#3270,.T.);
#3342 = ORIENTED_EDGE('',*,*,#3343,.F.);
#3343 = EDGE_CURVE('',#3319,#3271,#3344,.T.);
#3344 = LINE('',#3345,#3346);
#3345 = CARTESIAN_POINT('',(0.16,-10.48,-3.));
#3346 = VECTOR('',#3347,1.);
#3347 = DIRECTION('',(0.,1.,0.));
#3348 = PLANE('',#3349);
#3349 = AXIS2_PLACEMENT_3D('',#3350,#3351,#3352);
#3350 = CARTESIAN_POINT('',(0.24,-10.48,-2.92));
#3351 = DIRECTION('',(-0.707106781187,1.735167508357E-18,0.707106781187)
  );
#3352 = DIRECTION('',(1.226948711654E-18,1.,-1.226948711654E-18));
#3353 = ADVANCED_FACE('',(#3354),#3379,.T.);
#3354 = FACE_BOUND('',#3355,.F.);
#3355 = EDGE_LOOP('',(#3356,#3364,#3365,#3373));
#3356 = ORIENTED_EDGE('',*,*,#3357,.F.);
#3357 = EDGE_CURVE('',#2214,#3358,#3360,.T.);
#3358 = VERTEX_POINT('',#3359);
#3359 = CARTESIAN_POINT('',(-0.16,-7.78,-3.));
#3360 = LINE('',#3361,#3362);
#3361 = CARTESIAN_POINT('',(-0.266666666667,-7.886666666667,
    -2.893333333333));
#3362 = VECTOR('',#3363,1.);
#3363 = DIRECTION('',(0.57735026919,0.57735026919,-0.57735026919));
#3364 = ORIENTED_EDGE('',*,*,#2213,.T.);
#3365 = ORIENTED_EDGE('',*,*,#3366,.T.);
#3366 = EDGE_CURVE('',#2206,#3367,#3369,.T.);
#3367 = VERTEX_POINT('',#3368);
#3368 = CARTESIAN_POINT('',(0.16,-7.78,-3.));
#3369 = LINE('',#3370,#3371);
#3370 = CARTESIAN_POINT('',(0.16,-7.78,-3.));
#3371 = VECTOR('',#3372,1.);
#3372 = DIRECTION('',(-0.57735026919,0.57735026919,-0.57735026919));
#3373 = ORIENTED_EDGE('',*,*,#3374,.F.);
#3374 = EDGE_CURVE('',#3358,#3367,#3375,.T.);
#3375 = LINE('',#3376,#3377);
#3376 = CARTESIAN_POINT('',(-0.32,-7.78,-3.));
#3377 = VECTOR('',#3378,1.);
#3378 = DIRECTION('',(1.,0.,0.));
#3379 = PLANE('',#3380);
#3380 = AXIS2_PLACEMENT_3D('',#3381,#3382,#3383);
#3381 = CARTESIAN_POINT('',(-0.32,-7.86,-2.92));
#3382 = DIRECTION('',(1.735167508357E-18,-0.707106781187,-0.707106781187
    ));
#3383 = DIRECTION('',(-1.,-1.226948711654E-18,-1.226948711654E-18));
#3384 = ADVANCED_FACE('',(#3385),#3403,.F.);
#3385 = FACE_BOUND('',#3386,.F.);
#3386 = EDGE_LOOP('',(#3387,#3388,#3389,#3397));
#3387 = ORIENTED_EDGE('',*,*,#3366,.F.);
#3388 = ORIENTED_EDGE('',*,*,#2237,.T.);
#3389 = ORIENTED_EDGE('',*,*,#3390,.T.);
#3390 = EDGE_CURVE('',#2238,#3391,#3393,.T.);
#3391 = VERTEX_POINT('',#3392);
#3392 = CARTESIAN_POINT('',(0.16,-7.46,-3.));
#3393 = LINE('',#3394,#3395);
#3394 = CARTESIAN_POINT('',(5.333333333333E-02,-7.566666666667,
    -3.106666666667));
#3395 = VECTOR('',#3396,1.);
#3396 = DIRECTION('',(-0.57735026919,-0.57735026919,-0.57735026919));
#3397 = ORIENTED_EDGE('',*,*,#3398,.F.);
#3398 = EDGE_CURVE('',#3367,#3391,#3399,.T.);
#3399 = LINE('',#3400,#3401);
#3400 = CARTESIAN_POINT('',(0.16,-7.94,-3.));
#3401 = VECTOR('',#3402,1.);
#3402 = DIRECTION('',(0.,1.,0.));
#3403 = PLANE('',#3404);
#3404 = AXIS2_PLACEMENT_3D('',#3405,#3406,#3407);
#3405 = CARTESIAN_POINT('',(0.24,-7.94,-2.92));
#3406 = DIRECTION('',(-0.707106781187,1.735167508357E-18,0.707106781187)
  );
#3407 = DIRECTION('',(1.226948711654E-18,1.,-1.226948711654E-18));
#3408 = ADVANCED_FACE('',(#3409),#3427,.F.);
#3409 = FACE_BOUND('',#3410,.T.);
#3410 = EDGE_LOOP('',(#3411,#3419,#3420,#3421));
#3411 = ORIENTED_EDGE('',*,*,#3412,.F.);
#3412 = EDGE_CURVE('',#2262,#3413,#3415,.T.);
#3413 = VERTEX_POINT('',#3414);
#3414 = CARTESIAN_POINT('',(-0.16,-7.46,-3.));
#3415 = LINE('',#3416,#3417);
#3416 = CARTESIAN_POINT('',(-0.16,-7.46,-3.));
#3417 = VECTOR('',#3418,1.);
#3418 = DIRECTION('',(0.57735026919,-0.57735026919,-0.57735026919));
#3419 = ORIENTED_EDGE('',*,*,#2261,.T.);
#3420 = ORIENTED_EDGE('',*,*,#3390,.T.);
#3421 = ORIENTED_EDGE('',*,*,#3422,.F.);
#3422 = EDGE_CURVE('',#3413,#3391,#3423,.T.);
#3423 = LINE('',#3424,#3425);
#3424 = CARTESIAN_POINT('',(-0.32,-7.46,-3.));
#3425 = VECTOR('',#3426,1.);
#3426 = DIRECTION('',(1.,0.,0.));
#3427 = PLANE('',#3428);
#3428 = AXIS2_PLACEMENT_3D('',#3429,#3430,#3431);
#3429 = CARTESIAN_POINT('',(-0.32,-7.38,-2.92));
#3430 = DIRECTION('',(-1.735167508357E-18,-0.707106781187,0.707106781187
    ));
#3431 = DIRECTION('',(-1.,1.226948711654E-18,-1.226948711654E-18));
#3432 = ADVANCED_FACE('',(#3433),#3444,.T.);
#3433 = FACE_BOUND('',#3434,.T.);
#3434 = EDGE_LOOP('',(#3435,#3436,#3437,#3438));
#3435 = ORIENTED_EDGE('',*,*,#3357,.F.);
#3436 = ORIENTED_EDGE('',*,*,#2285,.T.);
#3437 = ORIENTED_EDGE('',*,*,#3412,.T.);
#3438 = ORIENTED_EDGE('',*,*,#3439,.F.);
#3439 = EDGE_CURVE('',#3358,#3413,#3440,.T.);
#3440 = LINE('',#3441,#3442);
#3441 = CARTESIAN_POINT('',(-0.16,-7.94,-3.));
#3442 = VECTOR('',#3443,1.);
#3443 = DIRECTION('',(0.,1.,0.));
#3444 = PLANE('',#3445);
#3445 = AXIS2_PLACEMENT_3D('',#3446,#3447,#3448);
#3446 = CARTESIAN_POINT('',(-0.24,-7.94,-2.92));
#3447 = DIRECTION('',(-0.707106781187,-1.735167508357E-18,
    -0.707106781187));
#3448 = DIRECTION('',(-1.226948711654E-18,1.,-1.226948711654E-18));
#3449 = ADVANCED_FACE('',(#3450),#3475,.T.);
#3450 = FACE_BOUND('',#3451,.T.);
#3451 = EDGE_LOOP('',(#3452,#3460,#3461,#3469));
#3452 = ORIENTED_EDGE('',*,*,#3453,.F.);
#3453 = EDGE_CURVE('',#2302,#3454,#3456,.T.);
#3454 = VERTEX_POINT('',#3455);
#3455 = CARTESIAN_POINT('',(0.16,-0.16,8.54));
#3456 = LINE('',#3457,#3458);
#3457 = CARTESIAN_POINT('',(0.16,-0.16,8.54));
#3458 = VECTOR('',#3459,1.);
#3459 = DIRECTION('',(-0.57735026919,0.57735026919,0.57735026919));
#3460 = ORIENTED_EDGE('',*,*,#2318,.T.);
#3461 = ORIENTED_EDGE('',*,*,#3462,.T.);
#3462 = EDGE_CURVE('',#2311,#3463,#3465,.T.);
#3463 = VERTEX_POINT('',#3464);
#3464 = CARTESIAN_POINT('',(0.16,0.16,8.54));
#3465 = LINE('',#3466,#3467);
#3466 = CARTESIAN_POINT('',(5.333333333333E-02,5.333333333333E-02,
    8.646666666667));
#3467 = VECTOR('',#3468,1.);
#3468 = DIRECTION('',(-0.57735026919,-0.57735026919,0.57735026919));
#3469 = ORIENTED_EDGE('',*,*,#3470,.F.);
#3470 = EDGE_CURVE('',#3454,#3463,#3471,.T.);
#3471 = LINE('',#3472,#3473);
#3472 = CARTESIAN_POINT('',(0.16,-0.32,8.54));
#3473 = VECTOR('',#3474,1.);
#3474 = DIRECTION('',(0.,1.,0.));
#3475 = PLANE('',#3476);
#3476 = AXIS2_PLACEMENT_3D('',#3477,#3478,#3479);
#3477 = CARTESIAN_POINT('',(0.24,-0.32,8.46));
#3478 = DIRECTION('',(0.707106781187,-1.735167508357E-18,0.707106781187)
  );
#3479 = DIRECTION('',(1.226948711654E-18,1.,1.226948711654E-18));
#3480 = ADVANCED_FACE('',(#3481),#3499,.T.);
#3481 = FACE_BOUND('',#3482,.F.);
#3482 = EDGE_LOOP('',(#3483,#3491,#3492,#3493));
#3483 = ORIENTED_EDGE('',*,*,#3484,.F.);
#3484 = EDGE_CURVE('',#2335,#3485,#3487,.T.);
#3485 = VERTEX_POINT('',#3486);
#3486 = CARTESIAN_POINT('',(-0.16,0.16,8.54));
#3487 = LINE('',#3488,#3489);
#3488 = CARTESIAN_POINT('',(-0.16,0.16,8.54));
#3489 = VECTOR('',#3490,1.);
#3490 = DIRECTION('',(0.57735026919,-0.57735026919,0.57735026919));
#3491 = ORIENTED_EDGE('',*,*,#2342,.T.);
#3492 = ORIENTED_EDGE('',*,*,#3462,.T.);
#3493 = ORIENTED_EDGE('',*,*,#3494,.F.);
#3494 = EDGE_CURVE('',#3485,#3463,#3495,.T.);
#3495 = LINE('',#3496,#3497);
#3496 = CARTESIAN_POINT('',(-0.32,0.16,8.54));
#3497 = VECTOR('',#3498,1.);
#3498 = DIRECTION('',(1.,0.,0.));
#3499 = PLANE('',#3500);
#3500 = AXIS2_PLACEMENT_3D('',#3501,#3502,#3503);
#3501 = CARTESIAN_POINT('',(-0.32,0.24,8.46));
#3502 = DIRECTION('',(1.735167508357E-18,0.707106781187,0.707106781187)
  );
#3503 = DIRECTION('',(-1.,1.226948711654E-18,1.226948711654E-18));
#3504 = ADVANCED_FACE('',(#3505),#3523,.F.);
#3505 = FACE_BOUND('',#3506,.F.);
#3506 = EDGE_LOOP('',(#3507,#3515,#3516,#3517));
#3507 = ORIENTED_EDGE('',*,*,#3508,.F.);
#3508 = EDGE_CURVE('',#2357,#3509,#3511,.T.);
#3509 = VERTEX_POINT('',#3510);
#3510 = CARTESIAN_POINT('',(-0.16,-0.16,8.54));
#3511 = LINE('',#3512,#3513);
#3512 = CARTESIAN_POINT('',(-0.266666666667,-0.266666666667,
    8.433333333333));
#3513 = VECTOR('',#3514,1.);
#3514 = DIRECTION('',(0.57735026919,0.57735026919,0.57735026919));
#3515 = ORIENTED_EDGE('',*,*,#2366,.T.);
#3516 = ORIENTED_EDGE('',*,*,#3484,.T.);
#3517 = ORIENTED_EDGE('',*,*,#3518,.F.);
#3518 = EDGE_CURVE('',#3509,#3485,#3519,.T.);
#3519 = LINE('',#3520,#3521);
#3520 = CARTESIAN_POINT('',(-0.16,-0.32,8.54));
#3521 = VECTOR('',#3522,1.);
#3522 = DIRECTION('',(0.,1.,0.));
#3523 = PLANE('',#3524);
#3524 = AXIS2_PLACEMENT_3D('',#3525,#3526,#3527);
#3525 = CARTESIAN_POINT('',(-0.24,-0.32,8.46));
#3526 = DIRECTION('',(0.707106781187,1.735167508357E-18,-0.707106781187)
  );
#3527 = DIRECTION('',(-1.226948711654E-18,1.,1.226948711654E-18));
#3528 = ADVANCED_FACE('',(#3529),#3540,.F.);
#3529 = FACE_BOUND('',#3530,.T.);
#3530 = EDGE_LOOP('',(#3531,#3532,#3533,#3534));
#3531 = ORIENTED_EDGE('',*,*,#3508,.F.);
#3532 = ORIENTED_EDGE('',*,*,#2383,.T.);
#3533 = ORIENTED_EDGE('',*,*,#3453,.T.);
#3534 = ORIENTED_EDGE('',*,*,#3535,.F.);
#3535 = EDGE_CURVE('',#3509,#3454,#3536,.T.);
#3536 = LINE('',#3537,#3538);
#3537 = CARTESIAN_POINT('',(-0.32,-0.16,8.54));
#3538 = VECTOR('',#3539,1.);
#3539 = DIRECTION('',(1.,0.,0.));
#3540 = PLANE('',#3541);
#3541 = AXIS2_PLACEMENT_3D('',#3542,#3543,#3544);
#3542 = CARTESIAN_POINT('',(-0.32,-0.24,8.46));
#3543 = DIRECTION('',(-1.735167508357E-18,0.707106781187,-0.707106781187
    ));
#3544 = DIRECTION('',(-1.,-1.226948711654E-18,1.226948711654E-18));
#3545 = ADVANCED_FACE('',(#3546),#3571,.T.);
#3546 = FACE_BOUND('',#3547,.T.);
#3547 = EDGE_LOOP('',(#3548,#3556,#3557,#3565));
#3548 = ORIENTED_EDGE('',*,*,#3549,.F.);
#3549 = EDGE_CURVE('',#2398,#3550,#3552,.T.);
#3550 = VERTEX_POINT('',#3551);
#3551 = CARTESIAN_POINT('',(0.16,-5.24,8.54));
#3552 = LINE('',#3553,#3554);
#3553 = CARTESIAN_POINT('',(0.16,-5.24,8.54));
#3554 = VECTOR('',#3555,1.);
#3555 = DIRECTION('',(-0.57735026919,0.57735026919,0.57735026919));
#3556 = ORIENTED_EDGE('',*,*,#2414,.T.);
#3557 = ORIENTED_EDGE('',*,*,#3558,.T.);
#3558 = EDGE_CURVE('',#2407,#3559,#3561,.T.);
#3559 = VERTEX_POINT('',#3560);
#3560 = CARTESIAN_POINT('',(0.16,-4.92,8.54));
#3561 = LINE('',#3562,#3563);
#3562 = CARTESIAN_POINT('',(5.333333333333E-02,-5.026666666667,
    8.646666666667));
#3563 = VECTOR('',#3564,1.);
#3564 = DIRECTION('',(-0.57735026919,-0.57735026919,0.57735026919));
#3565 = ORIENTED_EDGE('',*,*,#3566,.F.);
#3566 = EDGE_CURVE('',#3550,#3559,#3567,.T.);
#3567 = LINE('',#3568,#3569);
#3568 = CARTESIAN_POINT('',(0.16,-5.4,8.54));
#3569 = VECTOR('',#3570,1.);
#3570 = DIRECTION('',(0.,1.,0.));
#3571 = PLANE('',#3572);
#3572 = AXIS2_PLACEMENT_3D('',#3573,#3574,#3575);
#3573 = CARTESIAN_POINT('',(0.24,-5.4,8.46));
#3574 = DIRECTION('',(0.707106781187,-1.735167508357E-18,0.707106781187)
  );
#3575 = DIRECTION('',(1.226948711654E-18,1.,1.226948711654E-18));
#3576 = ADVANCED_FACE('',(#3577),#3595,.T.);
#3577 = FACE_BOUND('',#3578,.F.);
#3578 = EDGE_LOOP('',(#3579,#3587,#3588,#3589));
#3579 = ORIENTED_EDGE('',*,*,#3580,.F.);
#3580 = EDGE_CURVE('',#2431,#3581,#3583,.T.);
#3581 = VERTEX_POINT('',#3582);
#3582 = CARTESIAN_POINT('',(-0.16,-4.92,8.54));
#3583 = LINE('',#3584,#3585);
#3584 = CARTESIAN_POINT('',(-0.16,-4.92,8.54));
#3585 = VECTOR('',#3586,1.);
#3586 = DIRECTION('',(0.57735026919,-0.57735026919,0.57735026919));
#3587 = ORIENTED_EDGE('',*,*,#2438,.T.);
#3588 = ORIENTED_EDGE('',*,*,#3558,.T.);
#3589 = ORIENTED_EDGE('',*,*,#3590,.F.);
#3590 = EDGE_CURVE('',#3581,#3559,#3591,.T.);
#3591 = LINE('',#3592,#3593);
#3592 = CARTESIAN_POINT('',(-0.32,-4.92,8.54));
#3593 = VECTOR('',#3594,1.);
#3594 = DIRECTION('',(1.,0.,0.));
#3595 = PLANE('',#3596);
#3596 = AXIS2_PLACEMENT_3D('',#3597,#3598,#3599);
#3597 = CARTESIAN_POINT('',(-0.32,-4.84,8.46));
#3598 = DIRECTION('',(1.735167508357E-18,0.707106781187,0.707106781187)
  );
#3599 = DIRECTION('',(-1.,1.226948711654E-18,1.226948711654E-18));
#3600 = ADVANCED_FACE('',(#3601),#3619,.F.);
#3601 = FACE_BOUND('',#3602,.F.);
#3602 = EDGE_LOOP('',(#3603,#3611,#3612,#3613));
#3603 = ORIENTED_EDGE('',*,*,#3604,.F.);
#3604 = EDGE_CURVE('',#2453,#3605,#3607,.T.);
#3605 = VERTEX_POINT('',#3606);
#3606 = CARTESIAN_POINT('',(-0.16,-5.24,8.54));
#3607 = LINE('',#3608,#3609);
#3608 = CARTESIAN_POINT('',(-0.266666666667,-5.346666666667,
    8.433333333333));
#3609 = VECTOR('',#3610,1.);
#3610 = DIRECTION('',(0.57735026919,0.57735026919,0.57735026919));
#3611 = ORIENTED_EDGE('',*,*,#2462,.T.);
#3612 = ORIENTED_EDGE('',*,*,#3580,.T.);
#3613 = ORIENTED_EDGE('',*,*,#3614,.F.);
#3614 = EDGE_CURVE('',#3605,#3581,#3615,.T.);
#3615 = LINE('',#3616,#3617);
#3616 = CARTESIAN_POINT('',(-0.16,-5.4,8.54));
#3617 = VECTOR('',#3618,1.);
#3618 = DIRECTION('',(0.,1.,0.));
#3619 = PLANE('',#3620);
#3620 = AXIS2_PLACEMENT_3D('',#3621,#3622,#3623);
#3621 = CARTESIAN_POINT('',(-0.24,-5.4,8.46));
#3622 = DIRECTION('',(0.707106781187,1.735167508357E-18,-0.707106781187)
  );
#3623 = DIRECTION('',(-1.226948711654E-18,1.,1.226948711654E-18));
#3624 = ADVANCED_FACE('',(#3625),#3636,.F.);
#3625 = FACE_BOUND('',#3626,.T.);
#3626 = EDGE_LOOP('',(#3627,#3628,#3629,#3630));
#3627 = ORIENTED_EDGE('',*,*,#3604,.F.);
#3628 = ORIENTED_EDGE('',*,*,#2479,.T.);
#3629 = ORIENTED_EDGE('',*,*,#3549,.T.);
#3630 = ORIENTED_EDGE('',*,*,#3631,.F.);
#3631 = EDGE_CURVE('',#3605,#3550,#3632,.T.);
#3632 = LINE('',#3633,#3634);
#3633 = CARTESIAN_POINT('',(-0.32,-5.24,8.54));
#3634 = VECTOR('',#3635,1.);
#3635 = DIRECTION('',(1.,0.,0.));
#3636 = PLANE('',#3637);
#3637 = AXIS2_PLACEMENT_3D('',#3638,#3639,#3640);
#3638 = CARTESIAN_POINT('',(-0.32,-5.32,8.46));
#3639 = DIRECTION('',(-1.735167508357E-18,0.707106781187,-0.707106781187
    ));
#3640 = DIRECTION('',(-1.,-1.226948711654E-18,1.226948711654E-18));
#3641 = ADVANCED_FACE('',(#3642),#3667,.T.);
#3642 = FACE_BOUND('',#3643,.T.);
#3643 = EDGE_LOOP('',(#3644,#3652,#3653,#3661));
#3644 = ORIENTED_EDGE('',*,*,#3645,.F.);
#3645 = EDGE_CURVE('',#2494,#3646,#3648,.T.);
#3646 = VERTEX_POINT('',#3647);
#3647 = CARTESIAN_POINT('',(0.16,-2.7,8.54));
#3648 = LINE('',#3649,#3650);
#3649 = CARTESIAN_POINT('',(0.16,-2.7,8.54));
#3650 = VECTOR('',#3651,1.);
#3651 = DIRECTION('',(-0.57735026919,0.57735026919,0.57735026919));
#3652 = ORIENTED_EDGE('',*,*,#2510,.T.);
#3653 = ORIENTED_EDGE('',*,*,#3654,.T.);
#3654 = EDGE_CURVE('',#2503,#3655,#3657,.T.);
#3655 = VERTEX_POINT('',#3656);
#3656 = CARTESIAN_POINT('',(0.16,-2.38,8.54));
#3657 = LINE('',#3658,#3659);
#3658 = CARTESIAN_POINT('',(5.333333333333E-02,-2.486666666667,
    8.646666666667));
#3659 = VECTOR('',#3660,1.);
#3660 = DIRECTION('',(-0.57735026919,-0.57735026919,0.57735026919));
#3661 = ORIENTED_EDGE('',*,*,#3662,.F.);
#3662 = EDGE_CURVE('',#3646,#3655,#3663,.T.);
#3663 = LINE('',#3664,#3665);
#3664 = CARTESIAN_POINT('',(0.16,-2.86,8.54));
#3665 = VECTOR('',#3666,1.);
#3666 = DIRECTION('',(0.,1.,0.));
#3667 = PLANE('',#3668);
#3668 = AXIS2_PLACEMENT_3D('',#3669,#3670,#3671);
#3669 = CARTESIAN_POINT('',(0.24,-2.86,8.46));
#3670 = DIRECTION('',(0.707106781187,-1.735167508357E-18,0.707106781187)
  );
#3671 = DIRECTION('',(1.226948711654E-18,1.,1.226948711654E-18));
#3672 = ADVANCED_FACE('',(#3673),#3691,.T.);
#3673 = FACE_BOUND('',#3674,.F.);
#3674 = EDGE_LOOP('',(#3675,#3683,#3684,#3685));
#3675 = ORIENTED_EDGE('',*,*,#3676,.F.);
#3676 = EDGE_CURVE('',#2527,#3677,#3679,.T.);
#3677 = VERTEX_POINT('',#3678);
#3678 = CARTESIAN_POINT('',(-0.16,-2.38,8.54));
#3679 = LINE('',#3680,#3681);
#3680 = CARTESIAN_POINT('',(-0.16,-2.38,8.54));
#3681 = VECTOR('',#3682,1.);
#3682 = DIRECTION('',(0.57735026919,-0.57735026919,0.57735026919));
#3683 = ORIENTED_EDGE('',*,*,#2534,.T.);
#3684 = ORIENTED_EDGE('',*,*,#3654,.T.);
#3685 = ORIENTED_EDGE('',*,*,#3686,.F.);
#3686 = EDGE_CURVE('',#3677,#3655,#3687,.T.);
#3687 = LINE('',#3688,#3689);
#3688 = CARTESIAN_POINT('',(-0.32,-2.38,8.54));
#3689 = VECTOR('',#3690,1.);
#3690 = DIRECTION('',(1.,0.,0.));
#3691 = PLANE('',#3692);
#3692 = AXIS2_PLACEMENT_3D('',#3693,#3694,#3695);
#3693 = CARTESIAN_POINT('',(-0.32,-2.3,8.46));
#3694 = DIRECTION('',(1.735167508357E-18,0.707106781187,0.707106781187)
  );
#3695 = DIRECTION('',(-1.,1.226948711654E-18,1.226948711654E-18));
#3696 = ADVANCED_FACE('',(#3697),#3715,.F.);
#3697 = FACE_BOUND('',#3698,.F.);
#3698 = EDGE_LOOP('',(#3699,#3707,#3708,#3709));
#3699 = ORIENTED_EDGE('',*,*,#3700,.F.);
#3700 = EDGE_CURVE('',#2549,#3701,#3703,.T.);
#3701 = VERTEX_POINT('',#3702);
#3702 = CARTESIAN_POINT('',(-0.16,-2.7,8.54));
#3703 = LINE('',#3704,#3705);
#3704 = CARTESIAN_POINT('',(-0.266666666667,-2.806666666667,
    8.433333333333));
#3705 = VECTOR('',#3706,1.);
#3706 = DIRECTION('',(0.57735026919,0.57735026919,0.57735026919));
#3707 = ORIENTED_EDGE('',*,*,#2558,.T.);
#3708 = ORIENTED_EDGE('',*,*,#3676,.T.);
#3709 = ORIENTED_EDGE('',*,*,#3710,.F.);
#3710 = EDGE_CURVE('',#3701,#3677,#3711,.T.);
#3711 = LINE('',#3712,#3713);
#3712 = CARTESIAN_POINT('',(-0.16,-2.86,8.54));
#3713 = VECTOR('',#3714,1.);
#3714 = DIRECTION('',(0.,1.,0.));
#3715 = PLANE('',#3716);
#3716 = AXIS2_PLACEMENT_3D('',#3717,#3718,#3719);
#3717 = CARTESIAN_POINT('',(-0.24,-2.86,8.46));
#3718 = DIRECTION('',(0.707106781187,1.735167508357E-18,-0.707106781187)
  );
#3719 = DIRECTION('',(-1.226948711654E-18,1.,1.226948711654E-18));
#3720 = ADVANCED_FACE('',(#3721),#3732,.F.);
#3721 = FACE_BOUND('',#3722,.T.);
#3722 = EDGE_LOOP('',(#3723,#3724,#3725,#3726));
#3723 = ORIENTED_EDGE('',*,*,#3700,.F.);
#3724 = ORIENTED_EDGE('',*,*,#2575,.T.);
#3725 = ORIENTED_EDGE('',*,*,#3645,.T.);
#3726 = ORIENTED_EDGE('',*,*,#3727,.F.);
#3727 = EDGE_CURVE('',#3701,#3646,#3728,.T.);
#3728 = LINE('',#3729,#3730);
#3729 = CARTESIAN_POINT('',(-0.32,-2.7,8.54));
#3730 = VECTOR('',#3731,1.);
#3731 = DIRECTION('',(1.,0.,0.));
#3732 = PLANE('',#3733);
#3733 = AXIS2_PLACEMENT_3D('',#3734,#3735,#3736);
#3734 = CARTESIAN_POINT('',(-0.32,-2.78,8.46));
#3735 = DIRECTION('',(-1.735167508357E-18,0.707106781187,-0.707106781187
    ));
#3736 = DIRECTION('',(-1.,-1.226948711654E-18,1.226948711654E-18));
#3737 = ADVANCED_FACE('',(#3738),#3763,.F.);
#3738 = FACE_BOUND('',#3739,.T.);
#3739 = EDGE_LOOP('',(#3740,#3748,#3749,#3757));
#3740 = ORIENTED_EDGE('',*,*,#3741,.F.);
#3741 = EDGE_CURVE('',#2599,#3742,#3744,.T.);
#3742 = VERTEX_POINT('',#3743);
#3743 = CARTESIAN_POINT('',(-0.16,-12.86,8.54));
#3744 = LINE('',#3745,#3746);
#3745 = CARTESIAN_POINT('',(-0.266666666667,-12.96666666666,
    8.433333333333));
#3746 = VECTOR('',#3747,1.);
#3747 = DIRECTION('',(0.57735026919,0.57735026919,0.57735026919));
#3748 = ORIENTED_EDGE('',*,*,#2606,.T.);
#3749 = ORIENTED_EDGE('',*,*,#3750,.T.);
#3750 = EDGE_CURVE('',#2590,#3751,#3753,.T.);
#3751 = VERTEX_POINT('',#3752);
#3752 = CARTESIAN_POINT('',(0.16,-12.86,8.54));
#3753 = LINE('',#3754,#3755);
#3754 = CARTESIAN_POINT('',(0.16,-12.86,8.54));
#3755 = VECTOR('',#3756,1.);
#3756 = DIRECTION('',(-0.57735026919,0.57735026919,0.57735026919));
#3757 = ORIENTED_EDGE('',*,*,#3758,.F.);
#3758 = EDGE_CURVE('',#3742,#3751,#3759,.T.);
#3759 = LINE('',#3760,#3761);
#3760 = CARTESIAN_POINT('',(-0.32,-12.86,8.54));
#3761 = VECTOR('',#3762,1.);
#3762 = DIRECTION('',(1.,0.,0.));
#3763 = PLANE('',#3764);
#3764 = AXIS2_PLACEMENT_3D('',#3765,#3766,#3767);
#3765 = CARTESIAN_POINT('',(-0.32,-12.94,8.46));
#3766 = DIRECTION('',(-1.735167508357E-18,0.707106781187,-0.707106781187
    ));
#3767 = DIRECTION('',(-1.,-1.226948711654E-18,1.226948711654E-18));
#3768 = ADVANCED_FACE('',(#3769),#3787,.T.);
#3769 = FACE_BOUND('',#3770,.T.);
#3770 = EDGE_LOOP('',(#3771,#3772,#3773,#3781));
#3771 = ORIENTED_EDGE('',*,*,#3750,.F.);
#3772 = ORIENTED_EDGE('',*,*,#2630,.T.);
#3773 = ORIENTED_EDGE('',*,*,#3774,.T.);
#3774 = EDGE_CURVE('',#2623,#3775,#3777,.T.);
#3775 = VERTEX_POINT('',#3776);
#3776 = CARTESIAN_POINT('',(0.16,-12.54,8.54));
#3777 = LINE('',#3778,#3779);
#3778 = CARTESIAN_POINT('',(5.333333333333E-02,-12.64666666666,
    8.646666666667));
#3779 = VECTOR('',#3780,1.);
#3780 = DIRECTION('',(-0.57735026919,-0.57735026919,0.57735026919));
#3781 = ORIENTED_EDGE('',*,*,#3782,.F.);
#3782 = EDGE_CURVE('',#3751,#3775,#3783,.T.);
#3783 = LINE('',#3784,#3785);
#3784 = CARTESIAN_POINT('',(0.16,-13.02,8.54));
#3785 = VECTOR('',#3786,1.);
#3786 = DIRECTION('',(0.,1.,0.));
#3787 = PLANE('',#3788);
#3788 = AXIS2_PLACEMENT_3D('',#3789,#3790,#3791);
#3789 = CARTESIAN_POINT('',(0.24,-13.02,8.46));
#3790 = DIRECTION('',(0.707106781187,-1.735167508357E-18,0.707106781187)
  );
#3791 = DIRECTION('',(1.226948711654E-18,1.,1.226948711654E-18));
#3792 = ADVANCED_FACE('',(#3793),#3811,.T.);
#3793 = FACE_BOUND('',#3794,.F.);
#3794 = EDGE_LOOP('',(#3795,#3803,#3804,#3805));
#3795 = ORIENTED_EDGE('',*,*,#3796,.F.);
#3796 = EDGE_CURVE('',#2647,#3797,#3799,.T.);
#3797 = VERTEX_POINT('',#3798);
#3798 = CARTESIAN_POINT('',(-0.16,-12.54,8.54));
#3799 = LINE('',#3800,#3801);
#3800 = CARTESIAN_POINT('',(-0.16,-12.54,8.54));
#3801 = VECTOR('',#3802,1.);
#3802 = DIRECTION('',(0.57735026919,-0.57735026919,0.57735026919));
#3803 = ORIENTED_EDGE('',*,*,#2654,.T.);
#3804 = ORIENTED_EDGE('',*,*,#3774,.T.);
#3805 = ORIENTED_EDGE('',*,*,#3806,.F.);
#3806 = EDGE_CURVE('',#3797,#3775,#3807,.T.);
#3807 = LINE('',#3808,#3809);
#3808 = CARTESIAN_POINT('',(-0.32,-12.54,8.54));
#3809 = VECTOR('',#3810,1.);
#3810 = DIRECTION('',(1.,0.,0.));
#3811 = PLANE('',#3812);
#3812 = AXIS2_PLACEMENT_3D('',#3813,#3814,#3815);
#3813 = CARTESIAN_POINT('',(-0.32,-12.46,8.46));
#3814 = DIRECTION('',(1.735167508357E-18,0.707106781187,0.707106781187)
  );
#3815 = DIRECTION('',(-1.,1.226948711654E-18,1.226948711654E-18));
#3816 = ADVANCED_FACE('',(#3817),#3828,.F.);
#3817 = FACE_BOUND('',#3818,.F.);
#3818 = EDGE_LOOP('',(#3819,#3820,#3821,#3822));
#3819 = ORIENTED_EDGE('',*,*,#3741,.F.);
#3820 = ORIENTED_EDGE('',*,*,#2671,.T.);
#3821 = ORIENTED_EDGE('',*,*,#3796,.T.);
#3822 = ORIENTED_EDGE('',*,*,#3823,.F.);
#3823 = EDGE_CURVE('',#3742,#3797,#3824,.T.);
#3824 = LINE('',#3825,#3826);
#3825 = CARTESIAN_POINT('',(-0.16,-13.02,8.54));
#3826 = VECTOR('',#3827,1.);
#3827 = DIRECTION('',(0.,1.,0.));
#3828 = PLANE('',#3829);
#3829 = AXIS2_PLACEMENT_3D('',#3830,#3831,#3832);
#3830 = CARTESIAN_POINT('',(-0.24,-13.02,8.46));
#3831 = DIRECTION('',(0.707106781187,1.735167508357E-18,-0.707106781187)
  );
#3832 = DIRECTION('',(-1.226948711654E-18,1.,1.226948711654E-18));
#3833 = ADVANCED_FACE('',(#3834),#3859,.T.);
#3834 = FACE_BOUND('',#3835,.F.);
#3835 = EDGE_LOOP('',(#3836,#3844,#3845,#3853));
#3836 = ORIENTED_EDGE('',*,*,#3837,.F.);
#3837 = EDGE_CURVE('',#2695,#3838,#3840,.T.);
#3838 = VERTEX_POINT('',#3839);
#3839 = CARTESIAN_POINT('',(-0.16,-10.,8.54));
#3840 = LINE('',#3841,#3842);
#3841 = CARTESIAN_POINT('',(-0.16,-10.,8.54));
#3842 = VECTOR('',#3843,1.);
#3843 = DIRECTION('',(0.57735026919,-0.57735026919,0.57735026919));
#3844 = ORIENTED_EDGE('',*,*,#2702,.T.);
#3845 = ORIENTED_EDGE('',*,*,#3846,.T.);
#3846 = EDGE_CURVE('',#2686,#3847,#3849,.T.);
#3847 = VERTEX_POINT('',#3848);
#3848 = CARTESIAN_POINT('',(0.16,-10.,8.54));
#3849 = LINE('',#3850,#3851);
#3850 = CARTESIAN_POINT('',(5.333333333333E-02,-10.10666666666,
    8.646666666667));
#3851 = VECTOR('',#3852,1.);
#3852 = DIRECTION('',(-0.57735026919,-0.57735026919,0.57735026919));
#3853 = ORIENTED_EDGE('',*,*,#3854,.F.);
#3854 = EDGE_CURVE('',#3838,#3847,#3855,.T.);
#3855 = LINE('',#3856,#3857);
#3856 = CARTESIAN_POINT('',(-0.32,-10.,8.54));
#3857 = VECTOR('',#3858,1.);
#3858 = DIRECTION('',(1.,0.,0.));
#3859 = PLANE('',#3860);
#3860 = AXIS2_PLACEMENT_3D('',#3861,#3862,#3863);
#3861 = CARTESIAN_POINT('',(-0.32,-9.92,8.46));
#3862 = DIRECTION('',(1.735167508357E-18,0.707106781187,0.707106781187)
  );
#3863 = DIRECTION('',(-1.,1.226948711654E-18,1.226948711654E-18));
#3864 = ADVANCED_FACE('',(#3865),#3883,.F.);
#3865 = FACE_BOUND('',#3866,.F.);
#3866 = EDGE_LOOP('',(#3867,#3875,#3876,#3877));
#3867 = ORIENTED_EDGE('',*,*,#3868,.F.);
#3868 = EDGE_CURVE('',#2717,#3869,#3871,.T.);
#3869 = VERTEX_POINT('',#3870);
#3870 = CARTESIAN_POINT('',(-0.16,-10.32,8.54));
#3871 = LINE('',#3872,#3873);
#3872 = CARTESIAN_POINT('',(-0.266666666667,-10.42666666666,
    8.433333333333));
#3873 = VECTOR('',#3874,1.);
#3874 = DIRECTION('',(0.57735026919,0.57735026919,0.57735026919));
#3875 = ORIENTED_EDGE('',*,*,#2726,.T.);
#3876 = ORIENTED_EDGE('',*,*,#3837,.T.);
#3877 = ORIENTED_EDGE('',*,*,#3878,.F.);
#3878 = EDGE_CURVE('',#3869,#3838,#3879,.T.);
#3879 = LINE('',#3880,#3881);
#3880 = CARTESIAN_POINT('',(-0.16,-10.48,8.54));
#3881 = VECTOR('',#3882,1.);
#3882 = DIRECTION('',(0.,1.,0.));
#3883 = PLANE('',#3884);
#3884 = AXIS2_PLACEMENT_3D('',#3885,#3886,#3887);
#3885 = CARTESIAN_POINT('',(-0.24,-10.48,8.46));
#3886 = DIRECTION('',(0.707106781187,1.735167508357E-18,-0.707106781187)
  );
#3887 = DIRECTION('',(-1.226948711654E-18,1.,1.226948711654E-18));
#3888 = ADVANCED_FACE('',(#3889),#3907,.F.);
#3889 = FACE_BOUND('',#3890,.T.);
#3890 = EDGE_LOOP('',(#3891,#3892,#3893,#3901));
#3891 = ORIENTED_EDGE('',*,*,#3868,.F.);
#3892 = ORIENTED_EDGE('',*,*,#2750,.T.);
#3893 = ORIENTED_EDGE('',*,*,#3894,.T.);
#3894 = EDGE_CURVE('',#2741,#3895,#3897,.T.);
#3895 = VERTEX_POINT('',#3896);
#3896 = CARTESIAN_POINT('',(0.16,-10.32,8.54));
#3897 = LINE('',#3898,#3899);
#3898 = CARTESIAN_POINT('',(0.16,-10.32,8.54));
#3899 = VECTOR('',#3900,1.);
#3900 = DIRECTION('',(-0.57735026919,0.57735026919,0.57735026919));
#3901 = ORIENTED_EDGE('',*,*,#3902,.F.);
#3902 = EDGE_CURVE('',#3869,#3895,#3903,.T.);
#3903 = LINE('',#3904,#3905);
#3904 = CARTESIAN_POINT('',(-0.32,-10.32,8.54));
#3905 = VECTOR('',#3906,1.);
#3906 = DIRECTION('',(1.,0.,0.));
#3907 = PLANE('',#3908);
#3908 = AXIS2_PLACEMENT_3D('',#3909,#3910,#3911);
#3909 = CARTESIAN_POINT('',(-0.32,-10.4,8.46));
#3910 = DIRECTION('',(-1.735167508357E-18,0.707106781187,-0.707106781187
    ));
#3911 = DIRECTION('',(-1.,-1.226948711654E-18,1.226948711654E-18));
#3912 = ADVANCED_FACE('',(#3913),#3924,.T.);
#3913 = FACE_BOUND('',#3914,.T.);
#3914 = EDGE_LOOP('',(#3915,#3916,#3917,#3918));
#3915 = ORIENTED_EDGE('',*,*,#3894,.F.);
#3916 = ORIENTED_EDGE('',*,*,#2767,.T.);
#3917 = ORIENTED_EDGE('',*,*,#3846,.T.);
#3918 = ORIENTED_EDGE('',*,*,#3919,.F.);
#3919 = EDGE_CURVE('',#3895,#3847,#3920,.T.);
#3920 = LINE('',#3921,#3922);
#3921 = CARTESIAN_POINT('',(0.16,-10.48,8.54));
#3922 = VECTOR('',#3923,1.);
#3923 = DIRECTION('',(0.,1.,0.));
#3924 = PLANE('',#3925);
#3925 = AXIS2_PLACEMENT_3D('',#3926,#3927,#3928);
#3926 = CARTESIAN_POINT('',(0.24,-10.48,8.46));
#3927 = DIRECTION('',(0.707106781187,-1.735167508357E-18,0.707106781187)
  );
#3928 = DIRECTION('',(1.226948711654E-18,1.,1.226948711654E-18));
#3929 = ADVANCED_FACE('',(#3930),#3955,.F.);
#3930 = FACE_BOUND('',#3931,.T.);
#3931 = EDGE_LOOP('',(#3932,#3940,#3941,#3949));
#3932 = ORIENTED_EDGE('',*,*,#3933,.F.);
#3933 = EDGE_CURVE('',#2791,#3934,#3936,.T.);
#3934 = VERTEX_POINT('',#3935);
#3935 = CARTESIAN_POINT('',(-0.16,-7.78,8.54));
#3936 = LINE('',#3937,#3938);
#3937 = CARTESIAN_POINT('',(-0.266666666667,-7.886666666667,
    8.433333333333));
#3938 = VECTOR('',#3939,1.);
#3939 = DIRECTION('',(0.57735026919,0.57735026919,0.57735026919));
#3940 = ORIENTED_EDGE('',*,*,#2798,.T.);
#3941 = ORIENTED_EDGE('',*,*,#3942,.T.);
#3942 = EDGE_CURVE('',#2782,#3943,#3945,.T.);
#3943 = VERTEX_POINT('',#3944);
#3944 = CARTESIAN_POINT('',(0.16,-7.78,8.54));
#3945 = LINE('',#3946,#3947);
#3946 = CARTESIAN_POINT('',(0.16,-7.78,8.54));
#3947 = VECTOR('',#3948,1.);
#3948 = DIRECTION('',(-0.57735026919,0.57735026919,0.57735026919));
#3949 = ORIENTED_EDGE('',*,*,#3950,.F.);
#3950 = EDGE_CURVE('',#3934,#3943,#3951,.T.);
#3951 = LINE('',#3952,#3953);
#3952 = CARTESIAN_POINT('',(-0.32,-7.78,8.54));
#3953 = VECTOR('',#3954,1.);
#3954 = DIRECTION('',(1.,0.,0.));
#3955 = PLANE('',#3956);
#3956 = AXIS2_PLACEMENT_3D('',#3957,#3958,#3959);
#3957 = CARTESIAN_POINT('',(-0.32,-7.86,8.46));
#3958 = DIRECTION('',(-1.735167508357E-18,0.707106781187,-0.707106781187
    ));
#3959 = DIRECTION('',(-1.,-1.226948711654E-18,1.226948711654E-18));
#3960 = ADVANCED_FACE('',(#3961),#3979,.T.);
#3961 = FACE_BOUND('',#3962,.T.);
#3962 = EDGE_LOOP('',(#3963,#3964,#3965,#3973));
#3963 = ORIENTED_EDGE('',*,*,#3942,.F.);
#3964 = ORIENTED_EDGE('',*,*,#2822,.T.);
#3965 = ORIENTED_EDGE('',*,*,#3966,.T.);
#3966 = EDGE_CURVE('',#2815,#3967,#3969,.T.);
#3967 = VERTEX_POINT('',#3968);
#3968 = CARTESIAN_POINT('',(0.16,-7.46,8.54));
#3969 = LINE('',#3970,#3971);
#3970 = CARTESIAN_POINT('',(5.333333333333E-02,-7.566666666667,
    8.646666666667));
#3971 = VECTOR('',#3972,1.);
#3972 = DIRECTION('',(-0.57735026919,-0.57735026919,0.57735026919));
#3973 = ORIENTED_EDGE('',*,*,#3974,.F.);
#3974 = EDGE_CURVE('',#3943,#3967,#3975,.T.);
#3975 = LINE('',#3976,#3977);
#3976 = CARTESIAN_POINT('',(0.16,-7.94,8.54));
#3977 = VECTOR('',#3978,1.);
#3978 = DIRECTION('',(0.,1.,0.));
#3979 = PLANE('',#3980);
#3980 = AXIS2_PLACEMENT_3D('',#3981,#3982,#3983);
#3981 = CARTESIAN_POINT('',(0.24,-7.94,8.46));
#3982 = DIRECTION('',(0.707106781187,-1.735167508357E-18,0.707106781187)
  );
#3983 = DIRECTION('',(1.226948711654E-18,1.,1.226948711654E-18));
#3984 = ADVANCED_FACE('',(#3985),#4003,.T.);
#3985 = FACE_BOUND('',#3986,.F.);
#3986 = EDGE_LOOP('',(#3987,#3995,#3996,#3997));
#3987 = ORIENTED_EDGE('',*,*,#3988,.F.);
#3988 = EDGE_CURVE('',#2839,#3989,#3991,.T.);
#3989 = VERTEX_POINT('',#3990);
#3990 = CARTESIAN_POINT('',(-0.16,-7.46,8.54));
#3991 = LINE('',#3992,#3993);
#3992 = CARTESIAN_POINT('',(-0.16,-7.46,8.54));
#3993 = VECTOR('',#3994,1.);
#3994 = DIRECTION('',(0.57735026919,-0.57735026919,0.57735026919));
#3995 = ORIENTED_EDGE('',*,*,#2846,.T.);
#3996 = ORIENTED_EDGE('',*,*,#3966,.T.);
#3997 = ORIENTED_EDGE('',*,*,#3998,.F.);
#3998 = EDGE_CURVE('',#3989,#3967,#3999,.T.);
#3999 = LINE('',#4000,#4001);
#4000 = CARTESIAN_POINT('',(-0.32,-7.46,8.54));
#4001 = VECTOR('',#4002,1.);
#4002 = DIRECTION('',(1.,0.,0.));
#4003 = PLANE('',#4004);
#4004 = AXIS2_PLACEMENT_3D('',#4005,#4006,#4007);
#4005 = CARTESIAN_POINT('',(-0.32,-7.38,8.46));
#4006 = DIRECTION('',(1.735167508357E-18,0.707106781187,0.707106781187)
  );
#4007 = DIRECTION('',(-1.,1.226948711654E-18,1.226948711654E-18));
#4008 = ADVANCED_FACE('',(#4009),#4020,.F.);
#4009 = FACE_BOUND('',#4010,.F.);
#4010 = EDGE_LOOP('',(#4011,#4012,#4013,#4014));
#4011 = ORIENTED_EDGE('',*,*,#3933,.F.);
#4012 = ORIENTED_EDGE('',*,*,#2863,.T.);
#4013 = ORIENTED_EDGE('',*,*,#3988,.T.);
#4014 = ORIENTED_EDGE('',*,*,#4015,.F.);
#4015 = EDGE_CURVE('',#3934,#3989,#4016,.T.);
#4016 = LINE('',#4017,#4018);
#4017 = CARTESIAN_POINT('',(-0.16,-7.94,8.54));
#4018 = VECTOR('',#4019,1.);
#4019 = DIRECTION('',(0.,1.,0.));
#4020 = PLANE('',#4021);
#4021 = AXIS2_PLACEMENT_3D('',#4022,#4023,#4024);
#4022 = CARTESIAN_POINT('',(-0.24,-7.94,8.46));
#4023 = DIRECTION('',(0.707106781187,1.735167508357E-18,-0.707106781187)
  );
#4024 = DIRECTION('',(-1.226948711654E-18,1.,1.226948711654E-18));
#4025 = ADVANCED_FACE('',(#4026),#4032,.F.);
#4026 = FACE_BOUND('',#4027,.F.);
#4027 = EDGE_LOOP('',(#4028,#4029,#4030,#4031));
#4028 = ORIENTED_EDGE('',*,*,#2918,.F.);
#4029 = ORIENTED_EDGE('',*,*,#2942,.F.);
#4030 = ORIENTED_EDGE('',*,*,#2959,.T.);
#4031 = ORIENTED_EDGE('',*,*,#2894,.T.);
#4032 = PLANE('',#4033);
#4033 = AXIS2_PLACEMENT_3D('',#4034,#4035,#4036);
#4034 = CARTESIAN_POINT('',(-0.32,-0.32,-3.));
#4035 = DIRECTION('',(0.,0.,1.));
#4036 = DIRECTION('',(1.,0.,-0.));
#4037 = ADVANCED_FACE('',(#4038),#4044,.F.);
#4038 = FACE_BOUND('',#4039,.F.);
#4039 = EDGE_LOOP('',(#4040,#4041,#4042,#4043));
#4040 = ORIENTED_EDGE('',*,*,#3014,.F.);
#4041 = ORIENTED_EDGE('',*,*,#3038,.F.);
#4042 = ORIENTED_EDGE('',*,*,#3055,.T.);
#4043 = ORIENTED_EDGE('',*,*,#2990,.T.);
#4044 = PLANE('',#4045);
#4045 = AXIS2_PLACEMENT_3D('',#4046,#4047,#4048);
#4046 = CARTESIAN_POINT('',(-0.32,-5.4,-3.));
#4047 = DIRECTION('',(0.,0.,1.));
#4048 = DIRECTION('',(1.,0.,-0.));
#4049 = ADVANCED_FACE('',(#4050),#4056,.F.);
#4050 = FACE_BOUND('',#4051,.F.);
#4051 = EDGE_LOOP('',(#4052,#4053,#4054,#4055));
#4052 = ORIENTED_EDGE('',*,*,#3110,.F.);
#4053 = ORIENTED_EDGE('',*,*,#3134,.F.);
#4054 = ORIENTED_EDGE('',*,*,#3151,.T.);
#4055 = ORIENTED_EDGE('',*,*,#3086,.T.);
#4056 = PLANE('',#4057);
#4057 = AXIS2_PLACEMENT_3D('',#4058,#4059,#4060);
#4058 = CARTESIAN_POINT('',(-0.32,-2.86,-3.));
#4059 = DIRECTION('',(0.,0.,1.));
#4060 = DIRECTION('',(1.,0.,-0.));
#4061 = ADVANCED_FACE('',(#4062),#4068,.F.);
#4062 = FACE_BOUND('',#4063,.F.);
#4063 = EDGE_LOOP('',(#4064,#4065,#4066,#4067));
#4064 = ORIENTED_EDGE('',*,*,#3230,.F.);
#4065 = ORIENTED_EDGE('',*,*,#3247,.F.);
#4066 = ORIENTED_EDGE('',*,*,#3182,.T.);
#4067 = ORIENTED_EDGE('',*,*,#3206,.T.);
#4068 = PLANE('',#4069);
#4069 = AXIS2_PLACEMENT_3D('',#4070,#4071,#4072);
#4070 = CARTESIAN_POINT('',(-0.32,-13.02,-3.));
#4071 = DIRECTION('',(0.,0.,1.));
#4072 = DIRECTION('',(1.,0.,-0.));
#4073 = ADVANCED_FACE('',(#4074),#4080,.F.);
#4074 = FACE_BOUND('',#4075,.F.);
#4075 = EDGE_LOOP('',(#4076,#4077,#4078,#4079));
#4076 = ORIENTED_EDGE('',*,*,#3278,.F.);
#4077 = ORIENTED_EDGE('',*,*,#3302,.F.);
#4078 = ORIENTED_EDGE('',*,*,#3326,.T.);
#4079 = ORIENTED_EDGE('',*,*,#3343,.T.);
#4080 = PLANE('',#4081);
#4081 = AXIS2_PLACEMENT_3D('',#4082,#4083,#4084);
#4082 = CARTESIAN_POINT('',(-0.32,-10.48,-3.));
#4083 = DIRECTION('',(0.,0.,1.));
#4084 = DIRECTION('',(1.,0.,-0.));
#4085 = ADVANCED_FACE('',(#4086),#4092,.F.);
#4086 = FACE_BOUND('',#4087,.F.);
#4087 = EDGE_LOOP('',(#4088,#4089,#4090,#4091));
#4088 = ORIENTED_EDGE('',*,*,#3422,.F.);
#4089 = ORIENTED_EDGE('',*,*,#3439,.F.);
#4090 = ORIENTED_EDGE('',*,*,#3374,.T.);
#4091 = ORIENTED_EDGE('',*,*,#3398,.T.);
#4092 = PLANE('',#4093);
#4093 = AXIS2_PLACEMENT_3D('',#4094,#4095,#4096);
#4094 = CARTESIAN_POINT('',(-0.32,-7.94,-3.));
#4095 = DIRECTION('',(0.,0.,1.));
#4096 = DIRECTION('',(1.,0.,-0.));
#4097 = ADVANCED_FACE('',(#4098),#4104,.T.);
#4098 = FACE_BOUND('',#4099,.T.);
#4099 = EDGE_LOOP('',(#4100,#4101,#4102,#4103));
#4100 = ORIENTED_EDGE('',*,*,#3470,.T.);
#4101 = ORIENTED_EDGE('',*,*,#3494,.F.);
#4102 = ORIENTED_EDGE('',*,*,#3518,.F.);
#4103 = ORIENTED_EDGE('',*,*,#3535,.T.);
#4104 = PLANE('',#4105);
#4105 = AXIS2_PLACEMENT_3D('',#4106,#4107,#4108);
#4106 = CARTESIAN_POINT('',(-0.32,-0.32,8.54));
#4107 = DIRECTION('',(0.,0.,1.));
#4108 = DIRECTION('',(1.,0.,-0.));
#4109 = ADVANCED_FACE('',(#4110),#4116,.T.);
#4110 = FACE_BOUND('',#4111,.T.);
#4111 = EDGE_LOOP('',(#4112,#4113,#4114,#4115));
#4112 = ORIENTED_EDGE('',*,*,#3566,.T.);
#4113 = ORIENTED_EDGE('',*,*,#3590,.F.);
#4114 = ORIENTED_EDGE('',*,*,#3614,.F.);
#4115 = ORIENTED_EDGE('',*,*,#3631,.T.);
#4116 = PLANE('',#4117);
#4117 = AXIS2_PLACEMENT_3D('',#4118,#4119,#4120);
#4118 = CARTESIAN_POINT('',(-0.32,-5.4,8.54));
#4119 = DIRECTION('',(0.,0.,1.));
#4120 = DIRECTION('',(1.,0.,-0.));
#4121 = ADVANCED_FACE('',(#4122),#4128,.T.);
#4122 = FACE_BOUND('',#4123,.T.);
#4123 = EDGE_LOOP('',(#4124,#4125,#4126,#4127));
#4124 = ORIENTED_EDGE('',*,*,#3662,.T.);
#4125 = ORIENTED_EDGE('',*,*,#3686,.F.);
#4126 = ORIENTED_EDGE('',*,*,#3710,.F.);
#4127 = ORIENTED_EDGE('',*,*,#3727,.T.);
#4128 = PLANE('',#4129);
#4129 = AXIS2_PLACEMENT_3D('',#4130,#4131,#4132);
#4130 = CARTESIAN_POINT('',(-0.32,-2.86,8.54));
#4131 = DIRECTION('',(0.,0.,1.));
#4132 = DIRECTION('',(1.,0.,-0.));
#4133 = ADVANCED_FACE('',(#4134),#4140,.T.);
#4134 = FACE_BOUND('',#4135,.T.);
#4135 = EDGE_LOOP('',(#4136,#4137,#4138,#4139));
#4136 = ORIENTED_EDGE('',*,*,#3782,.T.);
#4137 = ORIENTED_EDGE('',*,*,#3806,.F.);
#4138 = ORIENTED_EDGE('',*,*,#3823,.F.);
#4139 = ORIENTED_EDGE('',*,*,#3758,.T.);
#4140 = PLANE('',#4141);
#4141 = AXIS2_PLACEMENT_3D('',#4142,#4143,#4144);
#4142 = CARTESIAN_POINT('',(-0.32,-13.02,8.54));
#4143 = DIRECTION('',(0.,0.,1.));
#4144 = DIRECTION('',(1.,0.,-0.));
#4145 = ADVANCED_FACE('',(#4146),#4152,.T.);
#4146 = FACE_BOUND('',#4147,.T.);
#4147 = EDGE_LOOP('',(#4148,#4149,#4150,#4151));
#4148 = ORIENTED_EDGE('',*,*,#3919,.T.);
#4149 = ORIENTED_EDGE('',*,*,#3854,.F.);
#4150 = ORIENTED_EDGE('',*,*,#3878,.F.);
#4151 = ORIENTED_EDGE('',*,*,#3902,.T.);
#4152 = PLANE('',#4153);
#4153 = AXIS2_PLACEMENT_3D('',#4154,#4155,#4156);
#4154 = CARTESIAN_POINT('',(-0.32,-10.48,8.54));
#4155 = DIRECTION('',(0.,0.,1.));
#4156 = DIRECTION('',(1.,0.,-0.));
#4157 = ADVANCED_FACE('',(#4158),#4164,.T.);
#4158 = FACE_BOUND('',#4159,.T.);
#4159 = EDGE_LOOP('',(#4160,#4161,#4162,#4163));
#4160 = ORIENTED_EDGE('',*,*,#3974,.T.);
#4161 = ORIENTED_EDGE('',*,*,#3998,.F.);
#4162 = ORIENTED_EDGE('',*,*,#4015,.F.);
#4163 = ORIENTED_EDGE('',*,*,#3950,.T.);
#4164 = PLANE('',#4165);
#4165 = AXIS2_PLACEMENT_3D('',#4166,#4167,#4168);
#4166 = CARTESIAN_POINT('',(-0.32,-7.94,8.54));
#4167 = DIRECTION('',(0.,0.,1.));
#4168 = DIRECTION('',(1.,0.,-0.));
#4169 = ( GEOMETRIC_REPRESENTATION_CONTEXT(3) 
GLOBAL_UNCERTAINTY_ASSIGNED_CONTEXT((#4173)) 
GLOBAL_UNIT_ASSIGNED_CONTEXT((#4170,#4171,#4172)) REPRESENTATION_CONTEXT
('Context #1','3D Context with UNIT and UNCERTAINTY') );
#4170 = ( LENGTH_UNIT() NAMED_UNIT(*) SI_UNIT(.MILLI.,.METRE.) );
#4171 = ( NAMED_UNIT(*) PLANE_ANGLE_UNIT() SI_UNIT($,.RADIAN.) );
#4172 = ( NAMED_UNIT(*) SI_UNIT($,.STERADIAN.) SOLID_ANGLE_UNIT() );
#4173 = UNCERTAINTY_MEASURE_WITH_UNIT(LENGTH_MEASURE(1.E-07),#4170,
  'distance_accuracy_value','confusion accuracy');
#4174 = CONTEXT_DEPENDENT_SHAPE_REPRESENTATION(#4175,#4177);
#4175 = ( REPRESENTATION_RELATIONSHIP('','',#40,#10) 
REPRESENTATION_RELATIONSHIP_WITH_TRANSFORMATION(#4176) 
SHAPE_REPRESENTATION_RELATIONSHIP() );
#4176 = ITEM_DEFINED_TRANSFORMATION('','',#11,#15);
#4177 = PRODUCT_DEFINITION_SHAPE('Placement','Placement of an item',
  #4178);
#4178 = NEXT_ASSEMBLY_USAGE_OCCURRENCE('1','REF**','',#5,#35,$);
#4179 = PRODUCT_RELATED_PRODUCT_CATEGORY('part',$,(#37));
#4180 = SHAPE_DEFINITION_REPRESENTATION(#4181,#4187);
#4181 = PRODUCT_DEFINITION_SHAPE('','',#4182);
#4182 = PRODUCT_DEFINITION('design','',#4183,#4186);
#4183 = PRODUCT_DEFINITION_FORMATION('','',#4184);
#4184 = PRODUCT('IP5306-LiPoCharger_silkscreen',
  'IP5306-LiPoCharger_silkscreen','',(#4185));
#4185 = PRODUCT_CONTEXT('',#2,'mechanical');
#4186 = PRODUCT_DEFINITION_CONTEXT('part definition',#2,'design');
#4187 = SHAPE_REPRESENTATION('',(#11,#4188,#4266,#4357,#4391,#4466,#4526
    ,#4617,#4708,#7596,#7708,#8064,#8176),#8245);
#4188 = SHELL_BASED_SURFACE_MODEL('',(#4189));
#4189 = OPEN_SHELL('',(#4190));
#4190 = ADVANCED_FACE('',(#4191),#4261,.T.);
#4191 = FACE_BOUND('',#4192,.F.);
#4192 = EDGE_LOOP('',(#4193,#4204,#4212,#4221,#4229,#4238,#4246,#4255));
#4193 = ORIENTED_EDGE('',*,*,#4194,.T.);
#4194 = EDGE_CURVE('',#4195,#4197,#4199,.T.);
#4195 = VERTEX_POINT('',#4196);
#4196 = CARTESIAN_POINT('',(-6.404425,-5.727941,1.585));
#4197 = VERTEX_POINT('',#4198);
#4198 = CARTESIAN_POINT('',(-5.913373,-5.72794,1.585));
#4199 = CIRCLE('',#4200,0.423541310992);
#4200 = AXIS2_PLACEMENT_3D('',#4201,#4202,#4203);
#4201 = CARTESIAN_POINT('',(-6.158898297193,-6.073055300378,1.585));
#4202 = DIRECTION('',(0.,0.,-1.));
#4203 = DIRECTION('',(-0.579699539183,0.814830316244,0.));
#4204 = ORIENTED_EDGE('',*,*,#4205,.T.);
#4205 = EDGE_CURVE('',#4197,#4206,#4208,.T.);
#4206 = VERTEX_POINT('',#4207);
#4207 = CARTESIAN_POINT('',(-5.792052,-5.849261,1.585));
#4208 = LINE('',#4209,#4210);
#4209 = CARTESIAN_POINT('',(-5.913373,-5.72794,1.585));
#4210 = VECTOR('',#4211,1.);
#4211 = DIRECTION('',(0.707106781187,-0.707106781187,0.));
#4212 = ORIENTED_EDGE('',*,*,#4213,.T.);
#4213 = EDGE_CURVE('',#4206,#4214,#4216,.T.);
#4214 = VERTEX_POINT('',#4215);
#4215 = CARTESIAN_POINT('',(-5.792052,-6.889868,1.585));
#4216 = CIRCLE('',#4217,1.602860824225);
#4217 = AXIS2_PLACEMENT_3D('',#4218,#4219,#4220);
#4218 = CARTESIAN_POINT('',(-7.308115023004,-6.3695645,1.585));
#4219 = DIRECTION('',(0.,0.,-1.));
#4220 = DIRECTION('',(0.945848198478,0.324609281191,0.));
#4221 = ORIENTED_EDGE('',*,*,#4222,.T.);
#4222 = EDGE_CURVE('',#4214,#4223,#4225,.T.);
#4223 = VERTEX_POINT('',#4224);
#4224 = CARTESIAN_POINT('',(-5.913373,-7.011189,1.585));
#4225 = LINE('',#4226,#4227);
#4226 = CARTESIAN_POINT('',(-5.792052,-6.889868,1.585));
#4227 = VECTOR('',#4228,1.);
#4228 = DIRECTION('',(-0.707106781187,-0.707106781187,0.));
#4229 = ORIENTED_EDGE('',*,*,#4230,.T.);
#4230 = EDGE_CURVE('',#4223,#4231,#4233,.T.);
#4231 = VERTEX_POINT('',#4232);
#4232 = CARTESIAN_POINT('',(-6.404425,-7.011188,1.585));
#4233 = CIRCLE('',#4234,0.423535678976);
#4234 = AXIS2_PLACEMENT_3D('',#4235,#4236,#4237);
#4235 = CARTESIAN_POINT('',(-6.158898297207,-6.666080611523,1.585));
#4236 = DIRECTION('',(-0.,0.,-1.));
#4237 = DIRECTION('',(0.579703929078,-0.814827193098,-0.));
#4238 = ORIENTED_EDGE('',*,*,#4239,.T.);
#4239 = EDGE_CURVE('',#4231,#4240,#4242,.T.);
#4240 = VERTEX_POINT('',#4241);
#4241 = CARTESIAN_POINT('',(-6.525746,-6.889867,1.585));
#4242 = LINE('',#4243,#4244);
#4243 = CARTESIAN_POINT('',(-6.404425,-7.011188,1.585));
#4244 = VECTOR('',#4245,1.);
#4245 = DIRECTION('',(-0.707106781187,0.707106781187,0.));
#4246 = ORIENTED_EDGE('',*,*,#4247,.T.);
#4247 = EDGE_CURVE('',#4240,#4248,#4250,.T.);
#4248 = VERTEX_POINT('',#4249);
#4249 = CARTESIAN_POINT('',(-6.525746,-5.849262,1.585));
#4250 = CIRCLE('',#4251,1.602882848571);
#4251 = AXIS2_PLACEMENT_3D('',#4252,#4253,#4254);
#4252 = CARTESIAN_POINT('',(-5.00965934854,-6.3695645,1.585));
#4253 = DIRECTION('',(0.,0.,-1.));
#4254 = DIRECTION('',(-0.945849943314,-0.324604197034,-0.));
#4255 = ORIENTED_EDGE('',*,*,#4256,.T.);
#4256 = EDGE_CURVE('',#4248,#4195,#4257,.T.);
#4257 = LINE('',#4258,#4259);
#4258 = CARTESIAN_POINT('',(-6.525746,-5.849262,1.585));
#4259 = VECTOR('',#4260,1.);
#4260 = DIRECTION('',(0.707106781187,0.707106781187,0.));
#4261 = PLANE('',#4262);
#4262 = AXIS2_PLACEMENT_3D('',#4263,#4264,#4265);
#4263 = CARTESIAN_POINT('',(0.,0.,1.585));
#4264 = DIRECTION('',(0.,0.,1.));
#4265 = DIRECTION('',(1.,0.,-0.));
#4266 = SHELL_BASED_SURFACE_MODEL('',(#4267));
#4267 = OPEN_SHELL('',(#4268));
#4268 = ADVANCED_FACE('',(#4269),#4352,.T.);
#4269 = FACE_BOUND('',#4270,.F.);
#4270 = EDGE_LOOP('',(#4271,#4281,#4289,#4297,#4305,#4314,#4322,#4330,
    #4338,#4346));
#4271 = ORIENTED_EDGE('',*,*,#4272,.T.);
#4272 = EDGE_CURVE('',#4273,#4275,#4277,.T.);
#4273 = VERTEX_POINT('',#4274);
#4274 = CARTESIAN_POINT('',(-4.61128,-4.493655,1.585));
#4275 = VERTEX_POINT('',#4276);
#4276 = CARTESIAN_POINT('',(-4.61128,-3.093655,1.585));
#4277 = LINE('',#4278,#4279);
#4278 = CARTESIAN_POINT('',(-4.61128,-4.493655,1.585));
#4279 = VECTOR('',#4280,1.);
#4280 = DIRECTION('',(0.,1.,0.));
#4281 = ORIENTED_EDGE('',*,*,#4282,.T.);
#4282 = EDGE_CURVE('',#4275,#4283,#4285,.T.);
#4283 = VERTEX_POINT('',#4284);
#4284 = CARTESIAN_POINT('',(-4.346555,-3.093655,1.585));
#4285 = LINE('',#4286,#4287);
#4286 = CARTESIAN_POINT('',(-4.61128,-3.093655,1.585));
#4287 = VECTOR('',#4288,1.);
#4288 = DIRECTION('',(1.,0.,0.));
#4289 = ORIENTED_EDGE('',*,*,#4290,.T.);
#4290 = EDGE_CURVE('',#4283,#4291,#4293,.T.);
#4291 = VERTEX_POINT('',#4292);
#4292 = CARTESIAN_POINT('',(-4.155776,-3.157247,1.585));
#4293 = LINE('',#4294,#4295);
#4294 = CARTESIAN_POINT('',(-4.346555,-3.093655,1.585));
#4295 = VECTOR('',#4296,1.);
#4296 = DIRECTION('',(0.948684789847,-0.316223290592,0.));
#4297 = ORIENTED_EDGE('',*,*,#4298,.T.);
#4298 = EDGE_CURVE('',#4291,#4299,#4301,.T.);
#4299 = VERTEX_POINT('',#4300);
#4300 = CARTESIAN_POINT('',(-4.031562,-3.281461,1.585));
#4301 = LINE('',#4302,#4303);
#4302 = CARTESIAN_POINT('',(-4.155776,-3.157247,1.585));
#4303 = VECTOR('',#4304,1.);
#4304 = DIRECTION('',(0.707106781187,-0.707106781187,0.));
#4305 = ORIENTED_EDGE('',*,*,#4306,.T.);
#4306 = EDGE_CURVE('',#4299,#4307,#4309,.T.);
#4307 = VERTEX_POINT('',#4308);
#4308 = CARTESIAN_POINT('',(-3.896994,-3.89563,1.585));
#4309 = CIRCLE('',#4310,1.000755084507);
#4310 = AXIS2_PLACEMENT_3D('',#4311,#4312,#4313);
#4311 = CARTESIAN_POINT('',(-4.892357963173,-3.791893217785,1.585));
#4312 = DIRECTION('',(0.,0.,-1.));
#4313 = DIRECTION('',(0.860146479892,0.51004708913,0.));
#4314 = ORIENTED_EDGE('',*,*,#4315,.T.);
#4315 = EDGE_CURVE('',#4307,#4316,#4318,.T.);
#4316 = VERTEX_POINT('',#4317);
#4317 = CARTESIAN_POINT('',(-3.967537,-4.177799,1.585));
#4318 = LINE('',#4319,#4320);
#4319 = CARTESIAN_POINT('',(-3.896994,-3.89563,1.585));
#4320 = VECTOR('',#4321,1.);
#4321 = DIRECTION('',(-0.242538051971,-0.970141893408,0.));
#4322 = ORIENTED_EDGE('',*,*,#4323,.T.);
#4323 = EDGE_CURVE('',#4316,#4324,#4326,.T.);
#4324 = VERTEX_POINT('',#4325);
#4325 = CARTESIAN_POINT('',(-4.031562,-4.305848,1.585));
#4326 = LINE('',#4327,#4328);
#4327 = CARTESIAN_POINT('',(-3.967537,-4.177799,1.585));
#4328 = VECTOR('',#4329,1.);
#4329 = DIRECTION('',(-0.447216389509,-0.89442579399,0.));
#4330 = ORIENTED_EDGE('',*,*,#4331,.T.);
#4331 = EDGE_CURVE('',#4324,#4332,#4334,.T.);
#4332 = VERTEX_POINT('',#4333);
#4333 = CARTESIAN_POINT('',(-4.155776,-4.430062,1.585));
#4334 = LINE('',#4335,#4336);
#4335 = CARTESIAN_POINT('',(-4.031562,-4.305848,1.585));
#4336 = VECTOR('',#4337,1.);
#4337 = DIRECTION('',(-0.707106781187,-0.707106781187,0.));
#4338 = ORIENTED_EDGE('',*,*,#4339,.T.);
#4339 = EDGE_CURVE('',#4332,#4340,#4342,.T.);
#4340 = VERTEX_POINT('',#4341);
#4341 = CARTESIAN_POINT('',(-4.346555,-4.493655,1.585));
#4342 = LINE('',#4343,#4344);
#4343 = CARTESIAN_POINT('',(-4.155776,-4.430062,1.585));
#4344 = VECTOR('',#4345,1.);
#4345 = DIRECTION('',(-0.948683298051,-0.316227766017,0.));
#4346 = ORIENTED_EDGE('',*,*,#4347,.T.);
#4347 = EDGE_CURVE('',#4340,#4273,#4348,.T.);
#4348 = LINE('',#4349,#4350);
#4349 = CARTESIAN_POINT('',(-4.346555,-4.493655,1.585));
#4350 = VECTOR('',#4351,1.);
#4351 = DIRECTION('',(-1.,0.,0.));
#4352 = PLANE('',#4353);
#4353 = AXIS2_PLACEMENT_3D('',#4354,#4355,#4356);
#4354 = CARTESIAN_POINT('',(0.,0.,1.585));
#4355 = DIRECTION('',(0.,0.,1.));
#4356 = DIRECTION('',(1.,0.,-0.));
#4357 = SHELL_BASED_SURFACE_MODEL('',(#4358));
#4358 = OPEN_SHELL('',(#4359));
#4359 = ADVANCED_FACE('',(#4360),#4386,.T.);
#4360 = FACE_BOUND('',#4361,.F.);
#4361 = EDGE_LOOP('',(#4362,#4372,#4380));
#4362 = ORIENTED_EDGE('',*,*,#4363,.T.);
#4363 = EDGE_CURVE('',#4364,#4366,#4368,.T.);
#4364 = VERTEX_POINT('',#4365);
#4365 = CARTESIAN_POINT('',(-5.840498,-1.460602,1.585));
#4366 = VERTEX_POINT('',#4367);
#4367 = CARTESIAN_POINT('',(-6.324918,-1.460602,1.585));
#4368 = LINE('',#4369,#4370);
#4369 = CARTESIAN_POINT('',(-5.840498,-1.460602,1.585));
#4370 = VECTOR('',#4371,1.);
#4371 = DIRECTION('',(-1.,0.,0.));
#4372 = ORIENTED_EDGE('',*,*,#4373,.T.);
#4373 = EDGE_CURVE('',#4366,#4374,#4376,.T.);
#4374 = VERTEX_POINT('',#4375);
#4375 = CARTESIAN_POINT('',(-6.082709,-0.733971,1.585));
#4376 = LINE('',#4377,#4378);
#4377 = CARTESIAN_POINT('',(-6.324918,-1.460602,1.585));
#4378 = VECTOR('',#4379,1.);
#4379 = DIRECTION('',(0.316226199306,0.948683820286,0.));
#4380 = ORIENTED_EDGE('',*,*,#4381,.T.);
#4381 = EDGE_CURVE('',#4374,#4364,#4382,.T.);
#4382 = LINE('',#4383,#4384);
#4383 = CARTESIAN_POINT('',(-6.082709,-0.733971,1.585));
#4384 = VECTOR('',#4385,1.);
#4385 = DIRECTION('',(0.316228549371,-0.948683036932,0.));
#4386 = PLANE('',#4387);
#4387 = AXIS2_PLACEMENT_3D('',#4388,#4389,#4390);
#4388 = CARTESIAN_POINT('',(0.,0.,1.585));
#4389 = DIRECTION('',(0.,0.,1.));
#4390 = DIRECTION('',(1.,0.,-0.));
#4391 = SHELL_BASED_SURFACE_MODEL('',(#4392));
#4392 = OPEN_SHELL('',(#4393));
#4393 = ADVANCED_FACE('',(#4394),#4461,.T.);
#4394 = FACE_BOUND('',#4395,.F.);
#4395 = EDGE_LOOP('',(#4396,#4406,#4414,#4422,#4430,#4439,#4447,#4455));
#4396 = ORIENTED_EDGE('',*,*,#4397,.T.);
#4397 = EDGE_CURVE('',#4398,#4400,#4402,.T.);
#4398 = VERTEX_POINT('',#4399);
#4399 = CARTESIAN_POINT('',(-7.88747,-1.917745,1.585));
#4400 = VERTEX_POINT('',#4401);
#4401 = CARTESIAN_POINT('',(-7.88747,-1.27965,1.585));
#4402 = LINE('',#4403,#4404);
#4403 = CARTESIAN_POINT('',(-7.88747,-1.917745,1.585));
#4404 = VECTOR('',#4405,1.);
#4405 = DIRECTION('',(0.,1.,0.));
#4406 = ORIENTED_EDGE('',*,*,#4407,.T.);
#4407 = EDGE_CURVE('',#4400,#4408,#4410,.T.);
#4408 = VERTEX_POINT('',#4409);
#4409 = CARTESIAN_POINT('',(-7.470364,-1.27965,1.585));
#4410 = LINE('',#4411,#4412);
#4411 = CARTESIAN_POINT('',(-7.88747,-1.27965,1.585));
#4412 = VECTOR('',#4413,1.);
#4413 = DIRECTION('',(1.,0.,0.));
#4414 = ORIENTED_EDGE('',*,*,#4415,.T.);
#4415 = EDGE_CURVE('',#4408,#4416,#4418,.T.);
#4416 = VERTEX_POINT('',#4417);
#4417 = CARTESIAN_POINT('',(-7.279584,-1.343242,1.585));
#4418 = LINE('',#4419,#4420);
#4419 = CARTESIAN_POINT('',(-7.470364,-1.27965,1.585));
#4420 = VECTOR('',#4421,1.);
#4421 = DIRECTION('',(0.948685287098,-0.316221798811,0.));
#4422 = ORIENTED_EDGE('',*,*,#4423,.T.);
#4423 = EDGE_CURVE('',#4416,#4424,#4426,.T.);
#4424 = VERTEX_POINT('',#4425);
#4425 = CARTESIAN_POINT('',(-7.231562,-1.391264,1.585));
#4426 = LINE('',#4427,#4428);
#4427 = CARTESIAN_POINT('',(-7.279584,-1.343242,1.585));
#4428 = VECTOR('',#4429,1.);
#4429 = DIRECTION('',(0.707106781187,-0.707106781187,0.));
#4430 = ORIENTED_EDGE('',*,*,#4431,.T.);
#4431 = EDGE_CURVE('',#4424,#4432,#4434,.T.);
#4432 = VERTEX_POINT('',#4433);
#4433 = CARTESIAN_POINT('',(-7.231562,-1.80613,1.585));
#4434 = CIRCLE('',#4435,0.33962643936);
#4435 = AXIS2_PLACEMENT_3D('',#4436,#4437,#4438);
#4436 = CARTESIAN_POINT('',(-7.500481446718,-1.598697,1.585));
#4437 = DIRECTION('',(0.,0.,-1.));
#4438 = DIRECTION('',(0.791809516435,0.610768114494,0.));
#4439 = ORIENTED_EDGE('',*,*,#4440,.T.);
#4440 = EDGE_CURVE('',#4432,#4441,#4443,.T.);
#4441 = VERTEX_POINT('',#4442);
#4442 = CARTESIAN_POINT('',(-7.284801,-1.859369,1.585));
#4443 = LINE('',#4444,#4445);
#4444 = CARTESIAN_POINT('',(-7.231562,-1.80613,1.585));
#4445 = VECTOR('',#4446,1.);
#4446 = DIRECTION('',(-0.707106781187,-0.707106781187,0.));
#4447 = ORIENTED_EDGE('',*,*,#4448,.T.);
#4448 = EDGE_CURVE('',#4441,#4449,#4451,.T.);
#4449 = VERTEX_POINT('',#4450);
#4450 = CARTESIAN_POINT('',(-7.401553,-1.917745,1.585));
#4451 = LINE('',#4452,#4453);
#4452 = CARTESIAN_POINT('',(-7.284801,-1.859369,1.585));
#4453 = VECTOR('',#4454,1.);
#4454 = DIRECTION('',(-0.894427191,-0.4472135955,0.));
#4455 = ORIENTED_EDGE('',*,*,#4456,.T.);
#4456 = EDGE_CURVE('',#4449,#4398,#4457,.T.);
#4457 = LINE('',#4458,#4459);
#4458 = CARTESIAN_POINT('',(-7.401553,-1.917745,1.585));
#4459 = VECTOR('',#4460,1.);
#4460 = DIRECTION('',(-1.,0.,0.));
#4461 = PLANE('',#4462);
#4462 = AXIS2_PLACEMENT_3D('',#4463,#4464,#4465);
#4463 = CARTESIAN_POINT('',(0.,0.,1.585));
#4464 = DIRECTION('',(0.,0.,1.));
#4465 = DIRECTION('',(1.,0.,-0.));
#4466 = SHELL_BASED_SURFACE_MODEL('',(#4467));
#4467 = OPEN_SHELL('',(#4468));
#4468 = ADVANCED_FACE('',(#4469),#4521,.T.);
#4469 = FACE_BOUND('',#4470,.F.);
#4470 = EDGE_LOOP('',(#4471,#4481,#4489,#4498,#4506,#4515));
#4471 = ORIENTED_EDGE('',*,*,#4472,.T.);
#4472 = EDGE_CURVE('',#4473,#4475,#4477,.T.);
#4473 = VERTEX_POINT('',#4474);
#4474 = CARTESIAN_POINT('',(-7.88747,-1.07965,1.585));
#4475 = VERTEX_POINT('',#4476);
#4476 = CARTESIAN_POINT('',(-7.88747,-0.517745,1.585));
#4477 = LINE('',#4478,#4479);
#4478 = CARTESIAN_POINT('',(-7.88747,-1.07965,1.585));
#4479 = VECTOR('',#4480,1.);
#4480 = DIRECTION('',(0.,1.,0.));
#4481 = ORIENTED_EDGE('',*,*,#4482,.T.);
#4482 = EDGE_CURVE('',#4475,#4483,#4485,.T.);
#4483 = VERTEX_POINT('',#4484);
#4484 = CARTESIAN_POINT('',(-7.477744,-0.517745,1.585));
#4485 = LINE('',#4486,#4487);
#4486 = CARTESIAN_POINT('',(-7.88747,-0.517745,1.585));
#4487 = VECTOR('',#4488,1.);
#4488 = DIRECTION('',(1.,0.,0.));
#4489 = ORIENTED_EDGE('',*,*,#4490,.T.);
#4490 = EDGE_CURVE('',#4483,#4491,#4493,.T.);
#4491 = VERTEX_POINT('',#4492);
#4492 = CARTESIAN_POINT('',(-7.249375,-0.746113,1.585));
#4493 = CIRCLE('',#4494,0.321542730886);
#4494 = AXIS2_PLACEMENT_3D('',#4495,#4496,#4497);
#4495 = CARTESIAN_POINT('',(-7.560172448889,-0.828542809837,1.585));
#4496 = DIRECTION('',(0.,0.,-1.));
#4497 = DIRECTION('',(0.256353016166,0.96658322513,0.));
#4498 = ORIENTED_EDGE('',*,*,#4499,.T.);
#4499 = EDGE_CURVE('',#4491,#4500,#4502,.T.);
#4500 = VERTEX_POINT('',#4501);
#4501 = CARTESIAN_POINT('',(-7.249375,-0.851281,1.585));
#4502 = LINE('',#4503,#4504);
#4503 = CARTESIAN_POINT('',(-7.249375,-0.746113,1.585));
#4504 = VECTOR('',#4505,1.);
#4505 = DIRECTION('',(0.,-1.,0.));
#4506 = ORIENTED_EDGE('',*,*,#4507,.T.);
#4507 = EDGE_CURVE('',#4500,#4508,#4510,.T.);
#4508 = VERTEX_POINT('',#4509);
#4509 = CARTESIAN_POINT('',(-7.477745,-1.07965,1.585));
#4510 = CIRCLE('',#4511,0.321542265686);
#4511 = AXIS2_PLACEMENT_3D('',#4512,#4513,#4514);
#4512 = CARTESIAN_POINT('',(-7.560172278118,-0.768852360941,1.585));
#4513 = DIRECTION('',(0.,0.,-1.));
#4514 = DIRECTION('',(0.966582969908,-0.256353978482,0.));
#4515 = ORIENTED_EDGE('',*,*,#4516,.T.);
#4516 = EDGE_CURVE('',#4508,#4473,#4517,.T.);
#4517 = LINE('',#4518,#4519);
#4518 = CARTESIAN_POINT('',(-7.477745,-1.07965,1.585));
#4519 = VECTOR('',#4520,1.);
#4520 = DIRECTION('',(-1.,0.,0.));
#4521 = PLANE('',#4522);
#4522 = AXIS2_PLACEMENT_3D('',#4523,#4524,#4525);
#4523 = CARTESIAN_POINT('',(0.,0.,1.585));
#4524 = DIRECTION('',(0.,0.,1.));
#4525 = DIRECTION('',(1.,0.,-0.));
#4526 = SHELL_BASED_SURFACE_MODEL('',(#4527));
#4527 = OPEN_SHELL('',(#4528));
#4528 = ADVANCED_FACE('',(#4529),#4612,.T.);
#4529 = FACE_BOUND('',#4530,.F.);
#4530 = EDGE_LOOP('',(#4531,#4541,#4549,#4557,#4565,#4574,#4582,#4590,
    #4598,#4606));
#4531 = ORIENTED_EDGE('',*,*,#4532,.T.);
#4532 = EDGE_CURVE('',#4533,#4535,#4537,.T.);
#4533 = VERTEX_POINT('',#4534);
#4534 = CARTESIAN_POINT('',(-4.61128,0.658165,1.585));
#4535 = VERTEX_POINT('',#4536);
#4536 = CARTESIAN_POINT('',(-4.61128,2.058165,1.585));
#4537 = LINE('',#4538,#4539);
#4538 = CARTESIAN_POINT('',(-4.61128,0.658165,1.585));
#4539 = VECTOR('',#4540,1.);
#4540 = DIRECTION('',(0.,1.,0.));
#4541 = ORIENTED_EDGE('',*,*,#4542,.T.);
#4542 = EDGE_CURVE('',#4535,#4543,#4545,.T.);
#4543 = VERTEX_POINT('',#4544);
#4544 = CARTESIAN_POINT('',(-4.346555,2.058165,1.585));
#4545 = LINE('',#4546,#4547);
#4546 = CARTESIAN_POINT('',(-4.61128,2.058165,1.585));
#4547 = VECTOR('',#4548,1.);
#4548 = DIRECTION('',(1.,0.,0.));
#4549 = ORIENTED_EDGE('',*,*,#4550,.T.);
#4550 = EDGE_CURVE('',#4543,#4551,#4553,.T.);
#4551 = VERTEX_POINT('',#4552);
#4552 = CARTESIAN_POINT('',(-4.155776,1.994573,1.585));
#4553 = LINE('',#4554,#4555);
#4554 = CARTESIAN_POINT('',(-4.346555,2.058165,1.585));
#4555 = VECTOR('',#4556,1.);
#4556 = DIRECTION('',(0.948684789847,-0.316223290592,0.));
#4557 = ORIENTED_EDGE('',*,*,#4558,.T.);
#4558 = EDGE_CURVE('',#4551,#4559,#4561,.T.);
#4559 = VERTEX_POINT('',#4560);
#4560 = CARTESIAN_POINT('',(-4.031562,1.870359,1.585));
#4561 = LINE('',#4562,#4563);
#4562 = CARTESIAN_POINT('',(-4.155776,1.994573,1.585));
#4563 = VECTOR('',#4564,1.);
#4564 = DIRECTION('',(0.707106781187,-0.707106781187,0.));
#4565 = ORIENTED_EDGE('',*,*,#4566,.T.);
#4566 = EDGE_CURVE('',#4559,#4567,#4569,.T.);
#4567 = VERTEX_POINT('',#4568);
#4568 = CARTESIAN_POINT('',(-3.896994,1.25619,1.585));
#4569 = CIRCLE('',#4570,1.000755084507);
#4570 = AXIS2_PLACEMENT_3D('',#4571,#4572,#4573);
#4571 = CARTESIAN_POINT('',(-4.892357963173,1.359926782215,1.585));
#4572 = DIRECTION('',(0.,0.,-1.));
#4573 = DIRECTION('',(0.860146479892,0.51004708913,0.));
#4574 = ORIENTED_EDGE('',*,*,#4575,.T.);
#4575 = EDGE_CURVE('',#4567,#4576,#4578,.T.);
#4576 = VERTEX_POINT('',#4577);
#4577 = CARTESIAN_POINT('',(-3.967537,0.974021,1.585));
#4578 = LINE('',#4579,#4580);
#4579 = CARTESIAN_POINT('',(-3.896994,1.25619,1.585));
#4580 = VECTOR('',#4581,1.);
#4581 = DIRECTION('',(-0.242538051971,-0.970141893408,0.));
#4582 = ORIENTED_EDGE('',*,*,#4583,.T.);
#4583 = EDGE_CURVE('',#4576,#4584,#4586,.T.);
#4584 = VERTEX_POINT('',#4585);
#4585 = CARTESIAN_POINT('',(-4.031562,0.845972,1.585));
#4586 = LINE('',#4587,#4588);
#4587 = CARTESIAN_POINT('',(-3.967537,0.974021,1.585));
#4588 = VECTOR('',#4589,1.);
#4589 = DIRECTION('',(-0.447216389509,-0.89442579399,0.));
#4590 = ORIENTED_EDGE('',*,*,#4591,.T.);
#4591 = EDGE_CURVE('',#4584,#4592,#4594,.T.);
#4592 = VERTEX_POINT('',#4593);
#4593 = CARTESIAN_POINT('',(-4.155776,0.721758,1.585));
#4594 = LINE('',#4595,#4596);
#4595 = CARTESIAN_POINT('',(-4.031562,0.845972,1.585));
#4596 = VECTOR('',#4597,1.);
#4597 = DIRECTION('',(-0.707106781187,-0.707106781187,0.));
#4598 = ORIENTED_EDGE('',*,*,#4599,.T.);
#4599 = EDGE_CURVE('',#4592,#4600,#4602,.T.);
#4600 = VERTEX_POINT('',#4601);
#4601 = CARTESIAN_POINT('',(-4.346555,0.658165,1.585));
#4602 = LINE('',#4603,#4604);
#4603 = CARTESIAN_POINT('',(-4.155776,0.721758,1.585));
#4604 = VECTOR('',#4605,1.);
#4605 = DIRECTION('',(-0.948683298051,-0.316227766017,0.));
#4606 = ORIENTED_EDGE('',*,*,#4607,.T.);
#4607 = EDGE_CURVE('',#4600,#4533,#4608,.T.);
#4608 = LINE('',#4609,#4610);
#4609 = CARTESIAN_POINT('',(-4.346555,0.658165,1.585));
#4610 = VECTOR('',#4611,1.);
#4611 = DIRECTION('',(-1.,0.,0.));
#4612 = PLANE('',#4613);
#4613 = AXIS2_PLACEMENT_3D('',#4614,#4615,#4616);
#4614 = CARTESIAN_POINT('',(0.,0.,1.585));
#4615 = DIRECTION('',(0.,0.,1.));
#4616 = DIRECTION('',(1.,0.,-0.));
#4617 = SHELL_BASED_SURFACE_MODEL('',(#4618));
#4618 = OPEN_SHELL('',(#4619));
#4619 = ADVANCED_FACE('',(#4620),#4703,.T.);
#4620 = FACE_BOUND('',#4621,.F.);
#4621 = EDGE_LOOP('',(#4622,#4632,#4640,#4648,#4656,#4665,#4673,#4681,
    #4689,#4697));
#4622 = ORIENTED_EDGE('',*,*,#4623,.T.);
#4623 = EDGE_CURVE('',#4624,#4626,#4628,.T.);
#4624 = VERTEX_POINT('',#4625);
#4625 = CARTESIAN_POINT('',(-4.61128,3.234075,1.585));
#4626 = VERTEX_POINT('',#4627);
#4627 = CARTESIAN_POINT('',(-4.61128,4.634075,1.585));
#4628 = LINE('',#4629,#4630);
#4629 = CARTESIAN_POINT('',(-4.61128,3.234075,1.585));
#4630 = VECTOR('',#4631,1.);
#4631 = DIRECTION('',(0.,1.,0.));
#4632 = ORIENTED_EDGE('',*,*,#4633,.T.);
#4633 = EDGE_CURVE('',#4626,#4634,#4636,.T.);
#4634 = VERTEX_POINT('',#4635);
#4635 = CARTESIAN_POINT('',(-4.346555,4.634075,1.585));
#4636 = LINE('',#4637,#4638);
#4637 = CARTESIAN_POINT('',(-4.61128,4.634075,1.585));
#4638 = VECTOR('',#4639,1.);
#4639 = DIRECTION('',(1.,0.,0.));
#4640 = ORIENTED_EDGE('',*,*,#4641,.T.);
#4641 = EDGE_CURVE('',#4634,#4642,#4644,.T.);
#4642 = VERTEX_POINT('',#4643);
#4643 = CARTESIAN_POINT('',(-4.155776,4.570483,1.585));
#4644 = LINE('',#4645,#4646);
#4645 = CARTESIAN_POINT('',(-4.346555,4.634075,1.585));
#4646 = VECTOR('',#4647,1.);
#4647 = DIRECTION('',(0.948684789847,-0.316223290592,0.));
#4648 = ORIENTED_EDGE('',*,*,#4649,.T.);
#4649 = EDGE_CURVE('',#4642,#4650,#4652,.T.);
#4650 = VERTEX_POINT('',#4651);
#4651 = CARTESIAN_POINT('',(-4.031562,4.446269,1.585));
#4652 = LINE('',#4653,#4654);
#4653 = CARTESIAN_POINT('',(-4.155776,4.570483,1.585));
#4654 = VECTOR('',#4655,1.);
#4655 = DIRECTION('',(0.707106781187,-0.707106781187,0.));
#4656 = ORIENTED_EDGE('',*,*,#4657,.T.);
#4657 = EDGE_CURVE('',#4650,#4658,#4660,.T.);
#4658 = VERTEX_POINT('',#4659);
#4659 = CARTESIAN_POINT('',(-3.896994,3.8321,1.585));
#4660 = CIRCLE('',#4661,1.000755084507);
#4661 = AXIS2_PLACEMENT_3D('',#4662,#4663,#4664);
#4662 = CARTESIAN_POINT('',(-4.892357963173,3.935836782215,1.585));
#4663 = DIRECTION('',(0.,0.,-1.));
#4664 = DIRECTION('',(0.860146479892,0.51004708913,0.));
#4665 = ORIENTED_EDGE('',*,*,#4666,.T.);
#4666 = EDGE_CURVE('',#4658,#4667,#4669,.T.);
#4667 = VERTEX_POINT('',#4668);
#4668 = CARTESIAN_POINT('',(-3.967537,3.549931,1.585));
#4669 = LINE('',#4670,#4671);
#4670 = CARTESIAN_POINT('',(-3.896994,3.8321,1.585));
#4671 = VECTOR('',#4672,1.);
#4672 = DIRECTION('',(-0.242538051971,-0.970141893408,0.));
#4673 = ORIENTED_EDGE('',*,*,#4674,.T.);
#4674 = EDGE_CURVE('',#4667,#4675,#4677,.T.);
#4675 = VERTEX_POINT('',#4676);
#4676 = CARTESIAN_POINT('',(-4.031562,3.421882,1.585));
#4677 = LINE('',#4678,#4679);
#4678 = CARTESIAN_POINT('',(-3.967537,3.549931,1.585));
#4679 = VECTOR('',#4680,1.);
#4680 = DIRECTION('',(-0.447216389509,-0.89442579399,0.));
#4681 = ORIENTED_EDGE('',*,*,#4682,.T.);
#4682 = EDGE_CURVE('',#4675,#4683,#4685,.T.);
#4683 = VERTEX_POINT('',#4684);
#4684 = CARTESIAN_POINT('',(-4.155776,3.297668,1.585));
#4685 = LINE('',#4686,#4687);
#4686 = CARTESIAN_POINT('',(-4.031562,3.421882,1.585));
#4687 = VECTOR('',#4688,1.);
#4688 = DIRECTION('',(-0.707106781187,-0.707106781187,0.));
#4689 = ORIENTED_EDGE('',*,*,#4690,.T.);
#4690 = EDGE_CURVE('',#4683,#4691,#4693,.T.);
#4691 = VERTEX_POINT('',#4692);
#4692 = CARTESIAN_POINT('',(-4.346555,3.234075,1.585));
#4693 = LINE('',#4694,#4695);
#4694 = CARTESIAN_POINT('',(-4.155776,3.297668,1.585));
#4695 = VECTOR('',#4696,1.);
#4696 = DIRECTION('',(-0.948683298051,-0.316227766017,0.));
#4697 = ORIENTED_EDGE('',*,*,#4698,.T.);
#4698 = EDGE_CURVE('',#4691,#4624,#4699,.T.);
#4699 = LINE('',#4700,#4701);
#4700 = CARTESIAN_POINT('',(-4.346555,3.234075,1.585));
#4701 = VECTOR('',#4702,1.);
#4702 = DIRECTION('',(-1.,0.,0.));
#4703 = PLANE('',#4704);
#4704 = AXIS2_PLACEMENT_3D('',#4705,#4706,#4707);
#4705 = CARTESIAN_POINT('',(0.,0.,1.585));
#4706 = DIRECTION('',(0.,0.,1.));
#4707 = DIRECTION('',(1.,0.,-0.));
#4708 = SHELL_BASED_SURFACE_MODEL('',(#4709));
#4709 = OPEN_SHELL('',(#4710));
#4710 = ADVANCED_FACE('',(#4711,#4745,#4939,#5121,#5198,#5267,#5385,
    #5680,#5812,#5920,#6116,#6185,#6254,#6372,#6667,#6799,#6917,#7212,
    #7344,#7462,#7539),#7591,.T.);
#4711 = FACE_BOUND('',#4712,.F.);
#4712 = EDGE_LOOP('',(#4713,#4723,#4731,#4739));
#4713 = ORIENTED_EDGE('',*,*,#4714,.T.);
#4714 = EDGE_CURVE('',#4715,#4717,#4719,.T.);
#4715 = VERTEX_POINT('',#4716);
#4716 = CARTESIAN_POINT('',(-8.493035,-7.447343,1.585));
#4717 = VERTEX_POINT('',#4718);
#4718 = CARTESIAN_POINT('',(-8.493035,7.587519,1.585));
#4719 = LINE('',#4720,#4721);
#4720 = CARTESIAN_POINT('',(-8.493035,-7.447343,1.585));
#4721 = VECTOR('',#4722,1.);
#4722 = DIRECTION('',(0.,1.,0.));
#4723 = ORIENTED_EDGE('',*,*,#4724,.T.);
#4724 = EDGE_CURVE('',#4717,#4725,#4727,.T.);
#4725 = VERTEX_POINT('',#4726);
#4726 = CARTESIAN_POINT('',(-2.30209,7.587519,1.585));
#4727 = LINE('',#4728,#4729);
#4728 = CARTESIAN_POINT('',(-8.493035,7.587519,1.585));
#4729 = VECTOR('',#4730,1.);
#4730 = DIRECTION('',(1.,0.,0.));
#4731 = ORIENTED_EDGE('',*,*,#4732,.T.);
#4732 = EDGE_CURVE('',#4725,#4733,#4735,.T.);
#4733 = VERTEX_POINT('',#4734);
#4734 = CARTESIAN_POINT('',(-2.30209,-7.447343,1.585));
#4735 = LINE('',#4736,#4737);
#4736 = CARTESIAN_POINT('',(-2.30209,7.587519,1.585));
#4737 = VECTOR('',#4738,1.);
#4738 = DIRECTION('',(0.,-1.,0.));
#4739 = ORIENTED_EDGE('',*,*,#4740,.T.);
#4740 = EDGE_CURVE('',#4733,#4715,#4741,.T.);
#4741 = LINE('',#4742,#4743);
#4742 = CARTESIAN_POINT('',(-2.30209,-7.447343,1.585));
#4743 = VECTOR('',#4744,1.);
#4744 = DIRECTION('',(-1.,0.,0.));
#4745 = FACE_BOUND('',#4746,.F.);
#4746 = EDGE_LOOP('',(#4747,#4757,#4765,#4773,#4781,#4789,#4797,#4805,
    #4813,#4821,#4829,#4837,#4845,#4853,#4861,#4869,#4877,#4885,#4893,
    #4901,#4909,#4917,#4925,#4933));
#4747 = ORIENTED_EDGE('',*,*,#4748,.T.);
#4748 = EDGE_CURVE('',#4749,#4751,#4753,.T.);
#4749 = VERTEX_POINT('',#4750);
#4750 = CARTESIAN_POINT('',(-5.801017,-5.561598,1.585));
#4751 = VERTEX_POINT('',#4752);
#4752 = CARTESIAN_POINT('',(-5.980104,-5.473116,1.585));
#4753 = LINE('',#4754,#4755);
#4754 = CARTESIAN_POINT('',(-5.801017,-5.561598,1.585));
#4755 = VECTOR('',#4756,1.);
#4756 = DIRECTION('',(-0.896542714041,0.442957291282,0.));
#4757 = ORIENTED_EDGE('',*,*,#4758,.T.);
#4758 = EDGE_CURVE('',#4751,#4759,#4761,.T.);
#4759 = VERTEX_POINT('',#4760);
#4760 = CARTESIAN_POINT('',(-6.006517,-5.469565,1.585));
#4761 = LINE('',#4762,#4763);
#4762 = CARTESIAN_POINT('',(-5.980104,-5.473116,1.585));
#4763 = VECTOR('',#4764,1.);
#4764 = DIRECTION('',(-0.991083449634,0.133242620287,0.));
#4765 = ORIENTED_EDGE('',*,*,#4766,.T.);
#4766 = EDGE_CURVE('',#4759,#4767,#4769,.T.);
#4767 = VERTEX_POINT('',#4768);
#4768 = CARTESIAN_POINT('',(-6.330788,-5.471486,1.585));
#4769 = LINE('',#4770,#4771);
#4770 = CARTESIAN_POINT('',(-6.006517,-5.469565,1.585));
#4771 = VECTOR('',#4772,1.);
#4772 = DIRECTION('',(-0.999982453234,-5.923953399046E-03,0.));
#4773 = ORIENTED_EDGE('',*,*,#4774,.T.);
#4774 = EDGE_CURVE('',#4767,#4775,#4777,.T.);
#4775 = VERTEX_POINT('',#4776);
#4776 = CARTESIAN_POINT('',(-6.356,-5.480122,1.585));
#4777 = LINE('',#4778,#4779);
#4778 = CARTESIAN_POINT('',(-6.330788,-5.471486,1.585));
#4779 = VECTOR('',#4780,1.);
#4780 = DIRECTION('',(-0.946039317712,-0.32405186212,0.));
#4781 = ORIENTED_EDGE('',*,*,#4782,.T.);
#4782 = EDGE_CURVE('',#4775,#4783,#4785,.T.);
#4783 = VERTEX_POINT('',#4784);
#4784 = CARTESIAN_POINT('',(-6.526702,-5.568749,1.585));
#4785 = LINE('',#4786,#4787);
#4786 = CARTESIAN_POINT('',(-6.356,-5.480122,1.585));
#4787 = VECTOR('',#4788,1.);
#4788 = DIRECTION('',(-0.887510388127,-0.460787707048,0.));
#4789 = ORIENTED_EDGE('',*,*,#4790,.T.);
#4790 = EDGE_CURVE('',#4783,#4791,#4793,.T.);
#4791 = VERTEX_POINT('',#4792);
#4792 = CARTESIAN_POINT('',(-6.699188,-5.742579,1.585));
#4793 = LINE('',#4794,#4795);
#4794 = CARTESIAN_POINT('',(-6.526702,-5.568749,1.585));
#4795 = VECTOR('',#4796,1.);
#4796 = DIRECTION('',(-0.704357302613,-0.709845610155,0.));
#4797 = ORIENTED_EDGE('',*,*,#4798,.T.);
#4798 = EDGE_CURVE('',#4791,#4799,#4801,.T.);
#4799 = VERTEX_POINT('',#4800);
#4800 = CARTESIAN_POINT('',(-6.713055,-5.773882,1.585));
#4801 = LINE('',#4802,#4803);
#4802 = CARTESIAN_POINT('',(-6.699188,-5.742579,1.585));
#4803 = VECTOR('',#4804,1.);
#4804 = DIRECTION('',(-0.405029762217,-0.914303500878,0.));
#4805 = ORIENTED_EDGE('',*,*,#4806,.T.);
#4806 = EDGE_CURVE('',#4799,#4807,#4809,.T.);
#4807 = VERTEX_POINT('',#4808);
#4808 = CARTESIAN_POINT('',(-6.792232,-6.102898,1.585));
#4809 = LINE('',#4810,#4811);
#4810 = CARTESIAN_POINT('',(-6.713055,-5.773882,1.585));
#4811 = VECTOR('',#4812,1.);
#4812 = DIRECTION('',(-0.233968492126,-0.972244179562,0.));
#4813 = ORIENTED_EDGE('',*,*,#4814,.T.);
#4814 = EDGE_CURVE('',#4807,#4815,#4817,.T.);
#4815 = VERTEX_POINT('',#4816);
#4816 = CARTESIAN_POINT('',(-6.789246,-6.660486,1.585));
#4817 = LINE('',#4818,#4819);
#4818 = CARTESIAN_POINT('',(-6.792232,-6.102898,1.585));
#4819 = VECTOR('',#4820,1.);
#4820 = DIRECTION('',(5.35513171783E-03,-0.999985661179,0.));
#4821 = ORIENTED_EDGE('',*,*,#4822,.T.);
#4822 = EDGE_CURVE('',#4815,#4823,#4825,.T.);
#4823 = VERTEX_POINT('',#4824);
#4824 = CARTESIAN_POINT('',(-6.70646,-6.983709,1.585));
#4825 = LINE('',#4826,#4827);
#4826 = CARTESIAN_POINT('',(-6.789246,-6.660486,1.585));
#4827 = VECTOR('',#4828,1.);
#4828 = DIRECTION('',(0.248117484084,-0.968729949001,0.));
#4829 = ORIENTED_EDGE('',*,*,#4830,.T.);
#4830 = EDGE_CURVE('',#4823,#4831,#4833,.T.);
#4831 = VERTEX_POINT('',#4832);
#4832 = CARTESIAN_POINT('',(-6.686752,-7.011705,1.585));
#4833 = LINE('',#4834,#4835);
#4834 = CARTESIAN_POINT('',(-6.70646,-6.983709,1.585));
#4835 = VECTOR('',#4836,1.);
#4836 = DIRECTION('',(0.575632310301,-0.817708654312,0.));
#4837 = ORIENTED_EDGE('',*,*,#4838,.T.);
#4838 = EDGE_CURVE('',#4831,#4839,#4841,.T.);
#4839 = VERTEX_POINT('',#4840);
#4840 = CARTESIAN_POINT('',(-6.516777,-7.177533,1.585));
#4841 = LINE('',#4842,#4843);
#4842 = CARTESIAN_POINT('',(-6.686752,-7.011705,1.585));
#4843 = VECTOR('',#4844,1.);
#4844 = DIRECTION('',(0.715784618023,-0.698321115678,0.));
#4845 = ORIENTED_EDGE('',*,*,#4846,.T.);
#4846 = EDGE_CURVE('',#4839,#4847,#4849,.T.);
#4847 = VERTEX_POINT('',#4848);
#4848 = CARTESIAN_POINT('',(-6.337692,-7.266014,1.585));
#4849 = LINE('',#4850,#4851);
#4850 = CARTESIAN_POINT('',(-6.516777,-7.177533,1.585));
#4851 = VECTOR('',#4852,1.);
#4852 = DIRECTION('',(0.89654273761,-0.442957243579,0.));
#4853 = ORIENTED_EDGE('',*,*,#4854,.T.);
#4854 = EDGE_CURVE('',#4847,#4855,#4857,.T.);
#4855 = VERTEX_POINT('',#4856);
#4856 = CARTESIAN_POINT('',(-6.311279,-7.269565,1.585));
#4857 = LINE('',#4858,#4859);
#4858 = CARTESIAN_POINT('',(-6.337692,-7.266014,1.585));
#4859 = VECTOR('',#4860,1.);
#4860 = DIRECTION('',(0.991083449634,-0.133242620287,0.));
#4861 = ORIENTED_EDGE('',*,*,#4862,.T.);
#4862 = EDGE_CURVE('',#4855,#4863,#4865,.T.);
#4863 = VERTEX_POINT('',#4864);
#4864 = CARTESIAN_POINT('',(-5.987008,-7.267644,1.585));
#4865 = LINE('',#4866,#4867);
#4866 = CARTESIAN_POINT('',(-6.311279,-7.269565,1.585));
#4867 = VECTOR('',#4868,1.);
#4868 = DIRECTION('',(0.999982453234,5.923953399049E-03,0.));
#4869 = ORIENTED_EDGE('',*,*,#4870,.T.);
#4870 = EDGE_CURVE('',#4863,#4871,#4873,.T.);
#4871 = VERTEX_POINT('',#4872);
#4872 = CARTESIAN_POINT('',(-5.961796,-7.259008,1.585));
#4873 = LINE('',#4874,#4875);
#4874 = CARTESIAN_POINT('',(-5.987008,-7.267644,1.585));
#4875 = VECTOR('',#4876,1.);
#4876 = DIRECTION('',(0.946039317712,0.32405186212,0.));
#4877 = ORIENTED_EDGE('',*,*,#4878,.T.);
#4878 = EDGE_CURVE('',#4871,#4879,#4881,.T.);
#4879 = VERTEX_POINT('',#4880);
#4880 = CARTESIAN_POINT('',(-5.791092,-7.170377,1.585));
#4881 = LINE('',#4882,#4883);
#4882 = CARTESIAN_POINT('',(-5.961796,-7.259008,1.585));
#4883 = VECTOR('',#4884,1.);
#4884 = DIRECTION('',(0.887504091099,0.460799835377,0.));
#4885 = ORIENTED_EDGE('',*,*,#4886,.T.);
#4886 = EDGE_CURVE('',#4879,#4887,#4889,.T.);
#4887 = VERTEX_POINT('',#4888);
#4888 = CARTESIAN_POINT('',(-5.618608,-6.996552,1.585));
#4889 = LINE('',#4890,#4891);
#4890 = CARTESIAN_POINT('',(-5.791092,-7.170377,1.585));
#4891 = VECTOR('',#4892,1.);
#4892 = DIRECTION('',(0.704363396051,0.709839563777,0.));
#4893 = ORIENTED_EDGE('',*,*,#4894,.T.);
#4894 = EDGE_CURVE('',#4887,#4895,#4897,.T.);
#4895 = VERTEX_POINT('',#4896);
#4896 = CARTESIAN_POINT('',(-5.604741,-6.965247,1.585));
#4897 = LINE('',#4898,#4899);
#4898 = CARTESIAN_POINT('',(-5.618608,-6.996552,1.585));
#4899 = VECTOR('',#4900,1.);
#4900 = DIRECTION('',(0.405008130509,0.914313083261,0.));
#4901 = ORIENTED_EDGE('',*,*,#4902,.T.);
#4902 = EDGE_CURVE('',#4895,#4903,#4905,.T.);
#4903 = VERTEX_POINT('',#4904);
#4904 = CARTESIAN_POINT('',(-5.525565,-6.636232,1.585));
#4905 = LINE('',#4906,#4907);
#4906 = CARTESIAN_POINT('',(-5.604741,-6.965247,1.585));
#4907 = VECTOR('',#4908,1.);
#4908 = DIRECTION('',(0.233966371061,0.972244689989,0.));
#4909 = ORIENTED_EDGE('',*,*,#4910,.T.);
#4910 = EDGE_CURVE('',#4903,#4911,#4913,.T.);
#4911 = VERTEX_POINT('',#4912);
#4912 = CARTESIAN_POINT('',(-5.528551,-6.078644,1.585));
#4913 = LINE('',#4914,#4915);
#4914 = CARTESIAN_POINT('',(-5.525565,-6.636232,1.585));
#4915 = VECTOR('',#4916,1.);
#4916 = DIRECTION('',(-5.35513171783E-03,0.999985661179,0.));
#4917 = ORIENTED_EDGE('',*,*,#4918,.T.);
#4918 = EDGE_CURVE('',#4911,#4919,#4921,.T.);
#4919 = VERTEX_POINT('',#4920);
#4920 = CARTESIAN_POINT('',(-5.611336,-5.755422,1.585));
#4921 = LINE('',#4922,#4923);
#4922 = CARTESIAN_POINT('',(-5.528551,-6.078644,1.585));
#4923 = VECTOR('',#4924,1.);
#4924 = DIRECTION('',(-0.248115391867,0.968730484871,0.));
#4925 = ORIENTED_EDGE('',*,*,#4926,.T.);
#4926 = EDGE_CURVE('',#4919,#4927,#4929,.T.);
#4927 = VERTEX_POINT('',#4928);
#4928 = CARTESIAN_POINT('',(-5.631045,-5.727425,1.585));
#4929 = LINE('',#4930,#4931);
#4930 = CARTESIAN_POINT('',(-5.611336,-5.755422,1.585));
#4931 = VECTOR('',#4932,1.);
#4932 = DIRECTION('',(-0.575638091725,0.817704584404,0.));
#4933 = ORIENTED_EDGE('',*,*,#4934,.T.);
#4934 = EDGE_CURVE('',#4927,#4749,#4935,.T.);
#4935 = LINE('',#4936,#4937);
#4936 = CARTESIAN_POINT('',(-5.631045,-5.727425,1.585));
#4937 = VECTOR('',#4938,1.);
#4938 = DIRECTION('',(-0.715780562194,0.69832527291,0.));
#4939 = FACE_BOUND('',#4940,.F.);
#4940 = EDGE_LOOP('',(#4941,#4952,#4960,#4968,#4976,#4984,#4992,#5000,
    #5008,#5016,#5024,#5032,#5040,#5048,#5056,#5065,#5073,#5082,#5090,
    #5099,#5107,#5115));
#4941 = ORIENTED_EDGE('',*,*,#4942,.T.);
#4942 = EDGE_CURVE('',#4943,#4945,#4947,.T.);
#4943 = VERTEX_POINT('',#4944);
#4944 = CARTESIAN_POINT('',(-4.884294,-5.486418,1.585));
#4945 = VERTEX_POINT('',#4946);
#4946 = CARTESIAN_POINT('',(-5.03793,-5.550056,1.585));
#4947 = CIRCLE('',#4948,0.100000590676);
#4948 = AXIS2_PLACEMENT_3D('',#4949,#4950,#4951);
#4949 = CARTESIAN_POINT('',(-4.939851,-5.569565687199,1.585));
#4950 = DIRECTION('',(0.,0.,1.));
#4951 = DIRECTION('',(0.555566718399,0.831471960686,-0.));
#4952 = ORIENTED_EDGE('',*,*,#4953,.T.);
#4953 = EDGE_CURVE('',#4945,#4954,#4956,.T.);
#4954 = VERTEX_POINT('',#4955);
#4955 = CARTESIAN_POINT('',(-5.03793,-6.884312,1.585));
#4956 = LINE('',#4957,#4958);
#4957 = CARTESIAN_POINT('',(-5.03793,-5.550056,1.585));
#4958 = VECTOR('',#4959,1.);
#4959 = DIRECTION('',(0.,-1.,0.));
#4960 = ORIENTED_EDGE('',*,*,#4961,.T.);
#4961 = EDGE_CURVE('',#4954,#4962,#4964,.T.);
#4962 = VERTEX_POINT('',#4963);
#4963 = CARTESIAN_POINT('',(-5.029294,-6.909524,1.585));
#4964 = LINE('',#4965,#4966);
#4965 = CARTESIAN_POINT('',(-5.03793,-6.884312,1.585));
#4966 = VECTOR('',#4967,1.);
#4967 = DIRECTION('',(0.32405186212,-0.946039317712,0.));
#4968 = ORIENTED_EDGE('',*,*,#4969,.T.);
#4969 = EDGE_CURVE('',#4962,#4970,#4972,.T.);
#4970 = VERTEX_POINT('',#4971);
#4971 = CARTESIAN_POINT('',(-4.940664,-7.080228,1.585));
#4972 = LINE('',#4973,#4974);
#4973 = CARTESIAN_POINT('',(-5.029294,-6.909524,1.585));
#4974 = VECTOR('',#4975,1.);
#4975 = DIRECTION('',(0.460795740235,-0.88750621732,0.));
#4976 = ORIENTED_EDGE('',*,*,#4977,.T.);
#4977 = EDGE_CURVE('',#4970,#4978,#4980,.T.);
#4978 = VERTEX_POINT('',#4979);
#4979 = CARTESIAN_POINT('',(-4.840587,-7.177533,1.585));
#4980 = LINE('',#4981,#4982);
#4981 = CARTESIAN_POINT('',(-4.940664,-7.080228,1.585));
#4982 = VECTOR('',#4983,1.);
#4983 = DIRECTION('',(0.716966571379,-0.697107549468,0.));
#4984 = ORIENTED_EDGE('',*,*,#4985,.T.);
#4985 = EDGE_CURVE('',#4978,#4986,#4988,.T.);
#4986 = VERTEX_POINT('',#4987);
#4987 = CARTESIAN_POINT('',(-4.661502,-7.266014,1.585));
#4988 = LINE('',#4989,#4990);
#4989 = CARTESIAN_POINT('',(-4.840587,-7.177533,1.585));
#4990 = VECTOR('',#4991,1.);
#4991 = DIRECTION('',(0.89654273761,-0.442957243579,0.));
#4992 = ORIENTED_EDGE('',*,*,#4993,.T.);
#4993 = EDGE_CURVE('',#4986,#4994,#4996,.T.);
#4994 = VERTEX_POINT('',#4995);
#4995 = CARTESIAN_POINT('',(-4.635089,-7.269565,1.585));
#4996 = LINE('',#4997,#4998);
#4997 = CARTESIAN_POINT('',(-4.661502,-7.266014,1.585));
#4998 = VECTOR('',#4999,1.);
#4999 = DIRECTION('',(0.991083449634,-0.133242620287,0.));
#5000 = ORIENTED_EDGE('',*,*,#5001,.T.);
#5001 = EDGE_CURVE('',#4994,#5002,#5004,.T.);
#5002 = VERTEX_POINT('',#5003);
#5003 = CARTESIAN_POINT('',(-4.310818,-7.267644,1.585));
#5004 = LINE('',#5005,#5006);
#5005 = CARTESIAN_POINT('',(-4.635089,-7.269565,1.585));
#5006 = VECTOR('',#5007,1.);
#5007 = DIRECTION('',(0.999982453234,5.923953399049E-03,0.));
#5008 = ORIENTED_EDGE('',*,*,#5009,.T.);
#5009 = EDGE_CURVE('',#5002,#5010,#5012,.T.);
#5010 = VERTEX_POINT('',#5011);
#5011 = CARTESIAN_POINT('',(-4.285606,-7.259008,1.585));
#5012 = LINE('',#5013,#5014);
#5013 = CARTESIAN_POINT('',(-4.310818,-7.267644,1.585));
#5014 = VECTOR('',#5015,1.);
#5015 = DIRECTION('',(0.946039317712,0.32405186212,0.));
#5016 = ORIENTED_EDGE('',*,*,#5017,.T.);
#5017 = EDGE_CURVE('',#5010,#5018,#5020,.T.);
#5018 = VERTEX_POINT('',#5019);
#5019 = CARTESIAN_POINT('',(-4.114902,-7.170377,1.585));
#5020 = LINE('',#5021,#5022);
#5021 = CARTESIAN_POINT('',(-4.285606,-7.259008,1.585));
#5022 = VECTOR('',#5023,1.);
#5023 = DIRECTION('',(0.887504091099,0.460799835377,0.));
#5024 = ORIENTED_EDGE('',*,*,#5025,.T.);
#5025 = EDGE_CURVE('',#5018,#5026,#5028,.T.);
#5026 = VERTEX_POINT('',#5027);
#5027 = CARTESIAN_POINT('',(-4.017598,-7.0703,1.585));
#5028 = LINE('',#5029,#5030);
#5029 = CARTESIAN_POINT('',(-4.114902,-7.170377,1.585));
#5030 = VECTOR('',#5031,1.);
#5031 = DIRECTION('',(0.697103866773,0.71697015205,0.));
#5032 = ORIENTED_EDGE('',*,*,#5033,.T.);
#5033 = EDGE_CURVE('',#5026,#5034,#5036,.T.);
#5034 = VERTEX_POINT('',#5035);
#5035 = CARTESIAN_POINT('',(-3.929116,-6.891216,1.585));
#5036 = LINE('',#5037,#5038);
#5037 = CARTESIAN_POINT('',(-4.017598,-7.0703,1.585));
#5038 = VECTOR('',#5039,1.);
#5039 = DIRECTION('',(0.442963255673,0.896539767173,0.));
#5040 = ORIENTED_EDGE('',*,*,#5041,.T.);
#5041 = EDGE_CURVE('',#5034,#5042,#5044,.T.);
#5042 = VERTEX_POINT('',#5043);
#5043 = CARTESIAN_POINT('',(-3.925565,-6.864803,1.585));
#5044 = LINE('',#5045,#5046);
#5045 = CARTESIAN_POINT('',(-3.929116,-6.891216,1.585));
#5046 = VECTOR('',#5047,1.);
#5047 = DIRECTION('',(0.133242620287,0.991083449634,0.));
#5048 = ORIENTED_EDGE('',*,*,#5049,.T.);
#5049 = EDGE_CURVE('',#5042,#5050,#5052,.T.);
#5050 = VERTEX_POINT('',#5051);
#5051 = CARTESIAN_POINT('',(-3.927486,-5.550056,1.585));
#5052 = LINE('',#5053,#5054);
#5053 = CARTESIAN_POINT('',(-3.925565,-6.864803,1.585));
#5054 = VECTOR('',#5055,1.);
#5055 = DIRECTION('',(-1.461116054622E-03,0.999998932569,0.));
#5056 = ORIENTED_EDGE('',*,*,#5057,.T.);
#5057 = EDGE_CURVE('',#5050,#5058,#5060,.T.);
#5058 = VERTEX_POINT('',#5059);
#5059 = CARTESIAN_POINT('',(-4.123644,-5.550056,1.585));
#5060 = CIRCLE('',#5061,0.100000456609);
#5061 = AXIS2_PLACEMENT_3D('',#5062,#5063,#5064);
#5062 = CARTESIAN_POINT('',(-4.025565,-5.569565,1.585));
#5063 = DIRECTION('',(0.,0.,1.));
#5064 = DIRECTION('',(0.980785521645,0.195089109206,-0.));
#5065 = ORIENTED_EDGE('',*,*,#5066,.T.);
#5066 = EDGE_CURVE('',#5058,#5067,#5069,.T.);
#5067 = VERTEX_POINT('',#5068);
#5068 = CARTESIAN_POINT('',(-4.125565,-6.841195,1.585));
#5069 = LINE('',#5070,#5071);
#5070 = CARTESIAN_POINT('',(-4.123644,-5.550056,1.585));
#5071 = VECTOR('',#5072,1.);
#5072 = DIRECTION('',(-1.487831963711E-03,-0.999998893177,0.));
#5073 = ORIENTED_EDGE('',*,*,#5074,.T.);
#5074 = EDGE_CURVE('',#5067,#5075,#5077,.T.);
#5075 = VERTEX_POINT('',#5076);
#5076 = CARTESIAN_POINT('',(-4.353934,-7.069565,1.585));
#5077 = CIRCLE('',#5078,0.321544093742);
#5078 = AXIS2_PLACEMENT_3D('',#5079,#5080,#5081);
#5079 = CARTESIAN_POINT('',(-4.43636413387,-6.758766227077,1.585));
#5080 = DIRECTION('',(0.,0.,-1.));
#5081 = DIRECTION('',(0.966583246029,-0.256352937364,0.));
#5082 = ORIENTED_EDGE('',*,*,#5083,.T.);
#5083 = EDGE_CURVE('',#5075,#5084,#5086,.T.);
#5084 = VERTEX_POINT('',#5085);
#5085 = CARTESIAN_POINT('',(-4.611482,-7.069565,1.585));
#5086 = LINE('',#5087,#5088);
#5087 = CARTESIAN_POINT('',(-4.353934,-7.069565,1.585));
#5088 = VECTOR('',#5089,1.);
#5089 = DIRECTION('',(-1.,0.,0.));
#5090 = ORIENTED_EDGE('',*,*,#5091,.T.);
#5091 = EDGE_CURVE('',#5084,#5092,#5094,.T.);
#5092 = VERTEX_POINT('',#5093);
#5093 = CARTESIAN_POINT('',(-4.839851,-6.841196,1.585));
#5094 = CIRCLE('',#5095,0.321538883338);
#5095 = AXIS2_PLACEMENT_3D('',#5096,#5097,#5098);
#5096 = CARTESIAN_POINT('',(-4.529056411986,-6.758770411986,1.585));
#5097 = DIRECTION('',(0.,0.,-1.));
#5098 = DIRECTION('',(-0.256347186251,-0.966584771296,-0.));
#5099 = ORIENTED_EDGE('',*,*,#5100,.T.);
#5100 = EDGE_CURVE('',#5092,#5101,#5103,.T.);
#5101 = VERTEX_POINT('',#5102);
#5102 = CARTESIAN_POINT('',(-4.841772,-5.550056,1.585));
#5103 = LINE('',#5104,#5105);
#5104 = CARTESIAN_POINT('',(-4.839851,-6.841196,1.585));
#5105 = VECTOR('',#5106,1.);
#5106 = DIRECTION('',(-1.487830811373E-03,0.999998893179,0.));
#5107 = ORIENTED_EDGE('',*,*,#5108,.T.);
#5108 = EDGE_CURVE('',#5101,#5109,#5111,.T.);
#5109 = VERTEX_POINT('',#5110);
#5110 = CARTESIAN_POINT('',(-4.856704,-5.514008,1.585));
#5111 = LINE('',#5112,#5113);
#5112 = CARTESIAN_POINT('',(-4.841772,-5.550056,1.585));
#5113 = VECTOR('',#5114,1.);
#5114 = DIRECTION('',(-0.38269282806,0.923875640631,0.));
#5115 = ORIENTED_EDGE('',*,*,#5116,.T.);
#5116 = EDGE_CURVE('',#5109,#4943,#5117,.T.);
#5117 = LINE('',#5118,#5119);
#5118 = CARTESIAN_POINT('',(-4.856704,-5.514008,1.585));
#5119 = VECTOR('',#5120,1.);
#5120 = DIRECTION('',(-0.707106781187,0.707106781187,0.));
#5121 = FACE_BOUND('',#5122,.F.);
#5122 = EDGE_LOOP('',(#5123,#5134,#5142,#5150,#5159,#5167,#5176,#5184,
    #5192));
#5123 = ORIENTED_EDGE('',*,*,#5124,.T.);
#5124 = EDGE_CURVE('',#5125,#5127,#5129,.T.);
#5125 = VERTEX_POINT('',#5126);
#5126 = CARTESIAN_POINT('',(-7.070376,-5.508253,1.585));
#5127 = VERTEX_POINT('',#5128);
#5128 = CARTESIAN_POINT('',(-7.236252,-5.520042,1.585));
#5129 = CIRCLE('',#5130,0.100000568666);
#5130 = AXIS2_PLACEMENT_3D('',#5131,#5132,#5133);
#5131 = CARTESIAN_POINT('',(-7.149375385197,-5.569565403901,1.585));
#5132 = DIRECTION('',(0.,0.,1.));
#5133 = DIRECTION('',(0.789989359565,0.6131205524,-0.));
#5134 = ORIENTED_EDGE('',*,*,#5135,.T.);
#5135 = EDGE_CURVE('',#5127,#5136,#5138,.T.);
#5136 = VERTEX_POINT('',#5137);
#5137 = CARTESIAN_POINT('',(-7.682709,-6.853338,1.585));
#5138 = LINE('',#5139,#5140);
#5139 = CARTESIAN_POINT('',(-7.236252,-5.520042,1.585));
#5140 = VECTOR('',#5141,1.);
#5141 = DIRECTION('',(-0.317523646854,-0.948250353909,0.));
#5142 = ORIENTED_EDGE('',*,*,#5143,.T.);
#5143 = EDGE_CURVE('',#5136,#5144,#5146,.T.);
#5144 = VERTEX_POINT('',#5145);
#5145 = CARTESIAN_POINT('',(-8.129165,-5.520042,1.585));
#5146 = LINE('',#5147,#5148);
#5147 = CARTESIAN_POINT('',(-7.682709,-6.853338,1.585));
#5148 = VECTOR('',#5149,1.);
#5149 = DIRECTION('',(-0.31752300735,0.948250568048,0.));
#5150 = ORIENTED_EDGE('',*,*,#5151,.T.);
#5151 = EDGE_CURVE('',#5144,#5152,#5154,.T.);
#5152 = VERTEX_POINT('',#5153);
#5153 = CARTESIAN_POINT('',(-8.315257,-5.582072,1.585));
#5154 = CIRCLE('',#5155,0.100000528794);
#5155 = AXIS2_PLACEMENT_3D('',#5156,#5157,#5158);
#5156 = CARTESIAN_POINT('',(-8.216041639783,-5.569565279566,1.585));
#5157 = DIRECTION('',(0.,0.,1.));
#5158 = DIRECTION('',(0.868761803875,0.495230176916,-0.));
#5159 = ORIENTED_EDGE('',*,*,#5160,.T.);
#5160 = EDGE_CURVE('',#5152,#5161,#5163,.T.);
#5161 = VERTEX_POINT('',#5162);
#5162 = CARTESIAN_POINT('',(-7.769585,-7.219088,1.585));
#5163 = LINE('',#5164,#5165);
#5164 = CARTESIAN_POINT('',(-8.315257,-5.582072,1.585));
#5165 = VECTOR('',#5166,1.);
#5166 = DIRECTION('',(0.316227766017,-0.948683298051,0.));
#5167 = ORIENTED_EDGE('',*,*,#5168,.T.);
#5168 = EDGE_CURVE('',#5161,#5169,#5171,.T.);
#5169 = VERTEX_POINT('',#5170);
#5170 = CARTESIAN_POINT('',(-7.595831,-7.219088,1.585));
#5171 = CIRCLE('',#5172,0.100001198518);
#5172 = AXIS2_PLACEMENT_3D('',#5173,#5174,#5175);
#5173 = CARTESIAN_POINT('',(-7.682708,-7.169564,1.585));
#5174 = DIRECTION('',(0.,0.,1.));
#5175 = DIRECTION('',(-0.868759587762,-0.495234064532,0.));
#5176 = ORIENTED_EDGE('',*,*,#5177,.T.);
#5177 = EDGE_CURVE('',#5169,#5178,#5180,.T.);
#5178 = VERTEX_POINT('',#5179);
#5179 = CARTESIAN_POINT('',(-7.05016,-5.582072,1.585));
#5180 = LINE('',#5181,#5182);
#5181 = CARTESIAN_POINT('',(-7.595831,-7.219088,1.585));
#5182 = VECTOR('',#5183,1.);
#5183 = DIRECTION('',(0.316227244449,0.948683471906,0.));
#5184 = ORIENTED_EDGE('',*,*,#5185,.T.);
#5185 = EDGE_CURVE('',#5178,#5186,#5188,.T.);
#5186 = VERTEX_POINT('',#5187);
#5187 = CARTESIAN_POINT('',(-7.052926,-5.543152,1.585));
#5188 = LINE('',#5189,#5190);
#5189 = CARTESIAN_POINT('',(-7.05016,-5.582072,1.585));
#5190 = VECTOR('',#5191,1.);
#5191 = DIRECTION('',(-7.089005953871E-02,0.997484134941,0.));
#5192 = ORIENTED_EDGE('',*,*,#5193,.T.);
#5193 = EDGE_CURVE('',#5186,#5125,#5194,.T.);
#5194 = LINE('',#5195,#5196);
#5195 = CARTESIAN_POINT('',(-7.052926,-5.543152,1.585));
#5196 = VECTOR('',#5197,1.);
#5197 = DIRECTION('',(-0.44722384702,0.894422065166,0.));
#5198 = FACE_BOUND('',#5199,.F.);
#5199 = EDGE_LOOP('',(#5200,#5211,#5219,#5228,#5236,#5244,#5253,#5261));
#5200 = ORIENTED_EDGE('',*,*,#5201,.T.);
#5201 = EDGE_CURVE('',#5202,#5204,#5206,.T.);
#5202 = VERTEX_POINT('',#5203);
#5203 = CARTESIAN_POINT('',(-2.558438,-5.667644,1.585));
#5204 = VERTEX_POINT('',#5205);
#5205 = CARTESIAN_POINT('',(-2.558438,-5.471486,1.585));
#5206 = CIRCLE('',#5207,0.100000456609);
#5207 = AXIS2_PLACEMENT_3D('',#5208,#5209,#5210);
#5208 = CARTESIAN_POINT('',(-2.577947,-5.569565,1.585));
#5209 = DIRECTION('',(0.,-0.,1.));
#5210 = DIRECTION('',(0.195089109206,-0.980785521645,-0.));
#5211 = ORIENTED_EDGE('',*,*,#5212,.T.);
#5212 = EDGE_CURVE('',#5204,#5213,#5215,.T.);
#5213 = VERTEX_POINT('',#5214);
#5214 = CARTESIAN_POINT('',(-3.511742,-5.471486,1.585));
#5215 = LINE('',#5216,#5217);
#5216 = CARTESIAN_POINT('',(-2.558438,-5.471486,1.585));
#5217 = VECTOR('',#5218,1.);
#5218 = DIRECTION('',(-1.,0.,0.));
#5219 = ORIENTED_EDGE('',*,*,#5220,.T.);
#5220 = EDGE_CURVE('',#5213,#5221,#5223,.T.);
#5221 = VERTEX_POINT('',#5222);
#5222 = CARTESIAN_POINT('',(-3.511742,-5.667644,1.585));
#5223 = CIRCLE('',#5224,0.100000456609);
#5224 = AXIS2_PLACEMENT_3D('',#5225,#5226,#5227);
#5225 = CARTESIAN_POINT('',(-3.492233,-5.569565,1.585));
#5226 = DIRECTION('',(0.,0.,1.));
#5227 = DIRECTION('',(-0.195089109206,0.980785521645,0.));
#5228 = ORIENTED_EDGE('',*,*,#5229,.T.);
#5229 = EDGE_CURVE('',#5221,#5230,#5232,.T.);
#5230 = VERTEX_POINT('',#5231);
#5231 = CARTESIAN_POINT('',(-3.13509,-5.669565,1.585));
#5232 = LINE('',#5233,#5234);
#5233 = CARTESIAN_POINT('',(-3.511742,-5.667644,1.585));
#5234 = VECTOR('',#5235,1.);
#5235 = DIRECTION('',(0.999986994241,-5.10013225985E-03,0.));
#5236 = ORIENTED_EDGE('',*,*,#5237,.T.);
#5237 = EDGE_CURVE('',#5230,#5238,#5240,.T.);
#5238 = VERTEX_POINT('',#5239);
#5239 = CARTESIAN_POINT('',(-3.133169,-7.189074,1.585));
#5240 = LINE('',#5241,#5242);
#5241 = CARTESIAN_POINT('',(-3.13509,-5.669565,1.585));
#5242 = VECTOR('',#5243,1.);
#5243 = DIRECTION('',(1.264223156869E-03,-0.99999920087,0.));
#5244 = ORIENTED_EDGE('',*,*,#5245,.T.);
#5245 = EDGE_CURVE('',#5238,#5246,#5248,.T.);
#5246 = VERTEX_POINT('',#5247);
#5247 = CARTESIAN_POINT('',(-2.937011,-7.189074,1.585));
#5248 = CIRCLE('',#5249,0.100000456609);
#5249 = AXIS2_PLACEMENT_3D('',#5250,#5251,#5252);
#5250 = CARTESIAN_POINT('',(-3.03509,-7.169565,1.585));
#5251 = DIRECTION('',(0.,0.,1.));
#5252 = DIRECTION('',(-0.980785521645,-0.195089109206,0.));
#5253 = ORIENTED_EDGE('',*,*,#5254,.T.);
#5254 = EDGE_CURVE('',#5246,#5255,#5257,.T.);
#5255 = VERTEX_POINT('',#5256);
#5256 = CARTESIAN_POINT('',(-2.93509,-5.669565,1.585));
#5257 = LINE('',#5258,#5259);
#5258 = CARTESIAN_POINT('',(-2.937011,-7.189074,1.585));
#5259 = VECTOR('',#5260,1.);
#5260 = DIRECTION('',(1.264223156869E-03,0.99999920087,0.));
#5261 = ORIENTED_EDGE('',*,*,#5262,.T.);
#5262 = EDGE_CURVE('',#5255,#5202,#5263,.T.);
#5263 = LINE('',#5264,#5265);
#5264 = CARTESIAN_POINT('',(-2.93509,-5.669565,1.585));
#5265 = VECTOR('',#5266,1.);
#5266 = DIRECTION('',(0.999986994241,5.10013225985E-03,0.));
#5267 = FACE_BOUND('',#5268,.F.);
#5268 = EDGE_LOOP('',(#5269,#5279,#5287,#5295,#5303,#5312,#5320,#5329,
    #5337,#5345,#5354,#5362,#5371,#5379));
#5269 = ORIENTED_EDGE('',*,*,#5270,.T.);
#5270 = EDGE_CURVE('',#5271,#5273,#5275,.T.);
#5271 = VERTEX_POINT('',#5272);
#5272 = CARTESIAN_POINT('',(-6.311993,-2.928056,1.585));
#5273 = VERTEX_POINT('',#5274);
#5274 = CARTESIAN_POINT('',(-6.342842,-2.904166,1.585));
#5275 = LINE('',#5276,#5277);
#5276 = CARTESIAN_POINT('',(-6.311993,-2.928056,1.585));
#5277 = VECTOR('',#5278,1.);
#5278 = DIRECTION('',(-0.790638057684,0.612283808165,0.));
#5279 = ORIENTED_EDGE('',*,*,#5280,.T.);
#5280 = EDGE_CURVE('',#5273,#5281,#5283,.T.);
#5281 = VERTEX_POINT('',#5282);
#5282 = CARTESIAN_POINT('',(-6.380485,-2.893899,1.585));
#5283 = LINE('',#5284,#5285);
#5284 = CARTESIAN_POINT('',(-6.342842,-2.904166,1.585));
#5285 = VECTOR('',#5286,1.);
#5286 = DIRECTION('',(-0.964759089541,0.263134754731,0.));
#5287 = ORIENTED_EDGE('',*,*,#5288,.T.);
#5288 = EDGE_CURVE('',#5281,#5289,#5291,.T.);
#5289 = VERTEX_POINT('',#5290);
#5290 = CARTESIAN_POINT('',(-6.393678,-2.895576,1.585));
#5291 = LINE('',#5292,#5293);
#5292 = CARTESIAN_POINT('',(-6.380485,-2.893899,1.585));
#5293 = VECTOR('',#5294,1.);
#5294 = DIRECTION('',(-0.99201776168,-0.126098217717,0.));
#5295 = ORIENTED_EDGE('',*,*,#5296,.T.);
#5296 = EDGE_CURVE('',#5289,#5297,#5299,.T.);
#5297 = VERTEX_POINT('',#5298);
#5298 = CARTESIAN_POINT('',(-6.419192,-2.898819,1.585));
#5299 = LINE('',#5300,#5301);
#5300 = CARTESIAN_POINT('',(-6.393678,-2.895576,1.585));
#5301 = VECTOR('',#5302,1.);
#5302 = DIRECTION('',(-0.992018528106,-0.126092188079,0.));
#5303 = ORIENTED_EDGE('',*,*,#5304,.T.);
#5304 = EDGE_CURVE('',#5297,#5305,#5307,.T.);
#5305 = VERTEX_POINT('',#5306);
#5306 = CARTESIAN_POINT('',(-6.48747,-2.993655,1.585));
#5307 = CIRCLE('',#5308,0.100002878373);
#5308 = AXIS2_PLACEMENT_3D('',#5309,#5310,#5311);
#5309 = CARTESIAN_POINT('',(-6.387467121635,-2.993656269972,1.585));
#5310 = DIRECTION('',(0.,0.,1.));
#5311 = DIRECTION('',(-0.317239652311,0.948345402795,0.));
#5312 = ORIENTED_EDGE('',*,*,#5313,.T.);
#5313 = EDGE_CURVE('',#5305,#5314,#5316,.T.);
#5314 = VERTEX_POINT('',#5315);
#5315 = CARTESIAN_POINT('',(-6.485549,-4.613164,1.585));
#5316 = LINE('',#5317,#5318);
#5317 = CARTESIAN_POINT('',(-6.48747,-2.993655,1.585));
#5318 = VECTOR('',#5319,1.);
#5319 = DIRECTION('',(1.186161144271E-03,-0.999999296511,0.));
#5320 = ORIENTED_EDGE('',*,*,#5321,.T.);
#5321 = EDGE_CURVE('',#5314,#5322,#5324,.T.);
#5322 = VERTEX_POINT('',#5323);
#5323 = CARTESIAN_POINT('',(-6.289391,-4.613164,1.585));
#5324 = CIRCLE('',#5325,0.100000456609);
#5325 = AXIS2_PLACEMENT_3D('',#5326,#5327,#5328);
#5326 = CARTESIAN_POINT('',(-6.38747,-4.593655,1.585));
#5327 = DIRECTION('',(0.,0.,1.));
#5328 = DIRECTION('',(-0.980785521645,-0.195089109206,0.));
#5329 = ORIENTED_EDGE('',*,*,#5330,.T.);
#5330 = EDGE_CURVE('',#5322,#5331,#5333,.T.);
#5331 = VERTEX_POINT('',#5332);
#5332 = CARTESIAN_POINT('',(-6.28747,-3.37021,1.585));
#5333 = LINE('',#5334,#5335);
#5334 = CARTESIAN_POINT('',(-6.289391,-4.613164,1.585));
#5335 = VECTOR('',#5336,1.);
#5336 = DIRECTION('',(1.545509894773E-03,0.999998805699,0.));
#5337 = ORIENTED_EDGE('',*,*,#5338,.T.);
#5338 = EDGE_CURVE('',#5331,#5339,#5341,.T.);
#5339 = VERTEX_POINT('',#5340);
#5340 = CARTESIAN_POINT('',(-5.548661,-4.659254,1.585));
#5341 = LINE('',#5342,#5343);
#5342 = CARTESIAN_POINT('',(-6.28747,-3.37021,1.585));
#5343 = VECTOR('',#5344,1.);
#5344 = DIRECTION('',(0.497261069995,-0.867600961426,0.));
#5345 = ORIENTED_EDGE('',*,*,#5346,.T.);
#5346 = EDGE_CURVE('',#5339,#5347,#5349,.T.);
#5347 = VERTEX_POINT('',#5348);
#5348 = CARTESIAN_POINT('',(-5.373184,-4.593655,1.585));
#5349 = CIRCLE('',#5350,9.99996142919E-02);
#5350 = AXIS2_PLACEMENT_3D('',#5351,#5352,#5353);
#5351 = CARTESIAN_POINT('',(-5.473183614286,-4.593656080031,1.585));
#5352 = DIRECTION('',(0.,0.,1.));
#5353 = DIRECTION('',(-0.754776768374,-0.655981729869,0.));
#5354 = ORIENTED_EDGE('',*,*,#5355,.T.);
#5355 = EDGE_CURVE('',#5347,#5356,#5358,.T.);
#5356 = VERTEX_POINT('',#5357);
#5357 = CARTESIAN_POINT('',(-5.375105,-2.974146,1.585));
#5358 = LINE('',#5359,#5360);
#5359 = CARTESIAN_POINT('',(-5.373184,-4.593655,1.585));
#5360 = VECTOR('',#5361,1.);
#5361 = DIRECTION('',(-1.18616114427E-03,0.999999296511,0.));
#5362 = ORIENTED_EDGE('',*,*,#5363,.T.);
#5363 = EDGE_CURVE('',#5356,#5364,#5366,.T.);
#5364 = VERTEX_POINT('',#5365);
#5365 = CARTESIAN_POINT('',(-5.571263,-2.974146,1.585));
#5366 = CIRCLE('',#5367,0.100000456609);
#5367 = AXIS2_PLACEMENT_3D('',#5368,#5369,#5370);
#5368 = CARTESIAN_POINT('',(-5.473184,-2.993655,1.585));
#5369 = DIRECTION('',(0.,0.,1.));
#5370 = DIRECTION('',(0.980785521645,0.195089109206,-0.));
#5371 = ORIENTED_EDGE('',*,*,#5372,.T.);
#5372 = EDGE_CURVE('',#5364,#5373,#5375,.T.);
#5373 = VERTEX_POINT('',#5374);
#5374 = CARTESIAN_POINT('',(-5.573184,-4.217099,1.585));
#5375 = LINE('',#5376,#5377);
#5376 = CARTESIAN_POINT('',(-5.571263,-2.974146,1.585));
#5377 = VECTOR('',#5378,1.);
#5378 = DIRECTION('',(-1.545511138188E-03,-0.999998805697,0.));
#5379 = ORIENTED_EDGE('',*,*,#5380,.T.);
#5380 = EDGE_CURVE('',#5373,#5271,#5381,.T.);
#5381 = LINE('',#5382,#5383);
#5382 = CARTESIAN_POINT('',(-5.573184,-4.217099,1.585));
#5383 = VECTOR('',#5384,1.);
#5384 = DIRECTION('',(-0.497261360368,0.867600795,0.));
#5385 = FACE_BOUND('',#5386,.F.);
#5386 = EDGE_LOOP('',(#5387,#5398,#5406,#5414,#5422,#5430,#5438,#5446,
    #5454,#5462,#5470,#5478,#5486,#5494,#5502,#5510,#5518,#5526,#5534,
    #5542,#5550,#5558,#5567,#5575,#5584,#5592,#5600,#5608,#5617,#5625,
    #5634,#5642,#5650,#5658,#5666,#5674));
#5387 = ORIENTED_EDGE('',*,*,#5388,.T.);
#5388 = EDGE_CURVE('',#5389,#5391,#5393,.T.);
#5389 = VERTEX_POINT('',#5390);
#5390 = CARTESIAN_POINT('',(-7.175788,-3.166294,1.585));
#5391 = VERTEX_POINT('',#5392);
#5392 = CARTESIAN_POINT('',(-7.088063,-2.990845,1.585));
#5393 = CIRCLE('',#5394,0.100000617748);
#5394 = AXIS2_PLACEMENT_3D('',#5395,#5396,#5397);
#5395 = CARTESIAN_POINT('',(-7.149375219211,-3.069844590666,1.585));
#5396 = DIRECTION('',(0.,0.,1.));
#5397 = DIRECTION('',(-0.264126176257,-0.964488135239,0.));
#5398 = ORIENTED_EDGE('',*,*,#5399,.T.);
#5399 = EDGE_CURVE('',#5391,#5400,#5402,.T.);
#5400 = VERTEX_POINT('',#5401);
#5401 = CARTESIAN_POINT('',(-7.275343,-2.897206,1.585));
#5402 = LINE('',#5403,#5404);
#5403 = CARTESIAN_POINT('',(-7.088063,-2.990845,1.585));
#5404 = VECTOR('',#5405,1.);
#5405 = DIRECTION('',(-0.894429101349,0.447209774782,0.));
#5406 = ORIENTED_EDGE('',*,*,#5407,.T.);
#5407 = EDGE_CURVE('',#5400,#5408,#5410,.T.);
#5408 = VERTEX_POINT('',#5409);
#5409 = CARTESIAN_POINT('',(-7.301756,-2.893655,1.585));
#5410 = LINE('',#5411,#5412);
#5411 = CARTESIAN_POINT('',(-7.275343,-2.897206,1.585));
#5412 = VECTOR('',#5413,1.);
#5413 = DIRECTION('',(-0.991083449634,0.133242620287,0.));
#5414 = ORIENTED_EDGE('',*,*,#5415,.T.);
#5415 = EDGE_CURVE('',#5408,#5416,#5418,.T.);
#5416 = VERTEX_POINT('',#5417);
#5417 = CARTESIAN_POINT('',(-7.540201,-2.894627,1.585));
#5418 = LINE('',#5419,#5420);
#5419 = CARTESIAN_POINT('',(-7.301756,-2.893655,1.585));
#5420 = VECTOR('',#5421,1.);
#5421 = DIRECTION('',(-0.999991691537,-4.076377882422E-03,0.));
#5422 = ORIENTED_EDGE('',*,*,#5423,.T.);
#5423 = EDGE_CURVE('',#5416,#5424,#5426,.T.);
#5424 = VERTEX_POINT('',#5425);
#5425 = CARTESIAN_POINT('',(-7.808422,-2.982968,1.585));
#5426 = LINE('',#5427,#5428);
#5427 = CARTESIAN_POINT('',(-7.540201,-2.894627,1.585));
#5428 = VECTOR('',#5429,1.);
#5429 = DIRECTION('',(-0.949809673213,-0.312828362959,0.));
#5430 = ORIENTED_EDGE('',*,*,#5431,.T.);
#5431 = EDGE_CURVE('',#5424,#5432,#5434,.T.);
#5432 = VERTEX_POINT('',#5433);
#5433 = CARTESIAN_POINT('',(-7.82961,-2.999135,1.585));
#5434 = LINE('',#5435,#5436);
#5435 = CARTESIAN_POINT('',(-7.808422,-2.982968,1.585));
#5436 = VECTOR('',#5437,1.);
#5437 = DIRECTION('',(-0.795001720552,-0.606607174635,0.));
#5438 = ORIENTED_EDGE('',*,*,#5439,.T.);
#5439 = EDGE_CURVE('',#5432,#5440,#5442,.T.);
#5440 = VERTEX_POINT('',#5441);
#5441 = CARTESIAN_POINT('',(-7.995437,-3.169106,1.585));
#5442 = LINE('',#5443,#5444);
#5443 = CARTESIAN_POINT('',(-7.82961,-2.999135,1.585));
#5444 = VECTOR('',#5445,1.);
#5445 = DIRECTION('',(-0.698327377855,-0.715778508575,0.));
#5446 = ORIENTED_EDGE('',*,*,#5447,.T.);
#5447 = EDGE_CURVE('',#5440,#5448,#5450,.T.);
#5448 = VERTEX_POINT('',#5449);
#5449 = CARTESIAN_POINT('',(-8.084484,-3.350353,1.585));
#5450 = LINE('',#5451,#5452);
#5451 = CARTESIAN_POINT('',(-7.995437,-3.169106,1.585));
#5452 = VECTOR('',#5453,1.);
#5453 = DIRECTION('',(-0.440957279751,-0.897528092839,0.));
#5454 = ORIENTED_EDGE('',*,*,#5455,.T.);
#5455 = EDGE_CURVE('',#5448,#5456,#5458,.T.);
#5456 = VERTEX_POINT('',#5457);
#5457 = CARTESIAN_POINT('',(-8.163661,-3.679369,1.585));
#5458 = LINE('',#5459,#5460);
#5459 = CARTESIAN_POINT('',(-8.084484,-3.350353,1.585));
#5460 = VECTOR('',#5461,1.);
#5461 = DIRECTION('',(-0.233968492126,-0.972244179562,0.));
#5462 = ORIENTED_EDGE('',*,*,#5463,.T.);
#5463 = EDGE_CURVE('',#5456,#5464,#5466,.T.);
#5464 = VERTEX_POINT('',#5465);
#5465 = CARTESIAN_POINT('',(-8.160675,-3.932195,1.585));
#5466 = LINE('',#5467,#5468);
#5467 = CARTESIAN_POINT('',(-8.163661,-3.679369,1.585));
#5468 = VECTOR('',#5469,1.);
#5469 = DIRECTION('',(1.180967055026E-02,-0.999930263409,0.));
#5470 = ORIENTED_EDGE('',*,*,#5471,.T.);
#5471 = EDGE_CURVE('',#5464,#5472,#5474,.T.);
#5472 = VERTEX_POINT('',#5473);
#5473 = CARTESIAN_POINT('',(-8.076913,-4.257424,1.585));
#5474 = LINE('',#5475,#5476);
#5475 = CARTESIAN_POINT('',(-8.160675,-3.932195,1.585));
#5476 = VECTOR('',#5477,1.);
#5477 = DIRECTION('',(0.249408808812,-0.968398288974,0.));
#5478 = ORIENTED_EDGE('',*,*,#5479,.T.);
#5479 = EDGE_CURVE('',#5472,#5480,#5482,.T.);
#5480 = VERTEX_POINT('',#5481);
#5481 = CARTESIAN_POINT('',(-7.988283,-4.428128,1.585));
#5482 = LINE('',#5483,#5484);
#5483 = CARTESIAN_POINT('',(-8.076913,-4.257424,1.585));
#5484 = VECTOR('',#5485,1.);
#5485 = DIRECTION('',(0.460795740235,-0.88750621732,0.));
#5486 = ORIENTED_EDGE('',*,*,#5487,.T.);
#5487 = EDGE_CURVE('',#5480,#5488,#5490,.T.);
#5488 = VERTEX_POINT('',#5489);
#5489 = CARTESIAN_POINT('',(-7.814457,-4.600612,1.585));
#5490 = LINE('',#5491,#5492);
#5491 = CARTESIAN_POINT('',(-7.988283,-4.428128,1.585));
#5492 = VECTOR('',#5493,1.);
#5493 = DIRECTION('',(0.709841589778,-0.704361354293,0.));
#5494 = ORIENTED_EDGE('',*,*,#5495,.T.);
#5495 = EDGE_CURVE('',#5488,#5496,#5498,.T.);
#5496 = VERTEX_POINT('',#5497);
#5497 = CARTESIAN_POINT('',(-7.790522,-4.612333,1.585));
#5498 = LINE('',#5499,#5500);
#5499 = CARTESIAN_POINT('',(-7.814457,-4.600612,1.585));
#5500 = VECTOR('',#5501,1.);
#5501 = DIRECTION('',(0.8980962826,-0.439798894019,0.));
#5502 = ORIENTED_EDGE('',*,*,#5503,.T.);
#5503 = EDGE_CURVE('',#5496,#5504,#5506,.T.);
#5504 = VERTEX_POINT('',#5505);
#5505 = CARTESIAN_POINT('',(-7.540201,-4.692682,1.585));
#5506 = LINE('',#5507,#5508);
#5507 = CARTESIAN_POINT('',(-7.790522,-4.612333,1.585));
#5508 = VECTOR('',#5509,1.);
#5509 = DIRECTION('',(0.952151843296,-0.305625370852,0.));
#5510 = ORIENTED_EDGE('',*,*,#5511,.T.);
#5511 = EDGE_CURVE('',#5504,#5512,#5514,.T.);
#5512 = VERTEX_POINT('',#5513);
#5513 = CARTESIAN_POINT('',(-7.355995,-4.690722,1.585));
#5514 = LINE('',#5515,#5516);
#5515 = CARTESIAN_POINT('',(-7.540201,-4.692682,1.585));
#5516 = VECTOR('',#5517,1.);
#5517 = DIRECTION('',(0.999943397224,1.063965917809E-02,0.));
#5518 = ORIENTED_EDGE('',*,*,#5519,.T.);
#5519 = EDGE_CURVE('',#5512,#5520,#5522,.T.);
#5520 = VERTEX_POINT('',#5521);
#5521 = CARTESIAN_POINT('',(-7.099852,-4.604342,1.585));
#5522 = LINE('',#5523,#5524);
#5523 = CARTESIAN_POINT('',(-7.355995,-4.690722,1.585));
#5524 = VECTOR('',#5525,1.);
#5525 = DIRECTION('',(0.947568764925,0.319551929642,0.));
#5526 = ORIENTED_EDGE('',*,*,#5527,.T.);
#5527 = EDGE_CURVE('',#5520,#5528,#5530,.T.);
#5528 = VERTEX_POINT('',#5529);
#5529 = CARTESIAN_POINT('',(-7.002474,-4.511985,1.585));
#5530 = LINE('',#5531,#5532);
#5531 = CARTESIAN_POINT('',(-7.099852,-4.604342,1.585));
#5532 = VECTOR('',#5533,1.);
#5533 = DIRECTION('',(0.725565094073,0.688153539745,0.));
#5534 = ORIENTED_EDGE('',*,*,#5535,.T.);
#5535 = EDGE_CURVE('',#5528,#5536,#5538,.T.);
#5536 = VERTEX_POINT('',#5537);
#5537 = CARTESIAN_POINT('',(-6.985664,-4.486273,1.585));
#5538 = LINE('',#5539,#5540);
#5539 = CARTESIAN_POINT('',(-7.002474,-4.511985,1.585));
#5540 = VECTOR('',#5541,1.);
#5541 = DIRECTION('',(0.547210771436,0.836994845638,0.));
#5542 = ORIENTED_EDGE('',*,*,#5543,.T.);
#5543 = EDGE_CURVE('',#5536,#5544,#5546,.T.);
#5544 = VERTEX_POINT('',#5545);
#5545 = CARTESIAN_POINT('',(-6.975105,-4.460783,1.585));
#5546 = LINE('',#5547,#5548);
#5547 = CARTESIAN_POINT('',(-6.985664,-4.486273,1.585));
#5548 = VECTOR('',#5549,1.);
#5549 = DIRECTION('',(0.382704973236,0.923870609696,0.));
#5550 = ORIENTED_EDGE('',*,*,#5551,.T.);
#5551 = EDGE_CURVE('',#5544,#5552,#5554,.T.);
#5552 = VERTEX_POINT('',#5553);
#5553 = CARTESIAN_POINT('',(-6.975105,-3.888432,1.585));
#5554 = LINE('',#5555,#5556);
#5555 = CARTESIAN_POINT('',(-6.975105,-4.460783,1.585));
#5556 = VECTOR('',#5557,1.);
#5557 = DIRECTION('',(0.,1.,0.));
#5558 = ORIENTED_EDGE('',*,*,#5559,.T.);
#5559 = EDGE_CURVE('',#5552,#5560,#5562,.T.);
#5560 = VERTEX_POINT('',#5561);
#5561 = CARTESIAN_POINT('',(-7.053675,-3.809862,1.585));
#5562 = CIRCLE('',#5563,0.100002891901);
#5563 = AXIS2_PLACEMENT_3D('',#5564,#5565,#5566);
#5564 = CARTESIAN_POINT('',(-7.073186071036,-3.907943071036,1.585));
#5565 = DIRECTION('',(0.,0.,1.));
#5566 = DIRECTION('',(0.980782347106,0.195105068116,-0.));
#5567 = ORIENTED_EDGE('',*,*,#5568,.T.);
#5568 = EDGE_CURVE('',#5560,#5569,#5571,.T.);
#5569 = VERTEX_POINT('',#5570);
#5570 = CARTESIAN_POINT('',(-7.397455,-3.809862,1.585));
#5571 = LINE('',#5572,#5573);
#5572 = CARTESIAN_POINT('',(-7.053675,-3.809862,1.585));
#5573 = VECTOR('',#5574,1.);
#5574 = DIRECTION('',(-1.,0.,0.));
#5575 = ORIENTED_EDGE('',*,*,#5576,.T.);
#5576 = EDGE_CURVE('',#5569,#5577,#5579,.T.);
#5577 = VERTEX_POINT('',#5578);
#5578 = CARTESIAN_POINT('',(-7.397455,-4.00602,1.585));
#5579 = CIRCLE('',#5580,0.100000456609);
#5580 = AXIS2_PLACEMENT_3D('',#5581,#5582,#5583);
#5581 = CARTESIAN_POINT('',(-7.377946,-3.907941,1.585));
#5582 = DIRECTION('',(0.,0.,1.));
#5583 = DIRECTION('',(-0.195089109206,0.980785521645,0.));
#5584 = ORIENTED_EDGE('',*,*,#5585,.T.);
#5585 = EDGE_CURVE('',#5577,#5586,#5588,.T.);
#5586 = VERTEX_POINT('',#5587);
#5587 = CARTESIAN_POINT('',(-7.173184,-4.007941,1.585));
#5588 = LINE('',#5589,#5590);
#5589 = CARTESIAN_POINT('',(-7.397455,-4.00602,1.585));
#5590 = VECTOR('',#5591,1.);
#5591 = DIRECTION('',(0.999963317866,-8.565215893357E-03,0.));
#5592 = ORIENTED_EDGE('',*,*,#5593,.T.);
#5593 = EDGE_CURVE('',#5586,#5594,#5596,.T.);
#5594 = VERTEX_POINT('',#5595);
#5595 = CARTESIAN_POINT('',(-7.173184,-4.399852,1.585));
#5596 = LINE('',#5597,#5598);
#5597 = CARTESIAN_POINT('',(-7.173184,-4.007941,1.585));
#5598 = VECTOR('',#5599,1.);
#5599 = DIRECTION('',(0.,-1.,0.));
#5600 = ORIENTED_EDGE('',*,*,#5601,.T.);
#5601 = EDGE_CURVE('',#5594,#5602,#5604,.T.);
#5602 = VERTEX_POINT('',#5603);
#5603 = CARTESIAN_POINT('',(-7.203395,-4.430062,1.585));
#5604 = LINE('',#5605,#5606);
#5605 = CARTESIAN_POINT('',(-7.173184,-4.399852,1.585));
#5606 = VECTOR('',#5607,1.);
#5607 = DIRECTION('',(-0.707118484087,-0.707095078093,0.));
#5608 = ORIENTED_EDGE('',*,*,#5609,.T.);
#5609 = EDGE_CURVE('',#5602,#5610,#5612,.T.);
#5610 = VERTEX_POINT('',#5611);
#5611 = CARTESIAN_POINT('',(-7.704881,-4.430061,1.585));
#5612 = CIRCLE('',#5613,0.501451656935);
#5613 = AXIS2_PLACEMENT_3D('',#5614,#5615,#5616);
#5614 = CARTESIAN_POINT('',(-7.454137134054,-3.995801540767,1.585));
#5615 = DIRECTION('',(-0.,0.,-1.));
#5616 = DIRECTION('',(0.500032516766,-0.866006629407,-0.));
#5617 = ORIENTED_EDGE('',*,*,#5618,.T.);
#5618 = EDGE_CURVE('',#5610,#5619,#5621,.T.);
#5619 = VERTEX_POINT('',#5620);
#5620 = CARTESIAN_POINT('',(-7.829095,-4.305847,1.585));
#5621 = LINE('',#5622,#5623);
#5622 = CARTESIAN_POINT('',(-7.704881,-4.430061,1.585));
#5623 = VECTOR('',#5624,1.);
#5624 = DIRECTION('',(-0.707106781187,0.707106781187,0.));
#5625 = ORIENTED_EDGE('',*,*,#5626,.T.);
#5626 = EDGE_CURVE('',#5619,#5627,#5629,.T.);
#5627 = VERTEX_POINT('',#5628);
#5628 = CARTESIAN_POINT('',(-7.963661,-3.691679,1.585));
#5629 = CIRCLE('',#5630,1.000766535316);
#5630 = AXIS2_PLACEMENT_3D('',#5631,#5632,#5633);
#5631 = CARTESIAN_POINT('',(-6.968285465291,-3.795415218895,1.585));
#5632 = DIRECTION('',(0.,0.,-1.));
#5633 = DIRECTION('',(-0.860150199204,-0.510040816806,-0.));
#5634 = ORIENTED_EDGE('',*,*,#5635,.T.);
#5635 = EDGE_CURVE('',#5627,#5636,#5638,.T.);
#5636 = VERTEX_POINT('',#5637);
#5637 = CARTESIAN_POINT('',(-7.893119,-3.409511,1.585));
#5638 = LINE('',#5639,#5640);
#5639 = CARTESIAN_POINT('',(-7.963661,-3.691679,1.585));
#5640 = VECTOR('',#5641,1.);
#5641 = DIRECTION('',(0.242535625036,0.970142500145,0.));
#5642 = ORIENTED_EDGE('',*,*,#5643,.T.);
#5643 = EDGE_CURVE('',#5636,#5644,#5646,.T.);
#5644 = VERTEX_POINT('',#5645);
#5645 = CARTESIAN_POINT('',(-7.829095,-3.281462,1.585));
#5646 = LINE('',#5647,#5648);
#5647 = CARTESIAN_POINT('',(-7.893119,-3.409511,1.585));
#5648 = VECTOR('',#5649,1.);
#5649 = DIRECTION('',(0.447210801478,0.894428588005,0.));
#5650 = ORIENTED_EDGE('',*,*,#5651,.T.);
#5651 = EDGE_CURVE('',#5644,#5652,#5654,.T.);
#5652 = VERTEX_POINT('',#5653);
#5653 = CARTESIAN_POINT('',(-7.704881,-3.157248,1.585));
#5654 = LINE('',#5655,#5656);
#5655 = CARTESIAN_POINT('',(-7.829095,-3.281462,1.585));
#5656 = VECTOR('',#5657,1.);
#5657 = DIRECTION('',(0.707106781187,0.707106781187,0.));
#5658 = ORIENTED_EDGE('',*,*,#5659,.T.);
#5659 = EDGE_CURVE('',#5652,#5660,#5662,.T.);
#5660 = VERTEX_POINT('',#5661);
#5661 = CARTESIAN_POINT('',(-7.5141,-3.093655,1.585));
#5662 = LINE('',#5663,#5664);
#5663 = CARTESIAN_POINT('',(-7.704881,-3.157248,1.585));
#5664 = VECTOR('',#5665,1.);
#5665 = DIRECTION('',(0.948684292573,0.316224782434,0.));
#5666 = ORIENTED_EDGE('',*,*,#5667,.T.);
#5667 = EDGE_CURVE('',#5660,#5668,#5670,.T.);
#5668 = VERTEX_POINT('',#5669);
#5669 = CARTESIAN_POINT('',(-7.325363,-3.093655,1.585));
#5670 = LINE('',#5671,#5672);
#5671 = CARTESIAN_POINT('',(-7.5141,-3.093655,1.585));
#5672 = VECTOR('',#5673,1.);
#5673 = DIRECTION('',(1.,0.,0.));
#5674 = ORIENTED_EDGE('',*,*,#5675,.T.);
#5675 = EDGE_CURVE('',#5668,#5389,#5676,.T.);
#5676 = LINE('',#5677,#5678);
#5677 = CARTESIAN_POINT('',(-7.325363,-3.093655,1.585));
#5678 = VECTOR('',#5679,1.);
#5679 = DIRECTION('',(0.899535843162,-0.436846960464,0.));
#5680 = FACE_BOUND('',#5681,.F.);
#5681 = EDGE_LOOP('',(#5682,#5692,#5700,#5708,#5717,#5725,#5734,#5742,
    #5750,#5758,#5766,#5774,#5782,#5790,#5798,#5806));
#5682 = ORIENTED_EDGE('',*,*,#5683,.T.);
#5683 = EDGE_CURVE('',#5684,#5686,#5688,.T.);
#5684 = VERTEX_POINT('',#5685);
#5685 = CARTESIAN_POINT('',(-4.046199,-2.986698,1.585));
#5686 = VERTEX_POINT('',#5687);
#5687 = CARTESIAN_POINT('',(-4.070133,-2.974977,1.585));
#5688 = LINE('',#5689,#5690);
#5689 = CARTESIAN_POINT('',(-4.046199,-2.986698,1.585));
#5690 = VECTOR('',#5691,1.);
#5691 = DIRECTION('',(-0.898089024554,0.439813715083,0.));
#5692 = ORIENTED_EDGE('',*,*,#5693,.T.);
#5693 = EDGE_CURVE('',#5686,#5694,#5696,.T.);
#5694 = VERTEX_POINT('',#5695);
#5695 = CARTESIAN_POINT('',(-4.320455,-2.894627,1.585));
#5696 = LINE('',#5697,#5698);
#5697 = CARTESIAN_POINT('',(-4.070133,-2.974977,1.585));
#5698 = VECTOR('',#5699,1.);
#5699 = DIRECTION('',(-0.9521510917,0.305627712379,0.));
#5700 = ORIENTED_EDGE('',*,*,#5701,.T.);
#5701 = EDGE_CURVE('',#5694,#5702,#5704,.T.);
#5702 = VERTEX_POINT('',#5703);
#5703 = CARTESIAN_POINT('',(-4.730789,-2.895576,1.585));
#5704 = LINE('',#5705,#5706);
#5705 = CARTESIAN_POINT('',(-4.320455,-2.894627,1.585));
#5706 = VECTOR('',#5707,1.);
#5707 = DIRECTION('',(-0.999997325604,-2.312743915929E-03,0.));
#5708 = ORIENTED_EDGE('',*,*,#5709,.T.);
#5709 = EDGE_CURVE('',#5702,#5710,#5712,.T.);
#5710 = VERTEX_POINT('',#5711);
#5711 = CARTESIAN_POINT('',(-4.809359,-2.974146,1.585));
#5712 = CIRCLE('',#5713,0.100002891901);
#5713 = AXIS2_PLACEMENT_3D('',#5714,#5715,#5716);
#5714 = CARTESIAN_POINT('',(-4.711277928964,-2.993657071036,1.585));
#5715 = DIRECTION('',(0.,0.,1.));
#5716 = DIRECTION('',(-0.195105068116,0.980782347106,0.));
#5717 = ORIENTED_EDGE('',*,*,#5718,.T.);
#5718 = EDGE_CURVE('',#5710,#5719,#5721,.T.);
#5719 = VERTEX_POINT('',#5720);
#5720 = CARTESIAN_POINT('',(-4.809359,-4.613164,1.585));
#5721 = LINE('',#5722,#5723);
#5722 = CARTESIAN_POINT('',(-4.809359,-2.974146,1.585));
#5723 = VECTOR('',#5724,1.);
#5724 = DIRECTION('',(0.,-1.,0.));
#5725 = ORIENTED_EDGE('',*,*,#5726,.T.);
#5726 = EDGE_CURVE('',#5719,#5727,#5729,.T.);
#5727 = VERTEX_POINT('',#5728);
#5728 = CARTESIAN_POINT('',(-4.730789,-4.691734,1.585));
#5729 = CIRCLE('',#5730,0.100002891901);
#5730 = AXIS2_PLACEMENT_3D('',#5731,#5732,#5733);
#5731 = CARTESIAN_POINT('',(-4.711277928964,-4.593652928964,1.585));
#5732 = DIRECTION('',(0.,0.,1.));
#5733 = DIRECTION('',(-0.980782347106,-0.195105068116,0.));
#5734 = ORIENTED_EDGE('',*,*,#5735,.T.);
#5735 = EDGE_CURVE('',#5727,#5736,#5738,.T.);
#5736 = VERTEX_POINT('',#5737);
#5737 = CARTESIAN_POINT('',(-4.308377,-4.690722,1.585));
#5738 = LINE('',#5739,#5740);
#5739 = CARTESIAN_POINT('',(-4.730789,-4.691734,1.585));
#5740 = VECTOR('',#5741,1.);
#5741 = DIRECTION('',(0.999997130167,2.395758396374E-03,0.));
#5742 = ORIENTED_EDGE('',*,*,#5743,.T.);
#5743 = EDGE_CURVE('',#5736,#5744,#5746,.T.);
#5744 = VERTEX_POINT('',#5745);
#5745 = CARTESIAN_POINT('',(-4.052233,-4.604342,1.585));
#5746 = LINE('',#5747,#5748);
#5747 = CARTESIAN_POINT('',(-4.308377,-4.690722,1.585));
#5748 = VECTOR('',#5749,1.);
#5749 = DIRECTION('',(0.947569142679,0.319550809485,0.));
#5750 = ORIENTED_EDGE('',*,*,#5751,.T.);
#5751 = EDGE_CURVE('',#5744,#5752,#5754,.T.);
#5752 = VERTEX_POINT('',#5753);
#5753 = CARTESIAN_POINT('',(-4.031045,-4.588176,1.585));
#5754 = LINE('',#5755,#5756);
#5755 = CARTESIAN_POINT('',(-4.052233,-4.604342,1.585));
#5756 = VECTOR('',#5757,1.);
#5757 = DIRECTION('',(0.795019815407,0.606583459311,0.));
#5758 = ORIENTED_EDGE('',*,*,#5759,.T.);
#5759 = EDGE_CURVE('',#5752,#5760,#5762,.T.);
#5760 = VERTEX_POINT('',#5761);
#5761 = CARTESIAN_POINT('',(-3.865217,-4.4182,1.585));
#5762 = LINE('',#5763,#5764);
#5763 = CARTESIAN_POINT('',(-4.031045,-4.588176,1.585));
#5764 = VECTOR('',#5765,1.);
#5765 = DIRECTION('',(0.698319010765,0.715786671574,0.));
#5766 = ORIENTED_EDGE('',*,*,#5767,.T.);
#5767 = EDGE_CURVE('',#5760,#5768,#5770,.T.);
#5768 = VERTEX_POINT('',#5769);
#5769 = CARTESIAN_POINT('',(-3.776171,-4.236957,1.585));
#5770 = LINE('',#5771,#5772);
#5771 = CARTESIAN_POINT('',(-3.865217,-4.4182,1.585));
#5772 = VECTOR('',#5773,1.);
#5773 = DIRECTION('',(0.44096113012,0.897526201135,0.));
#5774 = ORIENTED_EDGE('',*,*,#5775,.T.);
#5775 = EDGE_CURVE('',#5768,#5776,#5778,.T.);
#5776 = VERTEX_POINT('',#5777);
#5777 = CARTESIAN_POINT('',(-3.696994,-3.907941,1.585));
#5778 = LINE('',#5779,#5780);
#5779 = CARTESIAN_POINT('',(-3.776171,-4.236957,1.585));
#5780 = VECTOR('',#5781,1.);
#5781 = DIRECTION('',(0.233968492126,0.972244179562,0.));
#5782 = ORIENTED_EDGE('',*,*,#5783,.T.);
#5783 = EDGE_CURVE('',#5776,#5784,#5786,.T.);
#5784 = VERTEX_POINT('',#5785);
#5785 = CARTESIAN_POINT('',(-3.69998,-3.655116,1.585));
#5786 = LINE('',#5787,#5788);
#5787 = CARTESIAN_POINT('',(-3.696994,-3.907941,1.585));
#5788 = VECTOR('',#5789,1.);
#5789 = DIRECTION('',(-1.180971725459E-02,0.999930262858,0.));
#5790 = ORIENTED_EDGE('',*,*,#5791,.T.);
#5791 = EDGE_CURVE('',#5784,#5792,#5794,.T.);
#5792 = VERTEX_POINT('',#5793);
#5793 = CARTESIAN_POINT('',(-3.783742,-3.329886,1.585));
#5794 = LINE('',#5795,#5796);
#5795 = CARTESIAN_POINT('',(-3.69998,-3.655116,1.585));
#5796 = VECTOR('',#5797,1.);
#5797 = DIRECTION('',(-0.249408089645,0.968398474193,0.));
#5798 = ORIENTED_EDGE('',*,*,#5799,.T.);
#5799 = EDGE_CURVE('',#5792,#5800,#5802,.T.);
#5800 = VERTEX_POINT('',#5801);
#5801 = CARTESIAN_POINT('',(-3.87237,-3.159184,1.585));
#5802 = LINE('',#5803,#5804);
#5803 = CARTESIAN_POINT('',(-3.783742,-3.329886,1.585));
#5804 = VECTOR('',#5805,1.);
#5805 = DIRECTION('',(-0.460791802296,0.887508261898,0.));
#5806 = ORIENTED_EDGE('',*,*,#5807,.T.);
#5807 = EDGE_CURVE('',#5800,#5684,#5808,.T.);
#5808 = LINE('',#5809,#5810);
#5809 = CARTESIAN_POINT('',(-3.87237,-3.159184,1.585));
#5810 = VECTOR('',#5811,1.);
#5811 = DIRECTION('',(-0.709843584212,0.704359344335,0.));
#5812 = FACE_BOUND('',#5813,.F.);
#5813 = EDGE_LOOP('',(#5814,#5824,#5832,#5840,#5848,#5856,#5864,#5872,
    #5881,#5889,#5897,#5905,#5914));
#5814 = ORIENTED_EDGE('',*,*,#5815,.T.);
#5815 = EDGE_CURVE('',#5816,#5818,#5820,.T.);
#5816 = VERTEX_POINT('',#5817);
#5817 = CARTESIAN_POINT('',(-5.995831,-0.368222,1.585));
#5818 = VERTEX_POINT('',#5819);
#5819 = CARTESIAN_POINT('',(-6.033185,-0.330869,1.585));
#5820 = LINE('',#5821,#5822);
#5821 = CARTESIAN_POINT('',(-5.995831,-0.368222,1.585));
#5822 = VECTOR('',#5823,1.);
#5823 = DIRECTION('',(-0.70711624619,0.707097316056,0.));
#5824 = ORIENTED_EDGE('',*,*,#5825,.T.);
#5825 = EDGE_CURVE('',#5818,#5826,#5828,.T.);
#5826 = VERTEX_POINT('',#5827);
#5827 = CARTESIAN_POINT('',(-6.070201,-0.31853,1.585));
#5828 = LINE('',#5829,#5830);
#5829 = CARTESIAN_POINT('',(-6.033185,-0.330869,1.585));
#5830 = VECTOR('',#5831,1.);
#5831 = DIRECTION('',(-0.948680735126,0.316235454688,0.));
#5832 = ORIENTED_EDGE('',*,*,#5833,.T.);
#5833 = EDGE_CURVE('',#5826,#5834,#5836,.T.);
#5834 = VERTEX_POINT('',#5835);
#5835 = CARTESIAN_POINT('',(-6.082708,-0.319418,1.585));
#5836 = LINE('',#5837,#5838);
#5837 = CARTESIAN_POINT('',(-6.070201,-0.31853,1.585));
#5838 = VECTOR('',#5839,1.);
#5839 = DIRECTION('',(-0.997488972622,-7.082195631955E-02,0.));
#5840 = ORIENTED_EDGE('',*,*,#5841,.T.);
#5841 = EDGE_CURVE('',#5834,#5842,#5844,.T.);
#5842 = VERTEX_POINT('',#5843);
#5843 = CARTESIAN_POINT('',(-6.109121,-0.321296,1.585));
#5844 = LINE('',#5845,#5846);
#5845 = CARTESIAN_POINT('',(-6.082708,-0.319418,1.585));
#5846 = VECTOR('',#5847,1.);
#5847 = DIRECTION('',(-0.997481842611,-7.092230721328E-02,0.));
#5848 = ORIENTED_EDGE('',*,*,#5849,.T.);
#5849 = EDGE_CURVE('',#5842,#5850,#5852,.T.);
#5850 = VERTEX_POINT('',#5851);
#5851 = CARTESIAN_POINT('',(-6.14402,-0.338746,1.585));
#5852 = LINE('',#5853,#5854);
#5853 = CARTESIAN_POINT('',(-6.109121,-0.321296,1.585));
#5854 = VECTOR('',#5855,1.);
#5855 = DIRECTION('',(-0.894422065166,-0.44722384702,0.));
#5856 = ORIENTED_EDGE('',*,*,#5857,.T.);
#5857 = EDGE_CURVE('',#5850,#5858,#5860,.T.);
#5858 = VERTEX_POINT('',#5859);
#5859 = CARTESIAN_POINT('',(-6.169585,-0.368222,1.585));
#5860 = LINE('',#5861,#5862);
#5861 = CARTESIAN_POINT('',(-6.14402,-0.338746,1.585));
#5862 = VECTOR('',#5863,1.);
#5863 = DIRECTION('',(-0.65521052825,-0.755446334077,0.));
#5864 = ORIENTED_EDGE('',*,*,#5865,.T.);
#5865 = EDGE_CURVE('',#5858,#5866,#5868,.T.);
#5866 = VERTEX_POINT('',#5867);
#5867 = CARTESIAN_POINT('',(-6.715257,-2.005238,1.585));
#5868 = LINE('',#5869,#5870);
#5869 = CARTESIAN_POINT('',(-6.169585,-0.368222,1.585));
#5870 = VECTOR('',#5871,1.);
#5871 = DIRECTION('',(-0.316227766017,-0.948683298051,0.));
#5872 = ORIENTED_EDGE('',*,*,#5873,.T.);
#5873 = EDGE_CURVE('',#5866,#5874,#5876,.T.);
#5874 = VERTEX_POINT('',#5875);
#5875 = CARTESIAN_POINT('',(-6.529165,-2.067268,1.585));
#5876 = CIRCLE('',#5877,0.100000380865);
#5877 = AXIS2_PLACEMENT_3D('',#5878,#5879,#5880);
#5878 = CARTESIAN_POINT('',(-6.616041879563,-2.017745439782,1.585));
#5879 = DIRECTION('',(0.,0.,1.));
#5880 = DIRECTION('',(-0.992147425624,0.125073921452,-0.));
#5881 = ORIENTED_EDGE('',*,*,#5882,.T.);
#5882 = EDGE_CURVE('',#5874,#5883,#5885,.T.);
#5883 = VERTEX_POINT('',#5884);
#5884 = CARTESIAN_POINT('',(-6.391585,-1.660602,1.585));
#5885 = LINE('',#5886,#5887);
#5886 = CARTESIAN_POINT('',(-6.529165,-2.067268,1.585));
#5887 = VECTOR('',#5888,1.);
#5888 = DIRECTION('',(0.320469104524,0.947258968311,0.));
#5889 = ORIENTED_EDGE('',*,*,#5890,.T.);
#5890 = EDGE_CURVE('',#5883,#5891,#5893,.T.);
#5891 = VERTEX_POINT('',#5892);
#5892 = CARTESIAN_POINT('',(-5.773832,-1.660602,1.585));
#5893 = LINE('',#5894,#5895);
#5894 = CARTESIAN_POINT('',(-6.391585,-1.660602,1.585));
#5895 = VECTOR('',#5896,1.);
#5896 = DIRECTION('',(1.,0.,0.));
#5897 = ORIENTED_EDGE('',*,*,#5898,.T.);
#5898 = EDGE_CURVE('',#5891,#5899,#5901,.T.);
#5899 = VERTEX_POINT('',#5900);
#5900 = CARTESIAN_POINT('',(-5.636252,-2.067268,1.585));
#5901 = LINE('',#5902,#5903);
#5902 = CARTESIAN_POINT('',(-5.773832,-1.660602,1.585));
#5903 = VECTOR('',#5904,1.);
#5904 = DIRECTION('',(0.320469104524,-0.947258968311,0.));
#5905 = ORIENTED_EDGE('',*,*,#5906,.T.);
#5906 = EDGE_CURVE('',#5899,#5907,#5909,.T.);
#5907 = VERTEX_POINT('',#5908);
#5908 = CARTESIAN_POINT('',(-5.45016,-2.005238,1.585));
#5909 = CIRCLE('',#5910,0.100000528794);
#5910 = AXIS2_PLACEMENT_3D('',#5911,#5912,#5913);
#5911 = CARTESIAN_POINT('',(-5.549375360217,-2.017744720434,1.585));
#5912 = DIRECTION('',(0.,0.,1.));
#5913 = DIRECTION('',(-0.868761803875,-0.495230176916,0.));
#5914 = ORIENTED_EDGE('',*,*,#5915,.T.);
#5915 = EDGE_CURVE('',#5907,#5816,#5916,.T.);
#5916 = LINE('',#5917,#5918);
#5917 = CARTESIAN_POINT('',(-5.45016,-2.005238,1.585));
#5918 = VECTOR('',#5919,1.);
#5919 = DIRECTION('',(-0.316227244449,0.948683471906,0.));
#5920 = FACE_BOUND('',#5921,.F.);
#5921 = EDGE_LOOP('',(#5922,#5932,#5940,#5948,#5957,#5965,#5974,#5982,
    #5990,#5998,#6006,#6014,#6022,#6030,#6038,#6046,#6054,#6062,#6070,
    #6078,#6086,#6094,#6102,#6110));
#5922 = ORIENTED_EDGE('',*,*,#5923,.T.);
#5923 = EDGE_CURVE('',#5924,#5926,#5928,.T.);
#5924 = VERTEX_POINT('',#5925);
#5925 = CARTESIAN_POINT('',(-7.248637,-0.409778,1.585));
#5926 = VERTEX_POINT('',#5927);
#5927 = CARTESIAN_POINT('',(-7.427724,-0.321296,1.585));
#5928 = LINE('',#5929,#5930);
#5929 = CARTESIAN_POINT('',(-7.248637,-0.409778,1.585));
#5930 = VECTOR('',#5931,1.);
#5931 = DIRECTION('',(-0.896542714041,0.442957291282,0.));
#5932 = ORIENTED_EDGE('',*,*,#5933,.T.);
#5933 = EDGE_CURVE('',#5926,#5934,#5936,.T.);
#5934 = VERTEX_POINT('',#5935);
#5935 = CARTESIAN_POINT('',(-7.454137,-0.317745,1.585));
#5936 = LINE('',#5937,#5938);
#5937 = CARTESIAN_POINT('',(-7.427724,-0.321296,1.585));
#5938 = VECTOR('',#5939,1.);
#5939 = DIRECTION('',(-0.991083449634,0.133242620287,0.));
#5940 = ORIENTED_EDGE('',*,*,#5941,.T.);
#5941 = EDGE_CURVE('',#5934,#5942,#5944,.T.);
#5942 = VERTEX_POINT('',#5943);
#5943 = CARTESIAN_POINT('',(-8.006979,-0.319666,1.585));
#5944 = LINE('',#5945,#5946);
#5945 = CARTESIAN_POINT('',(-7.454137,-0.317745,1.585));
#5946 = VECTOR('',#5947,1.);
#5947 = DIRECTION('',(-0.999993963034,-3.47475120014E-03,0.));
#5948 = ORIENTED_EDGE('',*,*,#5949,.T.);
#5949 = EDGE_CURVE('',#5942,#5950,#5952,.T.);
#5950 = VERTEX_POINT('',#5951);
#5951 = CARTESIAN_POINT('',(-8.085549,-0.398236,1.585));
#5952 = CIRCLE('',#5953,0.100002891901);
#5953 = AXIS2_PLACEMENT_3D('',#5954,#5955,#5956);
#5954 = CARTESIAN_POINT('',(-7.987467928964,-0.417747071036,1.585));
#5955 = DIRECTION('',(0.,0.,1.));
#5956 = DIRECTION('',(-0.195105068116,0.980782347106,0.));
#5957 = ORIENTED_EDGE('',*,*,#5958,.T.);
#5958 = EDGE_CURVE('',#5950,#5959,#5961,.T.);
#5959 = VERTEX_POINT('',#5960);
#5960 = CARTESIAN_POINT('',(-8.085549,-2.037254,1.585));
#5961 = LINE('',#5962,#5963);
#5962 = CARTESIAN_POINT('',(-8.085549,-0.398236,1.585));
#5963 = VECTOR('',#5964,1.);
#5964 = DIRECTION('',(0.,-1.,0.));
#5965 = ORIENTED_EDGE('',*,*,#5966,.T.);
#5966 = EDGE_CURVE('',#5959,#5967,#5969,.T.);
#5967 = VERTEX_POINT('',#5968);
#5968 = CARTESIAN_POINT('',(-8.006979,-2.115824,1.585));
#5969 = CIRCLE('',#5970,0.100002891901);
#5970 = AXIS2_PLACEMENT_3D('',#5971,#5972,#5973);
#5971 = CARTESIAN_POINT('',(-7.987467928964,-2.017742928964,1.585));
#5972 = DIRECTION('',(0.,0.,1.));
#5973 = DIRECTION('',(-0.980782347106,-0.195105068116,0.));
#5974 = ORIENTED_EDGE('',*,*,#5975,.T.);
#5975 = EDGE_CURVE('',#5967,#5976,#5978,.T.);
#5976 = VERTEX_POINT('',#5977);
#5977 = CARTESIAN_POINT('',(-7.358437,-2.115824,1.585));
#5978 = LINE('',#5979,#5980);
#5979 = CARTESIAN_POINT('',(-8.006979,-2.115824,1.585));
#5980 = VECTOR('',#5981,1.);
#5981 = DIRECTION('',(1.,0.,0.));
#5982 = ORIENTED_EDGE('',*,*,#5983,.T.);
#5983 = EDGE_CURVE('',#5976,#5984,#5986,.T.);
#5984 = VERTEX_POINT('',#5985);
#5985 = CARTESIAN_POINT('',(-7.333225,-2.107188,1.585));
#5986 = LINE('',#5987,#5988);
#5987 = CARTESIAN_POINT('',(-7.358437,-2.115824,1.585));
#5988 = VECTOR('',#5989,1.);
#5989 = DIRECTION('',(0.946039317712,0.32405186212,0.));
#5990 = ORIENTED_EDGE('',*,*,#5991,.T.);
#5991 = EDGE_CURVE('',#5984,#5992,#5994,.T.);
#5992 = VERTEX_POINT('',#5993);
#5993 = CARTESIAN_POINT('',(-7.162521,-2.018557,1.585));
#5994 = LINE('',#5995,#5996);
#5995 = CARTESIAN_POINT('',(-7.333225,-2.107188,1.585));
#5996 = VECTOR('',#5997,1.);
#5997 = DIRECTION('',(0.887504091099,0.460799835377,0.));
#5998 = ORIENTED_EDGE('',*,*,#5999,.T.);
#5999 = EDGE_CURVE('',#5992,#6000,#6002,.T.);
#6000 = VERTEX_POINT('',#6001);
#6001 = CARTESIAN_POINT('',(-7.065217,-1.91848,1.585));
#6002 = LINE('',#6003,#6004);
#6003 = CARTESIAN_POINT('',(-7.162521,-2.018557,1.585));
#6004 = VECTOR('',#6005,1.);
#6005 = DIRECTION('',(0.697103866773,0.71697015205,0.));
#6006 = ORIENTED_EDGE('',*,*,#6007,.T.);
#6007 = EDGE_CURVE('',#6000,#6008,#6010,.T.);
#6008 = VERTEX_POINT('',#6009);
#6009 = CARTESIAN_POINT('',(-6.976735,-1.739396,1.585));
#6010 = LINE('',#6011,#6012);
#6011 = CARTESIAN_POINT('',(-7.065217,-1.91848,1.585));
#6012 = VECTOR('',#6013,1.);
#6013 = DIRECTION('',(0.442963255673,0.896539767173,0.));
#6014 = ORIENTED_EDGE('',*,*,#6015,.T.);
#6015 = EDGE_CURVE('',#6008,#6016,#6018,.T.);
#6016 = VERTEX_POINT('',#6017);
#6017 = CARTESIAN_POINT('',(-6.973184,-1.712983,1.585));
#6018 = LINE('',#6019,#6020);
#6019 = CARTESIAN_POINT('',(-6.976735,-1.739396,1.585));
#6020 = VECTOR('',#6021,1.);
#6021 = DIRECTION('',(0.133242620287,0.991083449634,0.));
#6022 = ORIENTED_EDGE('',*,*,#6023,.T.);
#6023 = EDGE_CURVE('',#6016,#6024,#6026,.T.);
#6024 = VERTEX_POINT('',#6025);
#6025 = CARTESIAN_POINT('',(-6.976481,-1.461582,1.585));
#6026 = LINE('',#6027,#6028);
#6027 = CARTESIAN_POINT('',(-6.973184,-1.712983,1.585));
#6028 = VECTOR('',#6029,1.);
#6029 = DIRECTION('',(-1.311337866833E-02,0.999914015953,0.));
#6030 = ORIENTED_EDGE('',*,*,#6031,.T.);
#6031 = EDGE_CURVE('',#6024,#6032,#6034,.T.);
#6032 = VERTEX_POINT('',#6033);
#6033 = CARTESIAN_POINT('',(-7.059932,-1.287309,1.585));
#6034 = LINE('',#6035,#6036);
#6035 = CARTESIAN_POINT('',(-6.976481,-1.461582,1.585));
#6036 = VECTOR('',#6037,1.);
#6037 = DIRECTION('',(-0.431889461521,0.90192654525,0.));
#6038 = ORIENTED_EDGE('',*,*,#6039,.T.);
#6039 = EDGE_CURVE('',#6032,#6040,#6042,.T.);
#6040 = VERTEX_POINT('',#6041);
#6041 = CARTESIAN_POINT('',(-7.078664,-1.261321,1.585));
#6042 = LINE('',#6043,#6044);
#6043 = CARTESIAN_POINT('',(-7.059932,-1.287309,1.585));
#6044 = VECTOR('',#6045,1.);
#6045 = DIRECTION('',(-0.58472896642,0.811228719801,0.));
#6046 = ORIENTED_EDGE('',*,*,#6047,.T.);
#6047 = EDGE_CURVE('',#6040,#6048,#6050,.T.);
#6048 = VERTEX_POINT('',#6049);
#6049 = CARTESIAN_POINT('',(-7.176042,-1.168963,1.585));
#6050 = LINE('',#6051,#6052);
#6051 = CARTESIAN_POINT('',(-7.078664,-1.261321,1.585));
#6052 = VECTOR('',#6053,1.);
#6053 = DIRECTION('',(-0.725561373787,0.688157462263,0.));
#6054 = ORIENTED_EDGE('',*,*,#6055,.T.);
#6055 = EDGE_CURVE('',#6048,#6056,#6058,.T.);
#6056 = VERTEX_POINT('',#6057);
#6057 = CARTESIAN_POINT('',(-7.211872,-1.154995,1.585));
#6058 = LINE('',#6059,#6060);
#6059 = CARTESIAN_POINT('',(-7.176042,-1.168963,1.585));
#6060 = VECTOR('',#6061,1.);
#6061 = DIRECTION('',(-0.931704720461,0.363216621139,0.));
#6062 = ORIENTED_EDGE('',*,*,#6063,.T.);
#6063 = EDGE_CURVE('',#6056,#6064,#6066,.T.);
#6064 = VERTEX_POINT('',#6065);
#6065 = CARTESIAN_POINT('',(-7.141407,-1.080385,1.585));
#6066 = LINE('',#6067,#6068);
#6067 = CARTESIAN_POINT('',(-7.211872,-1.154995,1.585));
#6068 = VECTOR('',#6069,1.);
#6069 = DIRECTION('',(0.686623532964,0.72701315255,0.));
#6070 = ORIENTED_EDGE('',*,*,#6071,.T.);
#6071 = EDGE_CURVE('',#6064,#6072,#6074,.T.);
#6072 = VERTEX_POINT('',#6073);
#6073 = CARTESIAN_POINT('',(-7.052926,-0.901301,1.585));
#6074 = LINE('',#6075,#6076);
#6075 = CARTESIAN_POINT('',(-7.141407,-1.080385,1.585));
#6076 = VECTOR('',#6077,1.);
#6077 = DIRECTION('',(0.442959231716,0.896541755323,0.));
#6078 = ORIENTED_EDGE('',*,*,#6079,.T.);
#6079 = EDGE_CURVE('',#6072,#6080,#6082,.T.);
#6080 = VERTEX_POINT('',#6081);
#6081 = CARTESIAN_POINT('',(-7.049375,-0.874888,1.585));
#6082 = LINE('',#6083,#6084);
#6083 = CARTESIAN_POINT('',(-7.052926,-0.901301,1.585));
#6084 = VECTOR('',#6085,1.);
#6085 = DIRECTION('',(0.133242620287,0.991083449634,0.));
#6086 = ORIENTED_EDGE('',*,*,#6087,.T.);
#6087 = EDGE_CURVE('',#6080,#6088,#6090,.T.);
#6088 = VERTEX_POINT('',#6089);
#6089 = CARTESIAN_POINT('',(-7.052672,-0.699677,1.585));
#6090 = LINE('',#6091,#6092);
#6091 = CARTESIAN_POINT('',(-7.049375,-0.874888,1.585));
#6092 = VECTOR('',#6093,1.);
#6093 = DIRECTION('',(-1.881398106053E-02,0.999823001394,0.));
#6094 = ORIENTED_EDGE('',*,*,#6095,.T.);
#6095 = EDGE_CURVE('',#6088,#6096,#6098,.T.);
#6096 = VERTEX_POINT('',#6097);
#6097 = CARTESIAN_POINT('',(-7.136122,-0.525405,1.585));
#6098 = LINE('',#6099,#6100);
#6099 = CARTESIAN_POINT('',(-7.052672,-0.699677,1.585));
#6100 = VECTOR('',#6101,1.);
#6101 = DIRECTION('',(-0.431887267466,0.901927595875,0.));
#6102 = ORIENTED_EDGE('',*,*,#6103,.T.);
#6103 = EDGE_CURVE('',#6096,#6104,#6106,.T.);
#6104 = VERTEX_POINT('',#6105);
#6105 = CARTESIAN_POINT('',(-7.154855,-0.499415,1.585));
#6106 = LINE('',#6107,#6108);
#6107 = CARTESIAN_POINT('',(-7.136122,-0.525405,1.585));
#6108 = VECTOR('',#6109,1.);
#6109 = DIRECTION('',(-0.584719895598,0.811235257919,0.));
#6110 = ORIENTED_EDGE('',*,*,#6111,.T.);
#6111 = EDGE_CURVE('',#6104,#5924,#6112,.T.);
#6112 = LINE('',#6113,#6114);
#6113 = CARTESIAN_POINT('',(-7.154855,-0.499415,1.585));
#6114 = VECTOR('',#6115,1.);
#6115 = DIRECTION('',(-0.722901788763,0.690950796948,0.));
#6116 = FACE_BOUND('',#6117,.F.);
#6117 = EDGE_LOOP('',(#6118,#6129,#6137,#6146,#6154,#6162,#6171,#6179));
#6118 = ORIENTED_EDGE('',*,*,#6119,.T.);
#6119 = EDGE_CURVE('',#6120,#6122,#6124,.T.);
#6120 = VERTEX_POINT('',#6121);
#6121 = CARTESIAN_POINT('',(-4.310818,-0.515824,1.585));
#6122 = VERTEX_POINT('',#6123);
#6123 = CARTESIAN_POINT('',(-4.310818,-0.319666,1.585));
#6124 = CIRCLE('',#6125,0.100000456609);
#6125 = AXIS2_PLACEMENT_3D('',#6126,#6127,#6128);
#6126 = CARTESIAN_POINT('',(-4.330327,-0.417745,1.585));
#6127 = DIRECTION('',(0.,-0.,1.));
#6128 = DIRECTION('',(0.195089109206,-0.980785521645,-0.));
#6129 = ORIENTED_EDGE('',*,*,#6130,.T.);
#6130 = EDGE_CURVE('',#6122,#6131,#6133,.T.);
#6131 = VERTEX_POINT('',#6132);
#6132 = CARTESIAN_POINT('',(-5.264122,-0.319666,1.585));
#6133 = LINE('',#6134,#6135);
#6134 = CARTESIAN_POINT('',(-4.310818,-0.319666,1.585));
#6135 = VECTOR('',#6136,1.);
#6136 = DIRECTION('',(-1.,0.,0.));
#6137 = ORIENTED_EDGE('',*,*,#6138,.T.);
#6138 = EDGE_CURVE('',#6131,#6139,#6141,.T.);
#6139 = VERTEX_POINT('',#6140);
#6140 = CARTESIAN_POINT('',(-5.264122,-0.515824,1.585));
#6141 = CIRCLE('',#6142,0.100000456609);
#6142 = AXIS2_PLACEMENT_3D('',#6143,#6144,#6145);
#6143 = CARTESIAN_POINT('',(-5.244613,-0.417745,1.585));
#6144 = DIRECTION('',(0.,0.,1.));
#6145 = DIRECTION('',(-0.195089109206,0.980785521645,0.));
#6146 = ORIENTED_EDGE('',*,*,#6147,.T.);
#6147 = EDGE_CURVE('',#6139,#6148,#6150,.T.);
#6148 = VERTEX_POINT('',#6149);
#6149 = CARTESIAN_POINT('',(-4.88747,-0.517745,1.585));
#6150 = LINE('',#6151,#6152);
#6151 = CARTESIAN_POINT('',(-5.264122,-0.515824,1.585));
#6152 = VECTOR('',#6153,1.);
#6153 = DIRECTION('',(0.999986994241,-5.100132259849E-03,0.));
#6154 = ORIENTED_EDGE('',*,*,#6155,.T.);
#6155 = EDGE_CURVE('',#6148,#6156,#6158,.T.);
#6156 = VERTEX_POINT('',#6157);
#6157 = CARTESIAN_POINT('',(-4.885549,-2.037254,1.585));
#6158 = LINE('',#6159,#6160);
#6159 = CARTESIAN_POINT('',(-4.88747,-0.517745,1.585));
#6160 = VECTOR('',#6161,1.);
#6161 = DIRECTION('',(1.264223156869E-03,-0.99999920087,0.));
#6162 = ORIENTED_EDGE('',*,*,#6163,.T.);
#6163 = EDGE_CURVE('',#6156,#6164,#6166,.T.);
#6164 = VERTEX_POINT('',#6165);
#6165 = CARTESIAN_POINT('',(-4.689391,-2.037254,1.585));
#6166 = CIRCLE('',#6167,0.100000456609);
#6167 = AXIS2_PLACEMENT_3D('',#6168,#6169,#6170);
#6168 = CARTESIAN_POINT('',(-4.78747,-2.017745,1.585));
#6169 = DIRECTION('',(0.,0.,1.));
#6170 = DIRECTION('',(-0.980785521645,-0.195089109206,0.));
#6171 = ORIENTED_EDGE('',*,*,#6172,.T.);
#6172 = EDGE_CURVE('',#6164,#6173,#6175,.T.);
#6173 = VERTEX_POINT('',#6174);
#6174 = CARTESIAN_POINT('',(-4.68747,-0.517745,1.585));
#6175 = LINE('',#6176,#6177);
#6176 = CARTESIAN_POINT('',(-4.689391,-2.037254,1.585));
#6177 = VECTOR('',#6178,1.);
#6178 = DIRECTION('',(1.264223156868E-03,0.99999920087,0.));
#6179 = ORIENTED_EDGE('',*,*,#6180,.T.);
#6180 = EDGE_CURVE('',#6173,#6120,#6181,.T.);
#6181 = LINE('',#6182,#6183);
#6182 = CARTESIAN_POINT('',(-4.68747,-0.517745,1.585));
#6183 = VECTOR('',#6184,1.);
#6184 = DIRECTION('',(0.999986994241,5.100132259849E-03,0.));
#6185 = FACE_BOUND('',#6186,.F.);
#6186 = EDGE_LOOP('',(#6187,#6198,#6206,#6215,#6223,#6231,#6240,#6248));
#6187 = ORIENTED_EDGE('',*,*,#6188,.T.);
#6188 = EDGE_CURVE('',#6189,#6191,#6193,.T.);
#6189 = VERTEX_POINT('',#6190);
#6190 = CARTESIAN_POINT('',(-3.09177,-0.515824,1.585));
#6191 = VERTEX_POINT('',#6192);
#6192 = CARTESIAN_POINT('',(-3.09177,-0.319666,1.585));
#6193 = CIRCLE('',#6194,0.100000456609);
#6194 = AXIS2_PLACEMENT_3D('',#6195,#6196,#6197);
#6195 = CARTESIAN_POINT('',(-3.111279,-0.417745,1.585));
#6196 = DIRECTION('',(0.,-0.,1.));
#6197 = DIRECTION('',(0.195089109206,-0.980785521645,-0.));
#6198 = ORIENTED_EDGE('',*,*,#6199,.T.);
#6199 = EDGE_CURVE('',#6191,#6200,#6202,.T.);
#6200 = VERTEX_POINT('',#6201);
#6201 = CARTESIAN_POINT('',(-4.045074,-0.319666,1.585));
#6202 = LINE('',#6203,#6204);
#6203 = CARTESIAN_POINT('',(-3.09177,-0.319666,1.585));
#6204 = VECTOR('',#6205,1.);
#6205 = DIRECTION('',(-1.,0.,0.));
#6206 = ORIENTED_EDGE('',*,*,#6207,.T.);
#6207 = EDGE_CURVE('',#6200,#6208,#6210,.T.);
#6208 = VERTEX_POINT('',#6209);
#6209 = CARTESIAN_POINT('',(-4.045074,-0.515824,1.585));
#6210 = CIRCLE('',#6211,0.100000456609);
#6211 = AXIS2_PLACEMENT_3D('',#6212,#6213,#6214);
#6212 = CARTESIAN_POINT('',(-4.025565,-0.417745,1.585));
#6213 = DIRECTION('',(0.,0.,1.));
#6214 = DIRECTION('',(-0.195089109206,0.980785521645,0.));
#6215 = ORIENTED_EDGE('',*,*,#6216,.T.);
#6216 = EDGE_CURVE('',#6208,#6217,#6219,.T.);
#6217 = VERTEX_POINT('',#6218);
#6218 = CARTESIAN_POINT('',(-3.668422,-0.517745,1.585));
#6219 = LINE('',#6220,#6221);
#6220 = CARTESIAN_POINT('',(-4.045074,-0.515824,1.585));
#6221 = VECTOR('',#6222,1.);
#6222 = DIRECTION('',(0.999986994241,-5.100132259849E-03,0.));
#6223 = ORIENTED_EDGE('',*,*,#6224,.T.);
#6224 = EDGE_CURVE('',#6217,#6225,#6227,.T.);
#6225 = VERTEX_POINT('',#6226);
#6226 = CARTESIAN_POINT('',(-3.666501,-2.037254,1.585));
#6227 = LINE('',#6228,#6229);
#6228 = CARTESIAN_POINT('',(-3.668422,-0.517745,1.585));
#6229 = VECTOR('',#6230,1.);
#6230 = DIRECTION('',(1.264223156869E-03,-0.99999920087,0.));
#6231 = ORIENTED_EDGE('',*,*,#6232,.T.);
#6232 = EDGE_CURVE('',#6225,#6233,#6235,.T.);
#6233 = VERTEX_POINT('',#6234);
#6234 = CARTESIAN_POINT('',(-3.470343,-2.037254,1.585));
#6235 = CIRCLE('',#6236,0.100000456609);
#6236 = AXIS2_PLACEMENT_3D('',#6237,#6238,#6239);
#6237 = CARTESIAN_POINT('',(-3.568422,-2.017745,1.585));
#6238 = DIRECTION('',(0.,0.,1.));
#6239 = DIRECTION('',(-0.980785521645,-0.195089109206,0.));
#6240 = ORIENTED_EDGE('',*,*,#6241,.T.);
#6241 = EDGE_CURVE('',#6233,#6242,#6244,.T.);
#6242 = VERTEX_POINT('',#6243);
#6243 = CARTESIAN_POINT('',(-3.468422,-0.517745,1.585));
#6244 = LINE('',#6245,#6246);
#6245 = CARTESIAN_POINT('',(-3.470343,-2.037254,1.585));
#6246 = VECTOR('',#6247,1.);
#6247 = DIRECTION('',(1.264223156869E-03,0.99999920087,0.));
#6248 = ORIENTED_EDGE('',*,*,#6249,.T.);
#6249 = EDGE_CURVE('',#6242,#6189,#6250,.T.);
#6250 = LINE('',#6251,#6252);
#6251 = CARTESIAN_POINT('',(-3.468422,-0.517745,1.585));
#6252 = VECTOR('',#6253,1.);
#6253 = DIRECTION('',(0.999986994241,5.100132259849E-03,0.));
#6254 = FACE_BOUND('',#6255,.F.);
#6255 = EDGE_LOOP('',(#6256,#6266,#6274,#6282,#6290,#6299,#6307,#6316,
    #6324,#6332,#6341,#6349,#6358,#6366));
#6256 = ORIENTED_EDGE('',*,*,#6257,.T.);
#6257 = EDGE_CURVE('',#6258,#6260,#6262,.T.);
#6258 = VERTEX_POINT('',#6259);
#6259 = CARTESIAN_POINT('',(-6.311993,2.223764,1.585));
#6260 = VERTEX_POINT('',#6261);
#6261 = CARTESIAN_POINT('',(-6.342842,2.247654,1.585));
#6262 = LINE('',#6263,#6264);
#6263 = CARTESIAN_POINT('',(-6.311993,2.223764,1.585));
#6264 = VECTOR('',#6265,1.);
#6265 = DIRECTION('',(-0.790638057684,0.612283808165,0.));
#6266 = ORIENTED_EDGE('',*,*,#6267,.T.);
#6267 = EDGE_CURVE('',#6260,#6268,#6270,.T.);
#6268 = VERTEX_POINT('',#6269);
#6269 = CARTESIAN_POINT('',(-6.380485,2.257921,1.585));
#6270 = LINE('',#6271,#6272);
#6271 = CARTESIAN_POINT('',(-6.342842,2.247654,1.585));
#6272 = VECTOR('',#6273,1.);
#6273 = DIRECTION('',(-0.964759089541,0.263134754731,0.));
#6274 = ORIENTED_EDGE('',*,*,#6275,.T.);
#6275 = EDGE_CURVE('',#6268,#6276,#6278,.T.);
#6276 = VERTEX_POINT('',#6277);
#6277 = CARTESIAN_POINT('',(-6.393678,2.256244,1.585));
#6278 = LINE('',#6279,#6280);
#6279 = CARTESIAN_POINT('',(-6.380485,2.257921,1.585));
#6280 = VECTOR('',#6281,1.);
#6281 = DIRECTION('',(-0.99201776168,-0.126098217717,0.));
#6282 = ORIENTED_EDGE('',*,*,#6283,.T.);
#6283 = EDGE_CURVE('',#6276,#6284,#6286,.T.);
#6284 = VERTEX_POINT('',#6285);
#6285 = CARTESIAN_POINT('',(-6.419192,2.253001,1.585));
#6286 = LINE('',#6287,#6288);
#6287 = CARTESIAN_POINT('',(-6.393678,2.256244,1.585));
#6288 = VECTOR('',#6289,1.);
#6289 = DIRECTION('',(-0.992018528106,-0.126092188079,0.));
#6290 = ORIENTED_EDGE('',*,*,#6291,.T.);
#6291 = EDGE_CURVE('',#6284,#6292,#6294,.T.);
#6292 = VERTEX_POINT('',#6293);
#6293 = CARTESIAN_POINT('',(-6.48747,2.158165,1.585));
#6294 = CIRCLE('',#6295,0.100002878373);
#6295 = AXIS2_PLACEMENT_3D('',#6296,#6297,#6298);
#6296 = CARTESIAN_POINT('',(-6.387467121635,2.158163730028,1.585));
#6297 = DIRECTION('',(0.,0.,1.));
#6298 = DIRECTION('',(-0.317239652311,0.948345402795,0.));
#6299 = ORIENTED_EDGE('',*,*,#6300,.T.);
#6300 = EDGE_CURVE('',#6292,#6301,#6303,.T.);
#6301 = VERTEX_POINT('',#6302);
#6302 = CARTESIAN_POINT('',(-6.485549,0.538656,1.585));
#6303 = LINE('',#6304,#6305);
#6304 = CARTESIAN_POINT('',(-6.48747,2.158165,1.585));
#6305 = VECTOR('',#6306,1.);
#6306 = DIRECTION('',(1.186161144271E-03,-0.999999296511,0.));
#6307 = ORIENTED_EDGE('',*,*,#6308,.T.);
#6308 = EDGE_CURVE('',#6301,#6309,#6311,.T.);
#6309 = VERTEX_POINT('',#6310);
#6310 = CARTESIAN_POINT('',(-6.289391,0.538656,1.585));
#6311 = CIRCLE('',#6312,0.100000456609);
#6312 = AXIS2_PLACEMENT_3D('',#6313,#6314,#6315);
#6313 = CARTESIAN_POINT('',(-6.38747,0.558165,1.585));
#6314 = DIRECTION('',(0.,0.,1.));
#6315 = DIRECTION('',(-0.980785521645,-0.195089109206,0.));
#6316 = ORIENTED_EDGE('',*,*,#6317,.T.);
#6317 = EDGE_CURVE('',#6309,#6318,#6320,.T.);
#6318 = VERTEX_POINT('',#6319);
#6319 = CARTESIAN_POINT('',(-6.28747,1.78161,1.585));
#6320 = LINE('',#6321,#6322);
#6321 = CARTESIAN_POINT('',(-6.289391,0.538656,1.585));
#6322 = VECTOR('',#6323,1.);
#6323 = DIRECTION('',(1.545509894773E-03,0.999998805699,0.));
#6324 = ORIENTED_EDGE('',*,*,#6325,.T.);
#6325 = EDGE_CURVE('',#6318,#6326,#6328,.T.);
#6326 = VERTEX_POINT('',#6327);
#6327 = CARTESIAN_POINT('',(-5.548661,0.492566,1.585));
#6328 = LINE('',#6329,#6330);
#6329 = CARTESIAN_POINT('',(-6.28747,1.78161,1.585));
#6330 = VECTOR('',#6331,1.);
#6331 = DIRECTION('',(0.497261069995,-0.867600961426,0.));
#6332 = ORIENTED_EDGE('',*,*,#6333,.T.);
#6333 = EDGE_CURVE('',#6326,#6334,#6336,.T.);
#6334 = VERTEX_POINT('',#6335);
#6335 = CARTESIAN_POINT('',(-5.373184,0.558165,1.585));
#6336 = CIRCLE('',#6337,9.99996142919E-02);
#6337 = AXIS2_PLACEMENT_3D('',#6338,#6339,#6340);
#6338 = CARTESIAN_POINT('',(-5.473183614286,0.558163919969,1.585));
#6339 = DIRECTION('',(0.,0.,1.));
#6340 = DIRECTION('',(-0.754776768374,-0.655981729869,0.));
#6341 = ORIENTED_EDGE('',*,*,#6342,.T.);
#6342 = EDGE_CURVE('',#6334,#6343,#6345,.T.);
#6343 = VERTEX_POINT('',#6344);
#6344 = CARTESIAN_POINT('',(-5.375105,2.177674,1.585));
#6345 = LINE('',#6346,#6347);
#6346 = CARTESIAN_POINT('',(-5.373184,0.558165,1.585));
#6347 = VECTOR('',#6348,1.);
#6348 = DIRECTION('',(-1.18616114427E-03,0.999999296511,0.));
#6349 = ORIENTED_EDGE('',*,*,#6350,.T.);
#6350 = EDGE_CURVE('',#6343,#6351,#6353,.T.);
#6351 = VERTEX_POINT('',#6352);
#6352 = CARTESIAN_POINT('',(-5.571263,2.177674,1.585));
#6353 = CIRCLE('',#6354,0.100000456609);
#6354 = AXIS2_PLACEMENT_3D('',#6355,#6356,#6357);
#6355 = CARTESIAN_POINT('',(-5.473184,2.158165,1.585));
#6356 = DIRECTION('',(0.,0.,1.));
#6357 = DIRECTION('',(0.980785521645,0.195089109206,-0.));
#6358 = ORIENTED_EDGE('',*,*,#6359,.T.);
#6359 = EDGE_CURVE('',#6351,#6360,#6362,.T.);
#6360 = VERTEX_POINT('',#6361);
#6361 = CARTESIAN_POINT('',(-5.573184,0.934721,1.585));
#6362 = LINE('',#6363,#6364);
#6363 = CARTESIAN_POINT('',(-5.571263,2.177674,1.585));
#6364 = VECTOR('',#6365,1.);
#6365 = DIRECTION('',(-1.545511138188E-03,-0.999998805697,0.));
#6366 = ORIENTED_EDGE('',*,*,#6367,.T.);
#6367 = EDGE_CURVE('',#6360,#6258,#6368,.T.);
#6368 = LINE('',#6369,#6370);
#6369 = CARTESIAN_POINT('',(-5.573184,0.934721,1.585));
#6370 = VECTOR('',#6371,1.);
#6371 = DIRECTION('',(-0.497261360368,0.867600795,0.));
#6372 = FACE_BOUND('',#6373,.F.);
#6373 = EDGE_LOOP('',(#6374,#6385,#6393,#6401,#6409,#6417,#6425,#6433,
    #6441,#6449,#6457,#6465,#6473,#6481,#6489,#6497,#6505,#6513,#6521,
    #6529,#6537,#6545,#6554,#6562,#6571,#6579,#6587,#6595,#6604,#6612,
    #6621,#6629,#6637,#6645,#6653,#6661));
#6374 = ORIENTED_EDGE('',*,*,#6375,.T.);
#6375 = EDGE_CURVE('',#6376,#6378,#6380,.T.);
#6376 = VERTEX_POINT('',#6377);
#6377 = CARTESIAN_POINT('',(-7.175788,1.985526,1.585));
#6378 = VERTEX_POINT('',#6379);
#6379 = CARTESIAN_POINT('',(-7.088063,2.160975,1.585));
#6380 = CIRCLE('',#6381,0.100000617748);
#6381 = AXIS2_PLACEMENT_3D('',#6382,#6383,#6384);
#6382 = CARTESIAN_POINT('',(-7.149375219211,2.081975409334,1.585));
#6383 = DIRECTION('',(0.,0.,1.));
#6384 = DIRECTION('',(-0.264126176257,-0.964488135239,0.));
#6385 = ORIENTED_EDGE('',*,*,#6386,.T.);
#6386 = EDGE_CURVE('',#6378,#6387,#6389,.T.);
#6387 = VERTEX_POINT('',#6388);
#6388 = CARTESIAN_POINT('',(-7.275343,2.254614,1.585));
#6389 = LINE('',#6390,#6391);
#6390 = CARTESIAN_POINT('',(-7.088063,2.160975,1.585));
#6391 = VECTOR('',#6392,1.);
#6392 = DIRECTION('',(-0.894429101349,0.447209774782,0.));
#6393 = ORIENTED_EDGE('',*,*,#6394,.T.);
#6394 = EDGE_CURVE('',#6387,#6395,#6397,.T.);
#6395 = VERTEX_POINT('',#6396);
#6396 = CARTESIAN_POINT('',(-7.301756,2.258165,1.585));
#6397 = LINE('',#6398,#6399);
#6398 = CARTESIAN_POINT('',(-7.275343,2.254614,1.585));
#6399 = VECTOR('',#6400,1.);
#6400 = DIRECTION('',(-0.991083449634,0.133242620287,0.));
#6401 = ORIENTED_EDGE('',*,*,#6402,.T.);
#6402 = EDGE_CURVE('',#6395,#6403,#6405,.T.);
#6403 = VERTEX_POINT('',#6404);
#6404 = CARTESIAN_POINT('',(-7.540201,2.257193,1.585));
#6405 = LINE('',#6406,#6407);
#6406 = CARTESIAN_POINT('',(-7.301756,2.258165,1.585));
#6407 = VECTOR('',#6408,1.);
#6408 = DIRECTION('',(-0.999991691537,-4.076377882422E-03,0.));
#6409 = ORIENTED_EDGE('',*,*,#6410,.T.);
#6410 = EDGE_CURVE('',#6403,#6411,#6413,.T.);
#6411 = VERTEX_POINT('',#6412);
#6412 = CARTESIAN_POINT('',(-7.808422,2.168852,1.585));
#6413 = LINE('',#6414,#6415);
#6414 = CARTESIAN_POINT('',(-7.540201,2.257193,1.585));
#6415 = VECTOR('',#6416,1.);
#6416 = DIRECTION('',(-0.949809673213,-0.312828362959,0.));
#6417 = ORIENTED_EDGE('',*,*,#6418,.T.);
#6418 = EDGE_CURVE('',#6411,#6419,#6421,.T.);
#6419 = VERTEX_POINT('',#6420);
#6420 = CARTESIAN_POINT('',(-7.82961,2.152685,1.585));
#6421 = LINE('',#6422,#6423);
#6422 = CARTESIAN_POINT('',(-7.808422,2.168852,1.585));
#6423 = VECTOR('',#6424,1.);
#6424 = DIRECTION('',(-0.795001720552,-0.606607174635,0.));
#6425 = ORIENTED_EDGE('',*,*,#6426,.T.);
#6426 = EDGE_CURVE('',#6419,#6427,#6429,.T.);
#6427 = VERTEX_POINT('',#6428);
#6428 = CARTESIAN_POINT('',(-7.995437,1.982714,1.585));
#6429 = LINE('',#6430,#6431);
#6430 = CARTESIAN_POINT('',(-7.82961,2.152685,1.585));
#6431 = VECTOR('',#6432,1.);
#6432 = DIRECTION('',(-0.698327377855,-0.715778508575,0.));
#6433 = ORIENTED_EDGE('',*,*,#6434,.T.);
#6434 = EDGE_CURVE('',#6427,#6435,#6437,.T.);
#6435 = VERTEX_POINT('',#6436);
#6436 = CARTESIAN_POINT('',(-8.084484,1.801467,1.585));
#6437 = LINE('',#6438,#6439);
#6438 = CARTESIAN_POINT('',(-7.995437,1.982714,1.585));
#6439 = VECTOR('',#6440,1.);
#6440 = DIRECTION('',(-0.440957279751,-0.897528092839,0.));
#6441 = ORIENTED_EDGE('',*,*,#6442,.T.);
#6442 = EDGE_CURVE('',#6435,#6443,#6445,.T.);
#6443 = VERTEX_POINT('',#6444);
#6444 = CARTESIAN_POINT('',(-8.163661,1.472451,1.585));
#6445 = LINE('',#6446,#6447);
#6446 = CARTESIAN_POINT('',(-8.084484,1.801467,1.585));
#6447 = VECTOR('',#6448,1.);
#6448 = DIRECTION('',(-0.233968492126,-0.972244179562,0.));
#6449 = ORIENTED_EDGE('',*,*,#6450,.T.);
#6450 = EDGE_CURVE('',#6443,#6451,#6453,.T.);
#6451 = VERTEX_POINT('',#6452);
#6452 = CARTESIAN_POINT('',(-8.160675,1.219625,1.585));
#6453 = LINE('',#6454,#6455);
#6454 = CARTESIAN_POINT('',(-8.163661,1.472451,1.585));
#6455 = VECTOR('',#6456,1.);
#6456 = DIRECTION('',(1.180967055026E-02,-0.999930263409,0.));
#6457 = ORIENTED_EDGE('',*,*,#6458,.T.);
#6458 = EDGE_CURVE('',#6451,#6459,#6461,.T.);
#6459 = VERTEX_POINT('',#6460);
#6460 = CARTESIAN_POINT('',(-8.076913,0.894396,1.585));
#6461 = LINE('',#6462,#6463);
#6462 = CARTESIAN_POINT('',(-8.160675,1.219625,1.585));
#6463 = VECTOR('',#6464,1.);
#6464 = DIRECTION('',(0.249408808812,-0.968398288974,0.));
#6465 = ORIENTED_EDGE('',*,*,#6466,.T.);
#6466 = EDGE_CURVE('',#6459,#6467,#6469,.T.);
#6467 = VERTEX_POINT('',#6468);
#6468 = CARTESIAN_POINT('',(-7.988283,0.723692,1.585));
#6469 = LINE('',#6470,#6471);
#6470 = CARTESIAN_POINT('',(-8.076913,0.894396,1.585));
#6471 = VECTOR('',#6472,1.);
#6472 = DIRECTION('',(0.460795740235,-0.88750621732,0.));
#6473 = ORIENTED_EDGE('',*,*,#6474,.T.);
#6474 = EDGE_CURVE('',#6467,#6475,#6477,.T.);
#6475 = VERTEX_POINT('',#6476);
#6476 = CARTESIAN_POINT('',(-7.814457,0.551208,1.585));
#6477 = LINE('',#6478,#6479);
#6478 = CARTESIAN_POINT('',(-7.988283,0.723692,1.585));
#6479 = VECTOR('',#6480,1.);
#6480 = DIRECTION('',(0.709841589778,-0.704361354293,0.));
#6481 = ORIENTED_EDGE('',*,*,#6482,.T.);
#6482 = EDGE_CURVE('',#6475,#6483,#6485,.T.);
#6483 = VERTEX_POINT('',#6484);
#6484 = CARTESIAN_POINT('',(-7.790522,0.539487,1.585));
#6485 = LINE('',#6486,#6487);
#6486 = CARTESIAN_POINT('',(-7.814457,0.551208,1.585));
#6487 = VECTOR('',#6488,1.);
#6488 = DIRECTION('',(0.8980962826,-0.439798894019,0.));
#6489 = ORIENTED_EDGE('',*,*,#6490,.T.);
#6490 = EDGE_CURVE('',#6483,#6491,#6493,.T.);
#6491 = VERTEX_POINT('',#6492);
#6492 = CARTESIAN_POINT('',(-7.540201,0.459138,1.585));
#6493 = LINE('',#6494,#6495);
#6494 = CARTESIAN_POINT('',(-7.790522,0.539487,1.585));
#6495 = VECTOR('',#6496,1.);
#6496 = DIRECTION('',(0.952151843296,-0.305625370852,0.));
#6497 = ORIENTED_EDGE('',*,*,#6498,.T.);
#6498 = EDGE_CURVE('',#6491,#6499,#6501,.T.);
#6499 = VERTEX_POINT('',#6500);
#6500 = CARTESIAN_POINT('',(-7.355995,0.461098,1.585));
#6501 = LINE('',#6502,#6503);
#6502 = CARTESIAN_POINT('',(-7.540201,0.459138,1.585));
#6503 = VECTOR('',#6504,1.);
#6504 = DIRECTION('',(0.999943397224,1.063965917809E-02,0.));
#6505 = ORIENTED_EDGE('',*,*,#6506,.T.);
#6506 = EDGE_CURVE('',#6499,#6507,#6509,.T.);
#6507 = VERTEX_POINT('',#6508);
#6508 = CARTESIAN_POINT('',(-7.099852,0.547478,1.585));
#6509 = LINE('',#6510,#6511);
#6510 = CARTESIAN_POINT('',(-7.355995,0.461098,1.585));
#6511 = VECTOR('',#6512,1.);
#6512 = DIRECTION('',(0.947568764925,0.319551929642,0.));
#6513 = ORIENTED_EDGE('',*,*,#6514,.T.);
#6514 = EDGE_CURVE('',#6507,#6515,#6517,.T.);
#6515 = VERTEX_POINT('',#6516);
#6516 = CARTESIAN_POINT('',(-7.002474,0.639835,1.585));
#6517 = LINE('',#6518,#6519);
#6518 = CARTESIAN_POINT('',(-7.099852,0.547478,1.585));
#6519 = VECTOR('',#6520,1.);
#6520 = DIRECTION('',(0.725565094073,0.688153539745,0.));
#6521 = ORIENTED_EDGE('',*,*,#6522,.T.);
#6522 = EDGE_CURVE('',#6515,#6523,#6525,.T.);
#6523 = VERTEX_POINT('',#6524);
#6524 = CARTESIAN_POINT('',(-6.985664,0.665547,1.585));
#6525 = LINE('',#6526,#6527);
#6526 = CARTESIAN_POINT('',(-7.002474,0.639835,1.585));
#6527 = VECTOR('',#6528,1.);
#6528 = DIRECTION('',(0.547210771436,0.836994845638,0.));
#6529 = ORIENTED_EDGE('',*,*,#6530,.T.);
#6530 = EDGE_CURVE('',#6523,#6531,#6533,.T.);
#6531 = VERTEX_POINT('',#6532);
#6532 = CARTESIAN_POINT('',(-6.975105,0.691037,1.585));
#6533 = LINE('',#6534,#6535);
#6534 = CARTESIAN_POINT('',(-6.985664,0.665547,1.585));
#6535 = VECTOR('',#6536,1.);
#6536 = DIRECTION('',(0.382704973236,0.923870609696,0.));
#6537 = ORIENTED_EDGE('',*,*,#6538,.T.);
#6538 = EDGE_CURVE('',#6531,#6539,#6541,.T.);
#6539 = VERTEX_POINT('',#6540);
#6540 = CARTESIAN_POINT('',(-6.975105,1.263388,1.585));
#6541 = LINE('',#6542,#6543);
#6542 = CARTESIAN_POINT('',(-6.975105,0.691037,1.585));
#6543 = VECTOR('',#6544,1.);
#6544 = DIRECTION('',(0.,1.,0.));
#6545 = ORIENTED_EDGE('',*,*,#6546,.T.);
#6546 = EDGE_CURVE('',#6539,#6547,#6549,.T.);
#6547 = VERTEX_POINT('',#6548);
#6548 = CARTESIAN_POINT('',(-7.053675,1.341958,1.585));
#6549 = CIRCLE('',#6550,0.100002891901);
#6550 = AXIS2_PLACEMENT_3D('',#6551,#6552,#6553);
#6551 = CARTESIAN_POINT('',(-7.073186071036,1.243876928964,1.585));
#6552 = DIRECTION('',(0.,0.,1.));
#6553 = DIRECTION('',(0.980782347106,0.195105068116,-0.));
#6554 = ORIENTED_EDGE('',*,*,#6555,.T.);
#6555 = EDGE_CURVE('',#6547,#6556,#6558,.T.);
#6556 = VERTEX_POINT('',#6557);
#6557 = CARTESIAN_POINT('',(-7.397455,1.341958,1.585));
#6558 = LINE('',#6559,#6560);
#6559 = CARTESIAN_POINT('',(-7.053675,1.341958,1.585));
#6560 = VECTOR('',#6561,1.);
#6561 = DIRECTION('',(-1.,0.,0.));
#6562 = ORIENTED_EDGE('',*,*,#6563,.T.);
#6563 = EDGE_CURVE('',#6556,#6564,#6566,.T.);
#6564 = VERTEX_POINT('',#6565);
#6565 = CARTESIAN_POINT('',(-7.397455,1.1458,1.585));
#6566 = CIRCLE('',#6567,0.100000456609);
#6567 = AXIS2_PLACEMENT_3D('',#6568,#6569,#6570);
#6568 = CARTESIAN_POINT('',(-7.377946,1.243879,1.585));
#6569 = DIRECTION('',(0.,0.,1.));
#6570 = DIRECTION('',(-0.195089109206,0.980785521645,0.));
#6571 = ORIENTED_EDGE('',*,*,#6572,.T.);
#6572 = EDGE_CURVE('',#6564,#6573,#6575,.T.);
#6573 = VERTEX_POINT('',#6574);
#6574 = CARTESIAN_POINT('',(-7.173184,1.143879,1.585));
#6575 = LINE('',#6576,#6577);
#6576 = CARTESIAN_POINT('',(-7.397455,1.1458,1.585));
#6577 = VECTOR('',#6578,1.);
#6578 = DIRECTION('',(0.999963317866,-8.565215893359E-03,0.));
#6579 = ORIENTED_EDGE('',*,*,#6580,.T.);
#6580 = EDGE_CURVE('',#6573,#6581,#6583,.T.);
#6581 = VERTEX_POINT('',#6582);
#6582 = CARTESIAN_POINT('',(-7.173184,0.751968,1.585));
#6583 = LINE('',#6584,#6585);
#6584 = CARTESIAN_POINT('',(-7.173184,1.143879,1.585));
#6585 = VECTOR('',#6586,1.);
#6586 = DIRECTION('',(0.,-1.,0.));
#6587 = ORIENTED_EDGE('',*,*,#6588,.T.);
#6588 = EDGE_CURVE('',#6581,#6589,#6591,.T.);
#6589 = VERTEX_POINT('',#6590);
#6590 = CARTESIAN_POINT('',(-7.203395,0.721758,1.585));
#6591 = LINE('',#6592,#6593);
#6592 = CARTESIAN_POINT('',(-7.173184,0.751968,1.585));
#6593 = VECTOR('',#6594,1.);
#6594 = DIRECTION('',(-0.707118484087,-0.707095078093,0.));
#6595 = ORIENTED_EDGE('',*,*,#6596,.T.);
#6596 = EDGE_CURVE('',#6589,#6597,#6599,.T.);
#6597 = VERTEX_POINT('',#6598);
#6598 = CARTESIAN_POINT('',(-7.704881,0.721759,1.585));
#6599 = CIRCLE('',#6600,0.501451656935);
#6600 = AXIS2_PLACEMENT_3D('',#6601,#6602,#6603);
#6601 = CARTESIAN_POINT('',(-7.454137134054,1.156018459233,1.585));
#6602 = DIRECTION('',(-0.,0.,-1.));
#6603 = DIRECTION('',(0.500032516766,-0.866006629407,-0.));
#6604 = ORIENTED_EDGE('',*,*,#6605,.T.);
#6605 = EDGE_CURVE('',#6597,#6606,#6608,.T.);
#6606 = VERTEX_POINT('',#6607);
#6607 = CARTESIAN_POINT('',(-7.829095,0.845973,1.585));
#6608 = LINE('',#6609,#6610);
#6609 = CARTESIAN_POINT('',(-7.704881,0.721759,1.585));
#6610 = VECTOR('',#6611,1.);
#6611 = DIRECTION('',(-0.707106781187,0.707106781187,0.));
#6612 = ORIENTED_EDGE('',*,*,#6613,.T.);
#6613 = EDGE_CURVE('',#6606,#6614,#6616,.T.);
#6614 = VERTEX_POINT('',#6615);
#6615 = CARTESIAN_POINT('',(-7.963661,1.460141,1.585));
#6616 = CIRCLE('',#6617,1.000766535316);
#6617 = AXIS2_PLACEMENT_3D('',#6618,#6619,#6620);
#6618 = CARTESIAN_POINT('',(-6.968285465291,1.356404781105,1.585));
#6619 = DIRECTION('',(0.,0.,-1.));
#6620 = DIRECTION('',(-0.860150199204,-0.510040816806,-0.));
#6621 = ORIENTED_EDGE('',*,*,#6622,.T.);
#6622 = EDGE_CURVE('',#6614,#6623,#6625,.T.);
#6623 = VERTEX_POINT('',#6624);
#6624 = CARTESIAN_POINT('',(-7.893119,1.742309,1.585));
#6625 = LINE('',#6626,#6627);
#6626 = CARTESIAN_POINT('',(-7.963661,1.460141,1.585));
#6627 = VECTOR('',#6628,1.);
#6628 = DIRECTION('',(0.242535625036,0.970142500145,0.));
#6629 = ORIENTED_EDGE('',*,*,#6630,.T.);
#6630 = EDGE_CURVE('',#6623,#6631,#6633,.T.);
#6631 = VERTEX_POINT('',#6632);
#6632 = CARTESIAN_POINT('',(-7.829095,1.870358,1.585));
#6633 = LINE('',#6634,#6635);
#6634 = CARTESIAN_POINT('',(-7.893119,1.742309,1.585));
#6635 = VECTOR('',#6636,1.);
#6636 = DIRECTION('',(0.447210801478,0.894428588005,0.));
#6637 = ORIENTED_EDGE('',*,*,#6638,.T.);
#6638 = EDGE_CURVE('',#6631,#6639,#6641,.T.);
#6639 = VERTEX_POINT('',#6640);
#6640 = CARTESIAN_POINT('',(-7.704881,1.994572,1.585));
#6641 = LINE('',#6642,#6643);
#6642 = CARTESIAN_POINT('',(-7.829095,1.870358,1.585));
#6643 = VECTOR('',#6644,1.);
#6644 = DIRECTION('',(0.707106781187,0.707106781187,0.));
#6645 = ORIENTED_EDGE('',*,*,#6646,.T.);
#6646 = EDGE_CURVE('',#6639,#6647,#6649,.T.);
#6647 = VERTEX_POINT('',#6648);
#6648 = CARTESIAN_POINT('',(-7.5141,2.058165,1.585));
#6649 = LINE('',#6650,#6651);
#6650 = CARTESIAN_POINT('',(-7.704881,1.994572,1.585));
#6651 = VECTOR('',#6652,1.);
#6652 = DIRECTION('',(0.948684292573,0.316224782434,0.));
#6653 = ORIENTED_EDGE('',*,*,#6654,.T.);
#6654 = EDGE_CURVE('',#6647,#6655,#6657,.T.);
#6655 = VERTEX_POINT('',#6656);
#6656 = CARTESIAN_POINT('',(-7.325363,2.058165,1.585));
#6657 = LINE('',#6658,#6659);
#6658 = CARTESIAN_POINT('',(-7.5141,2.058165,1.585));
#6659 = VECTOR('',#6660,1.);
#6660 = DIRECTION('',(1.,0.,0.));
#6661 = ORIENTED_EDGE('',*,*,#6662,.T.);
#6662 = EDGE_CURVE('',#6655,#6376,#6663,.T.);
#6663 = LINE('',#6664,#6665);
#6664 = CARTESIAN_POINT('',(-7.325363,2.058165,1.585));
#6665 = VECTOR('',#6666,1.);
#6666 = DIRECTION('',(0.899535843162,-0.436846960464,0.));
#6667 = FACE_BOUND('',#6668,.F.);
#6668 = EDGE_LOOP('',(#6669,#6679,#6687,#6695,#6704,#6712,#6721,#6729,
    #6737,#6745,#6753,#6761,#6769,#6777,#6785,#6793));
#6669 = ORIENTED_EDGE('',*,*,#6670,.T.);
#6670 = EDGE_CURVE('',#6671,#6673,#6675,.T.);
#6671 = VERTEX_POINT('',#6672);
#6672 = CARTESIAN_POINT('',(-4.046199,2.165122,1.585));
#6673 = VERTEX_POINT('',#6674);
#6674 = CARTESIAN_POINT('',(-4.070133,2.176843,1.585));
#6675 = LINE('',#6676,#6677);
#6676 = CARTESIAN_POINT('',(-4.046199,2.165122,1.585));
#6677 = VECTOR('',#6678,1.);
#6678 = DIRECTION('',(-0.898089024554,0.439813715083,0.));
#6679 = ORIENTED_EDGE('',*,*,#6680,.T.);
#6680 = EDGE_CURVE('',#6673,#6681,#6683,.T.);
#6681 = VERTEX_POINT('',#6682);
#6682 = CARTESIAN_POINT('',(-4.320455,2.257193,1.585));
#6683 = LINE('',#6684,#6685);
#6684 = CARTESIAN_POINT('',(-4.070133,2.176843,1.585));
#6685 = VECTOR('',#6686,1.);
#6686 = DIRECTION('',(-0.9521510917,0.305627712379,0.));
#6687 = ORIENTED_EDGE('',*,*,#6688,.T.);
#6688 = EDGE_CURVE('',#6681,#6689,#6691,.T.);
#6689 = VERTEX_POINT('',#6690);
#6690 = CARTESIAN_POINT('',(-4.730789,2.256244,1.585));
#6691 = LINE('',#6692,#6693);
#6692 = CARTESIAN_POINT('',(-4.320455,2.257193,1.585));
#6693 = VECTOR('',#6694,1.);
#6694 = DIRECTION('',(-0.999997325604,-2.312743915928E-03,0.));
#6695 = ORIENTED_EDGE('',*,*,#6696,.T.);
#6696 = EDGE_CURVE('',#6689,#6697,#6699,.T.);
#6697 = VERTEX_POINT('',#6698);
#6698 = CARTESIAN_POINT('',(-4.809359,2.177674,1.585));
#6699 = CIRCLE('',#6700,0.100002891901);
#6700 = AXIS2_PLACEMENT_3D('',#6701,#6702,#6703);
#6701 = CARTESIAN_POINT('',(-4.711277928964,2.158162928964,1.585));
#6702 = DIRECTION('',(0.,0.,1.));
#6703 = DIRECTION('',(-0.195105068116,0.980782347106,0.));
#6704 = ORIENTED_EDGE('',*,*,#6705,.T.);
#6705 = EDGE_CURVE('',#6697,#6706,#6708,.T.);
#6706 = VERTEX_POINT('',#6707);
#6707 = CARTESIAN_POINT('',(-4.809359,0.538656,1.585));
#6708 = LINE('',#6709,#6710);
#6709 = CARTESIAN_POINT('',(-4.809359,2.177674,1.585));
#6710 = VECTOR('',#6711,1.);
#6711 = DIRECTION('',(0.,-1.,0.));
#6712 = ORIENTED_EDGE('',*,*,#6713,.T.);
#6713 = EDGE_CURVE('',#6706,#6714,#6716,.T.);
#6714 = VERTEX_POINT('',#6715);
#6715 = CARTESIAN_POINT('',(-4.730789,0.460086,1.585));
#6716 = CIRCLE('',#6717,0.100002891901);
#6717 = AXIS2_PLACEMENT_3D('',#6718,#6719,#6720);
#6718 = CARTESIAN_POINT('',(-4.711277928964,0.558167071036,1.585));
#6719 = DIRECTION('',(0.,0.,1.));
#6720 = DIRECTION('',(-0.980782347106,-0.195105068116,0.));
#6721 = ORIENTED_EDGE('',*,*,#6722,.T.);
#6722 = EDGE_CURVE('',#6714,#6723,#6725,.T.);
#6723 = VERTEX_POINT('',#6724);
#6724 = CARTESIAN_POINT('',(-4.308377,0.461098,1.585));
#6725 = LINE('',#6726,#6727);
#6726 = CARTESIAN_POINT('',(-4.730789,0.460086,1.585));
#6727 = VECTOR('',#6728,1.);
#6728 = DIRECTION('',(0.999997130167,2.395758396373E-03,0.));
#6729 = ORIENTED_EDGE('',*,*,#6730,.T.);
#6730 = EDGE_CURVE('',#6723,#6731,#6733,.T.);
#6731 = VERTEX_POINT('',#6732);
#6732 = CARTESIAN_POINT('',(-4.052233,0.547478,1.585));
#6733 = LINE('',#6734,#6735);
#6734 = CARTESIAN_POINT('',(-4.308377,0.461098,1.585));
#6735 = VECTOR('',#6736,1.);
#6736 = DIRECTION('',(0.947569142679,0.319550809485,0.));
#6737 = ORIENTED_EDGE('',*,*,#6738,.T.);
#6738 = EDGE_CURVE('',#6731,#6739,#6741,.T.);
#6739 = VERTEX_POINT('',#6740);
#6740 = CARTESIAN_POINT('',(-4.031045,0.563644,1.585));
#6741 = LINE('',#6742,#6743);
#6742 = CARTESIAN_POINT('',(-4.052233,0.547478,1.585));
#6743 = VECTOR('',#6744,1.);
#6744 = DIRECTION('',(0.795019815407,0.606583459311,0.));
#6745 = ORIENTED_EDGE('',*,*,#6746,.T.);
#6746 = EDGE_CURVE('',#6739,#6747,#6749,.T.);
#6747 = VERTEX_POINT('',#6748);
#6748 = CARTESIAN_POINT('',(-3.865217,0.73362,1.585));
#6749 = LINE('',#6750,#6751);
#6750 = CARTESIAN_POINT('',(-4.031045,0.563644,1.585));
#6751 = VECTOR('',#6752,1.);
#6752 = DIRECTION('',(0.698319010765,0.715786671574,0.));
#6753 = ORIENTED_EDGE('',*,*,#6754,.T.);
#6754 = EDGE_CURVE('',#6747,#6755,#6757,.T.);
#6755 = VERTEX_POINT('',#6756);
#6756 = CARTESIAN_POINT('',(-3.776171,0.914863,1.585));
#6757 = LINE('',#6758,#6759);
#6758 = CARTESIAN_POINT('',(-3.865217,0.73362,1.585));
#6759 = VECTOR('',#6760,1.);
#6760 = DIRECTION('',(0.44096113012,0.897526201135,0.));
#6761 = ORIENTED_EDGE('',*,*,#6762,.T.);
#6762 = EDGE_CURVE('',#6755,#6763,#6765,.T.);
#6763 = VERTEX_POINT('',#6764);
#6764 = CARTESIAN_POINT('',(-3.696994,1.243879,1.585));
#6765 = LINE('',#6766,#6767);
#6766 = CARTESIAN_POINT('',(-3.776171,0.914863,1.585));
#6767 = VECTOR('',#6768,1.);
#6768 = DIRECTION('',(0.233968492126,0.972244179562,0.));
#6769 = ORIENTED_EDGE('',*,*,#6770,.T.);
#6770 = EDGE_CURVE('',#6763,#6771,#6773,.T.);
#6771 = VERTEX_POINT('',#6772);
#6772 = CARTESIAN_POINT('',(-3.69998,1.496704,1.585));
#6773 = LINE('',#6774,#6775);
#6774 = CARTESIAN_POINT('',(-3.696994,1.243879,1.585));
#6775 = VECTOR('',#6776,1.);
#6776 = DIRECTION('',(-1.180971725459E-02,0.999930262858,0.));
#6777 = ORIENTED_EDGE('',*,*,#6778,.T.);
#6778 = EDGE_CURVE('',#6771,#6779,#6781,.T.);
#6779 = VERTEX_POINT('',#6780);
#6780 = CARTESIAN_POINT('',(-3.783742,1.821934,1.585));
#6781 = LINE('',#6782,#6783);
#6782 = CARTESIAN_POINT('',(-3.69998,1.496704,1.585));
#6783 = VECTOR('',#6784,1.);
#6784 = DIRECTION('',(-0.249408089645,0.968398474193,0.));
#6785 = ORIENTED_EDGE('',*,*,#6786,.T.);
#6786 = EDGE_CURVE('',#6779,#6787,#6789,.T.);
#6787 = VERTEX_POINT('',#6788);
#6788 = CARTESIAN_POINT('',(-3.87237,1.992636,1.585));
#6789 = LINE('',#6790,#6791);
#6790 = CARTESIAN_POINT('',(-3.783742,1.821934,1.585));
#6791 = VECTOR('',#6792,1.);
#6792 = DIRECTION('',(-0.460791802296,0.887508261898,0.));
#6793 = ORIENTED_EDGE('',*,*,#6794,.T.);
#6794 = EDGE_CURVE('',#6787,#6671,#6795,.T.);
#6795 = LINE('',#6796,#6797);
#6796 = CARTESIAN_POINT('',(-3.87237,1.992636,1.585));
#6797 = VECTOR('',#6798,1.);
#6798 = DIRECTION('',(-0.709843584212,0.704359344335,0.));
#6799 = FACE_BOUND('',#6800,.F.);
#6800 = EDGE_LOOP('',(#6801,#6811,#6819,#6827,#6835,#6844,#6852,#6861,
    #6869,#6877,#6886,#6894,#6903,#6911));
#6801 = ORIENTED_EDGE('',*,*,#6802,.T.);
#6802 = EDGE_CURVE('',#6803,#6805,#6807,.T.);
#6803 = VERTEX_POINT('',#6804);
#6804 = CARTESIAN_POINT('',(-6.311993,4.799674,1.585));
#6805 = VERTEX_POINT('',#6806);
#6806 = CARTESIAN_POINT('',(-6.342842,4.823564,1.585));
#6807 = LINE('',#6808,#6809);
#6808 = CARTESIAN_POINT('',(-6.311993,4.799674,1.585));
#6809 = VECTOR('',#6810,1.);
#6810 = DIRECTION('',(-0.790638057684,0.612283808165,0.));
#6811 = ORIENTED_EDGE('',*,*,#6812,.T.);
#6812 = EDGE_CURVE('',#6805,#6813,#6815,.T.);
#6813 = VERTEX_POINT('',#6814);
#6814 = CARTESIAN_POINT('',(-6.380485,4.833831,1.585));
#6815 = LINE('',#6816,#6817);
#6816 = CARTESIAN_POINT('',(-6.342842,4.823564,1.585));
#6817 = VECTOR('',#6818,1.);
#6818 = DIRECTION('',(-0.964759089541,0.263134754731,0.));
#6819 = ORIENTED_EDGE('',*,*,#6820,.T.);
#6820 = EDGE_CURVE('',#6813,#6821,#6823,.T.);
#6821 = VERTEX_POINT('',#6822);
#6822 = CARTESIAN_POINT('',(-6.393678,4.832154,1.585));
#6823 = LINE('',#6824,#6825);
#6824 = CARTESIAN_POINT('',(-6.380485,4.833831,1.585));
#6825 = VECTOR('',#6826,1.);
#6826 = DIRECTION('',(-0.99201776168,-0.126098217717,0.));
#6827 = ORIENTED_EDGE('',*,*,#6828,.T.);
#6828 = EDGE_CURVE('',#6821,#6829,#6831,.T.);
#6829 = VERTEX_POINT('',#6830);
#6830 = CARTESIAN_POINT('',(-6.419192,4.828911,1.585));
#6831 = LINE('',#6832,#6833);
#6832 = CARTESIAN_POINT('',(-6.393678,4.832154,1.585));
#6833 = VECTOR('',#6834,1.);
#6834 = DIRECTION('',(-0.992018528106,-0.126092188079,0.));
#6835 = ORIENTED_EDGE('',*,*,#6836,.T.);
#6836 = EDGE_CURVE('',#6829,#6837,#6839,.T.);
#6837 = VERTEX_POINT('',#6838);
#6838 = CARTESIAN_POINT('',(-6.48747,4.734075,1.585));
#6839 = CIRCLE('',#6840,0.100002878373);
#6840 = AXIS2_PLACEMENT_3D('',#6841,#6842,#6843);
#6841 = CARTESIAN_POINT('',(-6.387467121635,4.734073730028,1.585));
#6842 = DIRECTION('',(0.,0.,1.));
#6843 = DIRECTION('',(-0.317239652311,0.948345402795,0.));
#6844 = ORIENTED_EDGE('',*,*,#6845,.T.);
#6845 = EDGE_CURVE('',#6837,#6846,#6848,.T.);
#6846 = VERTEX_POINT('',#6847);
#6847 = CARTESIAN_POINT('',(-6.485549,3.114566,1.585));
#6848 = LINE('',#6849,#6850);
#6849 = CARTESIAN_POINT('',(-6.48747,4.734075,1.585));
#6850 = VECTOR('',#6851,1.);
#6851 = DIRECTION('',(1.186161144271E-03,-0.999999296511,0.));
#6852 = ORIENTED_EDGE('',*,*,#6853,.T.);
#6853 = EDGE_CURVE('',#6846,#6854,#6856,.T.);
#6854 = VERTEX_POINT('',#6855);
#6855 = CARTESIAN_POINT('',(-6.289391,3.114566,1.585));
#6856 = CIRCLE('',#6857,0.100000456609);
#6857 = AXIS2_PLACEMENT_3D('',#6858,#6859,#6860);
#6858 = CARTESIAN_POINT('',(-6.38747,3.134075,1.585));
#6859 = DIRECTION('',(0.,0.,1.));
#6860 = DIRECTION('',(-0.980785521645,-0.195089109206,0.));
#6861 = ORIENTED_EDGE('',*,*,#6862,.T.);
#6862 = EDGE_CURVE('',#6854,#6863,#6865,.T.);
#6863 = VERTEX_POINT('',#6864);
#6864 = CARTESIAN_POINT('',(-6.28747,4.35752,1.585));
#6865 = LINE('',#6866,#6867);
#6866 = CARTESIAN_POINT('',(-6.289391,3.114566,1.585));
#6867 = VECTOR('',#6868,1.);
#6868 = DIRECTION('',(1.545509894773E-03,0.999998805699,0.));
#6869 = ORIENTED_EDGE('',*,*,#6870,.T.);
#6870 = EDGE_CURVE('',#6863,#6871,#6873,.T.);
#6871 = VERTEX_POINT('',#6872);
#6872 = CARTESIAN_POINT('',(-5.548661,3.068476,1.585));
#6873 = LINE('',#6874,#6875);
#6874 = CARTESIAN_POINT('',(-6.28747,4.35752,1.585));
#6875 = VECTOR('',#6876,1.);
#6876 = DIRECTION('',(0.497261069995,-0.867600961426,0.));
#6877 = ORIENTED_EDGE('',*,*,#6878,.T.);
#6878 = EDGE_CURVE('',#6871,#6879,#6881,.T.);
#6879 = VERTEX_POINT('',#6880);
#6880 = CARTESIAN_POINT('',(-5.373184,3.134075,1.585));
#6881 = CIRCLE('',#6882,9.99996142919E-02);
#6882 = AXIS2_PLACEMENT_3D('',#6883,#6884,#6885);
#6883 = CARTESIAN_POINT('',(-5.473183614286,3.134073919969,1.585));
#6884 = DIRECTION('',(0.,0.,1.));
#6885 = DIRECTION('',(-0.754776768374,-0.655981729869,0.));
#6886 = ORIENTED_EDGE('',*,*,#6887,.T.);
#6887 = EDGE_CURVE('',#6879,#6888,#6890,.T.);
#6888 = VERTEX_POINT('',#6889);
#6889 = CARTESIAN_POINT('',(-5.375105,4.753584,1.585));
#6890 = LINE('',#6891,#6892);
#6891 = CARTESIAN_POINT('',(-5.373184,3.134075,1.585));
#6892 = VECTOR('',#6893,1.);
#6893 = DIRECTION('',(-1.18616114427E-03,0.999999296511,0.));
#6894 = ORIENTED_EDGE('',*,*,#6895,.T.);
#6895 = EDGE_CURVE('',#6888,#6896,#6898,.T.);
#6896 = VERTEX_POINT('',#6897);
#6897 = CARTESIAN_POINT('',(-5.571263,4.753584,1.585));
#6898 = CIRCLE('',#6899,0.100000456609);
#6899 = AXIS2_PLACEMENT_3D('',#6900,#6901,#6902);
#6900 = CARTESIAN_POINT('',(-5.473184,4.734075,1.585));
#6901 = DIRECTION('',(0.,0.,1.));
#6902 = DIRECTION('',(0.980785521645,0.195089109206,-0.));
#6903 = ORIENTED_EDGE('',*,*,#6904,.T.);
#6904 = EDGE_CURVE('',#6896,#6905,#6907,.T.);
#6905 = VERTEX_POINT('',#6906);
#6906 = CARTESIAN_POINT('',(-5.573184,3.510631,1.585));
#6907 = LINE('',#6908,#6909);
#6908 = CARTESIAN_POINT('',(-5.571263,4.753584,1.585));
#6909 = VECTOR('',#6910,1.);
#6910 = DIRECTION('',(-1.545511138188E-03,-0.999998805697,0.));
#6911 = ORIENTED_EDGE('',*,*,#6912,.T.);
#6912 = EDGE_CURVE('',#6905,#6803,#6913,.T.);
#6913 = LINE('',#6914,#6915);
#6914 = CARTESIAN_POINT('',(-5.573184,3.510631,1.585));
#6915 = VECTOR('',#6916,1.);
#6916 = DIRECTION('',(-0.497261360368,0.867600795,0.));
#6917 = FACE_BOUND('',#6918,.F.);
#6918 = EDGE_LOOP('',(#6919,#6930,#6938,#6946,#6954,#6962,#6970,#6978,
    #6986,#6994,#7002,#7010,#7018,#7026,#7034,#7042,#7050,#7058,#7066,
    #7074,#7082,#7090,#7099,#7107,#7116,#7124,#7132,#7140,#7149,#7157,
    #7166,#7174,#7182,#7190,#7198,#7206));
#6919 = ORIENTED_EDGE('',*,*,#6920,.T.);
#6920 = EDGE_CURVE('',#6921,#6923,#6925,.T.);
#6921 = VERTEX_POINT('',#6922);
#6922 = CARTESIAN_POINT('',(-7.175788,4.561436,1.585));
#6923 = VERTEX_POINT('',#6924);
#6924 = CARTESIAN_POINT('',(-7.088063,4.736885,1.585));
#6925 = CIRCLE('',#6926,0.100000617748);
#6926 = AXIS2_PLACEMENT_3D('',#6927,#6928,#6929);
#6927 = CARTESIAN_POINT('',(-7.149375219211,4.657885409334,1.585));
#6928 = DIRECTION('',(0.,0.,1.));
#6929 = DIRECTION('',(-0.264126176257,-0.964488135239,0.));
#6930 = ORIENTED_EDGE('',*,*,#6931,.T.);
#6931 = EDGE_CURVE('',#6923,#6932,#6934,.T.);
#6932 = VERTEX_POINT('',#6933);
#6933 = CARTESIAN_POINT('',(-7.275343,4.830524,1.585));
#6934 = LINE('',#6935,#6936);
#6935 = CARTESIAN_POINT('',(-7.088063,4.736885,1.585));
#6936 = VECTOR('',#6937,1.);
#6937 = DIRECTION('',(-0.894429101349,0.447209774782,0.));
#6938 = ORIENTED_EDGE('',*,*,#6939,.T.);
#6939 = EDGE_CURVE('',#6932,#6940,#6942,.T.);
#6940 = VERTEX_POINT('',#6941);
#6941 = CARTESIAN_POINT('',(-7.301756,4.834075,1.585));
#6942 = LINE('',#6943,#6944);
#6943 = CARTESIAN_POINT('',(-7.275343,4.830524,1.585));
#6944 = VECTOR('',#6945,1.);
#6945 = DIRECTION('',(-0.991083449634,0.133242620287,0.));
#6946 = ORIENTED_EDGE('',*,*,#6947,.T.);
#6947 = EDGE_CURVE('',#6940,#6948,#6950,.T.);
#6948 = VERTEX_POINT('',#6949);
#6949 = CARTESIAN_POINT('',(-7.540201,4.833103,1.585));
#6950 = LINE('',#6951,#6952);
#6951 = CARTESIAN_POINT('',(-7.301756,4.834075,1.585));
#6952 = VECTOR('',#6953,1.);
#6953 = DIRECTION('',(-0.999991691537,-4.076377882422E-03,0.));
#6954 = ORIENTED_EDGE('',*,*,#6955,.T.);
#6955 = EDGE_CURVE('',#6948,#6956,#6958,.T.);
#6956 = VERTEX_POINT('',#6957);
#6957 = CARTESIAN_POINT('',(-7.808422,4.744762,1.585));
#6958 = LINE('',#6959,#6960);
#6959 = CARTESIAN_POINT('',(-7.540201,4.833103,1.585));
#6960 = VECTOR('',#6961,1.);
#6961 = DIRECTION('',(-0.949809673213,-0.312828362959,0.));
#6962 = ORIENTED_EDGE('',*,*,#6963,.T.);
#6963 = EDGE_CURVE('',#6956,#6964,#6966,.T.);
#6964 = VERTEX_POINT('',#6965);
#6965 = CARTESIAN_POINT('',(-7.82961,4.728595,1.585));
#6966 = LINE('',#6967,#6968);
#6967 = CARTESIAN_POINT('',(-7.808422,4.744762,1.585));
#6968 = VECTOR('',#6969,1.);
#6969 = DIRECTION('',(-0.795001720552,-0.606607174635,0.));
#6970 = ORIENTED_EDGE('',*,*,#6971,.T.);
#6971 = EDGE_CURVE('',#6964,#6972,#6974,.T.);
#6972 = VERTEX_POINT('',#6973);
#6973 = CARTESIAN_POINT('',(-7.995437,4.558624,1.585));
#6974 = LINE('',#6975,#6976);
#6975 = CARTESIAN_POINT('',(-7.82961,4.728595,1.585));
#6976 = VECTOR('',#6977,1.);
#6977 = DIRECTION('',(-0.698327377855,-0.715778508575,0.));
#6978 = ORIENTED_EDGE('',*,*,#6979,.T.);
#6979 = EDGE_CURVE('',#6972,#6980,#6982,.T.);
#6980 = VERTEX_POINT('',#6981);
#6981 = CARTESIAN_POINT('',(-8.084484,4.377377,1.585));
#6982 = LINE('',#6983,#6984);
#6983 = CARTESIAN_POINT('',(-7.995437,4.558624,1.585));
#6984 = VECTOR('',#6985,1.);
#6985 = DIRECTION('',(-0.440957279751,-0.897528092839,0.));
#6986 = ORIENTED_EDGE('',*,*,#6987,.T.);
#6987 = EDGE_CURVE('',#6980,#6988,#6990,.T.);
#6988 = VERTEX_POINT('',#6989);
#6989 = CARTESIAN_POINT('',(-8.163661,4.048361,1.585));
#6990 = LINE('',#6991,#6992);
#6991 = CARTESIAN_POINT('',(-8.084484,4.377377,1.585));
#6992 = VECTOR('',#6993,1.);
#6993 = DIRECTION('',(-0.233968492126,-0.972244179562,0.));
#6994 = ORIENTED_EDGE('',*,*,#6995,.T.);
#6995 = EDGE_CURVE('',#6988,#6996,#6998,.T.);
#6996 = VERTEX_POINT('',#6997);
#6997 = CARTESIAN_POINT('',(-8.160675,3.795535,1.585));
#6998 = LINE('',#6999,#7000);
#6999 = CARTESIAN_POINT('',(-8.163661,4.048361,1.585));
#7000 = VECTOR('',#7001,1.);
#7001 = DIRECTION('',(1.180967055026E-02,-0.999930263409,0.));
#7002 = ORIENTED_EDGE('',*,*,#7003,.T.);
#7003 = EDGE_CURVE('',#6996,#7004,#7006,.T.);
#7004 = VERTEX_POINT('',#7005);
#7005 = CARTESIAN_POINT('',(-8.076913,3.470306,1.585));
#7006 = LINE('',#7007,#7008);
#7007 = CARTESIAN_POINT('',(-8.160675,3.795535,1.585));
#7008 = VECTOR('',#7009,1.);
#7009 = DIRECTION('',(0.249408808812,-0.968398288974,0.));
#7010 = ORIENTED_EDGE('',*,*,#7011,.T.);
#7011 = EDGE_CURVE('',#7004,#7012,#7014,.T.);
#7012 = VERTEX_POINT('',#7013);
#7013 = CARTESIAN_POINT('',(-7.988283,3.299602,1.585));
#7014 = LINE('',#7015,#7016);
#7015 = CARTESIAN_POINT('',(-8.076913,3.470306,1.585));
#7016 = VECTOR('',#7017,1.);
#7017 = DIRECTION('',(0.460795740235,-0.88750621732,0.));
#7018 = ORIENTED_EDGE('',*,*,#7019,.T.);
#7019 = EDGE_CURVE('',#7012,#7020,#7022,.T.);
#7020 = VERTEX_POINT('',#7021);
#7021 = CARTESIAN_POINT('',(-7.814457,3.127118,1.585));
#7022 = LINE('',#7023,#7024);
#7023 = CARTESIAN_POINT('',(-7.988283,3.299602,1.585));
#7024 = VECTOR('',#7025,1.);
#7025 = DIRECTION('',(0.709841589778,-0.704361354293,0.));
#7026 = ORIENTED_EDGE('',*,*,#7027,.T.);
#7027 = EDGE_CURVE('',#7020,#7028,#7030,.T.);
#7028 = VERTEX_POINT('',#7029);
#7029 = CARTESIAN_POINT('',(-7.790522,3.115397,1.585));
#7030 = LINE('',#7031,#7032);
#7031 = CARTESIAN_POINT('',(-7.814457,3.127118,1.585));
#7032 = VECTOR('',#7033,1.);
#7033 = DIRECTION('',(0.8980962826,-0.439798894019,0.));
#7034 = ORIENTED_EDGE('',*,*,#7035,.T.);
#7035 = EDGE_CURVE('',#7028,#7036,#7038,.T.);
#7036 = VERTEX_POINT('',#7037);
#7037 = CARTESIAN_POINT('',(-7.540201,3.035048,1.585));
#7038 = LINE('',#7039,#7040);
#7039 = CARTESIAN_POINT('',(-7.790522,3.115397,1.585));
#7040 = VECTOR('',#7041,1.);
#7041 = DIRECTION('',(0.952151843296,-0.305625370852,0.));
#7042 = ORIENTED_EDGE('',*,*,#7043,.T.);
#7043 = EDGE_CURVE('',#7036,#7044,#7046,.T.);
#7044 = VERTEX_POINT('',#7045);
#7045 = CARTESIAN_POINT('',(-7.355995,3.037008,1.585));
#7046 = LINE('',#7047,#7048);
#7047 = CARTESIAN_POINT('',(-7.540201,3.035048,1.585));
#7048 = VECTOR('',#7049,1.);
#7049 = DIRECTION('',(0.999943397224,1.063965917809E-02,0.));
#7050 = ORIENTED_EDGE('',*,*,#7051,.T.);
#7051 = EDGE_CURVE('',#7044,#7052,#7054,.T.);
#7052 = VERTEX_POINT('',#7053);
#7053 = CARTESIAN_POINT('',(-7.099852,3.123388,1.585));
#7054 = LINE('',#7055,#7056);
#7055 = CARTESIAN_POINT('',(-7.355995,3.037008,1.585));
#7056 = VECTOR('',#7057,1.);
#7057 = DIRECTION('',(0.947568764925,0.319551929642,0.));
#7058 = ORIENTED_EDGE('',*,*,#7059,.T.);
#7059 = EDGE_CURVE('',#7052,#7060,#7062,.T.);
#7060 = VERTEX_POINT('',#7061);
#7061 = CARTESIAN_POINT('',(-7.002474,3.215745,1.585));
#7062 = LINE('',#7063,#7064);
#7063 = CARTESIAN_POINT('',(-7.099852,3.123388,1.585));
#7064 = VECTOR('',#7065,1.);
#7065 = DIRECTION('',(0.725565094073,0.688153539745,0.));
#7066 = ORIENTED_EDGE('',*,*,#7067,.T.);
#7067 = EDGE_CURVE('',#7060,#7068,#7070,.T.);
#7068 = VERTEX_POINT('',#7069);
#7069 = CARTESIAN_POINT('',(-6.985664,3.241457,1.585));
#7070 = LINE('',#7071,#7072);
#7071 = CARTESIAN_POINT('',(-7.002474,3.215745,1.585));
#7072 = VECTOR('',#7073,1.);
#7073 = DIRECTION('',(0.547210771436,0.836994845638,0.));
#7074 = ORIENTED_EDGE('',*,*,#7075,.T.);
#7075 = EDGE_CURVE('',#7068,#7076,#7078,.T.);
#7076 = VERTEX_POINT('',#7077);
#7077 = CARTESIAN_POINT('',(-6.975105,3.266947,1.585));
#7078 = LINE('',#7079,#7080);
#7079 = CARTESIAN_POINT('',(-6.985664,3.241457,1.585));
#7080 = VECTOR('',#7081,1.);
#7081 = DIRECTION('',(0.382704973236,0.923870609696,0.));
#7082 = ORIENTED_EDGE('',*,*,#7083,.T.);
#7083 = EDGE_CURVE('',#7076,#7084,#7086,.T.);
#7084 = VERTEX_POINT('',#7085);
#7085 = CARTESIAN_POINT('',(-6.975105,3.839298,1.585));
#7086 = LINE('',#7087,#7088);
#7087 = CARTESIAN_POINT('',(-6.975105,3.266947,1.585));
#7088 = VECTOR('',#7089,1.);
#7089 = DIRECTION('',(0.,1.,0.));
#7090 = ORIENTED_EDGE('',*,*,#7091,.T.);
#7091 = EDGE_CURVE('',#7084,#7092,#7094,.T.);
#7092 = VERTEX_POINT('',#7093);
#7093 = CARTESIAN_POINT('',(-7.053675,3.917868,1.585));
#7094 = CIRCLE('',#7095,0.100002891901);
#7095 = AXIS2_PLACEMENT_3D('',#7096,#7097,#7098);
#7096 = CARTESIAN_POINT('',(-7.073186071036,3.819786928964,1.585));
#7097 = DIRECTION('',(0.,0.,1.));
#7098 = DIRECTION('',(0.980782347106,0.195105068116,-0.));
#7099 = ORIENTED_EDGE('',*,*,#7100,.T.);
#7100 = EDGE_CURVE('',#7092,#7101,#7103,.T.);
#7101 = VERTEX_POINT('',#7102);
#7102 = CARTESIAN_POINT('',(-7.397455,3.917868,1.585));
#7103 = LINE('',#7104,#7105);
#7104 = CARTESIAN_POINT('',(-7.053675,3.917868,1.585));
#7105 = VECTOR('',#7106,1.);
#7106 = DIRECTION('',(-1.,0.,0.));
#7107 = ORIENTED_EDGE('',*,*,#7108,.T.);
#7108 = EDGE_CURVE('',#7101,#7109,#7111,.T.);
#7109 = VERTEX_POINT('',#7110);
#7110 = CARTESIAN_POINT('',(-7.397455,3.72171,1.585));
#7111 = CIRCLE('',#7112,0.100000456609);
#7112 = AXIS2_PLACEMENT_3D('',#7113,#7114,#7115);
#7113 = CARTESIAN_POINT('',(-7.377946,3.819789,1.585));
#7114 = DIRECTION('',(0.,0.,1.));
#7115 = DIRECTION('',(-0.195089109206,0.980785521645,0.));
#7116 = ORIENTED_EDGE('',*,*,#7117,.T.);
#7117 = EDGE_CURVE('',#7109,#7118,#7120,.T.);
#7118 = VERTEX_POINT('',#7119);
#7119 = CARTESIAN_POINT('',(-7.173184,3.719789,1.585));
#7120 = LINE('',#7121,#7122);
#7121 = CARTESIAN_POINT('',(-7.397455,3.72171,1.585));
#7122 = VECTOR('',#7123,1.);
#7123 = DIRECTION('',(0.999963317866,-8.565215893359E-03,0.));
#7124 = ORIENTED_EDGE('',*,*,#7125,.T.);
#7125 = EDGE_CURVE('',#7118,#7126,#7128,.T.);
#7126 = VERTEX_POINT('',#7127);
#7127 = CARTESIAN_POINT('',(-7.173184,3.327878,1.585));
#7128 = LINE('',#7129,#7130);
#7129 = CARTESIAN_POINT('',(-7.173184,3.719789,1.585));
#7130 = VECTOR('',#7131,1.);
#7131 = DIRECTION('',(0.,-1.,0.));
#7132 = ORIENTED_EDGE('',*,*,#7133,.T.);
#7133 = EDGE_CURVE('',#7126,#7134,#7136,.T.);
#7134 = VERTEX_POINT('',#7135);
#7135 = CARTESIAN_POINT('',(-7.203395,3.297668,1.585));
#7136 = LINE('',#7137,#7138);
#7137 = CARTESIAN_POINT('',(-7.173184,3.327878,1.585));
#7138 = VECTOR('',#7139,1.);
#7139 = DIRECTION('',(-0.707118484087,-0.707095078093,0.));
#7140 = ORIENTED_EDGE('',*,*,#7141,.T.);
#7141 = EDGE_CURVE('',#7134,#7142,#7144,.T.);
#7142 = VERTEX_POINT('',#7143);
#7143 = CARTESIAN_POINT('',(-7.704881,3.297669,1.585));
#7144 = CIRCLE('',#7145,0.501451656935);
#7145 = AXIS2_PLACEMENT_3D('',#7146,#7147,#7148);
#7146 = CARTESIAN_POINT('',(-7.454137134054,3.731928459233,1.585));
#7147 = DIRECTION('',(-0.,0.,-1.));
#7148 = DIRECTION('',(0.500032516766,-0.866006629407,-0.));
#7149 = ORIENTED_EDGE('',*,*,#7150,.T.);
#7150 = EDGE_CURVE('',#7142,#7151,#7153,.T.);
#7151 = VERTEX_POINT('',#7152);
#7152 = CARTESIAN_POINT('',(-7.829095,3.421883,1.585));
#7153 = LINE('',#7154,#7155);
#7154 = CARTESIAN_POINT('',(-7.704881,3.297669,1.585));
#7155 = VECTOR('',#7156,1.);
#7156 = DIRECTION('',(-0.707106781187,0.707106781187,0.));
#7157 = ORIENTED_EDGE('',*,*,#7158,.T.);
#7158 = EDGE_CURVE('',#7151,#7159,#7161,.T.);
#7159 = VERTEX_POINT('',#7160);
#7160 = CARTESIAN_POINT('',(-7.963661,4.036051,1.585));
#7161 = CIRCLE('',#7162,1.000766535316);
#7162 = AXIS2_PLACEMENT_3D('',#7163,#7164,#7165);
#7163 = CARTESIAN_POINT('',(-6.968285465291,3.932314781105,1.585));
#7164 = DIRECTION('',(0.,0.,-1.));
#7165 = DIRECTION('',(-0.860150199204,-0.510040816806,-0.));
#7166 = ORIENTED_EDGE('',*,*,#7167,.T.);
#7167 = EDGE_CURVE('',#7159,#7168,#7170,.T.);
#7168 = VERTEX_POINT('',#7169);
#7169 = CARTESIAN_POINT('',(-7.893119,4.318219,1.585));
#7170 = LINE('',#7171,#7172);
#7171 = CARTESIAN_POINT('',(-7.963661,4.036051,1.585));
#7172 = VECTOR('',#7173,1.);
#7173 = DIRECTION('',(0.242535625036,0.970142500145,0.));
#7174 = ORIENTED_EDGE('',*,*,#7175,.T.);
#7175 = EDGE_CURVE('',#7168,#7176,#7178,.T.);
#7176 = VERTEX_POINT('',#7177);
#7177 = CARTESIAN_POINT('',(-7.829095,4.446268,1.585));
#7178 = LINE('',#7179,#7180);
#7179 = CARTESIAN_POINT('',(-7.893119,4.318219,1.585));
#7180 = VECTOR('',#7181,1.);
#7181 = DIRECTION('',(0.447210801478,0.894428588005,0.));
#7182 = ORIENTED_EDGE('',*,*,#7183,.T.);
#7183 = EDGE_CURVE('',#7176,#7184,#7186,.T.);
#7184 = VERTEX_POINT('',#7185);
#7185 = CARTESIAN_POINT('',(-7.704881,4.570482,1.585));
#7186 = LINE('',#7187,#7188);
#7187 = CARTESIAN_POINT('',(-7.829095,4.446268,1.585));
#7188 = VECTOR('',#7189,1.);
#7189 = DIRECTION('',(0.707106781187,0.707106781187,0.));
#7190 = ORIENTED_EDGE('',*,*,#7191,.T.);
#7191 = EDGE_CURVE('',#7184,#7192,#7194,.T.);
#7192 = VERTEX_POINT('',#7193);
#7193 = CARTESIAN_POINT('',(-7.5141,4.634075,1.585));
#7194 = LINE('',#7195,#7196);
#7195 = CARTESIAN_POINT('',(-7.704881,4.570482,1.585));
#7196 = VECTOR('',#7197,1.);
#7197 = DIRECTION('',(0.948684292573,0.316224782434,0.));
#7198 = ORIENTED_EDGE('',*,*,#7199,.T.);
#7199 = EDGE_CURVE('',#7192,#7200,#7202,.T.);
#7200 = VERTEX_POINT('',#7201);
#7201 = CARTESIAN_POINT('',(-7.325363,4.634075,1.585));
#7202 = LINE('',#7203,#7204);
#7203 = CARTESIAN_POINT('',(-7.5141,4.634075,1.585));
#7204 = VECTOR('',#7205,1.);
#7205 = DIRECTION('',(1.,0.,0.));
#7206 = ORIENTED_EDGE('',*,*,#7207,.T.);
#7207 = EDGE_CURVE('',#7200,#6921,#7208,.T.);
#7208 = LINE('',#7209,#7210);
#7209 = CARTESIAN_POINT('',(-7.325363,4.634075,1.585));
#7210 = VECTOR('',#7211,1.);
#7211 = DIRECTION('',(0.899535843162,-0.436846960464,0.));
#7212 = FACE_BOUND('',#7213,.F.);
#7213 = EDGE_LOOP('',(#7214,#7224,#7232,#7240,#7249,#7257,#7266,#7274,
    #7282,#7290,#7298,#7306,#7314,#7322,#7330,#7338));
#7214 = ORIENTED_EDGE('',*,*,#7215,.T.);
#7215 = EDGE_CURVE('',#7216,#7218,#7220,.T.);
#7216 = VERTEX_POINT('',#7217);
#7217 = CARTESIAN_POINT('',(-4.046199,4.741032,1.585));
#7218 = VERTEX_POINT('',#7219);
#7219 = CARTESIAN_POINT('',(-4.070133,4.752753,1.585));
#7220 = LINE('',#7221,#7222);
#7221 = CARTESIAN_POINT('',(-4.046199,4.741032,1.585));
#7222 = VECTOR('',#7223,1.);
#7223 = DIRECTION('',(-0.898089024554,0.439813715083,0.));
#7224 = ORIENTED_EDGE('',*,*,#7225,.T.);
#7225 = EDGE_CURVE('',#7218,#7226,#7228,.T.);
#7226 = VERTEX_POINT('',#7227);
#7227 = CARTESIAN_POINT('',(-4.320455,4.833103,1.585));
#7228 = LINE('',#7229,#7230);
#7229 = CARTESIAN_POINT('',(-4.070133,4.752753,1.585));
#7230 = VECTOR('',#7231,1.);
#7231 = DIRECTION('',(-0.9521510917,0.305627712379,0.));
#7232 = ORIENTED_EDGE('',*,*,#7233,.T.);
#7233 = EDGE_CURVE('',#7226,#7234,#7236,.T.);
#7234 = VERTEX_POINT('',#7235);
#7235 = CARTESIAN_POINT('',(-4.730789,4.832154,1.585));
#7236 = LINE('',#7237,#7238);
#7237 = CARTESIAN_POINT('',(-4.320455,4.833103,1.585));
#7238 = VECTOR('',#7239,1.);
#7239 = DIRECTION('',(-0.999997325604,-2.312743915929E-03,0.));
#7240 = ORIENTED_EDGE('',*,*,#7241,.T.);
#7241 = EDGE_CURVE('',#7234,#7242,#7244,.T.);
#7242 = VERTEX_POINT('',#7243);
#7243 = CARTESIAN_POINT('',(-4.809359,4.753584,1.585));
#7244 = CIRCLE('',#7245,0.100002891901);
#7245 = AXIS2_PLACEMENT_3D('',#7246,#7247,#7248);
#7246 = CARTESIAN_POINT('',(-4.711277928964,4.734072928964,1.585));
#7247 = DIRECTION('',(0.,0.,1.));
#7248 = DIRECTION('',(-0.195105068116,0.980782347106,0.));
#7249 = ORIENTED_EDGE('',*,*,#7250,.T.);
#7250 = EDGE_CURVE('',#7242,#7251,#7253,.T.);
#7251 = VERTEX_POINT('',#7252);
#7252 = CARTESIAN_POINT('',(-4.809359,3.114566,1.585));
#7253 = LINE('',#7254,#7255);
#7254 = CARTESIAN_POINT('',(-4.809359,4.753584,1.585));
#7255 = VECTOR('',#7256,1.);
#7256 = DIRECTION('',(0.,-1.,0.));
#7257 = ORIENTED_EDGE('',*,*,#7258,.T.);
#7258 = EDGE_CURVE('',#7251,#7259,#7261,.T.);
#7259 = VERTEX_POINT('',#7260);
#7260 = CARTESIAN_POINT('',(-4.730789,3.035996,1.585));
#7261 = CIRCLE('',#7262,0.100002891901);
#7262 = AXIS2_PLACEMENT_3D('',#7263,#7264,#7265);
#7263 = CARTESIAN_POINT('',(-4.711277928964,3.134077071036,1.585));
#7264 = DIRECTION('',(0.,0.,1.));
#7265 = DIRECTION('',(-0.980782347106,-0.195105068116,0.));
#7266 = ORIENTED_EDGE('',*,*,#7267,.T.);
#7267 = EDGE_CURVE('',#7259,#7268,#7270,.T.);
#7268 = VERTEX_POINT('',#7269);
#7269 = CARTESIAN_POINT('',(-4.308377,3.037008,1.585));
#7270 = LINE('',#7271,#7272);
#7271 = CARTESIAN_POINT('',(-4.730789,3.035996,1.585));
#7272 = VECTOR('',#7273,1.);
#7273 = DIRECTION('',(0.999997130167,2.395758396374E-03,0.));
#7274 = ORIENTED_EDGE('',*,*,#7275,.T.);
#7275 = EDGE_CURVE('',#7268,#7276,#7278,.T.);
#7276 = VERTEX_POINT('',#7277);
#7277 = CARTESIAN_POINT('',(-4.052233,3.123388,1.585));
#7278 = LINE('',#7279,#7280);
#7279 = CARTESIAN_POINT('',(-4.308377,3.037008,1.585));
#7280 = VECTOR('',#7281,1.);
#7281 = DIRECTION('',(0.947569142679,0.319550809485,0.));
#7282 = ORIENTED_EDGE('',*,*,#7283,.T.);
#7283 = EDGE_CURVE('',#7276,#7284,#7286,.T.);
#7284 = VERTEX_POINT('',#7285);
#7285 = CARTESIAN_POINT('',(-4.031045,3.139554,1.585));
#7286 = LINE('',#7287,#7288);
#7287 = CARTESIAN_POINT('',(-4.052233,3.123388,1.585));
#7288 = VECTOR('',#7289,1.);
#7289 = DIRECTION('',(0.795019815407,0.606583459311,0.));
#7290 = ORIENTED_EDGE('',*,*,#7291,.T.);
#7291 = EDGE_CURVE('',#7284,#7292,#7294,.T.);
#7292 = VERTEX_POINT('',#7293);
#7293 = CARTESIAN_POINT('',(-3.865217,3.30953,1.585));
#7294 = LINE('',#7295,#7296);
#7295 = CARTESIAN_POINT('',(-4.031045,3.139554,1.585));
#7296 = VECTOR('',#7297,1.);
#7297 = DIRECTION('',(0.698319010765,0.715786671574,0.));
#7298 = ORIENTED_EDGE('',*,*,#7299,.T.);
#7299 = EDGE_CURVE('',#7292,#7300,#7302,.T.);
#7300 = VERTEX_POINT('',#7301);
#7301 = CARTESIAN_POINT('',(-3.776171,3.490773,1.585));
#7302 = LINE('',#7303,#7304);
#7303 = CARTESIAN_POINT('',(-3.865217,3.30953,1.585));
#7304 = VECTOR('',#7305,1.);
#7305 = DIRECTION('',(0.44096113012,0.897526201135,0.));
#7306 = ORIENTED_EDGE('',*,*,#7307,.T.);
#7307 = EDGE_CURVE('',#7300,#7308,#7310,.T.);
#7308 = VERTEX_POINT('',#7309);
#7309 = CARTESIAN_POINT('',(-3.696994,3.819789,1.585));
#7310 = LINE('',#7311,#7312);
#7311 = CARTESIAN_POINT('',(-3.776171,3.490773,1.585));
#7312 = VECTOR('',#7313,1.);
#7313 = DIRECTION('',(0.233968492126,0.972244179562,0.));
#7314 = ORIENTED_EDGE('',*,*,#7315,.T.);
#7315 = EDGE_CURVE('',#7308,#7316,#7318,.T.);
#7316 = VERTEX_POINT('',#7317);
#7317 = CARTESIAN_POINT('',(-3.69998,4.072614,1.585));
#7318 = LINE('',#7319,#7320);
#7319 = CARTESIAN_POINT('',(-3.696994,3.819789,1.585));
#7320 = VECTOR('',#7321,1.);
#7321 = DIRECTION('',(-1.180971725459E-02,0.999930262858,0.));
#7322 = ORIENTED_EDGE('',*,*,#7323,.T.);
#7323 = EDGE_CURVE('',#7316,#7324,#7326,.T.);
#7324 = VERTEX_POINT('',#7325);
#7325 = CARTESIAN_POINT('',(-3.783742,4.397844,1.585));
#7326 = LINE('',#7327,#7328);
#7327 = CARTESIAN_POINT('',(-3.69998,4.072614,1.585));
#7328 = VECTOR('',#7329,1.);
#7329 = DIRECTION('',(-0.249408089645,0.968398474193,0.));
#7330 = ORIENTED_EDGE('',*,*,#7331,.T.);
#7331 = EDGE_CURVE('',#7324,#7332,#7334,.T.);
#7332 = VERTEX_POINT('',#7333);
#7333 = CARTESIAN_POINT('',(-3.87237,4.568546,1.585));
#7334 = LINE('',#7335,#7336);
#7335 = CARTESIAN_POINT('',(-3.783742,4.397844,1.585));
#7336 = VECTOR('',#7337,1.);
#7337 = DIRECTION('',(-0.460791802296,0.887508261898,0.));
#7338 = ORIENTED_EDGE('',*,*,#7339,.T.);
#7339 = EDGE_CURVE('',#7332,#7216,#7340,.T.);
#7340 = LINE('',#7341,#7342);
#7341 = CARTESIAN_POINT('',(-3.87237,4.568546,1.585));
#7342 = VECTOR('',#7343,1.);
#7343 = DIRECTION('',(-0.709843584212,0.704359344335,0.));
#7344 = FACE_BOUND('',#7345,.F.);
#7345 = EDGE_LOOP('',(#7346,#7356,#7364,#7372,#7380,#7389,#7397,#7406,
    #7414,#7422,#7431,#7439,#7448,#7456));
#7346 = ORIENTED_EDGE('',*,*,#7347,.T.);
#7347 = EDGE_CURVE('',#7348,#7350,#7352,.T.);
#7348 = VERTEX_POINT('',#7349);
#7349 = CARTESIAN_POINT('',(-5.778659,7.375584,1.585));
#7350 = VERTEX_POINT('',#7351);
#7351 = CARTESIAN_POINT('',(-5.809508,7.399474,1.585));
#7352 = LINE('',#7353,#7354);
#7353 = CARTESIAN_POINT('',(-5.778659,7.375584,1.585));
#7354 = VECTOR('',#7355,1.);
#7355 = DIRECTION('',(-0.790638057684,0.612283808165,0.));
#7356 = ORIENTED_EDGE('',*,*,#7357,.T.);
#7357 = EDGE_CURVE('',#7350,#7358,#7360,.T.);
#7358 = VERTEX_POINT('',#7359);
#7359 = CARTESIAN_POINT('',(-5.847151,7.409741,1.585));
#7360 = LINE('',#7361,#7362);
#7361 = CARTESIAN_POINT('',(-5.809508,7.399474,1.585));
#7362 = VECTOR('',#7363,1.);
#7363 = DIRECTION('',(-0.964759089541,0.263134754731,0.));
#7364 = ORIENTED_EDGE('',*,*,#7365,.T.);
#7365 = EDGE_CURVE('',#7358,#7366,#7368,.T.);
#7366 = VERTEX_POINT('',#7367);
#7367 = CARTESIAN_POINT('',(-5.860344,7.408064,1.585));
#7368 = LINE('',#7369,#7370);
#7369 = CARTESIAN_POINT('',(-5.847151,7.409741,1.585));
#7370 = VECTOR('',#7371,1.);
#7371 = DIRECTION('',(-0.99201776168,-0.126098217717,0.));
#7372 = ORIENTED_EDGE('',*,*,#7373,.T.);
#7373 = EDGE_CURVE('',#7366,#7374,#7376,.T.);
#7374 = VERTEX_POINT('',#7375);
#7375 = CARTESIAN_POINT('',(-5.885858,7.404821,1.585));
#7376 = LINE('',#7377,#7378);
#7377 = CARTESIAN_POINT('',(-5.860344,7.408064,1.585));
#7378 = VECTOR('',#7379,1.);
#7379 = DIRECTION('',(-0.992018528106,-0.126092188079,0.));
#7380 = ORIENTED_EDGE('',*,*,#7381,.T.);
#7381 = EDGE_CURVE('',#7374,#7382,#7384,.T.);
#7382 = VERTEX_POINT('',#7383);
#7383 = CARTESIAN_POINT('',(-5.954136,7.309985,1.585));
#7384 = CIRCLE('',#7385,0.100002878373);
#7385 = AXIS2_PLACEMENT_3D('',#7386,#7387,#7388);
#7386 = CARTESIAN_POINT('',(-5.854133121635,7.309983730028,1.585));
#7387 = DIRECTION('',(0.,0.,1.));
#7388 = DIRECTION('',(-0.317239652311,0.948345402795,0.));
#7389 = ORIENTED_EDGE('',*,*,#7390,.T.);
#7390 = EDGE_CURVE('',#7382,#7391,#7393,.T.);
#7391 = VERTEX_POINT('',#7392);
#7392 = CARTESIAN_POINT('',(-5.952215,5.690476,1.585));
#7393 = LINE('',#7394,#7395);
#7394 = CARTESIAN_POINT('',(-5.954136,7.309985,1.585));
#7395 = VECTOR('',#7396,1.);
#7396 = DIRECTION('',(1.186161144271E-03,-0.999999296511,0.));
#7397 = ORIENTED_EDGE('',*,*,#7398,.T.);
#7398 = EDGE_CURVE('',#7391,#7399,#7401,.T.);
#7399 = VERTEX_POINT('',#7400);
#7400 = CARTESIAN_POINT('',(-5.756057,5.690476,1.585));
#7401 = CIRCLE('',#7402,0.100000456609);
#7402 = AXIS2_PLACEMENT_3D('',#7403,#7404,#7405);
#7403 = CARTESIAN_POINT('',(-5.854136,5.709985,1.585));
#7404 = DIRECTION('',(0.,0.,1.));
#7405 = DIRECTION('',(-0.980785521645,-0.195089109206,0.));
#7406 = ORIENTED_EDGE('',*,*,#7407,.T.);
#7407 = EDGE_CURVE('',#7399,#7408,#7410,.T.);
#7408 = VERTEX_POINT('',#7409);
#7409 = CARTESIAN_POINT('',(-5.754136,6.93343,1.585));
#7410 = LINE('',#7411,#7412);
#7411 = CARTESIAN_POINT('',(-5.756057,5.690476,1.585));
#7412 = VECTOR('',#7413,1.);
#7413 = DIRECTION('',(1.545509894773E-03,0.999998805699,0.));
#7414 = ORIENTED_EDGE('',*,*,#7415,.T.);
#7415 = EDGE_CURVE('',#7408,#7416,#7418,.T.);
#7416 = VERTEX_POINT('',#7417);
#7417 = CARTESIAN_POINT('',(-5.015327,5.644386,1.585));
#7418 = LINE('',#7419,#7420);
#7419 = CARTESIAN_POINT('',(-5.754136,6.93343,1.585));
#7420 = VECTOR('',#7421,1.);
#7421 = DIRECTION('',(0.497261069995,-0.867600961426,0.));
#7422 = ORIENTED_EDGE('',*,*,#7423,.T.);
#7423 = EDGE_CURVE('',#7416,#7424,#7426,.T.);
#7424 = VERTEX_POINT('',#7425);
#7425 = CARTESIAN_POINT('',(-4.83985,5.709985,1.585));
#7426 = CIRCLE('',#7427,9.99996142919E-02);
#7427 = AXIS2_PLACEMENT_3D('',#7428,#7429,#7430);
#7428 = CARTESIAN_POINT('',(-4.939849614286,5.709983919969,1.585));
#7429 = DIRECTION('',(0.,0.,1.));
#7430 = DIRECTION('',(-0.754776768374,-0.655981729869,0.));
#7431 = ORIENTED_EDGE('',*,*,#7432,.T.);
#7432 = EDGE_CURVE('',#7424,#7433,#7435,.T.);
#7433 = VERTEX_POINT('',#7434);
#7434 = CARTESIAN_POINT('',(-4.841771,7.329494,1.585));
#7435 = LINE('',#7436,#7437);
#7436 = CARTESIAN_POINT('',(-4.83985,5.709985,1.585));
#7437 = VECTOR('',#7438,1.);
#7438 = DIRECTION('',(-1.18616114427E-03,0.999999296511,0.));
#7439 = ORIENTED_EDGE('',*,*,#7440,.T.);
#7440 = EDGE_CURVE('',#7433,#7441,#7443,.T.);
#7441 = VERTEX_POINT('',#7442);
#7442 = CARTESIAN_POINT('',(-5.037929,7.329494,1.585));
#7443 = CIRCLE('',#7444,0.100000456609);
#7444 = AXIS2_PLACEMENT_3D('',#7445,#7446,#7447);
#7445 = CARTESIAN_POINT('',(-4.93985,7.309985,1.585));
#7446 = DIRECTION('',(0.,0.,1.));
#7447 = DIRECTION('',(0.980785521645,0.195089109206,-0.));
#7448 = ORIENTED_EDGE('',*,*,#7449,.T.);
#7449 = EDGE_CURVE('',#7441,#7450,#7452,.T.);
#7450 = VERTEX_POINT('',#7451);
#7451 = CARTESIAN_POINT('',(-5.03985,6.086541,1.585));
#7452 = LINE('',#7453,#7454);
#7453 = CARTESIAN_POINT('',(-5.037929,7.329494,1.585));
#7454 = VECTOR('',#7455,1.);
#7455 = DIRECTION('',(-1.545511138188E-03,-0.999998805697,0.));
#7456 = ORIENTED_EDGE('',*,*,#7457,.T.);
#7457 = EDGE_CURVE('',#7450,#7348,#7458,.T.);
#7458 = LINE('',#7459,#7460);
#7459 = CARTESIAN_POINT('',(-5.03985,6.086541,1.585));
#7460 = VECTOR('',#7461,1.);
#7461 = DIRECTION('',(-0.497261360368,0.867600795,0.));
#7462 = FACE_BOUND('',#7463,.F.);
#7463 = EDGE_LOOP('',(#7464,#7475,#7483,#7491,#7500,#7508,#7517,#7525,
    #7533));
#7464 = ORIENTED_EDGE('',*,*,#7465,.T.);
#7465 = EDGE_CURVE('',#7466,#7468,#7470,.T.);
#7466 = VERTEX_POINT('',#7467);
#7467 = CARTESIAN_POINT('',(-7.070376,7.371297,1.585));
#7468 = VERTEX_POINT('',#7469);
#7469 = CARTESIAN_POINT('',(-7.236252,7.359508,1.585));
#7470 = CIRCLE('',#7471,0.100000568666);
#7471 = AXIS2_PLACEMENT_3D('',#7472,#7473,#7474);
#7472 = CARTESIAN_POINT('',(-7.149375385197,7.309984596099,1.585));
#7473 = DIRECTION('',(0.,0.,1.));
#7474 = DIRECTION('',(0.789989359565,0.6131205524,-0.));
#7475 = ORIENTED_EDGE('',*,*,#7476,.T.);
#7476 = EDGE_CURVE('',#7468,#7477,#7479,.T.);
#7477 = VERTEX_POINT('',#7478);
#7478 = CARTESIAN_POINT('',(-7.682709,6.026212,1.585));
#7479 = LINE('',#7480,#7481);
#7480 = CARTESIAN_POINT('',(-7.236252,7.359508,1.585));
#7481 = VECTOR('',#7482,1.);
#7482 = DIRECTION('',(-0.317523646854,-0.948250353909,0.));
#7483 = ORIENTED_EDGE('',*,*,#7484,.T.);
#7484 = EDGE_CURVE('',#7477,#7485,#7487,.T.);
#7485 = VERTEX_POINT('',#7486);
#7486 = CARTESIAN_POINT('',(-8.129165,7.359508,1.585));
#7487 = LINE('',#7488,#7489);
#7488 = CARTESIAN_POINT('',(-7.682709,6.026212,1.585));
#7489 = VECTOR('',#7490,1.);
#7490 = DIRECTION('',(-0.31752300735,0.948250568048,0.));
#7491 = ORIENTED_EDGE('',*,*,#7492,.T.);
#7492 = EDGE_CURVE('',#7485,#7493,#7495,.T.);
#7493 = VERTEX_POINT('',#7494);
#7494 = CARTESIAN_POINT('',(-8.315257,7.297478,1.585));
#7495 = CIRCLE('',#7496,0.100000528794);
#7496 = AXIS2_PLACEMENT_3D('',#7497,#7498,#7499);
#7497 = CARTESIAN_POINT('',(-8.216041639783,7.309984720434,1.585));
#7498 = DIRECTION('',(0.,0.,1.));
#7499 = DIRECTION('',(0.868761803875,0.495230176916,-0.));
#7500 = ORIENTED_EDGE('',*,*,#7501,.T.);
#7501 = EDGE_CURVE('',#7493,#7502,#7504,.T.);
#7502 = VERTEX_POINT('',#7503);
#7503 = CARTESIAN_POINT('',(-7.769585,5.660462,1.585));
#7504 = LINE('',#7505,#7506);
#7505 = CARTESIAN_POINT('',(-8.315257,7.297478,1.585));
#7506 = VECTOR('',#7507,1.);
#7507 = DIRECTION('',(0.316227766017,-0.948683298051,0.));
#7508 = ORIENTED_EDGE('',*,*,#7509,.T.);
#7509 = EDGE_CURVE('',#7502,#7510,#7512,.T.);
#7510 = VERTEX_POINT('',#7511);
#7511 = CARTESIAN_POINT('',(-7.595831,5.660462,1.585));
#7512 = CIRCLE('',#7513,0.100001198518);
#7513 = AXIS2_PLACEMENT_3D('',#7514,#7515,#7516);
#7514 = CARTESIAN_POINT('',(-7.682708,5.709986,1.585));
#7515 = DIRECTION('',(0.,0.,1.));
#7516 = DIRECTION('',(-0.868759587762,-0.495234064531,0.));
#7517 = ORIENTED_EDGE('',*,*,#7518,.T.);
#7518 = EDGE_CURVE('',#7510,#7519,#7521,.T.);
#7519 = VERTEX_POINT('',#7520);
#7520 = CARTESIAN_POINT('',(-7.05016,7.297478,1.585));
#7521 = LINE('',#7522,#7523);
#7522 = CARTESIAN_POINT('',(-7.595831,5.660462,1.585));
#7523 = VECTOR('',#7524,1.);
#7524 = DIRECTION('',(0.316227244449,0.948683471906,0.));
#7525 = ORIENTED_EDGE('',*,*,#7526,.T.);
#7526 = EDGE_CURVE('',#7519,#7527,#7529,.T.);
#7527 = VERTEX_POINT('',#7528);
#7528 = CARTESIAN_POINT('',(-7.052926,7.336398,1.585));
#7529 = LINE('',#7530,#7531);
#7530 = CARTESIAN_POINT('',(-7.05016,7.297478,1.585));
#7531 = VECTOR('',#7532,1.);
#7532 = DIRECTION('',(-7.089005953871E-02,0.997484134941,0.));
#7533 = ORIENTED_EDGE('',*,*,#7534,.T.);
#7534 = EDGE_CURVE('',#7527,#7466,#7535,.T.);
#7535 = LINE('',#7536,#7537);
#7536 = CARTESIAN_POINT('',(-7.052926,7.336398,1.585));
#7537 = VECTOR('',#7538,1.);
#7538 = DIRECTION('',(-0.44722384702,0.894422065166,0.));
#7539 = FACE_BOUND('',#7540,.F.);
#7540 = EDGE_LOOP('',(#7541,#7552,#7560,#7569,#7577,#7585));
#7541 = ORIENTED_EDGE('',*,*,#7542,.T.);
#7542 = EDGE_CURVE('',#7543,#7545,#7547,.T.);
#7543 = VERTEX_POINT('',#7544);
#7544 = CARTESIAN_POINT('',(-6.560484,7.393132,1.585));
#7545 = VERTEX_POINT('',#7546);
#7546 = CARTESIAN_POINT('',(-6.71412,7.329494,1.585));
#7547 = CIRCLE('',#7548,0.100000590676);
#7548 = AXIS2_PLACEMENT_3D('',#7549,#7550,#7551);
#7549 = CARTESIAN_POINT('',(-6.616041,7.309984312801,1.585));
#7550 = DIRECTION('',(0.,0.,1.));
#7551 = DIRECTION('',(0.555566718399,0.831471960686,-0.));
#7552 = ORIENTED_EDGE('',*,*,#7553,.T.);
#7553 = EDGE_CURVE('',#7545,#7554,#7556,.T.);
#7554 = VERTEX_POINT('',#7555);
#7555 = CARTESIAN_POINT('',(-6.71412,5.690476,1.585));
#7556 = LINE('',#7557,#7558);
#7557 = CARTESIAN_POINT('',(-6.71412,7.329494,1.585));
#7558 = VECTOR('',#7559,1.);
#7559 = DIRECTION('',(0.,-1.,0.));
#7560 = ORIENTED_EDGE('',*,*,#7561,.T.);
#7561 = EDGE_CURVE('',#7554,#7562,#7564,.T.);
#7562 = VERTEX_POINT('',#7563);
#7563 = CARTESIAN_POINT('',(-6.517962,5.690476,1.585));
#7564 = CIRCLE('',#7565,0.100000456609);
#7565 = AXIS2_PLACEMENT_3D('',#7566,#7567,#7568);
#7566 = CARTESIAN_POINT('',(-6.616041,5.709985,1.585));
#7567 = DIRECTION('',(0.,0.,1.));
#7568 = DIRECTION('',(-0.980785521645,-0.195089109206,0.));
#7569 = ORIENTED_EDGE('',*,*,#7570,.T.);
#7570 = EDGE_CURVE('',#7562,#7571,#7573,.T.);
#7571 = VERTEX_POINT('',#7572);
#7572 = CARTESIAN_POINT('',(-6.517962,7.329494,1.585));
#7573 = LINE('',#7574,#7575);
#7574 = CARTESIAN_POINT('',(-6.517962,5.690476,1.585));
#7575 = VECTOR('',#7576,1.);
#7576 = DIRECTION('',(0.,1.,0.));
#7577 = ORIENTED_EDGE('',*,*,#7578,.T.);
#7578 = EDGE_CURVE('',#7571,#7579,#7581,.T.);
#7579 = VERTEX_POINT('',#7580);
#7580 = CARTESIAN_POINT('',(-6.532894,7.365542,1.585));
#7581 = LINE('',#7582,#7583);
#7582 = CARTESIAN_POINT('',(-6.517962,7.329494,1.585));
#7583 = VECTOR('',#7584,1.);
#7584 = DIRECTION('',(-0.38269282806,0.923875640631,0.));
#7585 = ORIENTED_EDGE('',*,*,#7586,.T.);
#7586 = EDGE_CURVE('',#7579,#7543,#7587,.T.);
#7587 = LINE('',#7588,#7589);
#7588 = CARTESIAN_POINT('',(-6.532894,7.365542,1.585));
#7589 = VECTOR('',#7590,1.);
#7590 = DIRECTION('',(-0.707106781187,0.707106781187,0.));
#7591 = PLANE('',#7592);
#7592 = AXIS2_PLACEMENT_3D('',#7593,#7594,#7595);
#7593 = CARTESIAN_POINT('',(0.,0.,1.585));
#7594 = DIRECTION('',(0.,0.,1.));
#7595 = DIRECTION('',(1.,0.,-0.));
#7596 = SHELL_BASED_SURFACE_MODEL('',(#7597));
#7597 = OPEN_SHELL('',(#7598));
#7598 = ADVANCED_FACE('',(#7599,#7669),#7703,.T.);
#7599 = FACE_BOUND('',#7600,.F.);
#7600 = EDGE_LOOP('',(#7601,#7612,#7620,#7629,#7637,#7646,#7654,#7663));
#7601 = ORIENTED_EDGE('',*,*,#7602,.T.);
#7602 = EDGE_CURVE('',#7603,#7605,#7607,.T.);
#7603 = VERTEX_POINT('',#7604);
#7604 = CARTESIAN_POINT('',(10.24,4.95,1.585));
#7605 = VERTEX_POINT('',#7606);
#7606 = CARTESIAN_POINT('',(10.3,5.01,1.585));
#7607 = CIRCLE('',#7608,5.99993201626E-02);
#7608 = AXIS2_PLACEMENT_3D('',#7609,#7610,#7611);
#7609 = CARTESIAN_POINT('',(10.299999320159,4.950000679841,1.585));
#7610 = DIRECTION('',(0.,0.,-1.));
#7611 = DIRECTION('',(-0.999999999936,-1.133081594379E-05,-0.));
#7612 = ORIENTED_EDGE('',*,*,#7613,.T.);
#7613 = EDGE_CURVE('',#7605,#7614,#7616,.T.);
#7614 = VERTEX_POINT('',#7615);
#7615 = CARTESIAN_POINT('',(12.2,5.01,1.585));
#7616 = LINE('',#7617,#7618);
#7617 = CARTESIAN_POINT('',(10.3,5.01,1.585));
#7618 = VECTOR('',#7619,1.);
#7619 = DIRECTION('',(1.,0.,0.));
#7620 = ORIENTED_EDGE('',*,*,#7621,.T.);
#7621 = EDGE_CURVE('',#7614,#7622,#7624,.T.);
#7622 = VERTEX_POINT('',#7623);
#7623 = CARTESIAN_POINT('',(12.26,4.95,1.585));
#7624 = CIRCLE('',#7625,5.99993201626E-02);
#7625 = AXIS2_PLACEMENT_3D('',#7626,#7627,#7628);
#7626 = CARTESIAN_POINT('',(12.200000679841,4.950000679841,1.585));
#7627 = DIRECTION('',(0.,0.,-1.));
#7628 = DIRECTION('',(-1.133081597339E-05,0.999999999936,0.));
#7629 = ORIENTED_EDGE('',*,*,#7630,.T.);
#7630 = EDGE_CURVE('',#7622,#7631,#7633,.T.);
#7631 = VERTEX_POINT('',#7632);
#7632 = CARTESIAN_POINT('',(12.26,3.05,1.585));
#7633 = LINE('',#7634,#7635);
#7634 = CARTESIAN_POINT('',(12.26,4.95,1.585));
#7635 = VECTOR('',#7636,1.);
#7636 = DIRECTION('',(0.,-1.,0.));
#7637 = ORIENTED_EDGE('',*,*,#7638,.T.);
#7638 = EDGE_CURVE('',#7631,#7639,#7641,.T.);
#7639 = VERTEX_POINT('',#7640);
#7640 = CARTESIAN_POINT('',(12.2,2.99,1.585));
#7641 = CIRCLE('',#7642,5.99993201626E-02);
#7642 = AXIS2_PLACEMENT_3D('',#7643,#7644,#7645);
#7643 = CARTESIAN_POINT('',(12.200000679841,3.049999320159,1.585));
#7644 = DIRECTION('',(0.,0.,-1.));
#7645 = DIRECTION('',(0.999999999936,1.133081594379E-05,0.));
#7646 = ORIENTED_EDGE('',*,*,#7647,.T.);
#7647 = EDGE_CURVE('',#7639,#7648,#7650,.T.);
#7648 = VERTEX_POINT('',#7649);
#7649 = CARTESIAN_POINT('',(10.3,2.99,1.585));
#7650 = LINE('',#7651,#7652);
#7651 = CARTESIAN_POINT('',(12.2,2.99,1.585));
#7652 = VECTOR('',#7653,1.);
#7653 = DIRECTION('',(-1.,0.,0.));
#7654 = ORIENTED_EDGE('',*,*,#7655,.T.);
#7655 = EDGE_CURVE('',#7648,#7656,#7658,.T.);
#7656 = VERTEX_POINT('',#7657);
#7657 = CARTESIAN_POINT('',(10.24,3.05,1.585));
#7658 = CIRCLE('',#7659,5.99993201626E-02);
#7659 = AXIS2_PLACEMENT_3D('',#7660,#7661,#7662);
#7660 = CARTESIAN_POINT('',(10.299999320159,3.049999320159,1.585));
#7661 = DIRECTION('',(0.,0.,-1.));
#7662 = DIRECTION('',(1.133081597339E-05,-0.999999999936,0.));
#7663 = ORIENTED_EDGE('',*,*,#7664,.T.);
#7664 = EDGE_CURVE('',#7656,#7603,#7665,.T.);
#7665 = LINE('',#7666,#7667);
#7666 = CARTESIAN_POINT('',(10.24,3.05,1.585));
#7667 = VECTOR('',#7668,1.);
#7668 = DIRECTION('',(0.,1.,0.));
#7669 = FACE_BOUND('',#7670,.F.);
#7670 = EDGE_LOOP('',(#7671,#7681,#7689,#7697));
#7671 = ORIENTED_EDGE('',*,*,#7672,.T.);
#7672 = EDGE_CURVE('',#7673,#7675,#7677,.T.);
#7673 = VERTEX_POINT('',#7674);
#7674 = CARTESIAN_POINT('',(12.14,3.11,1.585));
#7675 = VERTEX_POINT('',#7676);
#7676 = CARTESIAN_POINT('',(12.14,4.89,1.585));
#7677 = LINE('',#7678,#7679);
#7678 = CARTESIAN_POINT('',(12.14,3.11,1.585));
#7679 = VECTOR('',#7680,1.);
#7680 = DIRECTION('',(0.,1.,0.));
#7681 = ORIENTED_EDGE('',*,*,#7682,.T.);
#7682 = EDGE_CURVE('',#7675,#7683,#7685,.T.);
#7683 = VERTEX_POINT('',#7684);
#7684 = CARTESIAN_POINT('',(10.36,4.89,1.585));
#7685 = LINE('',#7686,#7687);
#7686 = CARTESIAN_POINT('',(12.14,4.89,1.585));
#7687 = VECTOR('',#7688,1.);
#7688 = DIRECTION('',(-1.,0.,0.));
#7689 = ORIENTED_EDGE('',*,*,#7690,.T.);
#7690 = EDGE_CURVE('',#7683,#7691,#7693,.T.);
#7691 = VERTEX_POINT('',#7692);
#7692 = CARTESIAN_POINT('',(10.36,3.11,1.585));
#7693 = LINE('',#7694,#7695);
#7694 = CARTESIAN_POINT('',(10.36,4.89,1.585));
#7695 = VECTOR('',#7696,1.);
#7696 = DIRECTION('',(0.,-1.,0.));
#7697 = ORIENTED_EDGE('',*,*,#7698,.T.);
#7698 = EDGE_CURVE('',#7691,#7673,#7699,.T.);
#7699 = LINE('',#7700,#7701);
#7700 = CARTESIAN_POINT('',(10.36,3.11,1.585));
#7701 = VECTOR('',#7702,1.);
#7702 = DIRECTION('',(1.,0.,0.));
#7703 = PLANE('',#7704);
#7704 = AXIS2_PLACEMENT_3D('',#7705,#7706,#7707);
#7705 = CARTESIAN_POINT('',(0.,0.,1.585));
#7706 = DIRECTION('',(0.,0.,1.));
#7707 = DIRECTION('',(1.,0.,-0.));
#7708 = SHELL_BASED_SURFACE_MODEL('',(#7709));
#7709 = OPEN_SHELL('',(#7710));
#7710 = ADVANCED_FACE('',(#7711,#7745,#7863,#7982),#8059,.T.);
#7711 = FACE_BOUND('',#7712,.F.);
#7712 = EDGE_LOOP('',(#7713,#7723,#7731,#7739));
#7713 = ORIENTED_EDGE('',*,*,#7714,.T.);
#7714 = EDGE_CURVE('',#7715,#7717,#7719,.T.);
#7715 = VERTEX_POINT('',#7716);
#7716 = CARTESIAN_POINT('',(5.234752,2.992432,1.585));
#7717 = VERTEX_POINT('',#7718);
#7718 = CARTESIAN_POINT('',(5.234752,5.147988,1.585));
#7719 = LINE('',#7720,#7721);
#7720 = CARTESIAN_POINT('',(5.234752,2.992432,1.585));
#7721 = VECTOR('',#7722,1.);
#7722 = DIRECTION('',(0.,1.,0.));
#7723 = ORIENTED_EDGE('',*,*,#7724,.T.);
#7724 = EDGE_CURVE('',#7717,#7725,#7727,.T.);
#7725 = VERTEX_POINT('',#7726);
#7726 = CARTESIAN_POINT('',(9.675997,5.147988,1.585));
#7727 = LINE('',#7728,#7729);
#7728 = CARTESIAN_POINT('',(5.234752,5.147988,1.585));
#7729 = VECTOR('',#7730,1.);
#7730 = DIRECTION('',(1.,0.,0.));
#7731 = ORIENTED_EDGE('',*,*,#7732,.T.);
#7732 = EDGE_CURVE('',#7725,#7733,#7735,.T.);
#7733 = VERTEX_POINT('',#7734);
#7734 = CARTESIAN_POINT('',(9.675997,2.992432,1.585));
#7735 = LINE('',#7736,#7737);
#7736 = CARTESIAN_POINT('',(9.675997,5.147988,1.585));
#7737 = VECTOR('',#7738,1.);
#7738 = DIRECTION('',(0.,-1.,0.));
#7739 = ORIENTED_EDGE('',*,*,#7740,.T.);
#7740 = EDGE_CURVE('',#7733,#7715,#7741,.T.);
#7741 = LINE('',#7742,#7743);
#7742 = CARTESIAN_POINT('',(9.675997,2.992432,1.585));
#7743 = VECTOR('',#7744,1.);
#7744 = DIRECTION('',(-1.,0.,0.));
#7745 = FACE_BOUND('',#7746,.F.);
#7746 = EDGE_LOOP('',(#7747,#7758,#7766,#7775,#7783,#7791,#7799,#7808,
    #7816,#7824,#7833,#7841,#7849,#7857));
#7747 = ORIENTED_EDGE('',*,*,#7748,.T.);
#7748 = EDGE_CURVE('',#7749,#7751,#7753,.T.);
#7749 = VERTEX_POINT('',#7750);
#7750 = CARTESIAN_POINT('',(5.568087,4.953357,1.585));
#7751 = VERTEX_POINT('',#7752);
#7752 = CARTESIAN_POINT('',(5.414451,4.889719,1.585));
#7753 = CIRCLE('',#7754,0.100000590676);
#7754 = AXIS2_PLACEMENT_3D('',#7755,#7756,#7757);
#7755 = CARTESIAN_POINT('',(5.51253,4.870209312801,1.585));
#7756 = DIRECTION('',(0.,0.,1.));
#7757 = DIRECTION('',(0.555566718399,0.831471960686,-0.));
#7758 = ORIENTED_EDGE('',*,*,#7759,.T.);
#7759 = EDGE_CURVE('',#7751,#7760,#7762,.T.);
#7760 = VERTEX_POINT('',#7761);
#7761 = CARTESIAN_POINT('',(5.414451,3.250701,1.585));
#7762 = LINE('',#7763,#7764);
#7763 = CARTESIAN_POINT('',(5.414451,4.889719,1.585));
#7764 = VECTOR('',#7765,1.);
#7765 = DIRECTION('',(0.,-1.,0.));
#7766 = ORIENTED_EDGE('',*,*,#7767,.T.);
#7767 = EDGE_CURVE('',#7760,#7768,#7770,.T.);
#7768 = VERTEX_POINT('',#7769);
#7769 = CARTESIAN_POINT('',(5.610609,3.250701,1.585));
#7770 = CIRCLE('',#7771,0.100000456609);
#7771 = AXIS2_PLACEMENT_3D('',#7772,#7773,#7774);
#7772 = CARTESIAN_POINT('',(5.51253,3.27021,1.585));
#7773 = DIRECTION('',(0.,0.,1.));
#7774 = DIRECTION('',(-0.980785521645,-0.195089109206,0.));
#7775 = ORIENTED_EDGE('',*,*,#7776,.T.);
#7776 = EDGE_CURVE('',#7768,#7777,#7779,.T.);
#7777 = VERTEX_POINT('',#7778);
#7778 = CARTESIAN_POINT('',(5.61253,3.914503,1.585));
#7779 = LINE('',#7780,#7781);
#7780 = CARTESIAN_POINT('',(5.610609,3.250701,1.585));
#7781 = VECTOR('',#7782,1.);
#7782 = DIRECTION('',(2.893923121647E-03,0.999995812596,0.));
#7783 = ORIENTED_EDGE('',*,*,#7784,.T.);
#7784 = EDGE_CURVE('',#7777,#7785,#7787,.T.);
#7785 = VERTEX_POINT('',#7786);
#7786 = CARTESIAN_POINT('',(5.730282,4.032255,1.585));
#7787 = LINE('',#7788,#7789);
#7788 = CARTESIAN_POINT('',(5.61253,3.914503,1.585));
#7789 = VECTOR('',#7790,1.);
#7790 = DIRECTION('',(0.707106781187,0.707106781187,0.));
#7791 = ORIENTED_EDGE('',*,*,#7792,.T.);
#7792 = EDGE_CURVE('',#7785,#7793,#7795,.T.);
#7793 = VERTEX_POINT('',#7794);
#7794 = CARTESIAN_POINT('',(6.360058,3.195755,1.585));
#7795 = LINE('',#7796,#7797);
#7796 = CARTESIAN_POINT('',(5.730282,4.032255,1.585));
#7797 = VECTOR('',#7798,1.);
#7798 = DIRECTION('',(0.60146655599,-0.798897979735,0.));
#7799 = ORIENTED_EDGE('',*,*,#7800,.T.);
#7800 = EDGE_CURVE('',#7793,#7801,#7803,.T.);
#7801 = VERTEX_POINT('',#7802);
#7802 = CARTESIAN_POINT('',(6.516985,3.31345,1.585));
#7803 = CIRCLE('',#7804,0.100000832762);
#7804 = AXIS2_PLACEMENT_3D('',#7805,#7806,#7807);
#7805 = CARTESIAN_POINT('',(6.426815863978,3.270210047848,1.585));
#7806 = DIRECTION('',(0.,0.,1.));
#7807 = DIRECTION('',(-0.667573080491,-0.744544278202,0.));
#7808 = ORIENTED_EDGE('',*,*,#7809,.T.);
#7809 = EDGE_CURVE('',#7801,#7810,#7812,.T.);
#7810 = VERTEX_POINT('',#7811);
#7811 = CARTESIAN_POINT('',(5.873139,4.175112,1.585));
#7812 = LINE('',#7813,#7814);
#7813 = CARTESIAN_POINT('',(6.516985,3.31345,1.585));
#7814 = VECTOR('',#7815,1.);
#7815 = DIRECTION('',(-0.598570757751,0.801069939497,0.));
#7816 = ORIENTED_EDGE('',*,*,#7817,.T.);
#7817 = EDGE_CURVE('',#7810,#7818,#7820,.T.);
#7818 = VERTEX_POINT('',#7819);
#7819 = CARTESIAN_POINT('',(6.509964,4.814653,1.585));
#7820 = LINE('',#7821,#7822);
#7821 = CARTESIAN_POINT('',(5.873139,4.175112,1.585));
#7822 = VECTOR('',#7823,1.);
#7823 = DIRECTION('',(0.705600519662,0.708609840922,0.));
#7824 = ORIENTED_EDGE('',*,*,#7825,.T.);
#7825 = EDGE_CURVE('',#7818,#7826,#7828,.T.);
#7826 = VERTEX_POINT('',#7827);
#7827 = CARTESIAN_POINT('',(6.371259,4.953358,1.585));
#7828 = CIRCLE('',#7829,0.10000071281);
#7829 = AXIS2_PLACEMENT_3D('',#7830,#7831,#7832);
#7830 = CARTESIAN_POINT('',(6.4268165,4.8702105,1.585));
#7831 = DIRECTION('',(0.,-0.,1.));
#7832 = DIRECTION('',(0.831469073206,-0.555571039834,-0.));
#7833 = ORIENTED_EDGE('',*,*,#7834,.T.);
#7834 = EDGE_CURVE('',#7826,#7835,#7837,.T.);
#7835 = VERTEX_POINT('',#7836);
#7836 = CARTESIAN_POINT('',(5.61253,4.197346,1.585));
#7837 = LINE('',#7838,#7839);
#7838 = CARTESIAN_POINT('',(6.371259,4.953358,1.585));
#7839 = VECTOR('',#7840,1.);
#7840 = DIRECTION('',(-0.7083739833,-0.705837304047,0.));
#7841 = ORIENTED_EDGE('',*,*,#7842,.T.);
#7842 = EDGE_CURVE('',#7835,#7843,#7845,.T.);
#7843 = VERTEX_POINT('',#7844);
#7844 = CARTESIAN_POINT('',(5.610609,4.889719,1.585));
#7845 = LINE('',#7846,#7847);
#7846 = CARTESIAN_POINT('',(5.61253,4.197346,1.585));
#7847 = VECTOR('',#7848,1.);
#7848 = DIRECTION('',(-2.774505369463E-03,0.999996151053,0.));
#7849 = ORIENTED_EDGE('',*,*,#7850,.T.);
#7850 = EDGE_CURVE('',#7843,#7851,#7853,.T.);
#7851 = VERTEX_POINT('',#7852);
#7852 = CARTESIAN_POINT('',(5.595677,4.925767,1.585));
#7853 = LINE('',#7854,#7855);
#7854 = CARTESIAN_POINT('',(5.610609,4.889719,1.585));
#7855 = VECTOR('',#7856,1.);
#7856 = DIRECTION('',(-0.38269282806,0.923875640631,0.));
#7857 = ORIENTED_EDGE('',*,*,#7858,.T.);
#7858 = EDGE_CURVE('',#7851,#7749,#7859,.T.);
#7859 = LINE('',#7860,#7861);
#7860 = CARTESIAN_POINT('',(5.595677,4.925767,1.585));
#7861 = VECTOR('',#7862,1.);
#7862 = DIRECTION('',(-0.707106781187,0.707106781187,0.));
#7863 = FACE_BOUND('',#7864,.F.);
#7864 = EDGE_LOOP('',(#7865,#7876,#7884,#7893,#7901,#7910,#7918,#7927,
    #7935,#7943,#7951,#7960,#7968,#7976));
#7865 = ORIENTED_EDGE('',*,*,#7866,.T.);
#7866 = EDGE_CURVE('',#7867,#7869,#7871,.T.);
#7867 = VERTEX_POINT('',#7868);
#7868 = CARTESIAN_POINT('',(7.893944,4.772131,1.585));
#7869 = VERTEX_POINT('',#7870);
#7870 = CARTESIAN_POINT('',(7.893944,4.968289,1.585));
#7871 = CIRCLE('',#7872,0.100000456609);
#7872 = AXIS2_PLACEMENT_3D('',#7873,#7874,#7875);
#7873 = CARTESIAN_POINT('',(7.874435,4.87021,1.585));
#7874 = DIRECTION('',(0.,-0.,1.));
#7875 = DIRECTION('',(0.195089109206,-0.980785521645,-0.));
#7876 = ORIENTED_EDGE('',*,*,#7877,.T.);
#7877 = EDGE_CURVE('',#7869,#7878,#7880,.T.);
#7878 = VERTEX_POINT('',#7879);
#7879 = CARTESIAN_POINT('',(7.093021,4.968289,1.585));
#7880 = LINE('',#7881,#7882);
#7881 = CARTESIAN_POINT('',(7.893944,4.968289,1.585));
#7882 = VECTOR('',#7883,1.);
#7883 = DIRECTION('',(-1.,0.,0.));
#7884 = ORIENTED_EDGE('',*,*,#7885,.T.);
#7885 = EDGE_CURVE('',#7878,#7886,#7888,.T.);
#7886 = VERTEX_POINT('',#7887);
#7887 = CARTESIAN_POINT('',(7.014451,4.889719,1.585));
#7888 = CIRCLE('',#7889,0.100002891901);
#7889 = AXIS2_PLACEMENT_3D('',#7890,#7891,#7892);
#7890 = CARTESIAN_POINT('',(7.112532071036,4.870207928964,1.585));
#7891 = DIRECTION('',(0.,0.,1.));
#7892 = DIRECTION('',(-0.195105068116,0.980782347106,0.));
#7893 = ORIENTED_EDGE('',*,*,#7894,.T.);
#7894 = EDGE_CURVE('',#7886,#7895,#7897,.T.);
#7895 = VERTEX_POINT('',#7896);
#7896 = CARTESIAN_POINT('',(7.014451,3.250701,1.585));
#7897 = LINE('',#7898,#7899);
#7898 = CARTESIAN_POINT('',(7.014451,4.889719,1.585));
#7899 = VECTOR('',#7900,1.);
#7900 = DIRECTION('',(0.,-1.,0.));
#7901 = ORIENTED_EDGE('',*,*,#7902,.T.);
#7902 = EDGE_CURVE('',#7895,#7903,#7905,.T.);
#7903 = VERTEX_POINT('',#7904);
#7904 = CARTESIAN_POINT('',(7.093021,3.172131,1.585));
#7905 = CIRCLE('',#7906,0.100002891901);
#7906 = AXIS2_PLACEMENT_3D('',#7907,#7908,#7909);
#7907 = CARTESIAN_POINT('',(7.112532071036,3.270212071036,1.585));
#7908 = DIRECTION('',(0.,0.,1.));
#7909 = DIRECTION('',(-0.980782347106,-0.195105068116,0.));
#7910 = ORIENTED_EDGE('',*,*,#7911,.T.);
#7911 = EDGE_CURVE('',#7903,#7912,#7914,.T.);
#7912 = VERTEX_POINT('',#7913);
#7913 = CARTESIAN_POINT('',(7.893944,3.172131,1.585));
#7914 = LINE('',#7915,#7916);
#7915 = CARTESIAN_POINT('',(7.093021,3.172131,1.585));
#7916 = VECTOR('',#7917,1.);
#7917 = DIRECTION('',(1.,0.,0.));
#7918 = ORIENTED_EDGE('',*,*,#7919,.T.);
#7919 = EDGE_CURVE('',#7912,#7920,#7922,.T.);
#7920 = VERTEX_POINT('',#7921);
#7921 = CARTESIAN_POINT('',(7.893944,3.368289,1.585));
#7922 = CIRCLE('',#7923,0.100000456609);
#7923 = AXIS2_PLACEMENT_3D('',#7924,#7925,#7926);
#7924 = CARTESIAN_POINT('',(7.874435,3.27021,1.585));
#7925 = DIRECTION('',(0.,-0.,1.));
#7926 = DIRECTION('',(0.195089109206,-0.980785521645,-0.));
#7927 = ORIENTED_EDGE('',*,*,#7928,.T.);
#7928 = EDGE_CURVE('',#7920,#7929,#7931,.T.);
#7929 = VERTEX_POINT('',#7930);
#7930 = CARTESIAN_POINT('',(7.21253,3.37021,1.585));
#7931 = LINE('',#7932,#7933);
#7932 = CARTESIAN_POINT('',(7.893944,3.368289,1.585));
#7933 = VECTOR('',#7934,1.);
#7934 = DIRECTION('',(-0.999996026255,2.819126649049E-03,0.));
#7935 = ORIENTED_EDGE('',*,*,#7936,.T.);
#7936 = EDGE_CURVE('',#7929,#7937,#7939,.T.);
#7937 = VERTEX_POINT('',#7938);
#7938 = CARTESIAN_POINT('',(7.21253,4.008305,1.585));
#7939 = LINE('',#7940,#7941);
#7940 = CARTESIAN_POINT('',(7.21253,3.37021,1.585));
#7941 = VECTOR('',#7942,1.);
#7942 = DIRECTION('',(0.,1.,0.));
#7943 = ORIENTED_EDGE('',*,*,#7944,.T.);
#7944 = EDGE_CURVE('',#7937,#7945,#7947,.T.);
#7945 = VERTEX_POINT('',#7946);
#7946 = CARTESIAN_POINT('',(7.665372,4.010226,1.585));
#7947 = LINE('',#7948,#7949);
#7948 = CARTESIAN_POINT('',(7.21253,4.008305,1.585));
#7949 = VECTOR('',#7950,1.);
#7950 = DIRECTION('',(0.999991002425,4.242059516694E-03,0.));
#7951 = ORIENTED_EDGE('',*,*,#7952,.T.);
#7952 = EDGE_CURVE('',#7945,#7953,#7955,.T.);
#7953 = VERTEX_POINT('',#7954);
#7954 = CARTESIAN_POINT('',(7.665372,4.206384,1.585));
#7955 = CIRCLE('',#7956,0.100000456609);
#7956 = AXIS2_PLACEMENT_3D('',#7957,#7958,#7959);
#7957 = CARTESIAN_POINT('',(7.645863,4.108305,1.585));
#7958 = DIRECTION('',(0.,-0.,1.));
#7959 = DIRECTION('',(0.195089109206,-0.980785521645,-0.));
#7960 = ORIENTED_EDGE('',*,*,#7961,.T.);
#7961 = EDGE_CURVE('',#7953,#7962,#7964,.T.);
#7962 = VERTEX_POINT('',#7963);
#7963 = CARTESIAN_POINT('',(7.21253,4.208305,1.585));
#7964 = LINE('',#7965,#7966);
#7965 = CARTESIAN_POINT('',(7.665372,4.206384,1.585));
#7966 = VECTOR('',#7967,1.);
#7967 = DIRECTION('',(-0.999991002425,4.242059516694E-03,0.));
#7968 = ORIENTED_EDGE('',*,*,#7969,.T.);
#7969 = EDGE_CURVE('',#7962,#7970,#7972,.T.);
#7970 = VERTEX_POINT('',#7971);
#7971 = CARTESIAN_POINT('',(7.21253,4.77021,1.585));
#7972 = LINE('',#7973,#7974);
#7973 = CARTESIAN_POINT('',(7.21253,4.208305,1.585));
#7974 = VECTOR('',#7975,1.);
#7975 = DIRECTION('',(0.,1.,0.));
#7976 = ORIENTED_EDGE('',*,*,#7977,.T.);
#7977 = EDGE_CURVE('',#7970,#7867,#7978,.T.);
#7978 = LINE('',#7979,#7980);
#7979 = CARTESIAN_POINT('',(7.21253,4.77021,1.585));
#7980 = VECTOR('',#7981,1.);
#7981 = DIRECTION('',(0.999996026255,2.819126649049E-03,0.));
#7982 = FACE_BOUND('',#7983,.F.);
#7983 = EDGE_LOOP('',(#7984,#7994,#8003,#8011,#8019,#8028,#8036,#8044,
    #8053));
#7984 = ORIENTED_EDGE('',*,*,#7985,.T.);
#7985 = EDGE_CURVE('',#7986,#7988,#7990,.T.);
#7986 = VERTEX_POINT('',#7987);
#7987 = CARTESIAN_POINT('',(8.86491,4.218379,1.585));
#7988 = VERTEX_POINT('',#7989);
#7989 = CARTESIAN_POINT('',(8.403849,4.939325,1.585));
#7990 = LINE('',#7991,#7992);
#7991 = CARTESIAN_POINT('',(8.86491,4.218379,1.585));
#7992 = VECTOR('',#7993,1.);
#7993 = DIRECTION('',(-0.538768129232,0.84245409544,0.));
#7994 = ORIENTED_EDGE('',*,*,#7995,.T.);
#7995 = EDGE_CURVE('',#7988,#7996,#7998,.T.);
#7996 = VERTEX_POINT('',#7997);
#7997 = CARTESIAN_POINT('',(8.238358,4.834013,1.585));
#7998 = CIRCLE('',#7999,0.10000041458);
#7999 = AXIS2_PLACEMENT_3D('',#8000,#8001,#8002);
#8000 = CARTESIAN_POINT('',(8.331577505666,4.870209777198,1.585));
#8001 = DIRECTION('',(0.,0.,1.));
#8002 = DIRECTION('',(0.72271194712,0.691149362649,-0.));
#8003 = ORIENTED_EDGE('',*,*,#8004,.T.);
#8004 = EDGE_CURVE('',#7996,#8005,#8007,.T.);
#8005 = VERTEX_POINT('',#8006);
#8006 = CARTESIAN_POINT('',(8.764911,4.002996,1.585));
#8007 = LINE('',#8008,#8009);
#8008 = CARTESIAN_POINT('',(8.238358,4.834013,1.585));
#8009 = VECTOR('',#8010,1.);
#8010 = DIRECTION('',(0.535227804462,-0.844707758536,0.));
#8011 = ORIENTED_EDGE('',*,*,#8012,.T.);
#8012 = EDGE_CURVE('',#8005,#8013,#8015,.T.);
#8013 = VERTEX_POINT('',#8014);
#8014 = CARTESIAN_POINT('',(8.766832,3.250701,1.585));
#8015 = LINE('',#8016,#8017);
#8016 = CARTESIAN_POINT('',(8.764911,4.002996,1.585));
#8017 = VECTOR('',#8018,1.);
#8018 = DIRECTION('',(2.553511238448E-03,-0.999996739785,0.));
#8019 = ORIENTED_EDGE('',*,*,#8020,.T.);
#8020 = EDGE_CURVE('',#8013,#8021,#8023,.T.);
#8021 = VERTEX_POINT('',#8022);
#8022 = CARTESIAN_POINT('',(8.96299,3.250701,1.585));
#8023 = CIRCLE('',#8024,0.100000456609);
#8024 = AXIS2_PLACEMENT_3D('',#8025,#8026,#8027);
#8025 = CARTESIAN_POINT('',(8.864911,3.27021,1.585));
#8026 = DIRECTION('',(0.,0.,1.));
#8027 = DIRECTION('',(-0.980785521645,-0.195089109206,0.));
#8028 = ORIENTED_EDGE('',*,*,#8029,.T.);
#8029 = EDGE_CURVE('',#8021,#8030,#8032,.T.);
#8030 = VERTEX_POINT('',#8031);
#8031 = CARTESIAN_POINT('',(8.964911,4.002995,1.585));
#8032 = LINE('',#8033,#8034);
#8033 = CARTESIAN_POINT('',(8.96299,3.250701,1.585));
#8034 = VECTOR('',#8035,1.);
#8035 = DIRECTION('',(2.553514632725E-03,0.999996739776,0.));
#8036 = ORIENTED_EDGE('',*,*,#8037,.T.);
#8037 = EDGE_CURVE('',#8030,#8038,#8040,.T.);
#8038 = VERTEX_POINT('',#8039);
#8039 = CARTESIAN_POINT('',(9.491463,4.834013,1.585));
#8040 = LINE('',#8041,#8042);
#8041 = CARTESIAN_POINT('',(8.964911,4.002995,1.585));
#8042 = VECTOR('',#8043,1.);
#8043 = DIRECTION('',(0.535226619616,0.844708509283,0.));
#8044 = ORIENTED_EDGE('',*,*,#8045,.T.);
#8045 = EDGE_CURVE('',#8038,#8046,#8048,.T.);
#8046 = VERTEX_POINT('',#8047);
#8047 = CARTESIAN_POINT('',(9.325972,4.939325,1.585));
#8048 = CIRCLE('',#8049,0.100000410154);
#8049 = AXIS2_PLACEMENT_3D('',#8050,#8051,#8052);
#8050 = CARTESIAN_POINT('',(9.398243506514,4.870209796338,1.585));
#8051 = DIRECTION('',(0.,-0.,1.));
#8052 = DIRECTION('',(0.932191111441,-0.361966478765,-0.));
#8053 = ORIENTED_EDGE('',*,*,#8054,.T.);
#8054 = EDGE_CURVE('',#8046,#7986,#8055,.T.);
#8055 = LINE('',#8056,#8057);
#8056 = CARTESIAN_POINT('',(9.325972,4.939325,1.585));
#8057 = VECTOR('',#8058,1.);
#8058 = DIRECTION('',(-0.538768958578,-0.842453565054,0.));
#8059 = PLANE('',#8060);
#8060 = AXIS2_PLACEMENT_3D('',#8061,#8062,#8063);
#8061 = CARTESIAN_POINT('',(0.,0.,1.585));
#8062 = DIRECTION('',(0.,0.,1.));
#8063 = DIRECTION('',(1.,0.,-0.));
#8064 = SHELL_BASED_SURFACE_MODEL('',(#8065));
#8065 = OPEN_SHELL('',(#8066));
#8066 = ADVANCED_FACE('',(#8067,#8137),#8171,.T.);
#8067 = FACE_BOUND('',#8068,.T.);
#8068 = EDGE_LOOP('',(#8069,#8080,#8088,#8097,#8105,#8114,#8122,#8131));
#8069 = ORIENTED_EDGE('',*,*,#8070,.T.);
#8070 = EDGE_CURVE('',#8071,#8073,#8075,.T.);
#8071 = VERTEX_POINT('',#8072);
#8072 = CARTESIAN_POINT('',(-12.19,5.08,-7.5E-02));
#8073 = VERTEX_POINT('',#8074);
#8074 = CARTESIAN_POINT('',(-12.13,5.14,-7.5E-02));
#8075 = CIRCLE('',#8076,5.99993201626E-02);
#8076 = AXIS2_PLACEMENT_3D('',#8077,#8078,#8079);
#8077 = CARTESIAN_POINT('',(-12.13000067984,5.080000679841,-7.5E-02));
#8078 = DIRECTION('',(0.,0.,-1.));
#8079 = DIRECTION('',(-0.999999999936,-1.133081591418E-05,-0.));
#8080 = ORIENTED_EDGE('',*,*,#8081,.T.);
#8081 = EDGE_CURVE('',#8073,#8082,#8084,.T.);
#8082 = VERTEX_POINT('',#8083);
#8083 = CARTESIAN_POINT('',(-9.37,5.14,-7.5E-02));
#8084 = LINE('',#8085,#8086);
#8085 = CARTESIAN_POINT('',(-12.13,5.14,-7.5E-02));
#8086 = VECTOR('',#8087,1.);
#8087 = DIRECTION('',(1.,0.,0.));
#8088 = ORIENTED_EDGE('',*,*,#8089,.T.);
#8089 = EDGE_CURVE('',#8082,#8090,#8092,.T.);
#8090 = VERTEX_POINT('',#8091);
#8091 = CARTESIAN_POINT('',(-9.31,5.08,-7.5E-02));
#8092 = CIRCLE('',#8093,5.99993201626E-02);
#8093 = AXIS2_PLACEMENT_3D('',#8094,#8095,#8096);
#8094 = CARTESIAN_POINT('',(-9.369999320159,5.080000679841,-7.5E-02));
#8095 = DIRECTION('',(0.,0.,-1.));
#8096 = DIRECTION('',(-1.133081591418E-05,0.999999999936,0.));
#8097 = ORIENTED_EDGE('',*,*,#8098,.T.);
#8098 = EDGE_CURVE('',#8090,#8099,#8101,.T.);
#8099 = VERTEX_POINT('',#8100);
#8100 = CARTESIAN_POINT('',(-9.31,-7.73,-7.5E-02));
#8101 = LINE('',#8102,#8103);
#8102 = CARTESIAN_POINT('',(-9.31,5.08,-7.5E-02));
#8103 = VECTOR('',#8104,1.);
#8104 = DIRECTION('',(0.,-1.,0.));
#8105 = ORIENTED_EDGE('',*,*,#8106,.T.);
#8106 = EDGE_CURVE('',#8099,#8107,#8109,.T.);
#8107 = VERTEX_POINT('',#8108);
#8108 = CARTESIAN_POINT('',(-9.37,-7.79,-7.5E-02));
#8109 = CIRCLE('',#8110,5.99993201626E-02);
#8110 = AXIS2_PLACEMENT_3D('',#8111,#8112,#8113);
#8111 = CARTESIAN_POINT('',(-9.369999320159,-7.730000679841,-7.5E-02));
#8112 = DIRECTION('',(0.,0.,-1.));
#8113 = DIRECTION('',(0.999999999936,1.133081591418E-05,0.));
#8114 = ORIENTED_EDGE('',*,*,#8115,.T.);
#8115 = EDGE_CURVE('',#8107,#8116,#8118,.T.);
#8116 = VERTEX_POINT('',#8117);
#8117 = CARTESIAN_POINT('',(-12.13,-7.79,-7.5E-02));
#8118 = LINE('',#8119,#8120);
#8119 = CARTESIAN_POINT('',(-9.37,-7.79,-7.5E-02));
#8120 = VECTOR('',#8121,1.);
#8121 = DIRECTION('',(-1.,0.,0.));
#8122 = ORIENTED_EDGE('',*,*,#8123,.T.);
#8123 = EDGE_CURVE('',#8116,#8124,#8126,.T.);
#8124 = VERTEX_POINT('',#8125);
#8125 = CARTESIAN_POINT('',(-12.19,-7.73,-7.5E-02));
#8126 = CIRCLE('',#8127,5.99993201626E-02);
#8127 = AXIS2_PLACEMENT_3D('',#8128,#8129,#8130);
#8128 = CARTESIAN_POINT('',(-12.13000067984,-7.730000679841,-7.5E-02));
#8129 = DIRECTION('',(0.,0.,-1.));
#8130 = DIRECTION('',(1.133081591418E-05,-0.999999999936,0.));
#8131 = ORIENTED_EDGE('',*,*,#8132,.T.);
#8132 = EDGE_CURVE('',#8124,#8071,#8133,.T.);
#8133 = LINE('',#8134,#8135);
#8134 = CARTESIAN_POINT('',(-12.19,-7.73,-7.5E-02));
#8135 = VECTOR('',#8136,1.);
#8136 = DIRECTION('',(0.,1.,0.));
#8137 = FACE_BOUND('',#8138,.T.);
#8138 = EDGE_LOOP('',(#8139,#8149,#8157,#8165));
#8139 = ORIENTED_EDGE('',*,*,#8140,.T.);
#8140 = EDGE_CURVE('',#8141,#8143,#8145,.T.);
#8141 = VERTEX_POINT('',#8142);
#8142 = CARTESIAN_POINT('',(-9.43,-7.67,-7.5E-02));
#8143 = VERTEX_POINT('',#8144);
#8144 = CARTESIAN_POINT('',(-9.43,5.02,-7.5E-02));
#8145 = LINE('',#8146,#8147);
#8146 = CARTESIAN_POINT('',(-9.43,-7.67,-7.5E-02));
#8147 = VECTOR('',#8148,1.);
#8148 = DIRECTION('',(0.,1.,0.));
#8149 = ORIENTED_EDGE('',*,*,#8150,.T.);
#8150 = EDGE_CURVE('',#8143,#8151,#8153,.T.);
#8151 = VERTEX_POINT('',#8152);
#8152 = CARTESIAN_POINT('',(-12.07,5.02,-7.5E-02));
#8153 = LINE('',#8154,#8155);
#8154 = CARTESIAN_POINT('',(-9.43,5.02,-7.5E-02));
#8155 = VECTOR('',#8156,1.);
#8156 = DIRECTION('',(-1.,0.,0.));
#8157 = ORIENTED_EDGE('',*,*,#8158,.T.);
#8158 = EDGE_CURVE('',#8151,#8159,#8161,.T.);
#8159 = VERTEX_POINT('',#8160);
#8160 = CARTESIAN_POINT('',(-12.07,-7.67,-7.5E-02));
#8161 = LINE('',#8162,#8163);
#8162 = CARTESIAN_POINT('',(-12.07,5.02,-7.5E-02));
#8163 = VECTOR('',#8164,1.);
#8164 = DIRECTION('',(0.,-1.,0.));
#8165 = ORIENTED_EDGE('',*,*,#8166,.T.);
#8166 = EDGE_CURVE('',#8159,#8141,#8167,.T.);
#8167 = LINE('',#8168,#8169);
#8168 = CARTESIAN_POINT('',(-12.07,-7.67,-7.5E-02));
#8169 = VECTOR('',#8170,1.);
#8170 = DIRECTION('',(1.,0.,0.));
#8171 = PLANE('',#8172);
#8172 = AXIS2_PLACEMENT_3D('',#8173,#8174,#8175);
#8173 = CARTESIAN_POINT('',(0.,0.,-7.5E-02));
#8174 = DIRECTION('',(-0.,-0.,-1.));
#8175 = DIRECTION('',(-1.,0.,0.));
#8176 = SHELL_BASED_SURFACE_MODEL('',(#8177));
#8177 = OPEN_SHELL('',(#8178));
#8178 = ADVANCED_FACE('',(#8179),#8240,.T.);
#8179 = FACE_BOUND('',#8180,.T.);
#8180 = EDGE_LOOP('',(#8181,#8192,#8200,#8209,#8217,#8226,#8234));
#8181 = ORIENTED_EDGE('',*,*,#8182,.T.);
#8182 = EDGE_CURVE('',#8183,#8185,#8187,.T.);
#8183 = VERTEX_POINT('',#8184);
#8184 = CARTESIAN_POINT('',(-10.75,7.669999,-7.5E-02));
#8185 = VERTEX_POINT('',#8186);
#8186 = CARTESIAN_POINT('',(-10.75,7.789999,-7.5E-02));
#8187 = CIRCLE('',#8188,6.000000000042E-02);
#8188 = AXIS2_PLACEMENT_3D('',#8189,#8190,#8191);
#8189 = CARTESIAN_POINT('',(-10.75000022558,7.729999,-7.5E-02));
#8190 = DIRECTION('',(0.,0.,-1.));
#8191 = DIRECTION('',(3.75979413526E-06,-0.999999999993,0.));
#8192 = ORIENTED_EDGE('',*,*,#8193,.T.);
#8193 = EDGE_CURVE('',#8185,#8194,#8196,.T.);
#8194 = VERTEX_POINT('',#8195);
#8195 = CARTESIAN_POINT('',(-9.37,7.79,-7.5E-02));
#8196 = LINE('',#8197,#8198);
#8197 = CARTESIAN_POINT('',(-10.75,7.789999,-7.5E-02));
#8198 = VECTOR('',#8199,1.);
#8199 = DIRECTION('',(1.,7.246376812605E-07,0.));
#8200 = ORIENTED_EDGE('',*,*,#8201,.T.);
#8201 = EDGE_CURVE('',#8194,#8202,#8204,.T.);
#8202 = VERTEX_POINT('',#8203);
#8203 = CARTESIAN_POINT('',(-9.31,7.73,-7.5E-02));
#8204 = CIRCLE('',#8205,5.99993201626E-02);
#8205 = AXIS2_PLACEMENT_3D('',#8206,#8207,#8208);
#8206 = CARTESIAN_POINT('',(-9.369999320159,7.730000679841,-7.5E-02));
#8207 = DIRECTION('',(0.,0.,-1.));
#8208 = DIRECTION('',(-1.133081591418E-05,0.999999999936,0.));
#8209 = ORIENTED_EDGE('',*,*,#8210,.T.);
#8210 = EDGE_CURVE('',#8202,#8211,#8213,.T.);
#8211 = VERTEX_POINT('',#8212);
#8212 = CARTESIAN_POINT('',(-9.310001,6.35,-7.5E-02));
#8213 = LINE('',#8214,#8215);
#8214 = CARTESIAN_POINT('',(-9.31,7.73,-7.5E-02));
#8215 = VECTOR('',#8216,1.);
#8216 = DIRECTION('',(-7.246376806169E-07,-1.,0.));
#8217 = ORIENTED_EDGE('',*,*,#8218,.T.);
#8218 = EDGE_CURVE('',#8211,#8219,#8221,.T.);
#8219 = VERTEX_POINT('',#8220);
#8220 = CARTESIAN_POINT('',(-9.430001,6.35,-7.5E-02));
#8221 = CIRCLE('',#8222,6.000000000042E-02);
#8222 = AXIS2_PLACEMENT_3D('',#8223,#8224,#8225);
#8223 = CARTESIAN_POINT('',(-9.370001,6.349999774412,-7.5E-02));
#8224 = DIRECTION('',(0.,0.,-1.));
#8225 = DIRECTION('',(0.999999999993,3.759794105654E-06,0.));
#8226 = ORIENTED_EDGE('',*,*,#8227,.T.);
#8227 = EDGE_CURVE('',#8219,#8228,#8230,.T.);
#8228 = VERTEX_POINT('',#8229);
#8229 = CARTESIAN_POINT('',(-9.430001,7.67,-7.5E-02));
#8230 = LINE('',#8231,#8232);
#8231 = CARTESIAN_POINT('',(-9.430001,6.35,-7.5E-02));
#8232 = VECTOR('',#8233,1.);
#8233 = DIRECTION('',(0.,1.,0.));
#8234 = ORIENTED_EDGE('',*,*,#8235,.T.);
#8235 = EDGE_CURVE('',#8228,#8183,#8236,.T.);
#8236 = LINE('',#8237,#8238);
#8237 = CARTESIAN_POINT('',(-9.430001,7.67,-7.5E-02));
#8238 = VECTOR('',#8239,1.);
#8239 = DIRECTION('',(-1.,-7.575763316029E-07,0.));
#8240 = PLANE('',#8241);
#8241 = AXIS2_PLACEMENT_3D('',#8242,#8243,#8244);
#8242 = CARTESIAN_POINT('',(0.,0.,-7.5E-02));
#8243 = DIRECTION('',(-0.,-0.,-1.));
#8244 = DIRECTION('',(-1.,0.,0.));
#8245 = ( GEOMETRIC_REPRESENTATION_CONTEXT(3) 
GLOBAL_UNCERTAINTY_ASSIGNED_CONTEXT((#8249)) 
GLOBAL_UNIT_ASSIGNED_CONTEXT((#8246,#8247,#8248)) REPRESENTATION_CONTEXT
('Context #1','3D Context with UNIT and UNCERTAINTY') );
#8246 = ( LENGTH_UNIT() NAMED_UNIT(*) SI_UNIT(.MILLI.,.METRE.) );
#8247 = ( NAMED_UNIT(*) PLANE_ANGLE_UNIT() SI_UNIT($,.RADIAN.) );
#8248 = ( NAMED_UNIT(*) SI_UNIT($,.STERADIAN.) SOLID_ANGLE_UNIT() );
#8249 = UNCERTAINTY_MEASURE_WITH_UNIT(LENGTH_MEASURE(1.E-07),#8246,
  'distance_accuracy_value','confusion accuracy');
#8250 = CONTEXT_DEPENDENT_SHAPE_REPRESENTATION(#8251,#8253);
#8251 = ( REPRESENTATION_RELATIONSHIP('','',#4187,#10) 
REPRESENTATION_RELATIONSHIP_WITH_TRANSFORMATION(#8252) 
SHAPE_REPRESENTATION_RELATIONSHIP() );
#8252 = ITEM_DEFINED_TRANSFORMATION('','',#11,#19);
#8253 = PRODUCT_DEFINITION_SHAPE('Placement','Placement of an item',
  #8254);
#8254 = NEXT_ASSEMBLY_USAGE_OCCURRENCE('2','=>[0:1:1:3]','',#5,#4182,$);
#8255 = PRODUCT_RELATED_PRODUCT_CATEGORY('part',$,(#4184));
#8256 = SHAPE_DEFINITION_REPRESENTATION(#8257,#8263);
#8257 = PRODUCT_DEFINITION_SHAPE('','',#8258);
#8258 = PRODUCT_DEFINITION('design','',#8259,#8262);
#8259 = PRODUCT_DEFINITION_FORMATION('','',#8260);
#8260 = PRODUCT('IP5306-LiPoCharger_PCB','IP5306-LiPoCharger_PCB','',(
    #8261));
#8261 = PRODUCT_CONTEXT('',#2,'mechanical');
#8262 = PRODUCT_DEFINITION_CONTEXT('part definition',#2,'design');
#8263 = ADVANCED_BREP_SHAPE_REPRESENTATION('',(#11,#8264),#8648);
#8264 = MANIFOLD_SOLID_BREP('',#8265);
#8265 = CLOSED_SHELL('',(#8266,#8306,#8337,#8368,#8451,#8534,#8546,#8563
    ,#8580,#8597,#8614,#8631));
#8266 = ADVANCED_FACE('',(#8267),#8301,.T.);
#8267 = FACE_BOUND('',#8268,.T.);
#8268 = EDGE_LOOP('',(#8269,#8279,#8287,#8295));
#8269 = ORIENTED_EDGE('',*,*,#8270,.T.);
#8270 = EDGE_CURVE('',#8271,#8273,#8275,.T.);
#8271 = VERTEX_POINT('',#8272);
#8272 = CARTESIAN_POINT('',(12.5,-8.,0.));
#8273 = VERTEX_POINT('',#8274);
#8274 = CARTESIAN_POINT('',(12.5,-8.,1.51));
#8275 = LINE('',#8276,#8277);
#8276 = CARTESIAN_POINT('',(12.5,-8.,0.));
#8277 = VECTOR('',#8278,1.);
#8278 = DIRECTION('',(0.,0.,1.));
#8279 = ORIENTED_EDGE('',*,*,#8280,.T.);
#8280 = EDGE_CURVE('',#8273,#8281,#8283,.T.);
#8281 = VERTEX_POINT('',#8282);
#8282 = CARTESIAN_POINT('',(-12.5,-8.,1.51));
#8283 = LINE('',#8284,#8285);
#8284 = CARTESIAN_POINT('',(12.5,-8.,1.51));
#8285 = VECTOR('',#8286,1.);
#8286 = DIRECTION('',(-1.,0.,0.));
#8287 = ORIENTED_EDGE('',*,*,#8288,.F.);
#8288 = EDGE_CURVE('',#8289,#8281,#8291,.T.);
#8289 = VERTEX_POINT('',#8290);
#8290 = CARTESIAN_POINT('',(-12.5,-8.,0.));
#8291 = LINE('',#8292,#8293);
#8292 = CARTESIAN_POINT('',(-12.5,-8.,0.));
#8293 = VECTOR('',#8294,1.);
#8294 = DIRECTION('',(0.,0.,1.));
#8295 = ORIENTED_EDGE('',*,*,#8296,.F.);
#8296 = EDGE_CURVE('',#8271,#8289,#8297,.T.);
#8297 = LINE('',#8298,#8299);
#8298 = CARTESIAN_POINT('',(12.5,-8.,0.));
#8299 = VECTOR('',#8300,1.);
#8300 = DIRECTION('',(-1.,0.,0.));
#8301 = PLANE('',#8302);
#8302 = AXIS2_PLACEMENT_3D('',#8303,#8304,#8305);
#8303 = CARTESIAN_POINT('',(12.5,-8.,0.));
#8304 = DIRECTION('',(0.,-1.,0.));
#8305 = DIRECTION('',(-1.,0.,0.));
#8306 = ADVANCED_FACE('',(#8307),#8332,.T.);
#8307 = FACE_BOUND('',#8308,.T.);
#8308 = EDGE_LOOP('',(#8309,#8319,#8325,#8326));
#8309 = ORIENTED_EDGE('',*,*,#8310,.T.);
#8310 = EDGE_CURVE('',#8311,#8313,#8315,.T.);
#8311 = VERTEX_POINT('',#8312);
#8312 = CARTESIAN_POINT('',(12.5,8.,0.));
#8313 = VERTEX_POINT('',#8314);
#8314 = CARTESIAN_POINT('',(12.5,8.,1.51));
#8315 = LINE('',#8316,#8317);
#8316 = CARTESIAN_POINT('',(12.5,8.,0.));
#8317 = VECTOR('',#8318,1.);
#8318 = DIRECTION('',(0.,0.,1.));
#8319 = ORIENTED_EDGE('',*,*,#8320,.T.);
#8320 = EDGE_CURVE('',#8313,#8273,#8321,.T.);
#8321 = LINE('',#8322,#8323);
#8322 = CARTESIAN_POINT('',(12.5,8.,1.51));
#8323 = VECTOR('',#8324,1.);
#8324 = DIRECTION('',(0.,-1.,0.));
#8325 = ORIENTED_EDGE('',*,*,#8270,.F.);
#8326 = ORIENTED_EDGE('',*,*,#8327,.F.);
#8327 = EDGE_CURVE('',#8311,#8271,#8328,.T.);
#8328 = LINE('',#8329,#8330);
#8329 = CARTESIAN_POINT('',(12.5,8.,0.));
#8330 = VECTOR('',#8331,1.);
#8331 = DIRECTION('',(0.,-1.,0.));
#8332 = PLANE('',#8333);
#8333 = AXIS2_PLACEMENT_3D('',#8334,#8335,#8336);
#8334 = CARTESIAN_POINT('',(12.5,8.,0.));
#8335 = DIRECTION('',(1.,0.,-0.));
#8336 = DIRECTION('',(0.,-1.,0.));
#8337 = ADVANCED_FACE('',(#8338),#8363,.T.);
#8338 = FACE_BOUND('',#8339,.T.);
#8339 = EDGE_LOOP('',(#8340,#8341,#8349,#8357));
#8340 = ORIENTED_EDGE('',*,*,#8288,.T.);
#8341 = ORIENTED_EDGE('',*,*,#8342,.T.);
#8342 = EDGE_CURVE('',#8281,#8343,#8345,.T.);
#8343 = VERTEX_POINT('',#8344);
#8344 = CARTESIAN_POINT('',(-12.5,8.,1.51));
#8345 = LINE('',#8346,#8347);
#8346 = CARTESIAN_POINT('',(-12.5,-8.,1.51));
#8347 = VECTOR('',#8348,1.);
#8348 = DIRECTION('',(0.,1.,0.));
#8349 = ORIENTED_EDGE('',*,*,#8350,.F.);
#8350 = EDGE_CURVE('',#8351,#8343,#8353,.T.);
#8351 = VERTEX_POINT('',#8352);
#8352 = CARTESIAN_POINT('',(-12.5,8.,0.));
#8353 = LINE('',#8354,#8355);
#8354 = CARTESIAN_POINT('',(-12.5,8.,0.));
#8355 = VECTOR('',#8356,1.);
#8356 = DIRECTION('',(0.,0.,1.));
#8357 = ORIENTED_EDGE('',*,*,#8358,.F.);
#8358 = EDGE_CURVE('',#8289,#8351,#8359,.T.);
#8359 = LINE('',#8360,#8361);
#8360 = CARTESIAN_POINT('',(-12.5,-8.,0.));
#8361 = VECTOR('',#8362,1.);
#8362 = DIRECTION('',(0.,1.,0.));
#8363 = PLANE('',#8364);
#8364 = AXIS2_PLACEMENT_3D('',#8365,#8366,#8367);
#8365 = CARTESIAN_POINT('',(-12.5,-8.,0.));
#8366 = DIRECTION('',(-1.,0.,0.));
#8367 = DIRECTION('',(0.,1.,0.));
#8368 = ADVANCED_FACE('',(#8369,#8380,#8391,#8402,#8413,#8424,#8435),
  #8446,.F.);
#8369 = FACE_BOUND('',#8370,.F.);
#8370 = EDGE_LOOP('',(#8371,#8372,#8373,#8379));
#8371 = ORIENTED_EDGE('',*,*,#8296,.F.);
#8372 = ORIENTED_EDGE('',*,*,#8327,.F.);
#8373 = ORIENTED_EDGE('',*,*,#8374,.F.);
#8374 = EDGE_CURVE('',#8351,#8311,#8375,.T.);
#8375 = LINE('',#8376,#8377);
#8376 = CARTESIAN_POINT('',(-12.5,8.,0.));
#8377 = VECTOR('',#8378,1.);
#8378 = DIRECTION('',(1.,0.,0.));
#8379 = ORIENTED_EDGE('',*,*,#8358,.F.);
#8380 = FACE_BOUND('',#8381,.F.);
#8381 = EDGE_LOOP('',(#8382));
#8382 = ORIENTED_EDGE('',*,*,#8383,.T.);
#8383 = EDGE_CURVE('',#8384,#8384,#8386,.T.);
#8384 = VERTEX_POINT('',#8385);
#8385 = CARTESIAN_POINT('',(-10.75,-6.85,0.));
#8386 = CIRCLE('',#8387,0.5);
#8387 = AXIS2_PLACEMENT_3D('',#8388,#8389,#8390);
#8388 = CARTESIAN_POINT('',(-10.75,-6.35,0.));
#8389 = DIRECTION('',(-0.,0.,-1.));
#8390 = DIRECTION('',(-0.,-1.,0.));
#8391 = FACE_BOUND('',#8392,.F.);
#8392 = EDGE_LOOP('',(#8393));
#8393 = ORIENTED_EDGE('',*,*,#8394,.T.);
#8394 = EDGE_CURVE('',#8395,#8395,#8397,.T.);
#8395 = VERTEX_POINT('',#8396);
#8396 = CARTESIAN_POINT('',(-10.75,-4.31,0.));
#8397 = CIRCLE('',#8398,0.5);
#8398 = AXIS2_PLACEMENT_3D('',#8399,#8400,#8401);
#8399 = CARTESIAN_POINT('',(-10.75,-3.81,0.));
#8400 = DIRECTION('',(-0.,0.,-1.));
#8401 = DIRECTION('',(-0.,-1.,0.));
#8402 = FACE_BOUND('',#8403,.F.);
#8403 = EDGE_LOOP('',(#8404));
#8404 = ORIENTED_EDGE('',*,*,#8405,.T.);
#8405 = EDGE_CURVE('',#8406,#8406,#8408,.T.);
#8406 = VERTEX_POINT('',#8407);
#8407 = CARTESIAN_POINT('',(-10.75,-1.77,0.));
#8408 = CIRCLE('',#8409,0.5);
#8409 = AXIS2_PLACEMENT_3D('',#8410,#8411,#8412);
#8410 = CARTESIAN_POINT('',(-10.75,-1.27,0.));
#8411 = DIRECTION('',(-0.,0.,-1.));
#8412 = DIRECTION('',(-0.,-1.,0.));
#8413 = FACE_BOUND('',#8414,.F.);
#8414 = EDGE_LOOP('',(#8415));
#8415 = ORIENTED_EDGE('',*,*,#8416,.T.);
#8416 = EDGE_CURVE('',#8417,#8417,#8419,.T.);
#8417 = VERTEX_POINT('',#8418);
#8418 = CARTESIAN_POINT('',(-10.75,0.770001,0.));
#8419 = CIRCLE('',#8420,0.5);
#8420 = AXIS2_PLACEMENT_3D('',#8421,#8422,#8423);
#8421 = CARTESIAN_POINT('',(-10.75,1.270001,0.));
#8422 = DIRECTION('',(-0.,0.,-1.));
#8423 = DIRECTION('',(-0.,-1.,0.));
#8424 = FACE_BOUND('',#8425,.F.);
#8425 = EDGE_LOOP('',(#8426));
#8426 = ORIENTED_EDGE('',*,*,#8427,.T.);
#8427 = EDGE_CURVE('',#8428,#8428,#8430,.T.);
#8428 = VERTEX_POINT('',#8429);
#8429 = CARTESIAN_POINT('',(-10.75,3.31,0.));
#8430 = CIRCLE('',#8431,0.5);
#8431 = AXIS2_PLACEMENT_3D('',#8432,#8433,#8434);
#8432 = CARTESIAN_POINT('',(-10.75,3.81,0.));
#8433 = DIRECTION('',(-0.,0.,-1.));
#8434 = DIRECTION('',(-0.,-1.,0.));
#8435 = FACE_BOUND('',#8436,.F.);
#8436 = EDGE_LOOP('',(#8437));
#8437 = ORIENTED_EDGE('',*,*,#8438,.T.);
#8438 = EDGE_CURVE('',#8439,#8439,#8441,.T.);
#8439 = VERTEX_POINT('',#8440);
#8440 = CARTESIAN_POINT('',(-10.75,5.85,0.));
#8441 = CIRCLE('',#8442,0.5);
#8442 = AXIS2_PLACEMENT_3D('',#8443,#8444,#8445);
#8443 = CARTESIAN_POINT('',(-10.75,6.35,0.));
#8444 = DIRECTION('',(-0.,0.,-1.));
#8445 = DIRECTION('',(-0.,-1.,0.));
#8446 = PLANE('',#8447);
#8447 = AXIS2_PLACEMENT_3D('',#8448,#8449,#8450);
#8448 = CARTESIAN_POINT('',(0.,0.,0.));
#8449 = DIRECTION('',(0.,0.,1.));
#8450 = DIRECTION('',(1.,0.,-0.));
#8451 = ADVANCED_FACE('',(#8452,#8463,#8474,#8485,#8496,#8507,#8518),
  #8529,.T.);
#8452 = FACE_BOUND('',#8453,.T.);
#8453 = EDGE_LOOP('',(#8454,#8455,#8456,#8462));
#8454 = ORIENTED_EDGE('',*,*,#8280,.F.);
#8455 = ORIENTED_EDGE('',*,*,#8320,.F.);
#8456 = ORIENTED_EDGE('',*,*,#8457,.F.);
#8457 = EDGE_CURVE('',#8343,#8313,#8458,.T.);
#8458 = LINE('',#8459,#8460);
#8459 = CARTESIAN_POINT('',(-12.5,8.,1.51));
#8460 = VECTOR('',#8461,1.);
#8461 = DIRECTION('',(1.,0.,0.));
#8462 = ORIENTED_EDGE('',*,*,#8342,.F.);
#8463 = FACE_BOUND('',#8464,.T.);
#8464 = EDGE_LOOP('',(#8465));
#8465 = ORIENTED_EDGE('',*,*,#8466,.T.);
#8466 = EDGE_CURVE('',#8467,#8467,#8469,.T.);
#8467 = VERTEX_POINT('',#8468);
#8468 = CARTESIAN_POINT('',(-10.75,-6.85,1.51));
#8469 = CIRCLE('',#8470,0.5);
#8470 = AXIS2_PLACEMENT_3D('',#8471,#8472,#8473);
#8471 = CARTESIAN_POINT('',(-10.75,-6.35,1.51));
#8472 = DIRECTION('',(-0.,0.,-1.));
#8473 = DIRECTION('',(-0.,-1.,0.));
#8474 = FACE_BOUND('',#8475,.T.);
#8475 = EDGE_LOOP('',(#8476));
#8476 = ORIENTED_EDGE('',*,*,#8477,.T.);
#8477 = EDGE_CURVE('',#8478,#8478,#8480,.T.);
#8478 = VERTEX_POINT('',#8479);
#8479 = CARTESIAN_POINT('',(-10.75,-4.31,1.51));
#8480 = CIRCLE('',#8481,0.5);
#8481 = AXIS2_PLACEMENT_3D('',#8482,#8483,#8484);
#8482 = CARTESIAN_POINT('',(-10.75,-3.81,1.51));
#8483 = DIRECTION('',(-0.,0.,-1.));
#8484 = DIRECTION('',(-0.,-1.,0.));
#8485 = FACE_BOUND('',#8486,.T.);
#8486 = EDGE_LOOP('',(#8487));
#8487 = ORIENTED_EDGE('',*,*,#8488,.T.);
#8488 = EDGE_CURVE('',#8489,#8489,#8491,.T.);
#8489 = VERTEX_POINT('',#8490);
#8490 = CARTESIAN_POINT('',(-10.75,-1.77,1.51));
#8491 = CIRCLE('',#8492,0.5);
#8492 = AXIS2_PLACEMENT_3D('',#8493,#8494,#8495);
#8493 = CARTESIAN_POINT('',(-10.75,-1.27,1.51));
#8494 = DIRECTION('',(-0.,0.,-1.));
#8495 = DIRECTION('',(-0.,-1.,0.));
#8496 = FACE_BOUND('',#8497,.T.);
#8497 = EDGE_LOOP('',(#8498));
#8498 = ORIENTED_EDGE('',*,*,#8499,.T.);
#8499 = EDGE_CURVE('',#8500,#8500,#8502,.T.);
#8500 = VERTEX_POINT('',#8501);
#8501 = CARTESIAN_POINT('',(-10.75,0.770001,1.51));
#8502 = CIRCLE('',#8503,0.5);
#8503 = AXIS2_PLACEMENT_3D('',#8504,#8505,#8506);
#8504 = CARTESIAN_POINT('',(-10.75,1.270001,1.51));
#8505 = DIRECTION('',(-0.,0.,-1.));
#8506 = DIRECTION('',(-0.,-1.,0.));
#8507 = FACE_BOUND('',#8508,.T.);
#8508 = EDGE_LOOP('',(#8509));
#8509 = ORIENTED_EDGE('',*,*,#8510,.T.);
#8510 = EDGE_CURVE('',#8511,#8511,#8513,.T.);
#8511 = VERTEX_POINT('',#8512);
#8512 = CARTESIAN_POINT('',(-10.75,3.31,1.51));
#8513 = CIRCLE('',#8514,0.5);
#8514 = AXIS2_PLACEMENT_3D('',#8515,#8516,#8517);
#8515 = CARTESIAN_POINT('',(-10.75,3.81,1.51));
#8516 = DIRECTION('',(-0.,0.,-1.));
#8517 = DIRECTION('',(-0.,-1.,0.));
#8518 = FACE_BOUND('',#8519,.T.);
#8519 = EDGE_LOOP('',(#8520));
#8520 = ORIENTED_EDGE('',*,*,#8521,.T.);
#8521 = EDGE_CURVE('',#8522,#8522,#8524,.T.);
#8522 = VERTEX_POINT('',#8523);
#8523 = CARTESIAN_POINT('',(-10.75,5.85,1.51));
#8524 = CIRCLE('',#8525,0.5);
#8525 = AXIS2_PLACEMENT_3D('',#8526,#8527,#8528);
#8526 = CARTESIAN_POINT('',(-10.75,6.35,1.51));
#8527 = DIRECTION('',(-0.,0.,-1.));
#8528 = DIRECTION('',(-0.,-1.,0.));
#8529 = PLANE('',#8530);
#8530 = AXIS2_PLACEMENT_3D('',#8531,#8532,#8533);
#8531 = CARTESIAN_POINT('',(0.,0.,1.51));
#8532 = DIRECTION('',(0.,0.,1.));
#8533 = DIRECTION('',(1.,0.,-0.));
#8534 = ADVANCED_FACE('',(#8535),#8541,.T.);
#8535 = FACE_BOUND('',#8536,.T.);
#8536 = EDGE_LOOP('',(#8537,#8538,#8539,#8540));
#8537 = ORIENTED_EDGE('',*,*,#8350,.T.);
#8538 = ORIENTED_EDGE('',*,*,#8457,.T.);
#8539 = ORIENTED_EDGE('',*,*,#8310,.F.);
#8540 = ORIENTED_EDGE('',*,*,#8374,.F.);
#8541 = PLANE('',#8542);
#8542 = AXIS2_PLACEMENT_3D('',#8543,#8544,#8545);
#8543 = CARTESIAN_POINT('',(-12.5,8.,0.));
#8544 = DIRECTION('',(0.,1.,0.));
#8545 = DIRECTION('',(1.,0.,0.));
#8546 = ADVANCED_FACE('',(#8547),#8558,.F.);
#8547 = FACE_BOUND('',#8548,.T.);
#8548 = EDGE_LOOP('',(#8549,#8550,#8556,#8557));
#8549 = ORIENTED_EDGE('',*,*,#8383,.T.);
#8550 = ORIENTED_EDGE('',*,*,#8551,.T.);
#8551 = EDGE_CURVE('',#8384,#8467,#8552,.T.);
#8552 = LINE('',#8553,#8554);
#8553 = CARTESIAN_POINT('',(-10.75,-6.85,-4.6E-02));
#8554 = VECTOR('',#8555,1.);
#8555 = DIRECTION('',(0.,0.,1.));
#8556 = ORIENTED_EDGE('',*,*,#8466,.F.);
#8557 = ORIENTED_EDGE('',*,*,#8551,.F.);
#8558 = CYLINDRICAL_SURFACE('',#8559,0.5);
#8559 = AXIS2_PLACEMENT_3D('',#8560,#8561,#8562);
#8560 = CARTESIAN_POINT('',(-10.75,-6.35,-4.6E-02));
#8561 = DIRECTION('',(-0.,-0.,-1.));
#8562 = DIRECTION('',(-0.,-1.,0.));
#8563 = ADVANCED_FACE('',(#8564),#8575,.F.);
#8564 = FACE_BOUND('',#8565,.T.);
#8565 = EDGE_LOOP('',(#8566,#8567,#8573,#8574));
#8566 = ORIENTED_EDGE('',*,*,#8394,.T.);
#8567 = ORIENTED_EDGE('',*,*,#8568,.T.);
#8568 = EDGE_CURVE('',#8395,#8478,#8569,.T.);
#8569 = LINE('',#8570,#8571);
#8570 = CARTESIAN_POINT('',(-10.75,-4.31,-4.6E-02));
#8571 = VECTOR('',#8572,1.);
#8572 = DIRECTION('',(0.,0.,1.));
#8573 = ORIENTED_EDGE('',*,*,#8477,.F.);
#8574 = ORIENTED_EDGE('',*,*,#8568,.F.);
#8575 = CYLINDRICAL_SURFACE('',#8576,0.5);
#8576 = AXIS2_PLACEMENT_3D('',#8577,#8578,#8579);
#8577 = CARTESIAN_POINT('',(-10.75,-3.81,-4.6E-02));
#8578 = DIRECTION('',(-0.,-0.,-1.));
#8579 = DIRECTION('',(-0.,-1.,0.));
#8580 = ADVANCED_FACE('',(#8581),#8592,.F.);
#8581 = FACE_BOUND('',#8582,.T.);
#8582 = EDGE_LOOP('',(#8583,#8584,#8590,#8591));
#8583 = ORIENTED_EDGE('',*,*,#8405,.T.);
#8584 = ORIENTED_EDGE('',*,*,#8585,.T.);
#8585 = EDGE_CURVE('',#8406,#8489,#8586,.T.);
#8586 = LINE('',#8587,#8588);
#8587 = CARTESIAN_POINT('',(-10.75,-1.77,-4.6E-02));
#8588 = VECTOR('',#8589,1.);
#8589 = DIRECTION('',(0.,0.,1.));
#8590 = ORIENTED_EDGE('',*,*,#8488,.F.);
#8591 = ORIENTED_EDGE('',*,*,#8585,.F.);
#8592 = CYLINDRICAL_SURFACE('',#8593,0.5);
#8593 = AXIS2_PLACEMENT_3D('',#8594,#8595,#8596);
#8594 = CARTESIAN_POINT('',(-10.75,-1.27,-4.6E-02));
#8595 = DIRECTION('',(-0.,-0.,-1.));
#8596 = DIRECTION('',(-0.,-1.,0.));
#8597 = ADVANCED_FACE('',(#8598),#8609,.F.);
#8598 = FACE_BOUND('',#8599,.T.);
#8599 = EDGE_LOOP('',(#8600,#8601,#8607,#8608));
#8600 = ORIENTED_EDGE('',*,*,#8416,.T.);
#8601 = ORIENTED_EDGE('',*,*,#8602,.T.);
#8602 = EDGE_CURVE('',#8417,#8500,#8603,.T.);
#8603 = LINE('',#8604,#8605);
#8604 = CARTESIAN_POINT('',(-10.75,0.770001,-4.6E-02));
#8605 = VECTOR('',#8606,1.);
#8606 = DIRECTION('',(0.,0.,1.));
#8607 = ORIENTED_EDGE('',*,*,#8499,.F.);
#8608 = ORIENTED_EDGE('',*,*,#8602,.F.);
#8609 = CYLINDRICAL_SURFACE('',#8610,0.5);
#8610 = AXIS2_PLACEMENT_3D('',#8611,#8612,#8613);
#8611 = CARTESIAN_POINT('',(-10.75,1.270001,-4.6E-02));
#8612 = DIRECTION('',(-0.,-0.,-1.));
#8613 = DIRECTION('',(-0.,-1.,0.));
#8614 = ADVANCED_FACE('',(#8615),#8626,.F.);
#8615 = FACE_BOUND('',#8616,.T.);
#8616 = EDGE_LOOP('',(#8617,#8618,#8624,#8625));
#8617 = ORIENTED_EDGE('',*,*,#8427,.T.);
#8618 = ORIENTED_EDGE('',*,*,#8619,.T.);
#8619 = EDGE_CURVE('',#8428,#8511,#8620,.T.);
#8620 = LINE('',#8621,#8622);
#8621 = CARTESIAN_POINT('',(-10.75,3.31,-4.6E-02));
#8622 = VECTOR('',#8623,1.);
#8623 = DIRECTION('',(0.,0.,1.));
#8624 = ORIENTED_EDGE('',*,*,#8510,.F.);
#8625 = ORIENTED_EDGE('',*,*,#8619,.F.);
#8626 = CYLINDRICAL_SURFACE('',#8627,0.5);
#8627 = AXIS2_PLACEMENT_3D('',#8628,#8629,#8630);
#8628 = CARTESIAN_POINT('',(-10.75,3.81,-4.6E-02));
#8629 = DIRECTION('',(-0.,-0.,-1.));
#8630 = DIRECTION('',(-0.,-1.,0.));
#8631 = ADVANCED_FACE('',(#8632),#8643,.F.);
#8632 = FACE_BOUND('',#8633,.T.);
#8633 = EDGE_LOOP('',(#8634,#8635,#8641,#8642));
#8634 = ORIENTED_EDGE('',*,*,#8438,.T.);
#8635 = ORIENTED_EDGE('',*,*,#8636,.T.);
#8636 = EDGE_CURVE('',#8439,#8522,#8637,.T.);
#8637 = LINE('',#8638,#8639);
#8638 = CARTESIAN_POINT('',(-10.75,5.85,-4.6E-02));
#8639 = VECTOR('',#8640,1.);
#8640 = DIRECTION('',(0.,0.,1.));
#8641 = ORIENTED_EDGE('',*,*,#8521,.F.);
#8642 = ORIENTED_EDGE('',*,*,#8636,.F.);
#8643 = CYLINDRICAL_SURFACE('',#8644,0.5);
#8644 = AXIS2_PLACEMENT_3D('',#8645,#8646,#8647);
#8645 = CARTESIAN_POINT('',(-10.75,6.35,-4.6E-02));
#8646 = DIRECTION('',(-0.,-0.,-1.));
#8647 = DIRECTION('',(-0.,-1.,0.));
#8648 = ( GEOMETRIC_REPRESENTATION_CONTEXT(3) 
GLOBAL_UNCERTAINTY_ASSIGNED_CONTEXT((#8652)) 
GLOBAL_UNIT_ASSIGNED_CONTEXT((#8649,#8650,#8651)) REPRESENTATION_CONTEXT
('Context #1','3D Context with UNIT and UNCERTAINTY') );
#8649 = ( LENGTH_UNIT() NAMED_UNIT(*) SI_UNIT(.MILLI.,.METRE.) );
#8650 = ( NAMED_UNIT(*) PLANE_ANGLE_UNIT() SI_UNIT($,.RADIAN.) );
#8651 = ( NAMED_UNIT(*) SI_UNIT($,.STERADIAN.) SOLID_ANGLE_UNIT() );
#8652 = UNCERTAINTY_MEASURE_WITH_UNIT(LENGTH_MEASURE(1.E-07),#8649,
  'distance_accuracy_value','confusion accuracy');
#8653 = CONTEXT_DEPENDENT_SHAPE_REPRESENTATION(#8654,#8656);
#8654 = ( REPRESENTATION_RELATIONSHIP('','',#8263,#10) 
REPRESENTATION_RELATIONSHIP_WITH_TRANSFORMATION(#8655) 
SHAPE_REPRESENTATION_RELATIONSHIP() );
#8655 = ITEM_DEFINED_TRANSFORMATION('','',#11,#23);
#8656 = PRODUCT_DEFINITION_SHAPE('Placement','Placement of an item',
  #8657);
#8657 = NEXT_ASSEMBLY_USAGE_OCCURRENCE('3','=>[0:1:1:4]','',#5,#8258,$);
#8658 = PRODUCT_RELATED_PRODUCT_CATEGORY('part',$,(#8260));
#8659 = MECHANICAL_DESIGN_GEOMETRIC_PRESENTATION_REPRESENTATION('',(
    #8660),#8648);
#8660 = STYLED_ITEM('color',(#8661),#8264);
#8661 = PRESENTATION_STYLE_ASSIGNMENT((#8662));
#8662 = SURFACE_STYLE_USAGE(.BOTH.,#8663);
#8663 = SURFACE_SIDE_STYLE('',(#8664));
#8664 = SURFACE_STYLE_FILL_AREA(#8665);
#8665 = FILL_AREA_STYLE('',(#8666));
#8666 = FILL_AREA_STYLE_COLOUR('',#8667);
#8667 = COLOUR_RGB('',0.313304153717,0.484529207832,0.410020903123);
#8668 = MECHANICAL_DESIGN_GEOMETRIC_PRESENTATION_REPRESENTATION('',(
    #8669,#8679,#8688,#8697,#8706,#8715,#8724,#8733,#8742,#8751,#8760,
    #8769),#8245);
#8669 = STYLED_ITEM('color',(#8670),#4190);
#8670 = PRESENTATION_STYLE_ASSIGNMENT((#8671));
#8671 = SURFACE_STYLE_USAGE(.BOTH.,#8672);
#8672 = SURFACE_SIDE_STYLE('',(#8673,#8677));
#8673 = SURFACE_STYLE_FILL_AREA(#8674);
#8674 = FILL_AREA_STYLE('',(#8675));
#8675 = FILL_AREA_STYLE_COLOUR('',#8676);
#8676 = DRAUGHTING_PRE_DEFINED_COLOUR('white');
#8677 = SURFACE_STYLE_RENDERING_WITH_PROPERTIES(.NORMAL_SHADING.,#8676,(
    #8678));
#8678 = SURFACE_STYLE_TRANSPARENT(0.100000023842);
#8679 = STYLED_ITEM('color',(#8680),#4268);
#8680 = PRESENTATION_STYLE_ASSIGNMENT((#8681));
#8681 = SURFACE_STYLE_USAGE(.BOTH.,#8682);
#8682 = SURFACE_SIDE_STYLE('',(#8683,#8686));
#8683 = SURFACE_STYLE_FILL_AREA(#8684);
#8684 = FILL_AREA_STYLE('',(#8685));
#8685 = FILL_AREA_STYLE_COLOUR('',#8676);
#8686 = SURFACE_STYLE_RENDERING_WITH_PROPERTIES(.NORMAL_SHADING.,#8676,(
    #8687));
#8687 = SURFACE_STYLE_TRANSPARENT(0.100000023842);
#8688 = STYLED_ITEM('color',(#8689),#4359);
#8689 = PRESENTATION_STYLE_ASSIGNMENT((#8690));
#8690 = SURFACE_STYLE_USAGE(.BOTH.,#8691);
#8691 = SURFACE_SIDE_STYLE('',(#8692,#8695));
#8692 = SURFACE_STYLE_FILL_AREA(#8693);
#8693 = FILL_AREA_STYLE('',(#8694));
#8694 = FILL_AREA_STYLE_COLOUR('',#8676);
#8695 = SURFACE_STYLE_RENDERING_WITH_PROPERTIES(.NORMAL_SHADING.,#8676,(
    #8696));
#8696 = SURFACE_STYLE_TRANSPARENT(0.100000023842);
#8697 = STYLED_ITEM('color',(#8698),#4393);
#8698 = PRESENTATION_STYLE_ASSIGNMENT((#8699));
#8699 = SURFACE_STYLE_USAGE(.BOTH.,#8700);
#8700 = SURFACE_SIDE_STYLE('',(#8701,#8704));
#8701 = SURFACE_STYLE_FILL_AREA(#8702);
#8702 = FILL_AREA_STYLE('',(#8703));
#8703 = FILL_AREA_STYLE_COLOUR('',#8676);
#8704 = SURFACE_STYLE_RENDERING_WITH_PROPERTIES(.NORMAL_SHADING.,#8676,(
    #8705));
#8705 = SURFACE_STYLE_TRANSPARENT(0.100000023842);
#8706 = STYLED_ITEM('color',(#8707),#4468);
#8707 = PRESENTATION_STYLE_ASSIGNMENT((#8708));
#8708 = SURFACE_STYLE_USAGE(.BOTH.,#8709);
#8709 = SURFACE_SIDE_STYLE('',(#8710,#8713));
#8710 = SURFACE_STYLE_FILL_AREA(#8711);
#8711 = FILL_AREA_STYLE('',(#8712));
#8712 = FILL_AREA_STYLE_COLOUR('',#8676);
#8713 = SURFACE_STYLE_RENDERING_WITH_PROPERTIES(.NORMAL_SHADING.,#8676,(
    #8714));
#8714 = SURFACE_STYLE_TRANSPARENT(0.100000023842);
#8715 = STYLED_ITEM('color',(#8716),#4528);
#8716 = PRESENTATION_STYLE_ASSIGNMENT((#8717));
#8717 = SURFACE_STYLE_USAGE(.BOTH.,#8718);
#8718 = SURFACE_SIDE_STYLE('',(#8719,#8722));
#8719 = SURFACE_STYLE_FILL_AREA(#8720);
#8720 = FILL_AREA_STYLE('',(#8721));
#8721 = FILL_AREA_STYLE_COLOUR('',#8676);
#8722 = SURFACE_STYLE_RENDERING_WITH_PROPERTIES(.NORMAL_SHADING.,#8676,(
    #8723));
#8723 = SURFACE_STYLE_TRANSPARENT(0.100000023842);
#8724 = STYLED_ITEM('color',(#8725),#4619);
#8725 = PRESENTATION_STYLE_ASSIGNMENT((#8726));
#8726 = SURFACE_STYLE_USAGE(.BOTH.,#8727);
#8727 = SURFACE_SIDE_STYLE('',(#8728,#8731));
#8728 = SURFACE_STYLE_FILL_AREA(#8729);
#8729 = FILL_AREA_STYLE('',(#8730));
#8730 = FILL_AREA_STYLE_COLOUR('',#8676);
#8731 = SURFACE_STYLE_RENDERING_WITH_PROPERTIES(.NORMAL_SHADING.,#8676,(
    #8732));
#8732 = SURFACE_STYLE_TRANSPARENT(0.100000023842);
#8733 = STYLED_ITEM('color',(#8734),#4710);
#8734 = PRESENTATION_STYLE_ASSIGNMENT((#8735));
#8735 = SURFACE_STYLE_USAGE(.BOTH.,#8736);
#8736 = SURFACE_SIDE_STYLE('',(#8737,#8740));
#8737 = SURFACE_STYLE_FILL_AREA(#8738);
#8738 = FILL_AREA_STYLE('',(#8739));
#8739 = FILL_AREA_STYLE_COLOUR('',#8676);
#8740 = SURFACE_STYLE_RENDERING_WITH_PROPERTIES(.NORMAL_SHADING.,#8676,(
    #8741));
#8741 = SURFACE_STYLE_TRANSPARENT(0.100000023842);
#8742 = STYLED_ITEM('color',(#8743),#7598);
#8743 = PRESENTATION_STYLE_ASSIGNMENT((#8744));
#8744 = SURFACE_STYLE_USAGE(.BOTH.,#8745);
#8745 = SURFACE_SIDE_STYLE('',(#8746,#8749));
#8746 = SURFACE_STYLE_FILL_AREA(#8747);
#8747 = FILL_AREA_STYLE('',(#8748));
#8748 = FILL_AREA_STYLE_COLOUR('',#8676);
#8749 = SURFACE_STYLE_RENDERING_WITH_PROPERTIES(.NORMAL_SHADING.,#8676,(
    #8750));
#8750 = SURFACE_STYLE_TRANSPARENT(0.100000023842);
#8751 = STYLED_ITEM('color',(#8752),#7710);
#8752 = PRESENTATION_STYLE_ASSIGNMENT((#8753));
#8753 = SURFACE_STYLE_USAGE(.BOTH.,#8754);
#8754 = SURFACE_SIDE_STYLE('',(#8755,#8758));
#8755 = SURFACE_STYLE_FILL_AREA(#8756);
#8756 = FILL_AREA_STYLE('',(#8757));
#8757 = FILL_AREA_STYLE_COLOUR('',#8676);
#8758 = SURFACE_STYLE_RENDERING_WITH_PROPERTIES(.NORMAL_SHADING.,#8676,(
    #8759));
#8759 = SURFACE_STYLE_TRANSPARENT(0.100000023842);
#8760 = STYLED_ITEM('color',(#8761),#8066);
#8761 = PRESENTATION_STYLE_ASSIGNMENT((#8762));
#8762 = SURFACE_STYLE_USAGE(.BOTH.,#8763);
#8763 = SURFACE_SIDE_STYLE('',(#8764,#8767));
#8764 = SURFACE_STYLE_FILL_AREA(#8765);
#8765 = FILL_AREA_STYLE('',(#8766));
#8766 = FILL_AREA_STYLE_COLOUR('',#8676);
#8767 = SURFACE_STYLE_RENDERING_WITH_PROPERTIES(.NORMAL_SHADING.,#8676,(
    #8768));
#8768 = SURFACE_STYLE_TRANSPARENT(0.100000023842);
#8769 = STYLED_ITEM('color',(#8770),#8178);
#8770 = PRESENTATION_STYLE_ASSIGNMENT((#8771));
#8771 = SURFACE_STYLE_USAGE(.BOTH.,#8772);
#8772 = SURFACE_SIDE_STYLE('',(#8773,#8776));
#8773 = SURFACE_STYLE_FILL_AREA(#8774);
#8774 = FILL_AREA_STYLE('',(#8775));
#8775 = FILL_AREA_STYLE_COLOUR('',#8676);
#8776 = SURFACE_STYLE_RENDERING_WITH_PROPERTIES(.NORMAL_SHADING.,#8676,(
    #8777));
#8777 = SURFACE_STYLE_TRANSPARENT(0.100000023842);
#8778 = MECHANICAL_DESIGN_GEOMETRIC_PRESENTATION_REPRESENTATION('',(
    #8779,#8787,#8794,#8801,#8808,#8815,#8822,#8829,#8836,#8843,#8850,
    #8857,#8864,#8871,#8878,#8885,#8892,#8899,#8906,#8913,#8920,#8927,
    #8934,#8941,#8948,#8955,#8962,#8969,#8976,#8983,#8990,#8997,#9004,
    #9011,#9018,#9025,#9032,#9039,#9046,#9053,#9060,#9068,#9075,#9082,
    #9089,#9096,#9103,#9110,#9117,#9124,#9131,#9138,#9145,#9152,#9159,
    #9166,#9173,#9180,#9187,#9194,#9201,#9208,#9215,#9222,#9229,#9236,
    #9243,#9250,#9257,#9264,#9271,#9278,#9285,#9292,#9299,#9306,#9313,
    #9320,#9327,#9334,#9341,#9348,#9355,#9362,#9369,#9376,#9383,#9390,
    #9397,#9404,#9411,#9418,#9425,#9432,#9439,#9446,#9453,#9460,#9467,
    #9474,#9481,#9488,#9495,#9502,#9509,#9516,#9523,#9530,#9537,#9544,
    #9551,#9558,#9565,#9572,#9579,#9586,#9593,#9600,#9607,#9614,#9621,
    #9628,#9635,#9642,#9649,#9656,#9663,#9670,#9677,#9684,#9691,#9698,
    #9705,#9712,#9719,#9726,#9733,#9740,#9747,#9754,#9761,#9768,#9775,
    #9782,#9789,#9796,#9803,#9810),#4169);
#8779 = STYLED_ITEM('color',(#8780),#43);
#8780 = PRESENTATION_STYLE_ASSIGNMENT((#8781));
#8781 = SURFACE_STYLE_USAGE(.BOTH.,#8782);
#8782 = SURFACE_SIDE_STYLE('',(#8783));
#8783 = SURFACE_STYLE_FILL_AREA(#8784);
#8784 = FILL_AREA_STYLE('',(#8785));
#8785 = FILL_AREA_STYLE_COLOUR('',#8786);
#8786 = COLOUR_RGB('',0.147999998088,0.144999993226,0.144999993226);
#8787 = STYLED_ITEM('color',(#8788),#83);
#8788 = PRESENTATION_STYLE_ASSIGNMENT((#8789));
#8789 = SURFACE_STYLE_USAGE(.BOTH.,#8790);
#8790 = SURFACE_SIDE_STYLE('',(#8791));
#8791 = SURFACE_STYLE_FILL_AREA(#8792);
#8792 = FILL_AREA_STYLE('',(#8793));
#8793 = FILL_AREA_STYLE_COLOUR('',#8786);
#8794 = STYLED_ITEM('color',(#8795),#114);
#8795 = PRESENTATION_STYLE_ASSIGNMENT((#8796));
#8796 = SURFACE_STYLE_USAGE(.BOTH.,#8797);
#8797 = SURFACE_SIDE_STYLE('',(#8798));
#8798 = SURFACE_STYLE_FILL_AREA(#8799);
#8799 = FILL_AREA_STYLE('',(#8800));
#8800 = FILL_AREA_STYLE_COLOUR('',#8786);
#8801 = STYLED_ITEM('color',(#8802),#145);
#8802 = PRESENTATION_STYLE_ASSIGNMENT((#8803));
#8803 = SURFACE_STYLE_USAGE(.BOTH.,#8804);
#8804 = SURFACE_SIDE_STYLE('',(#8805));
#8805 = SURFACE_STYLE_FILL_AREA(#8806);
#8806 = FILL_AREA_STYLE('',(#8807));
#8807 = FILL_AREA_STYLE_COLOUR('',#8786);
#8808 = STYLED_ITEM('color',(#8809),#638);
#8809 = PRESENTATION_STYLE_ASSIGNMENT((#8810));
#8810 = SURFACE_STYLE_USAGE(.BOTH.,#8811);
#8811 = SURFACE_SIDE_STYLE('',(#8812));
#8812 = SURFACE_STYLE_FILL_AREA(#8813);
#8813 = FILL_AREA_STYLE('',(#8814));
#8814 = FILL_AREA_STYLE_COLOUR('',#8786);
#8815 = STYLED_ITEM('color',(#8816),#1131);
#8816 = PRESENTATION_STYLE_ASSIGNMENT((#8817));
#8817 = SURFACE_STYLE_USAGE(.BOTH.,#8818);
#8818 = SURFACE_SIDE_STYLE('',(#8819));
#8819 = SURFACE_STYLE_FILL_AREA(#8820);
#8820 = FILL_AREA_STYLE('',(#8821));
#8821 = FILL_AREA_STYLE_COLOUR('',#8786);
#8822 = STYLED_ITEM('color',(#8823),#1148);
#8823 = PRESENTATION_STYLE_ASSIGNMENT((#8824));
#8824 = SURFACE_STYLE_USAGE(.BOTH.,#8825);
#8825 = SURFACE_SIDE_STYLE('',(#8826));
#8826 = SURFACE_STYLE_FILL_AREA(#8827);
#8827 = FILL_AREA_STYLE('',(#8828));
#8828 = FILL_AREA_STYLE_COLOUR('',#8786);
#8829 = STYLED_ITEM('color',(#8830),#1165);
#8830 = PRESENTATION_STYLE_ASSIGNMENT((#8831));
#8831 = SURFACE_STYLE_USAGE(.BOTH.,#8832);
#8832 = SURFACE_SIDE_STYLE('',(#8833));
#8833 = SURFACE_STYLE_FILL_AREA(#8834);
#8834 = FILL_AREA_STYLE('',(#8835));
#8835 = FILL_AREA_STYLE_COLOUR('',#8786);
#8836 = STYLED_ITEM('color',(#8837),#1182);
#8837 = PRESENTATION_STYLE_ASSIGNMENT((#8838));
#8838 = SURFACE_STYLE_USAGE(.BOTH.,#8839);
#8839 = SURFACE_SIDE_STYLE('',(#8840));
#8840 = SURFACE_STYLE_FILL_AREA(#8841);
#8841 = FILL_AREA_STYLE('',(#8842));
#8842 = FILL_AREA_STYLE_COLOUR('',#8786);
#8843 = STYLED_ITEM('color',(#8844),#1199);
#8844 = PRESENTATION_STYLE_ASSIGNMENT((#8845));
#8845 = SURFACE_STYLE_USAGE(.BOTH.,#8846);
#8846 = SURFACE_SIDE_STYLE('',(#8847));
#8847 = SURFACE_STYLE_FILL_AREA(#8848);
#8848 = FILL_AREA_STYLE('',(#8849));
#8849 = FILL_AREA_STYLE_COLOUR('',#8786);
#8850 = STYLED_ITEM('color',(#8851),#1216);
#8851 = PRESENTATION_STYLE_ASSIGNMENT((#8852));
#8852 = SURFACE_STYLE_USAGE(.BOTH.,#8853);
#8853 = SURFACE_SIDE_STYLE('',(#8854));
#8854 = SURFACE_STYLE_FILL_AREA(#8855);
#8855 = FILL_AREA_STYLE('',(#8856));
#8856 = FILL_AREA_STYLE_COLOUR('',#8786);
#8857 = STYLED_ITEM('color',(#8858),#1233);
#8858 = PRESENTATION_STYLE_ASSIGNMENT((#8859));
#8859 = SURFACE_STYLE_USAGE(.BOTH.,#8860);
#8860 = SURFACE_SIDE_STYLE('',(#8861));
#8861 = SURFACE_STYLE_FILL_AREA(#8862);
#8862 = FILL_AREA_STYLE('',(#8863));
#8863 = FILL_AREA_STYLE_COLOUR('',#8786);
#8864 = STYLED_ITEM('color',(#8865),#1250);
#8865 = PRESENTATION_STYLE_ASSIGNMENT((#8866));
#8866 = SURFACE_STYLE_USAGE(.BOTH.,#8867);
#8867 = SURFACE_SIDE_STYLE('',(#8868));
#8868 = SURFACE_STYLE_FILL_AREA(#8869);
#8869 = FILL_AREA_STYLE('',(#8870));
#8870 = FILL_AREA_STYLE_COLOUR('',#8786);
#8871 = STYLED_ITEM('color',(#8872),#1267);
#8872 = PRESENTATION_STYLE_ASSIGNMENT((#8873));
#8873 = SURFACE_STYLE_USAGE(.BOTH.,#8874);
#8874 = SURFACE_SIDE_STYLE('',(#8875));
#8875 = SURFACE_STYLE_FILL_AREA(#8876);
#8876 = FILL_AREA_STYLE('',(#8877));
#8877 = FILL_AREA_STYLE_COLOUR('',#8786);
#8878 = STYLED_ITEM('color',(#8879),#1284);
#8879 = PRESENTATION_STYLE_ASSIGNMENT((#8880));
#8880 = SURFACE_STYLE_USAGE(.BOTH.,#8881);
#8881 = SURFACE_SIDE_STYLE('',(#8882));
#8882 = SURFACE_STYLE_FILL_AREA(#8883);
#8883 = FILL_AREA_STYLE('',(#8884));
#8884 = FILL_AREA_STYLE_COLOUR('',#8786);
#8885 = STYLED_ITEM('color',(#8886),#1301);
#8886 = PRESENTATION_STYLE_ASSIGNMENT((#8887));
#8887 = SURFACE_STYLE_USAGE(.BOTH.,#8888);
#8888 = SURFACE_SIDE_STYLE('',(#8889));
#8889 = SURFACE_STYLE_FILL_AREA(#8890);
#8890 = FILL_AREA_STYLE('',(#8891));
#8891 = FILL_AREA_STYLE_COLOUR('',#8786);
#8892 = STYLED_ITEM('color',(#8893),#1318);
#8893 = PRESENTATION_STYLE_ASSIGNMENT((#8894));
#8894 = SURFACE_STYLE_USAGE(.BOTH.,#8895);
#8895 = SURFACE_SIDE_STYLE('',(#8896));
#8896 = SURFACE_STYLE_FILL_AREA(#8897);
#8897 = FILL_AREA_STYLE('',(#8898));
#8898 = FILL_AREA_STYLE_COLOUR('',#8786);
#8899 = STYLED_ITEM('color',(#8900),#1335);
#8900 = PRESENTATION_STYLE_ASSIGNMENT((#8901));
#8901 = SURFACE_STYLE_USAGE(.BOTH.,#8902);
#8902 = SURFACE_SIDE_STYLE('',(#8903));
#8903 = SURFACE_STYLE_FILL_AREA(#8904);
#8904 = FILL_AREA_STYLE('',(#8905));
#8905 = FILL_AREA_STYLE_COLOUR('',#8786);
#8906 = STYLED_ITEM('color',(#8907),#1352);
#8907 = PRESENTATION_STYLE_ASSIGNMENT((#8908));
#8908 = SURFACE_STYLE_USAGE(.BOTH.,#8909);
#8909 = SURFACE_SIDE_STYLE('',(#8910));
#8910 = SURFACE_STYLE_FILL_AREA(#8911);
#8911 = FILL_AREA_STYLE('',(#8912));
#8912 = FILL_AREA_STYLE_COLOUR('',#8786);
#8913 = STYLED_ITEM('color',(#8914),#1369);
#8914 = PRESENTATION_STYLE_ASSIGNMENT((#8915));
#8915 = SURFACE_STYLE_USAGE(.BOTH.,#8916);
#8916 = SURFACE_SIDE_STYLE('',(#8917));
#8917 = SURFACE_STYLE_FILL_AREA(#8918);
#8918 = FILL_AREA_STYLE('',(#8919));
#8919 = FILL_AREA_STYLE_COLOUR('',#8786);
#8920 = STYLED_ITEM('color',(#8921),#1386);
#8921 = PRESENTATION_STYLE_ASSIGNMENT((#8922));
#8922 = SURFACE_STYLE_USAGE(.BOTH.,#8923);
#8923 = SURFACE_SIDE_STYLE('',(#8924));
#8924 = SURFACE_STYLE_FILL_AREA(#8925);
#8925 = FILL_AREA_STYLE('',(#8926));
#8926 = FILL_AREA_STYLE_COLOUR('',#8786);
#8927 = STYLED_ITEM('color',(#8928),#1403);
#8928 = PRESENTATION_STYLE_ASSIGNMENT((#8929));
#8929 = SURFACE_STYLE_USAGE(.BOTH.,#8930);
#8930 = SURFACE_SIDE_STYLE('',(#8931));
#8931 = SURFACE_STYLE_FILL_AREA(#8932);
#8932 = FILL_AREA_STYLE('',(#8933));
#8933 = FILL_AREA_STYLE_COLOUR('',#8786);
#8934 = STYLED_ITEM('color',(#8935),#1420);
#8935 = PRESENTATION_STYLE_ASSIGNMENT((#8936));
#8936 = SURFACE_STYLE_USAGE(.BOTH.,#8937);
#8937 = SURFACE_SIDE_STYLE('',(#8938));
#8938 = SURFACE_STYLE_FILL_AREA(#8939);
#8939 = FILL_AREA_STYLE('',(#8940));
#8940 = FILL_AREA_STYLE_COLOUR('',#8786);
#8941 = STYLED_ITEM('color',(#8942),#1437);
#8942 = PRESENTATION_STYLE_ASSIGNMENT((#8943));
#8943 = SURFACE_STYLE_USAGE(.BOTH.,#8944);
#8944 = SURFACE_SIDE_STYLE('',(#8945));
#8945 = SURFACE_STYLE_FILL_AREA(#8946);
#8946 = FILL_AREA_STYLE('',(#8947));
#8947 = FILL_AREA_STYLE_COLOUR('',#8786);
#8948 = STYLED_ITEM('color',(#8949),#1454);
#8949 = PRESENTATION_STYLE_ASSIGNMENT((#8950));
#8950 = SURFACE_STYLE_USAGE(.BOTH.,#8951);
#8951 = SURFACE_SIDE_STYLE('',(#8952));
#8952 = SURFACE_STYLE_FILL_AREA(#8953);
#8953 = FILL_AREA_STYLE('',(#8954));
#8954 = FILL_AREA_STYLE_COLOUR('',#8786);
#8955 = STYLED_ITEM('color',(#8956),#1471);
#8956 = PRESENTATION_STYLE_ASSIGNMENT((#8957));
#8957 = SURFACE_STYLE_USAGE(.BOTH.,#8958);
#8958 = SURFACE_SIDE_STYLE('',(#8959));
#8959 = SURFACE_STYLE_FILL_AREA(#8960);
#8960 = FILL_AREA_STYLE('',(#8961));
#8961 = FILL_AREA_STYLE_COLOUR('',#8786);
#8962 = STYLED_ITEM('color',(#8963),#1488);
#8963 = PRESENTATION_STYLE_ASSIGNMENT((#8964));
#8964 = SURFACE_STYLE_USAGE(.BOTH.,#8965);
#8965 = SURFACE_SIDE_STYLE('',(#8966));
#8966 = SURFACE_STYLE_FILL_AREA(#8967);
#8967 = FILL_AREA_STYLE('',(#8968));
#8968 = FILL_AREA_STYLE_COLOUR('',#8786);
#8969 = STYLED_ITEM('color',(#8970),#1505);
#8970 = PRESENTATION_STYLE_ASSIGNMENT((#8971));
#8971 = SURFACE_STYLE_USAGE(.BOTH.,#8972);
#8972 = SURFACE_SIDE_STYLE('',(#8973));
#8973 = SURFACE_STYLE_FILL_AREA(#8974);
#8974 = FILL_AREA_STYLE('',(#8975));
#8975 = FILL_AREA_STYLE_COLOUR('',#8786);
#8976 = STYLED_ITEM('color',(#8977),#1522);
#8977 = PRESENTATION_STYLE_ASSIGNMENT((#8978));
#8978 = SURFACE_STYLE_USAGE(.BOTH.,#8979);
#8979 = SURFACE_SIDE_STYLE('',(#8980));
#8980 = SURFACE_STYLE_FILL_AREA(#8981);
#8981 = FILL_AREA_STYLE('',(#8982));
#8982 = FILL_AREA_STYLE_COLOUR('',#8786);
#8983 = STYLED_ITEM('color',(#8984),#1539);
#8984 = PRESENTATION_STYLE_ASSIGNMENT((#8985));
#8985 = SURFACE_STYLE_USAGE(.BOTH.,#8986);
#8986 = SURFACE_SIDE_STYLE('',(#8987));
#8987 = SURFACE_STYLE_FILL_AREA(#8988);
#8988 = FILL_AREA_STYLE('',(#8989));
#8989 = FILL_AREA_STYLE_COLOUR('',#8786);
#8990 = STYLED_ITEM('color',(#8991),#1556);
#8991 = PRESENTATION_STYLE_ASSIGNMENT((#8992));
#8992 = SURFACE_STYLE_USAGE(.BOTH.,#8993);
#8993 = SURFACE_SIDE_STYLE('',(#8994));
#8994 = SURFACE_STYLE_FILL_AREA(#8995);
#8995 = FILL_AREA_STYLE('',(#8996));
#8996 = FILL_AREA_STYLE_COLOUR('',#8786);
#8997 = STYLED_ITEM('color',(#8998),#1573);
#8998 = PRESENTATION_STYLE_ASSIGNMENT((#8999));
#8999 = SURFACE_STYLE_USAGE(.BOTH.,#9000);
#9000 = SURFACE_SIDE_STYLE('',(#9001));
#9001 = SURFACE_STYLE_FILL_AREA(#9002);
#9002 = FILL_AREA_STYLE('',(#9003));
#9003 = FILL_AREA_STYLE_COLOUR('',#8786);
#9004 = STYLED_ITEM('color',(#9005),#1590);
#9005 = PRESENTATION_STYLE_ASSIGNMENT((#9006));
#9006 = SURFACE_STYLE_USAGE(.BOTH.,#9007);
#9007 = SURFACE_SIDE_STYLE('',(#9008));
#9008 = SURFACE_STYLE_FILL_AREA(#9009);
#9009 = FILL_AREA_STYLE('',(#9010));
#9010 = FILL_AREA_STYLE_COLOUR('',#8786);
#9011 = STYLED_ITEM('color',(#9012),#1607);
#9012 = PRESENTATION_STYLE_ASSIGNMENT((#9013));
#9013 = SURFACE_STYLE_USAGE(.BOTH.,#9014);
#9014 = SURFACE_SIDE_STYLE('',(#9015));
#9015 = SURFACE_STYLE_FILL_AREA(#9016);
#9016 = FILL_AREA_STYLE('',(#9017));
#9017 = FILL_AREA_STYLE_COLOUR('',#8786);
#9018 = STYLED_ITEM('color',(#9019),#1624);
#9019 = PRESENTATION_STYLE_ASSIGNMENT((#9020));
#9020 = SURFACE_STYLE_USAGE(.BOTH.,#9021);
#9021 = SURFACE_SIDE_STYLE('',(#9022));
#9022 = SURFACE_STYLE_FILL_AREA(#9023);
#9023 = FILL_AREA_STYLE('',(#9024));
#9024 = FILL_AREA_STYLE_COLOUR('',#8786);
#9025 = STYLED_ITEM('color',(#9026),#1641);
#9026 = PRESENTATION_STYLE_ASSIGNMENT((#9027));
#9027 = SURFACE_STYLE_USAGE(.BOTH.,#9028);
#9028 = SURFACE_SIDE_STYLE('',(#9029));
#9029 = SURFACE_STYLE_FILL_AREA(#9030);
#9030 = FILL_AREA_STYLE('',(#9031));
#9031 = FILL_AREA_STYLE_COLOUR('',#8786);
#9032 = STYLED_ITEM('color',(#9033),#1658);
#9033 = PRESENTATION_STYLE_ASSIGNMENT((#9034));
#9034 = SURFACE_STYLE_USAGE(.BOTH.,#9035);
#9035 = SURFACE_SIDE_STYLE('',(#9036));
#9036 = SURFACE_STYLE_FILL_AREA(#9037);
#9037 = FILL_AREA_STYLE('',(#9038));
#9038 = FILL_AREA_STYLE_COLOUR('',#8786);
#9039 = STYLED_ITEM('color',(#9040),#1675);
#9040 = PRESENTATION_STYLE_ASSIGNMENT((#9041));
#9041 = SURFACE_STYLE_USAGE(.BOTH.,#9042);
#9042 = SURFACE_SIDE_STYLE('',(#9043));
#9043 = SURFACE_STYLE_FILL_AREA(#9044);
#9044 = FILL_AREA_STYLE('',(#9045));
#9045 = FILL_AREA_STYLE_COLOUR('',#8786);
#9046 = STYLED_ITEM('color',(#9047),#1692);
#9047 = PRESENTATION_STYLE_ASSIGNMENT((#9048));
#9048 = SURFACE_STYLE_USAGE(.BOTH.,#9049);
#9049 = SURFACE_SIDE_STYLE('',(#9050));
#9050 = SURFACE_STYLE_FILL_AREA(#9051);
#9051 = FILL_AREA_STYLE('',(#9052));
#9052 = FILL_AREA_STYLE_COLOUR('',#8786);
#9053 = STYLED_ITEM('color',(#9054),#1709);
#9054 = PRESENTATION_STYLE_ASSIGNMENT((#9055));
#9055 = SURFACE_STYLE_USAGE(.BOTH.,#9056);
#9056 = SURFACE_SIDE_STYLE('',(#9057));
#9057 = SURFACE_STYLE_FILL_AREA(#9058);
#9058 = FILL_AREA_STYLE('',(#9059));
#9059 = FILL_AREA_STYLE_COLOUR('',#8786);
#9060 = STYLED_ITEM('color',(#9061),#1721);
#9061 = PRESENTATION_STYLE_ASSIGNMENT((#9062));
#9062 = SURFACE_STYLE_USAGE(.BOTH.,#9063);
#9063 = SURFACE_SIDE_STYLE('',(#9064));
#9064 = SURFACE_STYLE_FILL_AREA(#9065);
#9065 = FILL_AREA_STYLE('',(#9066));
#9066 = FILL_AREA_STYLE_COLOUR('',#9067);
#9067 = COLOUR_RGB('',0.859000020776,0.737999965183,0.495999988746);
#9068 = STYLED_ITEM('color',(#9069),#1752);
#9069 = PRESENTATION_STYLE_ASSIGNMENT((#9070));
#9070 = SURFACE_STYLE_USAGE(.BOTH.,#9071);
#9071 = SURFACE_SIDE_STYLE('',(#9072));
#9072 = SURFACE_STYLE_FILL_AREA(#9073);
#9073 = FILL_AREA_STYLE('',(#9074));
#9074 = FILL_AREA_STYLE_COLOUR('',#9067);
#9075 = STYLED_ITEM('color',(#9076),#1776);
#9076 = PRESENTATION_STYLE_ASSIGNMENT((#9077));
#9077 = SURFACE_STYLE_USAGE(.BOTH.,#9078);
#9078 = SURFACE_SIDE_STYLE('',(#9079));
#9079 = SURFACE_STYLE_FILL_AREA(#9080);
#9080 = FILL_AREA_STYLE('',(#9081));
#9081 = FILL_AREA_STYLE_COLOUR('',#9067);
#9082 = STYLED_ITEM('color',(#9083),#1800);
#9083 = PRESENTATION_STYLE_ASSIGNMENT((#9084));
#9084 = SURFACE_STYLE_USAGE(.BOTH.,#9085);
#9085 = SURFACE_SIDE_STYLE('',(#9086));
#9086 = SURFACE_STYLE_FILL_AREA(#9087);
#9087 = FILL_AREA_STYLE('',(#9088));
#9088 = FILL_AREA_STYLE_COLOUR('',#9067);
#9089 = STYLED_ITEM('color',(#9090),#1817);
#9090 = PRESENTATION_STYLE_ASSIGNMENT((#9091));
#9091 = SURFACE_STYLE_USAGE(.BOTH.,#9092);
#9092 = SURFACE_SIDE_STYLE('',(#9093));
#9093 = SURFACE_STYLE_FILL_AREA(#9094);
#9094 = FILL_AREA_STYLE('',(#9095));
#9095 = FILL_AREA_STYLE_COLOUR('',#9067);
#9096 = STYLED_ITEM('color',(#9097),#1848);
#9097 = PRESENTATION_STYLE_ASSIGNMENT((#9098));
#9098 = SURFACE_STYLE_USAGE(.BOTH.,#9099);
#9099 = SURFACE_SIDE_STYLE('',(#9100));
#9100 = SURFACE_STYLE_FILL_AREA(#9101);
#9101 = FILL_AREA_STYLE('',(#9102));
#9102 = FILL_AREA_STYLE_COLOUR('',#9067);
#9103 = STYLED_ITEM('color',(#9104),#1872);
#9104 = PRESENTATION_STYLE_ASSIGNMENT((#9105));
#9105 = SURFACE_STYLE_USAGE(.BOTH.,#9106);
#9106 = SURFACE_SIDE_STYLE('',(#9107));
#9107 = SURFACE_STYLE_FILL_AREA(#9108);
#9108 = FILL_AREA_STYLE('',(#9109));
#9109 = FILL_AREA_STYLE_COLOUR('',#9067);
#9110 = STYLED_ITEM('color',(#9111),#1896);
#9111 = PRESENTATION_STYLE_ASSIGNMENT((#9112));
#9112 = SURFACE_STYLE_USAGE(.BOTH.,#9113);
#9113 = SURFACE_SIDE_STYLE('',(#9114));
#9114 = SURFACE_STYLE_FILL_AREA(#9115);
#9115 = FILL_AREA_STYLE('',(#9116));
#9116 = FILL_AREA_STYLE_COLOUR('',#9067);
#9117 = STYLED_ITEM('color',(#9118),#1913);
#9118 = PRESENTATION_STYLE_ASSIGNMENT((#9119));
#9119 = SURFACE_STYLE_USAGE(.BOTH.,#9120);
#9120 = SURFACE_SIDE_STYLE('',(#9121));
#9121 = SURFACE_STYLE_FILL_AREA(#9122);
#9122 = FILL_AREA_STYLE('',(#9123));
#9123 = FILL_AREA_STYLE_COLOUR('',#9067);
#9124 = STYLED_ITEM('color',(#9125),#1944);
#9125 = PRESENTATION_STYLE_ASSIGNMENT((#9126));
#9126 = SURFACE_STYLE_USAGE(.BOTH.,#9127);
#9127 = SURFACE_SIDE_STYLE('',(#9128));
#9128 = SURFACE_STYLE_FILL_AREA(#9129);
#9129 = FILL_AREA_STYLE('',(#9130));
#9130 = FILL_AREA_STYLE_COLOUR('',#9067);
#9131 = STYLED_ITEM('color',(#9132),#1968);
#9132 = PRESENTATION_STYLE_ASSIGNMENT((#9133));
#9133 = SURFACE_STYLE_USAGE(.BOTH.,#9134);
#9134 = SURFACE_SIDE_STYLE('',(#9135));
#9135 = SURFACE_STYLE_FILL_AREA(#9136);
#9136 = FILL_AREA_STYLE('',(#9137));
#9137 = FILL_AREA_STYLE_COLOUR('',#9067);
#9138 = STYLED_ITEM('color',(#9139),#1992);
#9139 = PRESENTATION_STYLE_ASSIGNMENT((#9140));
#9140 = SURFACE_STYLE_USAGE(.BOTH.,#9141);
#9141 = SURFACE_SIDE_STYLE('',(#9142));
#9142 = SURFACE_STYLE_FILL_AREA(#9143);
#9143 = FILL_AREA_STYLE('',(#9144));
#9144 = FILL_AREA_STYLE_COLOUR('',#9067);
#9145 = STYLED_ITEM('color',(#9146),#2009);
#9146 = PRESENTATION_STYLE_ASSIGNMENT((#9147));
#9147 = SURFACE_STYLE_USAGE(.BOTH.,#9148);
#9148 = SURFACE_SIDE_STYLE('',(#9149));
#9149 = SURFACE_STYLE_FILL_AREA(#9150);
#9150 = FILL_AREA_STYLE('',(#9151));
#9151 = FILL_AREA_STYLE_COLOUR('',#9067);
#9152 = STYLED_ITEM('color',(#9153),#2040);
#9153 = PRESENTATION_STYLE_ASSIGNMENT((#9154));
#9154 = SURFACE_STYLE_USAGE(.BOTH.,#9155);
#9155 = SURFACE_SIDE_STYLE('',(#9156));
#9156 = SURFACE_STYLE_FILL_AREA(#9157);
#9157 = FILL_AREA_STYLE('',(#9158));
#9158 = FILL_AREA_STYLE_COLOUR('',#9067);
#9159 = STYLED_ITEM('color',(#9160),#2064);
#9160 = PRESENTATION_STYLE_ASSIGNMENT((#9161));
#9161 = SURFACE_STYLE_USAGE(.BOTH.,#9162);
#9162 = SURFACE_SIDE_STYLE('',(#9163));
#9163 = SURFACE_STYLE_FILL_AREA(#9164);
#9164 = FILL_AREA_STYLE('',(#9165));
#9165 = FILL_AREA_STYLE_COLOUR('',#9067);
#9166 = STYLED_ITEM('color',(#9167),#2088);
#9167 = PRESENTATION_STYLE_ASSIGNMENT((#9168));
#9168 = SURFACE_STYLE_USAGE(.BOTH.,#9169);
#9169 = SURFACE_SIDE_STYLE('',(#9170));
#9170 = SURFACE_STYLE_FILL_AREA(#9171);
#9171 = FILL_AREA_STYLE('',(#9172));
#9172 = FILL_AREA_STYLE_COLOUR('',#9067);
#9173 = STYLED_ITEM('color',(#9174),#2105);
#9174 = PRESENTATION_STYLE_ASSIGNMENT((#9175));
#9175 = SURFACE_STYLE_USAGE(.BOTH.,#9176);
#9176 = SURFACE_SIDE_STYLE('',(#9177));
#9177 = SURFACE_STYLE_FILL_AREA(#9178);
#9178 = FILL_AREA_STYLE('',(#9179));
#9179 = FILL_AREA_STYLE_COLOUR('',#9067);
#9180 = STYLED_ITEM('color',(#9181),#2136);
#9181 = PRESENTATION_STYLE_ASSIGNMENT((#9182));
#9182 = SURFACE_STYLE_USAGE(.BOTH.,#9183);
#9183 = SURFACE_SIDE_STYLE('',(#9184));
#9184 = SURFACE_STYLE_FILL_AREA(#9185);
#9185 = FILL_AREA_STYLE('',(#9186));
#9186 = FILL_AREA_STYLE_COLOUR('',#9067);
#9187 = STYLED_ITEM('color',(#9188),#2160);
#9188 = PRESENTATION_STYLE_ASSIGNMENT((#9189));
#9189 = SURFACE_STYLE_USAGE(.BOTH.,#9190);
#9190 = SURFACE_SIDE_STYLE('',(#9191));
#9191 = SURFACE_STYLE_FILL_AREA(#9192);
#9192 = FILL_AREA_STYLE('',(#9193));
#9193 = FILL_AREA_STYLE_COLOUR('',#9067);
#9194 = STYLED_ITEM('color',(#9195),#2184);
#9195 = PRESENTATION_STYLE_ASSIGNMENT((#9196));
#9196 = SURFACE_STYLE_USAGE(.BOTH.,#9197);
#9197 = SURFACE_SIDE_STYLE('',(#9198));
#9198 = SURFACE_STYLE_FILL_AREA(#9199);
#9199 = FILL_AREA_STYLE('',(#9200));
#9200 = FILL_AREA_STYLE_COLOUR('',#9067);
#9201 = STYLED_ITEM('color',(#9202),#2201);
#9202 = PRESENTATION_STYLE_ASSIGNMENT((#9203));
#9203 = SURFACE_STYLE_USAGE(.BOTH.,#9204);
#9204 = SURFACE_SIDE_STYLE('',(#9205));
#9205 = SURFACE_STYLE_FILL_AREA(#9206);
#9206 = FILL_AREA_STYLE('',(#9207));
#9207 = FILL_AREA_STYLE_COLOUR('',#9067);
#9208 = STYLED_ITEM('color',(#9209),#2232);
#9209 = PRESENTATION_STYLE_ASSIGNMENT((#9210));
#9210 = SURFACE_STYLE_USAGE(.BOTH.,#9211);
#9211 = SURFACE_SIDE_STYLE('',(#9212));
#9212 = SURFACE_STYLE_FILL_AREA(#9213);
#9213 = FILL_AREA_STYLE('',(#9214));
#9214 = FILL_AREA_STYLE_COLOUR('',#9067);
#9215 = STYLED_ITEM('color',(#9216),#2256);
#9216 = PRESENTATION_STYLE_ASSIGNMENT((#9217));
#9217 = SURFACE_STYLE_USAGE(.BOTH.,#9218);
#9218 = SURFACE_SIDE_STYLE('',(#9219));
#9219 = SURFACE_STYLE_FILL_AREA(#9220);
#9220 = FILL_AREA_STYLE('',(#9221));
#9221 = FILL_AREA_STYLE_COLOUR('',#9067);
#9222 = STYLED_ITEM('color',(#9223),#2280);
#9223 = PRESENTATION_STYLE_ASSIGNMENT((#9224));
#9224 = SURFACE_STYLE_USAGE(.BOTH.,#9225);
#9225 = SURFACE_SIDE_STYLE('',(#9226));
#9226 = SURFACE_STYLE_FILL_AREA(#9227);
#9227 = FILL_AREA_STYLE('',(#9228));
#9228 = FILL_AREA_STYLE_COLOUR('',#9067);
#9229 = STYLED_ITEM('color',(#9230),#2297);
#9230 = PRESENTATION_STYLE_ASSIGNMENT((#9231));
#9231 = SURFACE_STYLE_USAGE(.BOTH.,#9232);
#9232 = SURFACE_SIDE_STYLE('',(#9233));
#9233 = SURFACE_STYLE_FILL_AREA(#9234);
#9234 = FILL_AREA_STYLE('',(#9235));
#9235 = FILL_AREA_STYLE_COLOUR('',#9067);
#9236 = STYLED_ITEM('color',(#9237),#2328);
#9237 = PRESENTATION_STYLE_ASSIGNMENT((#9238));
#9238 = SURFACE_STYLE_USAGE(.BOTH.,#9239);
#9239 = SURFACE_SIDE_STYLE('',(#9240));
#9240 = SURFACE_STYLE_FILL_AREA(#9241);
#9241 = FILL_AREA_STYLE('',(#9242));
#9242 = FILL_AREA_STYLE_COLOUR('',#9067);
#9243 = STYLED_ITEM('color',(#9244),#2352);
#9244 = PRESENTATION_STYLE_ASSIGNMENT((#9245));
#9245 = SURFACE_STYLE_USAGE(.BOTH.,#9246);
#9246 = SURFACE_SIDE_STYLE('',(#9247));
#9247 = SURFACE_STYLE_FILL_AREA(#9248);
#9248 = FILL_AREA_STYLE('',(#9249));
#9249 = FILL_AREA_STYLE_COLOUR('',#9067);
#9250 = STYLED_ITEM('color',(#9251),#2376);
#9251 = PRESENTATION_STYLE_ASSIGNMENT((#9252));
#9252 = SURFACE_STYLE_USAGE(.BOTH.,#9253);
#9253 = SURFACE_SIDE_STYLE('',(#9254));
#9254 = SURFACE_STYLE_FILL_AREA(#9255);
#9255 = FILL_AREA_STYLE('',(#9256));
#9256 = FILL_AREA_STYLE_COLOUR('',#9067);
#9257 = STYLED_ITEM('color',(#9258),#2393);
#9258 = PRESENTATION_STYLE_ASSIGNMENT((#9259));
#9259 = SURFACE_STYLE_USAGE(.BOTH.,#9260);
#9260 = SURFACE_SIDE_STYLE('',(#9261));
#9261 = SURFACE_STYLE_FILL_AREA(#9262);
#9262 = FILL_AREA_STYLE('',(#9263));
#9263 = FILL_AREA_STYLE_COLOUR('',#9067);
#9264 = STYLED_ITEM('color',(#9265),#2424);
#9265 = PRESENTATION_STYLE_ASSIGNMENT((#9266));
#9266 = SURFACE_STYLE_USAGE(.BOTH.,#9267);
#9267 = SURFACE_SIDE_STYLE('',(#9268));
#9268 = SURFACE_STYLE_FILL_AREA(#9269);
#9269 = FILL_AREA_STYLE('',(#9270));
#9270 = FILL_AREA_STYLE_COLOUR('',#9067);
#9271 = STYLED_ITEM('color',(#9272),#2448);
#9272 = PRESENTATION_STYLE_ASSIGNMENT((#9273));
#9273 = SURFACE_STYLE_USAGE(.BOTH.,#9274);
#9274 = SURFACE_SIDE_STYLE('',(#9275));
#9275 = SURFACE_STYLE_FILL_AREA(#9276);
#9276 = FILL_AREA_STYLE('',(#9277));
#9277 = FILL_AREA_STYLE_COLOUR('',#9067);
#9278 = STYLED_ITEM('color',(#9279),#2472);
#9279 = PRESENTATION_STYLE_ASSIGNMENT((#9280));
#9280 = SURFACE_STYLE_USAGE(.BOTH.,#9281);
#9281 = SURFACE_SIDE_STYLE('',(#9282));
#9282 = SURFACE_STYLE_FILL_AREA(#9283);
#9283 = FILL_AREA_STYLE('',(#9284));
#9284 = FILL_AREA_STYLE_COLOUR('',#9067);
#9285 = STYLED_ITEM('color',(#9286),#2489);
#9286 = PRESENTATION_STYLE_ASSIGNMENT((#9287));
#9287 = SURFACE_STYLE_USAGE(.BOTH.,#9288);
#9288 = SURFACE_SIDE_STYLE('',(#9289));
#9289 = SURFACE_STYLE_FILL_AREA(#9290);
#9290 = FILL_AREA_STYLE('',(#9291));
#9291 = FILL_AREA_STYLE_COLOUR('',#9067);
#9292 = STYLED_ITEM('color',(#9293),#2520);
#9293 = PRESENTATION_STYLE_ASSIGNMENT((#9294));
#9294 = SURFACE_STYLE_USAGE(.BOTH.,#9295);
#9295 = SURFACE_SIDE_STYLE('',(#9296));
#9296 = SURFACE_STYLE_FILL_AREA(#9297);
#9297 = FILL_AREA_STYLE('',(#9298));
#9298 = FILL_AREA_STYLE_COLOUR('',#9067);
#9299 = STYLED_ITEM('color',(#9300),#2544);
#9300 = PRESENTATION_STYLE_ASSIGNMENT((#9301));
#9301 = SURFACE_STYLE_USAGE(.BOTH.,#9302);
#9302 = SURFACE_SIDE_STYLE('',(#9303));
#9303 = SURFACE_STYLE_FILL_AREA(#9304);
#9304 = FILL_AREA_STYLE('',(#9305));
#9305 = FILL_AREA_STYLE_COLOUR('',#9067);
#9306 = STYLED_ITEM('color',(#9307),#2568);
#9307 = PRESENTATION_STYLE_ASSIGNMENT((#9308));
#9308 = SURFACE_STYLE_USAGE(.BOTH.,#9309);
#9309 = SURFACE_SIDE_STYLE('',(#9310));
#9310 = SURFACE_STYLE_FILL_AREA(#9311);
#9311 = FILL_AREA_STYLE('',(#9312));
#9312 = FILL_AREA_STYLE_COLOUR('',#9067);
#9313 = STYLED_ITEM('color',(#9314),#2585);
#9314 = PRESENTATION_STYLE_ASSIGNMENT((#9315));
#9315 = SURFACE_STYLE_USAGE(.BOTH.,#9316);
#9316 = SURFACE_SIDE_STYLE('',(#9317));
#9317 = SURFACE_STYLE_FILL_AREA(#9318);
#9318 = FILL_AREA_STYLE('',(#9319));
#9319 = FILL_AREA_STYLE_COLOUR('',#9067);
#9320 = STYLED_ITEM('color',(#9321),#2616);
#9321 = PRESENTATION_STYLE_ASSIGNMENT((#9322));
#9322 = SURFACE_STYLE_USAGE(.BOTH.,#9323);
#9323 = SURFACE_SIDE_STYLE('',(#9324));
#9324 = SURFACE_STYLE_FILL_AREA(#9325);
#9325 = FILL_AREA_STYLE('',(#9326));
#9326 = FILL_AREA_STYLE_COLOUR('',#9067);
#9327 = STYLED_ITEM('color',(#9328),#2640);
#9328 = PRESENTATION_STYLE_ASSIGNMENT((#9329));
#9329 = SURFACE_STYLE_USAGE(.BOTH.,#9330);
#9330 = SURFACE_SIDE_STYLE('',(#9331));
#9331 = SURFACE_STYLE_FILL_AREA(#9332);
#9332 = FILL_AREA_STYLE('',(#9333));
#9333 = FILL_AREA_STYLE_COLOUR('',#9067);
#9334 = STYLED_ITEM('color',(#9335),#2664);
#9335 = PRESENTATION_STYLE_ASSIGNMENT((#9336));
#9336 = SURFACE_STYLE_USAGE(.BOTH.,#9337);
#9337 = SURFACE_SIDE_STYLE('',(#9338));
#9338 = SURFACE_STYLE_FILL_AREA(#9339);
#9339 = FILL_AREA_STYLE('',(#9340));
#9340 = FILL_AREA_STYLE_COLOUR('',#9067);
#9341 = STYLED_ITEM('color',(#9342),#2681);
#9342 = PRESENTATION_STYLE_ASSIGNMENT((#9343));
#9343 = SURFACE_STYLE_USAGE(.BOTH.,#9344);
#9344 = SURFACE_SIDE_STYLE('',(#9345));
#9345 = SURFACE_STYLE_FILL_AREA(#9346);
#9346 = FILL_AREA_STYLE('',(#9347));
#9347 = FILL_AREA_STYLE_COLOUR('',#9067);
#9348 = STYLED_ITEM('color',(#9349),#2712);
#9349 = PRESENTATION_STYLE_ASSIGNMENT((#9350));
#9350 = SURFACE_STYLE_USAGE(.BOTH.,#9351);
#9351 = SURFACE_SIDE_STYLE('',(#9352));
#9352 = SURFACE_STYLE_FILL_AREA(#9353);
#9353 = FILL_AREA_STYLE('',(#9354));
#9354 = FILL_AREA_STYLE_COLOUR('',#9067);
#9355 = STYLED_ITEM('color',(#9356),#2736);
#9356 = PRESENTATION_STYLE_ASSIGNMENT((#9357));
#9357 = SURFACE_STYLE_USAGE(.BOTH.,#9358);
#9358 = SURFACE_SIDE_STYLE('',(#9359));
#9359 = SURFACE_STYLE_FILL_AREA(#9360);
#9360 = FILL_AREA_STYLE('',(#9361));
#9361 = FILL_AREA_STYLE_COLOUR('',#9067);
#9362 = STYLED_ITEM('color',(#9363),#2760);
#9363 = PRESENTATION_STYLE_ASSIGNMENT((#9364));
#9364 = SURFACE_STYLE_USAGE(.BOTH.,#9365);
#9365 = SURFACE_SIDE_STYLE('',(#9366));
#9366 = SURFACE_STYLE_FILL_AREA(#9367);
#9367 = FILL_AREA_STYLE('',(#9368));
#9368 = FILL_AREA_STYLE_COLOUR('',#9067);
#9369 = STYLED_ITEM('color',(#9370),#2777);
#9370 = PRESENTATION_STYLE_ASSIGNMENT((#9371));
#9371 = SURFACE_STYLE_USAGE(.BOTH.,#9372);
#9372 = SURFACE_SIDE_STYLE('',(#9373));
#9373 = SURFACE_STYLE_FILL_AREA(#9374);
#9374 = FILL_AREA_STYLE('',(#9375));
#9375 = FILL_AREA_STYLE_COLOUR('',#9067);
#9376 = STYLED_ITEM('color',(#9377),#2808);
#9377 = PRESENTATION_STYLE_ASSIGNMENT((#9378));
#9378 = SURFACE_STYLE_USAGE(.BOTH.,#9379);
#9379 = SURFACE_SIDE_STYLE('',(#9380));
#9380 = SURFACE_STYLE_FILL_AREA(#9381);
#9381 = FILL_AREA_STYLE('',(#9382));
#9382 = FILL_AREA_STYLE_COLOUR('',#9067);
#9383 = STYLED_ITEM('color',(#9384),#2832);
#9384 = PRESENTATION_STYLE_ASSIGNMENT((#9385));
#9385 = SURFACE_STYLE_USAGE(.BOTH.,#9386);
#9386 = SURFACE_SIDE_STYLE('',(#9387));
#9387 = SURFACE_STYLE_FILL_AREA(#9388);
#9388 = FILL_AREA_STYLE('',(#9389));
#9389 = FILL_AREA_STYLE_COLOUR('',#9067);
#9390 = STYLED_ITEM('color',(#9391),#2856);
#9391 = PRESENTATION_STYLE_ASSIGNMENT((#9392));
#9392 = SURFACE_STYLE_USAGE(.BOTH.,#9393);
#9393 = SURFACE_SIDE_STYLE('',(#9394));
#9394 = SURFACE_STYLE_FILL_AREA(#9395);
#9395 = FILL_AREA_STYLE('',(#9396));
#9396 = FILL_AREA_STYLE_COLOUR('',#9067);
#9397 = STYLED_ITEM('color',(#9398),#2873);
#9398 = PRESENTATION_STYLE_ASSIGNMENT((#9399));
#9399 = SURFACE_STYLE_USAGE(.BOTH.,#9400);
#9400 = SURFACE_SIDE_STYLE('',(#9401));
#9401 = SURFACE_STYLE_FILL_AREA(#9402);
#9402 = FILL_AREA_STYLE('',(#9403));
#9403 = FILL_AREA_STYLE_COLOUR('',#9067);
#9404 = STYLED_ITEM('color',(#9405),#2904);
#9405 = PRESENTATION_STYLE_ASSIGNMENT((#9406));
#9406 = SURFACE_STYLE_USAGE(.BOTH.,#9407);
#9407 = SURFACE_SIDE_STYLE('',(#9408));
#9408 = SURFACE_STYLE_FILL_AREA(#9409);
#9409 = FILL_AREA_STYLE('',(#9410));
#9410 = FILL_AREA_STYLE_COLOUR('',#9067);
#9411 = STYLED_ITEM('color',(#9412),#2928);
#9412 = PRESENTATION_STYLE_ASSIGNMENT((#9413));
#9413 = SURFACE_STYLE_USAGE(.BOTH.,#9414);
#9414 = SURFACE_SIDE_STYLE('',(#9415));
#9415 = SURFACE_STYLE_FILL_AREA(#9416);
#9416 = FILL_AREA_STYLE('',(#9417));
#9417 = FILL_AREA_STYLE_COLOUR('',#9067);
#9418 = STYLED_ITEM('color',(#9419),#2952);
#9419 = PRESENTATION_STYLE_ASSIGNMENT((#9420));
#9420 = SURFACE_STYLE_USAGE(.BOTH.,#9421);
#9421 = SURFACE_SIDE_STYLE('',(#9422));
#9422 = SURFACE_STYLE_FILL_AREA(#9423);
#9423 = FILL_AREA_STYLE('',(#9424));
#9424 = FILL_AREA_STYLE_COLOUR('',#9067);
#9425 = STYLED_ITEM('color',(#9426),#2969);
#9426 = PRESENTATION_STYLE_ASSIGNMENT((#9427));
#9427 = SURFACE_STYLE_USAGE(.BOTH.,#9428);
#9428 = SURFACE_SIDE_STYLE('',(#9429));
#9429 = SURFACE_STYLE_FILL_AREA(#9430);
#9430 = FILL_AREA_STYLE('',(#9431));
#9431 = FILL_AREA_STYLE_COLOUR('',#9067);
#9432 = STYLED_ITEM('color',(#9433),#3000);
#9433 = PRESENTATION_STYLE_ASSIGNMENT((#9434));
#9434 = SURFACE_STYLE_USAGE(.BOTH.,#9435);
#9435 = SURFACE_SIDE_STYLE('',(#9436));
#9436 = SURFACE_STYLE_FILL_AREA(#9437);
#9437 = FILL_AREA_STYLE('',(#9438));
#9438 = FILL_AREA_STYLE_COLOUR('',#9067);
#9439 = STYLED_ITEM('color',(#9440),#3024);
#9440 = PRESENTATION_STYLE_ASSIGNMENT((#9441));
#9441 = SURFACE_STYLE_USAGE(.BOTH.,#9442);
#9442 = SURFACE_SIDE_STYLE('',(#9443));
#9443 = SURFACE_STYLE_FILL_AREA(#9444);
#9444 = FILL_AREA_STYLE('',(#9445));
#9445 = FILL_AREA_STYLE_COLOUR('',#9067);
#9446 = STYLED_ITEM('color',(#9447),#3048);
#9447 = PRESENTATION_STYLE_ASSIGNMENT((#9448));
#9448 = SURFACE_STYLE_USAGE(.BOTH.,#9449);
#9449 = SURFACE_SIDE_STYLE('',(#9450));
#9450 = SURFACE_STYLE_FILL_AREA(#9451);
#9451 = FILL_AREA_STYLE('',(#9452));
#9452 = FILL_AREA_STYLE_COLOUR('',#9067);
#9453 = STYLED_ITEM('color',(#9454),#3065);
#9454 = PRESENTATION_STYLE_ASSIGNMENT((#9455));
#9455 = SURFACE_STYLE_USAGE(.BOTH.,#9456);
#9456 = SURFACE_SIDE_STYLE('',(#9457));
#9457 = SURFACE_STYLE_FILL_AREA(#9458);
#9458 = FILL_AREA_STYLE('',(#9459));
#9459 = FILL_AREA_STYLE_COLOUR('',#9067);
#9460 = STYLED_ITEM('color',(#9461),#3096);
#9461 = PRESENTATION_STYLE_ASSIGNMENT((#9462));
#9462 = SURFACE_STYLE_USAGE(.BOTH.,#9463);
#9463 = SURFACE_SIDE_STYLE('',(#9464));
#9464 = SURFACE_STYLE_FILL_AREA(#9465);
#9465 = FILL_AREA_STYLE('',(#9466));
#9466 = FILL_AREA_STYLE_COLOUR('',#9067);
#9467 = STYLED_ITEM('color',(#9468),#3120);
#9468 = PRESENTATION_STYLE_ASSIGNMENT((#9469));
#9469 = SURFACE_STYLE_USAGE(.BOTH.,#9470);
#9470 = SURFACE_SIDE_STYLE('',(#9471));
#9471 = SURFACE_STYLE_FILL_AREA(#9472);
#9472 = FILL_AREA_STYLE('',(#9473));
#9473 = FILL_AREA_STYLE_COLOUR('',#9067);
#9474 = STYLED_ITEM('color',(#9475),#3144);
#9475 = PRESENTATION_STYLE_ASSIGNMENT((#9476));
#9476 = SURFACE_STYLE_USAGE(.BOTH.,#9477);
#9477 = SURFACE_SIDE_STYLE('',(#9478));
#9478 = SURFACE_STYLE_FILL_AREA(#9479);
#9479 = FILL_AREA_STYLE('',(#9480));
#9480 = FILL_AREA_STYLE_COLOUR('',#9067);
#9481 = STYLED_ITEM('color',(#9482),#3161);
#9482 = PRESENTATION_STYLE_ASSIGNMENT((#9483));
#9483 = SURFACE_STYLE_USAGE(.BOTH.,#9484);
#9484 = SURFACE_SIDE_STYLE('',(#9485));
#9485 = SURFACE_STYLE_FILL_AREA(#9486);
#9486 = FILL_AREA_STYLE('',(#9487));
#9487 = FILL_AREA_STYLE_COLOUR('',#9067);
#9488 = STYLED_ITEM('color',(#9489),#3192);
#9489 = PRESENTATION_STYLE_ASSIGNMENT((#9490));
#9490 = SURFACE_STYLE_USAGE(.BOTH.,#9491);
#9491 = SURFACE_SIDE_STYLE('',(#9492));
#9492 = SURFACE_STYLE_FILL_AREA(#9493);
#9493 = FILL_AREA_STYLE('',(#9494));
#9494 = FILL_AREA_STYLE_COLOUR('',#9067);
#9495 = STYLED_ITEM('color',(#9496),#3216);
#9496 = PRESENTATION_STYLE_ASSIGNMENT((#9497));
#9497 = SURFACE_STYLE_USAGE(.BOTH.,#9498);
#9498 = SURFACE_SIDE_STYLE('',(#9499));
#9499 = SURFACE_STYLE_FILL_AREA(#9500);
#9500 = FILL_AREA_STYLE('',(#9501));
#9501 = FILL_AREA_STYLE_COLOUR('',#9067);
#9502 = STYLED_ITEM('color',(#9503),#3240);
#9503 = PRESENTATION_STYLE_ASSIGNMENT((#9504));
#9504 = SURFACE_STYLE_USAGE(.BOTH.,#9505);
#9505 = SURFACE_SIDE_STYLE('',(#9506));
#9506 = SURFACE_STYLE_FILL_AREA(#9507);
#9507 = FILL_AREA_STYLE('',(#9508));
#9508 = FILL_AREA_STYLE_COLOUR('',#9067);
#9509 = STYLED_ITEM('color',(#9510),#3257);
#9510 = PRESENTATION_STYLE_ASSIGNMENT((#9511));
#9511 = SURFACE_STYLE_USAGE(.BOTH.,#9512);
#9512 = SURFACE_SIDE_STYLE('',(#9513));
#9513 = SURFACE_STYLE_FILL_AREA(#9514);
#9514 = FILL_AREA_STYLE('',(#9515));
#9515 = FILL_AREA_STYLE_COLOUR('',#9067);
#9516 = STYLED_ITEM('color',(#9517),#3288);
#9517 = PRESENTATION_STYLE_ASSIGNMENT((#9518));
#9518 = SURFACE_STYLE_USAGE(.BOTH.,#9519);
#9519 = SURFACE_SIDE_STYLE('',(#9520));
#9520 = SURFACE_STYLE_FILL_AREA(#9521);
#9521 = FILL_AREA_STYLE('',(#9522));
#9522 = FILL_AREA_STYLE_COLOUR('',#9067);
#9523 = STYLED_ITEM('color',(#9524),#3312);
#9524 = PRESENTATION_STYLE_ASSIGNMENT((#9525));
#9525 = SURFACE_STYLE_USAGE(.BOTH.,#9526);
#9526 = SURFACE_SIDE_STYLE('',(#9527));
#9527 = SURFACE_STYLE_FILL_AREA(#9528);
#9528 = FILL_AREA_STYLE('',(#9529));
#9529 = FILL_AREA_STYLE_COLOUR('',#9067);
#9530 = STYLED_ITEM('color',(#9531),#3336);
#9531 = PRESENTATION_STYLE_ASSIGNMENT((#9532));
#9532 = SURFACE_STYLE_USAGE(.BOTH.,#9533);
#9533 = SURFACE_SIDE_STYLE('',(#9534));
#9534 = SURFACE_STYLE_FILL_AREA(#9535);
#9535 = FILL_AREA_STYLE('',(#9536));
#9536 = FILL_AREA_STYLE_COLOUR('',#9067);
#9537 = STYLED_ITEM('color',(#9538),#3353);
#9538 = PRESENTATION_STYLE_ASSIGNMENT((#9539));
#9539 = SURFACE_STYLE_USAGE(.BOTH.,#9540);
#9540 = SURFACE_SIDE_STYLE('',(#9541));
#9541 = SURFACE_STYLE_FILL_AREA(#9542);
#9542 = FILL_AREA_STYLE('',(#9543));
#9543 = FILL_AREA_STYLE_COLOUR('',#9067);
#9544 = STYLED_ITEM('color',(#9545),#3384);
#9545 = PRESENTATION_STYLE_ASSIGNMENT((#9546));
#9546 = SURFACE_STYLE_USAGE(.BOTH.,#9547);
#9547 = SURFACE_SIDE_STYLE('',(#9548));
#9548 = SURFACE_STYLE_FILL_AREA(#9549);
#9549 = FILL_AREA_STYLE('',(#9550));
#9550 = FILL_AREA_STYLE_COLOUR('',#9067);
#9551 = STYLED_ITEM('color',(#9552),#3408);
#9552 = PRESENTATION_STYLE_ASSIGNMENT((#9553));
#9553 = SURFACE_STYLE_USAGE(.BOTH.,#9554);
#9554 = SURFACE_SIDE_STYLE('',(#9555));
#9555 = SURFACE_STYLE_FILL_AREA(#9556);
#9556 = FILL_AREA_STYLE('',(#9557));
#9557 = FILL_AREA_STYLE_COLOUR('',#9067);
#9558 = STYLED_ITEM('color',(#9559),#3432);
#9559 = PRESENTATION_STYLE_ASSIGNMENT((#9560));
#9560 = SURFACE_STYLE_USAGE(.BOTH.,#9561);
#9561 = SURFACE_SIDE_STYLE('',(#9562));
#9562 = SURFACE_STYLE_FILL_AREA(#9563);
#9563 = FILL_AREA_STYLE('',(#9564));
#9564 = FILL_AREA_STYLE_COLOUR('',#9067);
#9565 = STYLED_ITEM('color',(#9566),#3449);
#9566 = PRESENTATION_STYLE_ASSIGNMENT((#9567));
#9567 = SURFACE_STYLE_USAGE(.BOTH.,#9568);
#9568 = SURFACE_SIDE_STYLE('',(#9569));
#9569 = SURFACE_STYLE_FILL_AREA(#9570);
#9570 = FILL_AREA_STYLE('',(#9571));
#9571 = FILL_AREA_STYLE_COLOUR('',#9067);
#9572 = STYLED_ITEM('color',(#9573),#3480);
#9573 = PRESENTATION_STYLE_ASSIGNMENT((#9574));
#9574 = SURFACE_STYLE_USAGE(.BOTH.,#9575);
#9575 = SURFACE_SIDE_STYLE('',(#9576));
#9576 = SURFACE_STYLE_FILL_AREA(#9577);
#9577 = FILL_AREA_STYLE('',(#9578));
#9578 = FILL_AREA_STYLE_COLOUR('',#9067);
#9579 = STYLED_ITEM('color',(#9580),#3504);
#9580 = PRESENTATION_STYLE_ASSIGNMENT((#9581));
#9581 = SURFACE_STYLE_USAGE(.BOTH.,#9582);
#9582 = SURFACE_SIDE_STYLE('',(#9583));
#9583 = SURFACE_STYLE_FILL_AREA(#9584);
#9584 = FILL_AREA_STYLE('',(#9585));
#9585 = FILL_AREA_STYLE_COLOUR('',#9067);
#9586 = STYLED_ITEM('color',(#9587),#3528);
#9587 = PRESENTATION_STYLE_ASSIGNMENT((#9588));
#9588 = SURFACE_STYLE_USAGE(.BOTH.,#9589);
#9589 = SURFACE_SIDE_STYLE('',(#9590));
#9590 = SURFACE_STYLE_FILL_AREA(#9591);
#9591 = FILL_AREA_STYLE('',(#9592));
#9592 = FILL_AREA_STYLE_COLOUR('',#9067);
#9593 = STYLED_ITEM('color',(#9594),#3545);
#9594 = PRESENTATION_STYLE_ASSIGNMENT((#9595));
#9595 = SURFACE_STYLE_USAGE(.BOTH.,#9596);
#9596 = SURFACE_SIDE_STYLE('',(#9597));
#9597 = SURFACE_STYLE_FILL_AREA(#9598);
#9598 = FILL_AREA_STYLE('',(#9599));
#9599 = FILL_AREA_STYLE_COLOUR('',#9067);
#9600 = STYLED_ITEM('color',(#9601),#3576);
#9601 = PRESENTATION_STYLE_ASSIGNMENT((#9602));
#9602 = SURFACE_STYLE_USAGE(.BOTH.,#9603);
#9603 = SURFACE_SIDE_STYLE('',(#9604));
#9604 = SURFACE_STYLE_FILL_AREA(#9605);
#9605 = FILL_AREA_STYLE('',(#9606));
#9606 = FILL_AREA_STYLE_COLOUR('',#9067);
#9607 = STYLED_ITEM('color',(#9608),#3600);
#9608 = PRESENTATION_STYLE_ASSIGNMENT((#9609));
#9609 = SURFACE_STYLE_USAGE(.BOTH.,#9610);
#9610 = SURFACE_SIDE_STYLE('',(#9611));
#9611 = SURFACE_STYLE_FILL_AREA(#9612);
#9612 = FILL_AREA_STYLE('',(#9613));
#9613 = FILL_AREA_STYLE_COLOUR('',#9067);
#9614 = STYLED_ITEM('color',(#9615),#3624);
#9615 = PRESENTATION_STYLE_ASSIGNMENT((#9616));
#9616 = SURFACE_STYLE_USAGE(.BOTH.,#9617);
#9617 = SURFACE_SIDE_STYLE('',(#9618));
#9618 = SURFACE_STYLE_FILL_AREA(#9619);
#9619 = FILL_AREA_STYLE('',(#9620));
#9620 = FILL_AREA_STYLE_COLOUR('',#9067);
#9621 = STYLED_ITEM('color',(#9622),#3641);
#9622 = PRESENTATION_STYLE_ASSIGNMENT((#9623));
#9623 = SURFACE_STYLE_USAGE(.BOTH.,#9624);
#9624 = SURFACE_SIDE_STYLE('',(#9625));
#9625 = SURFACE_STYLE_FILL_AREA(#9626);
#9626 = FILL_AREA_STYLE('',(#9627));
#9627 = FILL_AREA_STYLE_COLOUR('',#9067);
#9628 = STYLED_ITEM('color',(#9629),#3672);
#9629 = PRESENTATION_STYLE_ASSIGNMENT((#9630));
#9630 = SURFACE_STYLE_USAGE(.BOTH.,#9631);
#9631 = SURFACE_SIDE_STYLE('',(#9632));
#9632 = SURFACE_STYLE_FILL_AREA(#9633);
#9633 = FILL_AREA_STYLE('',(#9634));
#9634 = FILL_AREA_STYLE_COLOUR('',#9067);
#9635 = STYLED_ITEM('color',(#9636),#3696);
#9636 = PRESENTATION_STYLE_ASSIGNMENT((#9637));
#9637 = SURFACE_STYLE_USAGE(.BOTH.,#9638);
#9638 = SURFACE_SIDE_STYLE('',(#9639));
#9639 = SURFACE_STYLE_FILL_AREA(#9640);
#9640 = FILL_AREA_STYLE('',(#9641));
#9641 = FILL_AREA_STYLE_COLOUR('',#9067);
#9642 = STYLED_ITEM('color',(#9643),#3720);
#9643 = PRESENTATION_STYLE_ASSIGNMENT((#9644));
#9644 = SURFACE_STYLE_USAGE(.BOTH.,#9645);
#9645 = SURFACE_SIDE_STYLE('',(#9646));
#9646 = SURFACE_STYLE_FILL_AREA(#9647);
#9647 = FILL_AREA_STYLE('',(#9648));
#9648 = FILL_AREA_STYLE_COLOUR('',#9067);
#9649 = STYLED_ITEM('color',(#9650),#3737);
#9650 = PRESENTATION_STYLE_ASSIGNMENT((#9651));
#9651 = SURFACE_STYLE_USAGE(.BOTH.,#9652);
#9652 = SURFACE_SIDE_STYLE('',(#9653));
#9653 = SURFACE_STYLE_FILL_AREA(#9654);
#9654 = FILL_AREA_STYLE('',(#9655));
#9655 = FILL_AREA_STYLE_COLOUR('',#9067);
#9656 = STYLED_ITEM('color',(#9657),#3768);
#9657 = PRESENTATION_STYLE_ASSIGNMENT((#9658));
#9658 = SURFACE_STYLE_USAGE(.BOTH.,#9659);
#9659 = SURFACE_SIDE_STYLE('',(#9660));
#9660 = SURFACE_STYLE_FILL_AREA(#9661);
#9661 = FILL_AREA_STYLE('',(#9662));
#9662 = FILL_AREA_STYLE_COLOUR('',#9067);
#9663 = STYLED_ITEM('color',(#9664),#3792);
#9664 = PRESENTATION_STYLE_ASSIGNMENT((#9665));
#9665 = SURFACE_STYLE_USAGE(.BOTH.,#9666);
#9666 = SURFACE_SIDE_STYLE('',(#9667));
#9667 = SURFACE_STYLE_FILL_AREA(#9668);
#9668 = FILL_AREA_STYLE('',(#9669));
#9669 = FILL_AREA_STYLE_COLOUR('',#9067);
#9670 = STYLED_ITEM('color',(#9671),#3816);
#9671 = PRESENTATION_STYLE_ASSIGNMENT((#9672));
#9672 = SURFACE_STYLE_USAGE(.BOTH.,#9673);
#9673 = SURFACE_SIDE_STYLE('',(#9674));
#9674 = SURFACE_STYLE_FILL_AREA(#9675);
#9675 = FILL_AREA_STYLE('',(#9676));
#9676 = FILL_AREA_STYLE_COLOUR('',#9067);
#9677 = STYLED_ITEM('color',(#9678),#3833);
#9678 = PRESENTATION_STYLE_ASSIGNMENT((#9679));
#9679 = SURFACE_STYLE_USAGE(.BOTH.,#9680);
#9680 = SURFACE_SIDE_STYLE('',(#9681));
#9681 = SURFACE_STYLE_FILL_AREA(#9682);
#9682 = FILL_AREA_STYLE('',(#9683));
#9683 = FILL_AREA_STYLE_COLOUR('',#9067);
#9684 = STYLED_ITEM('color',(#9685),#3864);
#9685 = PRESENTATION_STYLE_ASSIGNMENT((#9686));
#9686 = SURFACE_STYLE_USAGE(.BOTH.,#9687);
#9687 = SURFACE_SIDE_STYLE('',(#9688));
#9688 = SURFACE_STYLE_FILL_AREA(#9689);
#9689 = FILL_AREA_STYLE('',(#9690));
#9690 = FILL_AREA_STYLE_COLOUR('',#9067);
#9691 = STYLED_ITEM('color',(#9692),#3888);
#9692 = PRESENTATION_STYLE_ASSIGNMENT((#9693));
#9693 = SURFACE_STYLE_USAGE(.BOTH.,#9694);
#9694 = SURFACE_SIDE_STYLE('',(#9695));
#9695 = SURFACE_STYLE_FILL_AREA(#9696);
#9696 = FILL_AREA_STYLE('',(#9697));
#9697 = FILL_AREA_STYLE_COLOUR('',#9067);
#9698 = STYLED_ITEM('color',(#9699),#3912);
#9699 = PRESENTATION_STYLE_ASSIGNMENT((#9700));
#9700 = SURFACE_STYLE_USAGE(.BOTH.,#9701);
#9701 = SURFACE_SIDE_STYLE('',(#9702));
#9702 = SURFACE_STYLE_FILL_AREA(#9703);
#9703 = FILL_AREA_STYLE('',(#9704));
#9704 = FILL_AREA_STYLE_COLOUR('',#9067);
#9705 = STYLED_ITEM('color',(#9706),#3929);
#9706 = PRESENTATION_STYLE_ASSIGNMENT((#9707));
#9707 = SURFACE_STYLE_USAGE(.BOTH.,#9708);
#9708 = SURFACE_SIDE_STYLE('',(#9709));
#9709 = SURFACE_STYLE_FILL_AREA(#9710);
#9710 = FILL_AREA_STYLE('',(#9711));
#9711 = FILL_AREA_STYLE_COLOUR('',#9067);
#9712 = STYLED_ITEM('color',(#9713),#3960);
#9713 = PRESENTATION_STYLE_ASSIGNMENT((#9714));
#9714 = SURFACE_STYLE_USAGE(.BOTH.,#9715);
#9715 = SURFACE_SIDE_STYLE('',(#9716));
#9716 = SURFACE_STYLE_FILL_AREA(#9717);
#9717 = FILL_AREA_STYLE('',(#9718));
#9718 = FILL_AREA_STYLE_COLOUR('',#9067);
#9719 = STYLED_ITEM('color',(#9720),#3984);
#9720 = PRESENTATION_STYLE_ASSIGNMENT((#9721));
#9721 = SURFACE_STYLE_USAGE(.BOTH.,#9722);
#9722 = SURFACE_SIDE_STYLE('',(#9723));
#9723 = SURFACE_STYLE_FILL_AREA(#9724);
#9724 = FILL_AREA_STYLE('',(#9725));
#9725 = FILL_AREA_STYLE_COLOUR('',#9067);
#9726 = STYLED_ITEM('color',(#9727),#4008);
#9727 = PRESENTATION_STYLE_ASSIGNMENT((#9728));
#9728 = SURFACE_STYLE_USAGE(.BOTH.,#9729);
#9729 = SURFACE_SIDE_STYLE('',(#9730));
#9730 = SURFACE_STYLE_FILL_AREA(#9731);
#9731 = FILL_AREA_STYLE('',(#9732));
#9732 = FILL_AREA_STYLE_COLOUR('',#9067);
#9733 = STYLED_ITEM('color',(#9734),#4025);
#9734 = PRESENTATION_STYLE_ASSIGNMENT((#9735));
#9735 = SURFACE_STYLE_USAGE(.BOTH.,#9736);
#9736 = SURFACE_SIDE_STYLE('',(#9737));
#9737 = SURFACE_STYLE_FILL_AREA(#9738);
#9738 = FILL_AREA_STYLE('',(#9739));
#9739 = FILL_AREA_STYLE_COLOUR('',#9067);
#9740 = STYLED_ITEM('color',(#9741),#4037);
#9741 = PRESENTATION_STYLE_ASSIGNMENT((#9742));
#9742 = SURFACE_STYLE_USAGE(.BOTH.,#9743);
#9743 = SURFACE_SIDE_STYLE('',(#9744));
#9744 = SURFACE_STYLE_FILL_AREA(#9745);
#9745 = FILL_AREA_STYLE('',(#9746));
#9746 = FILL_AREA_STYLE_COLOUR('',#9067);
#9747 = STYLED_ITEM('color',(#9748),#4049);
#9748 = PRESENTATION_STYLE_ASSIGNMENT((#9749));
#9749 = SURFACE_STYLE_USAGE(.BOTH.,#9750);
#9750 = SURFACE_SIDE_STYLE('',(#9751));
#9751 = SURFACE_STYLE_FILL_AREA(#9752);
#9752 = FILL_AREA_STYLE('',(#9753));
#9753 = FILL_AREA_STYLE_COLOUR('',#9067);
#9754 = STYLED_ITEM('color',(#9755),#4061);
#9755 = PRESENTATION_STYLE_ASSIGNMENT((#9756));
#9756 = SURFACE_STYLE_USAGE(.BOTH.,#9757);
#9757 = SURFACE_SIDE_STYLE('',(#9758));
#9758 = SURFACE_STYLE_FILL_AREA(#9759);
#9759 = FILL_AREA_STYLE('',(#9760));
#9760 = FILL_AREA_STYLE_COLOUR('',#9067);
#9761 = STYLED_ITEM('color',(#9762),#4073);
#9762 = PRESENTATION_STYLE_ASSIGNMENT((#9763));
#9763 = SURFACE_STYLE_USAGE(.BOTH.,#9764);
#9764 = SURFACE_SIDE_STYLE('',(#9765));
#9765 = SURFACE_STYLE_FILL_AREA(#9766);
#9766 = FILL_AREA_STYLE('',(#9767));
#9767 = FILL_AREA_STYLE_COLOUR('',#9067);
#9768 = STYLED_ITEM('color',(#9769),#4085);
#9769 = PRESENTATION_STYLE_ASSIGNMENT((#9770));
#9770 = SURFACE_STYLE_USAGE(.BOTH.,#9771);
#9771 = SURFACE_SIDE_STYLE('',(#9772));
#9772 = SURFACE_STYLE_FILL_AREA(#9773);
#9773 = FILL_AREA_STYLE('',(#9774));
#9774 = FILL_AREA_STYLE_COLOUR('',#9067);
#9775 = STYLED_ITEM('color',(#9776),#4097);
#9776 = PRESENTATION_STYLE_ASSIGNMENT((#9777));
#9777 = SURFACE_STYLE_USAGE(.BOTH.,#9778);
#9778 = SURFACE_SIDE_STYLE('',(#9779));
#9779 = SURFACE_STYLE_FILL_AREA(#9780);
#9780 = FILL_AREA_STYLE('',(#9781));
#9781 = FILL_AREA_STYLE_COLOUR('',#9067);
#9782 = STYLED_ITEM('color',(#9783),#4109);
#9783 = PRESENTATION_STYLE_ASSIGNMENT((#9784));
#9784 = SURFACE_STYLE_USAGE(.BOTH.,#9785);
#9785 = SURFACE_SIDE_STYLE('',(#9786));
#9786 = SURFACE_STYLE_FILL_AREA(#9787);
#9787 = FILL_AREA_STYLE('',(#9788));
#9788 = FILL_AREA_STYLE_COLOUR('',#9067);
#9789 = STYLED_ITEM('color',(#9790),#4121);
#9790 = PRESENTATION_STYLE_ASSIGNMENT((#9791));
#9791 = SURFACE_STYLE_USAGE(.BOTH.,#9792);
#9792 = SURFACE_SIDE_STYLE('',(#9793));
#9793 = SURFACE_STYLE_FILL_AREA(#9794);
#9794 = FILL_AREA_STYLE('',(#9795));
#9795 = FILL_AREA_STYLE_COLOUR('',#9067);
#9796 = STYLED_ITEM('color',(#9797),#4133);
#9797 = PRESENTATION_STYLE_ASSIGNMENT((#9798));
#9798 = SURFACE_STYLE_USAGE(.BOTH.,#9799);
#9799 = SURFACE_SIDE_STYLE('',(#9800));
#9800 = SURFACE_STYLE_FILL_AREA(#9801);
#9801 = FILL_AREA_STYLE('',(#9802));
#9802 = FILL_AREA_STYLE_COLOUR('',#9067);
#9803 = STYLED_ITEM('color',(#9804),#4145);
#9804 = PRESENTATION_STYLE_ASSIGNMENT((#9805));
#9805 = SURFACE_STYLE_USAGE(.BOTH.,#9806);
#9806 = SURFACE_SIDE_STYLE('',(#9807));
#9807 = SURFACE_STYLE_FILL_AREA(#9808);
#9808 = FILL_AREA_STYLE('',(#9809));
#9809 = FILL_AREA_STYLE_COLOUR('',#9067);
#9810 = STYLED_ITEM('color',(#9811),#4157);
#9811 = PRESENTATION_STYLE_ASSIGNMENT((#9812));
#9812 = SURFACE_STYLE_USAGE(.BOTH.,#9813);
#9813 = SURFACE_SIDE_STYLE('',(#9814));
#9814 = SURFACE_STYLE_FILL_AREA(#9815);
#9815 = FILL_AREA_STYLE('',(#9816));
#9816 = FILL_AREA_STYLE_COLOUR('',#9067);
ENDSEC;
END-ISO-10303-21;
