ISO-10303-21;
HEADER;
/* Generated by software containing ST-Developer
 * from STEP Tools, Inc. (www.steptools.com) 
 */
/* OPTION: strings as raw bytes, not using required /X/ escapes */

FILE_DESCRIPTION(
/* description */ ('Unknown'),
/* implementation_level */ '2;1');

FILE_NAME(
/* name */ 'G8PM-1AW7R DC12',
/* time_stamp */ '2023-08-15T15:26:27+02:00',
/* author */ ('Unknown'),
/* organization */ ('Unknown'),
/* preprocessor_version */ 'ST-DEVELOPER v18.102',
/* originating_system */ 'Solid Edge',
/* authorisation */ 'Unknown');

FILE_SCHEMA (('AUTOMOTIVE_DESIGN {1 0 10303 214 3 1 1}'));
ENDSEC;

DATA;
#10=PROPERTY_DEFINITION_REPRESENTATION(#14,#12);
#11=PROPERTY_DEFINITION_REPRESENTATION(#15,#13);
#12=REPRESENTATION('',(#16),#6934);
#13=REPRESENTATION('',(#17),#6934);
#14=PROPERTY_DEFINITION('pmi validation property','',#6939);
#15=PROPERTY_DEFINITION('pmi validation property','',#6939);
#16=VALUE_REPRESENTATION_ITEM('number of annotations',COUNT_MEASURE(0.));
#17=VALUE_REPRESENTATION_ITEM('number of views',COUNT_MEASURE(0.));
#18=SHAPE_REPRESENTATION_RELATIONSHIP('','',#4713,#19);
#19=ADVANCED_BREP_SHAPE_REPRESENTATION('',(#4711),#6934);
#20=TOROIDAL_SURFACE('',#4962,1.15445147640619,0.0499999999999996);
#21=TOROIDAL_SURFACE('',#4966,0.499999999999999,0.0499999999999996);
#22=TOROIDAL_SURFACE('',#4969,1.18243628424925,0.0499999999999996);
#23=TOROIDAL_SURFACE('',#4973,0.499999999999999,0.0499999999999996);
#24=TOROIDAL_SURFACE('',#4976,1.09695467206994,0.0499999999999993);
#25=ELLIPSE('',#4949,0.777817459305201,0.549999999999999);
#26=ELLIPSE('',#4951,0.777817459305201,0.549999999999999);
#27=ELLIPSE('',#4953,0.777817459305201,0.549999999999999);
#28=ELLIPSE('',#4955,0.777817459305201,0.549999999999999);
#29=B_SPLINE_CURVE_WITH_KNOTS('',3,(#6540,#6541,#6542,#6543),
 .UNSPECIFIED.,.F.,.F.,(4,4),(1.87342553274519E-5,3.72393571811253E-5),
 .UNSPECIFIED.);
#30=B_SPLINE_CURVE_WITH_KNOTS('',3,(#6545,#6546,#6547,#6548),
 .UNSPECIFIED.,.F.,.F.,(4,4),(2.06571692437226E-13,1.87280496882042E-5),
 .UNSPECIFIED.);
#31=B_SPLINE_CURVE_WITH_KNOTS('',3,(#6863,#6864,#6865,#6866),
 .UNSPECIFIED.,.F.,.F.,(4,4),(0.,0.000582718737090247),.UNSPECIFIED.);
#32=B_SPLINE_CURVE_WITH_KNOTS('',3,(#6868,#6869,#6870,#6871),
 .UNSPECIFIED.,.F.,.F.,(4,4),(0.,0.000432743556169965),.UNSPECIFIED.);
#33=B_SPLINE_CURVE_WITH_KNOTS('',3,(#6874,#6875,#6876,#6877),
 .UNSPECIFIED.,.F.,.F.,(4,4),(0.,0.000432007461129507),.UNSPECIFIED.);
#34=B_SPLINE_CURVE_WITH_KNOTS('',3,(#6881,#6882,#6883,#6884),
 .UNSPECIFIED.,.F.,.F.,(4,4),(0.,0.000582718737090247),.UNSPECIFIED.);
#35=B_SPLINE_CURVE_WITH_KNOTS('',3,(#6885,#6886,#6887,#6888),
 .UNSPECIFIED.,.F.,.F.,(4,4),(0.,0.000582718737090247),.UNSPECIFIED.);
#36=B_SPLINE_CURVE_WITH_KNOTS('',3,(#6890,#6891,#6892,#6893),
 .UNSPECIFIED.,.F.,.F.,(4,4),(0.,0.000432743556169965),.UNSPECIFIED.);
#37=B_SPLINE_CURVE_WITH_KNOTS('',3,(#6896,#6897,#6898,#6899),
 .UNSPECIFIED.,.F.,.F.,(4,4),(0.,0.000432007461129507),.UNSPECIFIED.);
#38=B_SPLINE_CURVE_WITH_KNOTS('',3,(#6902,#6903,#6904,#6905),
 .UNSPECIFIED.,.F.,.F.,(4,4),(0.,0.000582718737090247),.UNSPECIFIED.);
#39=B_SPLINE_CURVE_WITH_KNOTS('',3,(#6911,#6912,#6913,#6914),
 .UNSPECIFIED.,.F.,.F.,(4,4),(4.85321935559576E-13,7.43537340503428E-5),
 .UNSPECIFIED.);
#40=CYLINDRICAL_SURFACE('',#4809,1.10445147640619);
#41=CYLINDRICAL_SURFACE('',#4813,1.13243628424925);
#42=CYLINDRICAL_SURFACE('',#4816,0.57897406984624);
#43=CYLINDRICAL_SURFACE('',#4824,1.04695467206995);
#44=CYLINDRICAL_SURFACE('',#4830,0.257530157982888);
#45=CYLINDRICAL_SURFACE('',#4839,0.047904997457158);
#46=CYLINDRICAL_SURFACE('',#4841,0.0543889140780483);
#47=CYLINDRICAL_SURFACE('',#4843,0.336261756521227);
#48=CYLINDRICAL_SURFACE('',#4849,0.336261756521227);
#49=CYLINDRICAL_SURFACE('',#4851,0.0543889140780483);
#50=CYLINDRICAL_SURFACE('',#4853,0.047904997457158);
#51=CYLINDRICAL_SURFACE('',#4857,0.410519738524017);
#52=CYLINDRICAL_SURFACE('',#4859,0.410519738524017);
#53=CYLINDRICAL_SURFACE('',#4918,0.0838874886757123);
#54=CYLINDRICAL_SURFACE('',#4920,0.0700494292184828);
#55=CYLINDRICAL_SURFACE('',#4921,0.0262213950744359);
#56=CYLINDRICAL_SURFACE('',#4923,0.0380781927057296);
#57=CYLINDRICAL_SURFACE('',#4924,0.0805941598491962);
#58=CYLINDRICAL_SURFACE('',#4926,0.124240240505847);
#59=CYLINDRICAL_SURFACE('',#4929,0.124240240505847);
#60=CYLINDRICAL_SURFACE('',#4931,0.0805941598491962);
#61=CYLINDRICAL_SURFACE('',#4932,0.0380781927057296);
#62=CYLINDRICAL_SURFACE('',#4934,0.0262213950744359);
#63=CYLINDRICAL_SURFACE('',#4935,0.0700494292184828);
#64=CYLINDRICAL_SURFACE('',#4937,0.0838874886757123);
#65=CYLINDRICAL_SURFACE('',#4947,0.549999999999999);
#66=CYLINDRICAL_SURFACE('',#4950,0.549999999999999);
#67=CYLINDRICAL_SURFACE('',#4952,0.549999999999999);
#68=CYLINDRICAL_SURFACE('',#4954,0.549999999999999);
#69=CYLINDRICAL_SURFACE('',#4956,0.549999999999999);
#70=CYLINDRICAL_SURFACE('',#4958,0.699999999999999);
#71=CYLINDRICAL_SURFACE('',#4959,0.699999999999999);
#72=CYLINDRICAL_SURFACE('',#4960,0.699999999999999);
#73=CYLINDRICAL_SURFACE('',#4961,0.699999999999999);
#74=CYLINDRICAL_SURFACE('',#4964,0.0499999999999996);
#75=CYLINDRICAL_SURFACE('',#4968,0.0499999999999996);
#76=CYLINDRICAL_SURFACE('',#4971,0.0499999999999996);
#77=CYLINDRICAL_SURFACE('',#4975,0.0499999999999996);
#78=CYLINDRICAL_SURFACE('',#4977,0.3);
#79=CYLINDRICAL_SURFACE('',#4978,0.3);
#80=CYLINDRICAL_SURFACE('',#4979,0.3);
#81=CYLINDRICAL_SURFACE('',#4980,0.3);
#82=LINE('',#5911,#474);
#83=LINE('',#5918,#475);
#84=LINE('',#5920,#476);
#85=LINE('',#5922,#477);
#86=LINE('',#5924,#478);
#87=LINE('',#5926,#479);
#88=LINE('',#5928,#480);
#89=LINE('',#5929,#481);
#90=LINE('',#5932,#482);
#91=LINE('',#5934,#483);
#92=LINE('',#5936,#484);
#93=LINE('',#5938,#485);
#94=LINE('',#5941,#486);
#95=LINE('',#5943,#487);
#96=LINE('',#5945,#488);
#97=LINE('',#5947,#489);
#98=LINE('',#5949,#490);
#99=LINE('',#5951,#491);
#100=LINE('',#5953,#492);
#101=LINE('',#5955,#493);
#102=LINE('',#5957,#494);
#103=LINE('',#5959,#495);
#104=LINE('',#5961,#496);
#105=LINE('',#5963,#497);
#106=LINE('',#5966,#498);
#107=LINE('',#5968,#499);
#108=LINE('',#5970,#500);
#109=LINE('',#5972,#501);
#110=LINE('',#5974,#502);
#111=LINE('',#5976,#503);
#112=LINE('',#5978,#504);
#113=LINE('',#5980,#505);
#114=LINE('',#5982,#506);
#115=LINE('',#5984,#507);
#116=LINE('',#5986,#508);
#117=LINE('',#5988,#509);
#118=LINE('',#5991,#510);
#119=LINE('',#5993,#511);
#120=LINE('',#5995,#512);
#121=LINE('',#5997,#513);
#122=LINE('',#5999,#514);
#123=LINE('',#6001,#515);
#124=LINE('',#6003,#516);
#125=LINE('',#6005,#517);
#126=LINE('',#6008,#518);
#127=LINE('',#6010,#519);
#128=LINE('',#6012,#520);
#129=LINE('',#6014,#521);
#130=LINE('',#6017,#522);
#131=LINE('',#6019,#523);
#132=LINE('',#6021,#524);
#133=LINE('',#6023,#525);
#134=LINE('',#6026,#526);
#135=LINE('',#6028,#527);
#136=LINE('',#6030,#528);
#137=LINE('',#6032,#529);
#138=LINE('',#6035,#530);
#139=LINE('',#6037,#531);
#140=LINE('',#6039,#532);
#141=LINE('',#6041,#533);
#142=LINE('',#6044,#534);
#143=LINE('',#6046,#535);
#144=LINE('',#6048,#536);
#145=LINE('',#6050,#537);
#146=LINE('',#6053,#538);
#147=LINE('',#6055,#539);
#148=LINE('',#6057,#540);
#149=LINE('',#6059,#541);
#150=LINE('',#6061,#542);
#151=LINE('',#6063,#543);
#152=LINE('',#6066,#544);
#153=LINE('',#6068,#545);
#154=LINE('',#6070,#546);
#155=LINE('',#6072,#547);
#156=LINE('',#6074,#548);
#157=LINE('',#6076,#549);
#158=LINE('',#6078,#550);
#159=LINE('',#6080,#551);
#160=LINE('',#6082,#552);
#161=LINE('',#6084,#553);
#162=LINE('',#6086,#554);
#163=LINE('',#6088,#555);
#164=LINE('',#6091,#556);
#165=LINE('',#6093,#557);
#166=LINE('',#6095,#558);
#167=LINE('',#6096,#559);
#168=LINE('',#6098,#560);
#169=LINE('',#6100,#561);
#170=LINE('',#6102,#562);
#171=LINE('',#6104,#563);
#172=LINE('',#6106,#564);
#173=LINE('',#6108,#565);
#174=LINE('',#6110,#566);
#175=LINE('',#6112,#567);
#176=LINE('',#6114,#568);
#177=LINE('',#6115,#569);
#178=LINE('',#6117,#570);
#179=LINE('',#6118,#571);
#180=LINE('',#6120,#572);
#181=LINE('',#6122,#573);
#182=LINE('',#6124,#574);
#183=LINE('',#6126,#575);
#184=LINE('',#6127,#576);
#185=LINE('',#6129,#577);
#186=LINE('',#6130,#578);
#187=LINE('',#6132,#579);
#188=LINE('',#6137,#580);
#189=LINE('',#6139,#581);
#190=LINE('',#6141,#582);
#191=LINE('',#6143,#583);
#192=LINE('',#6145,#584);
#193=LINE('',#6147,#585);
#194=LINE('',#6149,#586);
#195=LINE('',#6151,#587);
#196=LINE('',#6153,#588);
#197=LINE('',#6157,#589);
#198=LINE('',#6162,#590);
#199=LINE('',#6166,#591);
#200=LINE('',#6168,#592);
#201=LINE('',#6170,#593);
#202=LINE('',#6172,#594);
#203=LINE('',#6174,#595);
#204=LINE('',#6176,#596);
#205=LINE('',#6178,#597);
#206=LINE('',#6180,#598);
#207=LINE('',#6182,#599);
#208=LINE('',#6187,#600);
#209=LINE('',#6189,#601);
#210=LINE('',#6191,#602);
#211=LINE('',#6193,#603);
#212=LINE('',#6195,#604);
#213=LINE('',#6197,#605);
#214=LINE('',#6199,#606);
#215=LINE('',#6201,#607);
#216=LINE('',#6203,#608);
#217=LINE('',#6207,#609);
#218=LINE('',#6212,#610);
#219=LINE('',#6216,#611);
#220=LINE('',#6218,#612);
#221=LINE('',#6220,#613);
#222=LINE('',#6222,#614);
#223=LINE('',#6224,#615);
#224=LINE('',#6226,#616);
#225=LINE('',#6228,#617);
#226=LINE('',#6230,#618);
#227=LINE('',#6232,#619);
#228=LINE('',#6235,#620);
#229=LINE('',#6237,#621);
#230=LINE('',#6239,#622);
#231=LINE('',#6241,#623);
#232=LINE('',#6242,#624);
#233=LINE('',#6244,#625);
#234=LINE('',#6247,#626);
#235=LINE('',#6249,#627);
#236=LINE('',#6251,#628);
#237=LINE('',#6253,#629);
#238=LINE('',#6254,#630);
#239=LINE('',#6256,#631);
#240=LINE('',#6257,#632);
#241=LINE('',#6259,#633);
#242=LINE('',#6260,#634);
#243=LINE('',#6262,#635);
#244=LINE('',#6263,#636);
#245=LINE('',#6265,#637);
#246=LINE('',#6266,#638);
#247=LINE('',#6268,#639);
#248=LINE('',#6269,#640);
#249=LINE('',#6271,#641);
#250=LINE('',#6272,#642);
#251=LINE('',#6274,#643);
#252=LINE('',#6275,#644);
#253=LINE('',#6277,#645);
#254=LINE('',#6279,#646);
#255=LINE('',#6280,#647);
#256=LINE('',#6282,#648);
#257=LINE('',#6283,#649);
#258=LINE('',#6284,#650);
#259=LINE('',#6285,#651);
#260=LINE('',#6290,#652);
#261=LINE('',#6294,#653);
#262=LINE('',#6296,#654);
#263=LINE('',#6298,#655);
#264=LINE('',#6300,#656);
#265=LINE('',#6302,#657);
#266=LINE('',#6304,#658);
#267=LINE('',#6306,#659);
#268=LINE('',#6308,#660);
#269=LINE('',#6310,#661);
#270=LINE('',#6314,#662);
#271=LINE('',#6318,#663);
#272=LINE('',#6322,#664);
#273=LINE('',#6324,#665);
#274=LINE('',#6326,#666);
#275=LINE('',#6328,#667);
#276=LINE('',#6330,#668);
#277=LINE('',#6334,#669);
#278=LINE('',#6338,#670);
#279=LINE('',#6342,#671);
#280=LINE('',#6344,#672);
#281=LINE('',#6346,#673);
#282=LINE('',#6348,#674);
#283=LINE('',#6350,#675);
#284=LINE('',#6352,#676);
#285=LINE('',#6354,#677);
#286=LINE('',#6356,#678);
#287=LINE('',#6357,#679);
#288=LINE('',#6360,#680);
#289=LINE('',#6362,#681);
#290=LINE('',#6364,#682);
#291=LINE('',#6365,#683);
#292=LINE('',#6368,#684);
#293=LINE('',#6370,#685);
#294=LINE('',#6372,#686);
#295=LINE('',#6373,#687);
#296=LINE('',#6374,#688);
#297=LINE('',#6376,#689);
#298=LINE('',#6378,#690);
#299=LINE('',#6380,#691);
#300=LINE('',#6383,#692);
#301=LINE('',#6385,#693);
#302=LINE('',#6389,#694);
#303=LINE('',#6393,#695);
#304=LINE('',#6397,#696);
#305=LINE('',#6399,#697);
#306=LINE('',#6401,#698);
#307=LINE('',#6403,#699);
#308=LINE('',#6405,#700);
#309=LINE('',#6409,#701);
#310=LINE('',#6413,#702);
#311=LINE('',#6417,#703);
#312=LINE('',#6419,#704);
#313=LINE('',#6422,#705);
#314=LINE('',#6424,#706);
#315=LINE('',#6426,#707);
#316=LINE('',#6428,#708);
#317=LINE('',#6430,#709);
#318=LINE('',#6432,#710);
#319=LINE('',#6434,#711);
#320=LINE('',#6436,#712);
#321=LINE('',#6438,#713);
#322=LINE('',#6440,#714);
#323=LINE('',#6442,#715);
#324=LINE('',#6444,#716);
#325=LINE('',#6446,#717);
#326=LINE('',#6448,#718);
#327=LINE('',#6450,#719);
#328=LINE('',#6452,#720);
#329=LINE('',#6454,#721);
#330=LINE('',#6456,#722);
#331=LINE('',#6458,#723);
#332=LINE('',#6460,#724);
#333=LINE('',#6462,#725);
#334=LINE('',#6464,#726);
#335=LINE('',#6466,#727);
#336=LINE('',#6468,#728);
#337=LINE('',#6470,#729);
#338=LINE('',#6472,#730);
#339=LINE('',#6474,#731);
#340=LINE('',#6476,#732);
#341=LINE('',#6478,#733);
#342=LINE('',#6480,#734);
#343=LINE('',#6482,#735);
#344=LINE('',#6484,#736);
#345=LINE('',#6486,#737);
#346=LINE('',#6489,#738);
#347=LINE('',#6493,#739);
#348=LINE('',#6497,#740);
#349=LINE('',#6500,#741);
#350=LINE('',#6501,#742);
#351=LINE('',#6503,#743);
#352=LINE('',#6504,#744);
#353=LINE('',#6506,#745);
#354=LINE('',#6507,#746);
#355=LINE('',#6509,#747);
#356=LINE('',#6510,#748);
#357=LINE('',#6515,#749);
#358=LINE('',#6517,#750);
#359=LINE('',#6519,#751);
#360=LINE('',#6521,#752);
#361=LINE('',#6523,#753);
#362=LINE('',#6526,#754);
#363=LINE('',#6530,#755);
#364=LINE('',#6532,#756);
#365=LINE('',#6536,#757);
#366=LINE('',#6550,#758);
#367=LINE('',#6552,#759);
#368=LINE('',#6578,#760);
#369=LINE('',#6580,#761);
#370=LINE('',#6582,#762);
#371=LINE('',#6584,#763);
#372=LINE('',#6586,#764);
#373=LINE('',#6588,#765);
#374=LINE('',#6590,#766);
#375=LINE('',#6592,#767);
#376=LINE('',#6595,#768);
#377=LINE('',#6596,#769);
#378=LINE('',#6598,#770);
#379=LINE('',#6599,#771);
#380=LINE('',#6601,#772);
#381=LINE('',#6602,#773);
#382=LINE('',#6604,#774);
#383=LINE('',#6606,#775);
#384=LINE('',#6608,#776);
#385=LINE('',#6610,#777);
#386=LINE('',#6612,#778);
#387=LINE('',#6614,#779);
#388=LINE('',#6616,#780);
#389=LINE('',#6618,#781);
#390=LINE('',#6620,#782);
#391=LINE('',#6622,#783);
#392=LINE('',#6624,#784);
#393=LINE('',#6626,#785);
#394=LINE('',#6628,#786);
#395=LINE('',#6630,#787);
#396=LINE('',#6632,#788);
#397=LINE('',#6634,#789);
#398=LINE('',#6636,#790);
#399=LINE('',#6637,#791);
#400=LINE('',#6639,#792);
#401=LINE('',#6640,#793);
#402=LINE('',#6642,#794);
#403=LINE('',#6644,#795);
#404=LINE('',#6655,#796);
#405=LINE('',#6658,#797);
#406=LINE('',#6659,#798);
#407=LINE('',#6661,#799);
#408=LINE('',#6662,#800);
#409=LINE('',#6667,#801);
#410=LINE('',#6668,#802);
#411=LINE('',#6670,#803);
#412=LINE('',#6674,#804);
#413=LINE('',#6680,#805);
#414=LINE('',#6686,#806);
#415=LINE('',#6688,#807);
#416=LINE('',#6690,#808);
#417=LINE('',#6692,#809);
#418=LINE('',#6696,#810);
#419=LINE('',#6702,#811);
#420=LINE('',#6708,#812);
#421=LINE('',#6712,#813);
#422=LINE('',#6714,#814);
#423=LINE('',#6716,#815);
#424=LINE('',#6719,#816);
#425=LINE('',#6720,#817);
#426=LINE('',#6722,#818);
#427=LINE('',#6725,#819);
#428=LINE('',#6726,#820);
#429=LINE('',#6727,#821);
#430=LINE('',#6731,#822);
#431=LINE('',#6737,#823);
#432=LINE('',#6743,#824);
#433=LINE('',#6747,#825);
#434=LINE('',#6749,#826);
#435=LINE('',#6751,#827);
#436=LINE('',#6755,#828);
#437=LINE('',#6761,#829);
#438=LINE('',#6767,#830);
#439=LINE('',#6771,#831);
#440=LINE('',#6772,#832);
#441=LINE('',#6775,#833);
#442=LINE('',#6779,#834);
#443=LINE('',#6781,#835);
#444=LINE('',#6782,#836);
#445=LINE('',#6784,#837);
#446=LINE('',#6794,#838);
#447=LINE('',#6796,#839);
#448=LINE('',#6798,#840);
#449=LINE('',#6800,#841);
#450=LINE('',#6802,#842);
#451=LINE('',#6804,#843);
#452=LINE('',#6806,#844);
#453=LINE('',#6808,#845);
#454=LINE('',#6810,#846);
#455=LINE('',#6812,#847);
#456=LINE('',#6815,#848);
#457=LINE('',#6817,#849);
#458=LINE('',#6819,#850);
#459=LINE('',#6821,#851);
#460=LINE('',#6823,#852);
#461=LINE('',#6825,#853);
#462=LINE('',#6827,#854);
#463=LINE('',#6829,#855);
#464=LINE('',#6831,#856);
#465=LINE('',#6833,#857);
#466=LINE('',#6836,#858);
#467=LINE('',#6839,#859);
#468=LINE('',#6841,#860);
#469=LINE('',#6843,#861);
#470=LINE('',#6850,#862);
#471=LINE('',#6854,#863);
#472=LINE('',#6856,#864);
#473=LINE('',#6858,#865);
#474=VECTOR('',#4987,1000.);
#475=VECTOR('',#4992,1000.);
#476=VECTOR('',#4993,1000.);
#477=VECTOR('',#4994,1000.);
#478=VECTOR('',#4995,1000.);
#479=VECTOR('',#4996,1000.);
#480=VECTOR('',#4997,1000.);
#481=VECTOR('',#4998,1000.);
#482=VECTOR('',#4999,1000.);
#483=VECTOR('',#5000,1000.);
#484=VECTOR('',#5001,1000.);
#485=VECTOR('',#5004,1000.);
#486=VECTOR('',#5005,1000.);
#487=VECTOR('',#5006,1000.);
#488=VECTOR('',#5007,1000.);
#489=VECTOR('',#5008,1000.);
#490=VECTOR('',#5009,1000.);
#491=VECTOR('',#5010,1000.);
#492=VECTOR('',#5011,1000.);
#493=VECTOR('',#5012,1000.);
#494=VECTOR('',#5013,1000.);
#495=VECTOR('',#5014,1000.);
#496=VECTOR('',#5015,1000.);
#497=VECTOR('',#5018,1000.);
#498=VECTOR('',#5019,1000.);
#499=VECTOR('',#5020,1000.);
#500=VECTOR('',#5021,1000.);
#501=VECTOR('',#5022,1000.);
#502=VECTOR('',#5023,1000.);
#503=VECTOR('',#5024,1000.);
#504=VECTOR('',#5025,1000.);
#505=VECTOR('',#5026,1000.);
#506=VECTOR('',#5027,1000.);
#507=VECTOR('',#5028,1000.);
#508=VECTOR('',#5029,1000.);
#509=VECTOR('',#5032,1000.);
#510=VECTOR('',#5033,1000.);
#511=VECTOR('',#5034,1000.);
#512=VECTOR('',#5035,1000.);
#513=VECTOR('',#5036,1000.);
#514=VECTOR('',#5037,1000.);
#515=VECTOR('',#5038,1000.);
#516=VECTOR('',#5039,1000.);
#517=VECTOR('',#5042,1000.);
#518=VECTOR('',#5043,1000.);
#519=VECTOR('',#5044,1000.);
#520=VECTOR('',#5045,1000.);
#521=VECTOR('',#5048,1000.);
#522=VECTOR('',#5049,1000.);
#523=VECTOR('',#5050,1000.);
#524=VECTOR('',#5051,1000.);
#525=VECTOR('',#5054,1000.);
#526=VECTOR('',#5055,1000.);
#527=VECTOR('',#5056,1000.);
#528=VECTOR('',#5057,1000.);
#529=VECTOR('',#5060,1000.);
#530=VECTOR('',#5061,1000.);
#531=VECTOR('',#5062,1000.);
#532=VECTOR('',#5063,1000.);
#533=VECTOR('',#5066,1000.);
#534=VECTOR('',#5067,1000.);
#535=VECTOR('',#5068,1000.);
#536=VECTOR('',#5069,1000.);
#537=VECTOR('',#5072,1000.);
#538=VECTOR('',#5073,1000.);
#539=VECTOR('',#5074,1000.);
#540=VECTOR('',#5075,1000.);
#541=VECTOR('',#5076,1000.);
#542=VECTOR('',#5077,1000.);
#543=VECTOR('',#5080,1000.);
#544=VECTOR('',#5081,1000.);
#545=VECTOR('',#5082,1000.);
#546=VECTOR('',#5083,1000.);
#547=VECTOR('',#5084,1000.);
#548=VECTOR('',#5085,1000.);
#549=VECTOR('',#5088,1000.);
#550=VECTOR('',#5089,1000.);
#551=VECTOR('',#5090,1000.);
#552=VECTOR('',#5093,1000.);
#553=VECTOR('',#5094,1000.);
#554=VECTOR('',#5095,1000.);
#555=VECTOR('',#5098,1000.);
#556=VECTOR('',#5099,1000.);
#557=VECTOR('',#5100,1000.);
#558=VECTOR('',#5101,1000.);
#559=VECTOR('',#5102,1000.);
#560=VECTOR('',#5105,1000.);
#561=VECTOR('',#5106,1000.);
#562=VECTOR('',#5107,1000.);
#563=VECTOR('',#5108,1000.);
#564=VECTOR('',#5109,1000.);
#565=VECTOR('',#5112,1000.);
#566=VECTOR('',#5113,1000.);
#567=VECTOR('',#5114,1000.);
#568=VECTOR('',#5117,1000.);
#569=VECTOR('',#5118,1000.);
#570=VECTOR('',#5121,1000.);
#571=VECTOR('',#5122,1000.);
#572=VECTOR('',#5125,1000.);
#573=VECTOR('',#5126,1000.);
#574=VECTOR('',#5127,1000.);
#575=VECTOR('',#5130,1000.);
#576=VECTOR('',#5131,1000.);
#577=VECTOR('',#5134,1000.);
#578=VECTOR('',#5135,1000.);
#579=VECTOR('',#5138,1000.);
#580=VECTOR('',#5141,1000.);
#581=VECTOR('',#5142,1000.);
#582=VECTOR('',#5143,1000.);
#583=VECTOR('',#5144,1000.);
#584=VECTOR('',#5145,1000.);
#585=VECTOR('',#5146,1000.);
#586=VECTOR('',#5147,1000.);
#587=VECTOR('',#5148,1000.);
#588=VECTOR('',#5149,1000.);
#589=VECTOR('',#5154,1000.);
#590=VECTOR('',#5157,1000.);
#591=VECTOR('',#5160,1000.);
#592=VECTOR('',#5161,1000.);
#593=VECTOR('',#5162,1000.);
#594=VECTOR('',#5163,1000.);
#595=VECTOR('',#5164,1000.);
#596=VECTOR('',#5165,1000.);
#597=VECTOR('',#5166,1000.);
#598=VECTOR('',#5167,1000.);
#599=VECTOR('',#5170,1000.);
#600=VECTOR('',#5173,1000.);
#601=VECTOR('',#5174,1000.);
#602=VECTOR('',#5175,1000.);
#603=VECTOR('',#5176,1000.);
#604=VECTOR('',#5177,1000.);
#605=VECTOR('',#5178,1000.);
#606=VECTOR('',#5179,1000.);
#607=VECTOR('',#5180,1000.);
#608=VECTOR('',#5181,1000.);
#609=VECTOR('',#5186,1000.);
#610=VECTOR('',#5189,1000.);
#611=VECTOR('',#5192,1000.);
#612=VECTOR('',#5193,1000.);
#613=VECTOR('',#5194,1000.);
#614=VECTOR('',#5195,1000.);
#615=VECTOR('',#5196,1000.);
#616=VECTOR('',#5197,1000.);
#617=VECTOR('',#5198,1000.);
#618=VECTOR('',#5199,1000.);
#619=VECTOR('',#5202,1000.);
#620=VECTOR('',#5203,1000.);
#621=VECTOR('',#5204,1000.);
#622=VECTOR('',#5205,1000.);
#623=VECTOR('',#5208,1000.);
#624=VECTOR('',#5209,1000.);
#625=VECTOR('',#5212,1000.);
#626=VECTOR('',#5213,1000.);
#627=VECTOR('',#5214,1000.);
#628=VECTOR('',#5215,1000.);
#629=VECTOR('',#5218,1000.);
#630=VECTOR('',#5219,1000.);
#631=VECTOR('',#5222,1000.);
#632=VECTOR('',#5223,1000.);
#633=VECTOR('',#5226,1000.);
#634=VECTOR('',#5227,1000.);
#635=VECTOR('',#5230,1000.);
#636=VECTOR('',#5231,1000.);
#637=VECTOR('',#5234,1000.);
#638=VECTOR('',#5235,1000.);
#639=VECTOR('',#5238,1000.);
#640=VECTOR('',#5239,1000.);
#641=VECTOR('',#5242,1000.);
#642=VECTOR('',#5243,1000.);
#643=VECTOR('',#5246,1000.);
#644=VECTOR('',#5247,1000.);
#645=VECTOR('',#5250,1000.);
#646=VECTOR('',#5253,1000.);
#647=VECTOR('',#5254,1000.);
#648=VECTOR('',#5257,1000.);
#649=VECTOR('',#5258,1000.);
#650=VECTOR('',#5259,1000.);
#651=VECTOR('',#5260,1000.);
#652=VECTOR('',#5263,1000.);
#653=VECTOR('',#5266,1000.);
#654=VECTOR('',#5267,1000.);
#655=VECTOR('',#5268,1000.);
#656=VECTOR('',#5269,1000.);
#657=VECTOR('',#5270,1000.);
#658=VECTOR('',#5271,1000.);
#659=VECTOR('',#5272,1000.);
#660=VECTOR('',#5273,1000.);
#661=VECTOR('',#5274,1000.);
#662=VECTOR('',#5277,1000.);
#663=VECTOR('',#5280,1000.);
#664=VECTOR('',#5283,1000.);
#665=VECTOR('',#5284,1000.);
#666=VECTOR('',#5285,1000.);
#667=VECTOR('',#5286,1000.);
#668=VECTOR('',#5287,1000.);
#669=VECTOR('',#5290,1000.);
#670=VECTOR('',#5293,1000.);
#671=VECTOR('',#5296,1000.);
#672=VECTOR('',#5297,1000.);
#673=VECTOR('',#5298,1000.);
#674=VECTOR('',#5299,1000.);
#675=VECTOR('',#5300,1000.);
#676=VECTOR('',#5301,1000.);
#677=VECTOR('',#5302,1000.);
#678=VECTOR('',#5303,1000.);
#679=VECTOR('',#5304,1000.);
#680=VECTOR('',#5305,1000.);
#681=VECTOR('',#5306,1000.);
#682=VECTOR('',#5307,1000.);
#683=VECTOR('',#5308,1000.);
#684=VECTOR('',#5309,1000.);
#685=VECTOR('',#5310,1000.);
#686=VECTOR('',#5311,1000.);
#687=VECTOR('',#5312,1000.);
#688=VECTOR('',#5313,1000.);
#689=VECTOR('',#5316,1000.);
#690=VECTOR('',#5317,1000.);
#691=VECTOR('',#5318,1000.);
#692=VECTOR('',#5323,1000.);
#693=VECTOR('',#5324,1000.);
#694=VECTOR('',#5327,1000.);
#695=VECTOR('',#5330,1000.);
#696=VECTOR('',#5333,1000.);
#697=VECTOR('',#5334,1000.);
#698=VECTOR('',#5335,1000.);
#699=VECTOR('',#5336,1000.);
#700=VECTOR('',#5337,1000.);
#701=VECTOR('',#5340,1000.);
#702=VECTOR('',#5343,1000.);
#703=VECTOR('',#5346,1000.);
#704=VECTOR('',#5347,1000.);
#705=VECTOR('',#5352,1000.);
#706=VECTOR('',#5353,1000.);
#707=VECTOR('',#5354,1000.);
#708=VECTOR('',#5357,1000.);
#709=VECTOR('',#5358,1000.);
#710=VECTOR('',#5359,1000.);
#711=VECTOR('',#5362,1000.);
#712=VECTOR('',#5363,1000.);
#713=VECTOR('',#5364,1000.);
#714=VECTOR('',#5367,1000.);
#715=VECTOR('',#5368,1000.);
#716=VECTOR('',#5369,1000.);
#717=VECTOR('',#5372,1000.);
#718=VECTOR('',#5373,1000.);
#719=VECTOR('',#5374,1000.);
#720=VECTOR('',#5377,1000.);
#721=VECTOR('',#5378,1000.);
#722=VECTOR('',#5379,1000.);
#723=VECTOR('',#5382,1000.);
#724=VECTOR('',#5383,1000.);
#725=VECTOR('',#5384,1000.);
#726=VECTOR('',#5385,1000.);
#727=VECTOR('',#5388,1000.);
#728=VECTOR('',#5391,1000.);
#729=VECTOR('',#5394,1000.);
#730=VECTOR('',#5395,1000.);
#731=VECTOR('',#5398,1000.);
#732=VECTOR('',#5399,1000.);
#733=VECTOR('',#5402,1000.);
#734=VECTOR('',#5403,1000.);
#735=VECTOR('',#5406,1000.);
#736=VECTOR('',#5407,1000.);
#737=VECTOR('',#5408,1000.);
#738=VECTOR('',#5413,1000.);
#739=VECTOR('',#5416,1000.);
#740=VECTOR('',#5419,1000.);
#741=VECTOR('',#5424,1000.);
#742=VECTOR('',#5425,1000.);
#743=VECTOR('',#5428,1000.);
#744=VECTOR('',#5429,1000.);
#745=VECTOR('',#5432,1000.);
#746=VECTOR('',#5433,1000.);
#747=VECTOR('',#5436,1000.);
#748=VECTOR('',#5437,1000.);
#749=VECTOR('',#5442,1000.);
#750=VECTOR('',#5443,1000.);
#751=VECTOR('',#5444,1000.);
#752=VECTOR('',#5445,1000.);
#753=VECTOR('',#5448,1000.);
#754=VECTOR('',#5449,1000.);
#755=VECTOR('',#5452,1000.);
#756=VECTOR('',#5453,1000.);
#757=VECTOR('',#5458,1000.);
#758=VECTOR('',#5463,1000.);
#759=VECTOR('',#5464,1000.);
#760=VECTOR('',#5503,1000.);
#761=VECTOR('',#5504,1000.);
#762=VECTOR('',#5505,1000.);
#763=VECTOR('',#5508,1000.);
#764=VECTOR('',#5509,1000.);
#765=VECTOR('',#5512,1000.);
#766=VECTOR('',#5513,1000.);
#767=VECTOR('',#5516,1000.);
#768=VECTOR('',#5521,1000.);
#769=VECTOR('',#5522,1000.);
#770=VECTOR('',#5525,1000.);
#771=VECTOR('',#5526,1000.);
#772=VECTOR('',#5529,1000.);
#773=VECTOR('',#5530,1000.);
#774=VECTOR('',#5533,1000.);
#775=VECTOR('',#5536,1000.);
#776=VECTOR('',#5539,1000.);
#777=VECTOR('',#5542,1000.);
#778=VECTOR('',#5545,1000.);
#779=VECTOR('',#5548,1000.);
#780=VECTOR('',#5551,1000.);
#781=VECTOR('',#5554,1000.);
#782=VECTOR('',#5557,1000.);
#783=VECTOR('',#5560,1000.);
#784=VECTOR('',#5563,1000.);
#785=VECTOR('',#5566,1000.);
#786=VECTOR('',#5569,1000.);
#787=VECTOR('',#5572,1000.);
#788=VECTOR('',#5575,1000.);
#789=VECTOR('',#5578,1000.);
#790=VECTOR('',#5581,1000.);
#791=VECTOR('',#5582,1000.);
#792=VECTOR('',#5585,1000.);
#793=VECTOR('',#5586,1000.);
#794=VECTOR('',#5589,1000.);
#795=VECTOR('',#5592,1000.);
#796=VECTOR('',#5613,1000.);
#797=VECTOR('',#5614,1000.);
#798=VECTOR('',#5615,1000.);
#799=VECTOR('',#5618,1000.);
#800=VECTOR('',#5619,1000.);
#801=VECTOR('',#5624,1000.);
#802=VECTOR('',#5625,1000.);
#803=VECTOR('',#5626,1000.);
#804=VECTOR('',#5629,1000.);
#805=VECTOR('',#5634,1000.);
#806=VECTOR('',#5639,1000.);
#807=VECTOR('',#5642,1000.);
#808=VECTOR('',#5643,1000.);
#809=VECTOR('',#5646,1000.);
#810=VECTOR('',#5649,1000.);
#811=VECTOR('',#5654,1000.);
#812=VECTOR('',#5659,1000.);
#813=VECTOR('',#5662,1000.);
#814=VECTOR('',#5665,1000.);
#815=VECTOR('',#5668,1000.);
#816=VECTOR('',#5669,1000.);
#817=VECTOR('',#5670,1000.);
#818=VECTOR('',#5673,1000.);
#819=VECTOR('',#5674,1000.);
#820=VECTOR('',#5675,1000.);
#821=VECTOR('',#5676,1000.);
#822=VECTOR('',#5679,1000.);
#823=VECTOR('',#5684,1000.);
#824=VECTOR('',#5689,1000.);
#825=VECTOR('',#5694,1000.);
#826=VECTOR('',#5695,1000.);
#827=VECTOR('',#5698,1000.);
#828=VECTOR('',#5701,1000.);
#829=VECTOR('',#5706,1000.);
#830=VECTOR('',#5711,1000.);
#831=VECTOR('',#5714,1000.);
#832=VECTOR('',#5715,1000.);
#833=VECTOR('',#5720,1000.);
#834=VECTOR('',#5727,1000.);
#835=VECTOR('',#5730,1000.);
#836=VECTOR('',#5731,1000.);
#837=VECTOR('',#5734,1000.);
#838=VECTOR('',#5753,1000.);
#839=VECTOR('',#5756,1000.);
#840=VECTOR('',#5759,1000.);
#841=VECTOR('',#5762,1000.);
#842=VECTOR('',#5765,1000.);
#843=VECTOR('',#5768,1000.);
#844=VECTOR('',#5771,1000.);
#845=VECTOR('',#5774,1000.);
#846=VECTOR('',#5777,1000.);
#847=VECTOR('',#5780,1000.);
#848=VECTOR('',#5785,1000.);
#849=VECTOR('',#5788,1000.);
#850=VECTOR('',#5791,1000.);
#851=VECTOR('',#5794,1000.);
#852=VECTOR('',#5797,1000.);
#853=VECTOR('',#5800,1000.);
#854=VECTOR('',#5803,1000.);
#855=VECTOR('',#5806,1000.);
#856=VECTOR('',#5809,1000.);
#857=VECTOR('',#5812,1000.);
#858=VECTOR('',#5817,1000.);
#859=VECTOR('',#5818,1000.);
#860=VECTOR('',#5819,1000.);
#861=VECTOR('',#5820,1000.);
#862=VECTOR('',#5831,1000.);
#863=VECTOR('',#5836,1000.);
#864=VECTOR('',#5837,1000.);
#865=VECTOR('',#5838,1000.);
#866=ORIENTED_EDGE('',*,*,#1842,.T.);
#867=ORIENTED_EDGE('',*,*,#1843,.T.);
#868=ORIENTED_EDGE('',*,*,#1844,.T.);
#869=ORIENTED_EDGE('',*,*,#1845,.T.);
#870=ORIENTED_EDGE('',*,*,#1846,.T.);
#871=ORIENTED_EDGE('',*,*,#1847,.T.);
#872=ORIENTED_EDGE('',*,*,#1848,.T.);
#873=ORIENTED_EDGE('',*,*,#1849,.T.);
#874=ORIENTED_EDGE('',*,*,#1850,.T.);
#875=ORIENTED_EDGE('',*,*,#1851,.T.);
#876=ORIENTED_EDGE('',*,*,#1852,.F.);
#877=ORIENTED_EDGE('',*,*,#1853,.F.);
#878=ORIENTED_EDGE('',*,*,#1854,.F.);
#879=ORIENTED_EDGE('',*,*,#1855,.F.);
#880=ORIENTED_EDGE('',*,*,#1856,.T.);
#881=ORIENTED_EDGE('',*,*,#1857,.T.);
#882=ORIENTED_EDGE('',*,*,#1858,.F.);
#883=ORIENTED_EDGE('',*,*,#1859,.T.);
#884=ORIENTED_EDGE('',*,*,#1860,.T.);
#885=ORIENTED_EDGE('',*,*,#1861,.T.);
#886=ORIENTED_EDGE('',*,*,#1862,.F.);
#887=ORIENTED_EDGE('',*,*,#1863,.T.);
#888=ORIENTED_EDGE('',*,*,#1864,.T.);
#889=ORIENTED_EDGE('',*,*,#1865,.T.);
#890=ORIENTED_EDGE('',*,*,#1866,.F.);
#891=ORIENTED_EDGE('',*,*,#1867,.T.);
#892=ORIENTED_EDGE('',*,*,#1868,.F.);
#893=ORIENTED_EDGE('',*,*,#1869,.T.);
#894=ORIENTED_EDGE('',*,*,#1870,.T.);
#895=ORIENTED_EDGE('',*,*,#1871,.T.);
#896=ORIENTED_EDGE('',*,*,#1872,.F.);
#897=ORIENTED_EDGE('',*,*,#1873,.F.);
#898=ORIENTED_EDGE('',*,*,#1874,.T.);
#899=ORIENTED_EDGE('',*,*,#1875,.F.);
#900=ORIENTED_EDGE('',*,*,#1876,.F.);
#901=ORIENTED_EDGE('',*,*,#1877,.F.);
#902=ORIENTED_EDGE('',*,*,#1878,.T.);
#903=ORIENTED_EDGE('',*,*,#1879,.F.);
#904=ORIENTED_EDGE('',*,*,#1880,.F.);
#905=ORIENTED_EDGE('',*,*,#1881,.T.);
#906=ORIENTED_EDGE('',*,*,#1882,.T.);
#907=ORIENTED_EDGE('',*,*,#1883,.T.);
#908=ORIENTED_EDGE('',*,*,#1884,.T.);
#909=ORIENTED_EDGE('',*,*,#1885,.T.);
#910=ORIENTED_EDGE('',*,*,#1886,.T.);
#911=ORIENTED_EDGE('',*,*,#1887,.T.);
#912=ORIENTED_EDGE('',*,*,#1888,.T.);
#913=ORIENTED_EDGE('',*,*,#1889,.T.);
#914=ORIENTED_EDGE('',*,*,#1890,.F.);
#915=ORIENTED_EDGE('',*,*,#1891,.T.);
#916=ORIENTED_EDGE('',*,*,#1892,.F.);
#917=ORIENTED_EDGE('',*,*,#1893,.F.);
#918=ORIENTED_EDGE('',*,*,#1894,.F.);
#919=ORIENTED_EDGE('',*,*,#1895,.T.);
#920=ORIENTED_EDGE('',*,*,#1896,.T.);
#921=ORIENTED_EDGE('',*,*,#1897,.T.);
#922=ORIENTED_EDGE('',*,*,#1898,.F.);
#923=ORIENTED_EDGE('',*,*,#1899,.T.);
#924=ORIENTED_EDGE('',*,*,#1900,.F.);
#925=ORIENTED_EDGE('',*,*,#1901,.F.);
#926=ORIENTED_EDGE('',*,*,#1902,.T.);
#927=ORIENTED_EDGE('',*,*,#1903,.T.);
#928=ORIENTED_EDGE('',*,*,#1904,.F.);
#929=ORIENTED_EDGE('',*,*,#1905,.F.);
#930=ORIENTED_EDGE('',*,*,#1906,.T.);
#931=ORIENTED_EDGE('',*,*,#1907,.T.);
#932=ORIENTED_EDGE('',*,*,#1908,.F.);
#933=ORIENTED_EDGE('',*,*,#1909,.T.);
#934=ORIENTED_EDGE('',*,*,#1910,.F.);
#935=ORIENTED_EDGE('',*,*,#1911,.F.);
#936=ORIENTED_EDGE('',*,*,#1912,.T.);
#937=ORIENTED_EDGE('',*,*,#1913,.T.);
#938=ORIENTED_EDGE('',*,*,#1914,.F.);
#939=ORIENTED_EDGE('',*,*,#1915,.T.);
#940=ORIENTED_EDGE('',*,*,#1916,.F.);
#941=ORIENTED_EDGE('',*,*,#1917,.F.);
#942=ORIENTED_EDGE('',*,*,#1918,.T.);
#943=ORIENTED_EDGE('',*,*,#1919,.T.);
#944=ORIENTED_EDGE('',*,*,#1920,.F.);
#945=ORIENTED_EDGE('',*,*,#1921,.T.);
#946=ORIENTED_EDGE('',*,*,#1922,.T.);
#947=ORIENTED_EDGE('',*,*,#1912,.F.);
#948=ORIENTED_EDGE('',*,*,#1915,.F.);
#949=ORIENTED_EDGE('',*,*,#1923,.T.);
#950=ORIENTED_EDGE('',*,*,#1924,.T.);
#951=ORIENTED_EDGE('',*,*,#1925,.F.);
#952=ORIENTED_EDGE('',*,*,#1926,.T.);
#953=ORIENTED_EDGE('',*,*,#1927,.T.);
#954=ORIENTED_EDGE('',*,*,#1928,.T.);
#955=ORIENTED_EDGE('',*,*,#1929,.T.);
#956=ORIENTED_EDGE('',*,*,#1921,.F.);
#957=ORIENTED_EDGE('',*,*,#1930,.F.);
#958=ORIENTED_EDGE('',*,*,#1931,.F.);
#959=ORIENTED_EDGE('',*,*,#1932,.F.);
#960=ORIENTED_EDGE('',*,*,#1933,.T.);
#961=ORIENTED_EDGE('',*,*,#1934,.T.);
#962=ORIENTED_EDGE('',*,*,#1935,.F.);
#963=ORIENTED_EDGE('',*,*,#1924,.F.);
#964=ORIENTED_EDGE('',*,*,#1936,.F.);
#965=ORIENTED_EDGE('',*,*,#1937,.F.);
#966=ORIENTED_EDGE('',*,*,#1938,.T.);
#967=ORIENTED_EDGE('',*,*,#1932,.T.);
#968=ORIENTED_EDGE('',*,*,#1939,.F.);
#969=ORIENTED_EDGE('',*,*,#1907,.F.);
#970=ORIENTED_EDGE('',*,*,#1940,.T.);
#971=ORIENTED_EDGE('',*,*,#1937,.T.);
#972=ORIENTED_EDGE('',*,*,#1941,.F.);
#973=ORIENTED_EDGE('',*,*,#1919,.F.);
#974=ORIENTED_EDGE('',*,*,#1942,.T.);
#975=ORIENTED_EDGE('',*,*,#1905,.T.);
#976=ORIENTED_EDGE('',*,*,#1943,.F.);
#977=ORIENTED_EDGE('',*,*,#1903,.F.);
#978=ORIENTED_EDGE('',*,*,#1944,.T.);
#979=ORIENTED_EDGE('',*,*,#1945,.T.);
#980=ORIENTED_EDGE('',*,*,#1946,.F.);
#981=ORIENTED_EDGE('',*,*,#1945,.F.);
#982=ORIENTED_EDGE('',*,*,#1947,.T.);
#983=ORIENTED_EDGE('',*,*,#1910,.T.);
#984=ORIENTED_EDGE('',*,*,#1948,.F.);
#985=ORIENTED_EDGE('',*,*,#1926,.F.);
#986=ORIENTED_EDGE('',*,*,#1949,.T.);
#987=ORIENTED_EDGE('',*,*,#1901,.T.);
#988=ORIENTED_EDGE('',*,*,#1950,.F.);
#989=ORIENTED_EDGE('',*,*,#1951,.T.);
#990=ORIENTED_EDGE('',*,*,#1952,.T.);
#991=ORIENTED_EDGE('',*,*,#1953,.T.);
#992=ORIENTED_EDGE('',*,*,#1954,.F.);
#993=ORIENTED_EDGE('',*,*,#1955,.F.);
#994=ORIENTED_EDGE('',*,*,#1956,.F.);
#995=ORIENTED_EDGE('',*,*,#1957,.T.);
#996=ORIENTED_EDGE('',*,*,#1958,.T.);
#997=ORIENTED_EDGE('',*,*,#1959,.F.);
#998=ORIENTED_EDGE('',*,*,#1960,.T.);
#999=ORIENTED_EDGE('',*,*,#1961,.T.);
#1000=ORIENTED_EDGE('',*,*,#1962,.F.);
#1001=ORIENTED_EDGE('',*,*,#1963,.T.);
#1002=ORIENTED_EDGE('',*,*,#1964,.F.);
#1003=ORIENTED_EDGE('',*,*,#1965,.T.);
#1004=ORIENTED_EDGE('',*,*,#1966,.F.);
#1005=ORIENTED_EDGE('',*,*,#1967,.F.);
#1006=ORIENTED_EDGE('',*,*,#1968,.T.);
#1007=ORIENTED_EDGE('',*,*,#1969,.T.);
#1008=ORIENTED_EDGE('',*,*,#1970,.T.);
#1009=ORIENTED_EDGE('',*,*,#1971,.F.);
#1010=ORIENTED_EDGE('',*,*,#1972,.T.);
#1011=ORIENTED_EDGE('',*,*,#1973,.T.);
#1012=ORIENTED_EDGE('',*,*,#1974,.T.);
#1013=ORIENTED_EDGE('',*,*,#1975,.T.);
#1014=ORIENTED_EDGE('',*,*,#1976,.T.);
#1015=ORIENTED_EDGE('',*,*,#1977,.F.);
#1016=ORIENTED_EDGE('',*,*,#1978,.F.);
#1017=ORIENTED_EDGE('',*,*,#1979,.T.);
#1018=ORIENTED_EDGE('',*,*,#1980,.F.);
#1019=ORIENTED_EDGE('',*,*,#1981,.T.);
#1020=ORIENTED_EDGE('',*,*,#1982,.T.);
#1021=ORIENTED_EDGE('',*,*,#1983,.F.);
#1022=ORIENTED_EDGE('',*,*,#1984,.T.);
#1023=ORIENTED_EDGE('',*,*,#1985,.T.);
#1024=ORIENTED_EDGE('',*,*,#1986,.F.);
#1025=ORIENTED_EDGE('',*,*,#1987,.T.);
#1026=ORIENTED_EDGE('',*,*,#1988,.T.);
#1027=ORIENTED_EDGE('',*,*,#1989,.T.);
#1028=ORIENTED_EDGE('',*,*,#1990,.F.);
#1029=ORIENTED_EDGE('',*,*,#1991,.F.);
#1030=ORIENTED_EDGE('',*,*,#1992,.T.);
#1031=ORIENTED_EDGE('',*,*,#1993,.T.);
#1032=ORIENTED_EDGE('',*,*,#1994,.T.);
#1033=ORIENTED_EDGE('',*,*,#1995,.T.);
#1034=ORIENTED_EDGE('',*,*,#1996,.T.);
#1035=ORIENTED_EDGE('',*,*,#1997,.F.);
#1036=ORIENTED_EDGE('',*,*,#1998,.F.);
#1037=ORIENTED_EDGE('',*,*,#1999,.T.);
#1038=ORIENTED_EDGE('',*,*,#2000,.T.);
#1039=ORIENTED_EDGE('',*,*,#2001,.T.);
#1040=ORIENTED_EDGE('',*,*,#2002,.F.);
#1041=ORIENTED_EDGE('',*,*,#1980,.T.);
#1042=ORIENTED_EDGE('',*,*,#2003,.T.);
#1043=ORIENTED_EDGE('',*,*,#1994,.F.);
#1044=ORIENTED_EDGE('',*,*,#2004,.T.);
#1045=ORIENTED_EDGE('',*,*,#2005,.F.);
#1046=ORIENTED_EDGE('',*,*,#2006,.T.);
#1047=ORIENTED_EDGE('',*,*,#2007,.T.);
#1048=ORIENTED_EDGE('',*,*,#1966,.T.);
#1049=ORIENTED_EDGE('',*,*,#2008,.T.);
#1050=ORIENTED_EDGE('',*,*,#1960,.F.);
#1051=ORIENTED_EDGE('',*,*,#2009,.T.);
#1052=ORIENTED_EDGE('',*,*,#2010,.F.);
#1053=ORIENTED_EDGE('',*,*,#2004,.F.);
#1054=ORIENTED_EDGE('',*,*,#2011,.T.);
#1055=ORIENTED_EDGE('',*,*,#1958,.F.);
#1056=ORIENTED_EDGE('',*,*,#2012,.F.);
#1057=ORIENTED_EDGE('',*,*,#2001,.F.);
#1058=ORIENTED_EDGE('',*,*,#2013,.T.);
#1059=ORIENTED_EDGE('',*,*,#1992,.F.);
#1060=ORIENTED_EDGE('',*,*,#2014,.F.);
#1061=ORIENTED_EDGE('',*,*,#1968,.F.);
#1062=ORIENTED_EDGE('',*,*,#2015,.T.);
#1063=ORIENTED_EDGE('',*,*,#2006,.F.);
#1064=ORIENTED_EDGE('',*,*,#2016,.F.);
#1065=ORIENTED_EDGE('',*,*,#1982,.F.);
#1066=ORIENTED_EDGE('',*,*,#2017,.T.);
#1067=ORIENTED_EDGE('',*,*,#1999,.F.);
#1068=ORIENTED_EDGE('',*,*,#2018,.F.);
#1069=ORIENTED_EDGE('',*,*,#1917,.T.);
#1070=ORIENTED_EDGE('',*,*,#2019,.F.);
#1071=ORIENTED_EDGE('',*,*,#1934,.F.);
#1072=ORIENTED_EDGE('',*,*,#1950,.T.);
#1073=ORIENTED_EDGE('',*,*,#2020,.T.);
#1074=ORIENTED_EDGE('',*,*,#1964,.T.);
#1075=ORIENTED_EDGE('',*,*,#2021,.T.);
#1076=ORIENTED_EDGE('',*,*,#1971,.T.);
#1077=ORIENTED_EDGE('',*,*,#2022,.T.);
#1078=ORIENTED_EDGE('',*,*,#1955,.T.);
#1079=ORIENTED_EDGE('',*,*,#2023,.T.);
#1080=ORIENTED_EDGE('',*,*,#2003,.F.);
#1081=ORIENTED_EDGE('',*,*,#1979,.F.);
#1082=ORIENTED_EDGE('',*,*,#2024,.F.);
#1083=ORIENTED_EDGE('',*,*,#1995,.F.);
#1084=ORIENTED_EDGE('',*,*,#1988,.F.);
#1085=ORIENTED_EDGE('',*,*,#2025,.T.);
#1086=ORIENTED_EDGE('',*,*,#1974,.F.);
#1087=ORIENTED_EDGE('',*,*,#2026,.T.);
#1088=ORIENTED_EDGE('',*,*,#1997,.T.);
#1089=ORIENTED_EDGE('',*,*,#2027,.T.);
#1090=ORIENTED_EDGE('',*,*,#1977,.T.);
#1091=ORIENTED_EDGE('',*,*,#2028,.T.);
#1092=ORIENTED_EDGE('',*,*,#1913,.F.);
#1093=ORIENTED_EDGE('',*,*,#1922,.F.);
#1094=ORIENTED_EDGE('',*,*,#1929,.F.);
#1095=ORIENTED_EDGE('',*,*,#2029,.F.);
#1096=ORIENTED_EDGE('',*,*,#2030,.F.);
#1097=ORIENTED_EDGE('',*,*,#2031,.F.);
#1098=ORIENTED_EDGE('',*,*,#2032,.F.);
#1099=ORIENTED_EDGE('',*,*,#2033,.F.);
#1100=ORIENTED_EDGE('',*,*,#2034,.F.);
#1101=ORIENTED_EDGE('',*,*,#2035,.F.);
#1102=ORIENTED_EDGE('',*,*,#2036,.F.);
#1103=ORIENTED_EDGE('',*,*,#2037,.F.);
#1104=ORIENTED_EDGE('',*,*,#2038,.F.);
#1105=ORIENTED_EDGE('',*,*,#2039,.F.);
#1106=ORIENTED_EDGE('',*,*,#2040,.F.);
#1107=ORIENTED_EDGE('',*,*,#2041,.F.);
#1108=ORIENTED_EDGE('',*,*,#2042,.F.);
#1109=ORIENTED_EDGE('',*,*,#2043,.F.);
#1110=ORIENTED_EDGE('',*,*,#2044,.F.);
#1111=ORIENTED_EDGE('',*,*,#2045,.F.);
#1112=ORIENTED_EDGE('',*,*,#2046,.F.);
#1113=ORIENTED_EDGE('',*,*,#2047,.F.);
#1114=ORIENTED_EDGE('',*,*,#2048,.F.);
#1115=ORIENTED_EDGE('',*,*,#2049,.F.);
#1116=ORIENTED_EDGE('',*,*,#2050,.F.);
#1117=ORIENTED_EDGE('',*,*,#2051,.F.);
#1118=ORIENTED_EDGE('',*,*,#2052,.F.);
#1119=ORIENTED_EDGE('',*,*,#2053,.F.);
#1120=ORIENTED_EDGE('',*,*,#2054,.F.);
#1121=ORIENTED_EDGE('',*,*,#2055,.F.);
#1122=ORIENTED_EDGE('',*,*,#2056,.F.);
#1123=ORIENTED_EDGE('',*,*,#2057,.F.);
#1124=ORIENTED_EDGE('',*,*,#2058,.F.);
#1125=ORIENTED_EDGE('',*,*,#2059,.F.);
#1126=ORIENTED_EDGE('',*,*,#2060,.F.);
#1127=ORIENTED_EDGE('',*,*,#2061,.F.);
#1128=ORIENTED_EDGE('',*,*,#2062,.F.);
#1129=ORIENTED_EDGE('',*,*,#2063,.F.);
#1130=ORIENTED_EDGE('',*,*,#2064,.F.);
#1131=ORIENTED_EDGE('',*,*,#2065,.F.);
#1132=ORIENTED_EDGE('',*,*,#2066,.F.);
#1133=ORIENTED_EDGE('',*,*,#2067,.F.);
#1134=ORIENTED_EDGE('',*,*,#2068,.F.);
#1135=ORIENTED_EDGE('',*,*,#2069,.F.);
#1136=ORIENTED_EDGE('',*,*,#2070,.T.);
#1137=ORIENTED_EDGE('',*,*,#2071,.T.);
#1138=ORIENTED_EDGE('',*,*,#2072,.T.);
#1139=ORIENTED_EDGE('',*,*,#2073,.T.);
#1140=ORIENTED_EDGE('',*,*,#2019,.T.);
#1141=ORIENTED_EDGE('',*,*,#1916,.T.);
#1142=ORIENTED_EDGE('',*,*,#1925,.T.);
#1143=ORIENTED_EDGE('',*,*,#1935,.T.);
#1144=ORIENTED_EDGE('',*,*,#2074,.F.);
#1145=ORIENTED_EDGE('',*,*,#1973,.F.);
#1146=ORIENTED_EDGE('',*,*,#2075,.F.);
#1147=ORIENTED_EDGE('',*,*,#1953,.F.);
#1148=ORIENTED_EDGE('',*,*,#2076,.T.);
#1149=ORIENTED_EDGE('',*,*,#2077,.T.);
#1150=ORIENTED_EDGE('',*,*,#2078,.F.);
#1151=ORIENTED_EDGE('',*,*,#1864,.F.);
#1152=ORIENTED_EDGE('',*,*,#1884,.F.);
#1153=ORIENTED_EDGE('',*,*,#2079,.T.);
#1154=ORIENTED_EDGE('',*,*,#1856,.F.);
#1155=ORIENTED_EDGE('',*,*,#2080,.T.);
#1156=ORIENTED_EDGE('',*,*,#2081,.T.);
#1157=ORIENTED_EDGE('',*,*,#2082,.T.);
#1158=ORIENTED_EDGE('',*,*,#2083,.T.);
#1159=ORIENTED_EDGE('',*,*,#2084,.T.);
#1160=ORIENTED_EDGE('',*,*,#2085,.T.);
#1161=ORIENTED_EDGE('',*,*,#2086,.T.);
#1162=ORIENTED_EDGE('',*,*,#2087,.T.);
#1163=ORIENTED_EDGE('',*,*,#2088,.T.);
#1164=ORIENTED_EDGE('',*,*,#2089,.T.);
#1165=ORIENTED_EDGE('',*,*,#2090,.T.);
#1166=ORIENTED_EDGE('',*,*,#2091,.T.);
#1167=ORIENTED_EDGE('',*,*,#2092,.T.);
#1168=ORIENTED_EDGE('',*,*,#2093,.T.);
#1169=ORIENTED_EDGE('',*,*,#2094,.T.);
#1170=ORIENTED_EDGE('',*,*,#2095,.T.);
#1171=ORIENTED_EDGE('',*,*,#2096,.T.);
#1172=ORIENTED_EDGE('',*,*,#2097,.T.);
#1173=ORIENTED_EDGE('',*,*,#2098,.T.);
#1174=ORIENTED_EDGE('',*,*,#1872,.T.);
#1175=ORIENTED_EDGE('',*,*,#2099,.T.);
#1176=ORIENTED_EDGE('',*,*,#2100,.F.);
#1177=ORIENTED_EDGE('',*,*,#2101,.T.);
#1178=ORIENTED_EDGE('',*,*,#2102,.T.);
#1179=ORIENTED_EDGE('',*,*,#1876,.T.);
#1180=ORIENTED_EDGE('',*,*,#2103,.F.);
#1181=ORIENTED_EDGE('',*,*,#2104,.T.);
#1182=ORIENTED_EDGE('',*,*,#2105,.T.);
#1183=ORIENTED_EDGE('',*,*,#1878,.F.);
#1184=ORIENTED_EDGE('',*,*,#2106,.F.);
#1185=ORIENTED_EDGE('',*,*,#2107,.T.);
#1186=ORIENTED_EDGE('',*,*,#2108,.T.);
#1187=ORIENTED_EDGE('',*,*,#1874,.F.);
#1188=ORIENTED_EDGE('',*,*,#2109,.T.);
#1189=ORIENTED_EDGE('',*,*,#2110,.T.);
#1190=ORIENTED_EDGE('',*,*,#2111,.T.);
#1191=ORIENTED_EDGE('',*,*,#2080,.F.);
#1192=ORIENTED_EDGE('',*,*,#1867,.F.);
#1193=ORIENTED_EDGE('',*,*,#2078,.T.);
#1194=ORIENTED_EDGE('',*,*,#2112,.T.);
#1195=ORIENTED_EDGE('',*,*,#2113,.T.);
#1196=ORIENTED_EDGE('',*,*,#2114,.F.);
#1197=ORIENTED_EDGE('',*,*,#1865,.F.);
#1198=ORIENTED_EDGE('',*,*,#2115,.T.);
#1199=ORIENTED_EDGE('',*,*,#2116,.T.);
#1200=ORIENTED_EDGE('',*,*,#2117,.T.);
#1201=ORIENTED_EDGE('',*,*,#2076,.F.);
#1202=ORIENTED_EDGE('',*,*,#1863,.F.);
#1203=ORIENTED_EDGE('',*,*,#2118,.T.);
#1204=ORIENTED_EDGE('',*,*,#2119,.T.);
#1205=ORIENTED_EDGE('',*,*,#2120,.T.);
#1206=ORIENTED_EDGE('',*,*,#2121,.F.);
#1207=ORIENTED_EDGE('',*,*,#1861,.F.);
#1208=ORIENTED_EDGE('',*,*,#2122,.F.);
#1209=ORIENTED_EDGE('',*,*,#2115,.F.);
#1210=ORIENTED_EDGE('',*,*,#1862,.T.);
#1211=ORIENTED_EDGE('',*,*,#2121,.T.);
#1212=ORIENTED_EDGE('',*,*,#2123,.F.);
#1213=ORIENTED_EDGE('',*,*,#2109,.F.);
#1214=ORIENTED_EDGE('',*,*,#1866,.T.);
#1215=ORIENTED_EDGE('',*,*,#2114,.T.);
#1216=ORIENTED_EDGE('',*,*,#2124,.F.);
#1217=ORIENTED_EDGE('',*,*,#2125,.T.);
#1218=ORIENTED_EDGE('',*,*,#2106,.T.);
#1219=ORIENTED_EDGE('',*,*,#1873,.T.);
#1220=ORIENTED_EDGE('',*,*,#2098,.F.);
#1221=ORIENTED_EDGE('',*,*,#2108,.F.);
#1222=ORIENTED_EDGE('',*,*,#2126,.T.);
#1223=ORIENTED_EDGE('',*,*,#2127,.T.);
#1224=ORIENTED_EDGE('',*,*,#2100,.T.);
#1225=ORIENTED_EDGE('',*,*,#1875,.T.);
#1226=ORIENTED_EDGE('',*,*,#2128,.F.);
#1227=ORIENTED_EDGE('',*,*,#2129,.T.);
#1228=ORIENTED_EDGE('',*,*,#2103,.T.);
#1229=ORIENTED_EDGE('',*,*,#1877,.T.);
#1230=ORIENTED_EDGE('',*,*,#2102,.F.);
#1231=ORIENTED_EDGE('',*,*,#2105,.F.);
#1232=ORIENTED_EDGE('',*,*,#2130,.T.);
#1233=ORIENTED_EDGE('',*,*,#2131,.T.);
#1234=ORIENTED_EDGE('',*,*,#2132,.T.);
#1235=ORIENTED_EDGE('',*,*,#1879,.T.);
#1236=ORIENTED_EDGE('',*,*,#1890,.T.);
#1237=ORIENTED_EDGE('',*,*,#2133,.T.);
#1238=ORIENTED_EDGE('',*,*,#1868,.T.);
#1239=ORIENTED_EDGE('',*,*,#2132,.F.);
#1240=ORIENTED_EDGE('',*,*,#2134,.T.);
#1241=ORIENTED_EDGE('',*,*,#2135,.T.);
#1242=ORIENTED_EDGE('',*,*,#2136,.T.);
#1243=ORIENTED_EDGE('',*,*,#2137,.T.);
#1244=ORIENTED_EDGE('',*,*,#2138,.T.);
#1245=ORIENTED_EDGE('',*,*,#2118,.F.);
#1246=ORIENTED_EDGE('',*,*,#1860,.F.);
#1247=ORIENTED_EDGE('',*,*,#2139,.T.);
#1248=ORIENTED_EDGE('',*,*,#2104,.F.);
#1249=ORIENTED_EDGE('',*,*,#2129,.F.);
#1250=ORIENTED_EDGE('',*,*,#2140,.T.);
#1251=ORIENTED_EDGE('',*,*,#2036,.T.);
#1252=ORIENTED_EDGE('',*,*,#2141,.F.);
#1253=ORIENTED_EDGE('',*,*,#2130,.F.);
#1254=ORIENTED_EDGE('',*,*,#2122,.T.);
#1255=ORIENTED_EDGE('',*,*,#2120,.F.);
#1256=ORIENTED_EDGE('',*,*,#2142,.T.);
#1257=ORIENTED_EDGE('',*,*,#2064,.T.);
#1258=ORIENTED_EDGE('',*,*,#2143,.F.);
#1259=ORIENTED_EDGE('',*,*,#2116,.F.);
#1260=ORIENTED_EDGE('',*,*,#2123,.T.);
#1261=ORIENTED_EDGE('',*,*,#2113,.F.);
#1262=ORIENTED_EDGE('',*,*,#2144,.T.);
#1263=ORIENTED_EDGE('',*,*,#2060,.T.);
#1264=ORIENTED_EDGE('',*,*,#2145,.F.);
#1265=ORIENTED_EDGE('',*,*,#2110,.F.);
#1266=ORIENTED_EDGE('',*,*,#2107,.F.);
#1267=ORIENTED_EDGE('',*,*,#2125,.F.);
#1268=ORIENTED_EDGE('',*,*,#2146,.T.);
#1269=ORIENTED_EDGE('',*,*,#2040,.T.);
#1270=ORIENTED_EDGE('',*,*,#2147,.F.);
#1271=ORIENTED_EDGE('',*,*,#2126,.F.);
#1272=ORIENTED_EDGE('',*,*,#2148,.T.);
#1273=ORIENTED_EDGE('',*,*,#2149,.T.);
#1274=ORIENTED_EDGE('',*,*,#2150,.F.);
#1275=ORIENTED_EDGE('',*,*,#2151,.F.);
#1276=ORIENTED_EDGE('',*,*,#2152,.T.);
#1277=ORIENTED_EDGE('',*,*,#2153,.F.);
#1278=ORIENTED_EDGE('',*,*,#2154,.T.);
#1279=ORIENTED_EDGE('',*,*,#2155,.T.);
#1280=ORIENTED_EDGE('',*,*,#2156,.T.);
#1281=ORIENTED_EDGE('',*,*,#2157,.T.);
#1282=ORIENTED_EDGE('',*,*,#2157,.F.);
#1283=ORIENTED_EDGE('',*,*,#2158,.T.);
#1284=ORIENTED_EDGE('',*,*,#2159,.T.);
#1285=ORIENTED_EDGE('',*,*,#2160,.F.);
#1286=ORIENTED_EDGE('',*,*,#2161,.T.);
#1287=ORIENTED_EDGE('',*,*,#2162,.T.);
#1288=ORIENTED_EDGE('',*,*,#2163,.T.);
#1289=ORIENTED_EDGE('',*,*,#2164,.F.);
#1290=ORIENTED_EDGE('',*,*,#2159,.F.);
#1291=ORIENTED_EDGE('',*,*,#2163,.F.);
#1292=ORIENTED_EDGE('',*,*,#2165,.T.);
#1293=ORIENTED_EDGE('',*,*,#2151,.T.);
#1294=ORIENTED_EDGE('',*,*,#2166,.F.);
#1295=ORIENTED_EDGE('',*,*,#2167,.F.);
#1296=ORIENTED_EDGE('',*,*,#2168,.F.);
#1297=ORIENTED_EDGE('',*,*,#2168,.T.);
#1298=ORIENTED_EDGE('',*,*,#2166,.T.);
#1299=ORIENTED_EDGE('',*,*,#2150,.T.);
#1300=ORIENTED_EDGE('',*,*,#2169,.T.);
#1301=ORIENTED_EDGE('',*,*,#1880,.T.);
#1302=ORIENTED_EDGE('',*,*,#2170,.T.);
#1303=ORIENTED_EDGE('',*,*,#2153,.T.);
#1304=ORIENTED_EDGE('',*,*,#2160,.T.);
#1305=ORIENTED_EDGE('',*,*,#2164,.T.);
#1306=ORIENTED_EDGE('',*,*,#2171,.F.);
#1307=ORIENTED_EDGE('',*,*,#2172,.T.);
#1308=ORIENTED_EDGE('',*,*,#2171,.T.);
#1309=ORIENTED_EDGE('',*,*,#2173,.F.);
#1310=ORIENTED_EDGE('',*,*,#2167,.T.);
#1311=ORIENTED_EDGE('',*,*,#2174,.F.);
#1312=ORIENTED_EDGE('',*,*,#2173,.T.);
#1313=ORIENTED_EDGE('',*,*,#2174,.T.);
#1314=ORIENTED_EDGE('',*,*,#1852,.T.);
#1315=ORIENTED_EDGE('',*,*,#2175,.T.);
#1316=ORIENTED_EDGE('',*,*,#2176,.T.);
#1317=ORIENTED_EDGE('',*,*,#2177,.F.);
#1318=ORIENTED_EDGE('',*,*,#1853,.T.);
#1319=ORIENTED_EDGE('',*,*,#2177,.T.);
#1320=ORIENTED_EDGE('',*,*,#2178,.T.);
#1321=ORIENTED_EDGE('',*,*,#2179,.F.);
#1322=ORIENTED_EDGE('',*,*,#1854,.T.);
#1323=ORIENTED_EDGE('',*,*,#2179,.T.);
#1324=ORIENTED_EDGE('',*,*,#2180,.T.);
#1325=ORIENTED_EDGE('',*,*,#2181,.F.);
#1326=ORIENTED_EDGE('',*,*,#1855,.T.);
#1327=ORIENTED_EDGE('',*,*,#2181,.T.);
#1328=ORIENTED_EDGE('',*,*,#2182,.T.);
#1329=ORIENTED_EDGE('',*,*,#2175,.F.);
#1330=ORIENTED_EDGE('',*,*,#2176,.F.);
#1331=ORIENTED_EDGE('',*,*,#2182,.F.);
#1332=ORIENTED_EDGE('',*,*,#2180,.F.);
#1333=ORIENTED_EDGE('',*,*,#2178,.F.);
#1334=ORIENTED_EDGE('',*,*,#2183,.T.);
#1335=ORIENTED_EDGE('',*,*,#2030,.T.);
#1336=ORIENTED_EDGE('',*,*,#2184,.F.);
#1337=ORIENTED_EDGE('',*,*,#2138,.F.);
#1338=ORIENTED_EDGE('',*,*,#2185,.T.);
#1339=ORIENTED_EDGE('',*,*,#2062,.T.);
#1340=ORIENTED_EDGE('',*,*,#2186,.F.);
#1341=ORIENTED_EDGE('',*,*,#2077,.F.);
#1342=ORIENTED_EDGE('',*,*,#2187,.T.);
#1343=ORIENTED_EDGE('',*,*,#2058,.T.);
#1344=ORIENTED_EDGE('',*,*,#2188,.F.);
#1345=ORIENTED_EDGE('',*,*,#2081,.F.);
#1346=ORIENTED_EDGE('',*,*,#2188,.T.);
#1347=ORIENTED_EDGE('',*,*,#2057,.T.);
#1348=ORIENTED_EDGE('',*,*,#2189,.F.);
#1349=ORIENTED_EDGE('',*,*,#2082,.F.);
#1350=ORIENTED_EDGE('',*,*,#2189,.T.);
#1351=ORIENTED_EDGE('',*,*,#2056,.T.);
#1352=ORIENTED_EDGE('',*,*,#2190,.F.);
#1353=ORIENTED_EDGE('',*,*,#2083,.F.);
#1354=ORIENTED_EDGE('',*,*,#2190,.T.);
#1355=ORIENTED_EDGE('',*,*,#2055,.T.);
#1356=ORIENTED_EDGE('',*,*,#2191,.F.);
#1357=ORIENTED_EDGE('',*,*,#2084,.F.);
#1358=ORIENTED_EDGE('',*,*,#2191,.T.);
#1359=ORIENTED_EDGE('',*,*,#2054,.T.);
#1360=ORIENTED_EDGE('',*,*,#2192,.F.);
#1361=ORIENTED_EDGE('',*,*,#2085,.F.);
#1362=ORIENTED_EDGE('',*,*,#2192,.T.);
#1363=ORIENTED_EDGE('',*,*,#2053,.T.);
#1364=ORIENTED_EDGE('',*,*,#2193,.F.);
#1365=ORIENTED_EDGE('',*,*,#2086,.F.);
#1366=ORIENTED_EDGE('',*,*,#2193,.T.);
#1367=ORIENTED_EDGE('',*,*,#2052,.T.);
#1368=ORIENTED_EDGE('',*,*,#2194,.F.);
#1369=ORIENTED_EDGE('',*,*,#2087,.F.);
#1370=ORIENTED_EDGE('',*,*,#2194,.T.);
#1371=ORIENTED_EDGE('',*,*,#2051,.T.);
#1372=ORIENTED_EDGE('',*,*,#2195,.F.);
#1373=ORIENTED_EDGE('',*,*,#2088,.F.);
#1374=ORIENTED_EDGE('',*,*,#2195,.T.);
#1375=ORIENTED_EDGE('',*,*,#2050,.T.);
#1376=ORIENTED_EDGE('',*,*,#2196,.F.);
#1377=ORIENTED_EDGE('',*,*,#2089,.F.);
#1378=ORIENTED_EDGE('',*,*,#2196,.T.);
#1379=ORIENTED_EDGE('',*,*,#2049,.T.);
#1380=ORIENTED_EDGE('',*,*,#2197,.F.);
#1381=ORIENTED_EDGE('',*,*,#2090,.F.);
#1382=ORIENTED_EDGE('',*,*,#2197,.T.);
#1383=ORIENTED_EDGE('',*,*,#2048,.T.);
#1384=ORIENTED_EDGE('',*,*,#2198,.F.);
#1385=ORIENTED_EDGE('',*,*,#2091,.F.);
#1386=ORIENTED_EDGE('',*,*,#2198,.T.);
#1387=ORIENTED_EDGE('',*,*,#2047,.T.);
#1388=ORIENTED_EDGE('',*,*,#2199,.F.);
#1389=ORIENTED_EDGE('',*,*,#2092,.F.);
#1390=ORIENTED_EDGE('',*,*,#2199,.T.);
#1391=ORIENTED_EDGE('',*,*,#2046,.T.);
#1392=ORIENTED_EDGE('',*,*,#2200,.F.);
#1393=ORIENTED_EDGE('',*,*,#2093,.F.);
#1394=ORIENTED_EDGE('',*,*,#2200,.T.);
#1395=ORIENTED_EDGE('',*,*,#2045,.T.);
#1396=ORIENTED_EDGE('',*,*,#2201,.F.);
#1397=ORIENTED_EDGE('',*,*,#2094,.F.);
#1398=ORIENTED_EDGE('',*,*,#2201,.T.);
#1399=ORIENTED_EDGE('',*,*,#2044,.T.);
#1400=ORIENTED_EDGE('',*,*,#2202,.F.);
#1401=ORIENTED_EDGE('',*,*,#2095,.F.);
#1402=ORIENTED_EDGE('',*,*,#2202,.T.);
#1403=ORIENTED_EDGE('',*,*,#2043,.T.);
#1404=ORIENTED_EDGE('',*,*,#2203,.F.);
#1405=ORIENTED_EDGE('',*,*,#2096,.F.);
#1406=ORIENTED_EDGE('',*,*,#2203,.T.);
#1407=ORIENTED_EDGE('',*,*,#2042,.T.);
#1408=ORIENTED_EDGE('',*,*,#2204,.F.);
#1409=ORIENTED_EDGE('',*,*,#2097,.F.);
#1410=ORIENTED_EDGE('',*,*,#2205,.T.);
#1411=ORIENTED_EDGE('',*,*,#2038,.T.);
#1412=ORIENTED_EDGE('',*,*,#2206,.F.);
#1413=ORIENTED_EDGE('',*,*,#2101,.F.);
#1414=ORIENTED_EDGE('',*,*,#2207,.T.);
#1415=ORIENTED_EDGE('',*,*,#2034,.T.);
#1416=ORIENTED_EDGE('',*,*,#2208,.F.);
#1417=ORIENTED_EDGE('',*,*,#2134,.F.);
#1418=ORIENTED_EDGE('',*,*,#2208,.T.);
#1419=ORIENTED_EDGE('',*,*,#2033,.T.);
#1420=ORIENTED_EDGE('',*,*,#2209,.F.);
#1421=ORIENTED_EDGE('',*,*,#2135,.F.);
#1422=ORIENTED_EDGE('',*,*,#2209,.T.);
#1423=ORIENTED_EDGE('',*,*,#2032,.T.);
#1424=ORIENTED_EDGE('',*,*,#2210,.F.);
#1425=ORIENTED_EDGE('',*,*,#2136,.F.);
#1426=ORIENTED_EDGE('',*,*,#2210,.T.);
#1427=ORIENTED_EDGE('',*,*,#2031,.T.);
#1428=ORIENTED_EDGE('',*,*,#2183,.F.);
#1429=ORIENTED_EDGE('',*,*,#2137,.F.);
#1430=ORIENTED_EDGE('',*,*,#2206,.T.);
#1431=ORIENTED_EDGE('',*,*,#2037,.T.);
#1432=ORIENTED_EDGE('',*,*,#2140,.F.);
#1433=ORIENTED_EDGE('',*,*,#2128,.T.);
#1434=ORIENTED_EDGE('',*,*,#2141,.T.);
#1435=ORIENTED_EDGE('',*,*,#2035,.T.);
#1436=ORIENTED_EDGE('',*,*,#2207,.F.);
#1437=ORIENTED_EDGE('',*,*,#2131,.F.);
#1438=ORIENTED_EDGE('',*,*,#2184,.T.);
#1439=ORIENTED_EDGE('',*,*,#2065,.T.);
#1440=ORIENTED_EDGE('',*,*,#2142,.F.);
#1441=ORIENTED_EDGE('',*,*,#2119,.F.);
#1442=ORIENTED_EDGE('',*,*,#2143,.T.);
#1443=ORIENTED_EDGE('',*,*,#2063,.T.);
#1444=ORIENTED_EDGE('',*,*,#2185,.F.);
#1445=ORIENTED_EDGE('',*,*,#2117,.F.);
#1446=ORIENTED_EDGE('',*,*,#2186,.T.);
#1447=ORIENTED_EDGE('',*,*,#2061,.T.);
#1448=ORIENTED_EDGE('',*,*,#2144,.F.);
#1449=ORIENTED_EDGE('',*,*,#2112,.F.);
#1450=ORIENTED_EDGE('',*,*,#2145,.T.);
#1451=ORIENTED_EDGE('',*,*,#2059,.T.);
#1452=ORIENTED_EDGE('',*,*,#2187,.F.);
#1453=ORIENTED_EDGE('',*,*,#2111,.F.);
#1454=ORIENTED_EDGE('',*,*,#2204,.T.);
#1455=ORIENTED_EDGE('',*,*,#2041,.T.);
#1456=ORIENTED_EDGE('',*,*,#2146,.F.);
#1457=ORIENTED_EDGE('',*,*,#2124,.T.);
#1458=ORIENTED_EDGE('',*,*,#2147,.T.);
#1459=ORIENTED_EDGE('',*,*,#2039,.T.);
#1460=ORIENTED_EDGE('',*,*,#2205,.F.);
#1461=ORIENTED_EDGE('',*,*,#2127,.F.);
#1462=ORIENTED_EDGE('',*,*,#2211,.T.);
#1463=ORIENTED_EDGE('',*,*,#2212,.T.);
#1464=ORIENTED_EDGE('',*,*,#1894,.T.);
#1465=ORIENTED_EDGE('',*,*,#2213,.T.);
#1466=ORIENTED_EDGE('',*,*,#2066,.T.);
#1467=ORIENTED_EDGE('',*,*,#2214,.F.);
#1468=ORIENTED_EDGE('',*,*,#2211,.F.);
#1469=ORIENTED_EDGE('',*,*,#2215,.T.);
#1470=ORIENTED_EDGE('',*,*,#2216,.T.);
#1471=ORIENTED_EDGE('',*,*,#2217,.T.);
#1472=ORIENTED_EDGE('',*,*,#1895,.F.);
#1473=ORIENTED_EDGE('',*,*,#2212,.F.);
#1474=ORIENTED_EDGE('',*,*,#2214,.T.);
#1475=ORIENTED_EDGE('',*,*,#2069,.T.);
#1476=ORIENTED_EDGE('',*,*,#2218,.F.);
#1477=ORIENTED_EDGE('',*,*,#2219,.T.);
#1478=ORIENTED_EDGE('',*,*,#2220,.T.);
#1479=ORIENTED_EDGE('',*,*,#2221,.T.);
#1480=ORIENTED_EDGE('',*,*,#2222,.T.);
#1481=ORIENTED_EDGE('',*,*,#2223,.T.);
#1482=ORIENTED_EDGE('',*,*,#2224,.T.);
#1483=ORIENTED_EDGE('',*,*,#2225,.T.);
#1484=ORIENTED_EDGE('',*,*,#2226,.T.);
#1485=ORIENTED_EDGE('',*,*,#2227,.T.);
#1486=ORIENTED_EDGE('',*,*,#2228,.F.);
#1487=ORIENTED_EDGE('',*,*,#2229,.T.);
#1488=ORIENTED_EDGE('',*,*,#2218,.T.);
#1489=ORIENTED_EDGE('',*,*,#2068,.T.);
#1490=ORIENTED_EDGE('',*,*,#1893,.T.);
#1491=ORIENTED_EDGE('',*,*,#2230,.T.);
#1492=ORIENTED_EDGE('',*,*,#2231,.T.);
#1493=ORIENTED_EDGE('',*,*,#2232,.T.);
#1494=ORIENTED_EDGE('',*,*,#2233,.T.);
#1495=ORIENTED_EDGE('',*,*,#2234,.T.);
#1496=ORIENTED_EDGE('',*,*,#2235,.T.);
#1497=ORIENTED_EDGE('',*,*,#2236,.T.);
#1498=ORIENTED_EDGE('',*,*,#2237,.T.);
#1499=ORIENTED_EDGE('',*,*,#2238,.T.);
#1500=ORIENTED_EDGE('',*,*,#2239,.T.);
#1501=ORIENTED_EDGE('',*,*,#2240,.T.);
#1502=ORIENTED_EDGE('',*,*,#2228,.T.);
#1503=ORIENTED_EDGE('',*,*,#2067,.T.);
#1504=ORIENTED_EDGE('',*,*,#2215,.F.);
#1505=ORIENTED_EDGE('',*,*,#2213,.F.);
#1506=ORIENTED_EDGE('',*,*,#1928,.F.);
#1507=ORIENTED_EDGE('',*,*,#2241,.T.);
#1508=ORIENTED_EDGE('',*,*,#1908,.T.);
#1509=ORIENTED_EDGE('',*,*,#2029,.T.);
#1510=ORIENTED_EDGE('',*,*,#2242,.F.);
#1511=ORIENTED_EDGE('',*,*,#2243,.F.);
#1512=ORIENTED_EDGE('',*,*,#1899,.F.);
#1513=ORIENTED_EDGE('',*,*,#2244,.F.);
#1514=ORIENTED_EDGE('',*,*,#2245,.F.);
#1515=ORIENTED_EDGE('',*,*,#2246,.T.);
#1516=ORIENTED_EDGE('',*,*,#2071,.F.);
#1517=ORIENTED_EDGE('',*,*,#2247,.F.);
#1518=ORIENTED_EDGE('',*,*,#2244,.T.);
#1519=ORIENTED_EDGE('',*,*,#1898,.T.);
#1520=ORIENTED_EDGE('',*,*,#2248,.F.);
#1521=ORIENTED_EDGE('',*,*,#2249,.F.);
#1522=ORIENTED_EDGE('',*,*,#2250,.F.);
#1523=ORIENTED_EDGE('',*,*,#2251,.F.);
#1524=ORIENTED_EDGE('',*,*,#2252,.F.);
#1525=ORIENTED_EDGE('',*,*,#2253,.F.);
#1526=ORIENTED_EDGE('',*,*,#2254,.F.);
#1527=ORIENTED_EDGE('',*,*,#2255,.F.);
#1528=ORIENTED_EDGE('',*,*,#2256,.F.);
#1529=ORIENTED_EDGE('',*,*,#2257,.F.);
#1530=ORIENTED_EDGE('',*,*,#2258,.F.);
#1531=ORIENTED_EDGE('',*,*,#2259,.T.);
#1532=ORIENTED_EDGE('',*,*,#2072,.F.);
#1533=ORIENTED_EDGE('',*,*,#2246,.F.);
#1534=ORIENTED_EDGE('',*,*,#2260,.F.);
#1535=ORIENTED_EDGE('',*,*,#2261,.F.);
#1536=ORIENTED_EDGE('',*,*,#2262,.F.);
#1537=ORIENTED_EDGE('',*,*,#2263,.F.);
#1538=ORIENTED_EDGE('',*,*,#2264,.F.);
#1539=ORIENTED_EDGE('',*,*,#2265,.F.);
#1540=ORIENTED_EDGE('',*,*,#2266,.F.);
#1541=ORIENTED_EDGE('',*,*,#2267,.F.);
#1542=ORIENTED_EDGE('',*,*,#2268,.F.);
#1543=ORIENTED_EDGE('',*,*,#2269,.F.);
#1544=ORIENTED_EDGE('',*,*,#2270,.F.);
#1545=ORIENTED_EDGE('',*,*,#1896,.F.);
#1546=ORIENTED_EDGE('',*,*,#2243,.T.);
#1547=ORIENTED_EDGE('',*,*,#2271,.T.);
#1548=ORIENTED_EDGE('',*,*,#2073,.F.);
#1549=ORIENTED_EDGE('',*,*,#2259,.F.);
#1550=ORIENTED_EDGE('',*,*,#2070,.F.);
#1551=ORIENTED_EDGE('',*,*,#2271,.F.);
#1552=ORIENTED_EDGE('',*,*,#2242,.T.);
#1553=ORIENTED_EDGE('',*,*,#2247,.T.);
#1554=ORIENTED_EDGE('',*,*,#1952,.F.);
#1555=ORIENTED_EDGE('',*,*,#2272,.T.);
#1556=ORIENTED_EDGE('',*,*,#1962,.T.);
#1557=ORIENTED_EDGE('',*,*,#2074,.T.);
#1558=ORIENTED_EDGE('',*,*,#2075,.T.);
#1559=ORIENTED_EDGE('',*,*,#1972,.F.);
#1560=ORIENTED_EDGE('',*,*,#2023,.F.);
#1561=ORIENTED_EDGE('',*,*,#1954,.T.);
#1562=ORIENTED_EDGE('',*,*,#2027,.F.);
#1563=ORIENTED_EDGE('',*,*,#1996,.F.);
#1564=ORIENTED_EDGE('',*,*,#2024,.T.);
#1565=ORIENTED_EDGE('',*,*,#1978,.T.);
#1566=ORIENTED_EDGE('',*,*,#1976,.F.);
#1567=ORIENTED_EDGE('',*,*,#2273,.T.);
#1568=ORIENTED_EDGE('',*,*,#1986,.T.);
#1569=ORIENTED_EDGE('',*,*,#2028,.F.);
#1570=ORIENTED_EDGE('',*,*,#1990,.T.);
#1571=ORIENTED_EDGE('',*,*,#2274,.T.);
#1572=ORIENTED_EDGE('',*,*,#1984,.F.);
#1573=ORIENTED_EDGE('',*,*,#2275,.T.);
#1574=ORIENTED_EDGE('',*,*,#2276,.F.);
#1575=ORIENTED_EDGE('',*,*,#1956,.T.);
#1576=ORIENTED_EDGE('',*,*,#2022,.F.);
#1577=ORIENTED_EDGE('',*,*,#1970,.F.);
#1578=ORIENTED_EDGE('',*,*,#2000,.F.);
#1579=ORIENTED_EDGE('',*,*,#2017,.F.);
#1580=ORIENTED_EDGE('',*,*,#1981,.F.);
#1581=ORIENTED_EDGE('',*,*,#2002,.T.);
#1582=ORIENTED_EDGE('',*,*,#1993,.F.);
#1583=ORIENTED_EDGE('',*,*,#2013,.F.);
#1584=ORIENTED_EDGE('',*,*,#2012,.T.);
#1585=ORIENTED_EDGE('',*,*,#1991,.T.);
#1586=ORIENTED_EDGE('',*,*,#2275,.F.);
#1587=ORIENTED_EDGE('',*,*,#1983,.T.);
#1588=ORIENTED_EDGE('',*,*,#2016,.T.);
#1589=ORIENTED_EDGE('',*,*,#1998,.T.);
#1590=ORIENTED_EDGE('',*,*,#2007,.F.);
#1591=ORIENTED_EDGE('',*,*,#2015,.F.);
#1592=ORIENTED_EDGE('',*,*,#1967,.T.);
#1593=ORIENTED_EDGE('',*,*,#2009,.F.);
#1594=ORIENTED_EDGE('',*,*,#1959,.T.);
#1595=ORIENTED_EDGE('',*,*,#2011,.F.);
#1596=ORIENTED_EDGE('',*,*,#2010,.T.);
#1597=ORIENTED_EDGE('',*,*,#1957,.F.);
#1598=ORIENTED_EDGE('',*,*,#2276,.T.);
#1599=ORIENTED_EDGE('',*,*,#1969,.F.);
#1600=ORIENTED_EDGE('',*,*,#2014,.T.);
#1601=ORIENTED_EDGE('',*,*,#2005,.T.);
#1602=ORIENTED_EDGE('',*,*,#1911,.T.);
#1603=ORIENTED_EDGE('',*,*,#1947,.F.);
#1604=ORIENTED_EDGE('',*,*,#1944,.F.);
#1605=ORIENTED_EDGE('',*,*,#1902,.F.);
#1606=ORIENTED_EDGE('',*,*,#1949,.F.);
#1607=ORIENTED_EDGE('',*,*,#1930,.T.);
#1608=ORIENTED_EDGE('',*,*,#1920,.T.);
#1609=ORIENTED_EDGE('',*,*,#2241,.F.);
#1610=ORIENTED_EDGE('',*,*,#1927,.F.);
#1611=ORIENTED_EDGE('',*,*,#1948,.T.);
#1612=ORIENTED_EDGE('',*,*,#1900,.T.);
#1613=ORIENTED_EDGE('',*,*,#1943,.T.);
#1614=ORIENTED_EDGE('',*,*,#1946,.T.);
#1615=ORIENTED_EDGE('',*,*,#1909,.F.);
#1616=ORIENTED_EDGE('',*,*,#1938,.F.);
#1617=ORIENTED_EDGE('',*,*,#1940,.F.);
#1618=ORIENTED_EDGE('',*,*,#1906,.F.);
#1619=ORIENTED_EDGE('',*,*,#1942,.F.);
#1620=ORIENTED_EDGE('',*,*,#1918,.F.);
#1621=ORIENTED_EDGE('',*,*,#2018,.T.);
#1622=ORIENTED_EDGE('',*,*,#1933,.F.);
#1623=ORIENTED_EDGE('',*,*,#1931,.T.);
#1624=ORIENTED_EDGE('',*,*,#1923,.F.);
#1625=ORIENTED_EDGE('',*,*,#1914,.T.);
#1626=ORIENTED_EDGE('',*,*,#1941,.T.);
#1627=ORIENTED_EDGE('',*,*,#1904,.T.);
#1628=ORIENTED_EDGE('',*,*,#1939,.T.);
#1629=ORIENTED_EDGE('',*,*,#1936,.T.);
#1630=ORIENTED_EDGE('',*,*,#2245,.T.);
#1631=ORIENTED_EDGE('',*,*,#2277,.F.);
#1632=ORIENTED_EDGE('',*,*,#2260,.T.);
#1633=ORIENTED_EDGE('',*,*,#2258,.T.);
#1634=ORIENTED_EDGE('',*,*,#2257,.T.);
#1635=ORIENTED_EDGE('',*,*,#2278,.F.);
#1636=ORIENTED_EDGE('',*,*,#2261,.T.);
#1637=ORIENTED_EDGE('',*,*,#2277,.T.);
#1638=ORIENTED_EDGE('',*,*,#2256,.T.);
#1639=ORIENTED_EDGE('',*,*,#2279,.F.);
#1640=ORIENTED_EDGE('',*,*,#2262,.T.);
#1641=ORIENTED_EDGE('',*,*,#2278,.T.);
#1642=ORIENTED_EDGE('',*,*,#2255,.T.);
#1643=ORIENTED_EDGE('',*,*,#2280,.F.);
#1644=ORIENTED_EDGE('',*,*,#2263,.T.);
#1645=ORIENTED_EDGE('',*,*,#2279,.T.);
#1646=ORIENTED_EDGE('',*,*,#2254,.T.);
#1647=ORIENTED_EDGE('',*,*,#2281,.F.);
#1648=ORIENTED_EDGE('',*,*,#2264,.T.);
#1649=ORIENTED_EDGE('',*,*,#2280,.T.);
#1650=ORIENTED_EDGE('',*,*,#2253,.T.);
#1651=ORIENTED_EDGE('',*,*,#2282,.F.);
#1652=ORIENTED_EDGE('',*,*,#2265,.T.);
#1653=ORIENTED_EDGE('',*,*,#2281,.T.);
#1654=ORIENTED_EDGE('',*,*,#2252,.T.);
#1655=ORIENTED_EDGE('',*,*,#2283,.F.);
#1656=ORIENTED_EDGE('',*,*,#2266,.T.);
#1657=ORIENTED_EDGE('',*,*,#2282,.T.);
#1658=ORIENTED_EDGE('',*,*,#2251,.T.);
#1659=ORIENTED_EDGE('',*,*,#2284,.F.);
#1660=ORIENTED_EDGE('',*,*,#2267,.T.);
#1661=ORIENTED_EDGE('',*,*,#2283,.T.);
#1662=ORIENTED_EDGE('',*,*,#2250,.T.);
#1663=ORIENTED_EDGE('',*,*,#2285,.F.);
#1664=ORIENTED_EDGE('',*,*,#2268,.T.);
#1665=ORIENTED_EDGE('',*,*,#2284,.T.);
#1666=ORIENTED_EDGE('',*,*,#2249,.T.);
#1667=ORIENTED_EDGE('',*,*,#2286,.F.);
#1668=ORIENTED_EDGE('',*,*,#2269,.T.);
#1669=ORIENTED_EDGE('',*,*,#2285,.T.);
#1670=ORIENTED_EDGE('',*,*,#2248,.T.);
#1671=ORIENTED_EDGE('',*,*,#1897,.F.);
#1672=ORIENTED_EDGE('',*,*,#2270,.T.);
#1673=ORIENTED_EDGE('',*,*,#2286,.T.);
#1674=ORIENTED_EDGE('',*,*,#2287,.F.);
#1675=ORIENTED_EDGE('',*,*,#2230,.F.);
#1676=ORIENTED_EDGE('',*,*,#1892,.T.);
#1677=ORIENTED_EDGE('',*,*,#2217,.F.);
#1678=ORIENTED_EDGE('',*,*,#2288,.F.);
#1679=ORIENTED_EDGE('',*,*,#2231,.F.);
#1680=ORIENTED_EDGE('',*,*,#2287,.T.);
#1681=ORIENTED_EDGE('',*,*,#2216,.F.);
#1682=ORIENTED_EDGE('',*,*,#2289,.F.);
#1683=ORIENTED_EDGE('',*,*,#2232,.F.);
#1684=ORIENTED_EDGE('',*,*,#2288,.T.);
#1685=ORIENTED_EDGE('',*,*,#2227,.F.);
#1686=ORIENTED_EDGE('',*,*,#2290,.F.);
#1687=ORIENTED_EDGE('',*,*,#2233,.F.);
#1688=ORIENTED_EDGE('',*,*,#2289,.T.);
#1689=ORIENTED_EDGE('',*,*,#2226,.F.);
#1690=ORIENTED_EDGE('',*,*,#2291,.F.);
#1691=ORIENTED_EDGE('',*,*,#2234,.F.);
#1692=ORIENTED_EDGE('',*,*,#2290,.T.);
#1693=ORIENTED_EDGE('',*,*,#2225,.F.);
#1694=ORIENTED_EDGE('',*,*,#2292,.F.);
#1695=ORIENTED_EDGE('',*,*,#2235,.F.);
#1696=ORIENTED_EDGE('',*,*,#2291,.T.);
#1697=ORIENTED_EDGE('',*,*,#2224,.F.);
#1698=ORIENTED_EDGE('',*,*,#2293,.F.);
#1699=ORIENTED_EDGE('',*,*,#2236,.F.);
#1700=ORIENTED_EDGE('',*,*,#2292,.T.);
#1701=ORIENTED_EDGE('',*,*,#2223,.F.);
#1702=ORIENTED_EDGE('',*,*,#2294,.F.);
#1703=ORIENTED_EDGE('',*,*,#2237,.F.);
#1704=ORIENTED_EDGE('',*,*,#2293,.T.);
#1705=ORIENTED_EDGE('',*,*,#2222,.F.);
#1706=ORIENTED_EDGE('',*,*,#2295,.F.);
#1707=ORIENTED_EDGE('',*,*,#2238,.F.);
#1708=ORIENTED_EDGE('',*,*,#2294,.T.);
#1709=ORIENTED_EDGE('',*,*,#2221,.F.);
#1710=ORIENTED_EDGE('',*,*,#2296,.F.);
#1711=ORIENTED_EDGE('',*,*,#2239,.F.);
#1712=ORIENTED_EDGE('',*,*,#2295,.T.);
#1713=ORIENTED_EDGE('',*,*,#2220,.F.);
#1714=ORIENTED_EDGE('',*,*,#2229,.F.);
#1715=ORIENTED_EDGE('',*,*,#2240,.F.);
#1716=ORIENTED_EDGE('',*,*,#2296,.T.);
#1717=ORIENTED_EDGE('',*,*,#2219,.F.);
#1718=ORIENTED_EDGE('',*,*,#2297,.T.);
#1719=ORIENTED_EDGE('',*,*,#2298,.T.);
#1720=ORIENTED_EDGE('',*,*,#2299,.T.);
#1721=ORIENTED_EDGE('',*,*,#2300,.T.);
#1722=ORIENTED_EDGE('',*,*,#1858,.T.);
#1723=ORIENTED_EDGE('',*,*,#2301,.T.);
#1724=ORIENTED_EDGE('',*,*,#2297,.F.);
#1725=ORIENTED_EDGE('',*,*,#2302,.T.);
#1726=ORIENTED_EDGE('',*,*,#1870,.F.);
#1727=ORIENTED_EDGE('',*,*,#2303,.T.);
#1728=ORIENTED_EDGE('',*,*,#2304,.T.);
#1729=ORIENTED_EDGE('',*,*,#2305,.T.);
#1730=ORIENTED_EDGE('',*,*,#2304,.F.);
#1731=ORIENTED_EDGE('',*,*,#2306,.T.);
#1732=ORIENTED_EDGE('',*,*,#2307,.T.);
#1733=ORIENTED_EDGE('',*,*,#2308,.T.);
#1734=ORIENTED_EDGE('',*,*,#1882,.F.);
#1735=ORIENTED_EDGE('',*,*,#2309,.T.);
#1736=ORIENTED_EDGE('',*,*,#1851,.F.);
#1737=ORIENTED_EDGE('',*,*,#2310,.F.);
#1738=ORIENTED_EDGE('',*,*,#2311,.T.);
#1739=ORIENTED_EDGE('',*,*,#2299,.F.);
#1740=ORIENTED_EDGE('',*,*,#2312,.T.);
#1741=ORIENTED_EDGE('',*,*,#2310,.T.);
#1742=ORIENTED_EDGE('',*,*,#1850,.F.);
#1743=ORIENTED_EDGE('',*,*,#2313,.F.);
#1744=ORIENTED_EDGE('',*,*,#2314,.T.);
#1745=ORIENTED_EDGE('',*,*,#2315,.F.);
#1746=ORIENTED_EDGE('',*,*,#2316,.T.);
#1747=ORIENTED_EDGE('',*,*,#1888,.F.);
#1748=ORIENTED_EDGE('',*,*,#2317,.T.);
#1749=ORIENTED_EDGE('',*,*,#2313,.T.);
#1750=ORIENTED_EDGE('',*,*,#1849,.F.);
#1751=ORIENTED_EDGE('',*,*,#2307,.F.);
#1752=ORIENTED_EDGE('',*,*,#2318,.T.);
#1753=ORIENTED_EDGE('',*,*,#2315,.T.);
#1754=ORIENTED_EDGE('',*,*,#1848,.F.);
#1755=ORIENTED_EDGE('',*,*,#2319,.F.);
#1756=ORIENTED_EDGE('',*,*,#2320,.T.);
#1757=ORIENTED_EDGE('',*,*,#1847,.F.);
#1758=ORIENTED_EDGE('',*,*,#2321,.T.);
#1759=ORIENTED_EDGE('',*,*,#1886,.F.);
#1760=ORIENTED_EDGE('',*,*,#2322,.T.);
#1761=ORIENTED_EDGE('',*,*,#2319,.T.);
#1762=ORIENTED_EDGE('',*,*,#2139,.F.);
#1763=ORIENTED_EDGE('',*,*,#1859,.F.);
#1764=ORIENTED_EDGE('',*,*,#2302,.F.);
#1765=ORIENTED_EDGE('',*,*,#2300,.F.);
#1766=ORIENTED_EDGE('',*,*,#2314,.F.);
#1767=ORIENTED_EDGE('',*,*,#2317,.F.);
#1768=ORIENTED_EDGE('',*,*,#1891,.F.);
#1769=ORIENTED_EDGE('',*,*,#2322,.F.);
#1770=ORIENTED_EDGE('',*,*,#1885,.F.);
#1771=ORIENTED_EDGE('',*,*,#2099,.F.);
#1772=ORIENTED_EDGE('',*,*,#1871,.F.);
#1773=ORIENTED_EDGE('',*,*,#2305,.F.);
#1774=ORIENTED_EDGE('',*,*,#2308,.F.);
#1775=ORIENTED_EDGE('',*,*,#2320,.F.);
#1776=ORIENTED_EDGE('',*,*,#2301,.F.);
#1777=ORIENTED_EDGE('',*,*,#1857,.F.);
#1778=ORIENTED_EDGE('',*,*,#2079,.F.);
#1779=ORIENTED_EDGE('',*,*,#1883,.F.);
#1780=ORIENTED_EDGE('',*,*,#2311,.F.);
#1781=ORIENTED_EDGE('',*,*,#2312,.F.);
#1782=ORIENTED_EDGE('',*,*,#2298,.F.);
#1783=ORIENTED_EDGE('',*,*,#2133,.F.);
#1784=ORIENTED_EDGE('',*,*,#1889,.F.);
#1785=ORIENTED_EDGE('',*,*,#2316,.F.);
#1786=ORIENTED_EDGE('',*,*,#2318,.F.);
#1787=ORIENTED_EDGE('',*,*,#2306,.F.);
#1788=ORIENTED_EDGE('',*,*,#2303,.F.);
#1789=ORIENTED_EDGE('',*,*,#1869,.F.);
#1790=ORIENTED_EDGE('',*,*,#1845,.F.);
#1791=ORIENTED_EDGE('',*,*,#2323,.T.);
#1792=ORIENTED_EDGE('',*,*,#2161,.F.);
#1793=ORIENTED_EDGE('',*,*,#2158,.F.);
#1794=ORIENTED_EDGE('',*,*,#2324,.F.);
#1795=ORIENTED_EDGE('',*,*,#2324,.T.);
#1796=ORIENTED_EDGE('',*,*,#2156,.F.);
#1797=ORIENTED_EDGE('',*,*,#2325,.F.);
#1798=ORIENTED_EDGE('',*,*,#1846,.F.);
#1799=ORIENTED_EDGE('',*,*,#2325,.T.);
#1800=ORIENTED_EDGE('',*,*,#2155,.F.);
#1801=ORIENTED_EDGE('',*,*,#2326,.F.);
#1802=ORIENTED_EDGE('',*,*,#2321,.F.);
#1803=ORIENTED_EDGE('',*,*,#2326,.T.);
#1804=ORIENTED_EDGE('',*,*,#2154,.F.);
#1805=ORIENTED_EDGE('',*,*,#2170,.F.);
#1806=ORIENTED_EDGE('',*,*,#1887,.F.);
#1807=ORIENTED_EDGE('',*,*,#2323,.F.);
#1808=ORIENTED_EDGE('',*,*,#1844,.F.);
#1809=ORIENTED_EDGE('',*,*,#2327,.F.);
#1810=ORIENTED_EDGE('',*,*,#2165,.F.);
#1811=ORIENTED_EDGE('',*,*,#2162,.F.);
#1812=ORIENTED_EDGE('',*,*,#2327,.T.);
#1813=ORIENTED_EDGE('',*,*,#1843,.F.);
#1814=ORIENTED_EDGE('',*,*,#2328,.F.);
#1815=ORIENTED_EDGE('',*,*,#2152,.F.);
#1816=ORIENTED_EDGE('',*,*,#2328,.T.);
#1817=ORIENTED_EDGE('',*,*,#2309,.F.);
#1818=ORIENTED_EDGE('',*,*,#2329,.F.);
#1819=ORIENTED_EDGE('',*,*,#2148,.F.);
#1820=ORIENTED_EDGE('',*,*,#2329,.T.);
#1821=ORIENTED_EDGE('',*,*,#1881,.F.);
#1822=ORIENTED_EDGE('',*,*,#2169,.F.);
#1823=ORIENTED_EDGE('',*,*,#2149,.F.);
#1824=ORIENTED_EDGE('',*,*,#1842,.F.);
#1825=ORIENTED_EDGE('',*,*,#2172,.F.);
#1826=ORIENTED_EDGE('',*,*,#1963,.F.);
#1827=ORIENTED_EDGE('',*,*,#2272,.F.);
#1828=ORIENTED_EDGE('',*,*,#1951,.F.);
#1829=ORIENTED_EDGE('',*,*,#2021,.F.);
#1830=ORIENTED_EDGE('',*,*,#1989,.F.);
#1831=ORIENTED_EDGE('',*,*,#2026,.F.);
#1832=ORIENTED_EDGE('',*,*,#1985,.F.);
#1833=ORIENTED_EDGE('',*,*,#2274,.F.);
#1834=ORIENTED_EDGE('',*,*,#1961,.F.);
#1835=ORIENTED_EDGE('',*,*,#2008,.F.);
#1836=ORIENTED_EDGE('',*,*,#1965,.F.);
#1837=ORIENTED_EDGE('',*,*,#2020,.F.);
#1838=ORIENTED_EDGE('',*,*,#1975,.F.);
#1839=ORIENTED_EDGE('',*,*,#2025,.F.);
#1840=ORIENTED_EDGE('',*,*,#1987,.F.);
#1841=ORIENTED_EDGE('',*,*,#2273,.F.);
#1842=EDGE_CURVE('',#2330,#2330,#2653,.F.);
#1843=EDGE_CURVE('',#2331,#2332,#82,.T.);
#1844=EDGE_CURVE('',#2332,#2333,#2654,.F.);
#1845=EDGE_CURVE('',#2333,#2334,#2655,.F.);
#1846=EDGE_CURVE('',#2334,#2335,#83,.T.);
#1847=EDGE_CURVE('',#2335,#2336,#84,.T.);
#1848=EDGE_CURVE('',#2336,#2337,#85,.F.);
#1849=EDGE_CURVE('',#2337,#2338,#86,.F.);
#1850=EDGE_CURVE('',#2338,#2339,#87,.T.);
#1851=EDGE_CURVE('',#2339,#2331,#88,.T.);
#1852=EDGE_CURVE('',#2340,#2341,#89,.T.);
#1853=EDGE_CURVE('',#2342,#2340,#90,.T.);
#1854=EDGE_CURVE('',#2343,#2342,#91,.T.);
#1855=EDGE_CURVE('',#2341,#2343,#92,.T.);
#1856=EDGE_CURVE('',#2344,#2345,#93,.T.);
#1857=EDGE_CURVE('',#2345,#2346,#94,.F.);
#1858=EDGE_CURVE('',#2347,#2346,#95,.T.);
#1859=EDGE_CURVE('',#2347,#2348,#96,.F.);
#1860=EDGE_CURVE('',#2348,#2349,#97,.T.);
#1861=EDGE_CURVE('',#2349,#2350,#98,.T.);
#1862=EDGE_CURVE('',#2351,#2350,#99,.T.);
#1863=EDGE_CURVE('',#2351,#2352,#100,.T.);
#1864=EDGE_CURVE('',#2352,#2353,#101,.T.);
#1865=EDGE_CURVE('',#2353,#2354,#102,.T.);
#1866=EDGE_CURVE('',#2355,#2354,#103,.T.);
#1867=EDGE_CURVE('',#2355,#2344,#104,.T.);
#1868=EDGE_CURVE('',#2356,#2357,#105,.T.);
#1869=EDGE_CURVE('',#2356,#2358,#106,.T.);
#1870=EDGE_CURVE('',#2358,#2359,#107,.T.);
#1871=EDGE_CURVE('',#2359,#2360,#108,.T.);
#1872=EDGE_CURVE('',#2361,#2360,#109,.T.);
#1873=EDGE_CURVE('',#2362,#2361,#110,.T.);
#1874=EDGE_CURVE('',#2362,#2363,#111,.T.);
#1875=EDGE_CURVE('',#2364,#2363,#112,.T.);
#1876=EDGE_CURVE('',#2365,#2364,#113,.T.);
#1877=EDGE_CURVE('',#2366,#2365,#114,.T.);
#1878=EDGE_CURVE('',#2366,#2367,#115,.T.);
#1879=EDGE_CURVE('',#2357,#2367,#116,.T.);
#1880=EDGE_CURVE('',#2368,#2369,#117,.T.);
#1881=EDGE_CURVE('',#2368,#2370,#118,.F.);
#1882=EDGE_CURVE('',#2370,#2371,#119,.F.);
#1883=EDGE_CURVE('',#2371,#2372,#120,.T.);
#1884=EDGE_CURVE('',#2372,#2373,#121,.T.);
#1885=EDGE_CURVE('',#2373,#2374,#122,.F.);
#1886=EDGE_CURVE('',#2374,#2375,#123,.F.);
#1887=EDGE_CURVE('',#2375,#2369,#124,.T.);
#1888=EDGE_CURVE('',#2376,#2377,#125,.T.);
#1889=EDGE_CURVE('',#2377,#2378,#126,.F.);
#1890=EDGE_CURVE('',#2379,#2378,#127,.T.);
#1891=EDGE_CURVE('',#2379,#2376,#128,.T.);
#1892=EDGE_CURVE('',#2380,#2381,#129,.T.);
#1893=EDGE_CURVE('',#2382,#2380,#130,.T.);
#1894=EDGE_CURVE('',#2383,#2382,#131,.T.);
#1895=EDGE_CURVE('',#2383,#2381,#132,.T.);
#1896=EDGE_CURVE('',#2384,#2385,#133,.T.);
#1897=EDGE_CURVE('',#2385,#2386,#134,.T.);
#1898=EDGE_CURVE('',#2387,#2386,#135,.T.);
#1899=EDGE_CURVE('',#2387,#2384,#136,.T.);
#1900=EDGE_CURVE('',#2388,#2389,#137,.T.);
#1901=EDGE_CURVE('',#2390,#2388,#138,.T.);
#1902=EDGE_CURVE('',#2390,#2391,#139,.T.);
#1903=EDGE_CURVE('',#2391,#2389,#140,.T.);
#1904=EDGE_CURVE('',#2392,#2393,#141,.T.);
#1905=EDGE_CURVE('',#2394,#2392,#142,.T.);
#1906=EDGE_CURVE('',#2394,#2395,#143,.T.);
#1907=EDGE_CURVE('',#2395,#2393,#144,.T.);
#1908=EDGE_CURVE('',#2396,#2397,#145,.T.);
#1909=EDGE_CURVE('',#2396,#2398,#146,.T.);
#1910=EDGE_CURVE('',#2399,#2398,#147,.T.);
#1911=EDGE_CURVE('',#2400,#2399,#148,.T.);
#1912=EDGE_CURVE('',#2400,#2401,#149,.T.);
#1913=EDGE_CURVE('',#2401,#2397,#150,.T.);
#1914=EDGE_CURVE('',#2402,#2403,#151,.T.);
#1915=EDGE_CURVE('',#2402,#2404,#152,.T.);
#1916=EDGE_CURVE('',#2405,#2404,#153,.T.);
#1917=EDGE_CURVE('',#2406,#2405,#154,.T.);
#1918=EDGE_CURVE('',#2406,#2407,#155,.T.);
#1919=EDGE_CURVE('',#2407,#2403,#156,.T.);
#1920=EDGE_CURVE('',#2408,#2400,#157,.T.);
#1921=EDGE_CURVE('',#2408,#2409,#158,.T.);
#1922=EDGE_CURVE('',#2409,#2401,#159,.T.);
#1923=EDGE_CURVE('',#2402,#2410,#160,.T.);
#1924=EDGE_CURVE('',#2410,#2411,#161,.T.);
#1925=EDGE_CURVE('',#2404,#2411,#162,.T.);
#1926=EDGE_CURVE('',#2412,#2413,#163,.T.);
#1927=EDGE_CURVE('',#2413,#2414,#164,.T.);
#1928=EDGE_CURVE('',#2414,#2415,#165,.T.);
#1929=EDGE_CURVE('',#2415,#2409,#166,.T.);
#1930=EDGE_CURVE('',#2412,#2408,#167,.T.);
#1931=EDGE_CURVE('',#2416,#2410,#168,.T.);
#1932=EDGE_CURVE('',#2417,#2416,#169,.T.);
#1933=EDGE_CURVE('',#2417,#2418,#170,.T.);
#1934=EDGE_CURVE('',#2418,#2419,#171,.T.);
#1935=EDGE_CURVE('',#2411,#2419,#172,.T.);
#1936=EDGE_CURVE('',#2420,#2416,#173,.T.);
#1937=EDGE_CURVE('',#2421,#2420,#174,.T.);
#1938=EDGE_CURVE('',#2421,#2417,#175,.T.);
#1939=EDGE_CURVE('',#2393,#2420,#176,.T.);
#1940=EDGE_CURVE('',#2395,#2421,#177,.T.);
#1941=EDGE_CURVE('',#2403,#2392,#178,.T.);
#1942=EDGE_CURVE('',#2407,#2394,#179,.T.);
#1943=EDGE_CURVE('',#2389,#2422,#180,.T.);
#1944=EDGE_CURVE('',#2391,#2423,#181,.T.);
#1945=EDGE_CURVE('',#2423,#2422,#182,.T.);
#1946=EDGE_CURVE('',#2422,#2398,#183,.T.);
#1947=EDGE_CURVE('',#2423,#2399,#184,.T.);
#1948=EDGE_CURVE('',#2413,#2388,#185,.T.);
#1949=EDGE_CURVE('',#2412,#2390,#186,.T.);
#1950=EDGE_CURVE('',#2424,#2425,#187,.T.);
#1951=EDGE_CURVE('',#2424,#2426,#2656,.F.);
#1952=EDGE_CURVE('',#2426,#2427,#188,.T.);
#1953=EDGE_CURVE('',#2427,#2428,#189,.T.);
#1954=EDGE_CURVE('',#2429,#2428,#190,.T.);
#1955=EDGE_CURVE('',#2430,#2429,#191,.T.);
#1956=EDGE_CURVE('',#2431,#2430,#192,.T.);
#1957=EDGE_CURVE('',#2431,#2432,#193,.T.);
#1958=EDGE_CURVE('',#2432,#2433,#194,.T.);
#1959=EDGE_CURVE('',#2434,#2433,#195,.T.);
#1960=EDGE_CURVE('',#2434,#2435,#196,.T.);
#1961=EDGE_CURVE('',#2435,#2425,#2657,.T.);
#1962=EDGE_CURVE('',#2436,#2437,#197,.T.);
#1963=EDGE_CURVE('',#2436,#2438,#2658,.F.);
#1964=EDGE_CURVE('',#2439,#2438,#198,.T.);
#1965=EDGE_CURVE('',#2439,#2440,#2659,.T.);
#1966=EDGE_CURVE('',#2441,#2440,#199,.T.);
#1967=EDGE_CURVE('',#2442,#2441,#200,.T.);
#1968=EDGE_CURVE('',#2442,#2443,#201,.T.);
#1969=EDGE_CURVE('',#2443,#2444,#202,.T.);
#1970=EDGE_CURVE('',#2444,#2445,#203,.T.);
#1971=EDGE_CURVE('',#2446,#2445,#204,.T.);
#1972=EDGE_CURVE('',#2446,#2447,#205,.T.);
#1973=EDGE_CURVE('',#2447,#2437,#206,.T.);
#1974=EDGE_CURVE('',#2448,#2449,#207,.T.);
#1975=EDGE_CURVE('',#2449,#2450,#2660,.T.);
#1976=EDGE_CURVE('',#2450,#2451,#208,.T.);
#1977=EDGE_CURVE('',#2452,#2451,#209,.T.);
#1978=EDGE_CURVE('',#2453,#2452,#210,.T.);
#1979=EDGE_CURVE('',#2453,#2454,#211,.T.);
#1980=EDGE_CURVE('',#2455,#2454,#212,.T.);
#1981=EDGE_CURVE('',#2455,#2456,#213,.T.);
#1982=EDGE_CURVE('',#2456,#2457,#214,.T.);
#1983=EDGE_CURVE('',#2458,#2457,#215,.T.);
#1984=EDGE_CURVE('',#2458,#2459,#216,.T.);
#1985=EDGE_CURVE('',#2459,#2448,#2661,.F.);
#1986=EDGE_CURVE('',#2460,#2461,#217,.T.);
#1987=EDGE_CURVE('',#2460,#2462,#2662,.T.);
#1988=EDGE_CURVE('',#2462,#2463,#218,.T.);
#1989=EDGE_CURVE('',#2463,#2464,#2663,.F.);
#1990=EDGE_CURVE('',#2465,#2464,#219,.T.);
#1991=EDGE_CURVE('',#2466,#2465,#220,.T.);
#1992=EDGE_CURVE('',#2466,#2467,#221,.T.);
#1993=EDGE_CURVE('',#2467,#2468,#222,.T.);
#1994=EDGE_CURVE('',#2468,#2469,#223,.T.);
#1995=EDGE_CURVE('',#2469,#2470,#224,.T.);
#1996=EDGE_CURVE('',#2470,#2471,#225,.T.);
#1997=EDGE_CURVE('',#2461,#2471,#226,.T.);
#1998=EDGE_CURVE('',#2472,#2473,#227,.T.);
#1999=EDGE_CURVE('',#2472,#2474,#228,.T.);
#2000=EDGE_CURVE('',#2474,#2475,#229,.T.);
#2001=EDGE_CURVE('',#2475,#2473,#230,.T.);
#2002=EDGE_CURVE('',#2455,#2468,#231,.T.);
#2003=EDGE_CURVE('',#2454,#2469,#232,.T.);
#2004=EDGE_CURVE('',#2476,#2477,#233,.T.);
#2005=EDGE_CURVE('',#2478,#2477,#234,.T.);
#2006=EDGE_CURVE('',#2478,#2479,#235,.T.);
#2007=EDGE_CURVE('',#2479,#2476,#236,.T.);
#2008=EDGE_CURVE('',#2440,#2435,#237,.F.);
#2009=EDGE_CURVE('',#2434,#2441,#238,.T.);
#2010=EDGE_CURVE('',#2477,#2432,#239,.F.);
#2011=EDGE_CURVE('',#2476,#2433,#240,.F.);
#2012=EDGE_CURVE('',#2473,#2466,#241,.F.);
#2013=EDGE_CURVE('',#2475,#2467,#242,.F.);
#2014=EDGE_CURVE('',#2443,#2478,#243,.F.);
#2015=EDGE_CURVE('',#2442,#2479,#244,.F.);
#2016=EDGE_CURVE('',#2457,#2472,#245,.F.);
#2017=EDGE_CURVE('',#2456,#2474,#246,.F.);
#2018=EDGE_CURVE('',#2406,#2418,#247,.T.);
#2019=EDGE_CURVE('',#2419,#2405,#248,.T.);
#2020=EDGE_CURVE('',#2425,#2439,#249,.T.);
#2021=EDGE_CURVE('',#2438,#2424,#250,.T.);
#2022=EDGE_CURVE('',#2445,#2430,#251,.T.);
#2023=EDGE_CURVE('',#2429,#2446,#252,.T.);
#2024=EDGE_CURVE('',#2470,#2453,#253,.T.);
#2025=EDGE_CURVE('',#2462,#2449,#254,.F.);
#2026=EDGE_CURVE('',#2448,#2463,#255,.F.);
#2027=EDGE_CURVE('',#2471,#2452,#256,.T.);
#2028=EDGE_CURVE('',#2451,#2461,#257,.T.);
#2029=EDGE_CURVE('',#2397,#2415,#258,.T.);
#2030=EDGE_CURVE('',#2480,#2481,#259,.T.);
#2031=EDGE_CURVE('',#2482,#2480,#2664,.T.);
#2032=EDGE_CURVE('',#2483,#2482,#260,.T.);
#2033=EDGE_CURVE('',#2484,#2483,#2665,.T.);
#2034=EDGE_CURVE('',#2485,#2484,#261,.T.);
#2035=EDGE_CURVE('',#2486,#2485,#262,.T.);
#2036=EDGE_CURVE('',#2487,#2486,#263,.T.);
#2037=EDGE_CURVE('',#2488,#2487,#264,.T.);
#2038=EDGE_CURVE('',#2489,#2488,#265,.T.);
#2039=EDGE_CURVE('',#2490,#2489,#266,.T.);
#2040=EDGE_CURVE('',#2491,#2490,#267,.T.);
#2041=EDGE_CURVE('',#2492,#2491,#268,.T.);
#2042=EDGE_CURVE('',#2493,#2492,#269,.T.);
#2043=EDGE_CURVE('',#2494,#2493,#2666,.T.);
#2044=EDGE_CURVE('',#2495,#2494,#270,.T.);
#2045=EDGE_CURVE('',#2496,#2495,#2667,.T.);
#2046=EDGE_CURVE('',#2497,#2496,#271,.T.);
#2047=EDGE_CURVE('',#2498,#2497,#2668,.T.);
#2048=EDGE_CURVE('',#2499,#2498,#272,.T.);
#2049=EDGE_CURVE('',#2500,#2499,#273,.T.);
#2050=EDGE_CURVE('',#2501,#2500,#274,.T.);
#2051=EDGE_CURVE('',#2502,#2501,#275,.T.);
#2052=EDGE_CURVE('',#2503,#2502,#276,.T.);
#2053=EDGE_CURVE('',#2504,#2503,#2669,.T.);
#2054=EDGE_CURVE('',#2505,#2504,#277,.T.);
#2055=EDGE_CURVE('',#2506,#2505,#2670,.T.);
#2056=EDGE_CURVE('',#2507,#2506,#278,.T.);
#2057=EDGE_CURVE('',#2508,#2507,#2671,.T.);
#2058=EDGE_CURVE('',#2509,#2508,#279,.T.);
#2059=EDGE_CURVE('',#2510,#2509,#280,.T.);
#2060=EDGE_CURVE('',#2511,#2510,#281,.T.);
#2061=EDGE_CURVE('',#2512,#2511,#282,.T.);
#2062=EDGE_CURVE('',#2513,#2512,#283,.T.);
#2063=EDGE_CURVE('',#2514,#2513,#284,.T.);
#2064=EDGE_CURVE('',#2515,#2514,#285,.T.);
#2065=EDGE_CURVE('',#2481,#2515,#286,.T.);
#2066=EDGE_CURVE('',#2516,#2517,#287,.T.);
#2067=EDGE_CURVE('',#2518,#2516,#288,.T.);
#2068=EDGE_CURVE('',#2519,#2518,#289,.T.);
#2069=EDGE_CURVE('',#2517,#2519,#290,.T.);
#2070=EDGE_CURVE('',#2520,#2521,#291,.T.);
#2071=EDGE_CURVE('',#2521,#2522,#292,.T.);
#2072=EDGE_CURVE('',#2522,#2523,#293,.T.);
#2073=EDGE_CURVE('',#2523,#2520,#294,.T.);
#2074=EDGE_CURVE('',#2437,#2427,#295,.T.);
#2075=EDGE_CURVE('',#2428,#2447,#296,.T.);
#2076=EDGE_CURVE('',#2352,#2524,#297,.T.);
#2077=EDGE_CURVE('',#2524,#2525,#298,.T.);
#2078=EDGE_CURVE('',#2353,#2525,#299,.T.);
#2079=EDGE_CURVE('',#2372,#2345,#2672,.F.);
#2080=EDGE_CURVE('',#2344,#2526,#300,.T.);
#2081=EDGE_CURVE('',#2526,#2527,#301,.T.);
#2082=EDGE_CURVE('',#2527,#2528,#2673,.T.);
#2083=EDGE_CURVE('',#2528,#2529,#302,.T.);
#2084=EDGE_CURVE('',#2529,#2530,#2674,.F.);
#2085=EDGE_CURVE('',#2530,#2531,#303,.T.);
#2086=EDGE_CURVE('',#2531,#2532,#2675,.T.);
#2087=EDGE_CURVE('',#2532,#2533,#304,.T.);
#2088=EDGE_CURVE('',#2533,#2534,#305,.T.);
#2089=EDGE_CURVE('',#2534,#2535,#306,.T.);
#2090=EDGE_CURVE('',#2535,#2536,#307,.T.);
#2091=EDGE_CURVE('',#2536,#2537,#308,.T.);
#2092=EDGE_CURVE('',#2537,#2538,#2676,.T.);
#2093=EDGE_CURVE('',#2538,#2539,#309,.T.);
#2094=EDGE_CURVE('',#2539,#2540,#2677,.F.);
#2095=EDGE_CURVE('',#2540,#2541,#310,.T.);
#2096=EDGE_CURVE('',#2541,#2542,#2678,.T.);
#2097=EDGE_CURVE('',#2542,#2543,#311,.T.);
#2098=EDGE_CURVE('',#2543,#2361,#312,.T.);
#2099=EDGE_CURVE('',#2360,#2373,#2679,.F.);
#2100=EDGE_CURVE('',#2544,#2364,#313,.T.);
#2101=EDGE_CURVE('',#2544,#2545,#314,.T.);
#2102=EDGE_CURVE('',#2545,#2365,#315,.T.);
#2103=EDGE_CURVE('',#2546,#2366,#316,.T.);
#2104=EDGE_CURVE('',#2546,#2547,#317,.T.);
#2105=EDGE_CURVE('',#2547,#2367,#318,.T.);
#2106=EDGE_CURVE('',#2548,#2362,#319,.T.);
#2107=EDGE_CURVE('',#2548,#2549,#320,.T.);
#2108=EDGE_CURVE('',#2549,#2363,#321,.T.);
#2109=EDGE_CURVE('',#2355,#2550,#322,.T.);
#2110=EDGE_CURVE('',#2550,#2551,#323,.T.);
#2111=EDGE_CURVE('',#2551,#2526,#324,.T.);
#2112=EDGE_CURVE('',#2525,#2552,#325,.T.);
#2113=EDGE_CURVE('',#2552,#2553,#326,.T.);
#2114=EDGE_CURVE('',#2354,#2553,#327,.T.);
#2115=EDGE_CURVE('',#2351,#2554,#328,.T.);
#2116=EDGE_CURVE('',#2554,#2555,#329,.T.);
#2117=EDGE_CURVE('',#2555,#2524,#330,.T.);
#2118=EDGE_CURVE('',#2349,#2556,#331,.T.);
#2119=EDGE_CURVE('',#2556,#2557,#332,.T.);
#2120=EDGE_CURVE('',#2557,#2558,#333,.T.);
#2121=EDGE_CURVE('',#2350,#2558,#334,.T.);
#2122=EDGE_CURVE('',#2554,#2558,#335,.T.);
#2123=EDGE_CURVE('',#2550,#2553,#336,.T.);
#2124=EDGE_CURVE('',#2559,#2543,#337,.T.);
#2125=EDGE_CURVE('',#2559,#2548,#338,.T.);
#2126=EDGE_CURVE('',#2549,#2560,#339,.T.);
#2127=EDGE_CURVE('',#2560,#2544,#340,.T.);
#2128=EDGE_CURVE('',#2561,#2545,#341,.T.);
#2129=EDGE_CURVE('',#2561,#2546,#342,.T.);
#2130=EDGE_CURVE('',#2547,#2562,#343,.T.);
#2131=EDGE_CURVE('',#2562,#2563,#344,.T.);
#2132=EDGE_CURVE('',#2563,#2357,#345,.T.);
#2133=EDGE_CURVE('',#2378,#2356,#2680,.F.);
#2134=EDGE_CURVE('',#2563,#2564,#346,.T.);
#2135=EDGE_CURVE('',#2564,#2565,#2681,.T.);
#2136=EDGE_CURVE('',#2565,#2566,#347,.T.);
#2137=EDGE_CURVE('',#2566,#2567,#2682,.T.);
#2138=EDGE_CURVE('',#2567,#2556,#348,.T.);
#2139=EDGE_CURVE('',#2348,#2379,#2683,.F.);
#2140=EDGE_CURVE('',#2561,#2487,#349,.T.);
#2141=EDGE_CURVE('',#2562,#2486,#350,.T.);
#2142=EDGE_CURVE('',#2557,#2515,#351,.T.);
#2143=EDGE_CURVE('',#2555,#2514,#352,.T.);
#2144=EDGE_CURVE('',#2552,#2511,#353,.T.);
#2145=EDGE_CURVE('',#2551,#2510,#354,.T.);
#2146=EDGE_CURVE('',#2559,#2491,#355,.T.);
#2147=EDGE_CURVE('',#2560,#2490,#356,.T.);
#2148=EDGE_CURVE('',#2568,#2569,#2684,.T.);
#2149=EDGE_CURVE('',#2569,#2570,#357,.T.);
#2150=EDGE_CURVE('',#2571,#2570,#358,.T.);
#2151=EDGE_CURVE('',#2572,#2571,#359,.T.);
#2152=EDGE_CURVE('',#2572,#2568,#360,.F.);
#2153=EDGE_CURVE('',#2573,#2574,#361,.T.);
#2154=EDGE_CURVE('',#2573,#2575,#362,.F.);
#2155=EDGE_CURVE('',#2575,#2576,#2685,.T.);
#2156=EDGE_CURVE('',#2576,#2577,#363,.F.);
#2157=EDGE_CURVE('',#2577,#2574,#364,.T.);
#2158=EDGE_CURVE('',#2577,#2578,#2686,.T.);
#2159=EDGE_CURVE('',#2578,#2579,#365,.T.);
#2160=EDGE_CURVE('',#2574,#2579,#2687,.T.);
#2161=EDGE_CURVE('',#2578,#2580,#29,.F.);
#2162=EDGE_CURVE('',#2580,#2581,#30,.T.);
#2163=EDGE_CURVE('',#2581,#2582,#366,.T.);
#2164=EDGE_CURVE('',#2579,#2582,#367,.T.);
#2165=EDGE_CURVE('',#2581,#2572,#2688,.T.);
#2166=EDGE_CURVE('',#2582,#2571,#2689,.T.);
#2167=EDGE_CURVE('',#2583,#2583,#2690,.T.);
#2168=EDGE_CURVE('',#2584,#2584,#2691,.T.);
#2169=EDGE_CURVE('',#2570,#2368,#2692,.F.);
#2170=EDGE_CURVE('',#2369,#2573,#2693,.F.);
#2171=EDGE_CURVE('',#2585,#2585,#2694,.T.);
#2172=EDGE_CURVE('',#2586,#2586,#2695,.T.);
#2173=EDGE_CURVE('',#2587,#2587,#2696,.T.);
#2174=EDGE_CURVE('',#2588,#2588,#2697,.T.);
#2175=EDGE_CURVE('',#2341,#2589,#368,.T.);
#2176=EDGE_CURVE('',#2589,#2590,#369,.T.);
#2177=EDGE_CURVE('',#2340,#2590,#370,.T.);
#2178=EDGE_CURVE('',#2590,#2591,#371,.T.);
#2179=EDGE_CURVE('',#2342,#2591,#372,.T.);
#2180=EDGE_CURVE('',#2591,#2592,#373,.T.);
#2181=EDGE_CURVE('',#2343,#2592,#374,.T.);
#2182=EDGE_CURVE('',#2592,#2589,#375,.T.);
#2183=EDGE_CURVE('',#2567,#2480,#376,.T.);
#2184=EDGE_CURVE('',#2556,#2481,#377,.T.);
#2185=EDGE_CURVE('',#2524,#2513,#378,.T.);
#2186=EDGE_CURVE('',#2525,#2512,#379,.T.);
#2187=EDGE_CURVE('',#2526,#2509,#380,.T.);
#2188=EDGE_CURVE('',#2527,#2508,#381,.T.);
#2189=EDGE_CURVE('',#2528,#2507,#382,.T.);
#2190=EDGE_CURVE('',#2529,#2506,#383,.T.);
#2191=EDGE_CURVE('',#2530,#2505,#384,.T.);
#2192=EDGE_CURVE('',#2531,#2504,#385,.T.);
#2193=EDGE_CURVE('',#2532,#2503,#386,.T.);
#2194=EDGE_CURVE('',#2533,#2502,#387,.T.);
#2195=EDGE_CURVE('',#2534,#2501,#388,.T.);
#2196=EDGE_CURVE('',#2535,#2500,#389,.T.);
#2197=EDGE_CURVE('',#2536,#2499,#390,.T.);
#2198=EDGE_CURVE('',#2537,#2498,#391,.T.);
#2199=EDGE_CURVE('',#2538,#2497,#392,.T.);
#2200=EDGE_CURVE('',#2539,#2496,#393,.T.);
#2201=EDGE_CURVE('',#2540,#2495,#394,.T.);
#2202=EDGE_CURVE('',#2541,#2494,#395,.T.);
#2203=EDGE_CURVE('',#2542,#2493,#396,.T.);
#2204=EDGE_CURVE('',#2543,#2492,#397,.T.);
#2205=EDGE_CURVE('',#2544,#2489,#398,.T.);
#2206=EDGE_CURVE('',#2545,#2488,#399,.T.);
#2207=EDGE_CURVE('',#2563,#2485,#400,.T.);
#2208=EDGE_CURVE('',#2564,#2484,#401,.T.);
#2209=EDGE_CURVE('',#2565,#2483,#402,.T.);
#2210=EDGE_CURVE('',#2566,#2482,#403,.T.);
#2211=EDGE_CURVE('',#2593,#2594,#404,.T.);
#2212=EDGE_CURVE('',#2594,#2383,#405,.T.);
#2213=EDGE_CURVE('',#2382,#2593,#406,.T.);
#2214=EDGE_CURVE('',#2594,#2517,#407,.T.);
#2215=EDGE_CURVE('',#2593,#2516,#408,.T.);
#2216=EDGE_CURVE('',#2595,#2596,#2698,.T.);
#2217=EDGE_CURVE('',#2596,#2381,#409,.T.);
#2218=EDGE_CURVE('',#2597,#2519,#410,.T.);
#2219=EDGE_CURVE('',#2597,#2598,#411,.T.);
#2220=EDGE_CURVE('',#2598,#2599,#2699,.T.);
#2221=EDGE_CURVE('',#2599,#2600,#412,.T.);
#2222=EDGE_CURVE('',#2600,#2601,#2700,.T.);
#2223=EDGE_CURVE('',#2601,#2602,#2701,.F.);
#2224=EDGE_CURVE('',#2602,#2603,#413,.T.);
#2225=EDGE_CURVE('',#2603,#2604,#2702,.F.);
#2226=EDGE_CURVE('',#2604,#2605,#2703,.T.);
#2227=EDGE_CURVE('',#2605,#2595,#414,.T.);
#2228=EDGE_CURVE('',#2606,#2518,#415,.T.);
#2229=EDGE_CURVE('',#2606,#2597,#416,.T.);
#2230=EDGE_CURVE('',#2380,#2607,#417,.T.);
#2231=EDGE_CURVE('',#2607,#2608,#2704,.T.);
#2232=EDGE_CURVE('',#2608,#2609,#418,.T.);
#2233=EDGE_CURVE('',#2609,#2610,#2705,.T.);
#2234=EDGE_CURVE('',#2610,#2611,#2706,.F.);
#2235=EDGE_CURVE('',#2611,#2612,#419,.T.);
#2236=EDGE_CURVE('',#2612,#2613,#2707,.F.);
#2237=EDGE_CURVE('',#2613,#2614,#2708,.T.);
#2238=EDGE_CURVE('',#2614,#2615,#420,.T.);
#2239=EDGE_CURVE('',#2615,#2616,#2709,.T.);
#2240=EDGE_CURVE('',#2616,#2606,#421,.T.);
#2241=EDGE_CURVE('',#2414,#2396,#422,.T.);
#2242=EDGE_CURVE('',#2617,#2618,#423,.T.);
#2243=EDGE_CURVE('',#2384,#2617,#424,.T.);
#2244=EDGE_CURVE('',#2618,#2387,#425,.T.);
#2245=EDGE_CURVE('',#2619,#2620,#426,.T.);
#2246=EDGE_CURVE('',#2619,#2522,#427,.T.);
#2247=EDGE_CURVE('',#2618,#2521,#428,.T.);
#2248=EDGE_CURVE('',#2621,#2386,#429,.T.);
#2249=EDGE_CURVE('',#2622,#2621,#2710,.T.);
#2250=EDGE_CURVE('',#2623,#2622,#430,.T.);
#2251=EDGE_CURVE('',#2624,#2623,#2711,.T.);
#2252=EDGE_CURVE('',#2625,#2624,#2712,.F.);
#2253=EDGE_CURVE('',#2626,#2625,#431,.T.);
#2254=EDGE_CURVE('',#2627,#2626,#2713,.F.);
#2255=EDGE_CURVE('',#2628,#2627,#2714,.T.);
#2256=EDGE_CURVE('',#2629,#2628,#432,.T.);
#2257=EDGE_CURVE('',#2620,#2629,#2715,.T.);
#2258=EDGE_CURVE('',#2630,#2619,#433,.T.);
#2259=EDGE_CURVE('',#2630,#2523,#434,.T.);
#2260=EDGE_CURVE('',#2631,#2630,#435,.T.);
#2261=EDGE_CURVE('',#2632,#2631,#2716,.T.);
#2262=EDGE_CURVE('',#2633,#2632,#436,.T.);
#2263=EDGE_CURVE('',#2634,#2633,#2717,.T.);
#2264=EDGE_CURVE('',#2635,#2634,#2718,.F.);
#2265=EDGE_CURVE('',#2636,#2635,#437,.T.);
#2266=EDGE_CURVE('',#2637,#2636,#2719,.F.);
#2267=EDGE_CURVE('',#2638,#2637,#2720,.T.);
#2268=EDGE_CURVE('',#2639,#2638,#438,.T.);
#2269=EDGE_CURVE('',#2640,#2639,#2721,.T.);
#2270=EDGE_CURVE('',#2385,#2640,#439,.T.);
#2271=EDGE_CURVE('',#2617,#2520,#440,.T.);
#2272=EDGE_CURVE('',#2426,#2436,#441,.F.);
#2273=EDGE_CURVE('',#2450,#2460,#442,.T.);
#2274=EDGE_CURVE('',#2464,#2459,#443,.T.);
#2275=EDGE_CURVE('',#2458,#2465,#444,.T.);
#2276=EDGE_CURVE('',#2431,#2444,#445,.T.);
#2277=EDGE_CURVE('',#2631,#2620,#446,.T.);
#2278=EDGE_CURVE('',#2632,#2629,#447,.T.);
#2279=EDGE_CURVE('',#2633,#2628,#448,.T.);
#2280=EDGE_CURVE('',#2634,#2627,#449,.T.);
#2281=EDGE_CURVE('',#2635,#2626,#450,.T.);
#2282=EDGE_CURVE('',#2636,#2625,#451,.T.);
#2283=EDGE_CURVE('',#2637,#2624,#452,.T.);
#2284=EDGE_CURVE('',#2638,#2623,#453,.T.);
#2285=EDGE_CURVE('',#2639,#2622,#454,.T.);
#2286=EDGE_CURVE('',#2640,#2621,#455,.T.);
#2287=EDGE_CURVE('',#2607,#2596,#456,.T.);
#2288=EDGE_CURVE('',#2608,#2595,#457,.T.);
#2289=EDGE_CURVE('',#2609,#2605,#458,.T.);
#2290=EDGE_CURVE('',#2610,#2604,#459,.T.);
#2291=EDGE_CURVE('',#2611,#2603,#460,.T.);
#2292=EDGE_CURVE('',#2612,#2602,#461,.T.);
#2293=EDGE_CURVE('',#2613,#2601,#462,.T.);
#2294=EDGE_CURVE('',#2614,#2600,#463,.T.);
#2295=EDGE_CURVE('',#2615,#2599,#464,.T.);
#2296=EDGE_CURVE('',#2616,#2598,#465,.T.);
#2297=EDGE_CURVE('',#2641,#2642,#466,.T.);
#2298=EDGE_CURVE('',#2642,#2643,#467,.T.);
#2299=EDGE_CURVE('',#2643,#2644,#468,.F.);
#2300=EDGE_CURVE('',#2644,#2641,#469,.T.);
#2301=EDGE_CURVE('',#2346,#2642,#2722,.T.);
#2302=EDGE_CURVE('',#2641,#2347,#2723,.T.);
#2303=EDGE_CURVE('',#2358,#2645,#2724,.F.);
#2304=EDGE_CURVE('',#2645,#2646,#470,.T.);
#2305=EDGE_CURVE('',#2646,#2359,#2725,.F.);
#2306=EDGE_CURVE('',#2645,#2647,#471,.T.);
#2307=EDGE_CURVE('',#2647,#2648,#472,.T.);
#2308=EDGE_CURVE('',#2648,#2646,#473,.T.);
#2309=EDGE_CURVE('',#2370,#2331,#2726,.F.);
#2310=EDGE_CURVE('',#2649,#2339,#25,.F.);
#2311=EDGE_CURVE('',#2649,#2371,#31,.T.);
#2312=EDGE_CURVE('',#2643,#2649,#32,.T.);
#2313=EDGE_CURVE('',#2650,#2338,#26,.F.);
#2314=EDGE_CURVE('',#2650,#2644,#33,.T.);
#2315=EDGE_CURVE('',#2651,#2337,#27,.T.);
#2316=EDGE_CURVE('',#2651,#2377,#34,.T.);
#2317=EDGE_CURVE('',#2376,#2650,#35,.F.);
#2318=EDGE_CURVE('',#2647,#2651,#36,.T.);
#2319=EDGE_CURVE('',#2652,#2336,#28,.F.);
#2320=EDGE_CURVE('',#2652,#2648,#37,.T.);
#2321=EDGE_CURVE('',#2335,#2375,#2727,.F.);
#2322=EDGE_CURVE('',#2374,#2652,#38,.F.);
#2323=EDGE_CURVE('',#2333,#2580,#39,.F.);
#2324=EDGE_CURVE('',#2334,#2577,#2728,.T.);
#2325=EDGE_CURVE('',#2335,#2576,#2729,.T.);
#2326=EDGE_CURVE('',#2375,#2575,#2730,.T.);
#2327=EDGE_CURVE('',#2572,#2332,#2731,.T.);
#2328=EDGE_CURVE('',#2568,#2331,#2732,.T.);
#2329=EDGE_CURVE('',#2569,#2370,#2733,.T.);
#2330=VERTEX_POINT('',#5910);
#2331=VERTEX_POINT('',#5912);
#2332=VERTEX_POINT('',#5913);
#2333=VERTEX_POINT('',#5915);
#2334=VERTEX_POINT('',#5917);
#2335=VERTEX_POINT('',#5919);
#2336=VERTEX_POINT('',#5921);
#2337=VERTEX_POINT('',#5923);
#2338=VERTEX_POINT('',#5925);
#2339=VERTEX_POINT('',#5927);
#2340=VERTEX_POINT('',#5930);
#2341=VERTEX_POINT('',#5931);
#2342=VERTEX_POINT('',#5933);
#2343=VERTEX_POINT('',#5935);
#2344=VERTEX_POINT('',#5939);
#2345=VERTEX_POINT('',#5940);
#2346=VERTEX_POINT('',#5942);
#2347=VERTEX_POINT('',#5944);
#2348=VERTEX_POINT('',#5946);
#2349=VERTEX_POINT('',#5948);
#2350=VERTEX_POINT('',#5950);
#2351=VERTEX_POINT('',#5952);
#2352=VERTEX_POINT('',#5954);
#2353=VERTEX_POINT('',#5956);
#2354=VERTEX_POINT('',#5958);
#2355=VERTEX_POINT('',#5960);
#2356=VERTEX_POINT('',#5964);
#2357=VERTEX_POINT('',#5965);
#2358=VERTEX_POINT('',#5967);
#2359=VERTEX_POINT('',#5969);
#2360=VERTEX_POINT('',#5971);
#2361=VERTEX_POINT('',#5973);
#2362=VERTEX_POINT('',#5975);
#2363=VERTEX_POINT('',#5977);
#2364=VERTEX_POINT('',#5979);
#2365=VERTEX_POINT('',#5981);
#2366=VERTEX_POINT('',#5983);
#2367=VERTEX_POINT('',#5985);
#2368=VERTEX_POINT('',#5989);
#2369=VERTEX_POINT('',#5990);
#2370=VERTEX_POINT('',#5992);
#2371=VERTEX_POINT('',#5994);
#2372=VERTEX_POINT('',#5996);
#2373=VERTEX_POINT('',#5998);
#2374=VERTEX_POINT('',#6000);
#2375=VERTEX_POINT('',#6002);
#2376=VERTEX_POINT('',#6006);
#2377=VERTEX_POINT('',#6007);
#2378=VERTEX_POINT('',#6009);
#2379=VERTEX_POINT('',#6011);
#2380=VERTEX_POINT('',#6015);
#2381=VERTEX_POINT('',#6016);
#2382=VERTEX_POINT('',#6018);
#2383=VERTEX_POINT('',#6020);
#2384=VERTEX_POINT('',#6024);
#2385=VERTEX_POINT('',#6025);
#2386=VERTEX_POINT('',#6027);
#2387=VERTEX_POINT('',#6029);
#2388=VERTEX_POINT('',#6033);
#2389=VERTEX_POINT('',#6034);
#2390=VERTEX_POINT('',#6036);
#2391=VERTEX_POINT('',#6038);
#2392=VERTEX_POINT('',#6042);
#2393=VERTEX_POINT('',#6043);
#2394=VERTEX_POINT('',#6045);
#2395=VERTEX_POINT('',#6047);
#2396=VERTEX_POINT('',#6051);
#2397=VERTEX_POINT('',#6052);
#2398=VERTEX_POINT('',#6054);
#2399=VERTEX_POINT('',#6056);
#2400=VERTEX_POINT('',#6058);
#2401=VERTEX_POINT('',#6060);
#2402=VERTEX_POINT('',#6064);
#2403=VERTEX_POINT('',#6065);
#2404=VERTEX_POINT('',#6067);
#2405=VERTEX_POINT('',#6069);
#2406=VERTEX_POINT('',#6071);
#2407=VERTEX_POINT('',#6073);
#2408=VERTEX_POINT('',#6077);
#2409=VERTEX_POINT('',#6079);
#2410=VERTEX_POINT('',#6083);
#2411=VERTEX_POINT('',#6085);
#2412=VERTEX_POINT('',#6089);
#2413=VERTEX_POINT('',#6090);
#2414=VERTEX_POINT('',#6092);
#2415=VERTEX_POINT('',#6094);
#2416=VERTEX_POINT('',#6099);
#2417=VERTEX_POINT('',#6101);
#2418=VERTEX_POINT('',#6103);
#2419=VERTEX_POINT('',#6105);
#2420=VERTEX_POINT('',#6109);
#2421=VERTEX_POINT('',#6111);
#2422=VERTEX_POINT('',#6121);
#2423=VERTEX_POINT('',#6123);
#2424=VERTEX_POINT('',#6133);
#2425=VERTEX_POINT('',#6134);
#2426=VERTEX_POINT('',#6136);
#2427=VERTEX_POINT('',#6138);
#2428=VERTEX_POINT('',#6140);
#2429=VERTEX_POINT('',#6142);
#2430=VERTEX_POINT('',#6144);
#2431=VERTEX_POINT('',#6146);
#2432=VERTEX_POINT('',#6148);
#2433=VERTEX_POINT('',#6150);
#2434=VERTEX_POINT('',#6152);
#2435=VERTEX_POINT('',#6154);
#2436=VERTEX_POINT('',#6158);
#2437=VERTEX_POINT('',#6159);
#2438=VERTEX_POINT('',#6161);
#2439=VERTEX_POINT('',#6163);
#2440=VERTEX_POINT('',#6165);
#2441=VERTEX_POINT('',#6167);
#2442=VERTEX_POINT('',#6169);
#2443=VERTEX_POINT('',#6171);
#2444=VERTEX_POINT('',#6173);
#2445=VERTEX_POINT('',#6175);
#2446=VERTEX_POINT('',#6177);
#2447=VERTEX_POINT('',#6179);
#2448=VERTEX_POINT('',#6183);
#2449=VERTEX_POINT('',#6184);
#2450=VERTEX_POINT('',#6186);
#2451=VERTEX_POINT('',#6188);
#2452=VERTEX_POINT('',#6190);
#2453=VERTEX_POINT('',#6192);
#2454=VERTEX_POINT('',#6194);
#2455=VERTEX_POINT('',#6196);
#2456=VERTEX_POINT('',#6198);
#2457=VERTEX_POINT('',#6200);
#2458=VERTEX_POINT('',#6202);
#2459=VERTEX_POINT('',#6204);
#2460=VERTEX_POINT('',#6208);
#2461=VERTEX_POINT('',#6209);
#2462=VERTEX_POINT('',#6211);
#2463=VERTEX_POINT('',#6213);
#2464=VERTEX_POINT('',#6215);
#2465=VERTEX_POINT('',#6217);
#2466=VERTEX_POINT('',#6219);
#2467=VERTEX_POINT('',#6221);
#2468=VERTEX_POINT('',#6223);
#2469=VERTEX_POINT('',#6225);
#2470=VERTEX_POINT('',#6227);
#2471=VERTEX_POINT('',#6229);
#2472=VERTEX_POINT('',#6233);
#2473=VERTEX_POINT('',#6234);
#2474=VERTEX_POINT('',#6236);
#2475=VERTEX_POINT('',#6238);
#2476=VERTEX_POINT('',#6245);
#2477=VERTEX_POINT('',#6246);
#2478=VERTEX_POINT('',#6248);
#2479=VERTEX_POINT('',#6250);
#2480=VERTEX_POINT('',#6286);
#2481=VERTEX_POINT('',#6287);
#2482=VERTEX_POINT('',#6289);
#2483=VERTEX_POINT('',#6291);
#2484=VERTEX_POINT('',#6293);
#2485=VERTEX_POINT('',#6295);
#2486=VERTEX_POINT('',#6297);
#2487=VERTEX_POINT('',#6299);
#2488=VERTEX_POINT('',#6301);
#2489=VERTEX_POINT('',#6303);
#2490=VERTEX_POINT('',#6305);
#2491=VERTEX_POINT('',#6307);
#2492=VERTEX_POINT('',#6309);
#2493=VERTEX_POINT('',#6311);
#2494=VERTEX_POINT('',#6313);
#2495=VERTEX_POINT('',#6315);
#2496=VERTEX_POINT('',#6317);
#2497=VERTEX_POINT('',#6319);
#2498=VERTEX_POINT('',#6321);
#2499=VERTEX_POINT('',#6323);
#2500=VERTEX_POINT('',#6325);
#2501=VERTEX_POINT('',#6327);
#2502=VERTEX_POINT('',#6329);
#2503=VERTEX_POINT('',#6331);
#2504=VERTEX_POINT('',#6333);
#2505=VERTEX_POINT('',#6335);
#2506=VERTEX_POINT('',#6337);
#2507=VERTEX_POINT('',#6339);
#2508=VERTEX_POINT('',#6341);
#2509=VERTEX_POINT('',#6343);
#2510=VERTEX_POINT('',#6345);
#2511=VERTEX_POINT('',#6347);
#2512=VERTEX_POINT('',#6349);
#2513=VERTEX_POINT('',#6351);
#2514=VERTEX_POINT('',#6353);
#2515=VERTEX_POINT('',#6355);
#2516=VERTEX_POINT('',#6358);
#2517=VERTEX_POINT('',#6359);
#2518=VERTEX_POINT('',#6361);
#2519=VERTEX_POINT('',#6363);
#2520=VERTEX_POINT('',#6366);
#2521=VERTEX_POINT('',#6367);
#2522=VERTEX_POINT('',#6369);
#2523=VERTEX_POINT('',#6371);
#2524=VERTEX_POINT('',#6377);
#2525=VERTEX_POINT('',#6379);
#2526=VERTEX_POINT('',#6384);
#2527=VERTEX_POINT('',#6386);
#2528=VERTEX_POINT('',#6388);
#2529=VERTEX_POINT('',#6390);
#2530=VERTEX_POINT('',#6392);
#2531=VERTEX_POINT('',#6394);
#2532=VERTEX_POINT('',#6396);
#2533=VERTEX_POINT('',#6398);
#2534=VERTEX_POINT('',#6400);
#2535=VERTEX_POINT('',#6402);
#2536=VERTEX_POINT('',#6404);
#2537=VERTEX_POINT('',#6406);
#2538=VERTEX_POINT('',#6408);
#2539=VERTEX_POINT('',#6410);
#2540=VERTEX_POINT('',#6412);
#2541=VERTEX_POINT('',#6414);
#2542=VERTEX_POINT('',#6416);
#2543=VERTEX_POINT('',#6418);
#2544=VERTEX_POINT('',#6423);
#2545=VERTEX_POINT('',#6425);
#2546=VERTEX_POINT('',#6429);
#2547=VERTEX_POINT('',#6431);
#2548=VERTEX_POINT('',#6435);
#2549=VERTEX_POINT('',#6437);
#2550=VERTEX_POINT('',#6441);
#2551=VERTEX_POINT('',#6443);
#2552=VERTEX_POINT('',#6447);
#2553=VERTEX_POINT('',#6449);
#2554=VERTEX_POINT('',#6453);
#2555=VERTEX_POINT('',#6455);
#2556=VERTEX_POINT('',#6459);
#2557=VERTEX_POINT('',#6461);
#2558=VERTEX_POINT('',#6463);
#2559=VERTEX_POINT('',#6471);
#2560=VERTEX_POINT('',#6475);
#2561=VERTEX_POINT('',#6479);
#2562=VERTEX_POINT('',#6483);
#2563=VERTEX_POINT('',#6485);
#2564=VERTEX_POINT('',#6490);
#2565=VERTEX_POINT('',#6492);
#2566=VERTEX_POINT('',#6494);
#2567=VERTEX_POINT('',#6496);
#2568=VERTEX_POINT('',#6513);
#2569=VERTEX_POINT('',#6514);
#2570=VERTEX_POINT('',#6516);
#2571=VERTEX_POINT('',#6518);
#2572=VERTEX_POINT('',#6520);
#2573=VERTEX_POINT('',#6524);
#2574=VERTEX_POINT('',#6525);
#2575=VERTEX_POINT('',#6527);
#2576=VERTEX_POINT('',#6529);
#2577=VERTEX_POINT('',#6531);
#2578=VERTEX_POINT('',#6535);
#2579=VERTEX_POINT('',#6537);
#2580=VERTEX_POINT('',#6544);
#2581=VERTEX_POINT('',#6549);
#2582=VERTEX_POINT('',#6551);
#2583=VERTEX_POINT('',#6558);
#2584=VERTEX_POINT('',#6560);
#2585=VERTEX_POINT('',#6566);
#2586=VERTEX_POINT('',#6569);
#2587=VERTEX_POINT('',#6572);
#2588=VERTEX_POINT('',#6575);
#2589=VERTEX_POINT('',#6579);
#2590=VERTEX_POINT('',#6581);
#2591=VERTEX_POINT('',#6585);
#2592=VERTEX_POINT('',#6589);
#2593=VERTEX_POINT('',#6656);
#2594=VERTEX_POINT('',#6657);
#2595=VERTEX_POINT('',#6665);
#2596=VERTEX_POINT('',#6666);
#2597=VERTEX_POINT('',#6669);
#2598=VERTEX_POINT('',#6671);
#2599=VERTEX_POINT('',#6673);
#2600=VERTEX_POINT('',#6675);
#2601=VERTEX_POINT('',#6677);
#2602=VERTEX_POINT('',#6679);
#2603=VERTEX_POINT('',#6681);
#2604=VERTEX_POINT('',#6683);
#2605=VERTEX_POINT('',#6685);
#2606=VERTEX_POINT('',#6689);
#2607=VERTEX_POINT('',#6693);
#2608=VERTEX_POINT('',#6695);
#2609=VERTEX_POINT('',#6697);
#2610=VERTEX_POINT('',#6699);
#2611=VERTEX_POINT('',#6701);
#2612=VERTEX_POINT('',#6703);
#2613=VERTEX_POINT('',#6705);
#2614=VERTEX_POINT('',#6707);
#2615=VERTEX_POINT('',#6709);
#2616=VERTEX_POINT('',#6711);
#2617=VERTEX_POINT('',#6717);
#2618=VERTEX_POINT('',#6718);
#2619=VERTEX_POINT('',#6723);
#2620=VERTEX_POINT('',#6724);
#2621=VERTEX_POINT('',#6728);
#2622=VERTEX_POINT('',#6730);
#2623=VERTEX_POINT('',#6732);
#2624=VERTEX_POINT('',#6734);
#2625=VERTEX_POINT('',#6736);
#2626=VERTEX_POINT('',#6738);
#2627=VERTEX_POINT('',#6740);
#2628=VERTEX_POINT('',#6742);
#2629=VERTEX_POINT('',#6744);
#2630=VERTEX_POINT('',#6748);
#2631=VERTEX_POINT('',#6752);
#2632=VERTEX_POINT('',#6754);
#2633=VERTEX_POINT('',#6756);
#2634=VERTEX_POINT('',#6758);
#2635=VERTEX_POINT('',#6760);
#2636=VERTEX_POINT('',#6762);
#2637=VERTEX_POINT('',#6764);
#2638=VERTEX_POINT('',#6766);
#2639=VERTEX_POINT('',#6768);
#2640=VERTEX_POINT('',#6770);
#2641=VERTEX_POINT('',#6837);
#2642=VERTEX_POINT('',#6838);
#2643=VERTEX_POINT('',#6840);
#2644=VERTEX_POINT('',#6842);
#2645=VERTEX_POINT('',#6849);
#2646=VERTEX_POINT('',#6851);
#2647=VERTEX_POINT('',#6855);
#2648=VERTEX_POINT('',#6857);
#2649=VERTEX_POINT('',#6862);
#2650=VERTEX_POINT('',#6873);
#2651=VERTEX_POINT('',#6880);
#2652=VERTEX_POINT('',#6895);
#2653=CIRCLE('',#4716,1.09695467206994);
#2654=CIRCLE('',#4717,1.18243628424925);
#2655=CIRCLE('',#4718,1.15445147640619);
#2656=CIRCLE('',#4740,0.3);
#2657=CIRCLE('',#4741,0.3);
#2658=CIRCLE('',#4743,0.3);
#2659=CIRCLE('',#4744,0.3);
#2660=CIRCLE('',#4746,0.3);
#2661=CIRCLE('',#4747,0.3);
#2662=CIRCLE('',#4749,0.3);
#2663=CIRCLE('',#4750,0.3);
#2664=CIRCLE('',#4765,0.410519738524017);
#2665=CIRCLE('',#4766,0.410519738524017);
#2666=CIRCLE('',#4767,0.047904997457158);
#2667=CIRCLE('',#4768,0.0543889140780483);
#2668=CIRCLE('',#4769,0.336261756521227);
#2669=CIRCLE('',#4770,0.336261756521227);
#2670=CIRCLE('',#4771,0.0543889140780483);
#2671=CIRCLE('',#4772,0.047904997457158);
#2672=CIRCLE('',#4775,0.699999999999999);
#2673=CIRCLE('',#4776,0.047904997457158);
#2674=CIRCLE('',#4777,0.0543889140780483);
#2675=CIRCLE('',#4778,0.336261756521227);
#2676=CIRCLE('',#4779,0.336261756521227);
#2677=CIRCLE('',#4780,0.0543889140780483);
#2678=CIRCLE('',#4781,0.047904997457158);
#2679=CIRCLE('',#4782,0.699999999999999);
#2680=CIRCLE('',#4797,0.699999999999999);
#2681=CIRCLE('',#4798,0.410519738524017);
#2682=CIRCLE('',#4799,0.410519738524017);
#2683=CIRCLE('',#4800,0.699999999999999);
#2684=CIRCLE('',#4806,0.499999999999999);
#2685=CIRCLE('',#4808,0.499999999999999);
#2686=CIRCLE('',#4810,1.10445147640619);
#2687=CIRCLE('',#4811,1.10445147640619);
#2688=CIRCLE('',#4814,1.13243628424925);
#2689=CIRCLE('',#4815,1.13243628424925);
#2690=CIRCLE('',#4817,0.57897406984624);
#2691=CIRCLE('',#4818,0.57897406984624);
#2692=CIRCLE('',#4820,0.0499999999999996);
#2693=CIRCLE('',#4821,0.0499999999999996);
#2694=CIRCLE('',#4823,1.04695467206995);
#2695=CIRCLE('',#4825,1.04695467206995);
#2696=CIRCLE('',#4827,0.257530157982888);
#2697=CIRCLE('',#4829,0.257530157982888);
#2698=CIRCLE('',#4871,0.124240240505847);
#2699=CIRCLE('',#4872,0.0838874886757123);
#2700=CIRCLE('',#4873,0.0700494292184828);
#2701=CIRCLE('',#4874,0.0262213950744359);
#2702=CIRCLE('',#4875,0.0380781927057296);
#2703=CIRCLE('',#4876,0.0805941598491962);
#2704=CIRCLE('',#4879,0.124240240505847);
#2705=CIRCLE('',#4880,0.0805941598491962);
#2706=CIRCLE('',#4881,0.0380781927057296);
#2707=CIRCLE('',#4882,0.0262213950744359);
#2708=CIRCLE('',#4883,0.0700494292184828);
#2709=CIRCLE('',#4884,0.0838874886757123);
#2710=CIRCLE('',#4888,0.124240240505847);
#2711=CIRCLE('',#4889,0.0805941598491962);
#2712=CIRCLE('',#4890,0.0380781927057296);
#2713=CIRCLE('',#4891,0.0262213950744359);
#2714=CIRCLE('',#4892,0.0700494292184828);
#2715=CIRCLE('',#4893,0.0838874886757123);
#2716=CIRCLE('',#4896,0.0838874886757123);
#2717=CIRCLE('',#4897,0.0700494292184828);
#2718=CIRCLE('',#4898,0.0262213950744359);
#2719=CIRCLE('',#4899,0.0380781927057296);
#2720=CIRCLE('',#4900,0.0805941598491962);
#2721=CIRCLE('',#4901,0.124240240505847);
#2722=CIRCLE('',#4941,0.699999999999999);
#2723=CIRCLE('',#4942,0.699999999999999);
#2724=CIRCLE('',#4944,0.699999999999999);
#2725=CIRCLE('',#4945,0.699999999999999);
#2726=CIRCLE('',#4948,0.549999999999999);
#2727=CIRCLE('',#4957,0.549999999999999);
#2728=CIRCLE('',#4963,0.0499999999999996);
#2729=CIRCLE('',#4965,0.0499999999999996);
#2730=CIRCLE('',#4967,0.0499999999999996);
#2731=CIRCLE('',#4970,0.0499999999999996);
#2732=CIRCLE('',#4972,0.0499999999999996);
#2733=CIRCLE('',#4974,0.0499999999999996);
#2734=EDGE_LOOP('',(#866));
#2735=EDGE_LOOP('',(#867,#868,#869,#870,#871,#872,#873,#874,#875));
#2736=EDGE_LOOP('',(#876,#877,#878,#879));
#2737=EDGE_LOOP('',(#880,#881,#882,#883,#884,#885,#886,#887,#888,#889,#890,
#891));
#2738=EDGE_LOOP('',(#892,#893,#894,#895,#896,#897,#898,#899,#900,#901,#902,
#903));
#2739=EDGE_LOOP('',(#904,#905,#906,#907,#908,#909,#910,#911));
#2740=EDGE_LOOP('',(#912,#913,#914,#915));
#2741=EDGE_LOOP('',(#916,#917,#918,#919));
#2742=EDGE_LOOP('',(#920,#921,#922,#923));
#2743=EDGE_LOOP('',(#924,#925,#926,#927));
#2744=EDGE_LOOP('',(#928,#929,#930,#931));
#2745=EDGE_LOOP('',(#932,#933,#934,#935,#936,#937));
#2746=EDGE_LOOP('',(#938,#939,#940,#941,#942,#943));
#2747=EDGE_LOOP('',(#944,#945,#946,#947));
#2748=EDGE_LOOP('',(#948,#949,#950,#951));
#2749=EDGE_LOOP('',(#952,#953,#954,#955,#956,#957));
#2750=EDGE_LOOP('',(#958,#959,#960,#961,#962,#963));
#2751=EDGE_LOOP('',(#964,#965,#966,#967));
#2752=EDGE_LOOP('',(#968,#969,#970,#971));
#2753=EDGE_LOOP('',(#972,#973,#974,#975));
#2754=EDGE_LOOP('',(#976,#977,#978,#979));
#2755=EDGE_LOOP('',(#980,#981,#982,#983));
#2756=EDGE_LOOP('',(#984,#985,#986,#987));
#2757=EDGE_LOOP('',(#988,#989,#990,#991,#992,#993,#994,#995,#996,#997,#998,
#999));
#2758=EDGE_LOOP('',(#1000,#1001,#1002,#1003,#1004,#1005,#1006,#1007,#1008,
#1009,#1010,#1011));
#2759=EDGE_LOOP('',(#1012,#1013,#1014,#1015,#1016,#1017,#1018,#1019,#1020,
#1021,#1022,#1023));
#2760=EDGE_LOOP('',(#1024,#1025,#1026,#1027,#1028,#1029,#1030,#1031,#1032,
#1033,#1034,#1035));
#2761=EDGE_LOOP('',(#1036,#1037,#1038,#1039));
#2762=EDGE_LOOP('',(#1040,#1041,#1042,#1043));
#2763=EDGE_LOOP('',(#1044,#1045,#1046,#1047));
#2764=EDGE_LOOP('',(#1048,#1049,#1050,#1051));
#2765=EDGE_LOOP('',(#1052,#1053,#1054,#1055));
#2766=EDGE_LOOP('',(#1056,#1057,#1058,#1059));
#2767=EDGE_LOOP('',(#1060,#1061,#1062,#1063));
#2768=EDGE_LOOP('',(#1064,#1065,#1066,#1067));
#2769=EDGE_LOOP('',(#1068,#1069,#1070,#1071));
#2770=EDGE_LOOP('',(#1072,#1073,#1074,#1075));
#2771=EDGE_LOOP('',(#1076,#1077,#1078,#1079));
#2772=EDGE_LOOP('',(#1080,#1081,#1082,#1083));
#2773=EDGE_LOOP('',(#1084,#1085,#1086,#1087));
#2774=EDGE_LOOP('',(#1088,#1089,#1090,#1091));
#2775=EDGE_LOOP('',(#1092,#1093,#1094,#1095));
#2776=EDGE_LOOP('',(#1096,#1097,#1098,#1099,#1100,#1101,#1102,#1103,#1104,
#1105,#1106,#1107,#1108,#1109,#1110,#1111,#1112,#1113,#1114,#1115,#1116,
#1117,#1118,#1119,#1120,#1121,#1122,#1123,#1124,#1125,#1126,#1127,#1128,
#1129,#1130,#1131));
#2777=EDGE_LOOP('',(#1132,#1133,#1134,#1135));
#2778=EDGE_LOOP('',(#1136,#1137,#1138,#1139));
#2779=EDGE_LOOP('',(#1140,#1141,#1142,#1143));
#2780=EDGE_LOOP('',(#1144,#1145,#1146,#1147));
#2781=EDGE_LOOP('',(#1148,#1149,#1150,#1151));
#2782=EDGE_LOOP('',(#1152,#1153,#1154,#1155,#1156,#1157,#1158,#1159,#1160,
#1161,#1162,#1163,#1164,#1165,#1166,#1167,#1168,#1169,#1170,#1171,#1172,
#1173,#1174,#1175));
#2783=EDGE_LOOP('',(#1176,#1177,#1178,#1179));
#2784=EDGE_LOOP('',(#1180,#1181,#1182,#1183));
#2785=EDGE_LOOP('',(#1184,#1185,#1186,#1187));
#2786=EDGE_LOOP('',(#1188,#1189,#1190,#1191,#1192));
#2787=EDGE_LOOP('',(#1193,#1194,#1195,#1196,#1197));
#2788=EDGE_LOOP('',(#1198,#1199,#1200,#1201,#1202));
#2789=EDGE_LOOP('',(#1203,#1204,#1205,#1206,#1207));
#2790=EDGE_LOOP('',(#1208,#1209,#1210,#1211));
#2791=EDGE_LOOP('',(#1212,#1213,#1214,#1215));
#2792=EDGE_LOOP('',(#1216,#1217,#1218,#1219,#1220));
#2793=EDGE_LOOP('',(#1221,#1222,#1223,#1224,#1225));
#2794=EDGE_LOOP('',(#1226,#1227,#1228,#1229,#1230));
#2795=EDGE_LOOP('',(#1231,#1232,#1233,#1234,#1235));
#2796=EDGE_LOOP('',(#1236,#1237,#1238,#1239,#1240,#1241,#1242,#1243,#1244,
#1245,#1246,#1247));
#2797=EDGE_LOOP('',(#1248,#1249,#1250,#1251,#1252,#1253));
#2798=EDGE_LOOP('',(#1254,#1255,#1256,#1257,#1258,#1259));
#2799=EDGE_LOOP('',(#1260,#1261,#1262,#1263,#1264,#1265));
#2800=EDGE_LOOP('',(#1266,#1267,#1268,#1269,#1270,#1271));
#2801=EDGE_LOOP('',(#1272,#1273,#1274,#1275,#1276));
#2802=EDGE_LOOP('',(#1277,#1278,#1279,#1280,#1281));
#2803=EDGE_LOOP('',(#1282,#1283,#1284,#1285));
#2804=EDGE_LOOP('',(#1286,#1287,#1288,#1289,#1290));
#2805=EDGE_LOOP('',(#1291,#1292,#1293,#1294));
#2806=EDGE_LOOP('',(#1295));
#2807=EDGE_LOOP('',(#1296));
#2808=EDGE_LOOP('',(#1297));
#2809=EDGE_LOOP('',(#1298,#1299,#1300,#1301,#1302,#1303,#1304,#1305));
#2810=EDGE_LOOP('',(#1306));
#2811=EDGE_LOOP('',(#1307));
#2812=EDGE_LOOP('',(#1308));
#2813=EDGE_LOOP('',(#1309));
#2814=EDGE_LOOP('',(#1310));
#2815=EDGE_LOOP('',(#1311));
#2816=EDGE_LOOP('',(#1312));
#2817=EDGE_LOOP('',(#1313));
#2818=EDGE_LOOP('',(#1314,#1315,#1316,#1317));
#2819=EDGE_LOOP('',(#1318,#1319,#1320,#1321));
#2820=EDGE_LOOP('',(#1322,#1323,#1324,#1325));
#2821=EDGE_LOOP('',(#1326,#1327,#1328,#1329));
#2822=EDGE_LOOP('',(#1330,#1331,#1332,#1333));
#2823=EDGE_LOOP('',(#1334,#1335,#1336,#1337));
#2824=EDGE_LOOP('',(#1338,#1339,#1340,#1341));
#2825=EDGE_LOOP('',(#1342,#1343,#1344,#1345));
#2826=EDGE_LOOP('',(#1346,#1347,#1348,#1349));
#2827=EDGE_LOOP('',(#1350,#1351,#1352,#1353));
#2828=EDGE_LOOP('',(#1354,#1355,#1356,#1357));
#2829=EDGE_LOOP('',(#1358,#1359,#1360,#1361));
#2830=EDGE_LOOP('',(#1362,#1363,#1364,#1365));
#2831=EDGE_LOOP('',(#1366,#1367,#1368,#1369));
#2832=EDGE_LOOP('',(#1370,#1371,#1372,#1373));
#2833=EDGE_LOOP('',(#1374,#1375,#1376,#1377));
#2834=EDGE_LOOP('',(#1378,#1379,#1380,#1381));
#2835=EDGE_LOOP('',(#1382,#1383,#1384,#1385));
#2836=EDGE_LOOP('',(#1386,#1387,#1388,#1389));
#2837=EDGE_LOOP('',(#1390,#1391,#1392,#1393));
#2838=EDGE_LOOP('',(#1394,#1395,#1396,#1397));
#2839=EDGE_LOOP('',(#1398,#1399,#1400,#1401));
#2840=EDGE_LOOP('',(#1402,#1403,#1404,#1405));
#2841=EDGE_LOOP('',(#1406,#1407,#1408,#1409));
#2842=EDGE_LOOP('',(#1410,#1411,#1412,#1413));
#2843=EDGE_LOOP('',(#1414,#1415,#1416,#1417));
#2844=EDGE_LOOP('',(#1418,#1419,#1420,#1421));
#2845=EDGE_LOOP('',(#1422,#1423,#1424,#1425));
#2846=EDGE_LOOP('',(#1426,#1427,#1428,#1429));
#2847=EDGE_LOOP('',(#1430,#1431,#1432,#1433));
#2848=EDGE_LOOP('',(#1434,#1435,#1436,#1437));
#2849=EDGE_LOOP('',(#1438,#1439,#1440,#1441));
#2850=EDGE_LOOP('',(#1442,#1443,#1444,#1445));
#2851=EDGE_LOOP('',(#1446,#1447,#1448,#1449));
#2852=EDGE_LOOP('',(#1450,#1451,#1452,#1453));
#2853=EDGE_LOOP('',(#1454,#1455,#1456,#1457));
#2854=EDGE_LOOP('',(#1458,#1459,#1460,#1461));
#2855=EDGE_LOOP('',(#1462,#1463,#1464,#1465));
#2856=EDGE_LOOP('',(#1466,#1467,#1468,#1469));
#2857=EDGE_LOOP('',(#1470,#1471,#1472,#1473,#1474,#1475,#1476,#1477,#1478,
#1479,#1480,#1481,#1482,#1483,#1484,#1485));
#2858=EDGE_LOOP('',(#1486,#1487,#1488,#1489));
#2859=EDGE_LOOP('',(#1490,#1491,#1492,#1493,#1494,#1495,#1496,#1497,#1498,
#1499,#1500,#1501,#1502,#1503,#1504,#1505));
#2860=EDGE_LOOP('',(#1506,#1507,#1508,#1509));
#2861=EDGE_LOOP('',(#1510,#1511,#1512,#1513));
#2862=EDGE_LOOP('',(#1514,#1515,#1516,#1517,#1518,#1519,#1520,#1521,#1522,
#1523,#1524,#1525,#1526,#1527,#1528,#1529));
#2863=EDGE_LOOP('',(#1530,#1531,#1532,#1533));
#2864=EDGE_LOOP('',(#1534,#1535,#1536,#1537,#1538,#1539,#1540,#1541,#1542,
#1543,#1544,#1545,#1546,#1547,#1548,#1549));
#2865=EDGE_LOOP('',(#1550,#1551,#1552,#1553));
#2866=EDGE_LOOP('',(#1554,#1555,#1556,#1557));
#2867=EDGE_LOOP('',(#1558,#1559,#1560,#1561));
#2868=EDGE_LOOP('',(#1562,#1563,#1564,#1565));
#2869=EDGE_LOOP('',(#1566,#1567,#1568,#1569));
#2870=EDGE_LOOP('',(#1570,#1571,#1572,#1573));
#2871=EDGE_LOOP('',(#1574,#1575,#1576,#1577));
#2872=EDGE_LOOP('',(#1578,#1579,#1580,#1581,#1582,#1583));
#2873=EDGE_LOOP('',(#1584,#1585,#1586,#1587,#1588,#1589));
#2874=EDGE_LOOP('',(#1590,#1591,#1592,#1593,#1594,#1595));
#2875=EDGE_LOOP('',(#1596,#1597,#1598,#1599,#1600,#1601));
#2876=EDGE_LOOP('',(#1602,#1603,#1604,#1605,#1606,#1607,#1608));
#2877=EDGE_LOOP('',(#1609,#1610,#1611,#1612,#1613,#1614,#1615));
#2878=EDGE_LOOP('',(#1616,#1617,#1618,#1619,#1620,#1621,#1622));
#2879=EDGE_LOOP('',(#1623,#1624,#1625,#1626,#1627,#1628,#1629));
#2880=EDGE_LOOP('',(#1630,#1631,#1632,#1633));
#2881=EDGE_LOOP('',(#1634,#1635,#1636,#1637));
#2882=EDGE_LOOP('',(#1638,#1639,#1640,#1641));
#2883=EDGE_LOOP('',(#1642,#1643,#1644,#1645));
#2884=EDGE_LOOP('',(#1646,#1647,#1648,#1649));
#2885=EDGE_LOOP('',(#1650,#1651,#1652,#1653));
#2886=EDGE_LOOP('',(#1654,#1655,#1656,#1657));
#2887=EDGE_LOOP('',(#1658,#1659,#1660,#1661));
#2888=EDGE_LOOP('',(#1662,#1663,#1664,#1665));
#2889=EDGE_LOOP('',(#1666,#1667,#1668,#1669));
#2890=EDGE_LOOP('',(#1670,#1671,#1672,#1673));
#2891=EDGE_LOOP('',(#1674,#1675,#1676,#1677));
#2892=EDGE_LOOP('',(#1678,#1679,#1680,#1681));
#2893=EDGE_LOOP('',(#1682,#1683,#1684,#1685));
#2894=EDGE_LOOP('',(#1686,#1687,#1688,#1689));
#2895=EDGE_LOOP('',(#1690,#1691,#1692,#1693));
#2896=EDGE_LOOP('',(#1694,#1695,#1696,#1697));
#2897=EDGE_LOOP('',(#1698,#1699,#1700,#1701));
#2898=EDGE_LOOP('',(#1702,#1703,#1704,#1705));
#2899=EDGE_LOOP('',(#1706,#1707,#1708,#1709));
#2900=EDGE_LOOP('',(#1710,#1711,#1712,#1713));
#2901=EDGE_LOOP('',(#1714,#1715,#1716,#1717));
#2902=EDGE_LOOP('',(#1718,#1719,#1720,#1721));
#2903=EDGE_LOOP('',(#1722,#1723,#1724,#1725));
#2904=EDGE_LOOP('',(#1726,#1727,#1728,#1729));
#2905=EDGE_LOOP('',(#1730,#1731,#1732,#1733));
#2906=EDGE_LOOP('',(#1734,#1735,#1736,#1737,#1738));
#2907=EDGE_LOOP('',(#1739,#1740,#1741,#1742,#1743,#1744));
#2908=EDGE_LOOP('',(#1745,#1746,#1747,#1748,#1749,#1750));
#2909=EDGE_LOOP('',(#1751,#1752,#1753,#1754,#1755,#1756));
#2910=EDGE_LOOP('',(#1757,#1758,#1759,#1760,#1761));
#2911=EDGE_LOOP('',(#1762,#1763,#1764,#1765,#1766,#1767,#1768));
#2912=EDGE_LOOP('',(#1769,#1770,#1771,#1772,#1773,#1774,#1775));
#2913=EDGE_LOOP('',(#1776,#1777,#1778,#1779,#1780,#1781,#1782));
#2914=EDGE_LOOP('',(#1783,#1784,#1785,#1786,#1787,#1788,#1789));
#2915=EDGE_LOOP('',(#1790,#1791,#1792,#1793,#1794));
#2916=EDGE_LOOP('',(#1795,#1796,#1797,#1798));
#2917=EDGE_LOOP('',(#1799,#1800,#1801,#1802));
#2918=EDGE_LOOP('',(#1803,#1804,#1805,#1806));
#2919=EDGE_LOOP('',(#1807,#1808,#1809,#1810,#1811));
#2920=EDGE_LOOP('',(#1812,#1813,#1814,#1815));
#2921=EDGE_LOOP('',(#1816,#1817,#1818,#1819));
#2922=EDGE_LOOP('',(#1820,#1821,#1822,#1823));
#2923=EDGE_LOOP('',(#1824));
#2924=EDGE_LOOP('',(#1825));
#2925=EDGE_LOOP('',(#1826,#1827,#1828,#1829));
#2926=EDGE_LOOP('',(#1830,#1831,#1832,#1833));
#2927=EDGE_LOOP('',(#1834,#1835,#1836,#1837));
#2928=EDGE_LOOP('',(#1838,#1839,#1840,#1841));
#2929=FACE_BOUND('',#2734,.T.);
#2930=FACE_BOUND('',#2735,.T.);
#2931=FACE_BOUND('',#2736,.T.);
#2932=FACE_BOUND('',#2737,.T.);
#2933=FACE_BOUND('',#2738,.T.);
#2934=FACE_BOUND('',#2739,.T.);
#2935=FACE_BOUND('',#2740,.T.);
#2936=FACE_BOUND('',#2741,.T.);
#2937=FACE_BOUND('',#2742,.T.);
#2938=FACE_BOUND('',#2743,.T.);
#2939=FACE_BOUND('',#2744,.T.);
#2940=FACE_BOUND('',#2745,.T.);
#2941=FACE_BOUND('',#2746,.T.);
#2942=FACE_BOUND('',#2747,.T.);
#2943=FACE_BOUND('',#2748,.T.);
#2944=FACE_BOUND('',#2749,.T.);
#2945=FACE_BOUND('',#2750,.T.);
#2946=FACE_BOUND('',#2751,.T.);
#2947=FACE_BOUND('',#2752,.T.);
#2948=FACE_BOUND('',#2753,.T.);
#2949=FACE_BOUND('',#2754,.T.);
#2950=FACE_BOUND('',#2755,.T.);
#2951=FACE_BOUND('',#2756,.T.);
#2952=FACE_BOUND('',#2757,.T.);
#2953=FACE_BOUND('',#2758,.T.);
#2954=FACE_BOUND('',#2759,.T.);
#2955=FACE_BOUND('',#2760,.T.);
#2956=FACE_BOUND('',#2761,.T.);
#2957=FACE_BOUND('',#2762,.T.);
#2958=FACE_BOUND('',#2763,.T.);
#2959=FACE_BOUND('',#2764,.T.);
#2960=FACE_BOUND('',#2765,.T.);
#2961=FACE_BOUND('',#2766,.T.);
#2962=FACE_BOUND('',#2767,.T.);
#2963=FACE_BOUND('',#2768,.T.);
#2964=FACE_BOUND('',#2769,.T.);
#2965=FACE_BOUND('',#2770,.T.);
#2966=FACE_BOUND('',#2771,.T.);
#2967=FACE_BOUND('',#2772,.T.);
#2968=FACE_BOUND('',#2773,.T.);
#2969=FACE_BOUND('',#2774,.T.);
#2970=FACE_BOUND('',#2775,.T.);
#2971=FACE_BOUND('',#2776,.T.);
#2972=FACE_BOUND('',#2777,.T.);
#2973=FACE_BOUND('',#2778,.T.);
#2974=FACE_BOUND('',#2779,.T.);
#2975=FACE_BOUND('',#2780,.T.);
#2976=FACE_BOUND('',#2781,.T.);
#2977=FACE_BOUND('',#2782,.T.);
#2978=FACE_BOUND('',#2783,.T.);
#2979=FACE_BOUND('',#2784,.T.);
#2980=FACE_BOUND('',#2785,.T.);
#2981=FACE_BOUND('',#2786,.T.);
#2982=FACE_BOUND('',#2787,.T.);
#2983=FACE_BOUND('',#2788,.T.);
#2984=FACE_BOUND('',#2789,.T.);
#2985=FACE_BOUND('',#2790,.T.);
#2986=FACE_BOUND('',#2791,.T.);
#2987=FACE_BOUND('',#2792,.T.);
#2988=FACE_BOUND('',#2793,.T.);
#2989=FACE_BOUND('',#2794,.T.);
#2990=FACE_BOUND('',#2795,.T.);
#2991=FACE_BOUND('',#2796,.T.);
#2992=FACE_BOUND('',#2797,.T.);
#2993=FACE_BOUND('',#2798,.T.);
#2994=FACE_BOUND('',#2799,.T.);
#2995=FACE_BOUND('',#2800,.T.);
#2996=FACE_BOUND('',#2801,.T.);
#2997=FACE_BOUND('',#2802,.T.);
#2998=FACE_BOUND('',#2803,.T.);
#2999=FACE_BOUND('',#2804,.T.);
#3000=FACE_BOUND('',#2805,.T.);
#3001=FACE_BOUND('',#2806,.T.);
#3002=FACE_BOUND('',#2807,.T.);
#3003=FACE_BOUND('',#2808,.T.);
#3004=FACE_BOUND('',#2809,.T.);
#3005=FACE_BOUND('',#2810,.T.);
#3006=FACE_BOUND('',#2811,.T.);
#3007=FACE_BOUND('',#2812,.T.);
#3008=FACE_BOUND('',#2813,.T.);
#3009=FACE_BOUND('',#2814,.T.);
#3010=FACE_BOUND('',#2815,.T.);
#3011=FACE_BOUND('',#2816,.T.);
#3012=FACE_BOUND('',#2817,.T.);
#3013=FACE_BOUND('',#2818,.T.);
#3014=FACE_BOUND('',#2819,.T.);
#3015=FACE_BOUND('',#2820,.T.);
#3016=FACE_BOUND('',#2821,.T.);
#3017=FACE_BOUND('',#2822,.T.);
#3018=FACE_BOUND('',#2823,.T.);
#3019=FACE_BOUND('',#2824,.T.);
#3020=FACE_BOUND('',#2825,.T.);
#3021=FACE_BOUND('',#2826,.T.);
#3022=FACE_BOUND('',#2827,.T.);
#3023=FACE_BOUND('',#2828,.T.);
#3024=FACE_BOUND('',#2829,.T.);
#3025=FACE_BOUND('',#2830,.T.);
#3026=FACE_BOUND('',#2831,.T.);
#3027=FACE_BOUND('',#2832,.T.);
#3028=FACE_BOUND('',#2833,.T.);
#3029=FACE_BOUND('',#2834,.T.);
#3030=FACE_BOUND('',#2835,.T.);
#3031=FACE_BOUND('',#2836,.T.);
#3032=FACE_BOUND('',#2837,.T.);
#3033=FACE_BOUND('',#2838,.T.);
#3034=FACE_BOUND('',#2839,.T.);
#3035=FACE_BOUND('',#2840,.T.);
#3036=FACE_BOUND('',#2841,.T.);
#3037=FACE_BOUND('',#2842,.T.);
#3038=FACE_BOUND('',#2843,.T.);
#3039=FACE_BOUND('',#2844,.T.);
#3040=FACE_BOUND('',#2845,.T.);
#3041=FACE_BOUND('',#2846,.T.);
#3042=FACE_BOUND('',#2847,.T.);
#3043=FACE_BOUND('',#2848,.T.);
#3044=FACE_BOUND('',#2849,.T.);
#3045=FACE_BOUND('',#2850,.T.);
#3046=FACE_BOUND('',#2851,.T.);
#3047=FACE_BOUND('',#2852,.T.);
#3048=FACE_BOUND('',#2853,.T.);
#3049=FACE_BOUND('',#2854,.T.);
#3050=FACE_BOUND('',#2855,.T.);
#3051=FACE_BOUND('',#2856,.T.);
#3052=FACE_BOUND('',#2857,.T.);
#3053=FACE_BOUND('',#2858,.T.);
#3054=FACE_BOUND('',#2859,.T.);
#3055=FACE_BOUND('',#2860,.T.);
#3056=FACE_BOUND('',#2861,.T.);
#3057=FACE_BOUND('',#2862,.T.);
#3058=FACE_BOUND('',#2863,.T.);
#3059=FACE_BOUND('',#2864,.T.);
#3060=FACE_BOUND('',#2865,.T.);
#3061=FACE_BOUND('',#2866,.T.);
#3062=FACE_BOUND('',#2867,.T.);
#3063=FACE_BOUND('',#2868,.T.);
#3064=FACE_BOUND('',#2869,.T.);
#3065=FACE_BOUND('',#2870,.T.);
#3066=FACE_BOUND('',#2871,.T.);
#3067=FACE_BOUND('',#2872,.T.);
#3068=FACE_BOUND('',#2873,.T.);
#3069=FACE_BOUND('',#2874,.T.);
#3070=FACE_BOUND('',#2875,.T.);
#3071=FACE_BOUND('',#2876,.T.);
#3072=FACE_BOUND('',#2877,.T.);
#3073=FACE_BOUND('',#2878,.T.);
#3074=FACE_BOUND('',#2879,.T.);
#3075=FACE_BOUND('',#2880,.T.);
#3076=FACE_BOUND('',#2881,.T.);
#3077=FACE_BOUND('',#2882,.T.);
#3078=FACE_BOUND('',#2883,.T.);
#3079=FACE_BOUND('',#2884,.T.);
#3080=FACE_BOUND('',#2885,.T.);
#3081=FACE_BOUND('',#2886,.T.);
#3082=FACE_BOUND('',#2887,.T.);
#3083=FACE_BOUND('',#2888,.T.);
#3084=FACE_BOUND('',#2889,.T.);
#3085=FACE_BOUND('',#2890,.T.);
#3086=FACE_BOUND('',#2891,.T.);
#3087=FACE_BOUND('',#2892,.T.);
#3088=FACE_BOUND('',#2893,.T.);
#3089=FACE_BOUND('',#2894,.T.);
#3090=FACE_BOUND('',#2895,.T.);
#3091=FACE_BOUND('',#2896,.T.);
#3092=FACE_BOUND('',#2897,.T.);
#3093=FACE_BOUND('',#2898,.T.);
#3094=FACE_BOUND('',#2899,.T.);
#3095=FACE_BOUND('',#2900,.T.);
#3096=FACE_BOUND('',#2901,.T.);
#3097=FACE_BOUND('',#2902,.T.);
#3098=FACE_BOUND('',#2903,.T.);
#3099=FACE_BOUND('',#2904,.T.);
#3100=FACE_BOUND('',#2905,.T.);
#3101=FACE_BOUND('',#2906,.T.);
#3102=FACE_BOUND('',#2907,.T.);
#3103=FACE_BOUND('',#2908,.T.);
#3104=FACE_BOUND('',#2909,.T.);
#3105=FACE_BOUND('',#2910,.T.);
#3106=FACE_BOUND('',#2911,.T.);
#3107=FACE_BOUND('',#2912,.T.);
#3108=FACE_BOUND('',#2913,.T.);
#3109=FACE_BOUND('',#2914,.T.);
#3110=FACE_BOUND('',#2915,.T.);
#3111=FACE_BOUND('',#2916,.T.);
#3112=FACE_BOUND('',#2917,.T.);
#3113=FACE_BOUND('',#2918,.T.);
#3114=FACE_BOUND('',#2919,.T.);
#3115=FACE_BOUND('',#2920,.T.);
#3116=FACE_BOUND('',#2921,.T.);
#3117=FACE_BOUND('',#2922,.T.);
#3118=FACE_BOUND('',#2923,.T.);
#3119=FACE_BOUND('',#2924,.T.);
#3120=FACE_BOUND('',#2925,.T.);
#3121=FACE_BOUND('',#2926,.T.);
#3122=FACE_BOUND('',#2927,.T.);
#3123=FACE_BOUND('',#2928,.T.);
#3124=PLANE('',#4715);
#3125=PLANE('',#4719);
#3126=PLANE('',#4720);
#3127=PLANE('',#4721);
#3128=PLANE('',#4722);
#3129=PLANE('',#4723);
#3130=PLANE('',#4724);
#3131=PLANE('',#4725);
#3132=PLANE('',#4726);
#3133=PLANE('',#4727);
#3134=PLANE('',#4728);
#3135=PLANE('',#4729);
#3136=PLANE('',#4730);
#3137=PLANE('',#4731);
#3138=PLANE('',#4732);
#3139=PLANE('',#4733);
#3140=PLANE('',#4734);
#3141=PLANE('',#4735);
#3142=PLANE('',#4736);
#3143=PLANE('',#4737);
#3144=PLANE('',#4738);
#3145=PLANE('',#4739);
#3146=PLANE('',#4742);
#3147=PLANE('',#4745);
#3148=PLANE('',#4748);
#3149=PLANE('',#4751);
#3150=PLANE('',#4752);
#3151=PLANE('',#4753);
#3152=PLANE('',#4754);
#3153=PLANE('',#4755);
#3154=PLANE('',#4756);
#3155=PLANE('',#4757);
#3156=PLANE('',#4758);
#3157=PLANE('',#4759);
#3158=PLANE('',#4760);
#3159=PLANE('',#4761);
#3160=PLANE('',#4762);
#3161=PLANE('',#4763);
#3162=PLANE('',#4764);
#3163=PLANE('',#4773);
#3164=PLANE('',#4774);
#3165=PLANE('',#4783);
#3166=PLANE('',#4784);
#3167=PLANE('',#4785);
#3168=PLANE('',#4786);
#3169=PLANE('',#4787);
#3170=PLANE('',#4788);
#3171=PLANE('',#4789);
#3172=PLANE('',#4790);
#3173=PLANE('',#4791);
#3174=PLANE('',#4792);
#3175=PLANE('',#4793);
#3176=PLANE('',#4794);
#3177=PLANE('',#4795);
#3178=PLANE('',#4796);
#3179=PLANE('',#4801);
#3180=PLANE('',#4802);
#3181=PLANE('',#4803);
#3182=PLANE('',#4804);
#3183=PLANE('',#4805);
#3184=PLANE('',#4807);
#3185=PLANE('',#4812);
#3186=PLANE('',#4819);
#3187=PLANE('',#4822);
#3188=PLANE('',#4826);
#3189=PLANE('',#4828);
#3190=PLANE('',#4831);
#3191=PLANE('',#4832);
#3192=PLANE('',#4833);
#3193=PLANE('',#4834);
#3194=PLANE('',#4835);
#3195=PLANE('',#4836);
#3196=PLANE('',#4837);
#3197=PLANE('',#4838);
#3198=PLANE('',#4840);
#3199=PLANE('',#4842);
#3200=PLANE('',#4844);
#3201=PLANE('',#4845);
#3202=PLANE('',#4846);
#3203=PLANE('',#4847);
#3204=PLANE('',#4848);
#3205=PLANE('',#4850);
#3206=PLANE('',#4852);
#3207=PLANE('',#4854);
#3208=PLANE('',#4855);
#3209=PLANE('',#4856);
#3210=PLANE('',#4858);
#3211=PLANE('',#4860);
#3212=PLANE('',#4861);
#3213=PLANE('',#4862);
#3214=PLANE('',#4863);
#3215=PLANE('',#4864);
#3216=PLANE('',#4865);
#3217=PLANE('',#4866);
#3218=PLANE('',#4867);
#3219=PLANE('',#4868);
#3220=PLANE('',#4869);
#3221=PLANE('',#4870);
#3222=PLANE('',#4877);
#3223=PLANE('',#4878);
#3224=PLANE('',#4885);
#3225=PLANE('',#4886);
#3226=PLANE('',#4887);
#3227=PLANE('',#4894);
#3228=PLANE('',#4895);
#3229=PLANE('',#4902);
#3230=PLANE('',#4903);
#3231=PLANE('',#4904);
#3232=PLANE('',#4905);
#3233=PLANE('',#4906);
#3234=PLANE('',#4907);
#3235=PLANE('',#4908);
#3236=PLANE('',#4909);
#3237=PLANE('',#4910);
#3238=PLANE('',#4911);
#3239=PLANE('',#4912);
#3240=PLANE('',#4913);
#3241=PLANE('',#4914);
#3242=PLANE('',#4915);
#3243=PLANE('',#4916);
#3244=PLANE('',#4917);
#3245=PLANE('',#4919);
#3246=PLANE('',#4922);
#3247=PLANE('',#4925);
#3248=PLANE('',#4927);
#3249=PLANE('',#4928);
#3250=PLANE('',#4930);
#3251=PLANE('',#4933);
#3252=PLANE('',#4936);
#3253=PLANE('',#4938);
#3254=PLANE('',#4939);
#3255=PLANE('',#4940);
#3256=PLANE('',#4943);
#3257=PLANE('',#4946);
#3258=STYLED_ITEM('',(#3439),#4529);
#3259=STYLED_ITEM('',(#3440),#4530);
#3260=STYLED_ITEM('',(#3441),#4531);
#3261=STYLED_ITEM('',(#3442),#4532);
#3262=STYLED_ITEM('',(#3443),#4533);
#3263=STYLED_ITEM('',(#3444),#4534);
#3264=STYLED_ITEM('',(#3445),#4535);
#3265=STYLED_ITEM('',(#3446),#4536);
#3266=STYLED_ITEM('',(#3447),#4537);
#3267=STYLED_ITEM('',(#3448),#4538);
#3268=STYLED_ITEM('',(#3449),#4539);
#3269=STYLED_ITEM('',(#3450),#4540);
#3270=STYLED_ITEM('',(#3451),#4541);
#3271=STYLED_ITEM('',(#3452),#4542);
#3272=STYLED_ITEM('',(#3453),#4543);
#3273=STYLED_ITEM('',(#3454),#4544);
#3274=STYLED_ITEM('',(#3455),#4545);
#3275=STYLED_ITEM('',(#3456),#4546);
#3276=STYLED_ITEM('',(#3457),#4547);
#3277=STYLED_ITEM('',(#3458),#4548);
#3278=STYLED_ITEM('',(#3459),#4549);
#3279=STYLED_ITEM('',(#3460),#4550);
#3280=STYLED_ITEM('',(#3461),#4551);
#3281=STYLED_ITEM('',(#3462),#4552);
#3282=STYLED_ITEM('',(#3463),#4553);
#3283=STYLED_ITEM('',(#3464),#4554);
#3284=STYLED_ITEM('',(#3465),#4555);
#3285=STYLED_ITEM('',(#3466),#4556);
#3286=STYLED_ITEM('',(#3467),#4557);
#3287=STYLED_ITEM('',(#3468),#4558);
#3288=STYLED_ITEM('',(#3469),#4559);
#3289=STYLED_ITEM('',(#3470),#4560);
#3290=STYLED_ITEM('',(#3471),#4561);
#3291=STYLED_ITEM('',(#3472),#4562);
#3292=STYLED_ITEM('',(#3473),#4563);
#3293=STYLED_ITEM('',(#3474),#4564);
#3294=STYLED_ITEM('',(#3475),#4565);
#3295=STYLED_ITEM('',(#3476),#4566);
#3296=STYLED_ITEM('',(#3477),#4567);
#3297=STYLED_ITEM('',(#3478),#4568);
#3298=STYLED_ITEM('',(#3479),#4569);
#3299=STYLED_ITEM('',(#3480),#4570);
#3300=STYLED_ITEM('',(#3481),#4571);
#3301=STYLED_ITEM('',(#3482),#4572);
#3302=STYLED_ITEM('',(#3483),#4573);
#3303=STYLED_ITEM('',(#3484),#4574);
#3304=STYLED_ITEM('',(#3485),#4575);
#3305=STYLED_ITEM('',(#3486),#4576);
#3306=STYLED_ITEM('',(#3487),#4577);
#3307=STYLED_ITEM('',(#3488),#4578);
#3308=STYLED_ITEM('',(#3489),#4579);
#3309=STYLED_ITEM('',(#3490),#4580);
#3310=STYLED_ITEM('',(#3491),#4581);
#3311=STYLED_ITEM('',(#3492),#4582);
#3312=STYLED_ITEM('',(#3493),#4583);
#3313=STYLED_ITEM('',(#3494),#4584);
#3314=STYLED_ITEM('',(#3495),#4585);
#3315=STYLED_ITEM('',(#3496),#4586);
#3316=STYLED_ITEM('',(#3497),#4587);
#3317=STYLED_ITEM('',(#3498),#4588);
#3318=STYLED_ITEM('',(#3499),#4589);
#3319=STYLED_ITEM('',(#3500),#4590);
#3320=STYLED_ITEM('',(#3501),#4591);
#3321=STYLED_ITEM('',(#3502),#4592);
#3322=STYLED_ITEM('',(#3503),#4593);
#3323=STYLED_ITEM('',(#3504),#4594);
#3324=STYLED_ITEM('',(#3505),#4595);
#3325=STYLED_ITEM('',(#3506),#4596);
#3326=STYLED_ITEM('',(#3507),#4597);
#3327=STYLED_ITEM('',(#3508),#4598);
#3328=STYLED_ITEM('',(#3509),#4599);
#3329=STYLED_ITEM('',(#3510),#4600);
#3330=STYLED_ITEM('',(#3511),#4601);
#3331=STYLED_ITEM('',(#3512),#4602);
#3332=STYLED_ITEM('',(#3513),#4603);
#3333=STYLED_ITEM('',(#3514),#4604);
#3334=STYLED_ITEM('',(#3515),#4605);
#3335=STYLED_ITEM('',(#3516),#4606);
#3336=STYLED_ITEM('',(#3517),#4607);
#3337=STYLED_ITEM('',(#3518),#4608);
#3338=STYLED_ITEM('',(#3519),#4609);
#3339=STYLED_ITEM('',(#3520),#4610);
#3340=STYLED_ITEM('',(#3521),#4611);
#3341=STYLED_ITEM('',(#3522),#4612);
#3342=STYLED_ITEM('',(#3523),#4613);
#3343=STYLED_ITEM('',(#3524),#4614);
#3344=STYLED_ITEM('',(#3525),#4615);
#3345=STYLED_ITEM('',(#3526),#4616);
#3346=STYLED_ITEM('',(#3527),#4617);
#3347=STYLED_ITEM('',(#3528),#4618);
#3348=STYLED_ITEM('',(#3529),#4619);
#3349=STYLED_ITEM('',(#3530),#4620);
#3350=STYLED_ITEM('',(#3531),#4621);
#3351=STYLED_ITEM('',(#3532),#4622);
#3352=STYLED_ITEM('',(#3533),#4623);
#3353=STYLED_ITEM('',(#3534),#4624);
#3354=STYLED_ITEM('',(#3535),#4625);
#3355=STYLED_ITEM('',(#3536),#4626);
#3356=STYLED_ITEM('',(#3537),#4627);
#3357=STYLED_ITEM('',(#3538),#4628);
#3358=STYLED_ITEM('',(#3539),#4629);
#3359=STYLED_ITEM('',(#3540),#4630);
#3360=STYLED_ITEM('',(#3541),#4631);
#3361=STYLED_ITEM('',(#3542),#4632);
#3362=STYLED_ITEM('',(#3543),#4633);
#3363=STYLED_ITEM('',(#3544),#4634);
#3364=STYLED_ITEM('',(#3545),#4635);
#3365=STYLED_ITEM('',(#3546),#4636);
#3366=STYLED_ITEM('',(#3547),#4637);
#3367=STYLED_ITEM('',(#3548),#4638);
#3368=STYLED_ITEM('',(#3549),#4639);
#3369=STYLED_ITEM('',(#3550),#4640);
#3370=STYLED_ITEM('',(#3551),#4641);
#3371=STYLED_ITEM('',(#3552),#4642);
#3372=STYLED_ITEM('',(#3553),#4643);
#3373=STYLED_ITEM('',(#3554),#4644);
#3374=STYLED_ITEM('',(#3555),#4645);
#3375=STYLED_ITEM('',(#3556),#4646);
#3376=STYLED_ITEM('',(#3557),#4647);
#3377=STYLED_ITEM('',(#3558),#4648);
#3378=STYLED_ITEM('',(#3559),#4649);
#3379=STYLED_ITEM('',(#3560),#4650);
#3380=STYLED_ITEM('',(#3561),#4651);
#3381=STYLED_ITEM('',(#3562),#4652);
#3382=STYLED_ITEM('',(#3563),#4653);
#3383=STYLED_ITEM('',(#3564),#4654);
#3384=STYLED_ITEM('',(#3565),#4655);
#3385=STYLED_ITEM('',(#3566),#4656);
#3386=STYLED_ITEM('',(#3567),#4657);
#3387=STYLED_ITEM('',(#3568),#4658);
#3388=STYLED_ITEM('',(#3569),#4659);
#3389=STYLED_ITEM('',(#3570),#4660);
#3390=STYLED_ITEM('',(#3571),#4661);
#3391=STYLED_ITEM('',(#3572),#4662);
#3392=STYLED_ITEM('',(#3573),#4663);
#3393=STYLED_ITEM('',(#3574),#4664);
#3394=STYLED_ITEM('',(#3575),#4665);
#3395=STYLED_ITEM('',(#3576),#4666);
#3396=STYLED_ITEM('',(#3577),#4667);
#3397=STYLED_ITEM('',(#3578),#4668);
#3398=STYLED_ITEM('',(#3579),#4669);
#3399=STYLED_ITEM('',(#3580),#4670);
#3400=STYLED_ITEM('',(#3581),#4671);
#3401=STYLED_ITEM('',(#3582),#4672);
#3402=STYLED_ITEM('',(#3583),#4673);
#3403=STYLED_ITEM('',(#3584),#4674);
#3404=STYLED_ITEM('',(#3585),#4675);
#3405=STYLED_ITEM('',(#3586),#4676);
#3406=STYLED_ITEM('',(#3587),#4677);
#3407=STYLED_ITEM('',(#3588),#4678);
#3408=STYLED_ITEM('',(#3589),#4679);
#3409=STYLED_ITEM('',(#3590),#4680);
#3410=STYLED_ITEM('',(#3591),#4681);
#3411=STYLED_ITEM('',(#3592),#4682);
#3412=STYLED_ITEM('',(#3593),#4683);
#3413=STYLED_ITEM('',(#3594),#4684);
#3414=STYLED_ITEM('',(#3595),#4685);
#3415=STYLED_ITEM('',(#3596),#4686);
#3416=STYLED_ITEM('',(#3597),#4687);
#3417=STYLED_ITEM('',(#3598),#4688);
#3418=STYLED_ITEM('',(#3599),#4689);
#3419=STYLED_ITEM('',(#3600),#4690);
#3420=STYLED_ITEM('',(#3601),#4691);
#3421=STYLED_ITEM('',(#3602),#4692);
#3422=STYLED_ITEM('',(#3603),#4693);
#3423=STYLED_ITEM('',(#3604),#4694);
#3424=STYLED_ITEM('',(#3605),#4695);
#3425=STYLED_ITEM('',(#3606),#4696);
#3426=STYLED_ITEM('',(#3607),#4697);
#3427=STYLED_ITEM('',(#3608),#4698);
#3428=STYLED_ITEM('',(#3609),#4699);
#3429=STYLED_ITEM('',(#3610),#4700);
#3430=STYLED_ITEM('',(#3611),#4701);
#3431=STYLED_ITEM('',(#3612),#4702);
#3432=STYLED_ITEM('',(#3613),#4703);
#3433=STYLED_ITEM('',(#3614),#4704);
#3434=STYLED_ITEM('',(#3615),#4705);
#3435=STYLED_ITEM('',(#3616),#4706);
#3436=STYLED_ITEM('',(#3617),#4707);
#3437=STYLED_ITEM('',(#3618),#4708);
#3438=STYLED_ITEM('',(#3619),#4709);
#3439=PRESENTATION_STYLE_ASSIGNMENT((#3620));
#3440=PRESENTATION_STYLE_ASSIGNMENT((#3621));
#3441=PRESENTATION_STYLE_ASSIGNMENT((#3622));
#3442=PRESENTATION_STYLE_ASSIGNMENT((#3623));
#3443=PRESENTATION_STYLE_ASSIGNMENT((#3624));
#3444=PRESENTATION_STYLE_ASSIGNMENT((#3625));
#3445=PRESENTATION_STYLE_ASSIGNMENT((#3626));
#3446=PRESENTATION_STYLE_ASSIGNMENT((#3627));
#3447=PRESENTATION_STYLE_ASSIGNMENT((#3628));
#3448=PRESENTATION_STYLE_ASSIGNMENT((#3629));
#3449=PRESENTATION_STYLE_ASSIGNMENT((#3630));
#3450=PRESENTATION_STYLE_ASSIGNMENT((#3631));
#3451=PRESENTATION_STYLE_ASSIGNMENT((#3632));
#3452=PRESENTATION_STYLE_ASSIGNMENT((#3633));
#3453=PRESENTATION_STYLE_ASSIGNMENT((#3634));
#3454=PRESENTATION_STYLE_ASSIGNMENT((#3635));
#3455=PRESENTATION_STYLE_ASSIGNMENT((#3636));
#3456=PRESENTATION_STYLE_ASSIGNMENT((#3637));
#3457=PRESENTATION_STYLE_ASSIGNMENT((#3638));
#3458=PRESENTATION_STYLE_ASSIGNMENT((#3639));
#3459=PRESENTATION_STYLE_ASSIGNMENT((#3640));
#3460=PRESENTATION_STYLE_ASSIGNMENT((#3641));
#3461=PRESENTATION_STYLE_ASSIGNMENT((#3642));
#3462=PRESENTATION_STYLE_ASSIGNMENT((#3643));
#3463=PRESENTATION_STYLE_ASSIGNMENT((#3644));
#3464=PRESENTATION_STYLE_ASSIGNMENT((#3645));
#3465=PRESENTATION_STYLE_ASSIGNMENT((#3646));
#3466=PRESENTATION_STYLE_ASSIGNMENT((#3647));
#3467=PRESENTATION_STYLE_ASSIGNMENT((#3648));
#3468=PRESENTATION_STYLE_ASSIGNMENT((#3649));
#3469=PRESENTATION_STYLE_ASSIGNMENT((#3650));
#3470=PRESENTATION_STYLE_ASSIGNMENT((#3651));
#3471=PRESENTATION_STYLE_ASSIGNMENT((#3652));
#3472=PRESENTATION_STYLE_ASSIGNMENT((#3653));
#3473=PRESENTATION_STYLE_ASSIGNMENT((#3654));
#3474=PRESENTATION_STYLE_ASSIGNMENT((#3655));
#3475=PRESENTATION_STYLE_ASSIGNMENT((#3656));
#3476=PRESENTATION_STYLE_ASSIGNMENT((#3657));
#3477=PRESENTATION_STYLE_ASSIGNMENT((#3658));
#3478=PRESENTATION_STYLE_ASSIGNMENT((#3659));
#3479=PRESENTATION_STYLE_ASSIGNMENT((#3660));
#3480=PRESENTATION_STYLE_ASSIGNMENT((#3661));
#3481=PRESENTATION_STYLE_ASSIGNMENT((#3662));
#3482=PRESENTATION_STYLE_ASSIGNMENT((#3663));
#3483=PRESENTATION_STYLE_ASSIGNMENT((#3664));
#3484=PRESENTATION_STYLE_ASSIGNMENT((#3665));
#3485=PRESENTATION_STYLE_ASSIGNMENT((#3666));
#3486=PRESENTATION_STYLE_ASSIGNMENT((#3667));
#3487=PRESENTATION_STYLE_ASSIGNMENT((#3668));
#3488=PRESENTATION_STYLE_ASSIGNMENT((#3669));
#3489=PRESENTATION_STYLE_ASSIGNMENT((#3670));
#3490=PRESENTATION_STYLE_ASSIGNMENT((#3671));
#3491=PRESENTATION_STYLE_ASSIGNMENT((#3672));
#3492=PRESENTATION_STYLE_ASSIGNMENT((#3673));
#3493=PRESENTATION_STYLE_ASSIGNMENT((#3674));
#3494=PRESENTATION_STYLE_ASSIGNMENT((#3675));
#3495=PRESENTATION_STYLE_ASSIGNMENT((#3676));
#3496=PRESENTATION_STYLE_ASSIGNMENT((#3677));
#3497=PRESENTATION_STYLE_ASSIGNMENT((#3678));
#3498=PRESENTATION_STYLE_ASSIGNMENT((#3679));
#3499=PRESENTATION_STYLE_ASSIGNMENT((#3680));
#3500=PRESENTATION_STYLE_ASSIGNMENT((#3681));
#3501=PRESENTATION_STYLE_ASSIGNMENT((#3682));
#3502=PRESENTATION_STYLE_ASSIGNMENT((#3683));
#3503=PRESENTATION_STYLE_ASSIGNMENT((#3684));
#3504=PRESENTATION_STYLE_ASSIGNMENT((#3685));
#3505=PRESENTATION_STYLE_ASSIGNMENT((#3686));
#3506=PRESENTATION_STYLE_ASSIGNMENT((#3687));
#3507=PRESENTATION_STYLE_ASSIGNMENT((#3688));
#3508=PRESENTATION_STYLE_ASSIGNMENT((#3689));
#3509=PRESENTATION_STYLE_ASSIGNMENT((#3690));
#3510=PRESENTATION_STYLE_ASSIGNMENT((#3691));
#3511=PRESENTATION_STYLE_ASSIGNMENT((#3692));
#3512=PRESENTATION_STYLE_ASSIGNMENT((#3693));
#3513=PRESENTATION_STYLE_ASSIGNMENT((#3694));
#3514=PRESENTATION_STYLE_ASSIGNMENT((#3695));
#3515=PRESENTATION_STYLE_ASSIGNMENT((#3696));
#3516=PRESENTATION_STYLE_ASSIGNMENT((#3697));
#3517=PRESENTATION_STYLE_ASSIGNMENT((#3698));
#3518=PRESENTATION_STYLE_ASSIGNMENT((#3699));
#3519=PRESENTATION_STYLE_ASSIGNMENT((#3700));
#3520=PRESENTATION_STYLE_ASSIGNMENT((#3701));
#3521=PRESENTATION_STYLE_ASSIGNMENT((#3702));
#3522=PRESENTATION_STYLE_ASSIGNMENT((#3703));
#3523=PRESENTATION_STYLE_ASSIGNMENT((#3704));
#3524=PRESENTATION_STYLE_ASSIGNMENT((#3705));
#3525=PRESENTATION_STYLE_ASSIGNMENT((#3706));
#3526=PRESENTATION_STYLE_ASSIGNMENT((#3707));
#3527=PRESENTATION_STYLE_ASSIGNMENT((#3708));
#3528=PRESENTATION_STYLE_ASSIGNMENT((#3709));
#3529=PRESENTATION_STYLE_ASSIGNMENT((#3710));
#3530=PRESENTATION_STYLE_ASSIGNMENT((#3711));
#3531=PRESENTATION_STYLE_ASSIGNMENT((#3712));
#3532=PRESENTATION_STYLE_ASSIGNMENT((#3713));
#3533=PRESENTATION_STYLE_ASSIGNMENT((#3714));
#3534=PRESENTATION_STYLE_ASSIGNMENT((#3715));
#3535=PRESENTATION_STYLE_ASSIGNMENT((#3716));
#3536=PRESENTATION_STYLE_ASSIGNMENT((#3717));
#3537=PRESENTATION_STYLE_ASSIGNMENT((#3718));
#3538=PRESENTATION_STYLE_ASSIGNMENT((#3719));
#3539=PRESENTATION_STYLE_ASSIGNMENT((#3720));
#3540=PRESENTATION_STYLE_ASSIGNMENT((#3721));
#3541=PRESENTATION_STYLE_ASSIGNMENT((#3722));
#3542=PRESENTATION_STYLE_ASSIGNMENT((#3723));
#3543=PRESENTATION_STYLE_ASSIGNMENT((#3724));
#3544=PRESENTATION_STYLE_ASSIGNMENT((#3725));
#3545=PRESENTATION_STYLE_ASSIGNMENT((#3726));
#3546=PRESENTATION_STYLE_ASSIGNMENT((#3727));
#3547=PRESENTATION_STYLE_ASSIGNMENT((#3728));
#3548=PRESENTATION_STYLE_ASSIGNMENT((#3729));
#3549=PRESENTATION_STYLE_ASSIGNMENT((#3730));
#3550=PRESENTATION_STYLE_ASSIGNMENT((#3731));
#3551=PRESENTATION_STYLE_ASSIGNMENT((#3732));
#3552=PRESENTATION_STYLE_ASSIGNMENT((#3733));
#3553=PRESENTATION_STYLE_ASSIGNMENT((#3734));
#3554=PRESENTATION_STYLE_ASSIGNMENT((#3735));
#3555=PRESENTATION_STYLE_ASSIGNMENT((#3736));
#3556=PRESENTATION_STYLE_ASSIGNMENT((#3737));
#3557=PRESENTATION_STYLE_ASSIGNMENT((#3738));
#3558=PRESENTATION_STYLE_ASSIGNMENT((#3739));
#3559=PRESENTATION_STYLE_ASSIGNMENT((#3740));
#3560=PRESENTATION_STYLE_ASSIGNMENT((#3741));
#3561=PRESENTATION_STYLE_ASSIGNMENT((#3742));
#3562=PRESENTATION_STYLE_ASSIGNMENT((#3743));
#3563=PRESENTATION_STYLE_ASSIGNMENT((#3744));
#3564=PRESENTATION_STYLE_ASSIGNMENT((#3745));
#3565=PRESENTATION_STYLE_ASSIGNMENT((#3746));
#3566=PRESENTATION_STYLE_ASSIGNMENT((#3747));
#3567=PRESENTATION_STYLE_ASSIGNMENT((#3748));
#3568=PRESENTATION_STYLE_ASSIGNMENT((#3749));
#3569=PRESENTATION_STYLE_ASSIGNMENT((#3750));
#3570=PRESENTATION_STYLE_ASSIGNMENT((#3751));
#3571=PRESENTATION_STYLE_ASSIGNMENT((#3752));
#3572=PRESENTATION_STYLE_ASSIGNMENT((#3753));
#3573=PRESENTATION_STYLE_ASSIGNMENT((#3754));
#3574=PRESENTATION_STYLE_ASSIGNMENT((#3755));
#3575=PRESENTATION_STYLE_ASSIGNMENT((#3756));
#3576=PRESENTATION_STYLE_ASSIGNMENT((#3757));
#3577=PRESENTATION_STYLE_ASSIGNMENT((#3758));
#3578=PRESENTATION_STYLE_ASSIGNMENT((#3759));
#3579=PRESENTATION_STYLE_ASSIGNMENT((#3760));
#3580=PRESENTATION_STYLE_ASSIGNMENT((#3761));
#3581=PRESENTATION_STYLE_ASSIGNMENT((#3762));
#3582=PRESENTATION_STYLE_ASSIGNMENT((#3763));
#3583=PRESENTATION_STYLE_ASSIGNMENT((#3764));
#3584=PRESENTATION_STYLE_ASSIGNMENT((#3765));
#3585=PRESENTATION_STYLE_ASSIGNMENT((#3766));
#3586=PRESENTATION_STYLE_ASSIGNMENT((#3767));
#3587=PRESENTATION_STYLE_ASSIGNMENT((#3768));
#3588=PRESENTATION_STYLE_ASSIGNMENT((#3769));
#3589=PRESENTATION_STYLE_ASSIGNMENT((#3770));
#3590=PRESENTATION_STYLE_ASSIGNMENT((#3771));
#3591=PRESENTATION_STYLE_ASSIGNMENT((#3772));
#3592=PRESENTATION_STYLE_ASSIGNMENT((#3773));
#3593=PRESENTATION_STYLE_ASSIGNMENT((#3774));
#3594=PRESENTATION_STYLE_ASSIGNMENT((#3775));
#3595=PRESENTATION_STYLE_ASSIGNMENT((#3776));
#3596=PRESENTATION_STYLE_ASSIGNMENT((#3777));
#3597=PRESENTATION_STYLE_ASSIGNMENT((#3778));
#3598=PRESENTATION_STYLE_ASSIGNMENT((#3779));
#3599=PRESENTATION_STYLE_ASSIGNMENT((#3780));
#3600=PRESENTATION_STYLE_ASSIGNMENT((#3781));
#3601=PRESENTATION_STYLE_ASSIGNMENT((#3782));
#3602=PRESENTATION_STYLE_ASSIGNMENT((#3783));
#3603=PRESENTATION_STYLE_ASSIGNMENT((#3784));
#3604=PRESENTATION_STYLE_ASSIGNMENT((#3785));
#3605=PRESENTATION_STYLE_ASSIGNMENT((#3786));
#3606=PRESENTATION_STYLE_ASSIGNMENT((#3787));
#3607=PRESENTATION_STYLE_ASSIGNMENT((#3788));
#3608=PRESENTATION_STYLE_ASSIGNMENT((#3789));
#3609=PRESENTATION_STYLE_ASSIGNMENT((#3790));
#3610=PRESENTATION_STYLE_ASSIGNMENT((#3791));
#3611=PRESENTATION_STYLE_ASSIGNMENT((#3792));
#3612=PRESENTATION_STYLE_ASSIGNMENT((#3793));
#3613=PRESENTATION_STYLE_ASSIGNMENT((#3794));
#3614=PRESENTATION_STYLE_ASSIGNMENT((#3795));
#3615=PRESENTATION_STYLE_ASSIGNMENT((#3796));
#3616=PRESENTATION_STYLE_ASSIGNMENT((#3797));
#3617=PRESENTATION_STYLE_ASSIGNMENT((#3798));
#3618=PRESENTATION_STYLE_ASSIGNMENT((#3799));
#3619=PRESENTATION_STYLE_ASSIGNMENT((#3800));
#3620=SURFACE_STYLE_USAGE(.BOTH.,#3801);
#3621=SURFACE_STYLE_USAGE(.BOTH.,#3802);
#3622=SURFACE_STYLE_USAGE(.BOTH.,#3803);
#3623=SURFACE_STYLE_USAGE(.BOTH.,#3804);
#3624=SURFACE_STYLE_USAGE(.BOTH.,#3805);
#3625=SURFACE_STYLE_USAGE(.BOTH.,#3806);
#3626=SURFACE_STYLE_USAGE(.BOTH.,#3807);
#3627=SURFACE_STYLE_USAGE(.BOTH.,#3808);
#3628=SURFACE_STYLE_USAGE(.BOTH.,#3809);
#3629=SURFACE_STYLE_USAGE(.BOTH.,#3810);
#3630=SURFACE_STYLE_USAGE(.BOTH.,#3811);
#3631=SURFACE_STYLE_USAGE(.BOTH.,#3812);
#3632=SURFACE_STYLE_USAGE(.BOTH.,#3813);
#3633=SURFACE_STYLE_USAGE(.BOTH.,#3814);
#3634=SURFACE_STYLE_USAGE(.BOTH.,#3815);
#3635=SURFACE_STYLE_USAGE(.BOTH.,#3816);
#3636=SURFACE_STYLE_USAGE(.BOTH.,#3817);
#3637=SURFACE_STYLE_USAGE(.BOTH.,#3818);
#3638=SURFACE_STYLE_USAGE(.BOTH.,#3819);
#3639=SURFACE_STYLE_USAGE(.BOTH.,#3820);
#3640=SURFACE_STYLE_USAGE(.BOTH.,#3821);
#3641=SURFACE_STYLE_USAGE(.BOTH.,#3822);
#3642=SURFACE_STYLE_USAGE(.BOTH.,#3823);
#3643=SURFACE_STYLE_USAGE(.BOTH.,#3824);
#3644=SURFACE_STYLE_USAGE(.BOTH.,#3825);
#3645=SURFACE_STYLE_USAGE(.BOTH.,#3826);
#3646=SURFACE_STYLE_USAGE(.BOTH.,#3827);
#3647=SURFACE_STYLE_USAGE(.BOTH.,#3828);
#3648=SURFACE_STYLE_USAGE(.BOTH.,#3829);
#3649=SURFACE_STYLE_USAGE(.BOTH.,#3830);
#3650=SURFACE_STYLE_USAGE(.BOTH.,#3831);
#3651=SURFACE_STYLE_USAGE(.BOTH.,#3832);
#3652=SURFACE_STYLE_USAGE(.BOTH.,#3833);
#3653=SURFACE_STYLE_USAGE(.BOTH.,#3834);
#3654=SURFACE_STYLE_USAGE(.BOTH.,#3835);
#3655=SURFACE_STYLE_USAGE(.BOTH.,#3836);
#3656=SURFACE_STYLE_USAGE(.BOTH.,#3837);
#3657=SURFACE_STYLE_USAGE(.BOTH.,#3838);
#3658=SURFACE_STYLE_USAGE(.BOTH.,#3839);
#3659=SURFACE_STYLE_USAGE(.BOTH.,#3840);
#3660=SURFACE_STYLE_USAGE(.BOTH.,#3841);
#3661=SURFACE_STYLE_USAGE(.BOTH.,#3842);
#3662=SURFACE_STYLE_USAGE(.BOTH.,#3843);
#3663=SURFACE_STYLE_USAGE(.BOTH.,#3844);
#3664=SURFACE_STYLE_USAGE(.BOTH.,#3845);
#3665=SURFACE_STYLE_USAGE(.BOTH.,#3846);
#3666=SURFACE_STYLE_USAGE(.BOTH.,#3847);
#3667=SURFACE_STYLE_USAGE(.BOTH.,#3848);
#3668=SURFACE_STYLE_USAGE(.BOTH.,#3849);
#3669=SURFACE_STYLE_USAGE(.BOTH.,#3850);
#3670=SURFACE_STYLE_USAGE(.BOTH.,#3851);
#3671=SURFACE_STYLE_USAGE(.BOTH.,#3852);
#3672=SURFACE_STYLE_USAGE(.BOTH.,#3853);
#3673=SURFACE_STYLE_USAGE(.BOTH.,#3854);
#3674=SURFACE_STYLE_USAGE(.BOTH.,#3855);
#3675=SURFACE_STYLE_USAGE(.BOTH.,#3856);
#3676=SURFACE_STYLE_USAGE(.BOTH.,#3857);
#3677=SURFACE_STYLE_USAGE(.BOTH.,#3858);
#3678=SURFACE_STYLE_USAGE(.BOTH.,#3859);
#3679=SURFACE_STYLE_USAGE(.BOTH.,#3860);
#3680=SURFACE_STYLE_USAGE(.BOTH.,#3861);
#3681=SURFACE_STYLE_USAGE(.BOTH.,#3862);
#3682=SURFACE_STYLE_USAGE(.BOTH.,#3863);
#3683=SURFACE_STYLE_USAGE(.BOTH.,#3864);
#3684=SURFACE_STYLE_USAGE(.BOTH.,#3865);
#3685=SURFACE_STYLE_USAGE(.BOTH.,#3866);
#3686=SURFACE_STYLE_USAGE(.BOTH.,#3867);
#3687=SURFACE_STYLE_USAGE(.BOTH.,#3868);
#3688=SURFACE_STYLE_USAGE(.BOTH.,#3869);
#3689=SURFACE_STYLE_USAGE(.BOTH.,#3870);
#3690=SURFACE_STYLE_USAGE(.BOTH.,#3871);
#3691=SURFACE_STYLE_USAGE(.BOTH.,#3872);
#3692=SURFACE_STYLE_USAGE(.BOTH.,#3873);
#3693=SURFACE_STYLE_USAGE(.BOTH.,#3874);
#3694=SURFACE_STYLE_USAGE(.BOTH.,#3875);
#3695=SURFACE_STYLE_USAGE(.BOTH.,#3876);
#3696=SURFACE_STYLE_USAGE(.BOTH.,#3877);
#3697=SURFACE_STYLE_USAGE(.BOTH.,#3878);
#3698=SURFACE_STYLE_USAGE(.BOTH.,#3879);
#3699=SURFACE_STYLE_USAGE(.BOTH.,#3880);
#3700=SURFACE_STYLE_USAGE(.BOTH.,#3881);
#3701=SURFACE_STYLE_USAGE(.BOTH.,#3882);
#3702=SURFACE_STYLE_USAGE(.BOTH.,#3883);
#3703=SURFACE_STYLE_USAGE(.BOTH.,#3884);
#3704=SURFACE_STYLE_USAGE(.BOTH.,#3885);
#3705=SURFACE_STYLE_USAGE(.BOTH.,#3886);
#3706=SURFACE_STYLE_USAGE(.BOTH.,#3887);
#3707=SURFACE_STYLE_USAGE(.BOTH.,#3888);
#3708=SURFACE_STYLE_USAGE(.BOTH.,#3889);
#3709=SURFACE_STYLE_USAGE(.BOTH.,#3890);
#3710=SURFACE_STYLE_USAGE(.BOTH.,#3891);
#3711=SURFACE_STYLE_USAGE(.BOTH.,#3892);
#3712=SURFACE_STYLE_USAGE(.BOTH.,#3893);
#3713=SURFACE_STYLE_USAGE(.BOTH.,#3894);
#3714=SURFACE_STYLE_USAGE(.BOTH.,#3895);
#3715=SURFACE_STYLE_USAGE(.BOTH.,#3896);
#3716=SURFACE_STYLE_USAGE(.BOTH.,#3897);
#3717=SURFACE_STYLE_USAGE(.BOTH.,#3898);
#3718=SURFACE_STYLE_USAGE(.BOTH.,#3899);
#3719=SURFACE_STYLE_USAGE(.BOTH.,#3900);
#3720=SURFACE_STYLE_USAGE(.BOTH.,#3901);
#3721=SURFACE_STYLE_USAGE(.BOTH.,#3902);
#3722=SURFACE_STYLE_USAGE(.BOTH.,#3903);
#3723=SURFACE_STYLE_USAGE(.BOTH.,#3904);
#3724=SURFACE_STYLE_USAGE(.BOTH.,#3905);
#3725=SURFACE_STYLE_USAGE(.BOTH.,#3906);
#3726=SURFACE_STYLE_USAGE(.BOTH.,#3907);
#3727=SURFACE_STYLE_USAGE(.BOTH.,#3908);
#3728=SURFACE_STYLE_USAGE(.BOTH.,#3909);
#3729=SURFACE_STYLE_USAGE(.BOTH.,#3910);
#3730=SURFACE_STYLE_USAGE(.BOTH.,#3911);
#3731=SURFACE_STYLE_USAGE(.BOTH.,#3912);
#3732=SURFACE_STYLE_USAGE(.BOTH.,#3913);
#3733=SURFACE_STYLE_USAGE(.BOTH.,#3914);
#3734=SURFACE_STYLE_USAGE(.BOTH.,#3915);
#3735=SURFACE_STYLE_USAGE(.BOTH.,#3916);
#3736=SURFACE_STYLE_USAGE(.BOTH.,#3917);
#3737=SURFACE_STYLE_USAGE(.BOTH.,#3918);
#3738=SURFACE_STYLE_USAGE(.BOTH.,#3919);
#3739=SURFACE_STYLE_USAGE(.BOTH.,#3920);
#3740=SURFACE_STYLE_USAGE(.BOTH.,#3921);
#3741=SURFACE_STYLE_USAGE(.BOTH.,#3922);
#3742=SURFACE_STYLE_USAGE(.BOTH.,#3923);
#3743=SURFACE_STYLE_USAGE(.BOTH.,#3924);
#3744=SURFACE_STYLE_USAGE(.BOTH.,#3925);
#3745=SURFACE_STYLE_USAGE(.BOTH.,#3926);
#3746=SURFACE_STYLE_USAGE(.BOTH.,#3927);
#3747=SURFACE_STYLE_USAGE(.BOTH.,#3928);
#3748=SURFACE_STYLE_USAGE(.BOTH.,#3929);
#3749=SURFACE_STYLE_USAGE(.BOTH.,#3930);
#3750=SURFACE_STYLE_USAGE(.BOTH.,#3931);
#3751=SURFACE_STYLE_USAGE(.BOTH.,#3932);
#3752=SURFACE_STYLE_USAGE(.BOTH.,#3933);
#3753=SURFACE_STYLE_USAGE(.BOTH.,#3934);
#3754=SURFACE_STYLE_USAGE(.BOTH.,#3935);
#3755=SURFACE_STYLE_USAGE(.BOTH.,#3936);
#3756=SURFACE_STYLE_USAGE(.BOTH.,#3937);
#3757=SURFACE_STYLE_USAGE(.BOTH.,#3938);
#3758=SURFACE_STYLE_USAGE(.BOTH.,#3939);
#3759=SURFACE_STYLE_USAGE(.BOTH.,#3940);
#3760=SURFACE_STYLE_USAGE(.BOTH.,#3941);
#3761=SURFACE_STYLE_USAGE(.BOTH.,#3942);
#3762=SURFACE_STYLE_USAGE(.BOTH.,#3943);
#3763=SURFACE_STYLE_USAGE(.BOTH.,#3944);
#3764=SURFACE_STYLE_USAGE(.BOTH.,#3945);
#3765=SURFACE_STYLE_USAGE(.BOTH.,#3946);
#3766=SURFACE_STYLE_USAGE(.BOTH.,#3947);
#3767=SURFACE_STYLE_USAGE(.BOTH.,#3948);
#3768=SURFACE_STYLE_USAGE(.BOTH.,#3949);
#3769=SURFACE_STYLE_USAGE(.BOTH.,#3950);
#3770=SURFACE_STYLE_USAGE(.BOTH.,#3951);
#3771=SURFACE_STYLE_USAGE(.BOTH.,#3952);
#3772=SURFACE_STYLE_USAGE(.BOTH.,#3953);
#3773=SURFACE_STYLE_USAGE(.BOTH.,#3954);
#3774=SURFACE_STYLE_USAGE(.BOTH.,#3955);
#3775=SURFACE_STYLE_USAGE(.BOTH.,#3956);
#3776=SURFACE_STYLE_USAGE(.BOTH.,#3957);
#3777=SURFACE_STYLE_USAGE(.BOTH.,#3958);
#3778=SURFACE_STYLE_USAGE(.BOTH.,#3959);
#3779=SURFACE_STYLE_USAGE(.BOTH.,#3960);
#3780=SURFACE_STYLE_USAGE(.BOTH.,#3961);
#3781=SURFACE_STYLE_USAGE(.BOTH.,#3962);
#3782=SURFACE_STYLE_USAGE(.BOTH.,#3963);
#3783=SURFACE_STYLE_USAGE(.BOTH.,#3964);
#3784=SURFACE_STYLE_USAGE(.BOTH.,#3965);
#3785=SURFACE_STYLE_USAGE(.BOTH.,#3966);
#3786=SURFACE_STYLE_USAGE(.BOTH.,#3967);
#3787=SURFACE_STYLE_USAGE(.BOTH.,#3968);
#3788=SURFACE_STYLE_USAGE(.BOTH.,#3969);
#3789=SURFACE_STYLE_USAGE(.BOTH.,#3970);
#3790=SURFACE_STYLE_USAGE(.BOTH.,#3971);
#3791=SURFACE_STYLE_USAGE(.BOTH.,#3972);
#3792=SURFACE_STYLE_USAGE(.BOTH.,#3973);
#3793=SURFACE_STYLE_USAGE(.BOTH.,#3974);
#3794=SURFACE_STYLE_USAGE(.BOTH.,#3975);
#3795=SURFACE_STYLE_USAGE(.BOTH.,#3976);
#3796=SURFACE_STYLE_USAGE(.BOTH.,#3977);
#3797=SURFACE_STYLE_USAGE(.BOTH.,#3978);
#3798=SURFACE_STYLE_USAGE(.BOTH.,#3979);
#3799=SURFACE_STYLE_USAGE(.BOTH.,#3980);
#3800=SURFACE_STYLE_USAGE(.BOTH.,#3981);
#3801=SURFACE_SIDE_STYLE('',(#3982));
#3802=SURFACE_SIDE_STYLE('',(#3983));
#3803=SURFACE_SIDE_STYLE('',(#3984));
#3804=SURFACE_SIDE_STYLE('',(#3985));
#3805=SURFACE_SIDE_STYLE('',(#3986));
#3806=SURFACE_SIDE_STYLE('',(#3987));
#3807=SURFACE_SIDE_STYLE('',(#3988));
#3808=SURFACE_SIDE_STYLE('',(#3989));
#3809=SURFACE_SIDE_STYLE('',(#3990));
#3810=SURFACE_SIDE_STYLE('',(#3991));
#3811=SURFACE_SIDE_STYLE('',(#3992));
#3812=SURFACE_SIDE_STYLE('',(#3993));
#3813=SURFACE_SIDE_STYLE('',(#3994));
#3814=SURFACE_SIDE_STYLE('',(#3995));
#3815=SURFACE_SIDE_STYLE('',(#3996));
#3816=SURFACE_SIDE_STYLE('',(#3997));
#3817=SURFACE_SIDE_STYLE('',(#3998));
#3818=SURFACE_SIDE_STYLE('',(#3999));
#3819=SURFACE_SIDE_STYLE('',(#4000));
#3820=SURFACE_SIDE_STYLE('',(#4001));
#3821=SURFACE_SIDE_STYLE('',(#4002));
#3822=SURFACE_SIDE_STYLE('',(#4003));
#3823=SURFACE_SIDE_STYLE('',(#4004));
#3824=SURFACE_SIDE_STYLE('',(#4005));
#3825=SURFACE_SIDE_STYLE('',(#4006));
#3826=SURFACE_SIDE_STYLE('',(#4007));
#3827=SURFACE_SIDE_STYLE('',(#4008));
#3828=SURFACE_SIDE_STYLE('',(#4009));
#3829=SURFACE_SIDE_STYLE('',(#4010));
#3830=SURFACE_SIDE_STYLE('',(#4011));
#3831=SURFACE_SIDE_STYLE('',(#4012));
#3832=SURFACE_SIDE_STYLE('',(#4013));
#3833=SURFACE_SIDE_STYLE('',(#4014));
#3834=SURFACE_SIDE_STYLE('',(#4015));
#3835=SURFACE_SIDE_STYLE('',(#4016));
#3836=SURFACE_SIDE_STYLE('',(#4017));
#3837=SURFACE_SIDE_STYLE('',(#4018));
#3838=SURFACE_SIDE_STYLE('',(#4019));
#3839=SURFACE_SIDE_STYLE('',(#4020));
#3840=SURFACE_SIDE_STYLE('',(#4021));
#3841=SURFACE_SIDE_STYLE('',(#4022));
#3842=SURFACE_SIDE_STYLE('',(#4023));
#3843=SURFACE_SIDE_STYLE('',(#4024));
#3844=SURFACE_SIDE_STYLE('',(#4025));
#3845=SURFACE_SIDE_STYLE('',(#4026));
#3846=SURFACE_SIDE_STYLE('',(#4027));
#3847=SURFACE_SIDE_STYLE('',(#4028));
#3848=SURFACE_SIDE_STYLE('',(#4029));
#3849=SURFACE_SIDE_STYLE('',(#4030));
#3850=SURFACE_SIDE_STYLE('',(#4031));
#3851=SURFACE_SIDE_STYLE('',(#4032));
#3852=SURFACE_SIDE_STYLE('',(#4033));
#3853=SURFACE_SIDE_STYLE('',(#4034));
#3854=SURFACE_SIDE_STYLE('',(#4035));
#3855=SURFACE_SIDE_STYLE('',(#4036));
#3856=SURFACE_SIDE_STYLE('',(#4037));
#3857=SURFACE_SIDE_STYLE('',(#4038));
#3858=SURFACE_SIDE_STYLE('',(#4039));
#3859=SURFACE_SIDE_STYLE('',(#4040));
#3860=SURFACE_SIDE_STYLE('',(#4041));
#3861=SURFACE_SIDE_STYLE('',(#4042));
#3862=SURFACE_SIDE_STYLE('',(#4043));
#3863=SURFACE_SIDE_STYLE('',(#4044));
#3864=SURFACE_SIDE_STYLE('',(#4045));
#3865=SURFACE_SIDE_STYLE('',(#4046));
#3866=SURFACE_SIDE_STYLE('',(#4047));
#3867=SURFACE_SIDE_STYLE('',(#4048));
#3868=SURFACE_SIDE_STYLE('',(#4049));
#3869=SURFACE_SIDE_STYLE('',(#4050));
#3870=SURFACE_SIDE_STYLE('',(#4051));
#3871=SURFACE_SIDE_STYLE('',(#4052));
#3872=SURFACE_SIDE_STYLE('',(#4053));
#3873=SURFACE_SIDE_STYLE('',(#4054));
#3874=SURFACE_SIDE_STYLE('',(#4055));
#3875=SURFACE_SIDE_STYLE('',(#4056));
#3876=SURFACE_SIDE_STYLE('',(#4057));
#3877=SURFACE_SIDE_STYLE('',(#4058));
#3878=SURFACE_SIDE_STYLE('',(#4059));
#3879=SURFACE_SIDE_STYLE('',(#4060));
#3880=SURFACE_SIDE_STYLE('',(#4061));
#3881=SURFACE_SIDE_STYLE('',(#4062));
#3882=SURFACE_SIDE_STYLE('',(#4063));
#3883=SURFACE_SIDE_STYLE('',(#4064));
#3884=SURFACE_SIDE_STYLE('',(#4065));
#3885=SURFACE_SIDE_STYLE('',(#4066));
#3886=SURFACE_SIDE_STYLE('',(#4067));
#3887=SURFACE_SIDE_STYLE('',(#4068));
#3888=SURFACE_SIDE_STYLE('',(#4069));
#3889=SURFACE_SIDE_STYLE('',(#4070));
#3890=SURFACE_SIDE_STYLE('',(#4071));
#3891=SURFACE_SIDE_STYLE('',(#4072));
#3892=SURFACE_SIDE_STYLE('',(#4073));
#3893=SURFACE_SIDE_STYLE('',(#4074));
#3894=SURFACE_SIDE_STYLE('',(#4075));
#3895=SURFACE_SIDE_STYLE('',(#4076));
#3896=SURFACE_SIDE_STYLE('',(#4077));
#3897=SURFACE_SIDE_STYLE('',(#4078));
#3898=SURFACE_SIDE_STYLE('',(#4079));
#3899=SURFACE_SIDE_STYLE('',(#4080));
#3900=SURFACE_SIDE_STYLE('',(#4081));
#3901=SURFACE_SIDE_STYLE('',(#4082));
#3902=SURFACE_SIDE_STYLE('',(#4083));
#3903=SURFACE_SIDE_STYLE('',(#4084));
#3904=SURFACE_SIDE_STYLE('',(#4085));
#3905=SURFACE_SIDE_STYLE('',(#4086));
#3906=SURFACE_SIDE_STYLE('',(#4087));
#3907=SURFACE_SIDE_STYLE('',(#4088));
#3908=SURFACE_SIDE_STYLE('',(#4089));
#3909=SURFACE_SIDE_STYLE('',(#4090));
#3910=SURFACE_SIDE_STYLE('',(#4091));
#3911=SURFACE_SIDE_STYLE('',(#4092));
#3912=SURFACE_SIDE_STYLE('',(#4093));
#3913=SURFACE_SIDE_STYLE('',(#4094));
#3914=SURFACE_SIDE_STYLE('',(#4095));
#3915=SURFACE_SIDE_STYLE('',(#4096));
#3916=SURFACE_SIDE_STYLE('',(#4097));
#3917=SURFACE_SIDE_STYLE('',(#4098));
#3918=SURFACE_SIDE_STYLE('',(#4099));
#3919=SURFACE_SIDE_STYLE('',(#4100));
#3920=SURFACE_SIDE_STYLE('',(#4101));
#3921=SURFACE_SIDE_STYLE('',(#4102));
#3922=SURFACE_SIDE_STYLE('',(#4103));
#3923=SURFACE_SIDE_STYLE('',(#4104));
#3924=SURFACE_SIDE_STYLE('',(#4105));
#3925=SURFACE_SIDE_STYLE('',(#4106));
#3926=SURFACE_SIDE_STYLE('',(#4107));
#3927=SURFACE_SIDE_STYLE('',(#4108));
#3928=SURFACE_SIDE_STYLE('',(#4109));
#3929=SURFACE_SIDE_STYLE('',(#4110));
#3930=SURFACE_SIDE_STYLE('',(#4111));
#3931=SURFACE_SIDE_STYLE('',(#4112));
#3932=SURFACE_SIDE_STYLE('',(#4113));
#3933=SURFACE_SIDE_STYLE('',(#4114));
#3934=SURFACE_SIDE_STYLE('',(#4115));
#3935=SURFACE_SIDE_STYLE('',(#4116));
#3936=SURFACE_SIDE_STYLE('',(#4117));
#3937=SURFACE_SIDE_STYLE('',(#4118));
#3938=SURFACE_SIDE_STYLE('',(#4119));
#3939=SURFACE_SIDE_STYLE('',(#4120));
#3940=SURFACE_SIDE_STYLE('',(#4121));
#3941=SURFACE_SIDE_STYLE('',(#4122));
#3942=SURFACE_SIDE_STYLE('',(#4123));
#3943=SURFACE_SIDE_STYLE('',(#4124));
#3944=SURFACE_SIDE_STYLE('',(#4125));
#3945=SURFACE_SIDE_STYLE('',(#4126));
#3946=SURFACE_SIDE_STYLE('',(#4127));
#3947=SURFACE_SIDE_STYLE('',(#4128));
#3948=SURFACE_SIDE_STYLE('',(#4129));
#3949=SURFACE_SIDE_STYLE('',(#4130));
#3950=SURFACE_SIDE_STYLE('',(#4131));
#3951=SURFACE_SIDE_STYLE('',(#4132));
#3952=SURFACE_SIDE_STYLE('',(#4133));
#3953=SURFACE_SIDE_STYLE('',(#4134));
#3954=SURFACE_SIDE_STYLE('',(#4135));
#3955=SURFACE_SIDE_STYLE('',(#4136));
#3956=SURFACE_SIDE_STYLE('',(#4137));
#3957=SURFACE_SIDE_STYLE('',(#4138));
#3958=SURFACE_SIDE_STYLE('',(#4139));
#3959=SURFACE_SIDE_STYLE('',(#4140));
#3960=SURFACE_SIDE_STYLE('',(#4141));
#3961=SURFACE_SIDE_STYLE('',(#4142));
#3962=SURFACE_SIDE_STYLE('',(#4143));
#3963=SURFACE_SIDE_STYLE('',(#4144));
#3964=SURFACE_SIDE_STYLE('',(#4145));
#3965=SURFACE_SIDE_STYLE('',(#4146));
#3966=SURFACE_SIDE_STYLE('',(#4147));
#3967=SURFACE_SIDE_STYLE('',(#4148));
#3968=SURFACE_SIDE_STYLE('',(#4149));
#3969=SURFACE_SIDE_STYLE('',(#4150));
#3970=SURFACE_SIDE_STYLE('',(#4151));
#3971=SURFACE_SIDE_STYLE('',(#4152));
#3972=SURFACE_SIDE_STYLE('',(#4153));
#3973=SURFACE_SIDE_STYLE('',(#4154));
#3974=SURFACE_SIDE_STYLE('',(#4155));
#3975=SURFACE_SIDE_STYLE('',(#4156));
#3976=SURFACE_SIDE_STYLE('',(#4157));
#3977=SURFACE_SIDE_STYLE('',(#4158));
#3978=SURFACE_SIDE_STYLE('',(#4159));
#3979=SURFACE_SIDE_STYLE('',(#4160));
#3980=SURFACE_SIDE_STYLE('',(#4161));
#3981=SURFACE_SIDE_STYLE('',(#4162));
#3982=SURFACE_STYLE_FILL_AREA(#4163);
#3983=SURFACE_STYLE_FILL_AREA(#4164);
#3984=SURFACE_STYLE_FILL_AREA(#4165);
#3985=SURFACE_STYLE_FILL_AREA(#4166);
#3986=SURFACE_STYLE_FILL_AREA(#4167);
#3987=SURFACE_STYLE_FILL_AREA(#4168);
#3988=SURFACE_STYLE_FILL_AREA(#4169);
#3989=SURFACE_STYLE_FILL_AREA(#4170);
#3990=SURFACE_STYLE_FILL_AREA(#4171);
#3991=SURFACE_STYLE_FILL_AREA(#4172);
#3992=SURFACE_STYLE_FILL_AREA(#4173);
#3993=SURFACE_STYLE_FILL_AREA(#4174);
#3994=SURFACE_STYLE_FILL_AREA(#4175);
#3995=SURFACE_STYLE_FILL_AREA(#4176);
#3996=SURFACE_STYLE_FILL_AREA(#4177);
#3997=SURFACE_STYLE_FILL_AREA(#4178);
#3998=SURFACE_STYLE_FILL_AREA(#4179);
#3999=SURFACE_STYLE_FILL_AREA(#4180);
#4000=SURFACE_STYLE_FILL_AREA(#4181);
#4001=SURFACE_STYLE_FILL_AREA(#4182);
#4002=SURFACE_STYLE_FILL_AREA(#4183);
#4003=SURFACE_STYLE_FILL_AREA(#4184);
#4004=SURFACE_STYLE_FILL_AREA(#4185);
#4005=SURFACE_STYLE_FILL_AREA(#4186);
#4006=SURFACE_STYLE_FILL_AREA(#4187);
#4007=SURFACE_STYLE_FILL_AREA(#4188);
#4008=SURFACE_STYLE_FILL_AREA(#4189);
#4009=SURFACE_STYLE_FILL_AREA(#4190);
#4010=SURFACE_STYLE_FILL_AREA(#4191);
#4011=SURFACE_STYLE_FILL_AREA(#4192);
#4012=SURFACE_STYLE_FILL_AREA(#4193);
#4013=SURFACE_STYLE_FILL_AREA(#4194);
#4014=SURFACE_STYLE_FILL_AREA(#4195);
#4015=SURFACE_STYLE_FILL_AREA(#4196);
#4016=SURFACE_STYLE_FILL_AREA(#4197);
#4017=SURFACE_STYLE_FILL_AREA(#4198);
#4018=SURFACE_STYLE_FILL_AREA(#4199);
#4019=SURFACE_STYLE_FILL_AREA(#4200);
#4020=SURFACE_STYLE_FILL_AREA(#4201);
#4021=SURFACE_STYLE_FILL_AREA(#4202);
#4022=SURFACE_STYLE_FILL_AREA(#4203);
#4023=SURFACE_STYLE_FILL_AREA(#4204);
#4024=SURFACE_STYLE_FILL_AREA(#4205);
#4025=SURFACE_STYLE_FILL_AREA(#4206);
#4026=SURFACE_STYLE_FILL_AREA(#4207);
#4027=SURFACE_STYLE_FILL_AREA(#4208);
#4028=SURFACE_STYLE_FILL_AREA(#4209);
#4029=SURFACE_STYLE_FILL_AREA(#4210);
#4030=SURFACE_STYLE_FILL_AREA(#4211);
#4031=SURFACE_STYLE_FILL_AREA(#4212);
#4032=SURFACE_STYLE_FILL_AREA(#4213);
#4033=SURFACE_STYLE_FILL_AREA(#4214);
#4034=SURFACE_STYLE_FILL_AREA(#4215);
#4035=SURFACE_STYLE_FILL_AREA(#4216);
#4036=SURFACE_STYLE_FILL_AREA(#4217);
#4037=SURFACE_STYLE_FILL_AREA(#4218);
#4038=SURFACE_STYLE_FILL_AREA(#4219);
#4039=SURFACE_STYLE_FILL_AREA(#4220);
#4040=SURFACE_STYLE_FILL_AREA(#4221);
#4041=SURFACE_STYLE_FILL_AREA(#4222);
#4042=SURFACE_STYLE_FILL_AREA(#4223);
#4043=SURFACE_STYLE_FILL_AREA(#4224);
#4044=SURFACE_STYLE_FILL_AREA(#4225);
#4045=SURFACE_STYLE_FILL_AREA(#4226);
#4046=SURFACE_STYLE_FILL_AREA(#4227);
#4047=SURFACE_STYLE_FILL_AREA(#4228);
#4048=SURFACE_STYLE_FILL_AREA(#4229);
#4049=SURFACE_STYLE_FILL_AREA(#4230);
#4050=SURFACE_STYLE_FILL_AREA(#4231);
#4051=SURFACE_STYLE_FILL_AREA(#4232);
#4052=SURFACE_STYLE_FILL_AREA(#4233);
#4053=SURFACE_STYLE_FILL_AREA(#4234);
#4054=SURFACE_STYLE_FILL_AREA(#4235);
#4055=SURFACE_STYLE_FILL_AREA(#4236);
#4056=SURFACE_STYLE_FILL_AREA(#4237);
#4057=SURFACE_STYLE_FILL_AREA(#4238);
#4058=SURFACE_STYLE_FILL_AREA(#4239);
#4059=SURFACE_STYLE_FILL_AREA(#4240);
#4060=SURFACE_STYLE_FILL_AREA(#4241);
#4061=SURFACE_STYLE_FILL_AREA(#4242);
#4062=SURFACE_STYLE_FILL_AREA(#4243);
#4063=SURFACE_STYLE_FILL_AREA(#4244);
#4064=SURFACE_STYLE_FILL_AREA(#4245);
#4065=SURFACE_STYLE_FILL_AREA(#4246);
#4066=SURFACE_STYLE_FILL_AREA(#4247);
#4067=SURFACE_STYLE_FILL_AREA(#4248);
#4068=SURFACE_STYLE_FILL_AREA(#4249);
#4069=SURFACE_STYLE_FILL_AREA(#4250);
#4070=SURFACE_STYLE_FILL_AREA(#4251);
#4071=SURFACE_STYLE_FILL_AREA(#4252);
#4072=SURFACE_STYLE_FILL_AREA(#4253);
#4073=SURFACE_STYLE_FILL_AREA(#4254);
#4074=SURFACE_STYLE_FILL_AREA(#4255);
#4075=SURFACE_STYLE_FILL_AREA(#4256);
#4076=SURFACE_STYLE_FILL_AREA(#4257);
#4077=SURFACE_STYLE_FILL_AREA(#4258);
#4078=SURFACE_STYLE_FILL_AREA(#4259);
#4079=SURFACE_STYLE_FILL_AREA(#4260);
#4080=SURFACE_STYLE_FILL_AREA(#4261);
#4081=SURFACE_STYLE_FILL_AREA(#4262);
#4082=SURFACE_STYLE_FILL_AREA(#4263);
#4083=SURFACE_STYLE_FILL_AREA(#4264);
#4084=SURFACE_STYLE_FILL_AREA(#4265);
#4085=SURFACE_STYLE_FILL_AREA(#4266);
#4086=SURFACE_STYLE_FILL_AREA(#4267);
#4087=SURFACE_STYLE_FILL_AREA(#4268);
#4088=SURFACE_STYLE_FILL_AREA(#4269);
#4089=SURFACE_STYLE_FILL_AREA(#4270);
#4090=SURFACE_STYLE_FILL_AREA(#4271);
#4091=SURFACE_STYLE_FILL_AREA(#4272);
#4092=SURFACE_STYLE_FILL_AREA(#4273);
#4093=SURFACE_STYLE_FILL_AREA(#4274);
#4094=SURFACE_STYLE_FILL_AREA(#4275);
#4095=SURFACE_STYLE_FILL_AREA(#4276);
#4096=SURFACE_STYLE_FILL_AREA(#4277);
#4097=SURFACE_STYLE_FILL_AREA(#4278);
#4098=SURFACE_STYLE_FILL_AREA(#4279);
#4099=SURFACE_STYLE_FILL_AREA(#4280);
#4100=SURFACE_STYLE_FILL_AREA(#4281);
#4101=SURFACE_STYLE_FILL_AREA(#4282);
#4102=SURFACE_STYLE_FILL_AREA(#4283);
#4103=SURFACE_STYLE_FILL_AREA(#4284);
#4104=SURFACE_STYLE_FILL_AREA(#4285);
#4105=SURFACE_STYLE_FILL_AREA(#4286);
#4106=SURFACE_STYLE_FILL_AREA(#4287);
#4107=SURFACE_STYLE_FILL_AREA(#4288);
#4108=SURFACE_STYLE_FILL_AREA(#4289);
#4109=SURFACE_STYLE_FILL_AREA(#4290);
#4110=SURFACE_STYLE_FILL_AREA(#4291);
#4111=SURFACE_STYLE_FILL_AREA(#4292);
#4112=SURFACE_STYLE_FILL_AREA(#4293);
#4113=SURFACE_STYLE_FILL_AREA(#4294);
#4114=SURFACE_STYLE_FILL_AREA(#4295);
#4115=SURFACE_STYLE_FILL_AREA(#4296);
#4116=SURFACE_STYLE_FILL_AREA(#4297);
#4117=SURFACE_STYLE_FILL_AREA(#4298);
#4118=SURFACE_STYLE_FILL_AREA(#4299);
#4119=SURFACE_STYLE_FILL_AREA(#4300);
#4120=SURFACE_STYLE_FILL_AREA(#4301);
#4121=SURFACE_STYLE_FILL_AREA(#4302);
#4122=SURFACE_STYLE_FILL_AREA(#4303);
#4123=SURFACE_STYLE_FILL_AREA(#4304);
#4124=SURFACE_STYLE_FILL_AREA(#4305);
#4125=SURFACE_STYLE_FILL_AREA(#4306);
#4126=SURFACE_STYLE_FILL_AREA(#4307);
#4127=SURFACE_STYLE_FILL_AREA(#4308);
#4128=SURFACE_STYLE_FILL_AREA(#4309);
#4129=SURFACE_STYLE_FILL_AREA(#4310);
#4130=SURFACE_STYLE_FILL_AREA(#4311);
#4131=SURFACE_STYLE_FILL_AREA(#4312);
#4132=SURFACE_STYLE_FILL_AREA(#4313);
#4133=SURFACE_STYLE_FILL_AREA(#4314);
#4134=SURFACE_STYLE_FILL_AREA(#4315);
#4135=SURFACE_STYLE_FILL_AREA(#4316);
#4136=SURFACE_STYLE_FILL_AREA(#4317);
#4137=SURFACE_STYLE_FILL_AREA(#4318);
#4138=SURFACE_STYLE_FILL_AREA(#4319);
#4139=SURFACE_STYLE_FILL_AREA(#4320);
#4140=SURFACE_STYLE_FILL_AREA(#4321);
#4141=SURFACE_STYLE_FILL_AREA(#4322);
#4142=SURFACE_STYLE_FILL_AREA(#4323);
#4143=SURFACE_STYLE_FILL_AREA(#4324);
#4144=SURFACE_STYLE_FILL_AREA(#4325);
#4145=SURFACE_STYLE_FILL_AREA(#4326);
#4146=SURFACE_STYLE_FILL_AREA(#4327);
#4147=SURFACE_STYLE_FILL_AREA(#4328);
#4148=SURFACE_STYLE_FILL_AREA(#4329);
#4149=SURFACE_STYLE_FILL_AREA(#4330);
#4150=SURFACE_STYLE_FILL_AREA(#4331);
#4151=SURFACE_STYLE_FILL_AREA(#4332);
#4152=SURFACE_STYLE_FILL_AREA(#4333);
#4153=SURFACE_STYLE_FILL_AREA(#4334);
#4154=SURFACE_STYLE_FILL_AREA(#4335);
#4155=SURFACE_STYLE_FILL_AREA(#4336);
#4156=SURFACE_STYLE_FILL_AREA(#4337);
#4157=SURFACE_STYLE_FILL_AREA(#4338);
#4158=SURFACE_STYLE_FILL_AREA(#4339);
#4159=SURFACE_STYLE_FILL_AREA(#4340);
#4160=SURFACE_STYLE_FILL_AREA(#4341);
#4161=SURFACE_STYLE_FILL_AREA(#4342);
#4162=SURFACE_STYLE_FILL_AREA(#4343);
#4163=FILL_AREA_STYLE('',(#4344));
#4164=FILL_AREA_STYLE('',(#4345));
#4165=FILL_AREA_STYLE('',(#4346));
#4166=FILL_AREA_STYLE('',(#4347));
#4167=FILL_AREA_STYLE('',(#4348));
#4168=FILL_AREA_STYLE('',(#4349));
#4169=FILL_AREA_STYLE('',(#4350));
#4170=FILL_AREA_STYLE('',(#4351));
#4171=FILL_AREA_STYLE('',(#4352));
#4172=FILL_AREA_STYLE('',(#4353));
#4173=FILL_AREA_STYLE('',(#4354));
#4174=FILL_AREA_STYLE('',(#4355));
#4175=FILL_AREA_STYLE('',(#4356));
#4176=FILL_AREA_STYLE('',(#4357));
#4177=FILL_AREA_STYLE('',(#4358));
#4178=FILL_AREA_STYLE('',(#4359));
#4179=FILL_AREA_STYLE('',(#4360));
#4180=FILL_AREA_STYLE('',(#4361));
#4181=FILL_AREA_STYLE('',(#4362));
#4182=FILL_AREA_STYLE('',(#4363));
#4183=FILL_AREA_STYLE('',(#4364));
#4184=FILL_AREA_STYLE('',(#4365));
#4185=FILL_AREA_STYLE('',(#4366));
#4186=FILL_AREA_STYLE('',(#4367));
#4187=FILL_AREA_STYLE('',(#4368));
#4188=FILL_AREA_STYLE('',(#4369));
#4189=FILL_AREA_STYLE('',(#4370));
#4190=FILL_AREA_STYLE('',(#4371));
#4191=FILL_AREA_STYLE('',(#4372));
#4192=FILL_AREA_STYLE('',(#4373));
#4193=FILL_AREA_STYLE('',(#4374));
#4194=FILL_AREA_STYLE('',(#4375));
#4195=FILL_AREA_STYLE('',(#4376));
#4196=FILL_AREA_STYLE('',(#4377));
#4197=FILL_AREA_STYLE('',(#4378));
#4198=FILL_AREA_STYLE('',(#4379));
#4199=FILL_AREA_STYLE('',(#4380));
#4200=FILL_AREA_STYLE('',(#4381));
#4201=FILL_AREA_STYLE('',(#4382));
#4202=FILL_AREA_STYLE('',(#4383));
#4203=FILL_AREA_STYLE('',(#4384));
#4204=FILL_AREA_STYLE('',(#4385));
#4205=FILL_AREA_STYLE('',(#4386));
#4206=FILL_AREA_STYLE('',(#4387));
#4207=FILL_AREA_STYLE('',(#4388));
#4208=FILL_AREA_STYLE('',(#4389));
#4209=FILL_AREA_STYLE('',(#4390));
#4210=FILL_AREA_STYLE('',(#4391));
#4211=FILL_AREA_STYLE('',(#4392));
#4212=FILL_AREA_STYLE('',(#4393));
#4213=FILL_AREA_STYLE('',(#4394));
#4214=FILL_AREA_STYLE('',(#4395));
#4215=FILL_AREA_STYLE('',(#4396));
#4216=FILL_AREA_STYLE('',(#4397));
#4217=FILL_AREA_STYLE('',(#4398));
#4218=FILL_AREA_STYLE('',(#4399));
#4219=FILL_AREA_STYLE('',(#4400));
#4220=FILL_AREA_STYLE('',(#4401));
#4221=FILL_AREA_STYLE('',(#4402));
#4222=FILL_AREA_STYLE('',(#4403));
#4223=FILL_AREA_STYLE('',(#4404));
#4224=FILL_AREA_STYLE('',(#4405));
#4225=FILL_AREA_STYLE('',(#4406));
#4226=FILL_AREA_STYLE('',(#4407));
#4227=FILL_AREA_STYLE('',(#4408));
#4228=FILL_AREA_STYLE('',(#4409));
#4229=FILL_AREA_STYLE('',(#4410));
#4230=FILL_AREA_STYLE('',(#4411));
#4231=FILL_AREA_STYLE('',(#4412));
#4232=FILL_AREA_STYLE('',(#4413));
#4233=FILL_AREA_STYLE('',(#4414));
#4234=FILL_AREA_STYLE('',(#4415));
#4235=FILL_AREA_STYLE('',(#4416));
#4236=FILL_AREA_STYLE('',(#4417));
#4237=FILL_AREA_STYLE('',(#4418));
#4238=FILL_AREA_STYLE('',(#4419));
#4239=FILL_AREA_STYLE('',(#4420));
#4240=FILL_AREA_STYLE('',(#4421));
#4241=FILL_AREA_STYLE('',(#4422));
#4242=FILL_AREA_STYLE('',(#4423));
#4243=FILL_AREA_STYLE('',(#4424));
#4244=FILL_AREA_STYLE('',(#4425));
#4245=FILL_AREA_STYLE('',(#4426));
#4246=FILL_AREA_STYLE('',(#4427));
#4247=FILL_AREA_STYLE('',(#4428));
#4248=FILL_AREA_STYLE('',(#4429));
#4249=FILL_AREA_STYLE('',(#4430));
#4250=FILL_AREA_STYLE('',(#4431));
#4251=FILL_AREA_STYLE('',(#4432));
#4252=FILL_AREA_STYLE('',(#4433));
#4253=FILL_AREA_STYLE('',(#4434));
#4254=FILL_AREA_STYLE('',(#4435));
#4255=FILL_AREA_STYLE('',(#4436));
#4256=FILL_AREA_STYLE('',(#4437));
#4257=FILL_AREA_STYLE('',(#4438));
#4258=FILL_AREA_STYLE('',(#4439));
#4259=FILL_AREA_STYLE('',(#4440));
#4260=FILL_AREA_STYLE('',(#4441));
#4261=FILL_AREA_STYLE('',(#4442));
#4262=FILL_AREA_STYLE('',(#4443));
#4263=FILL_AREA_STYLE('',(#4444));
#4264=FILL_AREA_STYLE('',(#4445));
#4265=FILL_AREA_STYLE('',(#4446));
#4266=FILL_AREA_STYLE('',(#4447));
#4267=FILL_AREA_STYLE('',(#4448));
#4268=FILL_AREA_STYLE('',(#4449));
#4269=FILL_AREA_STYLE('',(#4450));
#4270=FILL_AREA_STYLE('',(#4451));
#4271=FILL_AREA_STYLE('',(#4452));
#4272=FILL_AREA_STYLE('',(#4453));
#4273=FILL_AREA_STYLE('',(#4454));
#4274=FILL_AREA_STYLE('',(#4455));
#4275=FILL_AREA_STYLE('',(#4456));
#4276=FILL_AREA_STYLE('',(#4457));
#4277=FILL_AREA_STYLE('',(#4458));
#4278=FILL_AREA_STYLE('',(#4459));
#4279=FILL_AREA_STYLE('',(#4460));
#4280=FILL_AREA_STYLE('',(#4461));
#4281=FILL_AREA_STYLE('',(#4462));
#4282=FILL_AREA_STYLE('',(#4463));
#4283=FILL_AREA_STYLE('',(#4464));
#4284=FILL_AREA_STYLE('',(#4465));
#4285=FILL_AREA_STYLE('',(#4466));
#4286=FILL_AREA_STYLE('',(#4467));
#4287=FILL_AREA_STYLE('',(#4468));
#4288=FILL_AREA_STYLE('',(#4469));
#4289=FILL_AREA_STYLE('',(#4470));
#4290=FILL_AREA_STYLE('',(#4471));
#4291=FILL_AREA_STYLE('',(#4472));
#4292=FILL_AREA_STYLE('',(#4473));
#4293=FILL_AREA_STYLE('',(#4474));
#4294=FILL_AREA_STYLE('',(#4475));
#4295=FILL_AREA_STYLE('',(#4476));
#4296=FILL_AREA_STYLE('',(#4477));
#4297=FILL_AREA_STYLE('',(#4478));
#4298=FILL_AREA_STYLE('',(#4479));
#4299=FILL_AREA_STYLE('',(#4480));
#4300=FILL_AREA_STYLE('',(#4481));
#4301=FILL_AREA_STYLE('',(#4482));
#4302=FILL_AREA_STYLE('',(#4483));
#4303=FILL_AREA_STYLE('',(#4484));
#4304=FILL_AREA_STYLE('',(#4485));
#4305=FILL_AREA_STYLE('',(#4486));
#4306=FILL_AREA_STYLE('',(#4487));
#4307=FILL_AREA_STYLE('',(#4488));
#4308=FILL_AREA_STYLE('',(#4489));
#4309=FILL_AREA_STYLE('',(#4490));
#4310=FILL_AREA_STYLE('',(#4491));
#4311=FILL_AREA_STYLE('',(#4492));
#4312=FILL_AREA_STYLE('',(#4493));
#4313=FILL_AREA_STYLE('',(#4494));
#4314=FILL_AREA_STYLE('',(#4495));
#4315=FILL_AREA_STYLE('',(#4496));
#4316=FILL_AREA_STYLE('',(#4497));
#4317=FILL_AREA_STYLE('',(#4498));
#4318=FILL_AREA_STYLE('',(#4499));
#4319=FILL_AREA_STYLE('',(#4500));
#4320=FILL_AREA_STYLE('',(#4501));
#4321=FILL_AREA_STYLE('',(#4502));
#4322=FILL_AREA_STYLE('',(#4503));
#4323=FILL_AREA_STYLE('',(#4504));
#4324=FILL_AREA_STYLE('',(#4505));
#4325=FILL_AREA_STYLE('',(#4506));
#4326=FILL_AREA_STYLE('',(#4507));
#4327=FILL_AREA_STYLE('',(#4508));
#4328=FILL_AREA_STYLE('',(#4509));
#4329=FILL_AREA_STYLE('',(#4510));
#4330=FILL_AREA_STYLE('',(#4511));
#4331=FILL_AREA_STYLE('',(#4512));
#4332=FILL_AREA_STYLE('',(#4513));
#4333=FILL_AREA_STYLE('',(#4514));
#4334=FILL_AREA_STYLE('',(#4515));
#4335=FILL_AREA_STYLE('',(#4516));
#4336=FILL_AREA_STYLE('',(#4517));
#4337=FILL_AREA_STYLE('',(#4518));
#4338=FILL_AREA_STYLE('',(#4519));
#4339=FILL_AREA_STYLE('',(#4520));
#4340=FILL_AREA_STYLE('',(#4521));
#4341=FILL_AREA_STYLE('',(#4522));
#4342=FILL_AREA_STYLE('',(#4523));
#4343=FILL_AREA_STYLE('',(#4524));
#4344=FILL_AREA_STYLE_COLOUR('',#4525);
#4345=FILL_AREA_STYLE_COLOUR('',#4525);
#4346=FILL_AREA_STYLE_COLOUR('',#4525);
#4347=FILL_AREA_STYLE_COLOUR('',#4525);
#4348=FILL_AREA_STYLE_COLOUR('',#4525);
#4349=FILL_AREA_STYLE_COLOUR('',#4526);
#4350=FILL_AREA_STYLE_COLOUR('',#4526);
#4351=FILL_AREA_STYLE_COLOUR('',#4526);
#4352=FILL_AREA_STYLE_COLOUR('',#4526);
#4353=FILL_AREA_STYLE_COLOUR('',#4526);
#4354=FILL_AREA_STYLE_COLOUR('',#4526);
#4355=FILL_AREA_STYLE_COLOUR('',#4526);
#4356=FILL_AREA_STYLE_COLOUR('',#4526);
#4357=FILL_AREA_STYLE_COLOUR('',#4526);
#4358=FILL_AREA_STYLE_COLOUR('',#4526);
#4359=FILL_AREA_STYLE_COLOUR('',#4526);
#4360=FILL_AREA_STYLE_COLOUR('',#4526);
#4361=FILL_AREA_STYLE_COLOUR('',#4526);
#4362=FILL_AREA_STYLE_COLOUR('',#4526);
#4363=FILL_AREA_STYLE_COLOUR('',#4526);
#4364=FILL_AREA_STYLE_COLOUR('',#4526);
#4365=FILL_AREA_STYLE_COLOUR('',#4526);
#4366=FILL_AREA_STYLE_COLOUR('',#4526);
#4367=FILL_AREA_STYLE_COLOUR('',#4526);
#4368=FILL_AREA_STYLE_COLOUR('',#4526);
#4369=FILL_AREA_STYLE_COLOUR('',#4526);
#4370=FILL_AREA_STYLE_COLOUR('',#4526);
#4371=FILL_AREA_STYLE_COLOUR('',#4526);
#4372=FILL_AREA_STYLE_COLOUR('',#4526);
#4373=FILL_AREA_STYLE_COLOUR('',#4526);
#4374=FILL_AREA_STYLE_COLOUR('',#4526);
#4375=FILL_AREA_STYLE_COLOUR('',#4526);
#4376=FILL_AREA_STYLE_COLOUR('',#4526);
#4377=FILL_AREA_STYLE_COLOUR('',#4526);
#4378=FILL_AREA_STYLE_COLOUR('',#4526);
#4379=FILL_AREA_STYLE_COLOUR('',#4526);
#4380=FILL_AREA_STYLE_COLOUR('',#4526);
#4381=FILL_AREA_STYLE_COLOUR('',#4526);
#4382=FILL_AREA_STYLE_COLOUR('',#4527);
#4383=FILL_AREA_STYLE_COLOUR('',#4525);
#4384=FILL_AREA_STYLE_COLOUR('',#4525);
#4385=FILL_AREA_STYLE_COLOUR('',#4525);
#4386=FILL_AREA_STYLE_COLOUR('',#4525);
#4387=FILL_AREA_STYLE_COLOUR('',#4525);
#4388=FILL_AREA_STYLE_COLOUR('',#4525);
#4389=FILL_AREA_STYLE_COLOUR('',#4525);
#4390=FILL_AREA_STYLE_COLOUR('',#4525);
#4391=FILL_AREA_STYLE_COLOUR('',#4525);
#4392=FILL_AREA_STYLE_COLOUR('',#4525);
#4393=FILL_AREA_STYLE_COLOUR('',#4525);
#4394=FILL_AREA_STYLE_COLOUR('',#4525);
#4395=FILL_AREA_STYLE_COLOUR('',#4525);
#4396=FILL_AREA_STYLE_COLOUR('',#4525);
#4397=FILL_AREA_STYLE_COLOUR('',#4525);
#4398=FILL_AREA_STYLE_COLOUR('',#4525);
#4399=FILL_AREA_STYLE_COLOUR('',#4525);
#4400=FILL_AREA_STYLE_COLOUR('',#4525);
#4401=FILL_AREA_STYLE_COLOUR('',#4525);
#4402=FILL_AREA_STYLE_COLOUR('',#4525);
#4403=FILL_AREA_STYLE_COLOUR('',#4525);
#4404=FILL_AREA_STYLE_COLOUR('',#4525);
#4405=FILL_AREA_STYLE_COLOUR('',#4525);
#4406=FILL_AREA_STYLE_COLOUR('',#4525);
#4407=FILL_AREA_STYLE_COLOUR('',#4525);
#4408=FILL_AREA_STYLE_COLOUR('',#4525);
#4409=FILL_AREA_STYLE_COLOUR('',#4525);
#4410=FILL_AREA_STYLE_COLOUR('',#4525);
#4411=FILL_AREA_STYLE_COLOUR('',#4525);
#4412=FILL_AREA_STYLE_COLOUR('',#4525);
#4413=FILL_AREA_STYLE_COLOUR('',#4525);
#4414=FILL_AREA_STYLE_COLOUR('',#4525);
#4415=FILL_AREA_STYLE_COLOUR('',#4525);
#4416=FILL_AREA_STYLE_COLOUR('',#4525);
#4417=FILL_AREA_STYLE_COLOUR('',#4525);
#4418=FILL_AREA_STYLE_COLOUR('',#4525);
#4419=FILL_AREA_STYLE_COLOUR('',#4528);
#4420=FILL_AREA_STYLE_COLOUR('',#4525);
#4421=FILL_AREA_STYLE_COLOUR('',#4525);
#4422=FILL_AREA_STYLE_COLOUR('',#4525);
#4423=FILL_AREA_STYLE_COLOUR('',#4525);
#4424=FILL_AREA_STYLE_COLOUR('',#4525);
#4425=FILL_AREA_STYLE_COLOUR('',#4525);
#4426=FILL_AREA_STYLE_COLOUR('',#4525);
#4427=FILL_AREA_STYLE_COLOUR('',#4525);
#4428=FILL_AREA_STYLE_COLOUR('',#4526);
#4429=FILL_AREA_STYLE_COLOUR('',#4525);
#4430=FILL_AREA_STYLE_COLOUR('',#4525);
#4431=FILL_AREA_STYLE_COLOUR('',#4525);
#4432=FILL_AREA_STYLE_COLOUR('',#4526);
#4433=FILL_AREA_STYLE_COLOUR('',#4525);
#4434=FILL_AREA_STYLE_COLOUR('',#4525);
#4435=FILL_AREA_STYLE_COLOUR('',#4525);
#4436=FILL_AREA_STYLE_COLOUR('',#4525);
#4437=FILL_AREA_STYLE_COLOUR('',#4525);
#4438=FILL_AREA_STYLE_COLOUR('',#4525);
#4439=FILL_AREA_STYLE_COLOUR('',#4525);
#4440=FILL_AREA_STYLE_COLOUR('',#4525);
#4441=FILL_AREA_STYLE_COLOUR('',#4525);
#4442=FILL_AREA_STYLE_COLOUR('',#4525);
#4443=FILL_AREA_STYLE_COLOUR('',#4525);
#4444=FILL_AREA_STYLE_COLOUR('',#4525);
#4445=FILL_AREA_STYLE_COLOUR('',#4525);
#4446=FILL_AREA_STYLE_COLOUR('',#4525);
#4447=FILL_AREA_STYLE_COLOUR('',#4525);
#4448=FILL_AREA_STYLE_COLOUR('',#4525);
#4449=FILL_AREA_STYLE_COLOUR('',#4525);
#4450=FILL_AREA_STYLE_COLOUR('',#4525);
#4451=FILL_AREA_STYLE_COLOUR('',#4525);
#4452=FILL_AREA_STYLE_COLOUR('',#4526);
#4453=FILL_AREA_STYLE_COLOUR('',#4526);
#4454=FILL_AREA_STYLE_COLOUR('',#4526);
#4455=FILL_AREA_STYLE_COLOUR('',#4526);
#4456=FILL_AREA_STYLE_COLOUR('',#4526);
#4457=FILL_AREA_STYLE_COLOUR('',#4526);
#4458=FILL_AREA_STYLE_COLOUR('',#4526);
#4459=FILL_AREA_STYLE_COLOUR('',#4526);
#4460=FILL_AREA_STYLE_COLOUR('',#4526);
#4461=FILL_AREA_STYLE_COLOUR('',#4526);
#4462=FILL_AREA_STYLE_COLOUR('',#4526);
#4463=FILL_AREA_STYLE_COLOUR('',#4526);
#4464=FILL_AREA_STYLE_COLOUR('',#4526);
#4465=FILL_AREA_STYLE_COLOUR('',#4526);
#4466=FILL_AREA_STYLE_COLOUR('',#4526);
#4467=FILL_AREA_STYLE_COLOUR('',#4526);
#4468=FILL_AREA_STYLE_COLOUR('',#4526);
#4469=FILL_AREA_STYLE_COLOUR('',#4526);
#4470=FILL_AREA_STYLE_COLOUR('',#4526);
#4471=FILL_AREA_STYLE_COLOUR('',#4526);
#4472=FILL_AREA_STYLE_COLOUR('',#4526);
#4473=FILL_AREA_STYLE_COLOUR('',#4526);
#4474=FILL_AREA_STYLE_COLOUR('',#4526);
#4475=FILL_AREA_STYLE_COLOUR('',#4526);
#4476=FILL_AREA_STYLE_COLOUR('',#4526);
#4477=FILL_AREA_STYLE_COLOUR('',#4526);
#4478=FILL_AREA_STYLE_COLOUR('',#4526);
#4479=FILL_AREA_STYLE_COLOUR('',#4526);
#4480=FILL_AREA_STYLE_COLOUR('',#4526);
#4481=FILL_AREA_STYLE_COLOUR('',#4526);
#4482=FILL_AREA_STYLE_COLOUR('',#4526);
#4483=FILL_AREA_STYLE_COLOUR('',#4526);
#4484=FILL_AREA_STYLE_COLOUR('',#4526);
#4485=FILL_AREA_STYLE_COLOUR('',#4526);
#4486=FILL_AREA_STYLE_COLOUR('',#4526);
#4487=FILL_AREA_STYLE_COLOUR('',#4526);
#4488=FILL_AREA_STYLE_COLOUR('',#4526);
#4489=FILL_AREA_STYLE_COLOUR('',#4526);
#4490=FILL_AREA_STYLE_COLOUR('',#4526);
#4491=FILL_AREA_STYLE_COLOUR('',#4526);
#4492=FILL_AREA_STYLE_COLOUR('',#4526);
#4493=FILL_AREA_STYLE_COLOUR('',#4526);
#4494=FILL_AREA_STYLE_COLOUR('',#4526);
#4495=FILL_AREA_STYLE_COLOUR('',#4526);
#4496=FILL_AREA_STYLE_COLOUR('',#4526);
#4497=FILL_AREA_STYLE_COLOUR('',#4526);
#4498=FILL_AREA_STYLE_COLOUR('',#4526);
#4499=FILL_AREA_STYLE_COLOUR('',#4525);
#4500=FILL_AREA_STYLE_COLOUR('',#4525);
#4501=FILL_AREA_STYLE_COLOUR('',#4525);
#4502=FILL_AREA_STYLE_COLOUR('',#4525);
#4503=FILL_AREA_STYLE_COLOUR('',#4525);
#4504=FILL_AREA_STYLE_COLOUR('',#4525);
#4505=FILL_AREA_STYLE_COLOUR('',#4525);
#4506=FILL_AREA_STYLE_COLOUR('',#4525);
#4507=FILL_AREA_STYLE_COLOUR('',#4525);
#4508=FILL_AREA_STYLE_COLOUR('',#4525);
#4509=FILL_AREA_STYLE_COLOUR('',#4525);
#4510=FILL_AREA_STYLE_COLOUR('',#4525);
#4511=FILL_AREA_STYLE_COLOUR('',#4525);
#4512=FILL_AREA_STYLE_COLOUR('',#4525);
#4513=FILL_AREA_STYLE_COLOUR('',#4526);
#4514=FILL_AREA_STYLE_COLOUR('',#4525);
#4515=FILL_AREA_STYLE_COLOUR('',#4525);
#4516=FILL_AREA_STYLE_COLOUR('',#4525);
#4517=FILL_AREA_STYLE_COLOUR('',#4526);
#4518=FILL_AREA_STYLE_COLOUR('',#4525);
#4519=FILL_AREA_STYLE_COLOUR('',#4525);
#4520=FILL_AREA_STYLE_COLOUR('',#4525);
#4521=FILL_AREA_STYLE_COLOUR('',#4526);
#4522=FILL_AREA_STYLE_COLOUR('',#4526);
#4523=FILL_AREA_STYLE_COLOUR('',#4526);
#4524=FILL_AREA_STYLE_COLOUR('',#4526);
#4525=COLOUR_RGB('',0.949999988079071,0.949999988079071,0.949999988079071);
#4526=COLOUR_RGB('',0.699999988079071,0.699999988079071,0.699999988079071);
#4527=COLOUR_RGB('',0.200000002980232,0.200000002980232,0.200000002980232);
#4528=COLOUR_RGB('',0.5,0.5,0.5);
#4529=ADVANCED_FACE('',(#2929,#2930,#2931),#3124,.T.);
#4530=ADVANCED_FACE('',(#2932),#3125,.F.);
#4531=ADVANCED_FACE('',(#2933),#3126,.T.);
#4532=ADVANCED_FACE('',(#2934),#3127,.T.);
#4533=ADVANCED_FACE('',(#2935),#3128,.T.);
#4534=ADVANCED_FACE('',(#2936),#3129,.F.);
#4535=ADVANCED_FACE('',(#2937),#3130,.T.);
#4536=ADVANCED_FACE('',(#2938),#3131,.T.);
#4537=ADVANCED_FACE('',(#2939),#3132,.F.);
#4538=ADVANCED_FACE('',(#2940),#3133,.F.);
#4539=ADVANCED_FACE('',(#2941),#3134,.T.);
#4540=ADVANCED_FACE('',(#2942),#3135,.F.);
#4541=ADVANCED_FACE('',(#2943),#3136,.T.);
#4542=ADVANCED_FACE('',(#2944),#3137,.F.);
#4543=ADVANCED_FACE('',(#2945),#3138,.T.);
#4544=ADVANCED_FACE('',(#2946),#3139,.T.);
#4545=ADVANCED_FACE('',(#2947),#3140,.T.);
#4546=ADVANCED_FACE('',(#2948),#3141,.T.);
#4547=ADVANCED_FACE('',(#2949),#3142,.T.);
#4548=ADVANCED_FACE('',(#2950),#3143,.T.);
#4549=ADVANCED_FACE('',(#2951),#3144,.T.);
#4550=ADVANCED_FACE('',(#2952),#3145,.F.);
#4551=ADVANCED_FACE('',(#2953),#3146,.F.);
#4552=ADVANCED_FACE('',(#2954),#3147,.T.);
#4553=ADVANCED_FACE('',(#2955),#3148,.T.);
#4554=ADVANCED_FACE('',(#2956),#3149,.T.);
#4555=ADVANCED_FACE('',(#2957),#3150,.F.);
#4556=ADVANCED_FACE('',(#2958),#3151,.F.);
#4557=ADVANCED_FACE('',(#2959),#3152,.T.);
#4558=ADVANCED_FACE('',(#2960),#3153,.F.);
#4559=ADVANCED_FACE('',(#2961),#3154,.F.);
#4560=ADVANCED_FACE('',(#2962),#3155,.F.);
#4561=ADVANCED_FACE('',(#2963),#3156,.F.);
#4562=ADVANCED_FACE('',(#2964),#3157,.T.);
#4563=ADVANCED_FACE('',(#2965),#3158,.T.);
#4564=ADVANCED_FACE('',(#2966),#3159,.T.);
#4565=ADVANCED_FACE('',(#2967),#3160,.F.);
#4566=ADVANCED_FACE('',(#2968),#3161,.F.);
#4567=ADVANCED_FACE('',(#2969,#2970,#2971,#2972,#2973,#2974,#2975),#3162,
 .F.);
#4568=ADVANCED_FACE('',(#2976),#3163,.F.);
#4569=ADVANCED_FACE('',(#2977),#3164,.F.);
#4570=ADVANCED_FACE('',(#2978),#3165,.F.);
#4571=ADVANCED_FACE('',(#2979),#3166,.T.);
#4572=ADVANCED_FACE('',(#2980),#3167,.T.);
#4573=ADVANCED_FACE('',(#2981),#3168,.F.);
#4574=ADVANCED_FACE('',(#2982),#3169,.F.);
#4575=ADVANCED_FACE('',(#2983),#3170,.F.);
#4576=ADVANCED_FACE('',(#2984),#3171,.F.);
#4577=ADVANCED_FACE('',(#2985),#3172,.T.);
#4578=ADVANCED_FACE('',(#2986),#3173,.T.);
#4579=ADVANCED_FACE('',(#2987),#3174,.F.);
#4580=ADVANCED_FACE('',(#2988),#3175,.F.);
#4581=ADVANCED_FACE('',(#2989),#3176,.F.);
#4582=ADVANCED_FACE('',(#2990),#3177,.F.);
#4583=ADVANCED_FACE('',(#2991),#3178,.F.);
#4584=ADVANCED_FACE('',(#2992),#3179,.F.);
#4585=ADVANCED_FACE('',(#2993),#3180,.F.);
#4586=ADVANCED_FACE('',(#2994),#3181,.F.);
#4587=ADVANCED_FACE('',(#2995),#3182,.F.);
#4588=ADVANCED_FACE('',(#2996),#3183,.T.);
#4589=ADVANCED_FACE('',(#2997),#3184,.T.);
#4590=ADVANCED_FACE('',(#2998),#40,.F.);
#4591=ADVANCED_FACE('',(#2999),#3185,.T.);
#4592=ADVANCED_FACE('',(#3000),#41,.F.);
#4593=ADVANCED_FACE('',(#3001,#3002),#42,.T.);
#4594=ADVANCED_FACE('',(#3003,#3004),#3186,.T.);
#4595=ADVANCED_FACE('',(#3005),#3187,.F.);
#4596=ADVANCED_FACE('',(#3006,#3007),#43,.F.);
#4597=ADVANCED_FACE('',(#3008,#3009),#3188,.T.);
#4598=ADVANCED_FACE('',(#3010),#3189,.F.);
#4599=ADVANCED_FACE('',(#3011,#3012),#44,.F.);
#4600=ADVANCED_FACE('',(#3013),#3190,.F.);
#4601=ADVANCED_FACE('',(#3014),#3191,.F.);
#4602=ADVANCED_FACE('',(#3015),#3192,.F.);
#4603=ADVANCED_FACE('',(#3016),#3193,.F.);
#4604=ADVANCED_FACE('',(#3017),#3194,.F.);
#4605=ADVANCED_FACE('',(#3018),#3195,.F.);
#4606=ADVANCED_FACE('',(#3019),#3196,.F.);
#4607=ADVANCED_FACE('',(#3020),#3197,.F.);
#4608=ADVANCED_FACE('',(#3021),#45,.F.);
#4609=ADVANCED_FACE('',(#3022),#3198,.F.);
#4610=ADVANCED_FACE('',(#3023),#46,.T.);
#4611=ADVANCED_FACE('',(#3024),#3199,.F.);
#4612=ADVANCED_FACE('',(#3025),#47,.F.);
#4613=ADVANCED_FACE('',(#3026),#3200,.F.);
#4614=ADVANCED_FACE('',(#3027),#3201,.F.);
#4615=ADVANCED_FACE('',(#3028),#3202,.F.);
#4616=ADVANCED_FACE('',(#3029),#3203,.F.);
#4617=ADVANCED_FACE('',(#3030),#3204,.F.);
#4618=ADVANCED_FACE('',(#3031),#48,.F.);
#4619=ADVANCED_FACE('',(#3032),#3205,.F.);
#4620=ADVANCED_FACE('',(#3033),#49,.T.);
#4621=ADVANCED_FACE('',(#3034),#3206,.F.);
#4622=ADVANCED_FACE('',(#3035),#50,.F.);
#4623=ADVANCED_FACE('',(#3036),#3207,.F.);
#4624=ADVANCED_FACE('',(#3037),#3208,.F.);
#4625=ADVANCED_FACE('',(#3038),#3209,.F.);
#4626=ADVANCED_FACE('',(#3039),#51,.F.);
#4627=ADVANCED_FACE('',(#3040),#3210,.F.);
#4628=ADVANCED_FACE('',(#3041),#52,.F.);
#4629=ADVANCED_FACE('',(#3042),#3211,.F.);
#4630=ADVANCED_FACE('',(#3043),#3212,.F.);
#4631=ADVANCED_FACE('',(#3044),#3213,.F.);
#4632=ADVANCED_FACE('',(#3045),#3214,.F.);
#4633=ADVANCED_FACE('',(#3046),#3215,.F.);
#4634=ADVANCED_FACE('',(#3047),#3216,.F.);
#4635=ADVANCED_FACE('',(#3048),#3217,.F.);
#4636=ADVANCED_FACE('',(#3049),#3218,.F.);
#4637=ADVANCED_FACE('',(#3050),#3219,.T.);
#4638=ADVANCED_FACE('',(#3051),#3220,.F.);
#4639=ADVANCED_FACE('',(#3052),#3221,.F.);
#4640=ADVANCED_FACE('',(#3053),#3222,.F.);
#4641=ADVANCED_FACE('',(#3054),#3223,.F.);
#4642=ADVANCED_FACE('',(#3055),#3224,.F.);
#4643=ADVANCED_FACE('',(#3056),#3225,.F.);
#4644=ADVANCED_FACE('',(#3057),#3226,.T.);
#4645=ADVANCED_FACE('',(#3058),#3227,.T.);
#4646=ADVANCED_FACE('',(#3059),#3228,.T.);
#4647=ADVANCED_FACE('',(#3060),#3229,.T.);
#4648=ADVANCED_FACE('',(#3061),#3230,.F.);
#4649=ADVANCED_FACE('',(#3062),#3231,.F.);
#4650=ADVANCED_FACE('',(#3063),#3232,.T.);
#4651=ADVANCED_FACE('',(#3064),#3233,.T.);
#4652=ADVANCED_FACE('',(#3065),#3234,.F.);
#4653=ADVANCED_FACE('',(#3066),#3235,.T.);
#4654=ADVANCED_FACE('',(#3067),#3236,.T.);
#4655=ADVANCED_FACE('',(#3068),#3237,.F.);
#4656=ADVANCED_FACE('',(#3069),#3238,.T.);
#4657=ADVANCED_FACE('',(#3070),#3239,.F.);
#4658=ADVANCED_FACE('',(#3071),#3240,.T.);
#4659=ADVANCED_FACE('',(#3072),#3241,.F.);
#4660=ADVANCED_FACE('',(#3073),#3242,.T.);
#4661=ADVANCED_FACE('',(#3074),#3243,.F.);
#4662=ADVANCED_FACE('',(#3075),#3244,.F.);
#4663=ADVANCED_FACE('',(#3076),#53,.F.);
#4664=ADVANCED_FACE('',(#3077),#3245,.F.);
#4665=ADVANCED_FACE('',(#3078),#54,.F.);
#4666=ADVANCED_FACE('',(#3079),#55,.T.);
#4667=ADVANCED_FACE('',(#3080),#3246,.F.);
#4668=ADVANCED_FACE('',(#3081),#56,.T.);
#4669=ADVANCED_FACE('',(#3082),#57,.F.);
#4670=ADVANCED_FACE('',(#3083),#3247,.F.);
#4671=ADVANCED_FACE('',(#3084),#58,.F.);
#4672=ADVANCED_FACE('',(#3085),#3248,.F.);
#4673=ADVANCED_FACE('',(#3086),#3249,.F.);
#4674=ADVANCED_FACE('',(#3087),#59,.F.);
#4675=ADVANCED_FACE('',(#3088),#3250,.F.);
#4676=ADVANCED_FACE('',(#3089),#60,.F.);
#4677=ADVANCED_FACE('',(#3090),#61,.T.);
#4678=ADVANCED_FACE('',(#3091),#3251,.F.);
#4679=ADVANCED_FACE('',(#3092),#62,.T.);
#4680=ADVANCED_FACE('',(#3093),#63,.F.);
#4681=ADVANCED_FACE('',(#3094),#3252,.F.);
#4682=ADVANCED_FACE('',(#3095),#64,.F.);
#4683=ADVANCED_FACE('',(#3096),#3253,.F.);
#4684=ADVANCED_FACE('',(#3097),#3254,.T.);
#4685=ADVANCED_FACE('',(#3098),#3255,.T.);
#4686=ADVANCED_FACE('',(#3099),#3256,.F.);
#4687=ADVANCED_FACE('',(#3100),#3257,.F.);
#4688=ADVANCED_FACE('',(#3101),#65,.T.);
#4689=ADVANCED_FACE('',(#3102),#66,.T.);
#4690=ADVANCED_FACE('',(#3103),#67,.T.);
#4691=ADVANCED_FACE('',(#3104),#68,.T.);
#4692=ADVANCED_FACE('',(#3105),#69,.T.);
#4693=ADVANCED_FACE('',(#3106),#70,.T.);
#4694=ADVANCED_FACE('',(#3107),#71,.T.);
#4695=ADVANCED_FACE('',(#3108),#72,.T.);
#4696=ADVANCED_FACE('',(#3109),#73,.T.);
#4697=ADVANCED_FACE('',(#3110),#20,.T.);
#4698=ADVANCED_FACE('',(#3111),#74,.T.);
#4699=ADVANCED_FACE('',(#3112),#21,.T.);
#4700=ADVANCED_FACE('',(#3113),#75,.T.);
#4701=ADVANCED_FACE('',(#3114),#22,.T.);
#4702=ADVANCED_FACE('',(#3115),#76,.T.);
#4703=ADVANCED_FACE('',(#3116),#23,.T.);
#4704=ADVANCED_FACE('',(#3117),#77,.T.);
#4705=ADVANCED_FACE('',(#3118,#3119),#24,.T.);
#4706=ADVANCED_FACE('',(#3120),#78,.T.);
#4707=ADVANCED_FACE('',(#3121),#79,.F.);
#4708=ADVANCED_FACE('',(#3122),#80,.F.);
#4709=ADVANCED_FACE('',(#3123),#81,.T.);
#4710=CLOSED_SHELL('',(#4529,#4530,#4531,#4532,#4533,#4534,#4535,#4536,
#4537,#4538,#4539,#4540,#4541,#4542,#4543,#4544,#4545,#4546,#4547,#4548,
#4549,#4550,#4551,#4552,#4553,#4554,#4555,#4556,#4557,#4558,#4559,#4560,
#4561,#4562,#4563,#4564,#4565,#4566,#4567,#4568,#4569,#4570,#4571,#4572,
#4573,#4574,#4575,#4576,#4577,#4578,#4579,#4580,#4581,#4582,#4583,#4584,
#4585,#4586,#4587,#4588,#4589,#4590,#4591,#4592,#4593,#4594,#4595,#4596,
#4597,#4598,#4599,#4600,#4601,#4602,#4603,#4604,#4605,#4606,#4607,#4608,
#4609,#4610,#4611,#4612,#4613,#4614,#4615,#4616,#4617,#4618,#4619,#4620,
#4621,#4622,#4623,#4624,#4625,#4626,#4627,#4628,#4629,#4630,#4631,#4632,
#4633,#4634,#4635,#4636,#4637,#4638,#4639,#4640,#4641,#4642,#4643,#4644,
#4645,#4646,#4647,#4648,#4649,#4650,#4651,#4652,#4653,#4654,#4655,#4656,
#4657,#4658,#4659,#4660,#4661,#4662,#4663,#4664,#4665,#4666,#4667,#4668,
#4669,#4670,#4671,#4672,#4673,#4674,#4675,#4676,#4677,#4678,#4679,#4680,
#4681,#4682,#4683,#4684,#4685,#4686,#4687,#4688,#4689,#4690,#4691,#4692,
#4693,#4694,#4695,#4696,#4697,#4698,#4699,#4700,#4701,#4702,#4703,#4704,
#4705,#4706,#4707,#4708,#4709));
#4711=MANIFOLD_SOLID_BREP('',#4710);
#4712=SHAPE_DEFINITION_REPRESENTATION(#6939,#4713);
#4713=SHAPE_REPRESENTATION('G8PM-1AW7R DC12',(#4714),#6934);
#4714=AXIS2_PLACEMENT_3D('',#5907,#4981,#4982);
#4715=AXIS2_PLACEMENT_3D('',#5908,#4983,#4984);
#4716=AXIS2_PLACEMENT_3D('',#5909,#4985,#4986);
#4717=AXIS2_PLACEMENT_3D('',#5914,#4988,#4989);
#4718=AXIS2_PLACEMENT_3D('',#5916,#4990,#4991);
#4719=AXIS2_PLACEMENT_3D('',#5937,#5002,#5003);
#4720=AXIS2_PLACEMENT_3D('',#5962,#5016,#5017);
#4721=AXIS2_PLACEMENT_3D('',#5987,#5030,#5031);
#4722=AXIS2_PLACEMENT_3D('',#6004,#5040,#5041);
#4723=AXIS2_PLACEMENT_3D('',#6013,#5046,#5047);
#4724=AXIS2_PLACEMENT_3D('',#6022,#5052,#5053);
#4725=AXIS2_PLACEMENT_3D('',#6031,#5058,#5059);
#4726=AXIS2_PLACEMENT_3D('',#6040,#5064,#5065);
#4727=AXIS2_PLACEMENT_3D('',#6049,#5070,#5071);
#4728=AXIS2_PLACEMENT_3D('',#6062,#5078,#5079);
#4729=AXIS2_PLACEMENT_3D('',#6075,#5086,#5087);
#4730=AXIS2_PLACEMENT_3D('',#6081,#5091,#5092);
#4731=AXIS2_PLACEMENT_3D('',#6087,#5096,#5097);
#4732=AXIS2_PLACEMENT_3D('',#6097,#5103,#5104);
#4733=AXIS2_PLACEMENT_3D('',#6107,#5110,#5111);
#4734=AXIS2_PLACEMENT_3D('',#6113,#5115,#5116);
#4735=AXIS2_PLACEMENT_3D('',#6116,#5119,#5120);
#4736=AXIS2_PLACEMENT_3D('',#6119,#5123,#5124);
#4737=AXIS2_PLACEMENT_3D('',#6125,#5128,#5129);
#4738=AXIS2_PLACEMENT_3D('',#6128,#5132,#5133);
#4739=AXIS2_PLACEMENT_3D('',#6131,#5136,#5137);
#4740=AXIS2_PLACEMENT_3D('',#6135,#5139,#5140);
#4741=AXIS2_PLACEMENT_3D('',#6155,#5150,#5151);
#4742=AXIS2_PLACEMENT_3D('',#6156,#5152,#5153);
#4743=AXIS2_PLACEMENT_3D('',#6160,#5155,#5156);
#4744=AXIS2_PLACEMENT_3D('',#6164,#5158,#5159);
#4745=AXIS2_PLACEMENT_3D('',#6181,#5168,#5169);
#4746=AXIS2_PLACEMENT_3D('',#6185,#5171,#5172);
#4747=AXIS2_PLACEMENT_3D('',#6205,#5182,#5183);
#4748=AXIS2_PLACEMENT_3D('',#6206,#5184,#5185);
#4749=AXIS2_PLACEMENT_3D('',#6210,#5187,#5188);
#4750=AXIS2_PLACEMENT_3D('',#6214,#5190,#5191);
#4751=AXIS2_PLACEMENT_3D('',#6231,#5200,#5201);
#4752=AXIS2_PLACEMENT_3D('',#6240,#5206,#5207);
#4753=AXIS2_PLACEMENT_3D('',#6243,#5210,#5211);
#4754=AXIS2_PLACEMENT_3D('',#6252,#5216,#5217);
#4755=AXIS2_PLACEMENT_3D('',#6255,#5220,#5221);
#4756=AXIS2_PLACEMENT_3D('',#6258,#5224,#5225);
#4757=AXIS2_PLACEMENT_3D('',#6261,#5228,#5229);
#4758=AXIS2_PLACEMENT_3D('',#6264,#5232,#5233);
#4759=AXIS2_PLACEMENT_3D('',#6267,#5236,#5237);
#4760=AXIS2_PLACEMENT_3D('',#6270,#5240,#5241);
#4761=AXIS2_PLACEMENT_3D('',#6273,#5244,#5245);
#4762=AXIS2_PLACEMENT_3D('',#6276,#5248,#5249);
#4763=AXIS2_PLACEMENT_3D('',#6278,#5251,#5252);
#4764=AXIS2_PLACEMENT_3D('',#6281,#5255,#5256);
#4765=AXIS2_PLACEMENT_3D('',#6288,#5261,#5262);
#4766=AXIS2_PLACEMENT_3D('',#6292,#5264,#5265);
#4767=AXIS2_PLACEMENT_3D('',#6312,#5275,#5276);
#4768=AXIS2_PLACEMENT_3D('',#6316,#5278,#5279);
#4769=AXIS2_PLACEMENT_3D('',#6320,#5281,#5282);
#4770=AXIS2_PLACEMENT_3D('',#6332,#5288,#5289);
#4771=AXIS2_PLACEMENT_3D('',#6336,#5291,#5292);
#4772=AXIS2_PLACEMENT_3D('',#6340,#5294,#5295);
#4773=AXIS2_PLACEMENT_3D('',#6375,#5314,#5315);
#4774=AXIS2_PLACEMENT_3D('',#6381,#5319,#5320);
#4775=AXIS2_PLACEMENT_3D('',#6382,#5321,#5322);
#4776=AXIS2_PLACEMENT_3D('',#6387,#5325,#5326);
#4777=AXIS2_PLACEMENT_3D('',#6391,#5328,#5329);
#4778=AXIS2_PLACEMENT_3D('',#6395,#5331,#5332);
#4779=AXIS2_PLACEMENT_3D('',#6407,#5338,#5339);
#4780=AXIS2_PLACEMENT_3D('',#6411,#5341,#5342);
#4781=AXIS2_PLACEMENT_3D('',#6415,#5344,#5345);
#4782=AXIS2_PLACEMENT_3D('',#6420,#5348,#5349);
#4783=AXIS2_PLACEMENT_3D('',#6421,#5350,#5351);
#4784=AXIS2_PLACEMENT_3D('',#6427,#5355,#5356);
#4785=AXIS2_PLACEMENT_3D('',#6433,#5360,#5361);
#4786=AXIS2_PLACEMENT_3D('',#6439,#5365,#5366);
#4787=AXIS2_PLACEMENT_3D('',#6445,#5370,#5371);
#4788=AXIS2_PLACEMENT_3D('',#6451,#5375,#5376);
#4789=AXIS2_PLACEMENT_3D('',#6457,#5380,#5381);
#4790=AXIS2_PLACEMENT_3D('',#6465,#5386,#5387);
#4791=AXIS2_PLACEMENT_3D('',#6467,#5389,#5390);
#4792=AXIS2_PLACEMENT_3D('',#6469,#5392,#5393);
#4793=AXIS2_PLACEMENT_3D('',#6473,#5396,#5397);
#4794=AXIS2_PLACEMENT_3D('',#6477,#5400,#5401);
#4795=AXIS2_PLACEMENT_3D('',#6481,#5404,#5405);
#4796=AXIS2_PLACEMENT_3D('',#6487,#5409,#5410);
#4797=AXIS2_PLACEMENT_3D('',#6488,#5411,#5412);
#4798=AXIS2_PLACEMENT_3D('',#6491,#5414,#5415);
#4799=AXIS2_PLACEMENT_3D('',#6495,#5417,#5418);
#4800=AXIS2_PLACEMENT_3D('',#6498,#5420,#5421);
#4801=AXIS2_PLACEMENT_3D('',#6499,#5422,#5423);
#4802=AXIS2_PLACEMENT_3D('',#6502,#5426,#5427);
#4803=AXIS2_PLACEMENT_3D('',#6505,#5430,#5431);
#4804=AXIS2_PLACEMENT_3D('',#6508,#5434,#5435);
#4805=AXIS2_PLACEMENT_3D('',#6511,#5438,#5439);
#4806=AXIS2_PLACEMENT_3D('',#6512,#5440,#5441);
#4807=AXIS2_PLACEMENT_3D('',#6522,#5446,#5447);
#4808=AXIS2_PLACEMENT_3D('',#6528,#5450,#5451);
#4809=AXIS2_PLACEMENT_3D('',#6533,#5454,#5455);
#4810=AXIS2_PLACEMENT_3D('',#6534,#5456,#5457);
#4811=AXIS2_PLACEMENT_3D('',#6538,#5459,#5460);
#4812=AXIS2_PLACEMENT_3D('',#6539,#5461,#5462);
#4813=AXIS2_PLACEMENT_3D('',#6553,#5465,#5466);
#4814=AXIS2_PLACEMENT_3D('',#6554,#5467,#5468);
#4815=AXIS2_PLACEMENT_3D('',#6555,#5469,#5470);
#4816=AXIS2_PLACEMENT_3D('',#6556,#5471,#5472);
#4817=AXIS2_PLACEMENT_3D('',#6557,#5473,#5474);
#4818=AXIS2_PLACEMENT_3D('',#6559,#5475,#5476);
#4819=AXIS2_PLACEMENT_3D('',#6561,#5477,#5478);
#4820=AXIS2_PLACEMENT_3D('',#6562,#5479,#5480);
#4821=AXIS2_PLACEMENT_3D('',#6563,#5481,#5482);
#4822=AXIS2_PLACEMENT_3D('',#6564,#5483,#5484);
#4823=AXIS2_PLACEMENT_3D('',#6565,#5485,#5486);
#4824=AXIS2_PLACEMENT_3D('',#6567,#5487,#5488);
#4825=AXIS2_PLACEMENT_3D('',#6568,#5489,#5490);
#4826=AXIS2_PLACEMENT_3D('',#6570,#5491,#5492);
#4827=AXIS2_PLACEMENT_3D('',#6571,#5493,#5494);
#4828=AXIS2_PLACEMENT_3D('',#6573,#5495,#5496);
#4829=AXIS2_PLACEMENT_3D('',#6574,#5497,#5498);
#4830=AXIS2_PLACEMENT_3D('',#6576,#5499,#5500);
#4831=AXIS2_PLACEMENT_3D('',#6577,#5501,#5502);
#4832=AXIS2_PLACEMENT_3D('',#6583,#5506,#5507);
#4833=AXIS2_PLACEMENT_3D('',#6587,#5510,#5511);
#4834=AXIS2_PLACEMENT_3D('',#6591,#5514,#5515);
#4835=AXIS2_PLACEMENT_3D('',#6593,#5517,#5518);
#4836=AXIS2_PLACEMENT_3D('',#6594,#5519,#5520);
#4837=AXIS2_PLACEMENT_3D('',#6597,#5523,#5524);
#4838=AXIS2_PLACEMENT_3D('',#6600,#5527,#5528);
#4839=AXIS2_PLACEMENT_3D('',#6603,#5531,#5532);
#4840=AXIS2_PLACEMENT_3D('',#6605,#5534,#5535);
#4841=AXIS2_PLACEMENT_3D('',#6607,#5537,#5538);
#4842=AXIS2_PLACEMENT_3D('',#6609,#5540,#5541);
#4843=AXIS2_PLACEMENT_3D('',#6611,#5543,#5544);
#4844=AXIS2_PLACEMENT_3D('',#6613,#5546,#5547);
#4845=AXIS2_PLACEMENT_3D('',#6615,#5549,#5550);
#4846=AXIS2_PLACEMENT_3D('',#6617,#5552,#5553);
#4847=AXIS2_PLACEMENT_3D('',#6619,#5555,#5556);
#4848=AXIS2_PLACEMENT_3D('',#6621,#5558,#5559);
#4849=AXIS2_PLACEMENT_3D('',#6623,#5561,#5562);
#4850=AXIS2_PLACEMENT_3D('',#6625,#5564,#5565);
#4851=AXIS2_PLACEMENT_3D('',#6627,#5567,#5568);
#4852=AXIS2_PLACEMENT_3D('',#6629,#5570,#5571);
#4853=AXIS2_PLACEMENT_3D('',#6631,#5573,#5574);
#4854=AXIS2_PLACEMENT_3D('',#6633,#5576,#5577);
#4855=AXIS2_PLACEMENT_3D('',#6635,#5579,#5580);
#4856=AXIS2_PLACEMENT_3D('',#6638,#5583,#5584);
#4857=AXIS2_PLACEMENT_3D('',#6641,#5587,#5588);
#4858=AXIS2_PLACEMENT_3D('',#6643,#5590,#5591);
#4859=AXIS2_PLACEMENT_3D('',#6645,#5593,#5594);
#4860=AXIS2_PLACEMENT_3D('',#6646,#5595,#5596);
#4861=AXIS2_PLACEMENT_3D('',#6647,#5597,#5598);
#4862=AXIS2_PLACEMENT_3D('',#6648,#5599,#5600);
#4863=AXIS2_PLACEMENT_3D('',#6649,#5601,#5602);
#4864=AXIS2_PLACEMENT_3D('',#6650,#5603,#5604);
#4865=AXIS2_PLACEMENT_3D('',#6651,#5605,#5606);
#4866=AXIS2_PLACEMENT_3D('',#6652,#5607,#5608);
#4867=AXIS2_PLACEMENT_3D('',#6653,#5609,#5610);
#4868=AXIS2_PLACEMENT_3D('',#6654,#5611,#5612);
#4869=AXIS2_PLACEMENT_3D('',#6660,#5616,#5617);
#4870=AXIS2_PLACEMENT_3D('',#6663,#5620,#5621);
#4871=AXIS2_PLACEMENT_3D('',#6664,#5622,#5623);
#4872=AXIS2_PLACEMENT_3D('',#6672,#5627,#5628);
#4873=AXIS2_PLACEMENT_3D('',#6676,#5630,#5631);
#4874=AXIS2_PLACEMENT_3D('',#6678,#5632,#5633);
#4875=AXIS2_PLACEMENT_3D('',#6682,#5635,#5636);
#4876=AXIS2_PLACEMENT_3D('',#6684,#5637,#5638);
#4877=AXIS2_PLACEMENT_3D('',#6687,#5640,#5641);
#4878=AXIS2_PLACEMENT_3D('',#6691,#5644,#5645);
#4879=AXIS2_PLACEMENT_3D('',#6694,#5647,#5648);
#4880=AXIS2_PLACEMENT_3D('',#6698,#5650,#5651);
#4881=AXIS2_PLACEMENT_3D('',#6700,#5652,#5653);
#4882=AXIS2_PLACEMENT_3D('',#6704,#5655,#5656);
#4883=AXIS2_PLACEMENT_3D('',#6706,#5657,#5658);
#4884=AXIS2_PLACEMENT_3D('',#6710,#5660,#5661);
#4885=AXIS2_PLACEMENT_3D('',#6713,#5663,#5664);
#4886=AXIS2_PLACEMENT_3D('',#6715,#5666,#5667);
#4887=AXIS2_PLACEMENT_3D('',#6721,#5671,#5672);
#4888=AXIS2_PLACEMENT_3D('',#6729,#5677,#5678);
#4889=AXIS2_PLACEMENT_3D('',#6733,#5680,#5681);
#4890=AXIS2_PLACEMENT_3D('',#6735,#5682,#5683);
#4891=AXIS2_PLACEMENT_3D('',#6739,#5685,#5686);
#4892=AXIS2_PLACEMENT_3D('',#6741,#5687,#5688);
#4893=AXIS2_PLACEMENT_3D('',#6745,#5690,#5691);
#4894=AXIS2_PLACEMENT_3D('',#6746,#5692,#5693);
#4895=AXIS2_PLACEMENT_3D('',#6750,#5696,#5697);
#4896=AXIS2_PLACEMENT_3D('',#6753,#5699,#5700);
#4897=AXIS2_PLACEMENT_3D('',#6757,#5702,#5703);
#4898=AXIS2_PLACEMENT_3D('',#6759,#5704,#5705);
#4899=AXIS2_PLACEMENT_3D('',#6763,#5707,#5708);
#4900=AXIS2_PLACEMENT_3D('',#6765,#5709,#5710);
#4901=AXIS2_PLACEMENT_3D('',#6769,#5712,#5713);
#4902=AXIS2_PLACEMENT_3D('',#6773,#5716,#5717);
#4903=AXIS2_PLACEMENT_3D('',#6774,#5718,#5719);
#4904=AXIS2_PLACEMENT_3D('',#6776,#5721,#5722);
#4905=AXIS2_PLACEMENT_3D('',#6777,#5723,#5724);
#4906=AXIS2_PLACEMENT_3D('',#6778,#5725,#5726);
#4907=AXIS2_PLACEMENT_3D('',#6780,#5728,#5729);
#4908=AXIS2_PLACEMENT_3D('',#6783,#5732,#5733);
#4909=AXIS2_PLACEMENT_3D('',#6785,#5735,#5736);
#4910=AXIS2_PLACEMENT_3D('',#6786,#5737,#5738);
#4911=AXIS2_PLACEMENT_3D('',#6787,#5739,#5740);
#4912=AXIS2_PLACEMENT_3D('',#6788,#5741,#5742);
#4913=AXIS2_PLACEMENT_3D('',#6789,#5743,#5744);
#4914=AXIS2_PLACEMENT_3D('',#6790,#5745,#5746);
#4915=AXIS2_PLACEMENT_3D('',#6791,#5747,#5748);
#4916=AXIS2_PLACEMENT_3D('',#6792,#5749,#5750);
#4917=AXIS2_PLACEMENT_3D('',#6793,#5751,#5752);
#4918=AXIS2_PLACEMENT_3D('',#6795,#5754,#5755);
#4919=AXIS2_PLACEMENT_3D('',#6797,#5757,#5758);
#4920=AXIS2_PLACEMENT_3D('',#6799,#5760,#5761);
#4921=AXIS2_PLACEMENT_3D('',#6801,#5763,#5764);
#4922=AXIS2_PLACEMENT_3D('',#6803,#5766,#5767);
#4923=AXIS2_PLACEMENT_3D('',#6805,#5769,#5770);
#4924=AXIS2_PLACEMENT_3D('',#6807,#5772,#5773);
#4925=AXIS2_PLACEMENT_3D('',#6809,#5775,#5776);
#4926=AXIS2_PLACEMENT_3D('',#6811,#5778,#5779);
#4927=AXIS2_PLACEMENT_3D('',#6813,#5781,#5782);
#4928=AXIS2_PLACEMENT_3D('',#6814,#5783,#5784);
#4929=AXIS2_PLACEMENT_3D('',#6816,#5786,#5787);
#4930=AXIS2_PLACEMENT_3D('',#6818,#5789,#5790);
#4931=AXIS2_PLACEMENT_3D('',#6820,#5792,#5793);
#4932=AXIS2_PLACEMENT_3D('',#6822,#5795,#5796);
#4933=AXIS2_PLACEMENT_3D('',#6824,#5798,#5799);
#4934=AXIS2_PLACEMENT_3D('',#6826,#5801,#5802);
#4935=AXIS2_PLACEMENT_3D('',#6828,#5804,#5805);
#4936=AXIS2_PLACEMENT_3D('',#6830,#5807,#5808);
#4937=AXIS2_PLACEMENT_3D('',#6832,#5810,#5811);
#4938=AXIS2_PLACEMENT_3D('',#6834,#5813,#5814);
#4939=AXIS2_PLACEMENT_3D('',#6835,#5815,#5816);
#4940=AXIS2_PLACEMENT_3D('',#6844,#5821,#5822);
#4941=AXIS2_PLACEMENT_3D('',#6845,#5823,#5824);
#4942=AXIS2_PLACEMENT_3D('',#6846,#5825,#5826);
#4943=AXIS2_PLACEMENT_3D('',#6847,#5827,#5828);
#4944=AXIS2_PLACEMENT_3D('',#6848,#5829,#5830);
#4945=AXIS2_PLACEMENT_3D('',#6852,#5832,#5833);
#4946=AXIS2_PLACEMENT_3D('',#6853,#5834,#5835);
#4947=AXIS2_PLACEMENT_3D('',#6859,#5839,#5840);
#4948=AXIS2_PLACEMENT_3D('',#6860,#5841,#5842);
#4949=AXIS2_PLACEMENT_3D('',#6861,#5843,#5844);
#4950=AXIS2_PLACEMENT_3D('',#6867,#5845,#5846);
#4951=AXIS2_PLACEMENT_3D('',#6872,#5847,#5848);
#4952=AXIS2_PLACEMENT_3D('',#6878,#5849,#5850);
#4953=AXIS2_PLACEMENT_3D('',#6879,#5851,#5852);
#4954=AXIS2_PLACEMENT_3D('',#6889,#5853,#5854);
#4955=AXIS2_PLACEMENT_3D('',#6894,#5855,#5856);
#4956=AXIS2_PLACEMENT_3D('',#6900,#5857,#5858);
#4957=AXIS2_PLACEMENT_3D('',#6901,#5859,#5860);
#4958=AXIS2_PLACEMENT_3D('',#6906,#5861,#5862);
#4959=AXIS2_PLACEMENT_3D('',#6907,#5863,#5864);
#4960=AXIS2_PLACEMENT_3D('',#6908,#5865,#5866);
#4961=AXIS2_PLACEMENT_3D('',#6909,#5867,#5868);
#4962=AXIS2_PLACEMENT_3D('',#6910,#5869,#5870);
#4963=AXIS2_PLACEMENT_3D('',#6915,#5871,#5872);
#4964=AXIS2_PLACEMENT_3D('',#6916,#5873,#5874);
#4965=AXIS2_PLACEMENT_3D('',#6917,#5875,#5876);
#4966=AXIS2_PLACEMENT_3D('',#6918,#5877,#5878);
#4967=AXIS2_PLACEMENT_3D('',#6919,#5879,#5880);
#4968=AXIS2_PLACEMENT_3D('',#6920,#5881,#5882);
#4969=AXIS2_PLACEMENT_3D('',#6921,#5883,#5884);
#4970=AXIS2_PLACEMENT_3D('',#6922,#5885,#5886);
#4971=AXIS2_PLACEMENT_3D('',#6923,#5887,#5888);
#4972=AXIS2_PLACEMENT_3D('',#6924,#5889,#5890);
#4973=AXIS2_PLACEMENT_3D('',#6925,#5891,#5892);
#4974=AXIS2_PLACEMENT_3D('',#6926,#5893,#5894);
#4975=AXIS2_PLACEMENT_3D('',#6927,#5895,#5896);
#4976=AXIS2_PLACEMENT_3D('',#6928,#5897,#5898);
#4977=AXIS2_PLACEMENT_3D('',#6929,#5899,#5900);
#4978=AXIS2_PLACEMENT_3D('',#6930,#5901,#5902);
#4979=AXIS2_PLACEMENT_3D('',#6931,#5903,#5904);
#4980=AXIS2_PLACEMENT_3D('',#6932,#5905,#5906);
#4981=DIRECTION('',(0.,0.,1.));
#4982=DIRECTION('',(1.,0.,0.));
#4983=DIRECTION('',(-2.4093381610789E-16,0.,1.));
#4984=DIRECTION('',(1.,0.,2.4093381610789E-16));
#4985=DIRECTION('',(-2.4093381610789E-16,0.,1.));
#4986=DIRECTION('',(1.,0.,2.4093381610789E-16));
#4987=DIRECTION('',(-1.,0.,-2.4093381610789E-16));
#4988=DIRECTION('',(-2.4093381610789E-16,0.,1.));
#4989=DIRECTION('',(1.,0.,2.4093381610789E-16));
#4990=DIRECTION('',(-2.4093381610789E-16,0.,1.));
#4991=DIRECTION('',(1.,0.,2.4093381610789E-16));
#4992=DIRECTION('',(1.,0.,2.4093381610789E-16));
#4993=DIRECTION('',(0.,1.,0.));
#4994=DIRECTION('',(1.,0.,2.4093381610789E-16));
#4995=DIRECTION('',(0.,1.,0.));
#4996=DIRECTION('',(1.,0.,2.4093381610789E-16));
#4997=DIRECTION('',(0.,1.,0.));
#4998=DIRECTION('',(1.,0.,2.4093381610789E-16));
#4999=DIRECTION('',(-8.63264489734214E-17,-1.,-2.07989607822095E-32));
#5000=DIRECTION('',(-1.,0.,-2.4093381610789E-16));
#5001=DIRECTION('',(8.63264489734214E-17,1.,2.07989607822095E-32));
#5002=DIRECTION('',(0.,1.,0.));
#5003=DIRECTION('',(0.,0.,1.));
#5004=DIRECTION('',(1.,0.,-1.10643227390106E-15));
#5005=DIRECTION('',(2.15493599500224E-16,0.,-1.));
#5006=DIRECTION('',(1.,0.,0.));
#5007=DIRECTION('',(0.,0.,1.));
#5008=DIRECTION('',(1.,0.,2.17690407059418E-16));
#5009=DIRECTION('',(0.482164330648903,0.,-0.876080794361967));
#5010=DIRECTION('',(-1.,0.,-2.17690407059418E-16));
#5011=DIRECTION('',(0.463413629371655,0.,0.886142092506947));
#5012=DIRECTION('',(1.,0.,2.17690407059418E-16));
#5013=DIRECTION('',(0.453492968392328,0.,-0.891259854149572));
#5014=DIRECTION('',(-1.,0.,-2.17690407059418E-16));
#5015=DIRECTION('',(0.437197636948567,0.,0.899365457556932));
#5016=DIRECTION('',(0.,1.,0.));
#5017=DIRECTION('',(0.,0.,1.));
#5018=DIRECTION('',(1.,0.,2.17690407059418E-16));
#5019=DIRECTION('',(0.,0.,1.));
#5020=DIRECTION('',(1.,0.,0.));
#5021=DIRECTION('',(2.15493599500224E-16,0.,-1.));
#5022=DIRECTION('',(1.,0.,-1.10643227390106E-15));
#5023=DIRECTION('',(0.437197636948567,0.,0.899365457556932));
#5024=DIRECTION('',(-1.,0.,-2.17690407059418E-16));
#5025=DIRECTION('',(0.453492968392328,0.,-0.891259854149572));
#5026=DIRECTION('',(1.,0.,2.17690407059418E-16));
#5027=DIRECTION('',(0.463413629371655,0.,0.886142092506947));
#5028=DIRECTION('',(-1.,0.,-2.17690407059418E-16));
#5029=DIRECTION('',(0.482164330648903,0.,-0.876080794361967));
#5030=DIRECTION('',(1.,0.,2.15493599500224E-16));
#5031=DIRECTION('',(2.15493599500224E-16,0.,-1.));
#5032=DIRECTION('',(0.,1.,0.));
#5033=DIRECTION('',(2.15493599500224E-16,0.,-1.));
#5034=DIRECTION('',(0.,1.,0.));
#5035=DIRECTION('',(2.15493599500224E-16,0.,-1.));
#5036=DIRECTION('',(0.,1.,0.));
#5037=DIRECTION('',(2.15493599500224E-16,0.,-1.));
#5038=DIRECTION('',(0.,1.,0.));
#5039=DIRECTION('',(2.15493599500224E-16,0.,-1.));
#5040=DIRECTION('',(-1.,0.,0.));
#5041=DIRECTION('',(0.,0.,1.));
#5042=DIRECTION('',(0.,1.,0.));
#5043=DIRECTION('',(0.,0.,1.));
#5044=DIRECTION('',(0.,1.,0.));
#5045=DIRECTION('',(0.,0.,1.));
#5046=DIRECTION('',(0.,1.,0.));
#5047=DIRECTION('',(0.,0.,1.));
#5048=DIRECTION('',(1.,0.,2.01571791369917E-16));
#5049=DIRECTION('',(-2.07554707736271E-16,0.,1.));
#5050=DIRECTION('',(-1.,0.,-2.13246218957749E-16));
#5051=DIRECTION('',(-2.07554707736271E-16,0.,1.));
#5052=DIRECTION('',(0.,1.,0.));
#5053=DIRECTION('',(0.,0.,1.));
#5054=DIRECTION('',(-2.07554707736271E-16,0.,1.));
#5055=DIRECTION('',(1.,0.,2.01571791369917E-16));
#5056=DIRECTION('',(-2.07554707736271E-16,0.,1.));
#5057=DIRECTION('',(-1.,0.,-2.13246218957749E-16));
#5058=DIRECTION('',(2.13246218957749E-16,0.,-1.));
#5059=DIRECTION('',(-1.,0.,-2.13246218957749E-16));
#5060=DIRECTION('',(-1.,0.,-2.07554707736271E-16));
#5061=DIRECTION('',(-1.44560289664734E-15,1.,-3.00041686716346E-31));
#5062=DIRECTION('',(-1.,0.,-2.07554707736271E-16));
#5063=DIRECTION('',(-1.44560289664734E-15,1.,-3.00041686716346E-31));
#5064=DIRECTION('',(-2.13246218957749E-16,0.,1.));
#5065=DIRECTION('',(1.,0.,2.13246218957749E-16));
#5066=DIRECTION('',(-1.,0.,-2.07554707736271E-16));
#5067=DIRECTION('',(-1.44560289664734E-15,1.,-3.00041686716346E-31));
#5068=DIRECTION('',(-1.,0.,-2.07554707736271E-16));
#5069=DIRECTION('',(-1.44560289664734E-15,1.,-3.00041686716346E-31));
#5070=DIRECTION('',(1.,0.,2.07554707736271E-16));
#5071=DIRECTION('',(2.07554707736271E-16,0.,-1.));
#5072=DIRECTION('',(-2.07554707736271E-16,0.,1.));
#5073=DIRECTION('',(2.05011398857445E-16,-0.156067954584728,-0.987746320444546));
#5074=DIRECTION('',(-1.44560289664734E-15,1.,-3.00041686716346E-31));
#5075=DIRECTION('',(2.05011398857445E-16,0.156067954584738,-0.987746320444544));
#5076=DIRECTION('',(-2.07554707736271E-16,0.,1.));
#5077=DIRECTION('',(0.,1.,0.));
#5078=DIRECTION('',(1.,0.,2.07554707736271E-16));
#5079=DIRECTION('',(2.07554707736271E-16,0.,-1.));
#5080=DIRECTION('',(2.05011398857445E-16,-0.156067954584728,-0.987746320444546));
#5081=DIRECTION('',(-2.07554707736271E-16,0.,1.));
#5082=DIRECTION('',(0.,1.,0.));
#5083=DIRECTION('',(-2.07554707736271E-16,0.,1.));
#5084=DIRECTION('',(2.05011398857445E-16,0.156067954584738,-0.987746320444544));
#5085=DIRECTION('',(-1.44560289664734E-15,1.,-3.00041686716346E-31));
#5086=DIRECTION('',(0.,1.,0.));
#5087=DIRECTION('',(0.,0.,1.));
#5088=DIRECTION('',(-1.,0.,-2.07554707736271E-16));
#5089=DIRECTION('',(-2.07554707736271E-16,0.,1.));
#5090=DIRECTION('',(-1.,0.,-2.13246218957749E-16));
#5091=DIRECTION('',(0.,1.,0.));
#5092=DIRECTION('',(0.,0.,1.));
#5093=DIRECTION('',(-1.,0.,-2.07554707736271E-16));
#5094=DIRECTION('',(-2.07554707736271E-16,0.,1.));
#5095=DIRECTION('',(-1.,0.,-2.13246218957749E-16));
#5096=DIRECTION('',(-1.,0.,-2.07554707736271E-16));
#5097=DIRECTION('',(-2.07554707736271E-16,0.,1.));
#5098=DIRECTION('',(-1.44560289664734E-15,1.,-3.00041686716346E-31));
#5099=DIRECTION('',(-2.05011398857445E-16,0.156067954584728,0.987746320444546));
#5100=DIRECTION('',(-2.07554707736271E-16,0.,1.));
#5101=DIRECTION('',(0.,-1.,0.));
#5102=DIRECTION('',(-2.05011398857445E-16,-0.156067954584738,0.987746320444544));
#5103=DIRECTION('',(-1.,0.,-2.07554707736271E-16));
#5104=DIRECTION('',(-2.07554707736271E-16,0.,1.));
#5105=DIRECTION('',(-2.05011398857445E-16,0.156067954584728,0.987746320444546));
#5106=DIRECTION('',(-1.44560289664734E-15,1.,-3.00041686716346E-31));
#5107=DIRECTION('',(-2.05011398857445E-16,-0.156067954584738,0.987746320444544));
#5108=DIRECTION('',(-2.07554707736271E-16,0.,1.));
#5109=DIRECTION('',(0.,-1.,0.));
#5110=DIRECTION('',(-0.691798282665882,-1.00006560131745E-15,-0.72209080876337));
#5111=DIRECTION('',(-0.72209080876337,0.,0.691798282665882));
#5112=DIRECTION('',(-0.717815309347335,0.108659748922161,0.687702145285852));
#5113=DIRECTION('',(-1.44560289664734E-15,1.,-3.00041686716346E-31));
#5114=DIRECTION('',(-0.717815309347335,-0.108659748922167,0.687702145285851));
#5115=DIRECTION('',(-1.,-1.44560289664734E-15,3.41930437416042E-17));
#5116=DIRECTION('',(1.44560289664734E-15,-1.,0.));
#5117=DIRECTION('',(-1.9183823408094E-16,0.156067954584728,0.987746320444546));
#5118=DIRECTION('',(2.59386340362091E-16,-0.156067954584738,0.987746320444544));
#5119=DIRECTION('',(0.799910956345813,1.15635359555345E-15,-0.60011870652224));
#5120=DIRECTION('',(-0.60011870652224,0.,-0.799910956345813));
#5121=DIRECTION('',(-0.595382161520394,-0.125391650031092,-0.793597515019915));
#5122=DIRECTION('',(-0.595382161520393,0.125391650031099,-0.793597515019914));
#5123=DIRECTION('',(-1.,-1.44560289664734E-15,3.41930437416042E-17));
#5124=DIRECTION('',(1.44560289664734E-15,-1.,0.));
#5125=DIRECTION('',(-1.9183823408094E-16,0.156067954584728,0.987746320444546));
#5126=DIRECTION('',(2.59386340362091E-16,-0.156067954584738,0.987746320444544));
#5127=DIRECTION('',(-1.44560289664734E-15,1.,-3.00041686716346E-31));
#5128=DIRECTION('',(-0.691798282665882,-1.00006560131745E-15,-0.72209080876337));
#5129=DIRECTION('',(-0.72209080876337,0.,0.691798282665882));
#5130=DIRECTION('',(-0.717815309347335,0.108659748922161,0.687702145285852));
#5131=DIRECTION('',(-0.717815309347335,-0.108659748922167,0.687702145285851));
#5132=DIRECTION('',(0.799910956345813,1.15635359555345E-15,-0.60011870652224));
#5133=DIRECTION('',(-0.60011870652224,0.,-0.799910956345813));
#5134=DIRECTION('',(-0.595382161520394,-0.125391650031092,-0.793597515019915));
#5135=DIRECTION('',(-0.595382161520393,0.125391650031099,-0.793597515019914));
#5136=DIRECTION('',(1.,0.,2.07554707736271E-16));
#5137=DIRECTION('',(2.07554707736271E-16,0.,-1.));
#5138=DIRECTION('',(0.,1.,0.));
#5139=DIRECTION('',(1.,0.,2.07554707736271E-16));
#5140=DIRECTION('',(2.07554707736271E-16,0.,-1.));
#5141=DIRECTION('',(-2.07554707736271E-16,0.,1.));
#5142=DIRECTION('',(0.,1.,0.));
#5143=DIRECTION('',(-2.07554707736271E-16,0.,1.));
#5144=DIRECTION('',(0.,1.,0.));
#5145=DIRECTION('',(-2.13246218957749E-16,0.,1.));
#5146=DIRECTION('',(1.92396426997748E-16,-0.375142139784172,-0.926967299832175));
#5147=DIRECTION('',(0.,-1.,0.));
#5148=DIRECTION('',(1.92396426997748E-16,0.375142139784172,-0.926967299832175));
#5149=DIRECTION('',(-2.13246218957749E-16,0.,1.));
#5150=DIRECTION('',(1.,0.,2.07554707736271E-16));
#5151=DIRECTION('',(2.07554707736271E-16,0.,-1.));
#5152=DIRECTION('',(-1.,0.,-2.07554707736271E-16));
#5153=DIRECTION('',(-2.07554707736271E-16,0.,1.));
#5154=DIRECTION('',(-2.07554707736271E-16,0.,1.));
#5155=DIRECTION('',(-1.,0.,-2.07554707736271E-16));
#5156=DIRECTION('',(-2.07554707736271E-16,0.,1.));
#5157=DIRECTION('',(0.,-1.,0.));
#5158=DIRECTION('',(-1.,0.,-2.07554707736271E-16));
#5159=DIRECTION('',(-2.07554707736271E-16,0.,1.));
#5160=DIRECTION('',(-2.13246218957749E-16,0.,1.));
#5161=DIRECTION('',(-1.92396426997748E-16,-0.375142139784172,0.926967299832175));
#5162=DIRECTION('',(0.,1.,0.));
#5163=DIRECTION('',(-1.92396426997748E-16,0.375142139784172,0.926967299832175));
#5164=DIRECTION('',(-2.13246218957749E-16,0.,1.));
#5165=DIRECTION('',(0.,-1.,0.));
#5166=DIRECTION('',(-2.07554707736271E-16,0.,1.));
#5167=DIRECTION('',(0.,-1.,0.));
#5168=DIRECTION('',(1.,0.,2.07554707736271E-16));
#5169=DIRECTION('',(2.07554707736271E-16,0.,-1.));
#5170=DIRECTION('',(0.,1.,0.));
#5171=DIRECTION('',(1.,0.,2.07554707736271E-16));
#5172=DIRECTION('',(2.07554707736271E-16,0.,-1.));
#5173=DIRECTION('',(-2.07554707736271E-16,0.,1.));
#5174=DIRECTION('',(0.,1.,0.));
#5175=DIRECTION('',(-2.07554707736271E-16,0.,1.));
#5176=DIRECTION('',(0.,1.,0.));
#5177=DIRECTION('',(-2.13246218957749E-16,0.,1.));
#5178=DIRECTION('',(1.92396426997748E-16,0.375142139784172,-0.926967299832175));
#5179=DIRECTION('',(0.,1.,0.));
#5180=DIRECTION('',(1.92396426997748E-16,-0.375142139784172,-0.926967299832175));
#5181=DIRECTION('',(-2.13246218957749E-16,0.,1.));
#5182=DIRECTION('',(1.,0.,2.07554707736271E-16));
#5183=DIRECTION('',(2.07554707736271E-16,0.,-1.));
#5184=DIRECTION('',(-1.,0.,-2.07554707736271E-16));
#5185=DIRECTION('',(-2.07554707736271E-16,0.,1.));
#5186=DIRECTION('',(-2.07554707736271E-16,0.,1.));
#5187=DIRECTION('',(-1.,0.,-2.07554707736271E-16));
#5188=DIRECTION('',(-2.07554707736271E-16,0.,1.));
#5189=DIRECTION('',(0.,-1.,0.));
#5190=DIRECTION('',(-1.,0.,-2.07554707736271E-16));
#5191=DIRECTION('',(-2.07554707736271E-16,0.,1.));
#5192=DIRECTION('',(-2.13246218957749E-16,0.,1.));
#5193=DIRECTION('',(-1.92396426997748E-16,0.375142139784172,0.926967299832175));
#5194=DIRECTION('',(0.,-1.,0.));
#5195=DIRECTION('',(-1.92396426997748E-16,-0.375142139784172,0.926967299832175));
#5196=DIRECTION('',(-2.13246218957749E-16,0.,1.));
#5197=DIRECTION('',(0.,-1.,0.));
#5198=DIRECTION('',(-2.07554707736271E-16,0.,1.));
#5199=DIRECTION('',(0.,-1.,0.));
#5200=DIRECTION('',(2.13246218957749E-16,0.,-1.));
#5201=DIRECTION('',(-1.,0.,-2.13246218957749E-16));
#5202=DIRECTION('',(-1.,0.,-2.07554707736271E-16));
#5203=DIRECTION('',(0.,-1.,0.));
#5204=DIRECTION('',(-1.,0.,-2.07554707736271E-16));
#5205=DIRECTION('',(0.,1.,0.));
#5206=DIRECTION('',(1.73472347597681E-15,1.,3.69923222189298E-31));
#5207=DIRECTION('',(-1.,1.73472347597681E-15,0.));
#5208=DIRECTION('',(-1.,1.73472347597681E-15,-4.49401513419448E-15));
#5209=DIRECTION('',(-1.,1.73472347597681E-15,-2.13246218957749E-16));
#5210=DIRECTION('',(-2.13246218957749E-16,0.,1.));
#5211=DIRECTION('',(1.,0.,2.13246218957749E-16));
#5212=DIRECTION('',(0.,1.,0.));
#5213=DIRECTION('',(-1.,0.,-2.07554707736271E-16));
#5214=DIRECTION('',(0.,-1.,0.));
#5215=DIRECTION('',(-1.,0.,-2.07554707736271E-16));
#5216=DIRECTION('',(8.67361737988403E-16,-1.,1.84961611094649E-31));
#5217=DIRECTION('',(1.,8.67361737988403E-16,0.));
#5218=DIRECTION('',(1.,8.67361737988403E-16,2.13246218957749E-16));
#5219=DIRECTION('',(1.,8.67361737988403E-16,-1.93567550549283E-15));
#5220=DIRECTION('',(0.707106781186547,0.,0.707106781186547));
#5221=DIRECTION('',(0.,-1.,0.));
#5222=DIRECTION('',(0.679819116683983,-0.275121677048572,-0.679819116683983));
#5223=DIRECTION('',(0.679819116683983,0.275121677048572,-0.679819116683983));
#5224=DIRECTION('',(0.707106781186547,0.,0.707106781186547));
#5225=DIRECTION('',(0.,1.,0.));
#5226=DIRECTION('',(0.679819116683983,-0.275121677048572,-0.679819116683983));
#5227=DIRECTION('',(0.679819116683983,0.275121677048572,-0.679819116683983));
#5228=DIRECTION('',(-0.707106781186546,0.,0.707106781186549));
#5229=DIRECTION('',(0.,1.,0.));
#5230=DIRECTION('',(0.679819116683984,0.275121677048572,0.679819116683982));
#5231=DIRECTION('',(0.679819116683984,-0.275121677048572,0.679819116683982));
#5232=DIRECTION('',(-0.707106781186546,0.,0.707106781186549));
#5233=DIRECTION('',(0.,-1.,0.));
#5234=DIRECTION('',(0.679819116683984,0.275121677048572,0.679819116683982));
#5235=DIRECTION('',(0.679819116683984,-0.275121677048572,0.679819116683982));
#5236=DIRECTION('',(-1.44560289664734E-15,-1.,-3.00041686716346E-31));
#5237=DIRECTION('',(1.,-1.44560289664734E-15,0.));
#5238=DIRECTION('',(-1.,0.,-2.07554707736271E-16));
#5239=DIRECTION('',(1.,-1.44560289664734E-15,2.13246218957749E-16));
#5240=DIRECTION('',(2.13246218957749E-16,0.,-1.));
#5241=DIRECTION('',(-1.,0.,-2.13246218957749E-16));
#5242=DIRECTION('',(1.,8.67361737988403E-16,2.13246218957749E-16));
#5243=DIRECTION('',(-1.,0.,-2.13246218957749E-16));
#5244=DIRECTION('',(2.13246218957749E-16,0.,-1.));
#5245=DIRECTION('',(-1.,0.,-2.13246218957749E-16));
#5246=DIRECTION('',(-1.,0.,-2.13246218957749E-16));
#5247=DIRECTION('',(1.,0.,2.13246218957749E-16));
#5248=DIRECTION('',(-2.13246218957749E-16,0.,1.));
#5249=DIRECTION('',(1.,0.,2.13246218957749E-16));
#5250=DIRECTION('',(1.,0.,2.13246218957749E-16));
#5251=DIRECTION('',(-2.13246218957749E-16,0.,1.));
#5252=DIRECTION('',(1.,0.,2.13246218957749E-16));
#5253=DIRECTION('',(-1.,0.,-2.13246218957749E-16));
#5254=DIRECTION('',(1.,0.,2.13246218957749E-16));
#5255=DIRECTION('',(-2.13246218957749E-16,0.,1.));
#5256=DIRECTION('',(1.,0.,2.13246218957749E-16));
#5257=DIRECTION('',(1.,0.,2.13246218957749E-16));
#5258=DIRECTION('',(-1.,0.,-2.13246218957749E-16));
#5259=DIRECTION('',(1.,1.44560289664734E-15,2.13246218957749E-16));
#5260=DIRECTION('',(1.,2.15241231599273E-15,2.13246218957749E-16));
#5261=DIRECTION('',(-2.13246218957749E-16,0.,1.));
#5262=DIRECTION('',(1.,0.,2.13246218957749E-16));
#5263=DIRECTION('',(3.19688149593978E-16,-1.,6.81722891465152E-32));
#5264=DIRECTION('',(-2.13246218957749E-16,0.,1.));
#5265=DIRECTION('',(1.,0.,2.13246218957749E-16));
#5266=DIRECTION('',(-1.,2.15241231599273E-15,-2.13246218957749E-16));
#5267=DIRECTION('',(0.,1.,0.));
#5268=DIRECTION('',(-1.,1.52169536234074E-15,-2.13246218957749E-16));
#5269=DIRECTION('',(1.44193801848096E-14,-1.,3.07487830412494E-30));
#5270=DIRECTION('',(-1.,0.,-2.13246218957749E-16));
#5271=DIRECTION('',(0.,1.,0.));
#5272=DIRECTION('',(-1.,0.,-2.13246218957749E-16));
#5273=DIRECTION('',(0.,-1.,0.));
#5274=DIRECTION('',(-1.,0.,-2.13246218957749E-16));
#5275=DIRECTION('',(-2.13246218957749E-16,0.,1.));
#5276=DIRECTION('',(-1.,0.,-2.13246218957749E-16));
#5277=DIRECTION('',(4.81571078046113E-14,1.,1.02693211552741E-29));
#5278=DIRECTION('',(2.13246218957749E-16,0.,-1.));
#5279=DIRECTION('',(1.,0.,2.13246218957749E-16));
#5280=DIRECTION('',(-1.,0.,-2.13246218957749E-16));
#5281=DIRECTION('',(-2.13246218957749E-16,0.,1.));
#5282=DIRECTION('',(-1.,0.,-2.13246218957749E-16));
#5283=DIRECTION('',(-2.57656672679255E-16,1.,-5.49443112380856E-32));
#5284=DIRECTION('',(-0.747203820327426,0.664594952499716,-1.59338389475609E-16));
#5285=DIRECTION('',(0.,1.,0.));
#5286=DIRECTION('',(0.747203820327426,0.664594952499716,1.59338389475609E-16));
#5287=DIRECTION('',(0.,1.,0.));
#5288=DIRECTION('',(-2.13246218957749E-16,0.,1.));
#5289=DIRECTION('',(-1.,0.,-2.13246218957749E-16));
#5290=DIRECTION('',(1.,0.,2.13246218957749E-16));
#5291=DIRECTION('',(2.13246218957749E-16,0.,-1.));
#5292=DIRECTION('',(1.,0.,2.13246218957749E-16));
#5293=DIRECTION('',(-9.63142156092227E-14,1.,-2.05386423105482E-29));
#5294=DIRECTION('',(-2.13246218957749E-16,0.,1.));
#5295=DIRECTION('',(-1.,0.,-2.13246218957749E-16));
#5296=DIRECTION('',(1.,0.,2.13246218957749E-16));
#5297=DIRECTION('',(0.,-1.,0.));
#5298=DIRECTION('',(1.,0.,2.13246218957749E-16));
#5299=DIRECTION('',(0.,1.,0.));
#5300=DIRECTION('',(1.,0.,2.13246218957749E-16));
#5301=DIRECTION('',(-1.44193801848096E-14,-1.,-3.07487830412494E-30));
#5302=DIRECTION('',(1.,1.52169536234074E-15,2.13246218957749E-16));
#5303=DIRECTION('',(0.,1.,0.));
#5304=DIRECTION('',(1.,0.,2.13246218957749E-16));
#5305=DIRECTION('',(0.,1.,0.));
#5306=DIRECTION('',(-1.,0.,-2.13246218957749E-16));
#5307=DIRECTION('',(0.,-1.,0.));
#5308=DIRECTION('',(1.,0.,2.13246218957749E-16));
#5309=DIRECTION('',(0.,1.,0.));
#5310=DIRECTION('',(-1.,0.,-2.13246218957749E-16));
#5311=DIRECTION('',(0.,-1.,0.));
#5312=DIRECTION('',(-1.,0.,-2.13246218957749E-16));
#5313=DIRECTION('',(1.,0.,2.13246218957749E-16));
#5314=DIRECTION('',(-2.17690407059418E-16,0.,1.));
#5315=DIRECTION('',(1.,0.,2.17690407059418E-16));
#5316=DIRECTION('',(0.,1.,0.));
#5317=DIRECTION('',(1.,0.,2.17690407059418E-16));
#5318=DIRECTION('',(0.,1.,0.));
#5319=DIRECTION('',(-2.17690407059418E-16,0.,1.));
#5320=DIRECTION('',(1.,0.,2.17690407059418E-16));
#5321=DIRECTION('',(-2.17690407059418E-16,0.,1.));
#5322=DIRECTION('',(1.,0.,2.17690407059418E-16));
#5323=DIRECTION('',(0.,1.,0.));
#5324=DIRECTION('',(1.,0.,2.17690407059418E-16));
#5325=DIRECTION('',(-2.17690407059418E-16,0.,1.));
#5326=DIRECTION('',(1.,0.,2.17690407059418E-16));
#5327=DIRECTION('',(-9.63142156092227E-14,1.,-2.09666808015802E-29));
#5328=DIRECTION('',(-2.17690407059418E-16,0.,1.));
#5329=DIRECTION('',(1.,0.,2.17690407059418E-16));
#5330=DIRECTION('',(1.,0.,2.17690407059418E-16));
#5331=DIRECTION('',(-2.17690407059418E-16,0.,1.));
#5332=DIRECTION('',(1.,0.,2.17690407059418E-16));
#5333=DIRECTION('',(0.,1.,0.));
#5334=DIRECTION('',(0.747203820327426,0.664594952499716,1.6265910380343E-16));
#5335=DIRECTION('',(0.,1.,0.));
#5336=DIRECTION('',(-0.747203820327426,0.664594952499716,-1.6265910380343E-16));
#5337=DIRECTION('',(-2.57656672679255E-16,1.,-5.60893859571223E-32));
#5338=DIRECTION('',(-2.17690407059418E-16,0.,1.));
#5339=DIRECTION('',(1.,0.,2.17690407059418E-16));
#5340=DIRECTION('',(-1.,0.,-2.17690407059418E-16));
#5341=DIRECTION('',(-2.17690407059418E-16,0.,1.));
#5342=DIRECTION('',(1.,0.,2.17690407059418E-16));
#5343=DIRECTION('',(4.81571078046113E-14,1.,1.04833404007901E-29));
#5344=DIRECTION('',(-2.17690407059418E-16,0.,1.));
#5345=DIRECTION('',(1.,0.,2.17690407059418E-16));
#5346=DIRECTION('',(-1.,0.,-2.17690407059418E-16));
#5347=DIRECTION('',(0.,1.,0.));
#5348=DIRECTION('',(-2.17690407059418E-16,0.,1.));
#5349=DIRECTION('',(1.,0.,2.17690407059418E-16));
#5350=DIRECTION('',(-2.17690407059418E-16,0.,1.));
#5351=DIRECTION('',(1.,0.,2.17690407059418E-16));
#5352=DIRECTION('',(0.,1.,0.));
#5353=DIRECTION('',(-1.,0.,-2.17690407059418E-16));
#5354=DIRECTION('',(0.,1.,0.));
#5355=DIRECTION('',(2.17690407059418E-16,0.,-1.));
#5356=DIRECTION('',(-1.,0.,-2.17690407059418E-16));
#5357=DIRECTION('',(0.,1.,0.));
#5358=DIRECTION('',(-1.,0.,-2.15493599500224E-16));
#5359=DIRECTION('',(0.,1.,0.));
#5360=DIRECTION('',(2.17690407059418E-16,0.,-1.));
#5361=DIRECTION('',(-1.,0.,-2.17690407059418E-16));
#5362=DIRECTION('',(0.,1.,0.));
#5363=DIRECTION('',(-1.,0.,-2.15493599500224E-16));
#5364=DIRECTION('',(0.,1.,0.));
#5365=DIRECTION('',(-0.899365457556932,0.,0.437197636948567));
#5366=DIRECTION('',(0.437197636948567,0.,0.899365457556932));
#5367=DIRECTION('',(0.,1.,0.));
#5368=DIRECTION('',(0.437197636948567,0.,0.899365457556932));
#5369=DIRECTION('',(0.,-1.,0.));
#5370=DIRECTION('',(0.891259854149571,0.,0.453492968392328));
#5371=DIRECTION('',(0.453492968392328,0.,-0.891259854149572));
#5372=DIRECTION('',(0.,1.,0.));
#5373=DIRECTION('',(0.453492968392328,0.,-0.891259854149571));
#5374=DIRECTION('',(0.,1.,0.));
#5375=DIRECTION('',(-0.886142092506947,0.,0.463413629371655));
#5376=DIRECTION('',(0.463413629371655,0.,0.886142092506947));
#5377=DIRECTION('',(0.,1.,0.));
#5378=DIRECTION('',(0.463413629371655,0.,0.886142092506947));
#5379=DIRECTION('',(-1.44193801848096E-14,-1.,-3.1389607419757E-30));
#5380=DIRECTION('',(0.876080794361967,0.,0.482164330648903));
#5381=DIRECTION('',(0.482164330648903,0.,-0.876080794361967));
#5382=DIRECTION('',(0.,1.,0.));
#5383=DIRECTION('',(0.,1.,0.));
#5384=DIRECTION('',(0.482164330648903,0.,-0.876080794361967));
#5385=DIRECTION('',(0.,1.,0.));
#5386=DIRECTION('',(2.17690407059418E-16,0.,-1.));
#5387=DIRECTION('',(-1.,0.,-2.17690407059418E-16));
#5388=DIRECTION('',(-1.,0.,-2.15493599500224E-16));
#5389=DIRECTION('',(2.17690407059418E-16,0.,-1.));
#5390=DIRECTION('',(-1.,0.,-2.17690407059418E-16));
#5391=DIRECTION('',(-1.,0.,-2.15493599500224E-16));
#5392=DIRECTION('',(-0.899365457556932,0.,0.437197636948567));
#5393=DIRECTION('',(0.437197636948567,0.,0.899365457556932));
#5394=DIRECTION('',(0.,1.,0.));
#5395=DIRECTION('',(-0.437197636948567,0.,-0.899365457556932));
#5396=DIRECTION('',(0.891259854149571,0.,0.453492968392328));
#5397=DIRECTION('',(0.453492968392328,0.,-0.891259854149572));
#5398=DIRECTION('',(-0.453492968392328,0.,0.891259854149571));
#5399=DIRECTION('',(0.,1.,0.));
#5400=DIRECTION('',(-0.886142092506947,0.,0.463413629371655));
#5401=DIRECTION('',(0.463413629371655,0.,0.886142092506947));
#5402=DIRECTION('',(0.,1.,0.));
#5403=DIRECTION('',(-0.463413629371655,0.,-0.886142092506947));
#5404=DIRECTION('',(0.876080794361967,0.,0.482164330648903));
#5405=DIRECTION('',(0.482164330648903,0.,-0.876080794361967));
#5406=DIRECTION('',(-0.482164330648903,0.,0.876080794361967));
#5407=DIRECTION('',(0.,1.,0.));
#5408=DIRECTION('',(0.,1.,0.));
#5409=DIRECTION('',(-2.17690407059418E-16,0.,1.));
#5410=DIRECTION('',(1.,0.,2.17690407059418E-16));
#5411=DIRECTION('',(-2.17690407059418E-16,0.,1.));
#5412=DIRECTION('',(1.,0.,2.17690407059418E-16));
#5413=DIRECTION('',(-1.,2.15241231599273E-15,-2.17690407059418E-16));
#5414=DIRECTION('',(-2.17690407059418E-16,0.,1.));
#5415=DIRECTION('',(1.,0.,2.17690407059418E-16));
#5416=DIRECTION('',(3.19688149593978E-16,-1.,6.95930434171852E-32));
#5417=DIRECTION('',(-2.17690407059418E-16,0.,1.));
#5418=DIRECTION('',(1.,0.,2.17690407059418E-16));
#5419=DIRECTION('',(1.,2.15241231599273E-15,2.17690407059418E-16));
#5420=DIRECTION('',(-2.17690407059418E-16,0.,1.));
#5421=DIRECTION('',(1.,0.,2.17690407059418E-16));
#5422=DIRECTION('',(0.,1.,0.));
#5423=DIRECTION('',(0.,0.,1.));
#5424=DIRECTION('',(-2.18346270847775E-16,0.,1.));
#5425=DIRECTION('',(-2.18346270847775E-16,0.,1.));
#5426=DIRECTION('',(0.,-1.,0.));
#5427=DIRECTION('',(0.,0.,-1.));
#5428=DIRECTION('',(-2.18346270847775E-16,0.,1.));
#5429=DIRECTION('',(-2.18346270847775E-16,0.,1.));
#5430=DIRECTION('',(0.,-1.,0.));
#5431=DIRECTION('',(0.,0.,-1.));
#5432=DIRECTION('',(-2.18346270847775E-16,0.,1.));
#5433=DIRECTION('',(-2.18346270847775E-16,0.,1.));
#5434=DIRECTION('',(0.,1.,0.));
#5435=DIRECTION('',(0.,0.,1.));
#5436=DIRECTION('',(-2.18346270847775E-16,0.,1.));
#5437=DIRECTION('',(-2.18346270847775E-16,0.,1.));
#5438=DIRECTION('',(0.,1.,0.));
#5439=DIRECTION('',(0.,0.,1.));
#5440=DIRECTION('',(0.,1.,0.));
#5441=DIRECTION('',(0.,0.,1.));
#5442=DIRECTION('',(2.15493599500224E-16,0.,-1.));
#5443=DIRECTION('',(1.,0.,2.4093381610789E-16));
#5444=DIRECTION('',(2.4093381610789E-16,0.,-1.));
#5445=DIRECTION('',(-1.,0.,-2.4093381610789E-16));
#5446=DIRECTION('',(0.,-1.,0.));
#5447=DIRECTION('',(0.,0.,-1.));
#5448=DIRECTION('',(-1.,0.,-2.4093381610789E-16));
#5449=DIRECTION('',(2.15493599500224E-16,0.,-1.));
#5450=DIRECTION('',(0.,-1.,0.));
#5451=DIRECTION('',(0.,0.,-1.));
#5452=DIRECTION('',(1.,0.,2.4093381610789E-16));
#5453=DIRECTION('',(2.4093381610789E-16,0.,-1.));
#5454=DIRECTION('',(2.4093381610789E-16,0.,-1.));
#5455=DIRECTION('',(-1.,0.,-2.4093381610789E-16));
#5456=DIRECTION('',(-2.4093381610789E-16,0.,1.));
#5457=DIRECTION('',(1.,0.,2.4093381610789E-16));
#5458=DIRECTION('',(2.4093381610789E-16,0.,-1.));
#5459=DIRECTION('',(-2.4093381610789E-16,0.,1.));
#5460=DIRECTION('',(0.,-1.,0.));
#5461=DIRECTION('',(1.,0.,2.4093381610789E-16));
#5462=DIRECTION('',(2.4093381610789E-16,0.,-1.));
#5463=DIRECTION('',(2.4093381610789E-16,0.,-1.));
#5464=DIRECTION('',(0.,-1.,0.));
#5465=DIRECTION('',(2.4093381610789E-16,0.,-1.));
#5466=DIRECTION('',(-1.,0.,-2.4093381610789E-16));
#5467=DIRECTION('',(-2.4093381610789E-16,0.,1.));
#5468=DIRECTION('',(1.,0.,2.4093381610789E-16));
#5469=DIRECTION('',(-2.4093381610789E-16,0.,1.));
#5470=DIRECTION('',(0.,1.,0.));
#5471=DIRECTION('',(2.4093381610789E-16,0.,-1.));
#5472=DIRECTION('',(-1.,0.,-2.4093381610789E-16));
#5473=DIRECTION('',(-2.4093381610789E-16,0.,1.));
#5474=DIRECTION('',(1.,0.,2.4093381610789E-16));
#5475=DIRECTION('',(2.4093381610789E-16,0.,-1.));
#5476=DIRECTION('',(0.,1.,0.));
#5477=DIRECTION('',(-2.4093381610789E-16,0.,1.));
#5478=DIRECTION('',(1.,0.,2.4093381610789E-16));
#5479=DIRECTION('',(-2.4093381610789E-16,0.,1.));
#5480=DIRECTION('',(1.,0.,2.4093381610789E-16));
#5481=DIRECTION('',(-2.4093381610789E-16,0.,1.));
#5482=DIRECTION('',(1.,0.,2.4093381610789E-16));
#5483=DIRECTION('',(2.4093381610789E-16,0.,-1.));
#5484=DIRECTION('',(-1.,0.,-2.4093381610789E-16));
#5485=DIRECTION('',(2.4093381610789E-16,0.,-1.));
#5486=DIRECTION('',(0.,1.,0.));
#5487=DIRECTION('',(2.4093381610789E-16,0.,-1.));
#5488=DIRECTION('',(-1.,0.,-2.4093381610789E-16));
#5489=DIRECTION('',(-2.4093381610789E-16,0.,1.));
#5490=DIRECTION('',(1.,0.,2.4093381610789E-16));
#5491=DIRECTION('',(-2.4093381610789E-16,0.,1.));
#5492=DIRECTION('',(1.,0.,2.4093381610789E-16));
#5493=DIRECTION('',(-2.4093381610789E-16,0.,1.));
#5494=DIRECTION('',(1.,0.,2.4093381610789E-16));
#5495=DIRECTION('',(2.4093381610789E-16,0.,-1.));
#5496=DIRECTION('',(-1.,0.,-2.4093381610789E-16));
#5497=DIRECTION('',(2.4093381610789E-16,0.,-1.));
#5498=DIRECTION('',(0.,1.,0.));
#5499=DIRECTION('',(2.4093381610789E-16,0.,-1.));
#5500=DIRECTION('',(-1.,0.,-2.4093381610789E-16));
#5501=DIRECTION('',(0.,-1.,0.));
#5502=DIRECTION('',(0.,0.,-1.));
#5503=DIRECTION('',(2.4093381610789E-16,0.,-1.));
#5504=DIRECTION('',(-1.,0.,-2.4093381610789E-16));
#5505=DIRECTION('',(2.4093381610789E-16,0.,-1.));
#5506=DIRECTION('',(-1.,8.63264489734214E-17,-2.4093381610789E-16));
#5507=DIRECTION('',(-2.4093381610789E-16,0.,1.));
#5508=DIRECTION('',(8.63264489734214E-17,1.,2.07989607822094E-32));
#5509=DIRECTION('',(2.4093381610789E-16,0.,-1.));
#5510=DIRECTION('',(0.,1.,0.));
#5511=DIRECTION('',(0.,0.,1.));
#5512=DIRECTION('',(1.,0.,2.4093381610789E-16));
#5513=DIRECTION('',(2.4093381610789E-16,0.,-1.));
#5514=DIRECTION('',(1.,-8.63264489734214E-17,2.4093381610789E-16));
#5515=DIRECTION('',(2.4093381610789E-16,0.,-1.));
#5516=DIRECTION('',(-8.63264489734214E-17,-1.,-2.07989607822094E-32));
#5517=DIRECTION('',(2.4093381610789E-16,0.,-1.));
#5518=DIRECTION('',(-1.,0.,-2.4093381610789E-16));
#5519=DIRECTION('',(2.15241231599273E-15,-1.,4.69971202523836E-31));
#5520=DIRECTION('',(1.,2.15241231599273E-15,0.));
#5521=DIRECTION('',(-2.18346270847775E-16,0.,1.));
#5522=DIRECTION('',(-2.18346270847775E-16,0.,1.));
#5523=DIRECTION('',(0.,-1.,0.));
#5524=DIRECTION('',(0.,0.,-1.));
#5525=DIRECTION('',(-2.18346270847775E-16,0.,1.));
#5526=DIRECTION('',(-2.18346270847775E-16,0.,1.));
#5527=DIRECTION('',(0.,-1.,0.));
#5528=DIRECTION('',(0.,0.,-1.));
#5529=DIRECTION('',(-2.18346270847775E-16,0.,1.));
#5530=DIRECTION('',(-2.18346270847775E-16,0.,1.));
#5531=DIRECTION('',(-2.18346270847775E-16,0.,1.));
#5532=DIRECTION('',(1.,0.,2.18346270847775E-16));
#5533=DIRECTION('',(-2.18346270847775E-16,0.,1.));
#5534=DIRECTION('',(1.,9.63142156092227E-14,2.18346270847775E-16));
#5535=DIRECTION('',(-9.63142156092227E-14,1.,0.));
#5536=DIRECTION('',(-2.18346270847775E-16,0.,1.));
#5537=DIRECTION('',(-2.18346270847775E-16,0.,1.));
#5538=DIRECTION('',(1.,0.,2.18346270847775E-16));
#5539=DIRECTION('',(-2.18346270847775E-16,0.,1.));
#5540=DIRECTION('',(0.,-1.,0.));
#5541=DIRECTION('',(0.,0.,-1.));
#5542=DIRECTION('',(-2.18346270847775E-16,0.,1.));
#5543=DIRECTION('',(-2.18346270847775E-16,0.,1.));
#5544=DIRECTION('',(1.,0.,2.18346270847775E-16));
#5545=DIRECTION('',(-2.18346270847775E-16,0.,1.));
#5546=DIRECTION('',(1.,0.,2.18346270847775E-16));
#5547=DIRECTION('',(2.18346270847775E-16,0.,-1.));
#5548=DIRECTION('',(-2.18346270847775E-16,0.,1.));
#5549=DIRECTION('',(0.664594952499716,-0.747203820327426,1.45111829502567E-16));
#5550=DIRECTION('',(0.747203820327426,0.664594952499716,0.));
#5551=DIRECTION('',(-2.18346270847775E-16,0.,1.));
#5552=DIRECTION('',(1.,0.,2.18346270847775E-16));
#5553=DIRECTION('',(2.18346270847775E-16,0.,-1.));
#5554=DIRECTION('',(-2.18346270847775E-16,0.,1.));
#5555=DIRECTION('',(0.664594952499716,0.747203820327426,1.45111829502567E-16));
#5556=DIRECTION('',(-0.747203820327426,0.664594952499716,0.));
#5557=DIRECTION('',(-2.18346270847775E-16,0.,1.));
#5558=DIRECTION('',(1.,2.57656672679255E-16,2.18346270847775E-16));
#5559=DIRECTION('',(-2.57656672679255E-16,1.,0.));
#5560=DIRECTION('',(-2.18346270847775E-16,0.,1.));
#5561=DIRECTION('',(-2.18346270847775E-16,0.,1.));
#5562=DIRECTION('',(1.,0.,2.18346270847775E-16));
#5563=DIRECTION('',(-2.18346270847775E-16,0.,1.));
#5564=DIRECTION('',(0.,1.,0.));
#5565=DIRECTION('',(0.,0.,1.));
#5566=DIRECTION('',(-2.18346270847775E-16,0.,1.));
#5567=DIRECTION('',(-2.18346270847775E-16,0.,1.));
#5568=DIRECTION('',(1.,0.,2.18346270847775E-16));
#5569=DIRECTION('',(-2.18346270847775E-16,0.,1.));
#5570=DIRECTION('',(1.,-4.81571078046113E-14,2.18346270847775E-16));
#5571=DIRECTION('',(4.81571078046113E-14,1.,0.));
#5572=DIRECTION('',(-2.18346270847775E-16,0.,1.));
#5573=DIRECTION('',(-2.18346270847775E-16,0.,1.));
#5574=DIRECTION('',(1.,0.,2.18346270847775E-16));
#5575=DIRECTION('',(-2.18346270847775E-16,0.,1.));
#5576=DIRECTION('',(0.,1.,0.));
#5577=DIRECTION('',(0.,0.,1.));
#5578=DIRECTION('',(-2.18346270847775E-16,0.,1.));
#5579=DIRECTION('',(0.,1.,0.));
#5580=DIRECTION('',(0.,0.,1.));
#5581=DIRECTION('',(-2.18346270847775E-16,0.,1.));
#5582=DIRECTION('',(-2.18346270847775E-16,0.,1.));
#5583=DIRECTION('',(2.15241231599273E-15,1.,4.69971202523836E-31));
#5584=DIRECTION('',(-1.,2.15241231599273E-15,0.));
#5585=DIRECTION('',(-2.18346270847775E-16,0.,1.));
#5586=DIRECTION('',(-2.18346270847775E-16,0.,1.));
#5587=DIRECTION('',(-2.18346270847775E-16,0.,1.));
#5588=DIRECTION('',(1.,0.,2.18346270847775E-16));
#5589=DIRECTION('',(-2.18346270847775E-16,0.,1.));
#5590=DIRECTION('',(-1.,-3.19688149593978E-16,-2.18346270847775E-16));
#5591=DIRECTION('',(3.19688149593978E-16,-1.,0.));
#5592=DIRECTION('',(-2.18346270847775E-16,0.,1.));
#5593=DIRECTION('',(-2.18346270847775E-16,0.,1.));
#5594=DIRECTION('',(1.,0.,2.18346270847775E-16));
#5595=DIRECTION('',(-1.,-1.44193801848096E-14,-2.18346270847775E-16));
#5596=DIRECTION('',(1.44193801848096E-14,-1.,0.));
#5597=DIRECTION('',(1.,0.,2.18346270847775E-16));
#5598=DIRECTION('',(2.18346270847775E-16,0.,-1.));
#5599=DIRECTION('',(1.,0.,2.18346270847775E-16));
#5600=DIRECTION('',(2.18346270847775E-16,0.,-1.));
#5601=DIRECTION('',(-1.,1.44193801848096E-14,-2.18346270847775E-16));
#5602=DIRECTION('',(-1.44193801848096E-14,-1.,0.));
#5603=DIRECTION('',(1.,0.,2.18346270847775E-16));
#5604=DIRECTION('',(2.18346270847775E-16,0.,-1.));
#5605=DIRECTION('',(-1.,0.,-2.18346270847775E-16));
#5606=DIRECTION('',(-2.18346270847775E-16,0.,1.));
#5607=DIRECTION('',(-1.,0.,-2.18346270847775E-16));
#5608=DIRECTION('',(-2.18346270847775E-16,0.,1.));
#5609=DIRECTION('',(1.,0.,2.18346270847775E-16));
#5610=DIRECTION('',(2.18346270847775E-16,0.,-1.));
#5611=DIRECTION('',(2.13246218957749E-16,0.,-1.));
#5612=DIRECTION('',(-1.,0.,-2.13246218957749E-16));
#5613=DIRECTION('',(1.,0.,2.13246218957749E-16));
#5614=DIRECTION('',(0.,-1.,0.));
#5615=DIRECTION('',(0.,1.,0.));
#5616=DIRECTION('',(0.,-1.,0.));
#5617=DIRECTION('',(0.,0.,-1.));
#5618=DIRECTION('',(-2.07554707736271E-16,0.,1.));
#5619=DIRECTION('',(-2.07554707736271E-16,0.,1.));
#5620=DIRECTION('',(-1.,0.,-2.07554707736271E-16));
#5621=DIRECTION('',(-2.07554707736271E-16,0.,1.));
#5622=DIRECTION('',(-1.,0.,-2.07554707736271E-16));
#5623=DIRECTION('',(-2.07554707736271E-16,0.,1.));
#5624=DIRECTION('',(0.,-1.,0.));
#5625=DIRECTION('',(-2.07554707736271E-16,0.,1.));
#5626=DIRECTION('',(9.23796634781015E-31,1.,-4.45085849825596E-15));
#5627=DIRECTION('',(-1.,0.,-2.07554707736271E-16));
#5628=DIRECTION('',(-2.07554707736271E-16,0.,1.));
#5629=DIRECTION('',(2.07554707736271E-16,1.59112331860109E-14,-1.));
#5630=DIRECTION('',(-1.,0.,-2.07554707736271E-16));
#5631=DIRECTION('',(-2.07554707736271E-16,0.,1.));
#5632=DIRECTION('',(-1.,0.,-2.07554707736271E-16));
#5633=DIRECTION('',(-2.07554707736271E-16,0.,1.));
#5634=DIRECTION('',(2.07554707736271E-16,-1.88054152076614E-15,-1.));
#5635=DIRECTION('',(-1.,0.,-2.07554707736271E-16));
#5636=DIRECTION('',(-2.07554707736271E-16,0.,1.));
#5637=DIRECTION('',(-1.,0.,-2.07554707736271E-16));
#5638=DIRECTION('',(-2.07554707736271E-16,0.,1.));
#5639=DIRECTION('',(2.07554707736271E-16,0.,-1.));
#5640=DIRECTION('',(0.,1.,0.));
#5641=DIRECTION('',(0.,0.,1.));
#5642=DIRECTION('',(-2.07554707736271E-16,0.,1.));
#5643=DIRECTION('',(1.,0.,2.01571791369917E-16));
#5644=DIRECTION('',(1.,0.,2.07554707736271E-16));
#5645=DIRECTION('',(2.07554707736271E-16,0.,-1.));
#5646=DIRECTION('',(0.,1.,0.));
#5647=DIRECTION('',(1.,0.,2.07554707736271E-16));
#5648=DIRECTION('',(2.07554707736271E-16,0.,-1.));
#5649=DIRECTION('',(-2.07554707736271E-16,0.,1.));
#5650=DIRECTION('',(1.,0.,2.07554707736271E-16));
#5651=DIRECTION('',(2.07554707736271E-16,0.,-1.));
#5652=DIRECTION('',(1.,0.,2.07554707736271E-16));
#5653=DIRECTION('',(2.07554707736271E-16,0.,-1.));
#5654=DIRECTION('',(-2.07554707736271E-16,1.88054152076614E-15,1.));
#5655=DIRECTION('',(1.,0.,2.07554707736271E-16));
#5656=DIRECTION('',(2.07554707736271E-16,0.,-1.));
#5657=DIRECTION('',(1.,0.,2.07554707736271E-16));
#5658=DIRECTION('',(2.07554707736271E-16,0.,-1.));
#5659=DIRECTION('',(-2.07554707736271E-16,-1.59112331860109E-14,1.));
#5660=DIRECTION('',(1.,0.,2.07554707736271E-16));
#5661=DIRECTION('',(2.07554707736271E-16,0.,-1.));
#5662=DIRECTION('',(-9.23796634781015E-31,-1.,4.45085849825596E-15));
#5663=DIRECTION('',(1.44560289664734E-15,-1.,3.00041686716346E-31));
#5664=DIRECTION('',(1.,1.44560289664734E-15,0.));
#5665=DIRECTION('',(-1.,0.,-2.07554707736271E-16));
#5666=DIRECTION('',(-2.13246218957749E-16,0.,1.));
#5667=DIRECTION('',(1.,0.,2.13246218957749E-16));
#5668=DIRECTION('',(1.,0.,2.13246218957749E-16));
#5669=DIRECTION('',(0.,-1.,0.));
#5670=DIRECTION('',(0.,1.,0.));
#5671=DIRECTION('',(1.,0.,2.07554707736271E-16));
#5672=DIRECTION('',(2.07554707736271E-16,0.,-1.));
#5673=DIRECTION('',(9.23796634781015E-31,-1.,-4.45085849825596E-15));
#5674=DIRECTION('',(-2.07554707736271E-16,0.,1.));
#5675=DIRECTION('',(-2.07554707736271E-16,0.,1.));
#5676=DIRECTION('',(-2.36523030246491E-30,1.,1.13956957578158E-14));
#5677=DIRECTION('',(1.,0.,2.07554707736271E-16));
#5678=DIRECTION('',(2.07554707736271E-16,0.,-1.));
#5679=DIRECTION('',(2.07554707736271E-16,0.,-1.));
#5680=DIRECTION('',(1.,0.,2.07554707736271E-16));
#5681=DIRECTION('',(2.07554707736271E-16,0.,-1.));
#5682=DIRECTION('',(1.,0.,2.07554707736271E-16));
#5683=DIRECTION('',(2.07554707736271E-16,0.,-1.));
#5684=DIRECTION('',(2.07554707736271E-16,0.,-1.));
#5685=DIRECTION('',(1.,0.,2.07554707736271E-16));
#5686=DIRECTION('',(2.07554707736271E-16,0.,-1.));
#5687=DIRECTION('',(1.,0.,2.07554707736271E-16));
#5688=DIRECTION('',(2.07554707736271E-16,0.,-1.));
#5689=DIRECTION('',(2.07554707736271E-16,0.,-1.));
#5690=DIRECTION('',(1.,0.,2.07554707736271E-16));
#5691=DIRECTION('',(2.07554707736271E-16,0.,-1.));
#5692=DIRECTION('',(0.,1.,0.));
#5693=DIRECTION('',(0.,0.,1.));
#5694=DIRECTION('',(1.,0.,2.01571791369917E-16));
#5695=DIRECTION('',(-2.07554707736271E-16,0.,1.));
#5696=DIRECTION('',(-1.,0.,-2.07554707736271E-16));
#5697=DIRECTION('',(-2.07554707736271E-16,0.,1.));
#5698=DIRECTION('',(-9.23796634781015E-31,1.,4.45085849825596E-15));
#5699=DIRECTION('',(-1.,0.,-2.07554707736271E-16));
#5700=DIRECTION('',(-2.07554707736271E-16,0.,1.));
#5701=DIRECTION('',(-2.07554707736271E-16,0.,1.));
#5702=DIRECTION('',(-1.,0.,-2.07554707736271E-16));
#5703=DIRECTION('',(-2.07554707736271E-16,0.,1.));
#5704=DIRECTION('',(-1.,0.,-2.07554707736271E-16));
#5705=DIRECTION('',(-2.07554707736271E-16,0.,1.));
#5706=DIRECTION('',(-2.07554707736271E-16,0.,1.));
#5707=DIRECTION('',(-1.,0.,-2.07554707736271E-16));
#5708=DIRECTION('',(-2.07554707736271E-16,0.,1.));
#5709=DIRECTION('',(-1.,0.,-2.07554707736271E-16));
#5710=DIRECTION('',(-2.07554707736271E-16,0.,1.));
#5711=DIRECTION('',(-2.07554707736271E-16,0.,1.));
#5712=DIRECTION('',(-1.,0.,-2.07554707736271E-16));
#5713=DIRECTION('',(-2.07554707736271E-16,0.,1.));
#5714=DIRECTION('',(2.36523030246491E-30,-1.,-1.13956957578158E-14));
#5715=DIRECTION('',(-2.07554707736271E-16,0.,1.));
#5716=DIRECTION('',(0.,-1.,0.));
#5717=DIRECTION('',(0.,0.,-1.));
#5718=DIRECTION('',(0.,1.,0.));
#5719=DIRECTION('',(0.,0.,1.));
#5720=DIRECTION('',(-1.,0.,-2.13246218957749E-16));
#5721=DIRECTION('',(0.,-1.,0.));
#5722=DIRECTION('',(0.,0.,-1.));
#5723=DIRECTION('',(0.,-1.,0.));
#5724=DIRECTION('',(0.,0.,-1.));
#5725=DIRECTION('',(0.,1.,0.));
#5726=DIRECTION('',(0.,0.,1.));
#5727=DIRECTION('',(-1.,0.,-2.13246218957749E-16));
#5728=DIRECTION('',(0.,-1.,0.));
#5729=DIRECTION('',(0.,0.,-1.));
#5730=DIRECTION('',(1.,0.,2.13246218957749E-16));
#5731=DIRECTION('',(-1.,0.,-2.07554707736271E-16));
#5732=DIRECTION('',(0.,1.,0.));
#5733=DIRECTION('',(0.,0.,1.));
#5734=DIRECTION('',(1.,0.,2.07554707736271E-16));
#5735=DIRECTION('',(7.78625171824631E-17,-0.926967299832175,-0.375142139784172));
#5736=DIRECTION('',(0.,0.375142139784172,-0.926967299832175));
#5737=DIRECTION('',(-7.78625171824631E-17,-0.926967299832175,0.375142139784172));
#5738=DIRECTION('',(0.,-0.375142139784172,-0.926967299832175));
#5739=DIRECTION('',(7.78625171824631E-17,-0.926967299832175,-0.375142139784172));
#5740=DIRECTION('',(0.,0.375142139784172,-0.926967299832175));
#5741=DIRECTION('',(-7.78625171824631E-17,-0.926967299832175,0.375142139784172));
#5742=DIRECTION('',(0.,-0.375142139784172,-0.926967299832175));
#5743=DIRECTION('',(3.23926387008329E-17,-0.987746320444544,-0.156067954584738));
#5744=DIRECTION('',(0.,0.156067954584738,-0.987746320444544));
#5745=DIRECTION('',(-3.23926387008309E-17,-0.987746320444546,0.156067954584728));
#5746=DIRECTION('',(0.,-0.156067954584728,-0.987746320444546));
#5747=DIRECTION('',(3.23926387008329E-17,-0.987746320444544,-0.156067954584738));
#5748=DIRECTION('',(0.,0.156067954584738,-0.987746320444544));
#5749=DIRECTION('',(-3.23926387008309E-17,-0.987746320444546,0.156067954584728));
#5750=DIRECTION('',(0.,-0.156067954584728,-0.987746320444546));
#5751=DIRECTION('',(-2.01571791369917E-16,-4.45085849825596E-15,1.));
#5752=DIRECTION('',(0.,-1.,-4.45085849825596E-15));
#5753=DIRECTION('',(1.,0.,2.01571791369917E-16));
#5754=DIRECTION('',(1.,0.,2.01571791369917E-16));
#5755=DIRECTION('',(2.01571791369917E-16,0.,-1.));
#5756=DIRECTION('',(1.,0.,2.01571791369917E-16));
#5757=DIRECTION('',(0.,-1.,0.));
#5758=DIRECTION('',(0.,0.,-1.));
#5759=DIRECTION('',(1.,0.,2.01571791369917E-16));
#5760=DIRECTION('',(1.,0.,2.01571791369917E-16));
#5761=DIRECTION('',(2.01571791369917E-16,0.,-1.));
#5762=DIRECTION('',(1.,0.,2.01571791369917E-16));
#5763=DIRECTION('',(1.,0.,2.01571791369917E-16));
#5764=DIRECTION('',(2.01571791369917E-16,0.,-1.));
#5765=DIRECTION('',(1.,0.,2.01571791369917E-16));
#5766=DIRECTION('',(0.,-1.,0.));
#5767=DIRECTION('',(0.,0.,-1.));
#5768=DIRECTION('',(1.,0.,2.01571791369917E-16));
#5769=DIRECTION('',(1.,0.,2.01571791369917E-16));
#5770=DIRECTION('',(2.01571791369917E-16,0.,-1.));
#5771=DIRECTION('',(1.,0.,2.01571791369917E-16));
#5772=DIRECTION('',(1.,0.,2.01571791369917E-16));
#5773=DIRECTION('',(2.01571791369917E-16,0.,-1.));
#5774=DIRECTION('',(1.,0.,2.01571791369917E-16));
#5775=DIRECTION('',(0.,-1.,0.));
#5776=DIRECTION('',(0.,0.,-1.));
#5777=DIRECTION('',(1.,0.,2.01571791369917E-16));
#5778=DIRECTION('',(1.,0.,2.01571791369917E-16));
#5779=DIRECTION('',(2.01571791369917E-16,0.,-1.));
#5780=DIRECTION('',(1.,0.,2.01571791369917E-16));
#5781=DIRECTION('',(2.01571791369917E-16,1.13956957578158E-14,-1.));
#5782=DIRECTION('',(0.,1.,1.13956957578158E-14));
#5783=DIRECTION('',(2.01571791369917E-16,0.,-1.));
#5784=DIRECTION('',(-1.,0.,-2.01571791369917E-16));
#5785=DIRECTION('',(1.,0.,2.01571791369917E-16));
#5786=DIRECTION('',(1.,0.,2.01571791369917E-16));
#5787=DIRECTION('',(2.01571791369917E-16,0.,-1.));
#5788=DIRECTION('',(1.,0.,2.01571791369917E-16));
#5789=DIRECTION('',(0.,1.,0.));
#5790=DIRECTION('',(0.,0.,1.));
#5791=DIRECTION('',(1.,0.,2.01571791369917E-16));
#5792=DIRECTION('',(1.,0.,2.01571791369917E-16));
#5793=DIRECTION('',(2.01571791369917E-16,0.,-1.));
#5794=DIRECTION('',(1.,0.,2.01571791369917E-16));
#5795=DIRECTION('',(1.,0.,2.01571791369917E-16));
#5796=DIRECTION('',(2.01571791369917E-16,0.,-1.));
#5797=DIRECTION('',(1.,0.,2.01571791369917E-16));
#5798=DIRECTION('',(3.79064123086339E-31,1.,-1.88054152076614E-15));
#5799=DIRECTION('',(0.,1.88054152076614E-15,1.));
#5800=DIRECTION('',(1.,0.,2.01571791369917E-16));
#5801=DIRECTION('',(1.,0.,2.01571791369917E-16));
#5802=DIRECTION('',(2.01571791369917E-16,0.,-1.));
#5803=DIRECTION('',(1.,0.,2.01571791369917E-16));
#5804=DIRECTION('',(1.,0.,2.01571791369917E-16));
#5805=DIRECTION('',(2.01571791369917E-16,0.,-1.));
#5806=DIRECTION('',(1.,0.,2.01571791369917E-16));
#5807=DIRECTION('',(-3.20725577620869E-30,1.,1.59112331860109E-14));
#5808=DIRECTION('',(0.,-1.59112331860109E-14,1.));
#5809=DIRECTION('',(1.,0.,2.01571791369917E-16));
#5810=DIRECTION('',(1.,0.,2.01571791369917E-16));
#5811=DIRECTION('',(2.01571791369917E-16,0.,-1.));
#5812=DIRECTION('',(1.,0.,2.01571791369917E-16));
#5813=DIRECTION('',(-2.01571791369917E-16,4.45085849825596E-15,1.));
#5814=DIRECTION('',(0.,-1.,4.45085849825596E-15));
#5815=DIRECTION('',(0.,-1.,0.));
#5816=DIRECTION('',(0.,0.,-1.));
#5817=DIRECTION('',(1.,0.,0.));
#5818=DIRECTION('',(-2.15493599500224E-16,0.,1.));
#5819=DIRECTION('',(1.,0.,2.4093381610789E-16));
#5820=DIRECTION('',(0.,0.,-1.));
#5821=DIRECTION('',(0.,0.,1.));
#5822=DIRECTION('',(1.,0.,0.));
#5823=DIRECTION('',(0.,0.,1.));
#5824=DIRECTION('',(1.,0.,0.));
#5825=DIRECTION('',(0.,0.,1.));
#5826=DIRECTION('',(1.,0.,0.));
#5827=DIRECTION('',(0.,0.,-1.));
#5828=DIRECTION('',(-1.,0.,0.));
#5829=DIRECTION('',(0.,0.,-1.));
#5830=DIRECTION('',(-1.,0.,0.));
#5831=DIRECTION('',(1.,0.,0.));
#5832=DIRECTION('',(0.,0.,-1.));
#5833=DIRECTION('',(-1.,0.,0.));
#5834=DIRECTION('',(0.,-1.,0.));
#5835=DIRECTION('',(0.,0.,-1.));
#5836=DIRECTION('',(0.,0.,1.));
#5837=DIRECTION('',(1.,0.,2.4093381610789E-16));
#5838=DIRECTION('',(2.15493599500224E-16,0.,-1.));
#5839=DIRECTION('',(0.,1.,0.));
#5840=DIRECTION('',(0.,0.,1.));
#5841=DIRECTION('',(0.,1.,0.));
#5842=DIRECTION('',(0.,0.,1.));
#5843=DIRECTION('',(0.707106781186547,0.707106781186547,1.70365935187042E-16));
#5844=DIRECTION('',(-0.707106781186547,0.707106781186547,-1.70365935187042E-16));
#5845=DIRECTION('',(1.,0.,2.4093381610789E-16));
#5846=DIRECTION('',(2.4093381610789E-16,0.,-1.));
#5847=DIRECTION('',(0.707106781186547,-0.707106781186547,1.70365935187042E-16));
#5848=DIRECTION('',(0.707106781186547,0.707106781186547,1.70365935187042E-16));
#5849=DIRECTION('',(0.,1.,0.));
#5850=DIRECTION('',(0.,0.,1.));
#5851=DIRECTION('',(0.707106781186547,0.707106781186547,1.70365935187042E-16));
#5852=DIRECTION('',(-0.707106781186547,0.707106781186547,-1.70365935187042E-16));
#5853=DIRECTION('',(-1.,0.,-2.4093381610789E-16));
#5854=DIRECTION('',(-2.4093381610789E-16,0.,1.));
#5855=DIRECTION('',(-0.707106781186547,0.707106781186547,-1.70365935187042E-16));
#5856=DIRECTION('',(-0.707106781186547,-0.707106781186547,-1.70365935187042E-16));
#5857=DIRECTION('',(0.,1.,0.));
#5858=DIRECTION('',(0.,0.,1.));
#5859=DIRECTION('',(0.,-1.,0.));
#5860=DIRECTION('',(0.,0.,-1.));
#5861=DIRECTION('',(0.,0.,-1.));
#5862=DIRECTION('',(-1.,0.,0.));
#5863=DIRECTION('',(2.15493599500224E-16,0.,-1.));
#5864=DIRECTION('',(-1.,0.,-2.15493599500224E-16));
#5865=DIRECTION('',(-2.15493599500224E-16,0.,1.));
#5866=DIRECTION('',(1.,0.,2.15493599500224E-16));
#5867=DIRECTION('',(0.,0.,1.));
#5868=DIRECTION('',(1.,0.,0.));
#5869=DIRECTION('',(-2.4093381610789E-16,0.,1.));
#5870=DIRECTION('',(1.,0.,2.4093381610789E-16));
#5871=DIRECTION('',(1.,0.,0.));
#5872=DIRECTION('',(0.,0.,-1.));
#5873=DIRECTION('',(1.,0.,2.4093381610789E-16));
#5874=DIRECTION('',(2.4093381610789E-16,0.,-1.));
#5875=DIRECTION('',(1.,0.,0.));
#5876=DIRECTION('',(0.,0.,-1.));
#5877=DIRECTION('',(0.,-1.,0.));
#5878=DIRECTION('',(0.,0.,-1.));
#5879=DIRECTION('',(0.,0.,-1.));
#5880=DIRECTION('',(-1.,0.,0.));
#5881=DIRECTION('',(2.15493599500224E-16,0.,-1.));
#5882=DIRECTION('',(-1.,0.,-2.15493599500224E-16));
#5883=DIRECTION('',(-2.4093381610789E-16,0.,1.));
#5884=DIRECTION('',(1.,0.,2.4093381610789E-16));
#5885=DIRECTION('',(1.,0.,0.));
#5886=DIRECTION('',(0.,0.,-1.));
#5887=DIRECTION('',(-1.,0.,-2.4093381610789E-16));
#5888=DIRECTION('',(-2.4093381610789E-16,0.,1.));
#5889=DIRECTION('',(1.,0.,0.));
#5890=DIRECTION('',(0.,0.,-1.));
#5891=DIRECTION('',(0.,1.,0.));
#5892=DIRECTION('',(0.,0.,1.));
#5893=DIRECTION('',(0.,0.,-1.));
#5894=DIRECTION('',(-1.,0.,0.));
#5895=DIRECTION('',(2.15493599500224E-16,0.,-1.));
#5896=DIRECTION('',(-1.,0.,-2.15493599500224E-16));
#5897=DIRECTION('',(-2.4093381610789E-16,0.,1.));
#5898=DIRECTION('',(1.,0.,2.4093381610789E-16));
#5899=DIRECTION('',(1.,0.,2.13246218957749E-16));
#5900=DIRECTION('',(2.13246218957749E-16,0.,-1.));
#5901=DIRECTION('',(-1.,0.,-2.13246218957749E-16));
#5902=DIRECTION('',(-2.13246218957749E-16,0.,1.));
#5903=DIRECTION('',(-1.,-8.67361737988403E-16,-2.13246218957749E-16));
#5904=DIRECTION('',(8.67361737988403E-16,-1.,0.));
#5905=DIRECTION('',(1.,0.,2.13246218957749E-16));
#5906=DIRECTION('',(2.13246218957749E-16,0.,-1.));
#5907=CARTESIAN_POINT('',(0.,0.,0.));
#5908=CARTESIAN_POINT('',(-7.2,-6.2,16.1));
#5909=CARTESIAN_POINT('',(2.14529432859152,0.,16.1));
#5910=CARTESIAN_POINT('',(3.24224900066146,0.,16.1));
#5911=CARTESIAN_POINT('',(-7.2,-1.18665835609315,16.1));
#5912=CARTESIAN_POINT('',(6.65,-1.18665835609315,16.1));
#5913=CARTESIAN_POINT('',(5.82759632580896,-1.18665835609315,16.1));
#5914=CARTESIAN_POINT('',(5.82759632580896,-0.00422207184389456,16.1));
#5915=CARTESIAN_POINT('',(4.64530202492277,0.0141014758812115,16.1));
#5916=CARTESIAN_POINT('',(5.79961151796589,0.0322068796869631,16.1));
#5917=CARTESIAN_POINT('',(5.79961151796589,1.18665835609315,16.1));
#5918=CARTESIAN_POINT('',(-7.2,1.18665835609315,16.1));
#5919=CARTESIAN_POINT('',(6.65,1.18665835609315,16.1));
#5920=CARTESIAN_POINT('',(6.65,-6.2,16.1));
#5921=CARTESIAN_POINT('',(6.65,5.51603330591243,16.1));
#5922=CARTESIAN_POINT('',(-7.2,5.51603330591243,16.1));
#5923=CARTESIAN_POINT('',(-6.65,5.51603330591243,16.1));
#5924=CARTESIAN_POINT('',(-6.65,-6.2,16.1));
#5925=CARTESIAN_POINT('',(-6.65,-5.51603330591243,16.1));
#5926=CARTESIAN_POINT('',(-7.2,-5.51603330591243,16.1));
#5927=CARTESIAN_POINT('',(6.65,-5.51603330591243,16.1));
#5928=CARTESIAN_POINT('',(6.65,-6.2,16.1));
#5929=CARTESIAN_POINT('',(-7.2,-5.09410382829893,16.1));
#5930=CARTESIAN_POINT('',(-6.40397400194294,-5.09410382829893,16.1));
#5931=CARTESIAN_POINT('',(-5.65593958674331,-5.09410382829893,16.1));
#5932=CARTESIAN_POINT('',(-6.40397400194294,-6.2,16.1));
#5933=CARTESIAN_POINT('',(-6.40397400194294,4.95335843040525,16.1));
#5934=CARTESIAN_POINT('',(-7.2,4.95335843040525,16.1));
#5935=CARTESIAN_POINT('',(-5.65593958674331,4.95335843040525,16.1));
#5936=CARTESIAN_POINT('',(-5.65593958674331,-6.2,16.1));
#5937=CARTESIAN_POINT('',(0.,-6.2,0.));
#5938=CARTESIAN_POINT('',(9.95789046510955E-16,-6.2,0.900000000000004));
#5939=CARTESIAN_POINT('',(4.57981457319575,-6.2,0.899999999999999));
#5940=CARTESIAN_POINT('',(6.5,-6.2,0.899999999999997));
#5941=CARTESIAN_POINT('',(6.5,-6.2,15.5362371788471));
#5942=CARTESIAN_POINT('',(6.5,-6.2,15.5362371788471));
#5943=CARTESIAN_POINT('',(-27.0676555759769,-6.2,15.5362371788471));
#5944=CARTESIAN_POINT('',(-6.5,-6.2,15.5362371788471));
#5945=CARTESIAN_POINT('',(-6.5,-6.2,0.899999999999996));
#5946=CARTESIAN_POINT('',(-6.5,-6.2,0.899999999999996));
#5947=CARTESIAN_POINT('',(-1.95921366353476E-16,-6.2,0.899999999999998));
#5948=CARTESIAN_POINT('',(-5.98732887008419,-6.2,0.899999999999996));
#5949=CARTESIAN_POINT('',(-4.21520661597902,-6.2,-2.31990278707174));
#5950=CARTESIAN_POINT('',(-5.49200024243171,-6.2,-3.46944695195361E-15));
#5951=CARTESIAN_POINT('',(7.2,-6.2,0.));
#5952=CARTESIAN_POINT('',(-4.17800172062708,-6.2,-3.26502814539971E-15));
#5953=CARTESIAN_POINT('',(-3.28076669341304,-6.2,1.71569775702113));
#5954=CARTESIAN_POINT('',(-3.70734101061096,-6.2,0.899999999999997));
#5955=CARTESIAN_POINT('',(-1.95921366353476E-16,-6.2,0.899999999999999));
#5956=CARTESIAN_POINT('',(2.3937875971623,-6.2,0.9));
#5957=CARTESIAN_POINT('',(2.26525318975287,-6.2,1.15261154016797));
#5958=CARTESIAN_POINT('',(2.85172774744826,-6.2,-1.73472347597681E-15));
#5959=CARTESIAN_POINT('',(7.2,-6.2,0.));
#5960=CARTESIAN_POINT('',(4.14230847381478,-6.2,-6.65630112997393E-16));
#5961=CARTESIAN_POINT('',(3.35054028469604,-6.2,-1.62875756752906));
#5962=CARTESIAN_POINT('',(0.,6.2,0.));
#5963=CARTESIAN_POINT('',(-1.95921366353476E-16,6.2,0.899999999999998));
#5964=CARTESIAN_POINT('',(-6.5,6.2,0.899999999999996));
#5965=CARTESIAN_POINT('',(-5.98732887008419,6.2,0.899999999999996));
#5966=CARTESIAN_POINT('',(-6.5,6.2,0.));
#5967=CARTESIAN_POINT('',(-6.5,6.2,15.5362371788471));
#5968=CARTESIAN_POINT('',(-27.0676555759769,6.2,15.5362371788471));
#5969=CARTESIAN_POINT('',(6.5,6.2,15.5362371788471));
#5970=CARTESIAN_POINT('',(6.5,6.2,1.40070839675146E-15));
#5971=CARTESIAN_POINT('',(6.5,6.2,0.899999999999997));
#5972=CARTESIAN_POINT('',(9.95789046510955E-16,6.2,0.900000000000004));
#5973=CARTESIAN_POINT('',(4.57981457319575,6.2,0.899999999999999));
#5974=CARTESIAN_POINT('',(3.35054028469604,6.2,-1.62875756752906));
#5975=CARTESIAN_POINT('',(4.14230847381478,6.2,-6.65630112997393E-16));
#5976=CARTESIAN_POINT('',(7.2,6.2,0.));
#5977=CARTESIAN_POINT('',(2.85172774744826,6.2,-1.73472347597681E-15));
#5978=CARTESIAN_POINT('',(2.26525318975287,6.2,1.15261154016797));
#5979=CARTESIAN_POINT('',(2.3937875971623,6.2,0.9));
#5980=CARTESIAN_POINT('',(-1.95921366353476E-16,6.2,0.899999999999999));
#5981=CARTESIAN_POINT('',(-3.70734101061096,6.2,0.899999999999998));
#5982=CARTESIAN_POINT('',(-3.28076669341304,6.2,1.71569775702113));
#5983=CARTESIAN_POINT('',(-4.17800172062708,6.2,-3.26502814539971E-15));
#5984=CARTESIAN_POINT('',(7.2,6.2,0.));
#5985=CARTESIAN_POINT('',(-5.49200024243171,6.2,-3.46944695195361E-15));
#5986=CARTESIAN_POINT('',(-4.21520661597902,6.2,-2.31990278707174));
#5987=CARTESIAN_POINT('',(7.2,-6.2,16.1));
#5988=CARTESIAN_POINT('',(7.2,-1.13665835609315,15.5454003743702));
#5989=CARTESIAN_POINT('',(7.2,-1.18665835609315,15.5454003743702));
#5990=CARTESIAN_POINT('',(7.2,1.18665835609315,15.5454003743702));
#5991=CARTESIAN_POINT('',(7.2,-1.18665835609315,16.1));
#5992=CARTESIAN_POINT('',(7.2,-1.18665835609315,15.55));
#5993=CARTESIAN_POINT('',(7.2,-6.2,15.55));
#5994=CARTESIAN_POINT('',(7.2,-5.5,15.55));
#5995=CARTESIAN_POINT('',(7.2,-5.5,0.899999999999996));
#5996=CARTESIAN_POINT('',(7.2,-5.5,0.899999999999996));
#5997=CARTESIAN_POINT('',(7.2,-19.6441426864482,0.899999999999996));
#5998=CARTESIAN_POINT('',(7.2,5.5,0.899999999999996));
#5999=CARTESIAN_POINT('',(7.2,5.5,16.1));
#6000=CARTESIAN_POINT('',(7.2,5.5,15.55));
#6001=CARTESIAN_POINT('',(7.2,-6.2,15.55));
#6002=CARTESIAN_POINT('',(7.2,1.18665835609315,15.55));
#6003=CARTESIAN_POINT('',(7.2,1.18665835609315,16.1));
#6004=CARTESIAN_POINT('',(-7.2,-6.2,-3.13474186165562E-15));
#6005=CARTESIAN_POINT('',(-7.2,-6.2,15.55));
#6006=CARTESIAN_POINT('',(-7.2,-5.5,15.55));
#6007=CARTESIAN_POINT('',(-7.2,5.5,15.55));
#6008=CARTESIAN_POINT('',(-7.2,5.5,-3.13474186165562E-15));
#6009=CARTESIAN_POINT('',(-7.2,5.5,0.899999999999996));
#6010=CARTESIAN_POINT('',(-7.2,-19.6441426864482,0.899999999999996));
#6011=CARTESIAN_POINT('',(-7.2,-5.5,0.899999999999996));
#6012=CARTESIAN_POINT('',(-7.2,-5.5,15.5362371788471));
#6013=CARTESIAN_POINT('',(1.1,4.6,-3.16166966734059));
#6014=CARTESIAN_POINT('',(0.168208672816913,4.6,-0.621817806946851));
#6015=CARTESIAN_POINT('',(0.799999999999999,4.6,-0.621817806946851));
#6016=CARTESIAN_POINT('',(1.1,4.6,-0.621817806946851));
#6017=CARTESIAN_POINT('',(0.799999999999999,4.6,-3.16166966734059));
#6018=CARTESIAN_POINT('',(0.799999999999999,4.6,-3.20166966734059));
#6019=CARTESIAN_POINT('',(1.1,4.6,-3.20166966734059));
#6020=CARTESIAN_POINT('',(1.1,4.6,-3.20166966734059));
#6021=CARTESIAN_POINT('',(1.1,4.6,-3.16166966734059));
#6022=CARTESIAN_POINT('',(1.1,-4.6,-3.16166966734059));
#6023=CARTESIAN_POINT('',(0.799999999999999,-4.6,-3.16166966734059));
#6024=CARTESIAN_POINT('',(0.799999999999999,-4.6,-3.20166966734059));
#6025=CARTESIAN_POINT('',(0.799999999999999,-4.6,-0.621817806946852));
#6026=CARTESIAN_POINT('',(0.168208672816913,-4.6,-0.621817806946851));
#6027=CARTESIAN_POINT('',(1.1,-4.6,-0.621817806946851));
#6028=CARTESIAN_POINT('',(1.1,-4.6,-3.16166966734059));
#6029=CARTESIAN_POINT('',(1.1,-4.6,-3.20166966734059));
#6030=CARTESIAN_POINT('',(1.1,-4.6,-3.20166966734059));
#6031=CARTESIAN_POINT('',(6.49951237260325E-16,0.,-3.20166966734059));
#6032=CARTESIAN_POINT('',(8.56820371760798,5.29059051361909,-3.20166966734059));
#6033=CARTESIAN_POINT('',(6.30182002520468,5.29059051361909,-3.20166966734059));
#6034=CARTESIAN_POINT('',(5.52803439406003,5.29059051361909,-3.20166966734059));
#6035=CARTESIAN_POINT('',(6.3018200252047,-8.95807713273041,-3.20166966734059));
#6036=CARTESIAN_POINT('',(6.30182002520469,4.30940948638091,-3.20166966734059));
#6037=CARTESIAN_POINT('',(8.56820371760798,4.30940948638091,-3.20166966734059));
#6038=CARTESIAN_POINT('',(5.52803439406003,4.30940948638091,-3.20166966734059));
#6039=CARTESIAN_POINT('',(5.52803439406005,-8.95807713273041,-3.20166966734059));
#6040=CARTESIAN_POINT('',(6.49951237260325E-16,0.,-3.20166966734059));
#6041=CARTESIAN_POINT('',(8.56820371760798,-4.30940948638091,-3.20166966734059));
#6042=CARTESIAN_POINT('',(6.3018200252047,-4.30940948638091,-3.20166966734059));
#6043=CARTESIAN_POINT('',(5.52803439406004,-4.30940948638091,-3.20166966734059));
#6044=CARTESIAN_POINT('',(6.3018200252047,-8.95807713273041,-3.20166966734059));
#6045=CARTESIAN_POINT('',(6.3018200252047,-5.29059051361909,-3.20166966734059));
#6046=CARTESIAN_POINT('',(8.56820371760798,-5.29059051361909,-3.20166966734059));
#6047=CARTESIAN_POINT('',(5.52803439406004,-5.29059051361909,-3.20166966734059));
#6048=CARTESIAN_POINT('',(5.52803439406005,-8.95807713273041,-3.20166966734059));
#6049=CARTESIAN_POINT('',(5.35,4.2,-3.16166966734059));
#6050=CARTESIAN_POINT('',(5.35,5.4,-3.16166966734059));
#6051=CARTESIAN_POINT('',(5.35,5.4,-2.50922247097651));
#6052=CARTESIAN_POINT('',(5.35,5.4,1.10132199678892));
#6053=CARTESIAN_POINT('',(5.35,5.27019299724357,-3.33076453373861));
#6054=CARTESIAN_POINT('',(5.35,5.35739950135097,-2.77883890762199));
#6055=CARTESIAN_POINT('',(5.35000000000002,-8.95807713273041,-2.77883890762199));
#6056=CARTESIAN_POINT('',(5.35,4.24260049864903,-2.77883890762199));
#6057=CARTESIAN_POINT('',(5.35,4.30057835501852,-3.14577787628216));
#6058=CARTESIAN_POINT('',(5.35,4.2,-2.50922247097651));
#6059=CARTESIAN_POINT('',(5.35,4.2,-3.16166966734059));
#6060=CARTESIAN_POINT('',(5.35,4.2,1.10132199678892));
#6061=CARTESIAN_POINT('',(5.35,4.2,1.10132199678892));
#6062=CARTESIAN_POINT('',(6.55,-5.4,-3.16166966734059));
#6063=CARTESIAN_POINT('',(6.55,-4.32980700275643,-3.33076453373861));
#6064=CARTESIAN_POINT('',(6.55,-4.2,-2.50922247097651));
#6065=CARTESIAN_POINT('',(6.55000000000001,-4.25714104678777,-2.87086531342392));
#6066=CARTESIAN_POINT('',(6.55,-4.2,-3.16166966734059));
#6067=CARTESIAN_POINT('',(6.55,-4.2,1.10132199678892));
#6068=CARTESIAN_POINT('',(6.55,-5.4,1.10132199678892));
#6069=CARTESIAN_POINT('',(6.55,-5.4,1.10132199678892));
#6070=CARTESIAN_POINT('',(6.55,-5.4,-3.16166966734059));
#6071=CARTESIAN_POINT('',(6.55,-5.4,-2.50922247097651));
#6072=CARTESIAN_POINT('',(6.55,-5.29942164498148,-3.14577787628216));
#6073=CARTESIAN_POINT('',(6.55000000000001,-5.34285895321223,-2.87086531342392));
#6074=CARTESIAN_POINT('',(6.55000000000002,-8.95807713273041,-2.87086531342392));
#6075=CARTESIAN_POINT('',(6.55,4.2,-3.16166966734059));
#6076=CARTESIAN_POINT('',(8.56820371760798,4.2,-2.50922247097651));
#6077=CARTESIAN_POINT('',(6.55,4.2,-2.50922247097651));
#6078=CARTESIAN_POINT('',(6.55,4.2,-3.16166966734059));
#6079=CARTESIAN_POINT('',(6.55,4.2,1.10132199678892));
#6080=CARTESIAN_POINT('',(6.55,4.2,1.10132199678892));
#6081=CARTESIAN_POINT('',(6.55,-4.2,-3.16166966734059));
#6082=CARTESIAN_POINT('',(8.56820371760798,-4.2,-2.50922247097651));
#6083=CARTESIAN_POINT('',(5.35,-4.2,-2.50922247097651));
#6084=CARTESIAN_POINT('',(5.35,-4.2,-3.16166966734059));
#6085=CARTESIAN_POINT('',(5.35,-4.2,1.10132199678892));
#6086=CARTESIAN_POINT('',(6.55,-4.2,1.10132199678892));
#6087=CARTESIAN_POINT('',(6.55,5.4,-3.16166966734059));
#6088=CARTESIAN_POINT('',(6.55000000000002,-8.95807713273041,-2.87086531342392));
#6089=CARTESIAN_POINT('',(6.55,4.25714104678777,-2.87086531342392));
#6090=CARTESIAN_POINT('',(6.55,5.34285895321223,-2.87086531342392));
#6091=CARTESIAN_POINT('',(6.55,5.29942164498148,-3.14577787628216));
#6092=CARTESIAN_POINT('',(6.55,5.4,-2.50922247097651));
#6093=CARTESIAN_POINT('',(6.55,5.4,-3.16166966734059));
#6094=CARTESIAN_POINT('',(6.55,5.4,1.10132199678892));
#6095=CARTESIAN_POINT('',(6.55,5.4,1.10132199678892));
#6096=CARTESIAN_POINT('',(6.55,4.32980700275643,-3.33076453373862));
#6097=CARTESIAN_POINT('',(5.35,-4.2,-3.16166966734059));
#6098=CARTESIAN_POINT('',(5.35,-4.30057835501852,-3.14577787628216));
#6099=CARTESIAN_POINT('',(5.35000000000001,-4.24260049864903,-2.77883890762199));
#6100=CARTESIAN_POINT('',(5.35000000000002,-8.95807713273041,-2.77883890762199));
#6101=CARTESIAN_POINT('',(5.35000000000001,-5.35739950135097,-2.77883890762199));
#6102=CARTESIAN_POINT('',(5.35,-5.27019299724357,-3.33076453373862));
#6103=CARTESIAN_POINT('',(5.35,-5.4,-2.50922247097651));
#6104=CARTESIAN_POINT('',(5.35,-5.4,-3.16166966734059));
#6105=CARTESIAN_POINT('',(5.35,-5.4,1.10132199678892));
#6106=CARTESIAN_POINT('',(5.35,-4.2,1.10132199678892));
#6107=CARTESIAN_POINT('',(5.35000000000002,-8.95807713273041,-2.77883890762199));
#6108=CARTESIAN_POINT('',(5.71779600784362,-4.29827585322345,-3.13120545696683));
#6109=CARTESIAN_POINT('',(5.52803439406004,-4.26955056826466,-2.94940455749796));
#6110=CARTESIAN_POINT('',(5.52803439406005,-8.95807713273041,-2.94940455749796));
#6111=CARTESIAN_POINT('',(5.52803439406004,-5.33044943173535,-2.94940455749796));
#6112=CARTESIAN_POINT('',(5.06915567372733,-5.3999124898337,-2.5097763184656));
#6113=CARTESIAN_POINT('',(5.52803439406005,-8.95807713273041,-2.94940455749796));
#6114=CARTESIAN_POINT('',(5.52803439406004,-4.3837499777335,-3.67216693879486));
#6115=CARTESIAN_POINT('',(5.52803439406004,-5.41880830856592,-2.39018562174502));
#6116=CARTESIAN_POINT('',(6.3018200252047,-8.95807713273041,-3.20166966734059));
#6117=CARTESIAN_POINT('',(5.95476931824503,-4.38250079412013,-3.66426091785064));
#6118=CARTESIAN_POINT('',(6.57561972885254,-5.34825464740966,-2.83671623327525));
#6119=CARTESIAN_POINT('',(5.52803439406005,-8.95807713273041,-2.94940455749796));
#6120=CARTESIAN_POINT('',(5.52803439406003,4.98242084036319,-5.15206019844643));
#6121=CARTESIAN_POINT('',(5.52803439406003,5.33044943173535,-2.94940455749796));
#6122=CARTESIAN_POINT('',(5.52803439406003,3.94736250953075,-0.910292362093365));
#6123=CARTESIAN_POINT('',(5.52803439406003,4.26955056826466,-2.94940455749796));
#6124=CARTESIAN_POINT('',(5.52803439406005,-8.95807713273041,-2.94940455749796));
#6125=CARTESIAN_POINT('',(5.35000000000002,-8.95807713273041,-2.77883890762199));
#6126=CARTESIAN_POINT('',(6.46657326819079,5.18837751283261,-3.84857066439076));
#6127=CARTESIAN_POINT('',(4.32037841338009,4.08674087622235,-1.79241111104164));
#6128=CARTESIAN_POINT('',(6.3018200252047,-8.95807713273041,-3.20166966734059));
#6129=CARTESIAN_POINT('',(5.23807218257667,5.06655777326368,-4.61956173579228));
#6130=CARTESIAN_POINT('',(7.29231686452093,4.10080391997413,-1.88141541533354));
#6131=CARTESIAN_POINT('',(-5.3,1.55626639591184,0.911321996788916));
#6132=CARTESIAN_POINT('',(-5.3,1.55626639591184,0.702576664472212));
#6133=CARTESIAN_POINT('',(-5.3,1.85626639591184,0.702576664472212));
#6134=CARTESIAN_POINT('',(-5.3,2.4,0.702576664472212));
#6135=CARTESIAN_POINT('',(-5.3,1.85626639591184,1.00257666447221));
#6136=CARTESIAN_POINT('',(-5.3,1.55626639591184,1.00257666447221));
#6137=CARTESIAN_POINT('',(-5.3,1.55626639591184,0.911321996788916));
#6138=CARTESIAN_POINT('',(-5.3,1.55626639591184,1.10132199678892));
#6139=CARTESIAN_POINT('',(-5.3,1.55626639591184,1.10132199678892));
#6140=CARTESIAN_POINT('',(-5.3,4.30541007047379,1.10132199678892));
#6141=CARTESIAN_POINT('',(-5.3,4.30541007047379,0.911321996788916));
#6142=CARTESIAN_POINT('',(-5.3,4.30541007047379,0.911321996788916));
#6143=CARTESIAN_POINT('',(-5.3,1.55626639591184,0.911321996788916));
#6144=CARTESIAN_POINT('',(-5.3,4.3,0.911321996788916));
#6145=CARTESIAN_POINT('',(-5.3,4.3,-3.20174286954536));
#6146=CARTESIAN_POINT('',(-5.3,4.3,-2.38338489999298));
#6147=CARTESIAN_POINT('',(-5.3,5.05958610171964,-0.506465719156114));
#6148=CARTESIAN_POINT('',(-5.3,4.01939917149032,-3.07674286954536));
#6149=CARTESIAN_POINT('',(-5.3,1.55626639591184,-3.07674286954536));
#6150=CARTESIAN_POINT('',(-5.3,2.98060082850968,-3.07674286954536));
#6151=CARTESIAN_POINT('',(-5.3,1.39332432077682,0.845379607302154));
#6152=CARTESIAN_POINT('',(-5.3,2.7,-2.38338489999298));
#6153=CARTESIAN_POINT('',(-5.3,2.7,-3.20174286954536));
#6154=CARTESIAN_POINT('',(-5.3,2.7,0.402576664472212));
#6155=CARTESIAN_POINT('',(-5.3,2.4,0.402576664472212));
#6156=CARTESIAN_POINT('',(-4.8,4.21732330299889,0.911321996788916));
#6157=CARTESIAN_POINT('',(-4.8,1.55626639591184,0.911321996788916));
#6158=CARTESIAN_POINT('',(-4.8,1.55626639591184,1.00257666447221));
#6159=CARTESIAN_POINT('',(-4.8,1.55626639591184,1.10132199678892));
#6160=CARTESIAN_POINT('',(-4.8,1.85626639591184,1.00257666447221));
#6161=CARTESIAN_POINT('',(-4.8,1.85626639591184,0.702576664472212));
#6162=CARTESIAN_POINT('',(-4.8,4.21732330299889,0.702576664472212));
#6163=CARTESIAN_POINT('',(-4.8,2.4,0.702576664472212));
#6164=CARTESIAN_POINT('',(-4.8,2.4,0.402576664472213));
#6165=CARTESIAN_POINT('',(-4.8,2.7,0.402576664472212));
#6166=CARTESIAN_POINT('',(-4.8,2.7,-3.20174286954536));
#6167=CARTESIAN_POINT('',(-4.8,2.7,-2.38338489999298));
#6168=CARTESIAN_POINT('',(-4.8,1.76781918364001,-0.0799882866620737));
#6169=CARTESIAN_POINT('',(-4.8,2.98060082850968,-3.07674286954536));
#6170=CARTESIAN_POINT('',(-4.8,4.21732330299889,-3.07674286954536));
#6171=CARTESIAN_POINT('',(-4.8,4.01939917149032,-3.07674286954536));
#6172=CARTESIAN_POINT('',(-4.8,5.43408096458283,0.418902174808114));
#6173=CARTESIAN_POINT('',(-4.8,4.3,-2.38338489999299));
#6174=CARTESIAN_POINT('',(-4.8,4.3,-3.20174286954536));
#6175=CARTESIAN_POINT('',(-4.8,4.3,0.911321996788916));
#6176=CARTESIAN_POINT('',(-4.8,4.21732330299889,0.911321996788916));
#6177=CARTESIAN_POINT('',(-4.8,4.30541007047379,0.911321996788916));
#6178=CARTESIAN_POINT('',(-4.8,4.30541007047379,0.911321996788916));
#6179=CARTESIAN_POINT('',(-4.8,4.30541007047379,1.10132199678892));
#6180=CARTESIAN_POINT('',(-4.8,4.21732330299889,1.10132199678892));
#6181=CARTESIAN_POINT('',(-4.8,-4.21732330299889,0.911321996788916));
#6182=CARTESIAN_POINT('',(-4.8,-4.21732330299889,0.702576664472212));
#6183=CARTESIAN_POINT('',(-4.8,-2.4,0.702576664472212));
#6184=CARTESIAN_POINT('',(-4.8,-1.85626639591184,0.702576664472212));
#6185=CARTESIAN_POINT('',(-4.8,-1.85626639591184,1.00257666447221));
#6186=CARTESIAN_POINT('',(-4.8,-1.55626639591184,1.00257666447221));
#6187=CARTESIAN_POINT('',(-4.8,-1.55626639591184,0.911321996788916));
#6188=CARTESIAN_POINT('',(-4.8,-1.55626639591184,1.10132199678892));
#6189=CARTESIAN_POINT('',(-4.8,-4.21732330299889,1.10132199678892));
#6190=CARTESIAN_POINT('',(-4.8,-4.30379186901404,1.10132199678892));
#6191=CARTESIAN_POINT('',(-4.8,-4.30379186901404,0.911321996788916));
#6192=CARTESIAN_POINT('',(-4.8,-4.30379186901404,0.911321996788916));
#6193=CARTESIAN_POINT('',(-4.8,-4.21732330299889,0.911321996788916));
#6194=CARTESIAN_POINT('',(-4.8,-4.3,0.911321996788916));
#6195=CARTESIAN_POINT('',(-4.8,-4.3,-3.20174286954536));
#6196=CARTESIAN_POINT('',(-4.8,-4.3,-2.38338489999298));
#6197=CARTESIAN_POINT('',(-4.8,-5.43408096458283,0.418902174808114));
#6198=CARTESIAN_POINT('',(-4.8,-4.01939917149032,-3.07674286954536));
#6199=CARTESIAN_POINT('',(-4.8,-4.21732330299889,-3.07674286954536));
#6200=CARTESIAN_POINT('',(-4.8,-2.98060082850968,-3.07674286954536));
#6201=CARTESIAN_POINT('',(-4.8,-1.76781918364001,-0.0799882866620737));
#6202=CARTESIAN_POINT('',(-4.8,-2.7,-2.38338489999298));
#6203=CARTESIAN_POINT('',(-4.8,-2.7,-3.20174286954536));
#6204=CARTESIAN_POINT('',(-4.8,-2.7,0.402576664472212));
#6205=CARTESIAN_POINT('',(-4.8,-2.4,0.402576664472213));
#6206=CARTESIAN_POINT('',(-5.3,-1.55626639591184,0.911321996788916));
#6207=CARTESIAN_POINT('',(-5.3,-1.55626639591184,0.911321996788916));
#6208=CARTESIAN_POINT('',(-5.3,-1.55626639591184,1.00257666447221));
#6209=CARTESIAN_POINT('',(-5.3,-1.55626639591184,1.10132199678892));
#6210=CARTESIAN_POINT('',(-5.3,-1.85626639591184,1.00257666447221));
#6211=CARTESIAN_POINT('',(-5.3,-1.85626639591184,0.702576664472212));
#6212=CARTESIAN_POINT('',(-5.3,-1.55626639591184,0.702576664472212));
#6213=CARTESIAN_POINT('',(-5.3,-2.4,0.702576664472212));
#6214=CARTESIAN_POINT('',(-5.3,-2.4,0.402576664472212));
#6215=CARTESIAN_POINT('',(-5.3,-2.7,0.402576664472212));
#6216=CARTESIAN_POINT('',(-5.3,-2.7,-3.20174286954536));
#6217=CARTESIAN_POINT('',(-5.3,-2.7,-2.38338489999298));
#6218=CARTESIAN_POINT('',(-5.3,-1.39332432077682,0.845379607302154));
#6219=CARTESIAN_POINT('',(-5.3,-2.98060082850968,-3.07674286954536));
#6220=CARTESIAN_POINT('',(-5.3,-1.55626639591184,-3.07674286954536));
#6221=CARTESIAN_POINT('',(-5.3,-4.01939917149032,-3.07674286954536));
#6222=CARTESIAN_POINT('',(-5.3,-5.05958610171964,-0.506465719156113));
#6223=CARTESIAN_POINT('',(-5.3,-4.3,-2.38338489999298));
#6224=CARTESIAN_POINT('',(-5.3,-4.3,-3.20174286954536));
#6225=CARTESIAN_POINT('',(-5.3,-4.3,0.911321996788916));
#6226=CARTESIAN_POINT('',(-5.3,-1.55626639591184,0.911321996788916));
#6227=CARTESIAN_POINT('',(-5.3,-4.30379186901404,0.911321996788916));
#6228=CARTESIAN_POINT('',(-5.3,-4.30379186901404,0.911321996788916));
#6229=CARTESIAN_POINT('',(-5.3,-4.30379186901404,1.10132199678892));
#6230=CARTESIAN_POINT('',(-5.3,-1.55626639591184,1.10132199678892));
#6231=CARTESIAN_POINT('',(6.82759561005483E-16,0.,-3.20174286954536));
#6232=CARTESIAN_POINT('',(-2.47298691311714,-3.03118812266937,-3.20174286954536));
#6233=CARTESIAN_POINT('',(-4.925,-3.03118812266937,-3.20174286954536));
#6234=CARTESIAN_POINT('',(-5.175,-3.03118812266937,-3.20174286954536));
#6235=CARTESIAN_POINT('',(-4.925,0.,-3.20174286954536));
#6236=CARTESIAN_POINT('',(-4.925,-3.96881187733063,-3.20174286954536));
#6237=CARTESIAN_POINT('',(-2.47298691311714,-3.96881187733063,-3.20174286954536));
#6238=CARTESIAN_POINT('',(-5.175,-3.96881187733063,-3.20174286954536));
#6239=CARTESIAN_POINT('',(-5.175,0.,-3.20174286954536));
#6240=CARTESIAN_POINT('',(-4.8,-4.3,-3.20174286954536));
#6241=CARTESIAN_POINT('',(-4.8,-4.3,-2.38338489999298));
#6242=CARTESIAN_POINT('',(-4.8,-4.3,0.911321996788916));
#6243=CARTESIAN_POINT('',(6.82759561005483E-16,0.,-3.20174286954536));
#6244=CARTESIAN_POINT('',(-5.175,0.,-3.20174286954536));
#6245=CARTESIAN_POINT('',(-5.175,3.03118812266937,-3.20174286954536));
#6246=CARTESIAN_POINT('',(-5.175,3.96881187733063,-3.20174286954536));
#6247=CARTESIAN_POINT('',(-2.47298691311714,3.96881187733063,-3.20174286954536));
#6248=CARTESIAN_POINT('',(-4.925,3.96881187733063,-3.20174286954536));
#6249=CARTESIAN_POINT('',(-4.925,0.,-3.20174286954536));
#6250=CARTESIAN_POINT('',(-4.925,3.03118812266937,-3.20174286954536));
#6251=CARTESIAN_POINT('',(-2.47298691311714,3.03118812266937,-3.20174286954536));
#6252=CARTESIAN_POINT('',(-5.3,2.7,-3.20174286954536));
#6253=CARTESIAN_POINT('',(-5.3,2.7,0.402576664472212));
#6254=CARTESIAN_POINT('',(-5.3,2.7,-2.38338489999298));
#6255=CARTESIAN_POINT('',(-5.3,1.55626639591184,-3.07674286954536));
#6256=CARTESIAN_POINT('',(-4.8393129480015,3.83295988017026,-3.53742992154386));
#6257=CARTESIAN_POINT('',(-5.56639750699568,2.8727901961113,-2.81034536254968));
#6258=CARTESIAN_POINT('',(-5.175,0.,-3.20174286954536));
#6259=CARTESIAN_POINT('',(-5.74193213379756,-2.80175162170139,-2.6348107357478));
#6260=CARTESIAN_POINT('',(-4.43270130549513,-3.66840481802447,-3.94404156405024));
#6261=CARTESIAN_POINT('',(-4.8,4.21732330299889,-3.07674286954536));
#6262=CARTESIAN_POINT('',(-4.76298166076629,4.03438043241927,-3.03972453031165));
#6263=CARTESIAN_POINT('',(-5.03130788423654,3.07421074836031,-3.3080507537819));
#6264=CARTESIAN_POINT('',(-4.925,0.,-3.20174286954536));
#6265=CARTESIAN_POINT('',(-4.35806786620244,-2.80175162170139,-2.6348107357478));
#6266=CARTESIAN_POINT('',(-5.66729869450488,-3.66840481802447,-3.94404156405023));
#6267=CARTESIAN_POINT('',(5.35,-5.4,-3.16166966734059));
#6268=CARTESIAN_POINT('',(8.56820371760798,-5.4,-2.50922247097651));
#6269=CARTESIAN_POINT('',(5.35,-5.4,1.10132199678892));
#6270=CARTESIAN_POINT('',(-1.95417357200344E-16,0.,0.702576664472214));
#6271=CARTESIAN_POINT('',(-4.8,2.4,0.702576664472213));
#6272=CARTESIAN_POINT('',(-5.3,1.85626639591184,0.702576664472212));
#6273=CARTESIAN_POINT('',(-1.95417357200344E-16,0.,0.911321996788917));
#6274=CARTESIAN_POINT('',(-4.8,4.3,0.911321996788916));
#6275=CARTESIAN_POINT('',(-5.05,4.30541007047379,0.911321996788916));
#6276=CARTESIAN_POINT('',(-1.95417357200344E-16,0.,0.911321996788917));
#6277=CARTESIAN_POINT('',(-5.3,-4.30379186901404,0.911321996788916));
#6278=CARTESIAN_POINT('',(-1.95417357200344E-16,0.,0.702576664472214));
#6279=CARTESIAN_POINT('',(-4.8,-1.85626639591184,0.702576664472213));
#6280=CARTESIAN_POINT('',(-5.3,-2.4,0.702576664472212));
#6281=CARTESIAN_POINT('',(5.4258956917565,-5.78891370829477,1.10132199678892));
#6282=CARTESIAN_POINT('',(-5.05,-4.30379186901404,1.10132199678892));
#6283=CARTESIAN_POINT('',(-4.8,-1.55626639591184,1.10132199678892));
#6284=CARTESIAN_POINT('',(5.35,5.4,1.10132199678892));
#6285=CARTESIAN_POINT('',(-5.98732887008419,-5.83681870575193,1.10132199678892));
#6286=CARTESIAN_POINT('',(-6.39030079676561,-5.83681870575193,1.10132199678892));
#6287=CARTESIAN_POINT('',(-5.98732887008419,-5.83681870575193,1.10132199678892));
#6288=CARTESIAN_POINT('',(-6.39030079676561,-5.42629896722792,1.10132199678892));
#6289=CARTESIAN_POINT('',(-6.80082053528963,-5.42629896722792,1.10132199678892));
#6290=CARTESIAN_POINT('',(-6.80082053528963,-5.42629896722792,1.10132199678892));
#6291=CARTESIAN_POINT('',(-6.80082053528963,5.42629896722792,1.10132199678892));
#6292=CARTESIAN_POINT('',(-6.39030079676561,5.42629896722792,1.10132199678892));
#6293=CARTESIAN_POINT('',(-6.39030079676561,5.83681870575193,1.10132199678892));
#6294=CARTESIAN_POINT('',(-5.98732887008419,5.83681870575193,1.10132199678892));
#6295=CARTESIAN_POINT('',(-5.98732887008419,5.83681870575193,1.10132199678892));
#6296=CARTESIAN_POINT('',(-5.98732887008419,5.71651370971582,1.10132199678892));
#6297=CARTESIAN_POINT('',(-5.98732887008419,5.71651370971582,1.10132199678892));
#6298=CARTESIAN_POINT('',(-3.70734101061096,5.71651370971581,1.10132199678892));
#6299=CARTESIAN_POINT('',(-3.70734101061096,5.71651370971581,1.10132199678892));
#6300=CARTESIAN_POINT('',(-3.70734101061096,5.71651370971581,1.10132199678892));
#6301=CARTESIAN_POINT('',(-3.70734101061096,5.83681870575193,1.10132199678892));
#6302=CARTESIAN_POINT('',(2.3937875971623,5.83681870575193,1.10132199678892));
#6303=CARTESIAN_POINT('',(2.3937875971623,5.83681870575193,1.10132199678892));
#6304=CARTESIAN_POINT('',(2.3937875971623,5.71651370971581,1.10132199678892));
#6305=CARTESIAN_POINT('',(2.3937875971623,5.71651370971581,1.10132199678892));
#6306=CARTESIAN_POINT('',(4.57981457319575,5.71651370971581,1.10132199678892));
#6307=CARTESIAN_POINT('',(4.57981457319575,5.71651370971581,1.10132199678892));
#6308=CARTESIAN_POINT('',(4.57981457319575,5.71651370971581,1.10132199678892));
#6309=CARTESIAN_POINT('',(4.57981457319575,5.83681870575193,1.10132199678892));
#6310=CARTESIAN_POINT('',(4.57981457319575,5.83681870575193,1.10132199678892));
#6311=CARTESIAN_POINT('',(5.42589569175641,5.83681870575193,1.10132199678892));
#6312=CARTESIAN_POINT('',(5.4258956917565,5.78891370829477,1.10132199678892));
#6313=CARTESIAN_POINT('',(5.47380068921366,5.78891370829477,1.10132199678892));
#6314=CARTESIAN_POINT('',(5.47380068921366,5.78891370829477,1.10132199678892));
#6315=CARTESIAN_POINT('',(5.47380068921366,5.77090262379386,1.10132199678892));
#6316=CARTESIAN_POINT('',(5.52818960329171,5.77090262379386,1.10132199678892));
#6317=CARTESIAN_POINT('',(5.52818960329162,5.71651370971581,1.10132199678892));
#6318=CARTESIAN_POINT('',(5.52818960329162,5.71651370971581,1.10132199678892));
#6319=CARTESIAN_POINT('',(6.29930011138124,5.71651370971581,1.10132199678892));
#6320=CARTESIAN_POINT('',(6.29930011138123,5.38025195319459,1.10132199678892));
#6321=CARTESIAN_POINT('',(6.63556186790246,5.38025195319459,1.10132199678892));
#6322=CARTESIAN_POINT('',(6.63556186790246,5.38025195319459,1.10132199678892));
#6323=CARTESIAN_POINT('',(6.63556186790246,2.01390506619531,1.10132199678892));
#6324=CARTESIAN_POINT('',(6.63556186790246,2.01390506619531,1.10132199678892));
#6325=CARTESIAN_POINT('',(6.78078249943494,1.88473964159534,1.10132199678892));
#6326=CARTESIAN_POINT('',(6.78078249943494,1.88473964159534,1.10132199678892));
#6327=CARTESIAN_POINT('',(6.78078249943494,-1.88473964159534,1.10132199678892));
#6328=CARTESIAN_POINT('',(6.63556186790246,-2.01390506619531,1.10132199678892));
#6329=CARTESIAN_POINT('',(6.63556186790246,-2.01390506619531,1.10132199678892));
#6330=CARTESIAN_POINT('',(6.63556186790246,-5.38025195319459,1.10132199678892));
#6331=CARTESIAN_POINT('',(6.63556186790246,-5.38025195319459,1.10132199678892));
#6332=CARTESIAN_POINT('',(6.29930011138123,-5.38025195319459,1.10132199678892));
#6333=CARTESIAN_POINT('',(6.29930011138124,-5.71651370971581,1.10132199678892));
#6334=CARTESIAN_POINT('',(5.52818960329162,-5.71651370971581,1.10132199678892));
#6335=CARTESIAN_POINT('',(5.52818960329162,-5.71651370971581,1.10132199678892));
#6336=CARTESIAN_POINT('',(5.52818960329171,-5.77090262379386,1.10132199678892));
#6337=CARTESIAN_POINT('',(5.47380068921366,-5.77090262379386,1.10132199678892));
#6338=CARTESIAN_POINT('',(5.47380068921366,-5.78891370829477,1.10132199678892));
#6339=CARTESIAN_POINT('',(5.47380068921366,-5.78891370829477,1.10132199678892));
#6340=CARTESIAN_POINT('',(5.4258956917565,-5.78891370829477,1.10132199678892));
#6341=CARTESIAN_POINT('',(5.42589569175641,-5.83681870575193,1.10132199678892));
#6342=CARTESIAN_POINT('',(4.57981457319575,-5.83681870575193,1.10132199678892));
#6343=CARTESIAN_POINT('',(4.57981457319575,-5.83681870575193,1.10132199678892));
#6344=CARTESIAN_POINT('',(4.57981457319575,-5.83681870575193,1.10132199678892));
#6345=CARTESIAN_POINT('',(4.57981457319575,-5.71651370971581,1.10132199678892));
#6346=CARTESIAN_POINT('',(4.57981457319575,-5.71651370971581,1.10132199678892));
#6347=CARTESIAN_POINT('',(2.3937875971623,-5.71651370971581,1.10132199678892));
#6348=CARTESIAN_POINT('',(2.3937875971623,-5.83681870575193,1.10132199678892));
#6349=CARTESIAN_POINT('',(2.3937875971623,-5.83681870575193,1.10132199678892));
#6350=CARTESIAN_POINT('',(2.3937875971623,-5.83681870575193,1.10132199678892));
#6351=CARTESIAN_POINT('',(-3.70734101061096,-5.83681870575193,1.10132199678892));
#6352=CARTESIAN_POINT('',(-3.70734101061096,-5.83681870575193,1.10132199678892));
#6353=CARTESIAN_POINT('',(-3.70734101061096,-5.71651370971581,1.10132199678892));
#6354=CARTESIAN_POINT('',(-3.70734101061096,-5.71651370971581,1.10132199678892));
#6355=CARTESIAN_POINT('',(-5.98732887008419,-5.71651370971582,1.10132199678892));
#6356=CARTESIAN_POINT('',(-5.98732887008419,-5.83681870575193,1.10132199678892));
#6357=CARTESIAN_POINT('',(0.799999999999998,5.4,1.10132199678892));
#6358=CARTESIAN_POINT('',(0.799999999999998,5.4,1.10132199678892));
#6359=CARTESIAN_POINT('',(1.1,5.4,1.10132199678892));
#6360=CARTESIAN_POINT('',(0.799999999999998,4.6,1.10132199678892));
#6361=CARTESIAN_POINT('',(0.799999999999999,4.6,1.10132199678892));
#6362=CARTESIAN_POINT('',(1.1,4.6,1.10132199678892));
#6363=CARTESIAN_POINT('',(1.1,4.6,1.10132199678892));
#6364=CARTESIAN_POINT('',(1.1,5.4,1.10132199678892));
#6365=CARTESIAN_POINT('',(0.799999999999998,-5.4,1.10132199678892));
#6366=CARTESIAN_POINT('',(0.799999999999998,-5.4,1.10132199678892));
#6367=CARTESIAN_POINT('',(1.1,-5.4,1.10132199678892));
#6368=CARTESIAN_POINT('',(1.1,-5.4,1.10132199678892));
#6369=CARTESIAN_POINT('',(1.1,-4.6,1.10132199678892));
#6370=CARTESIAN_POINT('',(1.1,-4.6,1.10132199678892));
#6371=CARTESIAN_POINT('',(0.799999999999998,-4.6,1.10132199678892));
#6372=CARTESIAN_POINT('',(0.799999999999998,-4.6,1.10132199678892));
#6373=CARTESIAN_POINT('',(-4.8,1.55626639591184,1.10132199678892));
#6374=CARTESIAN_POINT('',(-5.05,4.30541007047379,1.10132199678892));
#6375=CARTESIAN_POINT('',(-7.2,-19.6441426864482,0.899999999999996));
#6376=CARTESIAN_POINT('',(-3.70734101061096,-19.6441426864482,0.899999999999997));
#6377=CARTESIAN_POINT('',(-3.70734101061096,-5.83681870575193,0.899999999999998));
#6378=CARTESIAN_POINT('',(-7.2,-5.83681870575193,0.899999999999996));
#6379=CARTESIAN_POINT('',(2.3937875971623,-5.83681870575193,0.899999999999998));
#6380=CARTESIAN_POINT('',(2.3937875971623,-19.6441426864482,0.9));
#6381=CARTESIAN_POINT('',(-7.2,-19.6441426864482,0.899999999999996));
#6382=CARTESIAN_POINT('',(6.5,-5.5,0.9));
#6383=CARTESIAN_POINT('',(4.57981457319575,-19.6441426864482,0.899999999999999));
#6384=CARTESIAN_POINT('',(4.57981457319575,-5.83681870575193,0.899999999999999));
#6385=CARTESIAN_POINT('',(-7.2,-5.83681870575193,0.899999999999996));
#6386=CARTESIAN_POINT('',(5.42589569175641,-5.83681870575193,0.899999999999999));
#6387=CARTESIAN_POINT('',(5.4258956917565,-5.78891370829477,0.899999999999999));
#6388=CARTESIAN_POINT('',(5.47380068921366,-5.78891370829477,0.899999999999999));
#6389=CARTESIAN_POINT('',(5.47380068921499,-19.644142686447,0.899999999999999));
#6390=CARTESIAN_POINT('',(5.47380068921366,-5.77090262379386,0.899999999999999));
#6391=CARTESIAN_POINT('',(5.52818960329171,-5.77090262379386,0.899999999999999));
#6392=CARTESIAN_POINT('',(5.52818960329162,-5.71651370971581,0.899999999999999));
#6393=CARTESIAN_POINT('',(-7.2,-5.71651370971581,0.899999999999996));
#6394=CARTESIAN_POINT('',(6.29930011138124,-5.71651370971581,0.899999999999999));
#6395=CARTESIAN_POINT('',(6.29930011138123,-5.38025195319459,0.899999999999999));
#6396=CARTESIAN_POINT('',(6.63556186790246,-5.38025195319459,0.899999999999999));
#6397=CARTESIAN_POINT('',(6.63556186790246,-19.6441426864482,0.899999999999999));
#6398=CARTESIAN_POINT('',(6.63556186790246,-2.01390506619531,0.899999999999999));
#6399=CARTESIAN_POINT('',(-9.84398223810196,-16.6715145890531,0.899999999999996));
#6400=CARTESIAN_POINT('',(6.78078249943494,-1.88473964159534,0.899999999999999));
#6401=CARTESIAN_POINT('',(6.78078249943494,-19.6441426864482,0.899999999999999));
#6402=CARTESIAN_POINT('',(6.78078249943494,1.88473964159534,0.899999999999999));
#6403=CARTESIAN_POINT('',(9.66610439786188,-0.681588738780381,0.9));
#6404=CARTESIAN_POINT('',(6.63556186790246,2.01390506619531,0.899999999999999));
#6405=CARTESIAN_POINT('',(6.63556186790247,-19.6441426864482,0.899999999999999));
#6406=CARTESIAN_POINT('',(6.63556186790246,5.38025195319459,0.899999999999999));
#6407=CARTESIAN_POINT('',(6.29930011138123,5.38025195319459,0.899999999999999));
#6408=CARTESIAN_POINT('',(6.29930011138124,5.71651370971581,0.899999999999999));
#6409=CARTESIAN_POINT('',(-7.2,5.71651370971581,0.899999999999996));
#6410=CARTESIAN_POINT('',(5.52818960329162,5.71651370971581,0.899999999999999));
#6411=CARTESIAN_POINT('',(5.52818960329171,5.77090262379386,0.899999999999999));
#6412=CARTESIAN_POINT('',(5.47380068921366,5.77090262379386,0.899999999999999));
#6413=CARTESIAN_POINT('',(5.47380068921243,-19.6441426864488,0.899999999999999));
#6414=CARTESIAN_POINT('',(5.47380068921366,5.78891370829477,0.899999999999999));
#6415=CARTESIAN_POINT('',(5.4258956917565,5.78891370829477,0.899999999999999));
#6416=CARTESIAN_POINT('',(5.42589569175641,5.83681870575193,0.899999999999999));
#6417=CARTESIAN_POINT('',(-7.2,5.83681870575193,0.899999999999996));
#6418=CARTESIAN_POINT('',(4.57981457319575,5.83681870575193,0.899999999999999));
#6419=CARTESIAN_POINT('',(4.57981457319575,-19.6441426864482,0.899999999999999));
#6420=CARTESIAN_POINT('',(6.5,5.5,0.899999999999999));
#6421=CARTESIAN_POINT('',(-7.2,-19.6441426864482,0.899999999999996));
#6422=CARTESIAN_POINT('',(2.3937875971623,-19.6441426864482,0.9));
#6423=CARTESIAN_POINT('',(2.3937875971623,5.83681870575193,0.899999999999998));
#6424=CARTESIAN_POINT('',(-7.2,5.83681870575193,0.899999999999996));
#6425=CARTESIAN_POINT('',(-3.70734101061096,5.83681870575193,0.899999999999997));
#6426=CARTESIAN_POINT('',(-3.70734101061096,-19.6441426864482,0.899999999999997));
#6427=CARTESIAN_POINT('',(7.2,-6.2,0.));
#6428=CARTESIAN_POINT('',(-4.17800172062708,-19.6441426864482,-3.26502814539971E-15));
#6429=CARTESIAN_POINT('',(-4.17800172062708,5.71651370971581,-1.36887494616255E-15));
#6430=CARTESIAN_POINT('',(34.9204905964626,5.71651370971581,7.70831177452065E-15));
#6431=CARTESIAN_POINT('',(-5.4920002424317,5.71651370971581,-4.9995996863761E-15));
#6432=CARTESIAN_POINT('',(-5.49200024243171,-19.6441426864482,-3.46944695195361E-15));
#6433=CARTESIAN_POINT('',(7.2,-6.2,0.));
#6434=CARTESIAN_POINT('',(4.14230847381478,-19.6441426864482,-6.65630112997393E-16));
#6435=CARTESIAN_POINT('',(4.14230847381479,5.71651370971581,2.32683884601999E-15));
#6436=CARTESIAN_POINT('',(34.9204905964626,5.71651370971581,7.70831177452065E-15));
#6437=CARTESIAN_POINT('',(2.85172774744826,5.71651370971581,-1.56612710633021E-15));
#6438=CARTESIAN_POINT('',(2.85172774744826,-19.6441426864482,-1.73472347597681E-15));
#6439=CARTESIAN_POINT('',(4.57981457319575,-19.6441426864482,0.899999999999999));
#6440=CARTESIAN_POINT('',(4.14230847381478,-19.6441426864482,-6.65630112997393E-16));
#6441=CARTESIAN_POINT('',(4.14230847381479,-5.71651370971581,2.32683884601999E-15));
#6442=CARTESIAN_POINT('',(4.57981457319575,-5.71651370971581,0.899999999999999));
#6443=CARTESIAN_POINT('',(4.57981457319575,-5.71651370971581,0.899999999999996));
#6444=CARTESIAN_POINT('',(4.57981457319575,-19.6441426864482,0.899999999999999));
#6445=CARTESIAN_POINT('',(2.85172774744826,-19.6441426864482,-1.73472347597681E-15));
#6446=CARTESIAN_POINT('',(2.3937875971623,-19.6441426864482,0.899999999999998));
#6447=CARTESIAN_POINT('',(2.3937875971623,-5.71651370971581,0.899999999999996));
#6448=CARTESIAN_POINT('',(2.85172774744826,-5.71651370971581,-1.73472347597681E-15));
#6449=CARTESIAN_POINT('',(2.85172774744826,-5.71651370971581,-1.56612710633021E-15));
#6450=CARTESIAN_POINT('',(2.85172774744826,-19.6441426864482,-1.73472347597681E-15));
#6451=CARTESIAN_POINT('',(-4.17800172062708,-19.6441426864482,-3.46944695195361E-15));
#6452=CARTESIAN_POINT('',(-4.17800172062708,-19.6441426864482,-3.26502814539971E-15));
#6453=CARTESIAN_POINT('',(-4.17800172062708,-5.71651370971581,-1.36887494616255E-15));
#6454=CARTESIAN_POINT('',(-4.17800172062708,-5.71651370971581,-3.46944695195361E-15));
#6455=CARTESIAN_POINT('',(-3.70734101061096,-5.71651370971581,0.899999999999994));
#6456=CARTESIAN_POINT('',(-3.70734101061116,-19.6441426864483,0.899999999999997));
#6457=CARTESIAN_POINT('',(-5.98732887008419,-19.6441426864482,0.899999999999996));
#6458=CARTESIAN_POINT('',(-5.98732887008419,-19.6441426864482,0.899999999999996));
#6459=CARTESIAN_POINT('',(-5.98732887008419,-5.83681870575193,0.899999999999996));
#6460=CARTESIAN_POINT('',(-5.98732887008419,-19.6441426864482,0.899999999999996));
#6461=CARTESIAN_POINT('',(-5.98732887008419,-5.71651370971582,0.899999999999994));
#6462=CARTESIAN_POINT('',(-5.98732887008419,-5.71651370971581,0.899999999999996));
#6463=CARTESIAN_POINT('',(-5.4920002424317,-5.71651370971581,-4.9995996863761E-15));
#6464=CARTESIAN_POINT('',(-5.49200024243171,-19.6441426864482,-3.46944695195361E-15));
#6465=CARTESIAN_POINT('',(7.2,-6.2,0.));
#6466=CARTESIAN_POINT('',(34.9204905964626,-5.71651370971581,7.70831177452065E-15));
#6467=CARTESIAN_POINT('',(7.2,-6.2,0.));
#6468=CARTESIAN_POINT('',(34.9204905964626,-5.71651370971581,7.70831177452065E-15));
#6469=CARTESIAN_POINT('',(4.57981457319575,-19.6441426864482,0.899999999999999));
#6470=CARTESIAN_POINT('',(4.57981457319575,-19.6441426864482,0.899999999999999));
#6471=CARTESIAN_POINT('',(4.57981457319575,5.71651370971581,0.899999999999996));
#6472=CARTESIAN_POINT('',(4.57981457319575,5.71651370971581,0.899999999999999));
#6473=CARTESIAN_POINT('',(2.85172774744826,-19.6441426864482,-1.73472347597681E-15));
#6474=CARTESIAN_POINT('',(2.85172774744826,5.71651370971581,-1.73472347597681E-15));
#6475=CARTESIAN_POINT('',(2.3937875971623,5.71651370971581,0.899999999999996));
#6476=CARTESIAN_POINT('',(2.3937875971623,-19.6441426864482,0.9));
#6477=CARTESIAN_POINT('',(-4.17800172062708,-19.6441426864482,-3.46944695195361E-15));
#6478=CARTESIAN_POINT('',(-3.70734101061096,-19.6441426864482,0.899999999999997));
#6479=CARTESIAN_POINT('',(-3.70734101061096,5.71651370971581,0.899999999999994));
#6480=CARTESIAN_POINT('',(-4.17800172062708,5.71651370971581,-3.46944695195361E-15));
#6481=CARTESIAN_POINT('',(-5.98732887008419,-19.6441426864482,0.899999999999996));
#6482=CARTESIAN_POINT('',(-5.98732887008419,5.71651370971582,0.899999999999996));
#6483=CARTESIAN_POINT('',(-5.98732887008419,5.71651370971582,0.899999999999994));
#6484=CARTESIAN_POINT('',(-5.98732887008419,-19.6441426864482,0.899999999999996));
#6485=CARTESIAN_POINT('',(-5.98732887008419,5.83681870575193,0.899999999999996));
#6486=CARTESIAN_POINT('',(-5.98732887008419,-19.6441426864482,0.899999999999996));
#6487=CARTESIAN_POINT('',(-7.2,-19.6441426864482,0.899999999999996));
#6488=CARTESIAN_POINT('',(-6.5,5.5,0.899999999999996));
#6489=CARTESIAN_POINT('',(-7.19999999999995,5.83681870575194,0.899999999999996));
#6490=CARTESIAN_POINT('',(-6.39030079676561,5.83681870575193,0.899999999999997));
#6491=CARTESIAN_POINT('',(-6.39030079676561,5.42629896722792,0.899999999999996));
#6492=CARTESIAN_POINT('',(-6.80082053528963,5.42629896722792,0.899999999999996));
#6493=CARTESIAN_POINT('',(-6.80082053528962,-19.6441426864482,0.899999999999996));
#6494=CARTESIAN_POINT('',(-6.80082053528963,-5.42629896722792,0.899999999999997));
#6495=CARTESIAN_POINT('',(-6.39030079676561,-5.42629896722792,0.899999999999996));
#6496=CARTESIAN_POINT('',(-6.39030079676561,-5.83681870575193,0.899999999999996));
#6497=CARTESIAN_POINT('',(-7.20000000000003,-5.83681870575194,0.899999999999996));
#6498=CARTESIAN_POINT('',(-6.5,-5.5,0.899999999999996));
#6499=CARTESIAN_POINT('',(34.9204905964626,5.71651370971581,7.70831177452065E-15));
#6500=CARTESIAN_POINT('',(-3.70734101061096,5.71651370971581,0.698678003211078));
#6501=CARTESIAN_POINT('',(-5.98732887008419,5.71651370971582,0.698678003211078));
#6502=CARTESIAN_POINT('',(34.9204905964626,-5.71651370971581,7.70831177452065E-15));
#6503=CARTESIAN_POINT('',(-5.98732887008419,-5.71651370971582,0.698678003211078));
#6504=CARTESIAN_POINT('',(-3.70734101061096,-5.71651370971581,0.698678003211078));
#6505=CARTESIAN_POINT('',(34.9204905964626,-5.71651370971581,7.70831177452065E-15));
#6506=CARTESIAN_POINT('',(2.3937875971623,-5.71651370971581,0.698678003211079));
#6507=CARTESIAN_POINT('',(4.57981457319575,-5.71651370971581,0.69867800321108));
#6508=CARTESIAN_POINT('',(34.9204905964626,5.71651370971581,7.70831177452065E-15));
#6509=CARTESIAN_POINT('',(4.57981457319575,5.71651370971581,0.69867800321108));
#6510=CARTESIAN_POINT('',(2.3937875971623,5.71651370971581,0.698678003211079));
#6511=CARTESIAN_POINT('',(5.82759632580896,-1.13665835609315,16.6545996256298));
#6512=CARTESIAN_POINT('',(6.65,-1.13665835609315,15.55));
#6513=CARTESIAN_POINT('',(6.65,-1.13665835609315,16.05));
#6514=CARTESIAN_POINT('',(7.15,-1.13665835609315,15.55));
#6515=CARTESIAN_POINT('',(7.15,-1.13665835609315,16.6545996256298));
#6516=CARTESIAN_POINT('',(7.15,-1.13665835609315,15.5454003743702));
#6517=CARTESIAN_POINT('',(5.82759632580896,-1.13665835609315,15.5454003743702));
#6518=CARTESIAN_POINT('',(5.82759632580896,-1.13665835609315,15.5454003743702));
#6519=CARTESIAN_POINT('',(5.82759632580896,-1.13665835609315,16.6545996256298));
#6520=CARTESIAN_POINT('',(5.82759632580896,-1.13665835609315,16.05));
#6521=CARTESIAN_POINT('',(5.82759632580896,-1.13665835609315,16.05));
#6522=CARTESIAN_POINT('',(7.2,1.13665835609315,16.6545996256298));
#6523=CARTESIAN_POINT('',(7.2,1.13665835609315,15.5454003743702));
#6524=CARTESIAN_POINT('',(7.15,1.13665835609315,15.5454003743702));
#6525=CARTESIAN_POINT('',(5.79961151796589,1.13665835609315,15.5454003743702));
#6526=CARTESIAN_POINT('',(7.15,1.13665835609315,16.6545996256298));
#6527=CARTESIAN_POINT('',(7.15,1.13665835609315,15.55));
#6528=CARTESIAN_POINT('',(6.65,1.13665835609315,15.55));
#6529=CARTESIAN_POINT('',(6.65,1.13665835609315,16.05));
#6530=CARTESIAN_POINT('',(7.2,1.13665835609315,16.05));
#6531=CARTESIAN_POINT('',(5.79961151796589,1.13665835609315,16.05));
#6532=CARTESIAN_POINT('',(5.79961151796589,1.13665835609315,16.6545996256298));
#6533=CARTESIAN_POINT('',(5.79961151796589,0.0322068796869631,16.6545996256298));
#6534=CARTESIAN_POINT('',(5.79961151796589,0.0322068796869631,16.05));
#6535=CARTESIAN_POINT('',(4.6951600415597,0.0322068796869624,16.05));
#6536=CARTESIAN_POINT('',(4.6951600415597,0.0322068796869624,16.6545996256298));
#6537=CARTESIAN_POINT('',(4.6951600415597,0.0322068796869624,15.5454003743702));
#6538=CARTESIAN_POINT('',(5.79961151796589,0.0322068796869631,15.5454003743702));
#6539=CARTESIAN_POINT('',(4.6951600415597,0.0322068796869621,16.6545996256298));
#6540=CARTESIAN_POINT('',(4.6951600415597,0.0141063379489515,16.053848278015));
#6541=CARTESIAN_POINT('',(4.6951600415597,0.0201402564545735,16.0525674244448));
#6542=CARTESIAN_POINT('',(4.6951600415597,0.0261735426938909,16.0512835885966));
#6543=CARTESIAN_POINT('',(4.6951600415597,0.0322068796869631,16.05));
#6544=CARTESIAN_POINT('',(4.6951600415597,0.0141063379489515,16.053848278015));
#6545=CARTESIAN_POINT('',(4.6951600415597,0.0141063378428952,16.0538482775147));
#6546=CARTESIAN_POINT('',(4.6951600415597,0.00799646806624333,16.0525674236915));
#6547=CARTESIAN_POINT('',(4.6951600415597,0.0018872233093079,16.0512835909683));
#6548=CARTESIAN_POINT('',(4.6951600415597,-0.00422207184389456,16.05));
#6549=CARTESIAN_POINT('',(4.6951600415597,-0.00422207184389459,16.05));
#6550=CARTESIAN_POINT('',(4.6951600415597,-0.00422207184389459,16.6545996256298));
#6551=CARTESIAN_POINT('',(4.6951600415597,-0.00422207184389459,15.5454003743702));
#6552=CARTESIAN_POINT('',(4.6951600415597,0.0322068796869621,15.5454003743702));
#6553=CARTESIAN_POINT('',(5.82759632580896,-0.00422207184389456,16.6545996256298));
#6554=CARTESIAN_POINT('',(5.82759632580896,-0.00422207184389456,16.05));
#6555=CARTESIAN_POINT('',(5.82759632580896,-0.00422207184389456,15.5454003743702));
#6556=CARTESIAN_POINT('',(5.82759632580896,-0.00422207184389456,16.6545996256298));
#6557=CARTESIAN_POINT('',(5.82759632580896,-0.00422207184389456,16.1));
#6558=CARTESIAN_POINT('',(6.4065703956552,-0.00422207184389456,16.1));
#6559=CARTESIAN_POINT('',(5.82759632580896,-0.00422207184389456,15.5454003743702));
#6560=CARTESIAN_POINT('',(5.82759632580896,0.574751998002345,15.5454003743702));
#6561=CARTESIAN_POINT('',(5.82759632580896,-0.00422207184389456,15.5454003743702));
#6562=CARTESIAN_POINT('',(7.15,-1.18665835609315,15.5454003743702));
#6563=CARTESIAN_POINT('',(7.15,1.18665835609315,15.5454003743702));
#6564=CARTESIAN_POINT('',(2.14529432859152,0.,15.5454003743702));
#6565=CARTESIAN_POINT('',(2.14529432859152,0.,15.5454003743702));
#6566=CARTESIAN_POINT('',(2.14529432859152,1.04695467206995,15.5454003743702));
#6567=CARTESIAN_POINT('',(2.14529432859152,0.,16.6545996256298));
#6568=CARTESIAN_POINT('',(2.14529432859152,0.,16.05));
#6569=CARTESIAN_POINT('',(3.19224900066146,0.,16.05));
#6570=CARTESIAN_POINT('',(-7.2,-6.2,16.1));
#6571=CARTESIAN_POINT('',(5.82759632580896,-0.00422207184389456,16.1));
#6572=CARTESIAN_POINT('',(6.08512648379185,-0.00422207184389456,16.1));
#6573=CARTESIAN_POINT('',(5.82759632580896,-0.00422207184389456,15.5454003743702));
#6574=CARTESIAN_POINT('',(5.82759632580896,-0.00422207184389456,15.5454003743702));
#6575=CARTESIAN_POINT('',(5.82759632580896,0.253308086138994,15.5454003743702));
#6576=CARTESIAN_POINT('',(5.82759632580896,-0.00422207184389456,16.6545996256298));
#6577=CARTESIAN_POINT('',(-5.65593958674331,-5.09410382829893,16.1597208886089));
#6578=CARTESIAN_POINT('',(-5.65593958674331,-5.09410382829893,16.1597208886089));
#6579=CARTESIAN_POINT('',(-5.65593958674331,-5.09410382829893,16.0402791113911));
#6580=CARTESIAN_POINT('',(-5.65593958674331,-5.09410382829893,16.0402791113911));
#6581=CARTESIAN_POINT('',(-6.40397400194294,-5.09410382829893,16.0402791113911));
#6582=CARTESIAN_POINT('',(-6.40397400194294,-5.09410382829893,16.1597208886089));
#6583=CARTESIAN_POINT('',(-6.40397400194294,-5.09410382829893,16.1597208886089));
#6584=CARTESIAN_POINT('',(-6.40397400194294,-5.09410382829893,16.0402791113911));
#6585=CARTESIAN_POINT('',(-6.40397400194294,4.95335843040525,16.0402791113911));
#6586=CARTESIAN_POINT('',(-6.40397400194294,4.95335843040525,16.1597208886089));
#6587=CARTESIAN_POINT('',(-6.40397400194294,4.95335843040525,16.1597208886089));
#6588=CARTESIAN_POINT('',(-6.40397400194294,4.95335843040525,16.0402791113911));
#6589=CARTESIAN_POINT('',(-5.65593958674331,4.95335843040525,16.0402791113911));
#6590=CARTESIAN_POINT('',(-5.65593958674331,4.95335843040525,16.1597208886089));
#6591=CARTESIAN_POINT('',(-5.65593958674331,4.95335843040525,16.1597208886089));
#6592=CARTESIAN_POINT('',(-5.65593958674331,4.95335843040525,16.0402791113911));
#6593=CARTESIAN_POINT('',(-3.86464565774313E-15,0.,16.0402791113911));
#6594=CARTESIAN_POINT('',(-5.98732887008419,-5.83681870575193,0.698678003211078));
#6595=CARTESIAN_POINT('',(-6.39030079676561,-5.83681870575193,0.698678003211077));
#6596=CARTESIAN_POINT('',(-5.98732887008419,-5.83681870575193,0.698678003211078));
#6597=CARTESIAN_POINT('',(2.3937875971623,-5.83681870575193,0.698678003211079));
#6598=CARTESIAN_POINT('',(-3.70734101061096,-5.83681870575193,0.698678003211078));
#6599=CARTESIAN_POINT('',(2.3937875971623,-5.83681870575193,0.698678003211079));
#6600=CARTESIAN_POINT('',(4.57981457319575,-5.83681870575193,0.69867800321108));
#6601=CARTESIAN_POINT('',(4.57981457319575,-5.83681870575193,0.69867800321108));
#6602=CARTESIAN_POINT('',(5.42589569175641,-5.83681870575193,0.69867800321108));
#6603=CARTESIAN_POINT('',(5.4258956917565,-5.78891370829477,0.69867800321108));
#6604=CARTESIAN_POINT('',(5.47380068921366,-5.78891370829477,0.69867800321108));
#6605=CARTESIAN_POINT('',(5.47380068921366,-5.78891370829477,0.69867800321108));
#6606=CARTESIAN_POINT('',(5.47380068921366,-5.77090262379386,0.69867800321108));
#6607=CARTESIAN_POINT('',(5.52818960329171,-5.77090262379386,0.69867800321108));
#6608=CARTESIAN_POINT('',(5.52818960329162,-5.71651370971581,0.69867800321108));
#6609=CARTESIAN_POINT('',(5.52818960329162,-5.71651370971581,0.69867800321108));
#6610=CARTESIAN_POINT('',(6.29930011138124,-5.71651370971581,0.69867800321108));
#6611=CARTESIAN_POINT('',(6.29930011138123,-5.38025195319459,0.69867800321108));
#6612=CARTESIAN_POINT('',(6.63556186790246,-5.38025195319459,0.69867800321108));
#6613=CARTESIAN_POINT('',(6.63556186790246,-5.38025195319459,0.69867800321108));
#6614=CARTESIAN_POINT('',(6.63556186790246,-2.01390506619531,0.69867800321108));
#6615=CARTESIAN_POINT('',(6.63556186790246,-2.01390506619531,0.69867800321108));
#6616=CARTESIAN_POINT('',(6.78078249943494,-1.88473964159534,0.69867800321108));
#6617=CARTESIAN_POINT('',(6.78078249943494,1.88473964159534,0.69867800321108));
#6618=CARTESIAN_POINT('',(6.78078249943494,1.88473964159534,0.69867800321108));
#6619=CARTESIAN_POINT('',(6.63556186790246,2.01390506619531,0.69867800321108));
#6620=CARTESIAN_POINT('',(6.63556186790246,2.01390506619531,0.69867800321108));
#6621=CARTESIAN_POINT('',(6.63556186790246,5.38025195319459,0.69867800321108));
#6622=CARTESIAN_POINT('',(6.63556186790246,5.38025195319459,0.69867800321108));
#6623=CARTESIAN_POINT('',(6.29930011138123,5.38025195319459,0.69867800321108));
#6624=CARTESIAN_POINT('',(6.29930011138124,5.71651370971581,0.69867800321108));
#6625=CARTESIAN_POINT('',(5.52818960329162,5.71651370971581,0.69867800321108));
#6626=CARTESIAN_POINT('',(5.52818960329162,5.71651370971581,0.69867800321108));
#6627=CARTESIAN_POINT('',(5.52818960329171,5.77090262379386,0.69867800321108));
#6628=CARTESIAN_POINT('',(5.47380068921366,5.77090262379386,0.69867800321108));
#6629=CARTESIAN_POINT('',(5.47380068921366,5.78891370829477,0.69867800321108));
#6630=CARTESIAN_POINT('',(5.47380068921366,5.78891370829477,0.69867800321108));
#6631=CARTESIAN_POINT('',(5.4258956917565,5.78891370829477,0.69867800321108));
#6632=CARTESIAN_POINT('',(5.42589569175641,5.83681870575193,0.69867800321108));
#6633=CARTESIAN_POINT('',(4.57981457319575,5.83681870575193,0.69867800321108));
#6634=CARTESIAN_POINT('',(4.57981457319575,5.83681870575193,0.69867800321108));
#6635=CARTESIAN_POINT('',(2.3937875971623,5.83681870575193,0.698678003211079));
#6636=CARTESIAN_POINT('',(2.3937875971623,5.83681870575193,0.698678003211079));
#6637=CARTESIAN_POINT('',(-3.70734101061096,5.83681870575193,0.698678003211078));
#6638=CARTESIAN_POINT('',(-5.98732887008419,5.83681870575193,0.698678003211078));
#6639=CARTESIAN_POINT('',(-5.98732887008419,5.83681870575193,0.698678003211078));
#6640=CARTESIAN_POINT('',(-6.39030079676561,5.83681870575193,0.698678003211077));
#6641=CARTESIAN_POINT('',(-6.39030079676561,5.42629896722792,0.698678003211077));
#6642=CARTESIAN_POINT('',(-6.80082053528963,5.42629896722792,0.698678003211077));
#6643=CARTESIAN_POINT('',(-6.80082053528963,-5.42629896722792,0.698678003211077));
#6644=CARTESIAN_POINT('',(-6.80082053528963,-5.42629896722792,0.698678003211077));
#6645=CARTESIAN_POINT('',(-6.39030079676561,-5.42629896722792,0.698678003211077));
#6646=CARTESIAN_POINT('',(-3.70734101061096,5.71651370971581,0.698678003211078));
#6647=CARTESIAN_POINT('',(-5.98732887008419,5.71651370971582,0.698678003211078));
#6648=CARTESIAN_POINT('',(-5.98732887008419,-5.83681870575193,0.698678003211078));
#6649=CARTESIAN_POINT('',(-3.70734101061096,-5.83681870575193,0.698678003211078));
#6650=CARTESIAN_POINT('',(2.3937875971623,-5.83681870575193,0.698678003211079));
#6651=CARTESIAN_POINT('',(4.57981457319575,-5.83681870575193,0.69867800321108));
#6652=CARTESIAN_POINT('',(4.57981457319575,5.71651370971581,0.69867800321108));
#6653=CARTESIAN_POINT('',(2.3937875971623,5.71651370971581,0.698678003211079));
#6654=CARTESIAN_POINT('',(6.49951237260325E-16,0.,-3.20166966734059));
#6655=CARTESIAN_POINT('',(0.799999999999999,5.4,-3.20166966734059));
#6656=CARTESIAN_POINT('',(0.799999999999999,5.4,-3.20166966734059));
#6657=CARTESIAN_POINT('',(1.1,5.4,-3.20166966734059));
#6658=CARTESIAN_POINT('',(1.1,5.4,-3.20166966734059));
#6659=CARTESIAN_POINT('',(0.799999999999999,4.6,-3.20166966734059));
#6660=CARTESIAN_POINT('',(0.799999999999999,5.4,-3.16166966734059));
#6661=CARTESIAN_POINT('',(1.1,5.4,-3.16166966734059));
#6662=CARTESIAN_POINT('',(0.799999999999999,5.4,-3.16166966734059));
#6663=CARTESIAN_POINT('',(1.1,5.4,-3.16166966734059));
#6664=CARTESIAN_POINT('',(1.1,4.65708482547414,-0.497577566441004));
#6665=CARTESIAN_POINT('',(1.1,4.78132506597999,-0.497577566441004));
#6666=CARTESIAN_POINT('',(1.1,4.65708482547414,-0.621817806946851));
#6667=CARTESIAN_POINT('',(1.1,5.4,-0.621817806946851));
#6668=CARTESIAN_POINT('',(1.1,4.6,-3.16166966734059));
#6669=CARTESIAN_POINT('',(1.1,4.6,0.511311300235332));
#6670=CARTESIAN_POINT('',(1.1,5.40000000000002,0.511311300235329));
#6671=CARTESIAN_POINT('',(1.1,4.69743757730427,0.511311300235332));
#6672=CARTESIAN_POINT('',(1.1,4.69743757730427,0.427423811559619));
#6673=CARTESIAN_POINT('',(1.1,4.78132506597998,0.42742381155962));
#6674=CARTESIAN_POINT('',(1.1,4.78132506598004,-3.1616696673406));
#6675=CARTESIAN_POINT('',(1.1,4.78132506597999,0.318398731247053));
#6676=CARTESIAN_POINT('',(1.1,4.7112756367615,0.318398731247053));
#6677=CARTESIAN_POINT('',(1.1,4.71535639131561,0.24846826595399));
#6678=CARTESIAN_POINT('',(1.1,4.71688392806443,0.222291402292912));
#6679=CARTESIAN_POINT('',(1.1,4.69066253298999,0.222291402292912));
#6680=CARTESIAN_POINT('',(1.1,4.69066253298999,-3.16166966734059));
#6681=CARTESIAN_POINT('',(1.1,4.69066253298999,-0.238938370307394));
#6682=CARTESIAN_POINT('',(1.1,4.72874072569572,-0.238938370307394));
#6683=CARTESIAN_POINT('',(1.1,4.71975326329118,-0.275940725357604));
#6684=CARTESIAN_POINT('',(1.1,4.70073090613079,-0.354257827767361));
#6685=CARTESIAN_POINT('',(1.1,4.78132506597999,-0.354257827767359));
#6686=CARTESIAN_POINT('',(1.1,4.78132506597999,-3.16166966734059));
#6687=CARTESIAN_POINT('',(1.1,4.6,-3.16166966734059));
#6688=CARTESIAN_POINT('',(0.799999999999999,4.6,-3.16166966734059));
#6689=CARTESIAN_POINT('',(0.799999999999998,4.6,0.511311300235332));
#6690=CARTESIAN_POINT('',(0.168208672816913,4.6,0.511311300235332));
#6691=CARTESIAN_POINT('',(0.799999999999999,4.6,-3.16166966734059));
#6692=CARTESIAN_POINT('',(0.799999999999999,4.6,-0.621817806946851));
#6693=CARTESIAN_POINT('',(0.799999999999999,4.65708482547414,-0.621817806946851));
#6694=CARTESIAN_POINT('',(0.799999999999999,4.65708482547414,-0.497577566441004));
#6695=CARTESIAN_POINT('',(0.799999999999999,4.78132506597999,-0.497577566441005));
#6696=CARTESIAN_POINT('',(0.799999999999999,4.78132506597999,-3.16166966734059));
#6697=CARTESIAN_POINT('',(0.799999999999999,4.78132506597999,-0.354257827767359));
#6698=CARTESIAN_POINT('',(0.799999999999999,4.70073090613079,-0.354257827767361));
#6699=CARTESIAN_POINT('',(0.799999999999998,4.71975326329118,-0.275940725357604));
#6700=CARTESIAN_POINT('',(0.799999999999998,4.72874072569572,-0.238938370307394));
#6701=CARTESIAN_POINT('',(0.799999999999998,4.69066253298999,-0.238938370307394));
#6702=CARTESIAN_POINT('',(0.799999999999999,4.69066253298999,-3.16166966734059));
#6703=CARTESIAN_POINT('',(0.799999999999998,4.69066253298999,0.222291402292912));
#6704=CARTESIAN_POINT('',(0.799999999999998,4.71688392806443,0.222291402292912));
#6705=CARTESIAN_POINT('',(0.799999999999998,4.71535639131561,0.24846826595399));
#6706=CARTESIAN_POINT('',(0.799999999999998,4.7112756367615,0.318398731247053));
#6707=CARTESIAN_POINT('',(0.799999999999998,4.78132506597999,0.318398731247053));
#6708=CARTESIAN_POINT('',(0.799999999999999,4.78132506598004,-3.16166966734059));
#6709=CARTESIAN_POINT('',(0.799999999999998,4.78132506597998,0.42742381155962));
#6710=CARTESIAN_POINT('',(0.799999999999998,4.69743757730427,0.427423811559619));
#6711=CARTESIAN_POINT('',(0.799999999999998,4.69743757730427,0.511311300235332));
#6712=CARTESIAN_POINT('',(0.799999999999998,4.60000000000002,0.511311300235332));
#6713=CARTESIAN_POINT('',(5.35,5.4,-3.16166966734059));
#6714=CARTESIAN_POINT('',(8.56820371760798,5.4,-2.50922247097651));
#6715=CARTESIAN_POINT('',(6.49951237260325E-16,0.,-3.20166966734059));
#6716=CARTESIAN_POINT('',(0.799999999999999,-5.4,-3.20166966734059));
#6717=CARTESIAN_POINT('',(0.799999999999999,-5.4,-3.20166966734059));
#6718=CARTESIAN_POINT('',(1.1,-5.4,-3.20166966734059));
#6719=CARTESIAN_POINT('',(0.799999999999999,-4.6,-3.20166966734059));
#6720=CARTESIAN_POINT('',(1.1,-5.4,-3.20166966734059));
#6721=CARTESIAN_POINT('',(1.1,-5.4,-3.16166966734059));
#6722=CARTESIAN_POINT('',(1.1,-5.40000000000002,0.511311300235329));
#6723=CARTESIAN_POINT('',(1.1,-4.6,0.511311300235332));
#6724=CARTESIAN_POINT('',(1.1,-4.69743757730427,0.511311300235332));
#6725=CARTESIAN_POINT('',(1.1,-4.6,-3.16166966734059));
#6726=CARTESIAN_POINT('',(1.1,-5.4,-3.16166966734059));
#6727=CARTESIAN_POINT('',(1.1,-5.40000000000003,-0.62181780694686));
#6728=CARTESIAN_POINT('',(1.1,-4.65708482547414,-0.621817806946851));
#6729=CARTESIAN_POINT('',(1.1,-4.65708482547414,-0.497577566441004));
#6730=CARTESIAN_POINT('',(1.1,-4.78132506597999,-0.497577566441004));
#6731=CARTESIAN_POINT('',(1.1,-4.78132506597999,-3.16166966734059));
#6732=CARTESIAN_POINT('',(1.1,-4.78132506597999,-0.354257827767359));
#6733=CARTESIAN_POINT('',(1.1,-4.70073090613079,-0.354257827767361));
#6734=CARTESIAN_POINT('',(1.1,-4.71975326329118,-0.275940725357602));
#6735=CARTESIAN_POINT('',(1.1,-4.72874072569572,-0.238938370307394));
#6736=CARTESIAN_POINT('',(1.1,-4.69066253298999,-0.238938370307394));
#6737=CARTESIAN_POINT('',(1.1,-4.69066253298999,-3.16166966734059));
#6738=CARTESIAN_POINT('',(1.1,-4.69066253298999,0.222291402292912));
#6739=CARTESIAN_POINT('',(1.1,-4.71688392806443,0.222291402292912));
#6740=CARTESIAN_POINT('',(1.1,-4.71535639131561,0.24846826595399));
#6741=CARTESIAN_POINT('',(1.1,-4.7112756367615,0.318398731247053));
#6742=CARTESIAN_POINT('',(1.1,-4.78132506597999,0.318398731247053));
#6743=CARTESIAN_POINT('',(1.1,-4.78132506597999,-3.16166966734059));
#6744=CARTESIAN_POINT('',(1.1,-4.78132506597998,0.42742381155962));
#6745=CARTESIAN_POINT('',(1.1,-4.69743757730427,0.427423811559619));
#6746=CARTESIAN_POINT('',(1.1,-4.6,-3.16166966734059));
#6747=CARTESIAN_POINT('',(0.168208672816913,-4.6,0.511311300235332));
#6748=CARTESIAN_POINT('',(0.799999999999998,-4.6,0.511311300235332));
#6749=CARTESIAN_POINT('',(0.799999999999999,-4.6,-3.16166966734059));
#6750=CARTESIAN_POINT('',(0.799999999999999,-4.6,-3.16166966734059));
#6751=CARTESIAN_POINT('',(0.799999999999998,-4.60000000000002,0.511311300235332));
#6752=CARTESIAN_POINT('',(0.799999999999998,-4.69743757730427,0.511311300235332));
#6753=CARTESIAN_POINT('',(0.799999999999998,-4.69743757730427,0.427423811559619));
#6754=CARTESIAN_POINT('',(0.799999999999998,-4.78132506597998,0.42742381155962));
#6755=CARTESIAN_POINT('',(0.799999999999999,-4.78132506597999,-3.16166966734059));
#6756=CARTESIAN_POINT('',(0.799999999999998,-4.78132506597999,0.318398731247053));
#6757=CARTESIAN_POINT('',(0.799999999999998,-4.7112756367615,0.318398731247053));
#6758=CARTESIAN_POINT('',(0.799999999999998,-4.71535639131561,0.24846826595399));
#6759=CARTESIAN_POINT('',(0.799999999999998,-4.71688392806443,0.222291402292912));
#6760=CARTESIAN_POINT('',(0.799999999999998,-4.69066253298999,0.222291402292912));
#6761=CARTESIAN_POINT('',(0.799999999999999,-4.69066253298999,-3.16166966734059));
#6762=CARTESIAN_POINT('',(0.799999999999998,-4.69066253298999,-0.238938370307394));
#6763=CARTESIAN_POINT('',(0.799999999999998,-4.72874072569572,-0.238938370307394));
#6764=CARTESIAN_POINT('',(0.799999999999999,-4.71975326329118,-0.275940725357602));
#6765=CARTESIAN_POINT('',(0.799999999999999,-4.70073090613079,-0.354257827767361));
#6766=CARTESIAN_POINT('',(0.799999999999999,-4.78132506597999,-0.354257827767359));
#6767=CARTESIAN_POINT('',(0.799999999999999,-4.78132506597999,-3.16166966734059));
#6768=CARTESIAN_POINT('',(0.799999999999999,-4.78132506597999,-0.497577566441005));
#6769=CARTESIAN_POINT('',(0.799999999999999,-4.65708482547414,-0.497577566441004));
#6770=CARTESIAN_POINT('',(0.799999999999999,-4.65708482547414,-0.621817806946851));
#6771=CARTESIAN_POINT('',(0.799999999999999,-4.60000000000003,-0.621817806946851));
#6772=CARTESIAN_POINT('',(0.799999999999999,-5.4,-3.16166966734059));
#6773=CARTESIAN_POINT('',(0.799999999999999,-5.4,-3.16166966734059));
#6774=CARTESIAN_POINT('',(-4.8,1.55626639591184,0.911321996788916));
#6775=CARTESIAN_POINT('',(-4.8,1.55626639591184,1.00257666447221));
#6776=CARTESIAN_POINT('',(-5.05,4.30541007047379,0.911321996788916));
#6777=CARTESIAN_POINT('',(-5.05,-4.30379186901404,0.911321996788916));
#6778=CARTESIAN_POINT('',(-4.8,-1.55626639591184,0.911321996788916));
#6779=CARTESIAN_POINT('',(-5.3,-1.55626639591184,1.00257666447221));
#6780=CARTESIAN_POINT('',(-5.3,-2.7,-3.20174286954536));
#6781=CARTESIAN_POINT('',(-4.8,-2.7,0.402576664472213));
#6782=CARTESIAN_POINT('',(-5.3,-2.7,-2.38338489999298));
#6783=CARTESIAN_POINT('',(-4.8,4.3,-3.20174286954536));
#6784=CARTESIAN_POINT('',(-4.8,4.3,-2.38338489999298));
#6785=CARTESIAN_POINT('',(-2.47298691311714,-3.96881187733063,-3.20174286954536));
#6786=CARTESIAN_POINT('',(-2.47298691311714,-3.03118812266937,-3.20174286954536));
#6787=CARTESIAN_POINT('',(-2.47298691311714,3.03118812266937,-3.20174286954536));
#6788=CARTESIAN_POINT('',(-2.47298691311714,3.96881187733063,-3.20174286954536));
#6789=CARTESIAN_POINT('',(8.56820371760798,4.30940948638091,-3.20166966734059));
#6790=CARTESIAN_POINT('',(8.56820371760798,5.29663206288811,-3.16343300257405));
#6791=CARTESIAN_POINT('',(8.56820371760798,-5.29059051361909,-3.20166966734059));
#6792=CARTESIAN_POINT('',(8.56820371760798,-4.30336793711189,-3.16343300257405));
#6793=CARTESIAN_POINT('',(0.168208672816913,-4.69743757730427,0.511311300235332));
#6794=CARTESIAN_POINT('',(0.168208672816913,-4.69743757730427,0.511311300235332));
#6795=CARTESIAN_POINT('',(0.168208672816913,-4.69743757730427,0.427423811559619));
#6796=CARTESIAN_POINT('',(0.168208672816913,-4.78132506597998,0.427423811559619));
#6797=CARTESIAN_POINT('',(0.168208672816913,-4.78132506597999,0.318398731247053));
#6798=CARTESIAN_POINT('',(0.168208672816913,-4.78132506597999,0.318398731247053));
#6799=CARTESIAN_POINT('',(0.168208672816913,-4.7112756367615,0.318398731247053));
#6800=CARTESIAN_POINT('',(0.168208672816913,-4.71535639131561,0.24846826595399));
#6801=CARTESIAN_POINT('',(0.168208672816913,-4.71688392806443,0.222291402292912));
#6802=CARTESIAN_POINT('',(0.168208672816913,-4.69066253298999,0.222291402292912));
#6803=CARTESIAN_POINT('',(0.168208672816913,-4.69066253298999,-0.238938370307395));
#6804=CARTESIAN_POINT('',(0.168208672816913,-4.69066253298999,-0.238938370307395));
#6805=CARTESIAN_POINT('',(0.168208672816913,-4.72874072569572,-0.238938370307394));
#6806=CARTESIAN_POINT('',(0.168208672816913,-4.71975326329118,-0.275940725357602));
#6807=CARTESIAN_POINT('',(0.168208672816913,-4.70073090613079,-0.354257827767361));
#6808=CARTESIAN_POINT('',(0.168208672816913,-4.78132506597999,-0.354257827767359));
#6809=CARTESIAN_POINT('',(0.168208672816913,-4.78132506597999,-0.497577566441005));
#6810=CARTESIAN_POINT('',(0.168208672816913,-4.78132506597999,-0.497577566441005));
#6811=CARTESIAN_POINT('',(0.168208672816913,-4.65708482547414,-0.497577566441004));
#6812=CARTESIAN_POINT('',(0.168208672816913,-4.65708482547414,-0.621817806946851));
#6813=CARTESIAN_POINT('',(0.168208672816913,-4.6,-0.621817806946851));
#6814=CARTESIAN_POINT('',(0.168208672816913,4.6,-0.621817806946851));
#6815=CARTESIAN_POINT('',(0.168208672816913,4.65708482547414,-0.621817806946851));
#6816=CARTESIAN_POINT('',(0.168208672816913,4.65708482547414,-0.497577566441004));
#6817=CARTESIAN_POINT('',(0.168208672816913,4.78132506597999,-0.497577566441005));
#6818=CARTESIAN_POINT('',(0.168208672816913,4.78132506597999,-0.497577566441005));
#6819=CARTESIAN_POINT('',(0.168208672816913,4.78132506597999,-0.354257827767359));
#6820=CARTESIAN_POINT('',(0.168208672816913,4.70073090613079,-0.354257827767361));
#6821=CARTESIAN_POINT('',(0.168208672816913,4.71975326329118,-0.275940725357604));
#6822=CARTESIAN_POINT('',(0.168208672816913,4.72874072569572,-0.238938370307394));
#6823=CARTESIAN_POINT('',(0.168208672816913,4.69066253298999,-0.238938370307395));
#6824=CARTESIAN_POINT('',(0.168208672816913,4.69066253298999,-0.238938370307395));
#6825=CARTESIAN_POINT('',(0.168208672816913,4.69066253298999,0.222291402292912));
#6826=CARTESIAN_POINT('',(0.168208672816913,4.71688392806443,0.222291402292912));
#6827=CARTESIAN_POINT('',(0.168208672816913,4.71535639131561,0.24846826595399));
#6828=CARTESIAN_POINT('',(0.168208672816913,4.7112756367615,0.318398731247053));
#6829=CARTESIAN_POINT('',(0.168208672816913,4.78132506597999,0.318398731247053));
#6830=CARTESIAN_POINT('',(0.168208672816913,4.78132506597999,0.318398731247053));
#6831=CARTESIAN_POINT('',(0.168208672816913,4.78132506597998,0.427423811559619));
#6832=CARTESIAN_POINT('',(0.168208672816913,4.69743757730427,0.427423811559619));
#6833=CARTESIAN_POINT('',(0.168208672816913,4.69743757730427,0.511311300235331));
#6834=CARTESIAN_POINT('',(0.168208672816913,4.69743757730427,0.511311300235332));
#6835=CARTESIAN_POINT('',(-27.0676555759769,-6.06603330591243,16.1));
#6836=CARTESIAN_POINT('',(-27.0676555759769,-6.06603330591243,15.5362371788471));
#6837=CARTESIAN_POINT('',(-6.91183285031411,-6.06603330591243,15.5362371788471));
#6838=CARTESIAN_POINT('',(6.91183285031411,-6.06603330591243,15.5362371788471));
#6839=CARTESIAN_POINT('',(6.91183285031411,-6.06603330591243,15.5362371788471));
#6840=CARTESIAN_POINT('',(6.91183285031411,-6.06603330591243,15.55));
#6841=CARTESIAN_POINT('',(-27.0676555759769,-6.06603330591243,15.55));
#6842=CARTESIAN_POINT('',(-6.91183285031411,-6.06603330591243,15.55));
#6843=CARTESIAN_POINT('',(-6.91183285031411,-6.06603330591243,15.55));
#6844=CARTESIAN_POINT('',(-27.0676555759769,-6.06603330591243,15.5362371788471));
#6845=CARTESIAN_POINT('',(6.5,-5.5,15.5362371788471));
#6846=CARTESIAN_POINT('',(-6.5,-5.5,15.5362371788471));
#6847=CARTESIAN_POINT('',(-27.0676555759769,6.06603330591243,15.5362371788471));
#6848=CARTESIAN_POINT('',(-6.5,5.5,15.5362371788471));
#6849=CARTESIAN_POINT('',(-6.91183285031411,6.06603330591243,15.5362371788471));
#6850=CARTESIAN_POINT('',(-27.0676555759769,6.06603330591243,15.5362371788471));
#6851=CARTESIAN_POINT('',(6.91183285031411,6.06603330591243,15.5362371788471));
#6852=CARTESIAN_POINT('',(6.5,5.5,15.5362371788471));
#6853=CARTESIAN_POINT('',(-27.0676555759769,6.06603330591243,16.1));
#6854=CARTESIAN_POINT('',(-6.91183285031411,6.06603330591243,15.5362371788471));
#6855=CARTESIAN_POINT('',(-6.91183285031411,6.06603330591243,15.55));
#6856=CARTESIAN_POINT('',(7.2,6.06603330591243,15.55));
#6857=CARTESIAN_POINT('',(6.91183285031411,6.06603330591243,15.55));
#6858=CARTESIAN_POINT('',(6.91183285031411,6.06603330591243,15.55));
#6859=CARTESIAN_POINT('',(6.65,-6.2,15.55));
#6860=CARTESIAN_POINT('',(6.65,-1.18665835609315,15.55));
#6861=CARTESIAN_POINT('',(6.65,-5.51603330591243,15.55));
#6862=CARTESIAN_POINT('',(7.05740483027919,-5.92343813619162,15.9194878946125));
#6863=CARTESIAN_POINT('',(7.05740483027919,-5.92343813619162,15.9194878946125));
#6864=CARTESIAN_POINT('',(7.15662867379749,-5.79282200852441,15.8100816766615));
#6865=CARTESIAN_POINT('',(7.2,-5.64535598566452,15.6788441714719));
#6866=CARTESIAN_POINT('',(7.2,-5.5,15.55));
#6867=CARTESIAN_POINT('',(-7.2,-5.51603330591243,15.55));
#6868=CARTESIAN_POINT('',(6.91183285031411,-6.06603330591243,15.55));
#6869=CARTESIAN_POINT('',(6.91183285031411,-6.06603330591243,15.6966446150369));
#6870=CARTESIAN_POINT('',(6.99119102291139,-6.01060056419098,15.8233808375111));
#6871=CARTESIAN_POINT('',(7.05740483027919,-5.92343813619162,15.9194878946125));
#6872=CARTESIAN_POINT('',(-6.65,-5.51603330591243,15.55));
#6873=CARTESIAN_POINT('',(-7.05740483027919,-5.92343813619162,15.9194878946125));
#6874=CARTESIAN_POINT('',(-7.05740483027919,-5.92343813619162,15.9194878946125));
#6875=CARTESIAN_POINT('',(-6.99118179790151,-6.01061270779503,15.8233674477275));
#6876=CARTESIAN_POINT('',(-6.91183285031411,-6.06603330591243,15.6965105148798));
#6877=CARTESIAN_POINT('',(-6.91183285031411,-6.06603330591243,15.55));
#6878=CARTESIAN_POINT('',(-6.65,-6.2,15.55));
#6879=CARTESIAN_POINT('',(-6.65,5.51603330591243,15.55));
#6880=CARTESIAN_POINT('',(-7.05740483027919,5.92343813619162,15.9194878946125));
#6881=CARTESIAN_POINT('',(-7.05740483027919,5.92343813619162,15.9194878946125));
#6882=CARTESIAN_POINT('',(-7.1566286737975,5.7928220085244,15.8100816766615));
#6883=CARTESIAN_POINT('',(-7.2,5.645355985667,15.6788441714691));
#6884=CARTESIAN_POINT('',(-7.2,5.5,15.55));
#6885=CARTESIAN_POINT('',(-7.05740483027919,-5.92343813619162,15.9194878946125));
#6886=CARTESIAN_POINT('',(-7.1566286737975,-5.79282200852441,15.8100816766615));
#6887=CARTESIAN_POINT('',(-7.2,-5.64535598566698,15.6788441714691));
#6888=CARTESIAN_POINT('',(-7.2,-5.5,15.55));
#6889=CARTESIAN_POINT('',(-27.0676555759769,5.51603330591243,15.55));
#6890=CARTESIAN_POINT('',(-6.91183285031411,6.06603330591243,15.55));
#6891=CARTESIAN_POINT('',(-6.91183285031411,6.06603330591243,15.6966446150369));
#6892=CARTESIAN_POINT('',(-6.99119102291139,6.01060056419099,15.8233808375111));
#6893=CARTESIAN_POINT('',(-7.05740483027919,5.92343813619162,15.9194878946125));
#6894=CARTESIAN_POINT('',(6.65,5.51603330591243,15.55));
#6895=CARTESIAN_POINT('',(7.05740483027919,5.92343813619162,15.9194878946125));
#6896=CARTESIAN_POINT('',(7.05740483027919,5.92343813619162,15.9194878946125));
#6897=CARTESIAN_POINT('',(6.99118179790151,6.01061270779503,15.8233674477275));
#6898=CARTESIAN_POINT('',(6.91183285031411,6.06603330591243,15.6965105148798));
#6899=CARTESIAN_POINT('',(6.91183285031411,6.06603330591243,15.55));
#6900=CARTESIAN_POINT('',(6.65,-6.2,15.55));
#6901=CARTESIAN_POINT('',(6.65,1.18665835609315,15.55));
#6902=CARTESIAN_POINT('',(7.05740483027919,5.92343813619162,15.9194878946125));
#6903=CARTESIAN_POINT('',(7.15662867379749,5.7928220085244,15.8100816766615));
#6904=CARTESIAN_POINT('',(7.2,5.64535598566452,15.6788441714719));
#6905=CARTESIAN_POINT('',(7.2,5.5,15.55));
#6906=CARTESIAN_POINT('',(-6.5,-5.5,-3.13474186165562E-15));
#6907=CARTESIAN_POINT('',(6.5,5.5,1.40070839675146E-15));
#6908=CARTESIAN_POINT('',(6.5,-5.5,16.1));
#6909=CARTESIAN_POINT('',(-6.5,5.5,0.));
#6910=CARTESIAN_POINT('',(5.79961151796589,0.0322068796869631,16.05));
#6911=CARTESIAN_POINT('',(4.6951600415597,0.0141063378428952,16.0538482775147));
#6912=CARTESIAN_POINT('',(4.69322476101932,0.0141061407103054,16.0789151309021));
#6913=CARTESIAN_POINT('',(4.67016696886726,0.0141038131642232,16.1));
#6914=CARTESIAN_POINT('',(4.64530202492277,0.0141014758812115,16.1));
#6915=CARTESIAN_POINT('',(5.79961151796589,1.18665835609315,16.05));
#6916=CARTESIAN_POINT('',(-7.2,1.18665835609315,16.05));
#6917=CARTESIAN_POINT('',(6.65,1.18665835609315,16.05));
#6918=CARTESIAN_POINT('',(6.65,1.18665835609315,15.55));
#6919=CARTESIAN_POINT('',(7.15,1.18665835609315,15.55));
#6920=CARTESIAN_POINT('',(7.15,1.18665835609315,16.1));
#6921=CARTESIAN_POINT('',(5.82759632580896,-0.00422207184389456,16.05));
#6922=CARTESIAN_POINT('',(5.82759632580896,-1.18665835609315,16.05));
#6923=CARTESIAN_POINT('',(-7.2,-1.18665835609315,16.05));
#6924=CARTESIAN_POINT('',(6.65,-1.18665835609315,16.05));
#6925=CARTESIAN_POINT('',(6.65,-1.18665835609315,15.55));
#6926=CARTESIAN_POINT('',(7.15,-1.18665835609315,15.55));
#6927=CARTESIAN_POINT('',(7.15,-1.18665835609315,16.6545996256298));
#6928=CARTESIAN_POINT('',(2.14529432859152,0.,16.05));
#6929=CARTESIAN_POINT('',(-2.59391222887669E-16,1.85626639591184,1.00257666447221));
#6930=CARTESIAN_POINT('',(-5.3,-2.4,0.402576664472212));
#6931=CARTESIAN_POINT('',(-2.21311166268519E-15,2.4,0.402576664472214));
#6932=CARTESIAN_POINT('',(-4.8,-1.85626639591184,1.00257666447221));
#6933=MECHANICAL_DESIGN_GEOMETRIC_PRESENTATION_REPRESENTATION('',(#3258,
#3259,#3260,#3261,#3262,#3263,#3264,#3265,#3266,#3267,#3268,#3269,#3270,
#3271,#3272,#3273,#3274,#3275,#3276,#3277,#3278,#3279,#3280,#3281,#3282,
#3283,#3284,#3285,#3286,#3287,#3288,#3289,#3290,#3291,#3292,#3293,#3294,
#3295,#3296,#3297,#3298,#3299,#3300,#3301,#3302,#3303,#3304,#3305,#3306,
#3307,#3308,#3309,#3310,#3311,#3312,#3313,#3314,#3315,#3316,#3317,#3318,
#3319,#3320,#3321,#3322,#3323,#3324,#3325,#3326,#3327,#3328,#3329,#3330,
#3331,#3332,#3333,#3334,#3335,#3336,#3337,#3338,#3339,#3340,#3341,#3342,
#3343,#3344,#3345,#3346,#3347,#3348,#3349,#3350,#3351,#3352,#3353,#3354,
#3355,#3356,#3357,#3358,#3359,#3360,#3361,#3362,#3363,#3364,#3365,#3366,
#3367,#3368,#3369,#3370,#3371,#3372,#3373,#3374,#3375,#3376,#3377,#3378,
#3379,#3380,#3381,#3382,#3383,#3384,#3385,#3386,#3387,#3388,#3389,#3390,
#3391,#3392,#3393,#3394,#3395,#3396,#3397,#3398,#3399,#3400,#3401,#3402,
#3403,#3404,#3405,#3406,#3407,#3408,#3409,#3410,#3411,#3412,#3413,#3414,
#3415,#3416,#3417,#3418,#3419,#3420,#3421,#3422,#3423,#3424,#3425,#3426,
#3427,#3428,#3429,#3430,#3431,#3432,#3433,#3434,#3435,#3436,#3437,#3438),
#6934);
#6934=(
GEOMETRIC_REPRESENTATION_CONTEXT(3)
GLOBAL_UNCERTAINTY_ASSIGNED_CONTEXT((#6935))
GLOBAL_UNIT_ASSIGNED_CONTEXT((#6938,#6937,#6936))
REPRESENTATION_CONTEXT('G8PM-1AW7R DC12','TOP_LEVEL_ASSEMBLY_PART')
);
#6935=UNCERTAINTY_MEASURE_WITH_UNIT(LENGTH_MEASURE(0.005),#6938,
'DISTANCE_ACCURACY_VALUE','Maximum Tolerance applied to model');
#6936=(
NAMED_UNIT(*)
SI_UNIT($,.STERADIAN.)
SOLID_ANGLE_UNIT()
);
#6937=(
NAMED_UNIT(*)
PLANE_ANGLE_UNIT()
SI_UNIT($,.RADIAN.)
);
#6938=(
LENGTH_UNIT()
NAMED_UNIT(*)
SI_UNIT(.MILLI.,.METRE.)
);
#6939=PRODUCT_DEFINITION_SHAPE('','',#6940);
#6940=PRODUCT_DEFINITION('','',#6942,#6941);
#6941=PRODUCT_DEFINITION_CONTEXT('',#6948,'design');
#6942=PRODUCT_DEFINITION_FORMATION_WITH_SPECIFIED_SOURCE('','',#6944,
 .NOT_KNOWN.);
#6943=PRODUCT_RELATED_PRODUCT_CATEGORY('','',(#6944));
#6944=PRODUCT('G8PM-1AW7R DC12','G8PM-1AW7R DC12','G8PM-1AW7R DC12',(#6946));
#6945=PRODUCT_CATEGORY('','');
#6946=PRODUCT_CONTEXT('',#6948,'mechanical');
#6947=APPLICATION_PROTOCOL_DEFINITION('international standard',
'automotive_design',2010,#6948);
#6948=APPLICATION_CONTEXT(
'core data for automotive mechanical design processes');
ENDSEC;
END-ISO-10303-21;
