ISO-10303-21;
HEADER;
FILE_DESCRIPTION(('STEP AP214'),
    '1');
FILE_NAME('Hold_21700-3p_smd',
    '2025-08-05T13:03:25',
    (''),
    (''),
    'C3D Converter',
    'C3D Toolkit',
    '');
/**/
FILE_SCHEMA(('AUTOMOTIVE_DESIGN { 1 0 10303 214 3 1 1}'));
ENDSEC;

DATA;
#1=PRODUCT_DEFINITION('','UNSPECIFIED',#25,#28);
#2=SHAPE_DEFINITION_REPRESENTATION(#13,#3);
#3=SHAPE_REPRESENTATION('NONE',(#4,#50,#133,#215,#297,#323,#349,#488,#514,#540,#566),
#8);
#4=AXIS2_PLACEMENT_3D('',#5,#6,#7);
#5=CARTESIAN_POINT('',(0.,0.,0.));
#6=DIRECTION('',(0.,0.,1.));
#7=DIRECTION('',(1.,0.,0.));
#8=(GEOMETRIC_REPRESENTATION_CONTEXT(3)GLOBAL_UNCERTAINTY_ASSIGNED_CONTEXT((#10))
GLOBAL_UNIT_ASSIGNED_CONTEXT((#9,#11,#12))REPRESENTATION_CONTEXT('NONE','NONE'));
#9=(LENGTH_UNIT()NAMED_UNIT(*)SI_UNIT(.MILLI.,.METRE.));
#10=UNCERTAINTY_MEASURE_WITH_UNIT(LENGTH_MEASURE(1.E-5),#9,'NONE','NONE');
#11=(NAMED_UNIT(*)PLANE_ANGLE_UNIT()SI_UNIT($,.RADIAN.));
#12=(NAMED_UNIT(*)SI_UNIT($,.STERADIAN.)SOLID_ANGLE_UNIT());
#13=PRODUCT_DEFINITION_SHAPE('NONE','NONE',#1);
#14=DERIVED_UNIT((#18,#15));
#15=DERIVED_UNIT_ELEMENT(#16,-1.);
#16=VOLUME_UNIT(#17);
#17=DIMENSIONAL_EXPONENTS(3.,0.,0.,0.,0.,0.,0.);
#18=(NAMED_UNIT($)MASS_UNIT()SI_UNIT($,.GRAM.));
#19=(MEASURE_REPRESENTATION_ITEM()MEASURE_WITH_UNIT(NUMERIC_MEASURE(0.00785599999999986),
#14)REPRESENTATION_ITEM(''));
#20=MATERIAL_PROPERTY('NONE','NONE',#13);
#21=MATERIAL_PROPERTY_REPRESENTATION(#20,#22,$);
#22=REPRESENTATION('NONE',(#19),#23);
#23=GLOBAL_UNIT_ASSIGNED_CONTEXT('NONE','NONE',(#9,#14));
#24=MECHANICAL_CONTEXT('NONE',#29,'mechanical');
#25=PRODUCT_DEFINITION_FORMATION_WITH_SPECIFIED_SOURCE('ANY','UNSPECIFIED',#26,.NOT_KNOWN.);
#26=PRODUCT('','Hold_21700-3p_smd','NONE',(#24));
#27=PRODUCT_RELATED_PRODUCT_CATEGORY('assembly','',(#26));
#28=DESIGN_CONTEXT('detailed design',#29,'design');
#29=APPLICATION_CONTEXT('configuration controlled 3d designs of mechanical parts and assemblies');
#30=APPLICATION_PROTOCOL_DEFINITION('international standard','config_control_design',
1994,#29);
#31=CC_DESIGN_DATE_AND_TIME_ASSIGNMENT(#32,#36,(#1));
#32=DATE_AND_TIME(#33,#34);
#33=CALENDAR_DATE(0,1,1);
#34=LOCAL_TIME(0,0,0.,#35);
#35=COORDINATED_UNIVERSAL_TIME_OFFSET(0,0,.AHEAD.);
#36=DATE_TIME_ROLE('creation_date');
#37=CC_DESIGN_APPROVAL(#38,(#1));
#38=APPROVAL(#39,'UNSPECIFIED');
#39=APPROVAL_STATUS('not_yet_approved');
#40=APPROVAL_DATE_TIME(#41,#38);
#41=DATE_AND_TIME(#42,#43);
#42=CALENDAR_DATE(0,1,1);
#43=LOCAL_TIME(0,0,0.,#44);
#44=COORDINATED_UNIVERSAL_TIME_OFFSET(0,0,.AHEAD.);
#45=PERSON('UNSPECIFIED','UNSPECIFIED','UNSPECIFIED',('UNSPECIFIED'),('UNSPECIFIED'),
('UNSPECIFIED'));
#46=ORGANIZATION('UNSPECIFIED','UNSPECIFIED','UNSPECIFIED');
#47=PERSON_AND_ORGANIZATION(#45,#46);
#48=PERSON_AND_ORGANIZATION_ROLE('creator');
#49=CC_DESIGN_PERSON_AND_ORGANIZATION_ASSIGNMENT(#47,#48,(#25,#1));
#50=AXIS2_PLACEMENT_3D('',#51,#52,#53);
#51=CARTESIAN_POINT('',(-23.,-40.,0.8));
#52=DIRECTION('',(0.,0.,1.));
#53=DIRECTION('',(1.,0.,0.));
#54=PRODUCT_DEFINITION('','UNSPECIFIED',#86,#89);
#55=SHAPE_DEFINITION_REPRESENTATION(#79,#56);
#56=SHAPE_REPRESENTATION('NONE',(#4),#8);
#57=MANIFOLD_SOLID_BREP('',#67);
#58=(MEASURE_REPRESENTATION_ITEM()MEASURE_WITH_UNIT(NUMERIC_MEASURE(0.00781999999999988),
#14)REPRESENTATION_ITEM(''));
#59=SHAPE_ASPECT('','',#54,.F.);
#60=PROPERTY_DEFINITION('NONE','NONE',#59);
#61=PROPERTY_DEFINITION_REPRESENTATION(#60,#62);
#62=REPRESENTATION('NONE',(#57),$);
#63=MATERIAL_PROPERTY('NONE','NONE',#59);
#64=MATERIAL_PROPERTY_REPRESENTATION(#63,#65,$);
#65=REPRESENTATION('NONE',(#58),#66);
#66=GLOBAL_UNIT_ASSIGNED_CONTEXT('NONE','NONE',(#9,#14));
#67=CLOSED_SHELL('',(#592,#593,#594,#595,#596,#597,#598,#599,#600,#601,#602,#603,
#604,#605,#606,#607,#608,#609,#610,#611,#612,#613,#614,#615,#616,#617,#618,#619,
#620,#621,#622,#623,#624,#625,#626,#627,#628,#629,#630,#631,#632,#633,#634,#635,
#636,#637,#638,#639,#640,#641,#642,#643,#644,#645,#646,#647,#648,#649,#650,#651,
#652,#653,#654,#655,#656,#657,#658,#659,#660,#661,#662,#663,#664,#665,#666,#667,
#668,#669,#670,#671,#672,#673,#674,#675,#676,#677,#678,#679,#680,#681,#682,#683,
#684,#685,#686,#687,#688,#689,#690,#691,#692,#693,#694,#695,#696,#697,#698,#699,
#700,#701,#702,#703,#704,#705,#706,#707,#708,#709,#710,#711,#712,#713));
#68=COLOUR_RGB('',1.,0.8,0.6);
#69=FILL_AREA_STYLE_COLOUR('',#68);
#70=FILL_AREA_STYLE($,(#69));
#71=SURFACE_STYLE_FILL_AREA(#70);
#72=SURFACE_SIDE_STYLE('',(#71));
#73=SURFACE_STYLE_USAGE(.BOTH.,#72);
#74=PRESENTATION_STYLE_ASSIGNMENT((#73));
#75=MECHANICAL_DESIGN_GEOMETRIC_PRESENTATION_REPRESENTATION('NONE',(#76,#158,#240,
#374,#393,#412,#431,#1027,#1036,#1045,#1054,#1063,#1072,#1081,#1090,#1099,#1108,
#1117,#1126,#1135,#1144,#1153,#1162,#1171,#1180,#1189,#1198,#1207,#1216,#1225,#1234,
#1243,#1252,#1261,#1270,#1279,#1288,#1297,#1306,#1315,#1324,#1333,#1342,#1351,#1360,
#1369,#1378,#1387,#1396,#1405,#1414,#1423,#1432,#1441,#1450,#1459,#1468,#1477,#1486,
#1495,#1504,#1513,#1522,#1531,#1540,#1549,#1558,#1567,#1576,#1585,#1594,#1603,#1612,
#1621,#1630,#1639,#1648,#1657,#1666),#8);
#76=STYLED_ITEM('',(#74),#57);
#77=ADVANCED_BREP_SHAPE_REPRESENTATION('NONE',(#57),#8);
#78=SHAPE_REPRESENTATION_RELATIONSHIP('','',#56,#77);
#79=PRODUCT_DEFINITION_SHAPE('NONE','NONE',#54);
#80=(MEASURE_REPRESENTATION_ITEM()MEASURE_WITH_UNIT(NUMERIC_MEASURE(0.00781999999999989),
#14)REPRESENTATION_ITEM(''));
#81=MATERIAL_PROPERTY('NONE','NONE',#79);
#82=MATERIAL_PROPERTY_REPRESENTATION(#81,#83,$);
#83=REPRESENTATION('NONE',(#80),#84);
#84=GLOBAL_UNIT_ASSIGNED_CONTEXT('NONE','NONE',(#9,#14));
#85=MECHANICAL_CONTEXT('NONE',#90,'mechanical');
#86=PRODUCT_DEFINITION_FORMATION_WITH_SPECIFIED_SOURCE('ANY','UNSPECIFIED',#87,.NOT_KNOWN.);
#87=PRODUCT('','Hold_21700_Con_smd_m','NONE',(#85));
#88=PRODUCT_RELATED_PRODUCT_CATEGORY('detail','',(#87));
#89=DESIGN_CONTEXT('detailed design',#90,'design');
#90=APPLICATION_CONTEXT('configuration controlled 3d designs of mechanical parts and assemblies');
#91=APPLICATION_PROTOCOL_DEFINITION('international standard','config_control_design',
1994,#90);
#92=CC_DESIGN_DATE_AND_TIME_ASSIGNMENT(#93,#97,(#54));
#93=DATE_AND_TIME(#94,#95);
#94=CALENDAR_DATE(0,1,1);
#95=LOCAL_TIME(0,0,0.,#96);
#96=COORDINATED_UNIVERSAL_TIME_OFFSET(0,0,.AHEAD.);
#97=DATE_TIME_ROLE('creation_date');
#98=CC_DESIGN_APPROVAL(#99,(#54));
#99=APPROVAL(#100,'UNSPECIFIED');
#100=APPROVAL_STATUS('not_yet_approved');
#101=APPROVAL_DATE_TIME(#102,#99);
#102=DATE_AND_TIME(#103,#104);
#103=CALENDAR_DATE(0,1,1);
#104=LOCAL_TIME(0,0,0.,#105);
#105=COORDINATED_UNIVERSAL_TIME_OFFSET(0,0,.AHEAD.);
#106=PERSON('UNSPECIFIED','nick','UNSPECIFIED',('UNSPECIFIED'),('UNSPECIFIED'),(
'UNSPECIFIED'));
#107=ORGANIZATION('UNSPECIFIED','home','UNSPECIFIED');
#108=PERSON_AND_ORGANIZATION(#106,#107);
#109=PERSON_AND_ORGANIZATION_ROLE('creator');
#110=CC_DESIGN_PERSON_AND_ORGANIZATION_ASSIGNMENT(#108,#109,(#86,#54));
#111=ITEM_DEFINED_TRANSFORMATION('','',#4,#50);
#112=(REPRESENTATION_RELATIONSHIP('','',#56,#3)REPRESENTATION_RELATIONSHIP_WITH_TRANSFORMATION(
#111)SHAPE_REPRESENTATION_RELATIONSHIP());
#113=NEXT_ASSEMBLY_USAGE_OCCURRENCE('ANY','Hold_21700-3p_smd','',#1,#54,'');
#114=CC_DESIGN_SECURITY_CLASSIFICATION(#115,(#113));
#115=SECURITY_CLASSIFICATION('','',#116);
#116=SECURITY_CLASSIFICATION_LEVEL('unclassified');
#117=CC_DESIGN_DATE_AND_TIME_ASSIGNMENT(#118,#122,(#115));
#118=DATE_AND_TIME(#119,#120);
#119=CALENDAR_DATE(0,1,1);
#120=LOCAL_TIME(0,0,0.,#121);
#121=COORDINATED_UNIVERSAL_TIME_OFFSET(0,0,.AHEAD.);
#122=DATE_TIME_ROLE('classification_date');
#123=CC_DESIGN_APPROVAL(#124,(#115));
#124=APPROVAL(#125,'UNSPECIFIED');
#125=APPROVAL_STATUS('not_yet_approved');
#126=APPROVAL_DATE_TIME(#127,#124);
#127=DATE_AND_TIME(#128,#129);
#128=CALENDAR_DATE(0,1,1);
#129=LOCAL_TIME(0,0,0.,#130);
#130=COORDINATED_UNIVERSAL_TIME_OFFSET(0,0,.AHEAD.);
#131=PRODUCT_DEFINITION_SHAPE('NONE','NONE',#113);
#132=CONTEXT_DEPENDENT_SHAPE_REPRESENTATION(#112,#131);
#133=AXIS2_PLACEMENT_3D('',#134,#135,#136);
#134=CARTESIAN_POINT('',(-23.,40.,0.8));
#135=DIRECTION('',(0.,0.,1.));
#136=DIRECTION('',(-1.,1.22464679914735E-16,0.));
#137=PRODUCT_DEFINITION('','UNSPECIFIED',#168,#171);
#138=SHAPE_DEFINITION_REPRESENTATION(#161,#139);
#139=SHAPE_REPRESENTATION('NONE',(#4),#8);
#140=MANIFOLD_SOLID_BREP('',#150);
#141=(MEASURE_REPRESENTATION_ITEM()MEASURE_WITH_UNIT(NUMERIC_MEASURE(0.00781999999999989),
#14)REPRESENTATION_ITEM(''));
#142=SHAPE_ASPECT('','',#137,.F.);
#143=PROPERTY_DEFINITION('NONE','NONE',#142);
#144=PROPERTY_DEFINITION_REPRESENTATION(#143,#145);
#145=REPRESENTATION('NONE',(#140),$);
#146=MATERIAL_PROPERTY('NONE','NONE',#142);
#147=MATERIAL_PROPERTY_REPRESENTATION(#146,#148,$);
#148=REPRESENTATION('NONE',(#141),#149);
#149=GLOBAL_UNIT_ASSIGNED_CONTEXT('NONE','NONE',(#9,#14));
#150=CLOSED_SHELL('',(#714,#715,#716,#717,#718,#719,#720,#721,#722,#723,#724,#725,
#726,#727,#728,#729,#730,#731,#732,#733,#734,#735,#736,#737,#738,#739,#740,#741,
#742,#743,#744,#745,#746,#747,#748,#749,#750,#751,#752,#753,#754,#755,#756,#757,
#758,#759,#760,#761,#762,#763,#764,#765,#766,#767,#768,#769));
#151=COLOUR_RGB('',1.,0.8,0.6);
#152=FILL_AREA_STYLE_COLOUR('',#151);
#153=FILL_AREA_STYLE($,(#152));
#154=SURFACE_STYLE_FILL_AREA(#153);
#155=SURFACE_SIDE_STYLE('',(#154));
#156=SURFACE_STYLE_USAGE(.BOTH.,#155);
#157=PRESENTATION_STYLE_ASSIGNMENT((#156));
#158=STYLED_ITEM('',(#157),#140);
#159=ADVANCED_BREP_SHAPE_REPRESENTATION('NONE',(#140),#8);
#160=SHAPE_REPRESENTATION_RELATIONSHIP('','',#139,#159);
#161=PRODUCT_DEFINITION_SHAPE('NONE','NONE',#137);
#162=(MEASURE_REPRESENTATION_ITEM()MEASURE_WITH_UNIT(NUMERIC_MEASURE(0.00781999999999989),
#14)REPRESENTATION_ITEM(''));
#163=MATERIAL_PROPERTY('NONE','NONE',#161);
#164=MATERIAL_PROPERTY_REPRESENTATION(#163,#165,$);
#165=REPRESENTATION('NONE',(#162),#166);
#166=GLOBAL_UNIT_ASSIGNED_CONTEXT('NONE','NONE',(#9,#14));
#167=MECHANICAL_CONTEXT('NONE',#172,'mechanical');
#168=PRODUCT_DEFINITION_FORMATION_WITH_SPECIFIED_SOURCE('ANY','UNSPECIFIED',#169,
.NOT_KNOWN.);
#169=PRODUCT('','Hold_21700_Con_smd_p','NONE',(#167));
#170=PRODUCT_RELATED_PRODUCT_CATEGORY('detail','',(#169));
#171=DESIGN_CONTEXT('detailed design',#172,'design');
#172=APPLICATION_CONTEXT('configuration controlled 3d designs of mechanical parts and assemblies');
#173=APPLICATION_PROTOCOL_DEFINITION('international standard','config_control_design',
1994,#172);
#174=CC_DESIGN_DATE_AND_TIME_ASSIGNMENT(#175,#179,(#137));
#175=DATE_AND_TIME(#176,#177);
#176=CALENDAR_DATE(0,1,1);
#177=LOCAL_TIME(0,0,0.,#178);
#178=COORDINATED_UNIVERSAL_TIME_OFFSET(0,0,.AHEAD.);
#179=DATE_TIME_ROLE('creation_date');
#180=CC_DESIGN_APPROVAL(#181,(#137));
#181=APPROVAL(#182,'UNSPECIFIED');
#182=APPROVAL_STATUS('not_yet_approved');
#183=APPROVAL_DATE_TIME(#184,#181);
#184=DATE_AND_TIME(#185,#186);
#185=CALENDAR_DATE(0,1,1);
#186=LOCAL_TIME(0,0,0.,#187);
#187=COORDINATED_UNIVERSAL_TIME_OFFSET(0,0,.AHEAD.);
#188=PERSON('UNSPECIFIED','nick','UNSPECIFIED',('UNSPECIFIED'),('UNSPECIFIED'),(
'UNSPECIFIED'));
#189=ORGANIZATION('UNSPECIFIED','home','UNSPECIFIED');
#190=PERSON_AND_ORGANIZATION(#188,#189);
#191=PERSON_AND_ORGANIZATION_ROLE('creator');
#192=CC_DESIGN_PERSON_AND_ORGANIZATION_ASSIGNMENT(#190,#191,(#168,#137));
#193=ITEM_DEFINED_TRANSFORMATION('','',#4,#133);
#194=(REPRESENTATION_RELATIONSHIP('','',#139,#3)REPRESENTATION_RELATIONSHIP_WITH_TRANSFORMATION(
#193)SHAPE_REPRESENTATION_RELATIONSHIP());
#195=NEXT_ASSEMBLY_USAGE_OCCURRENCE('ANY','Hold_21700-3p_smd','',#1,#137,'');
#196=CC_DESIGN_SECURITY_CLASSIFICATION(#197,(#195));
#197=SECURITY_CLASSIFICATION('','',#198);
#198=SECURITY_CLASSIFICATION_LEVEL('unclassified');
#199=CC_DESIGN_DATE_AND_TIME_ASSIGNMENT(#200,#204,(#197));
#200=DATE_AND_TIME(#201,#202);
#201=CALENDAR_DATE(0,1,1);
#202=LOCAL_TIME(0,0,0.,#203);
#203=COORDINATED_UNIVERSAL_TIME_OFFSET(0,0,.AHEAD.);
#204=DATE_TIME_ROLE('classification_date');
#205=CC_DESIGN_APPROVAL(#206,(#197));
#206=APPROVAL(#207,'UNSPECIFIED');
#207=APPROVAL_STATUS('not_yet_approved');
#208=APPROVAL_DATE_TIME(#209,#206);
#209=DATE_AND_TIME(#210,#211);
#210=CALENDAR_DATE(0,1,1);
#211=LOCAL_TIME(0,0,0.,#212);
#212=COORDINATED_UNIVERSAL_TIME_OFFSET(0,0,.AHEAD.);
#213=PRODUCT_DEFINITION_SHAPE('NONE','NONE',#195);
#214=CONTEXT_DEPENDENT_SHAPE_REPRESENTATION(#194,#213);
#215=AXIS2_PLACEMENT_3D('',#216,#217,#218);
#216=CARTESIAN_POINT('',(0.,0.,0.));
#217=DIRECTION('',(0.,0.,1.));
#218=DIRECTION('',(1.,0.,0.));
#219=PRODUCT_DEFINITION('','UNSPECIFIED',#250,#253);
#220=SHAPE_DEFINITION_REPRESENTATION(#243,#221);
#221=SHAPE_REPRESENTATION('NONE',(#4),#8);
#222=MANIFOLD_SOLID_BREP('',#232);
#223=(MEASURE_REPRESENTATION_ITEM()MEASURE_WITH_UNIT(NUMERIC_MEASURE(0.00781999999999987),
#14)REPRESENTATION_ITEM(''));
#224=SHAPE_ASPECT('','',#219,.F.);
#225=PROPERTY_DEFINITION('NONE','NONE',#224);
#226=PROPERTY_DEFINITION_REPRESENTATION(#225,#227);
#227=REPRESENTATION('NONE',(#222),$);
#228=MATERIAL_PROPERTY('NONE','NONE',#224);
#229=MATERIAL_PROPERTY_REPRESENTATION(#228,#230,$);
#230=REPRESENTATION('NONE',(#223),#231);
#231=GLOBAL_UNIT_ASSIGNED_CONTEXT('NONE','NONE',(#9,#14));
#232=CLOSED_SHELL('',(#770,#771,#772,#773,#774,#775,#776,#777,#778,#779,#780,#781,
#782,#783,#784,#785,#786,#787,#788,#789,#790,#791,#792,#793,#794,#795,#796,#797,
#798,#799,#800,#801,#802,#803,#804,#805,#806,#807,#808,#809,#810,#811,#812,#813,
#814,#815,#816,#817,#818,#819,#820,#821,#822,#823,#824,#825,#826,#827,#828,#829,
#830,#831,#832,#833,#834,#835,#836,#837,#838,#839,#840,#841,#842,#843,#844,#845,
#846,#847,#848,#849,#850,#851,#852,#853,#854,#855,#856,#857,#858,#859,#860,#861,
#862,#863,#864,#865,#866,#867,#868,#869,#870,#871,#872,#873,#874,#875,#876,#877,
#878,#879,#880,#881,#882,#883,#884,#885,#886,#887,#888,#889,#890,#891,#892,#893,
#894,#895,#896,#897,#898,#899,#900,#901,#902,#903,#904,#905,#906,#907,#908,#909,
#910,#911,#912,#913,#914,#915,#916,#917,#918,#919,#920,#921,#922,#923,#924,#925,
#926,#927,#928,#929,#930,#931,#932,#933,#934,#935,#936,#937,#938,#939,#940,#941,
#942,#943,#944,#945,#946,#947,#948,#949,#950,#951,#952,#953,#954,#955,#956,#957,
#958,#959,#960,#961,#962,#963,#964,#965,#966,#967,#968,#969,#970,#971,#972,#973,
#974,#975,#976,#977,#978,#979,#980,#981,#982,#983,#984,#985,#986,#987,#988,#989,
#990,#991,#992,#993,#994,#995,#996,#997,#998,#999,#1000,#1001,#1002,#1003,#1004,
#1005,#1006,#1007,#1008,#1009,#1010,#1011,#1012,#1013,#1014,#1015,#1016,#1017,#1018));
#233=COLOUR_RGB('',0.141176470588235,0.141176470588235,0.141176470588235);
#234=FILL_AREA_STYLE_COLOUR('',#233);
#235=FILL_AREA_STYLE($,(#234));
#236=SURFACE_STYLE_FILL_AREA(#235);
#237=SURFACE_SIDE_STYLE('',(#236));
#238=SURFACE_STYLE_USAGE(.BOTH.,#237);
#239=PRESENTATION_STYLE_ASSIGNMENT((#238));
#240=STYLED_ITEM('',(#239),#222);
#241=ADVANCED_BREP_SHAPE_REPRESENTATION('NONE',(#222),#8);
#242=SHAPE_REPRESENTATION_RELATIONSHIP('','',#221,#241);
#243=PRODUCT_DEFINITION_SHAPE('NONE','NONE',#219);
#244=(MEASURE_REPRESENTATION_ITEM()MEASURE_WITH_UNIT(NUMERIC_MEASURE(0.00781999999999987),
#14)REPRESENTATION_ITEM(''));
#245=MATERIAL_PROPERTY('NONE','NONE',#243);
#246=MATERIAL_PROPERTY_REPRESENTATION(#245,#247,$);
#247=REPRESENTATION('NONE',(#244),#248);
#248=GLOBAL_UNIT_ASSIGNED_CONTEXT('NONE','NONE',(#9,#14));
#249=MECHANICAL_CONTEXT('NONE',#254,'mechanical');
#250=PRODUCT_DEFINITION_FORMATION_WITH_SPECIFIED_SOURCE('ANY','UNSPECIFIED',#251,
.NOT_KNOWN.);
#251=PRODUCT('','Hold_21700-3p_smd','NONE',(#249));
#252=PRODUCT_RELATED_PRODUCT_CATEGORY('detail','',(#251));
#253=DESIGN_CONTEXT('detailed design',#254,'design');
#254=APPLICATION_CONTEXT('configuration controlled 3d designs of mechanical parts and assemblies');
#255=APPLICATION_PROTOCOL_DEFINITION('international standard','config_control_design',
1994,#254);
#256=CC_DESIGN_DATE_AND_TIME_ASSIGNMENT(#257,#261,(#219));
#257=DATE_AND_TIME(#258,#259);
#258=CALENDAR_DATE(0,1,1);
#259=LOCAL_TIME(0,0,0.,#260);
#260=COORDINATED_UNIVERSAL_TIME_OFFSET(0,0,.AHEAD.);
#261=DATE_TIME_ROLE('creation_date');
#262=CC_DESIGN_APPROVAL(#263,(#219));
#263=APPROVAL(#264,'UNSPECIFIED');
#264=APPROVAL_STATUS('not_yet_approved');
#265=APPROVAL_DATE_TIME(#266,#263);
#266=DATE_AND_TIME(#267,#268);
#267=CALENDAR_DATE(0,1,1);
#268=LOCAL_TIME(0,0,0.,#269);
#269=COORDINATED_UNIVERSAL_TIME_OFFSET(0,0,.AHEAD.);
#270=PERSON('UNSPECIFIED','nick','UNSPECIFIED',('UNSPECIFIED'),('UNSPECIFIED'),(
'UNSPECIFIED'));
#271=ORGANIZATION('UNSPECIFIED','home','UNSPECIFIED');
#272=PERSON_AND_ORGANIZATION(#270,#271);
#273=PERSON_AND_ORGANIZATION_ROLE('creator');
#274=CC_DESIGN_PERSON_AND_ORGANIZATION_ASSIGNMENT(#272,#273,(#250,#219));
#275=ITEM_DEFINED_TRANSFORMATION('','',#4,#215);
#276=(REPRESENTATION_RELATIONSHIP('','',#221,#3)REPRESENTATION_RELATIONSHIP_WITH_TRANSFORMATION(
#275)SHAPE_REPRESENTATION_RELATIONSHIP());
#277=NEXT_ASSEMBLY_USAGE_OCCURRENCE('ANY','Hold_21700-3p_smd','',#1,#219,'');
#278=CC_DESIGN_SECURITY_CLASSIFICATION(#279,(#277));
#279=SECURITY_CLASSIFICATION('','',#280);
#280=SECURITY_CLASSIFICATION_LEVEL('unclassified');
#281=CC_DESIGN_DATE_AND_TIME_ASSIGNMENT(#282,#286,(#279));
#282=DATE_AND_TIME(#283,#284);
#283=CALENDAR_DATE(0,1,1);
#284=LOCAL_TIME(0,0,0.,#285);
#285=COORDINATED_UNIVERSAL_TIME_OFFSET(0,0,.AHEAD.);
#286=DATE_TIME_ROLE('classification_date');
#287=CC_DESIGN_APPROVAL(#288,(#279));
#288=APPROVAL(#289,'UNSPECIFIED');
#289=APPROVAL_STATUS('not_yet_approved');
#290=APPROVAL_DATE_TIME(#291,#288);
#291=DATE_AND_TIME(#292,#293);
#292=CALENDAR_DATE(0,1,1);
#293=LOCAL_TIME(0,0,0.,#294);
#294=COORDINATED_UNIVERSAL_TIME_OFFSET(0,0,.AHEAD.);
#295=PRODUCT_DEFINITION_SHAPE('NONE','NONE',#277);
#296=CONTEXT_DEPENDENT_SHAPE_REPRESENTATION(#276,#295);
#297=AXIS2_PLACEMENT_3D('',#298,#299,#300);
#298=CARTESIAN_POINT('',(23.,-40.,0.8));
#299=DIRECTION('',(0.,0.,1.));
#300=DIRECTION('',(1.,0.,0.));
#301=ITEM_DEFINED_TRANSFORMATION('','',#4,#297);
#302=(REPRESENTATION_RELATIONSHIP('','',#56,#3)REPRESENTATION_RELATIONSHIP_WITH_TRANSFORMATION(
#301)SHAPE_REPRESENTATION_RELATIONSHIP());
#303=NEXT_ASSEMBLY_USAGE_OCCURRENCE('ANY','Hold_21700-3p_smd','',#1,#54,'');
#304=CC_DESIGN_SECURITY_CLASSIFICATION(#305,(#303));
#305=SECURITY_CLASSIFICATION('','',#306);
#306=SECURITY_CLASSIFICATION_LEVEL('unclassified');
#307=CC_DESIGN_DATE_AND_TIME_ASSIGNMENT(#308,#312,(#305));
#308=DATE_AND_TIME(#309,#310);
#309=CALENDAR_DATE(0,1,1);
#310=LOCAL_TIME(0,0,0.,#311);
#311=COORDINATED_UNIVERSAL_TIME_OFFSET(0,0,.AHEAD.);
#312=DATE_TIME_ROLE('classification_date');
#313=CC_DESIGN_APPROVAL(#314,(#305));
#314=APPROVAL(#315,'UNSPECIFIED');
#315=APPROVAL_STATUS('not_yet_approved');
#316=APPROVAL_DATE_TIME(#317,#314);
#317=DATE_AND_TIME(#318,#319);
#318=CALENDAR_DATE(0,1,1);
#319=LOCAL_TIME(0,0,0.,#320);
#320=COORDINATED_UNIVERSAL_TIME_OFFSET(0,0,.AHEAD.);
#321=PRODUCT_DEFINITION_SHAPE('NONE','NONE',#303);
#322=CONTEXT_DEPENDENT_SHAPE_REPRESENTATION(#302,#321);
#323=AXIS2_PLACEMENT_3D('',#324,#325,#326);
#324=CARTESIAN_POINT('',(23.,40.,0.8));
#325=DIRECTION('',(0.,0.,1.));
#326=DIRECTION('',(-1.,1.22464679914735E-16,0.));
#327=ITEM_DEFINED_TRANSFORMATION('','',#4,#323);
#328=(REPRESENTATION_RELATIONSHIP('','',#139,#3)REPRESENTATION_RELATIONSHIP_WITH_TRANSFORMATION(
#327)SHAPE_REPRESENTATION_RELATIONSHIP());
#329=NEXT_ASSEMBLY_USAGE_OCCURRENCE('ANY','Hold_21700-3p_smd','',#1,#137,'');
#330=CC_DESIGN_SECURITY_CLASSIFICATION(#331,(#329));
#331=SECURITY_CLASSIFICATION('','',#332);
#332=SECURITY_CLASSIFICATION_LEVEL('unclassified');
#333=CC_DESIGN_DATE_AND_TIME_ASSIGNMENT(#334,#338,(#331));
#334=DATE_AND_TIME(#335,#336);
#335=CALENDAR_DATE(0,1,1);
#336=LOCAL_TIME(0,0,0.,#337);
#337=COORDINATED_UNIVERSAL_TIME_OFFSET(0,0,.AHEAD.);
#338=DATE_TIME_ROLE('classification_date');
#339=CC_DESIGN_APPROVAL(#340,(#331));
#340=APPROVAL(#341,'UNSPECIFIED');
#341=APPROVAL_STATUS('not_yet_approved');
#342=APPROVAL_DATE_TIME(#343,#340);
#343=DATE_AND_TIME(#344,#345);
#344=CALENDAR_DATE(0,1,1);
#345=LOCAL_TIME(0,0,0.,#346);
#346=COORDINATED_UNIVERSAL_TIME_OFFSET(0,0,.AHEAD.);
#347=PRODUCT_DEFINITION_SHAPE('NONE','NONE',#329);
#348=CONTEXT_DEPENDENT_SHAPE_REPRESENTATION(#328,#347);
#349=AXIS2_PLACEMENT_3D('',#350,#351,#352);
#350=CARTESIAN_POINT('',(-23.,36.5,10.5));
#351=DIRECTION('',(0.,1.,6.12323399573677E-17));
#352=DIRECTION('',(0.,6.12323399573677E-17,-1.));
#353=PRODUCT_DEFINITION('','UNSPECIFIED',#441,#444);
#354=SHAPE_DEFINITION_REPRESENTATION(#434,#355);
#355=SHAPE_REPRESENTATION('NONE',(#4),#8);
#356=MANIFOLD_SOLID_BREP('',#366);
#357=(MEASURE_REPRESENTATION_ITEM()MEASURE_WITH_UNIT(NUMERIC_MEASURE(0.00781999999999992),
#14)REPRESENTATION_ITEM(''));
#358=SHAPE_ASPECT('','',#353,.F.);
#359=PROPERTY_DEFINITION('NONE','NONE',#358);
#360=PROPERTY_DEFINITION_REPRESENTATION(#359,#361);
#361=REPRESENTATION('NONE',(#356),$);
#362=MATERIAL_PROPERTY('NONE','NONE',#358);
#363=MATERIAL_PROPERTY_REPRESENTATION(#362,#364,$);
#364=REPRESENTATION('NONE',(#357),#365);
#365=GLOBAL_UNIT_ASSIGNED_CONTEXT('NONE','NONE',(#9,#14));
#366=CLOSED_SHELL('',(#1019,#1028,#1037));
#367=COLOUR_RGB('',0.564705882352941,0.564705882352941,0.564705882352941);
#368=FILL_AREA_STYLE_COLOUR('',#367);
#369=FILL_AREA_STYLE($,(#368));
#370=SURFACE_STYLE_FILL_AREA(#369);
#371=SURFACE_SIDE_STYLE('',(#370));
#372=SURFACE_STYLE_USAGE(.BOTH.,#371);
#373=PRESENTATION_STYLE_ASSIGNMENT((#372));
#374=STYLED_ITEM('',(#373),#356);
#375=MANIFOLD_SOLID_BREP('',#385);
#376=(MEASURE_REPRESENTATION_ITEM()MEASURE_WITH_UNIT(NUMERIC_MEASURE(0.00781999999999992),
#14)REPRESENTATION_ITEM(''));
#377=SHAPE_ASPECT('','',#353,.F.);
#378=PROPERTY_DEFINITION('NONE','NONE',#377);
#379=PROPERTY_DEFINITION_REPRESENTATION(#378,#380);
#380=REPRESENTATION('NONE',(#375),$);
#381=MATERIAL_PROPERTY('NONE','NONE',#377);
#382=MATERIAL_PROPERTY_REPRESENTATION(#381,#383,$);
#383=REPRESENTATION('NONE',(#376),#384);
#384=GLOBAL_UNIT_ASSIGNED_CONTEXT('NONE','NONE',(#9,#14));
#385=CLOSED_SHELL('',(#1046,#1055,#1064,#1073,#1082,#1091,#1100,#1109,#1118,#1127,
#1136,#1145,#1154,#1163,#1172,#1181,#1190,#1199,#1208,#1217,#1226,#1235));
#386=COLOUR_RGB('',0.564705882352941,0.564705882352941,0.564705882352941);
#387=FILL_AREA_STYLE_COLOUR('',#386);
#388=FILL_AREA_STYLE($,(#387));
#389=SURFACE_STYLE_FILL_AREA(#388);
#390=SURFACE_SIDE_STYLE('',(#389));
#391=SURFACE_STYLE_USAGE(.BOTH.,#390);
#392=PRESENTATION_STYLE_ASSIGNMENT((#391));
#393=STYLED_ITEM('',(#392),#375);
#394=MANIFOLD_SOLID_BREP('',#404);
#395=(MEASURE_REPRESENTATION_ITEM()MEASURE_WITH_UNIT(NUMERIC_MEASURE(0.00781999999999992),
#14)REPRESENTATION_ITEM(''));
#396=SHAPE_ASPECT('','',#353,.F.);
#397=PROPERTY_DEFINITION('NONE','NONE',#396);
#398=PROPERTY_DEFINITION_REPRESENTATION(#397,#399);
#399=REPRESENTATION('NONE',(#394),$);
#400=MATERIAL_PROPERTY('NONE','NONE',#396);
#401=MATERIAL_PROPERTY_REPRESENTATION(#400,#402,$);
#402=REPRESENTATION('NONE',(#395),#403);
#403=GLOBAL_UNIT_ASSIGNED_CONTEXT('NONE','NONE',(#9,#14));
#404=CLOSED_SHELL('',(#1244,#1253,#1262,#1271,#1280));
#405=COLOUR_RGB('',0.564705882352941,0.564705882352941,0.564705882352941);
#406=FILL_AREA_STYLE_COLOUR('',#405);
#407=FILL_AREA_STYLE($,(#406));
#408=SURFACE_STYLE_FILL_AREA(#407);
#409=SURFACE_SIDE_STYLE('',(#408));
#410=SURFACE_STYLE_USAGE(.BOTH.,#409);
#411=PRESENTATION_STYLE_ASSIGNMENT((#410));
#412=STYLED_ITEM('',(#411),#394);
#413=MANIFOLD_SOLID_BREP('',#423);
#414=(MEASURE_REPRESENTATION_ITEM()MEASURE_WITH_UNIT(NUMERIC_MEASURE(0.00781999999999992),
#14)REPRESENTATION_ITEM(''));
#415=SHAPE_ASPECT('','',#353,.F.);
#416=PROPERTY_DEFINITION('NONE','NONE',#415);
#417=PROPERTY_DEFINITION_REPRESENTATION(#416,#418);
#418=REPRESENTATION('NONE',(#413),$);
#419=MATERIAL_PROPERTY('NONE','NONE',#415);
#420=MATERIAL_PROPERTY_REPRESENTATION(#419,#421,$);
#421=REPRESENTATION('NONE',(#414),#422);
#422=GLOBAL_UNIT_ASSIGNED_CONTEXT('NONE','NONE',(#9,#14));
#423=CLOSED_SHELL('',(#1289,#1298,#1307,#1316,#1325,#1334,#1343,#1352,#1361,#1370,
#1379,#1388,#1397,#1406,#1415,#1424,#1433,#1442,#1451,#1460,#1469,#1478,#1487,#1496,
#1505,#1514,#1523,#1532,#1541,#1550,#1559,#1568,#1577,#1586,#1595,#1604,#1613,#1622,
#1631,#1640,#1649,#1658));
#424=COLOUR_RGB('',0.564705882352941,0.564705882352941,0.564705882352941);
#425=FILL_AREA_STYLE_COLOUR('',#424);
#426=FILL_AREA_STYLE($,(#425));
#427=SURFACE_STYLE_FILL_AREA(#426);
#428=SURFACE_SIDE_STYLE('',(#427));
#429=SURFACE_STYLE_USAGE(.BOTH.,#428);
#430=PRESENTATION_STYLE_ASSIGNMENT((#429));
#431=STYLED_ITEM('',(#430),#413);
#432=ADVANCED_BREP_SHAPE_REPRESENTATION('NONE',(#356,#375,#394,#413),#8);
#433=SHAPE_REPRESENTATION_RELATIONSHIP('','',#355,#432);
#434=PRODUCT_DEFINITION_SHAPE('NONE','NONE',#353);
#435=(MEASURE_REPRESENTATION_ITEM()MEASURE_WITH_UNIT(NUMERIC_MEASURE(0.00781999999999992),
#14)REPRESENTATION_ITEM(''));
#436=MATERIAL_PROPERTY('NONE','NONE',#434);
#437=MATERIAL_PROPERTY_REPRESENTATION(#436,#438,$);
#438=REPRESENTATION('NONE',(#435),#439);
#439=GLOBAL_UNIT_ASSIGNED_CONTEXT('NONE','NONE',(#9,#14));
#440=MECHANICAL_CONTEXT('NONE',#445,'mechanical');
#441=PRODUCT_DEFINITION_FORMATION_WITH_SPECIFIED_SOURCE('ANY','UNSPECIFIED',#442,
.NOT_KNOWN.);
#442=PRODUCT('','21700','NONE',(#440));
#443=PRODUCT_RELATED_PRODUCT_CATEGORY('detail','',(#442));
#444=DESIGN_CONTEXT('detailed design',#445,'design');
#445=APPLICATION_CONTEXT('configuration controlled 3d designs of mechanical parts and assemblies');
#446=APPLICATION_PROTOCOL_DEFINITION('international standard','config_control_design',
1994,#445);
#447=CC_DESIGN_DATE_AND_TIME_ASSIGNMENT(#448,#452,(#353));
#448=DATE_AND_TIME(#449,#450);
#449=CALENDAR_DATE(0,1,1);
#450=LOCAL_TIME(0,0,0.,#451);
#451=COORDINATED_UNIVERSAL_TIME_OFFSET(0,0,.AHEAD.);
#452=DATE_TIME_ROLE('creation_date');
#453=CC_DESIGN_APPROVAL(#454,(#353));
#454=APPROVAL(#455,'UNSPECIFIED');
#455=APPROVAL_STATUS('not_yet_approved');
#456=APPROVAL_DATE_TIME(#457,#454);
#457=DATE_AND_TIME(#458,#459);
#458=CALENDAR_DATE(0,1,1);
#459=LOCAL_TIME(0,0,0.,#460);
#460=COORDINATED_UNIVERSAL_TIME_OFFSET(0,0,.AHEAD.);
#461=PERSON('UNSPECIFIED','nick','UNSPECIFIED',('UNSPECIFIED'),('UNSPECIFIED'),(
'UNSPECIFIED'));
#462=ORGANIZATION('UNSPECIFIED','home','UNSPECIFIED');
#463=PERSON_AND_ORGANIZATION(#461,#462);
#464=PERSON_AND_ORGANIZATION_ROLE('creator');
#465=CC_DESIGN_PERSON_AND_ORGANIZATION_ASSIGNMENT(#463,#464,(#441,#353));
#466=ITEM_DEFINED_TRANSFORMATION('','',#4,#349);
#467=(REPRESENTATION_RELATIONSHIP('','',#355,#3)REPRESENTATION_RELATIONSHIP_WITH_TRANSFORMATION(
#466)SHAPE_REPRESENTATION_RELATIONSHIP());
#468=NEXT_ASSEMBLY_USAGE_OCCURRENCE('ANY','Hold_21700-3p_smd','',#1,#353,'');
#469=CC_DESIGN_SECURITY_CLASSIFICATION(#470,(#468));
#470=SECURITY_CLASSIFICATION('','',#471);
#471=SECURITY_CLASSIFICATION_LEVEL('unclassified');
#472=CC_DESIGN_DATE_AND_TIME_ASSIGNMENT(#473,#477,(#470));
#473=DATE_AND_TIME(#474,#475);
#474=CALENDAR_DATE(0,1,1);
#475=LOCAL_TIME(0,0,0.,#476);
#476=COORDINATED_UNIVERSAL_TIME_OFFSET(0,0,.AHEAD.);
#477=DATE_TIME_ROLE('classification_date');
#478=CC_DESIGN_APPROVAL(#479,(#470));
#479=APPROVAL(#480,'UNSPECIFIED');
#480=APPROVAL_STATUS('not_yet_approved');
#481=APPROVAL_DATE_TIME(#482,#479);
#482=DATE_AND_TIME(#483,#484);
#483=CALENDAR_DATE(0,1,1);
#484=LOCAL_TIME(0,0,0.,#485);
#485=COORDINATED_UNIVERSAL_TIME_OFFSET(0,0,.AHEAD.);
#486=PRODUCT_DEFINITION_SHAPE('NONE','NONE',#468);
#487=CONTEXT_DEPENDENT_SHAPE_REPRESENTATION(#467,#486);
#488=AXIS2_PLACEMENT_3D('',#489,#490,#491);
#489=CARTESIAN_POINT('',(0.,-40.,0.8));
#490=DIRECTION('',(0.,0.,1.));
#491=DIRECTION('',(1.,0.,0.));
#492=ITEM_DEFINED_TRANSFORMATION('','',#4,#488);
#493=(REPRESENTATION_RELATIONSHIP('','',#139,#3)REPRESENTATION_RELATIONSHIP_WITH_TRANSFORMATION(
#492)SHAPE_REPRESENTATION_RELATIONSHIP());
#494=NEXT_ASSEMBLY_USAGE_OCCURRENCE('ANY','Hold_21700-3p_smd','',#1,#137,'');
#495=CC_DESIGN_SECURITY_CLASSIFICATION(#496,(#494));
#496=SECURITY_CLASSIFICATION('','',#497);
#497=SECURITY_CLASSIFICATION_LEVEL('unclassified');
#498=CC_DESIGN_DATE_AND_TIME_ASSIGNMENT(#499,#503,(#496));
#499=DATE_AND_TIME(#500,#501);
#500=CALENDAR_DATE(0,1,1);
#501=LOCAL_TIME(0,0,0.,#502);
#502=COORDINATED_UNIVERSAL_TIME_OFFSET(0,0,.AHEAD.);
#503=DATE_TIME_ROLE('classification_date');
#504=CC_DESIGN_APPROVAL(#505,(#496));
#505=APPROVAL(#506,'UNSPECIFIED');
#506=APPROVAL_STATUS('not_yet_approved');
#507=APPROVAL_DATE_TIME(#508,#505);
#508=DATE_AND_TIME(#509,#510);
#509=CALENDAR_DATE(0,1,1);
#510=LOCAL_TIME(0,0,0.,#511);
#511=COORDINATED_UNIVERSAL_TIME_OFFSET(0,0,.AHEAD.);
#512=PRODUCT_DEFINITION_SHAPE('NONE','NONE',#494);
#513=CONTEXT_DEPENDENT_SHAPE_REPRESENTATION(#493,#512);
#514=AXIS2_PLACEMENT_3D('',#515,#516,#517);
#515=CARTESIAN_POINT('',(0.,40.,0.8));
#516=DIRECTION('',(0.,0.,1.));
#517=DIRECTION('',(-1.,1.22464679914735E-16,0.));
#518=ITEM_DEFINED_TRANSFORMATION('','',#4,#514);
#519=(REPRESENTATION_RELATIONSHIP('','',#56,#3)REPRESENTATION_RELATIONSHIP_WITH_TRANSFORMATION(
#518)SHAPE_REPRESENTATION_RELATIONSHIP());
#520=NEXT_ASSEMBLY_USAGE_OCCURRENCE('ANY','Hold_21700-3p_smd','',#1,#54,'');
#521=CC_DESIGN_SECURITY_CLASSIFICATION(#522,(#520));
#522=SECURITY_CLASSIFICATION('','',#523);
#523=SECURITY_CLASSIFICATION_LEVEL('unclassified');
#524=CC_DESIGN_DATE_AND_TIME_ASSIGNMENT(#525,#529,(#522));
#525=DATE_AND_TIME(#526,#527);
#526=CALENDAR_DATE(0,1,1);
#527=LOCAL_TIME(0,0,0.,#528);
#528=COORDINATED_UNIVERSAL_TIME_OFFSET(0,0,.AHEAD.);
#529=DATE_TIME_ROLE('classification_date');
#530=CC_DESIGN_APPROVAL(#531,(#522));
#531=APPROVAL(#532,'UNSPECIFIED');
#532=APPROVAL_STATUS('not_yet_approved');
#533=APPROVAL_DATE_TIME(#534,#531);
#534=DATE_AND_TIME(#535,#536);
#535=CALENDAR_DATE(0,1,1);
#536=LOCAL_TIME(0,0,0.,#537);
#537=COORDINATED_UNIVERSAL_TIME_OFFSET(0,0,.AHEAD.);
#538=PRODUCT_DEFINITION_SHAPE('NONE','NONE',#520);
#539=CONTEXT_DEPENDENT_SHAPE_REPRESENTATION(#519,#538);
#540=AXIS2_PLACEMENT_3D('',#541,#542,#543);
#541=CARTESIAN_POINT('',(0.,-36.5,10.5));
#542=DIRECTION('',(0.,-1.,6.12323399573677E-17));
#543=DIRECTION('',(1.,0.,0.));
#544=ITEM_DEFINED_TRANSFORMATION('','',#4,#540);
#545=(REPRESENTATION_RELATIONSHIP('','',#355,#3)REPRESENTATION_RELATIONSHIP_WITH_TRANSFORMATION(
#544)SHAPE_REPRESENTATION_RELATIONSHIP());
#546=NEXT_ASSEMBLY_USAGE_OCCURRENCE('ANY','Hold_21700-3p_smd','',#1,#353,'');
#547=CC_DESIGN_SECURITY_CLASSIFICATION(#548,(#546));
#548=SECURITY_CLASSIFICATION('','',#549);
#549=SECURITY_CLASSIFICATION_LEVEL('unclassified');
#550=CC_DESIGN_DATE_AND_TIME_ASSIGNMENT(#551,#555,(#548));
#551=DATE_AND_TIME(#552,#553);
#552=CALENDAR_DATE(0,1,1);
#553=LOCAL_TIME(0,0,0.,#554);
#554=COORDINATED_UNIVERSAL_TIME_OFFSET(0,0,.AHEAD.);
#555=DATE_TIME_ROLE('classification_date');
#556=CC_DESIGN_APPROVAL(#557,(#548));
#557=APPROVAL(#558,'UNSPECIFIED');
#558=APPROVAL_STATUS('not_yet_approved');
#559=APPROVAL_DATE_TIME(#560,#557);
#560=DATE_AND_TIME(#561,#562);
#561=CALENDAR_DATE(0,1,1);
#562=LOCAL_TIME(0,0,0.,#563);
#563=COORDINATED_UNIVERSAL_TIME_OFFSET(0,0,.AHEAD.);
#564=PRODUCT_DEFINITION_SHAPE('NONE','NONE',#546);
#565=CONTEXT_DEPENDENT_SHAPE_REPRESENTATION(#545,#564);
#566=AXIS2_PLACEMENT_3D('',#567,#568,#569);
#567=CARTESIAN_POINT('',(23.,36.5,10.5));
#568=DIRECTION('',(0.,1.,6.12323399573677E-17));
#569=DIRECTION('',(0.,6.12323399573677E-17,-1.));
#570=ITEM_DEFINED_TRANSFORMATION('','',#4,#566);
#571=(REPRESENTATION_RELATIONSHIP('','',#355,#3)REPRESENTATION_RELATIONSHIP_WITH_TRANSFORMATION(
#570)SHAPE_REPRESENTATION_RELATIONSHIP());
#572=NEXT_ASSEMBLY_USAGE_OCCURRENCE('ANY','Hold_21700-3p_smd','',#1,#353,'');
#573=CC_DESIGN_SECURITY_CLASSIFICATION(#574,(#572));
#574=SECURITY_CLASSIFICATION('','',#575);
#575=SECURITY_CLASSIFICATION_LEVEL('unclassified');
#576=CC_DESIGN_DATE_AND_TIME_ASSIGNMENT(#577,#581,(#574));
#577=DATE_AND_TIME(#578,#579);
#578=CALENDAR_DATE(0,1,1);
#579=LOCAL_TIME(0,0,0.,#580);
#580=COORDINATED_UNIVERSAL_TIME_OFFSET(0,0,.AHEAD.);
#581=DATE_TIME_ROLE('classification_date');
#582=CC_DESIGN_APPROVAL(#583,(#574));
#583=APPROVAL(#584,'UNSPECIFIED');
#584=APPROVAL_STATUS('not_yet_approved');
#585=APPROVAL_DATE_TIME(#586,#583);
#586=DATE_AND_TIME(#587,#588);
#587=CALENDAR_DATE(0,1,1);
#588=LOCAL_TIME(0,0,0.,#589);
#589=COORDINATED_UNIVERSAL_TIME_OFFSET(0,0,.AHEAD.);
#590=PRODUCT_DEFINITION_SHAPE('NONE','NONE',#572);
#591=CONTEXT_DEPENDENT_SHAPE_REPRESENTATION(#571,#590);
#592=ADVANCED_FACE('',(#1667,#1669,#1671,#1673,#1675,#1677,#1679,#1681,#1683,#1685),
#1687,.F.);
#593=ADVANCED_FACE('',(#1692,#1694),#1696,.T.);
#594=ADVANCED_FACE('',(#1701,#1703),#1705,.T.);
#595=ADVANCED_FACE('',(#1710,#1712),#1714,.T.);
#596=ADVANCED_FACE('',(#1719,#1721),#1723,.T.);
#597=ADVANCED_FACE('',(#1728,#1730),#1732,.T.);
#598=ADVANCED_FACE('',(#1737,#1739),#1741,.T.);
#599=ADVANCED_FACE('',(#1746,#1748),#1750,.T.);
#600=ADVANCED_FACE('',(#1755,#1757),#1759,.T.);
#601=ADVANCED_FACE('',(#1764),#1766,.F.);
#602=ADVANCED_FACE('',(#1771),#1773,.T.);
#603=ADVANCED_FACE('',(#1778),#1780,.F.);
#604=ADVANCED_FACE('',(#1785),#1787,.T.);
#605=ADVANCED_FACE('',(#1792,#1794),#1796,.T.);
#606=ADVANCED_FACE('',(#1801,#1803),#1805,.F.);
#607=ADVANCED_FACE('',(#1810,#1812),#1814,.F.);
#608=ADVANCED_FACE('',(#1819,#1821),#1823,.F.);
#609=ADVANCED_FACE('',(#1828,#1830),#1832,.F.);
#610=ADVANCED_FACE('',(#1837,#1839),#1841,.F.);
#611=ADVANCED_FACE('',(#1846,#1848),#1850,.F.);
#612=ADVANCED_FACE('',(#1855,#1857),#1859,.F.);
#613=ADVANCED_FACE('',(#1864,#1866),#1868,.F.);
#614=ADVANCED_FACE('',(#1873),#1875,.T.);
#615=ADVANCED_FACE('',(#1880),#1882,.F.);
#616=ADVANCED_FACE('',(#1887),#1889,.T.);
#617=ADVANCED_FACE('',(#1894,#1896,#1898,#1900,#1902,#1904,#1906,#1908,#1910,#1912),
#1914,.T.);
#618=ADVANCED_FACE('',(#1919),#1921,.T.);
#619=ADVANCED_FACE('',(#1926),#1928,.F.);
#620=ADVANCED_FACE('',(#1933),#1935,.T.);
#621=ADVANCED_FACE('',(#1940,#1942),#1944,.F.);
#622=ADVANCED_FACE('',(#1949),#1951,.T.);
#623=ADVANCED_FACE('',(#1956),#1958,.T.);
#624=ADVANCED_FACE('',(#1963),#1965,.T.);
#625=ADVANCED_FACE('',(#1970),#1972,.T.);
#626=ADVANCED_FACE('',(#1977),#1979,.T.);
#627=ADVANCED_FACE('',(#1984),#1986,.T.);
#628=ADVANCED_FACE('',(#1991),#1993,.T.);
#629=ADVANCED_FACE('',(#1998),#2000,.T.);
#630=ADVANCED_FACE('',(#2005),#2007,.T.);
#631=ADVANCED_FACE('',(#2012),#2014,.T.);
#632=ADVANCED_FACE('',(#2019),#2021,.F.);
#633=ADVANCED_FACE('',(#2026),#2028,.T.);
#634=ADVANCED_FACE('',(#2033),#2035,.T.);
#635=ADVANCED_FACE('',(#2040,#2042),#2044,.F.);
#636=ADVANCED_FACE('',(#2049,#2051),#2053,.F.);
#637=ADVANCED_FACE('',(#2058,#2060),#2062,.F.);
#638=ADVANCED_FACE('',(#2067,#2069),#2071,.F.);
#639=ADVANCED_FACE('',(#2076,#2078),#2080,.F.);
#640=ADVANCED_FACE('',(#2085,#2087),#2089,.F.);
#641=ADVANCED_FACE('',(#2094,#2096),#2098,.F.);
#642=ADVANCED_FACE('',(#2103,#2105),#2107,.F.);
#643=ADVANCED_FACE('',(#2112,#2114),#2116,.F.);
#644=ADVANCED_FACE('',(#2121),#2123,.T.);
#645=ADVANCED_FACE('',(#2128),#2130,.T.);
#646=ADVANCED_FACE('',(#2135),#2137,.T.);
#647=ADVANCED_FACE('',(#2142),#2144,.T.);
#648=ADVANCED_FACE('',(#2149),#2151,.T.);
#649=ADVANCED_FACE('',(#2156),#2158,.T.);
#650=ADVANCED_FACE('',(#2163),#2165,.F.);
#651=ADVANCED_FACE('',(#2170),#2172,.T.);
#652=ADVANCED_FACE('',(#2177),#2179,.T.);
#653=ADVANCED_FACE('',(#2184,#2186),#2188,.T.);
#654=ADVANCED_FACE('',(#2193,#2195),#2197,.T.);
#655=ADVANCED_FACE('',(#2202,#2204),#2206,.T.);
#656=ADVANCED_FACE('',(#2211,#2213),#2215,.T.);
#657=ADVANCED_FACE('',(#2220,#2222),#2224,.T.);
#658=ADVANCED_FACE('',(#2229,#2231),#2233,.T.);
#659=ADVANCED_FACE('',(#2238,#2240),#2242,.T.);
#660=ADVANCED_FACE('',(#2247,#2249),#2251,.T.);
#661=ADVANCED_FACE('',(#2256,#2258),#2260,.T.);
#662=ADVANCED_FACE('',(#2265),#2267,.T.);
#663=ADVANCED_FACE('',(#2272),#2274,.T.);
#664=ADVANCED_FACE('',(#2279),#2281,.T.);
#665=ADVANCED_FACE('',(#2286),#2288,.T.);
#666=ADVANCED_FACE('',(#2293),#2295,.F.);
#667=ADVANCED_FACE('',(#2300),#2302,.F.);
#668=ADVANCED_FACE('',(#2307),#2309,.F.);
#669=ADVANCED_FACE('',(#2314),#2316,.F.);
#670=ADVANCED_FACE('',(#2321),#2323,.F.);
#671=ADVANCED_FACE('',(#2328),#2330,.F.);
#672=ADVANCED_FACE('',(#2335),#2337,.F.);
#673=ADVANCED_FACE('',(#2342),#2344,.F.);
#674=ADVANCED_FACE('',(#2349),#2351,.F.);
#675=ADVANCED_FACE('',(#2356),#2358,.T.);
#676=ADVANCED_FACE('',(#2363),#2365,.T.);
#677=ADVANCED_FACE('',(#2370),#2372,.F.);
#678=ADVANCED_FACE('',(#2377),#2379,.T.);
#679=ADVANCED_FACE('',(#2384),#2386,.F.);
#680=ADVANCED_FACE('',(#2391),#2393,.T.);
#681=ADVANCED_FACE('',(#2398),#2400,.T.);
#682=ADVANCED_FACE('',(#2405),#2407,.T.);
#683=ADVANCED_FACE('',(#2412),#2414,.T.);
#684=ADVANCED_FACE('',(#2419),#2421,.T.);
#685=ADVANCED_FACE('',(#2426),#2428,.F.);
#686=ADVANCED_FACE('',(#2433),#2435,.T.);
#687=ADVANCED_FACE('',(#2440),#2442,.F.);
#688=ADVANCED_FACE('',(#2447),#2449,.T.);
#689=ADVANCED_FACE('',(#2454),#2456,.F.);
#690=ADVANCED_FACE('',(#2461),#2463,.T.);
#691=ADVANCED_FACE('',(#2468),#2470,.T.);
#692=ADVANCED_FACE('',(#2475),#2477,.T.);
#693=ADVANCED_FACE('',(#2482),#2484,.T.);
#694=ADVANCED_FACE('',(#2489),#2491,.T.);
#695=ADVANCED_FACE('',(#2496),#2498,.T.);
#696=ADVANCED_FACE('',(#2503,#2505),#2507,.F.);
#697=ADVANCED_FACE('',(#2512),#2514,.T.);
#698=ADVANCED_FACE('',(#2519),#2521,.T.);
#699=ADVANCED_FACE('',(#2526),#2528,.T.);
#700=ADVANCED_FACE('',(#2533),#2535,.T.);
#701=ADVANCED_FACE('',(#2540),#2542,.T.);
#702=ADVANCED_FACE('',(#2547),#2549,.T.);
#703=ADVANCED_FACE('',(#2554),#2556,.T.);
#704=ADVANCED_FACE('',(#2561),#2563,.T.);
#705=ADVANCED_FACE('',(#2568),#2570,.T.);
#706=ADVANCED_FACE('',(#2575),#2577,.T.);
#707=ADVANCED_FACE('',(#2582),#2584,.F.);
#708=ADVANCED_FACE('',(#2589),#2591,.F.);
#709=ADVANCED_FACE('',(#2596),#2598,.F.);
#710=ADVANCED_FACE('',(#2603),#2605,.F.);
#711=ADVANCED_FACE('',(#2610,#2612),#2614,.T.);
#712=ADVANCED_FACE('',(#2619),#2621,.T.);
#713=ADVANCED_FACE('',(#2626),#2628,.T.);
#714=ADVANCED_FACE('',(#2633),#2635,.F.);
#715=ADVANCED_FACE('',(#2640),#2642,.T.);
#716=ADVANCED_FACE('',(#2647),#2649,.T.);
#717=ADVANCED_FACE('',(#2654),#2656,.T.);
#718=ADVANCED_FACE('',(#2661),#2663,.T.);
#719=ADVANCED_FACE('',(#2668),#2670,.T.);
#720=ADVANCED_FACE('',(#2675),#2677,.T.);
#721=ADVANCED_FACE('',(#2682),#2684,.T.);
#722=ADVANCED_FACE('',(#2689),#2691,.F.);
#723=ADVANCED_FACE('',(#2696),#2698,.T.);
#724=ADVANCED_FACE('',(#2703),#2705,.T.);
#725=ADVANCED_FACE('',(#2710),#2712,.T.);
#726=ADVANCED_FACE('',(#2717),#2719,.F.);
#727=ADVANCED_FACE('',(#2724,#2726),#2728,.F.);
#728=ADVANCED_FACE('',(#2733),#2735,.F.);
#729=ADVANCED_FACE('',(#2740),#2742,.T.);
#730=ADVANCED_FACE('',(#2747),#2749,.T.);
#731=ADVANCED_FACE('',(#2754),#2756,.T.);
#732=ADVANCED_FACE('',(#2761),#2763,.T.);
#733=ADVANCED_FACE('',(#2768),#2770,.T.);
#734=ADVANCED_FACE('',(#2775),#2777,.T.);
#735=ADVANCED_FACE('',(#2782),#2784,.F.);
#736=ADVANCED_FACE('',(#2789),#2791,.F.);
#737=ADVANCED_FACE('',(#2796),#2798,.F.);
#738=ADVANCED_FACE('',(#2803),#2805,.F.);
#739=ADVANCED_FACE('',(#2810),#2812,.T.);
#740=ADVANCED_FACE('',(#2817),#2819,.T.);
#741=ADVANCED_FACE('',(#2824),#2826,.T.);
#742=ADVANCED_FACE('',(#2831),#2833,.T.);
#743=ADVANCED_FACE('',(#2838),#2840,.T.);
#744=ADVANCED_FACE('',(#2845),#2847,.T.);
#745=ADVANCED_FACE('',(#2852,#2854),#2856,.T.);
#746=ADVANCED_FACE('',(#2861),#2863,.T.);
#747=ADVANCED_FACE('',(#2868),#2870,.T.);
#748=ADVANCED_FACE('',(#2875,#2877),#2879,.F.);
#749=ADVANCED_FACE('',(#2884),#2886,.F.);
#750=ADVANCED_FACE('',(#2891),#2893,.T.);
#751=ADVANCED_FACE('',(#2898),#2900,.T.);
#752=ADVANCED_FACE('',(#2905),#2907,.T.);
#753=ADVANCED_FACE('',(#2912,#2914),#2916,.T.);
#754=ADVANCED_FACE('',(#2921),#2923,.T.);
#755=ADVANCED_FACE('',(#2928),#2930,.T.);
#756=ADVANCED_FACE('',(#2935),#2937,.T.);
#757=ADVANCED_FACE('',(#2942),#2944,.T.);
#758=ADVANCED_FACE('',(#2949,#2951),#2953,.F.);
#759=ADVANCED_FACE('',(#2958,#2960),#2962,.T.);
#760=ADVANCED_FACE('',(#2967,#2969),#2971,.T.);
#761=ADVANCED_FACE('',(#2976,#2978),#2980,.F.);
#762=ADVANCED_FACE('',(#2985,#2987),#2989,.F.);
#763=ADVANCED_FACE('',(#2994,#2996),#2998,.T.);
#764=ADVANCED_FACE('',(#3003),#3005,.F.);
#765=ADVANCED_FACE('',(#3010,#3012),#3014,.T.);
#766=ADVANCED_FACE('',(#3019),#3021,.T.);
#767=ADVANCED_FACE('',(#3026,#3028),#3030,.F.);
#768=ADVANCED_FACE('',(#3035,#3037),#3039,.F.);
#769=ADVANCED_FACE('',(#3044,#3046),#3048,.T.);
#770=ADVANCED_FACE('',(#3053),#3055,.F.);
#771=ADVANCED_FACE('',(#3060),#3062,.F.);
#772=ADVANCED_FACE('',(#3067),#3069,.F.);
#773=ADVANCED_FACE('',(#3074),#3076,.F.);
#774=ADVANCED_FACE('',(#3081),#3083,.F.);
#775=ADVANCED_FACE('',(#3088),#3090,.F.);
#776=ADVANCED_FACE('',(#3095),#3097,.F.);
#777=ADVANCED_FACE('',(#3102),#3104,.F.);
#778=ADVANCED_FACE('',(#3109),#3111,.F.);
#779=ADVANCED_FACE('',(#3116),#3118,.F.);
#780=ADVANCED_FACE('',(#3123),#3125,.F.);
#781=ADVANCED_FACE('',(#3130),#3132,.F.);
#782=ADVANCED_FACE('',(#3137),#3139,.F.);
#783=ADVANCED_FACE('',(#3144),#3146,.F.);
#784=ADVANCED_FACE('',(#3151),#3153,.F.);
#785=ADVANCED_FACE('',(#3158),#3160,.F.);
#786=ADVANCED_FACE('',(#3165),#3167,.F.);
#787=ADVANCED_FACE('',(#3172),#3174,.F.);
#788=ADVANCED_FACE('',(#3179),#3181,.F.);
#789=ADVANCED_FACE('',(#3186),#3188,.F.);
#790=ADVANCED_FACE('',(#3193),#3195,.F.);
#791=ADVANCED_FACE('',(#3200),#3202,.F.);
#792=ADVANCED_FACE('',(#3207),#3209,.F.);
#793=ADVANCED_FACE('',(#3214),#3216,.F.);
#794=ADVANCED_FACE('',(#3221),#3223,.F.);
#795=ADVANCED_FACE('',(#3228),#3230,.F.);
#796=ADVANCED_FACE('',(#3235),#3237,.F.);
#797=ADVANCED_FACE('',(#3242),#3244,.F.);
#798=ADVANCED_FACE('',(#3249),#3251,.F.);
#799=ADVANCED_FACE('',(#3256),#3258,.F.);
#800=ADVANCED_FACE('',(#3263),#3265,.F.);
#801=ADVANCED_FACE('',(#3270),#3272,.F.);
#802=ADVANCED_FACE('',(#3277),#3279,.F.);
#803=ADVANCED_FACE('',(#3284),#3286,.F.);
#804=ADVANCED_FACE('',(#3291),#3293,.F.);
#805=ADVANCED_FACE('',(#3298),#3300,.F.);
#806=ADVANCED_FACE('',(#3305),#3307,.T.);
#807=ADVANCED_FACE('',(#3312),#3314,.F.);
#808=ADVANCED_FACE('',(#3319),#3321,.F.);
#809=ADVANCED_FACE('',(#3326),#3328,.F.);
#810=ADVANCED_FACE('',(#3333),#3335,.F.);
#811=ADVANCED_FACE('',(#3340),#3342,.F.);
#812=ADVANCED_FACE('',(#3347),#3349,.F.);
#813=ADVANCED_FACE('',(#3354),#3356,.T.);
#814=ADVANCED_FACE('',(#3361,#3363,#3365,#3367,#3369,#3371,#3373,#3375,#3377),#3379,
.T.);
#815=ADVANCED_FACE('',(#3384),#3386,.F.);
#816=ADVANCED_FACE('',(#3391),#3393,.F.);
#817=ADVANCED_FACE('',(#3398),#3400,.F.);
#818=ADVANCED_FACE('',(#3405),#3407,.F.);
#819=ADVANCED_FACE('',(#3412),#3414,.F.);
#820=ADVANCED_FACE('',(#3419),#3421,.F.);
#821=ADVANCED_FACE('',(#3426),#3428,.F.);
#822=ADVANCED_FACE('',(#3433),#3435,.F.);
#823=ADVANCED_FACE('',(#3440),#3442,.F.);
#824=ADVANCED_FACE('',(#3447),#3449,.F.);
#825=ADVANCED_FACE('',(#3454),#3456,.F.);
#826=ADVANCED_FACE('',(#3461),#3463,.F.);
#827=ADVANCED_FACE('',(#3468),#3470,.F.);
#828=ADVANCED_FACE('',(#3475),#3477,.F.);
#829=ADVANCED_FACE('',(#3482),#3484,.F.);
#830=ADVANCED_FACE('',(#3489),#3491,.F.);
#831=ADVANCED_FACE('',(#3496),#3498,.F.);
#832=ADVANCED_FACE('',(#3503),#3505,.F.);
#833=ADVANCED_FACE('',(#3510),#3512,.F.);
#834=ADVANCED_FACE('',(#3517),#3519,.F.);
#835=ADVANCED_FACE('',(#3524),#3526,.T.);
#836=ADVANCED_FACE('',(#3531),#3533,.F.);
#837=ADVANCED_FACE('',(#3538),#3540,.F.);
#838=ADVANCED_FACE('',(#3545),#3547,.F.);
#839=ADVANCED_FACE('',(#3552),#3554,.T.);
#840=ADVANCED_FACE('',(#3559),#3561,.T.);
#841=ADVANCED_FACE('',(#3566),#3568,.F.);
#842=ADVANCED_FACE('',(#3573),#3575,.F.);
#843=ADVANCED_FACE('',(#3580),#3582,.T.);
#844=ADVANCED_FACE('',(#3587),#3589,.T.);
#845=ADVANCED_FACE('',(#3594),#3596,.F.);
#846=ADVANCED_FACE('',(#3601),#3603,.F.);
#847=ADVANCED_FACE('',(#3608),#3610,.T.);
#848=ADVANCED_FACE('',(#3615),#3617,.F.);
#849=ADVANCED_FACE('',(#3622),#3624,.F.);
#850=ADVANCED_FACE('',(#3629),#3631,.F.);
#851=ADVANCED_FACE('',(#3636),#3638,.F.);
#852=ADVANCED_FACE('',(#3643),#3645,.T.);
#853=ADVANCED_FACE('',(#3650),#3652,.T.);
#854=ADVANCED_FACE('',(#3657),#3659,.F.);
#855=ADVANCED_FACE('',(#3664),#3666,.T.);
#856=ADVANCED_FACE('',(#3671),#3673,.F.);
#857=ADVANCED_FACE('',(#3678),#3680,.T.);
#858=ADVANCED_FACE('',(#3685),#3687,.T.);
#859=ADVANCED_FACE('',(#3692),#3694,.F.);
#860=ADVANCED_FACE('',(#3699),#3701,.F.);
#861=ADVANCED_FACE('',(#3706),#3708,.F.);
#862=ADVANCED_FACE('',(#3713),#3715,.F.);
#863=ADVANCED_FACE('',(#3720),#3722,.T.);
#864=ADVANCED_FACE('',(#3727),#3729,.F.);
#865=ADVANCED_FACE('',(#3734),#3736,.F.);
#866=ADVANCED_FACE('',(#3741),#3743,.F.);
#867=ADVANCED_FACE('',(#3748),#3750,.F.);
#868=ADVANCED_FACE('',(#3755),#3757,.F.);
#869=ADVANCED_FACE('',(#3762),#3764,.F.);
#870=ADVANCED_FACE('',(#3769),#3771,.F.);
#871=ADVANCED_FACE('',(#3776),#3778,.F.);
#872=ADVANCED_FACE('',(#3783),#3785,.F.);
#873=ADVANCED_FACE('',(#3790),#3792,.T.);
#874=ADVANCED_FACE('',(#3797),#3799,.T.);
#875=ADVANCED_FACE('',(#3804),#3806,.F.);
#876=ADVANCED_FACE('',(#3811),#3813,.T.);
#877=ADVANCED_FACE('',(#3818),#3820,.F.);
#878=ADVANCED_FACE('',(#3825),#3827,.F.);
#879=ADVANCED_FACE('',(#3832),#3834,.T.);
#880=ADVANCED_FACE('',(#3839),#3841,.T.);
#881=ADVANCED_FACE('',(#3846),#3848,.T.);
#882=ADVANCED_FACE('',(#3853),#3855,.F.);
#883=ADVANCED_FACE('',(#3860),#3862,.F.);
#884=ADVANCED_FACE('',(#3867),#3869,.F.);
#885=ADVANCED_FACE('',(#3874),#3876,.T.);
#886=ADVANCED_FACE('',(#3881),#3883,.T.);
#887=ADVANCED_FACE('',(#3888),#3890,.T.);
#888=ADVANCED_FACE('',(#3895),#3897,.F.);
#889=ADVANCED_FACE('',(#3902),#3904,.F.);
#890=ADVANCED_FACE('',(#3909),#3911,.F.);
#891=ADVANCED_FACE('',(#3916),#3918,.T.);
#892=ADVANCED_FACE('',(#3923,#3925),#3927,.T.);
#893=ADVANCED_FACE('',(#3932,#3934),#3936,.F.);
#894=ADVANCED_FACE('',(#3941,#3943),#3945,.F.);
#895=ADVANCED_FACE('',(#3950,#3952),#3954,.F.);
#896=ADVANCED_FACE('',(#3959,#3961),#3963,.F.);
#897=ADVANCED_FACE('',(#3968,#3970),#3972,.F.);
#898=ADVANCED_FACE('',(#3977,#3979,#3981),#3983,.F.);
#899=ADVANCED_FACE('',(#3988),#3990,.F.);
#900=ADVANCED_FACE('',(#3995),#3997,.F.);
#901=ADVANCED_FACE('',(#4002),#4004,.F.);
#902=ADVANCED_FACE('',(#4009),#4011,.F.);
#903=ADVANCED_FACE('',(#4016),#4018,.F.);
#904=ADVANCED_FACE('',(#4023,#4025,#4027),#4029,.F.);
#905=ADVANCED_FACE('',(#4034),#4036,.F.);
#906=ADVANCED_FACE('',(#4041),#4043,.F.);
#907=ADVANCED_FACE('',(#4048),#4050,.F.);
#908=ADVANCED_FACE('',(#4055,#4057),#4059,.T.);
#909=ADVANCED_FACE('',(#4064),#4066,.F.);
#910=ADVANCED_FACE('',(#4071),#4073,.F.);
#911=ADVANCED_FACE('',(#4078),#4080,.F.);
#912=ADVANCED_FACE('',(#4085),#4087,.F.);
#913=ADVANCED_FACE('',(#4092),#4094,.F.);
#914=ADVANCED_FACE('',(#4099),#4101,.F.);
#915=ADVANCED_FACE('',(#4106,#4108),#4110,.T.);
#916=ADVANCED_FACE('',(#4115,#4117),#4119,.F.);
#917=ADVANCED_FACE('',(#4124),#4126,.F.);
#918=ADVANCED_FACE('',(#4131),#4133,.F.);
#919=ADVANCED_FACE('',(#4138),#4140,.F.);
#920=ADVANCED_FACE('',(#4145),#4147,.F.);
#921=ADVANCED_FACE('',(#4152),#4154,.F.);
#922=ADVANCED_FACE('',(#4159),#4161,.F.);
#923=ADVANCED_FACE('',(#4166),#4168,.F.);
#924=ADVANCED_FACE('',(#4173),#4175,.F.);
#925=ADVANCED_FACE('',(#4180),#4182,.F.);
#926=ADVANCED_FACE('',(#4187),#4189,.F.);
#927=ADVANCED_FACE('',(#4194),#4196,.F.);
#928=ADVANCED_FACE('',(#4201),#4203,.F.);
#929=ADVANCED_FACE('',(#4208),#4210,.F.);
#930=ADVANCED_FACE('',(#4215),#4217,.F.);
#931=ADVANCED_FACE('',(#4222),#4224,.F.);
#932=ADVANCED_FACE('',(#4229),#4231,.F.);
#933=ADVANCED_FACE('',(#4236,#4238),#4240,.T.);
#934=ADVANCED_FACE('',(#4245),#4247,.F.);
#935=ADVANCED_FACE('',(#4252),#4254,.F.);
#936=ADVANCED_FACE('',(#4259),#4261,.F.);
#937=ADVANCED_FACE('',(#4266),#4268,.F.);
#938=ADVANCED_FACE('',(#4273),#4275,.F.);
#939=ADVANCED_FACE('',(#4280,#4282),#4284,.T.);
#940=ADVANCED_FACE('',(#4289),#4291,.F.);
#941=ADVANCED_FACE('',(#4296),#4298,.F.);
#942=ADVANCED_FACE('',(#4303),#4305,.F.);
#943=ADVANCED_FACE('',(#4310),#4312,.F.);
#944=ADVANCED_FACE('',(#4317),#4319,.F.);
#945=ADVANCED_FACE('',(#4324),#4326,.F.);
#946=ADVANCED_FACE('',(#4331),#4333,.F.);
#947=ADVANCED_FACE('',(#4338),#4340,.F.);
#948=ADVANCED_FACE('',(#4345),#4347,.F.);
#949=ADVANCED_FACE('',(#4352),#4354,.F.);
#950=ADVANCED_FACE('',(#4359),#4361,.F.);
#951=ADVANCED_FACE('',(#4366),#4368,.T.);
#952=ADVANCED_FACE('',(#4373),#4375,.T.);
#953=ADVANCED_FACE('',(#4380),#4382,.F.);
#954=ADVANCED_FACE('',(#4387,#4389),#4391,.T.);
#955=ADVANCED_FACE('',(#4396,#4398),#4400,.T.);
#956=ADVANCED_FACE('',(#4405,#4407),#4409,.T.);
#957=ADVANCED_FACE('',(#4414,#4416),#4418,.T.);
#958=ADVANCED_FACE('',(#4423,#4425),#4427,.F.);
#959=ADVANCED_FACE('',(#4432),#4434,.F.);
#960=ADVANCED_FACE('',(#4439),#4441,.F.);
#961=ADVANCED_FACE('',(#4446),#4448,.F.);
#962=ADVANCED_FACE('',(#4453),#4455,.F.);
#963=ADVANCED_FACE('',(#4460),#4462,.F.);
#964=ADVANCED_FACE('',(#4467),#4469,.F.);
#965=ADVANCED_FACE('',(#4474),#4476,.F.);
#966=ADVANCED_FACE('',(#4481),#4483,.F.);
#967=ADVANCED_FACE('',(#4488),#4490,.F.);
#968=ADVANCED_FACE('',(#4495),#4497,.F.);
#969=ADVANCED_FACE('',(#4502),#4504,.F.);
#970=ADVANCED_FACE('',(#4509),#4511,.F.);
#971=ADVANCED_FACE('',(#4516),#4518,.F.);
#972=ADVANCED_FACE('',(#4523,#4525),#4527,.F.);
#973=ADVANCED_FACE('',(#4532),#4534,.F.);
#974=ADVANCED_FACE('',(#4539),#4541,.F.);
#975=ADVANCED_FACE('',(#4546),#4548,.F.);
#976=ADVANCED_FACE('',(#4553),#4555,.F.);
#977=ADVANCED_FACE('',(#4560),#4562,.F.);
#978=ADVANCED_FACE('',(#4567),#4569,.F.);
#979=ADVANCED_FACE('',(#4574,#4576),#4578,.F.);
#980=ADVANCED_FACE('',(#4583),#4585,.F.);
#981=ADVANCED_FACE('',(#4590),#4592,.F.);
#982=ADVANCED_FACE('',(#4597),#4599,.F.);
#983=ADVANCED_FACE('',(#4604),#4606,.F.);
#984=ADVANCED_FACE('',(#4611),#4613,.F.);
#985=ADVANCED_FACE('',(#4618),#4620,.F.);
#986=ADVANCED_FACE('',(#4625),#4627,.F.);
#987=ADVANCED_FACE('',(#4632),#4634,.F.);
#988=ADVANCED_FACE('',(#4639),#4641,.F.);
#989=ADVANCED_FACE('',(#4646),#4648,.F.);
#990=ADVANCED_FACE('',(#4653),#4655,.F.);
#991=ADVANCED_FACE('',(#4660),#4662,.F.);
#992=ADVANCED_FACE('',(#4667),#4669,.F.);
#993=ADVANCED_FACE('',(#4674),#4676,.F.);
#994=ADVANCED_FACE('',(#4681),#4683,.F.);
#995=ADVANCED_FACE('',(#4688),#4690,.F.);
#996=ADVANCED_FACE('',(#4695),#4697,.F.);
#997=ADVANCED_FACE('',(#4702),#4704,.F.);
#998=ADVANCED_FACE('',(#4709),#4711,.F.);
#999=ADVANCED_FACE('',(#4716),#4718,.F.);
#1000=ADVANCED_FACE('',(#4723),#4725,.F.);
#1001=ADVANCED_FACE('',(#4730),#4732,.F.);
#1002=ADVANCED_FACE('',(#4737),#4739,.F.);
#1003=ADVANCED_FACE('',(#4744),#4746,.F.);
#1004=ADVANCED_FACE('',(#4751,#4753),#4755,.F.);
#1005=ADVANCED_FACE('',(#4760),#4762,.F.);
#1006=ADVANCED_FACE('',(#4767),#4769,.F.);
#1007=ADVANCED_FACE('',(#4774),#4776,.F.);
#1008=ADVANCED_FACE('',(#4781),#4783,.F.);
#1009=ADVANCED_FACE('',(#4788),#4790,.F.);
#1010=ADVANCED_FACE('',(#4795),#4797,.F.);
#1011=ADVANCED_FACE('',(#4802),#4804,.F.);
#1012=ADVANCED_FACE('',(#4809),#4811,.F.);
#1013=ADVANCED_FACE('',(#4816),#4818,.T.);
#1014=ADVANCED_FACE('',(#4823),#4825,.T.);
#1015=ADVANCED_FACE('',(#4830),#4832,.T.);
#1016=ADVANCED_FACE('',(#4837),#4839,.T.);
#1017=ADVANCED_FACE('',(#4844),#4846,.T.);
#1018=ADVANCED_FACE('',(#4851),#4853,.T.);
#1019=ADVANCED_FACE('',(#4858),#4860,.T.);
#1020=COLOUR_RGB('',1.,1.,1.);
#1021=FILL_AREA_STYLE_COLOUR('',#1020);
#1022=FILL_AREA_STYLE($,(#1021));
#1023=SURFACE_STYLE_FILL_AREA(#1022);
#1024=SURFACE_SIDE_STYLE('',(#1023));
#1025=SURFACE_STYLE_USAGE(.BOTH.,#1024);
#1026=PRESENTATION_STYLE_ASSIGNMENT((#1025));
#1027=STYLED_ITEM('',(#1026),#1019);
#1028=ADVANCED_FACE('',(#4865,#4867),#4869,.T.);
#1029=COLOUR_RGB('',1.,1.,1.);
#1030=FILL_AREA_STYLE_COLOUR('',#1029);
#1031=FILL_AREA_STYLE($,(#1030));
#1032=SURFACE_STYLE_FILL_AREA(#1031);
#1033=SURFACE_SIDE_STYLE('',(#1032));
#1034=SURFACE_STYLE_USAGE(.BOTH.,#1033);
#1035=PRESENTATION_STYLE_ASSIGNMENT((#1034));
#1036=STYLED_ITEM('',(#1035),#1028);
#1037=ADVANCED_FACE('',(#4874),#4876,.T.);
#1038=COLOUR_RGB('',1.,1.,1.);
#1039=FILL_AREA_STYLE_COLOUR('',#1038);
#1040=FILL_AREA_STYLE($,(#1039));
#1041=SURFACE_STYLE_FILL_AREA(#1040);
#1042=SURFACE_SIDE_STYLE('',(#1041));
#1043=SURFACE_STYLE_USAGE(.BOTH.,#1042);
#1044=PRESENTATION_STYLE_ASSIGNMENT((#1043));
#1045=STYLED_ITEM('',(#1044),#1037);
#1046=ADVANCED_FACE('',(#4881,#4883),#4885,.T.);
#1047=COLOUR_RGB('',0.,0.4,0.8);
#1048=FILL_AREA_STYLE_COLOUR('',#1047);
#1049=FILL_AREA_STYLE($,(#1048));
#1050=SURFACE_STYLE_FILL_AREA(#1049);
#1051=SURFACE_SIDE_STYLE('',(#1050));
#1052=SURFACE_STYLE_USAGE(.BOTH.,#1051);
#1053=PRESENTATION_STYLE_ASSIGNMENT((#1052));
#1054=STYLED_ITEM('',(#1053),#1046);
#1055=ADVANCED_FACE('',(#4890,#4892),#4894,.F.);
#1056=COLOUR_RGB('',0.,0.4,0.8);
#1057=FILL_AREA_STYLE_COLOUR('',#1056);
#1058=FILL_AREA_STYLE($,(#1057));
#1059=SURFACE_STYLE_FILL_AREA(#1058);
#1060=SURFACE_SIDE_STYLE('',(#1059));
#1061=SURFACE_STYLE_USAGE(.BOTH.,#1060);
#1062=PRESENTATION_STYLE_ASSIGNMENT((#1061));
#1063=STYLED_ITEM('',(#1062),#1055);
#1064=ADVANCED_FACE('',(#4899,#4901),#4903,.T.);
#1065=COLOUR_RGB('',0.423529411764706,0.423529411764706,0.423529411764706);
#1066=FILL_AREA_STYLE_COLOUR('',#1065);
#1067=FILL_AREA_STYLE($,(#1066));
#1068=SURFACE_STYLE_FILL_AREA(#1067);
#1069=SURFACE_SIDE_STYLE('',(#1068));
#1070=SURFACE_STYLE_USAGE(.BOTH.,#1069);
#1071=PRESENTATION_STYLE_ASSIGNMENT((#1070));
#1072=STYLED_ITEM('',(#1071),#1064);
#1073=ADVANCED_FACE('',(#4908,#4910),#4912,.F.);
#1074=COLOUR_RGB('',0.,0.4,0.8);
#1075=FILL_AREA_STYLE_COLOUR('',#1074);
#1076=FILL_AREA_STYLE($,(#1075));
#1077=SURFACE_STYLE_FILL_AREA(#1076);
#1078=SURFACE_SIDE_STYLE('',(#1077));
#1079=SURFACE_STYLE_USAGE(.BOTH.,#1078);
#1080=PRESENTATION_STYLE_ASSIGNMENT((#1079));
#1081=STYLED_ITEM('',(#1080),#1073);
#1082=ADVANCED_FACE('',(#4917,#4919),#4921,.F.);
#1083=COLOUR_RGB('',0.423529411764706,0.423529411764706,0.423529411764706);
#1084=FILL_AREA_STYLE_COLOUR('',#1083);
#1085=FILL_AREA_STYLE($,(#1084));
#1086=SURFACE_STYLE_FILL_AREA(#1085);
#1087=SURFACE_SIDE_STYLE('',(#1086));
#1088=SURFACE_STYLE_USAGE(.BOTH.,#1087);
#1089=PRESENTATION_STYLE_ASSIGNMENT((#1088));
#1090=STYLED_ITEM('',(#1089),#1082);
#1091=ADVANCED_FACE('',(#4926,#4928),#4930,.T.);
#1092=COLOUR_RGB('',0.,0.4,0.8);
#1093=FILL_AREA_STYLE_COLOUR('',#1092);
#1094=FILL_AREA_STYLE($,(#1093));
#1095=SURFACE_STYLE_FILL_AREA(#1094);
#1096=SURFACE_SIDE_STYLE('',(#1095));
#1097=SURFACE_STYLE_USAGE(.BOTH.,#1096);
#1098=PRESENTATION_STYLE_ASSIGNMENT((#1097));
#1099=STYLED_ITEM('',(#1098),#1091);
#1100=ADVANCED_FACE('',(#4935,#4937),#4939,.F.);
#1101=COLOUR_RGB('',0.,0.4,0.8);
#1102=FILL_AREA_STYLE_COLOUR('',#1101);
#1103=FILL_AREA_STYLE($,(#1102));
#1104=SURFACE_STYLE_FILL_AREA(#1103);
#1105=SURFACE_SIDE_STYLE('',(#1104));
#1106=SURFACE_STYLE_USAGE(.BOTH.,#1105);
#1107=PRESENTATION_STYLE_ASSIGNMENT((#1106));
#1108=STYLED_ITEM('',(#1107),#1100);
#1109=ADVANCED_FACE('',(#4944,#4946),#4948,.T.);
#1110=COLOUR_RGB('',0.,0.4,0.8);
#1111=FILL_AREA_STYLE_COLOUR('',#1110);
#1112=FILL_AREA_STYLE($,(#1111));
#1113=SURFACE_STYLE_FILL_AREA(#1112);
#1114=SURFACE_SIDE_STYLE('',(#1113));
#1115=SURFACE_STYLE_USAGE(.BOTH.,#1114);
#1116=PRESENTATION_STYLE_ASSIGNMENT((#1115));
#1117=STYLED_ITEM('',(#1116),#1109);
#1118=ADVANCED_FACE('',(#4953,#4955),#4957,.F.);
#1119=COLOUR_RGB('',0.,0.4,0.8);
#1120=FILL_AREA_STYLE_COLOUR('',#1119);
#1121=FILL_AREA_STYLE($,(#1120));
#1122=SURFACE_STYLE_FILL_AREA(#1121);
#1123=SURFACE_SIDE_STYLE('',(#1122));
#1124=SURFACE_STYLE_USAGE(.BOTH.,#1123);
#1125=PRESENTATION_STYLE_ASSIGNMENT((#1124));
#1126=STYLED_ITEM('',(#1125),#1118);
#1127=ADVANCED_FACE('',(#4962,#4964),#4966,.T.);
#1128=COLOUR_RGB('',0.,0.4,0.8);
#1129=FILL_AREA_STYLE_COLOUR('',#1128);
#1130=FILL_AREA_STYLE($,(#1129));
#1131=SURFACE_STYLE_FILL_AREA(#1130);
#1132=SURFACE_SIDE_STYLE('',(#1131));
#1133=SURFACE_STYLE_USAGE(.BOTH.,#1132);
#1134=PRESENTATION_STYLE_ASSIGNMENT((#1133));
#1135=STYLED_ITEM('',(#1134),#1127);
#1136=ADVANCED_FACE('',(#4971,#4973),#4975,.T.);
#1137=COLOUR_RGB('',0.,0.4,0.8);
#1138=FILL_AREA_STYLE_COLOUR('',#1137);
#1139=FILL_AREA_STYLE($,(#1138));
#1140=SURFACE_STYLE_FILL_AREA(#1139);
#1141=SURFACE_SIDE_STYLE('',(#1140));
#1142=SURFACE_STYLE_USAGE(.BOTH.,#1141);
#1143=PRESENTATION_STYLE_ASSIGNMENT((#1142));
#1144=STYLED_ITEM('',(#1143),#1136);
#1145=ADVANCED_FACE('',(#4980,#4982),#4984,.T.);
#1146=COLOUR_RGB('',0.,0.4,0.8);
#1147=FILL_AREA_STYLE_COLOUR('',#1146);
#1148=FILL_AREA_STYLE($,(#1147));
#1149=SURFACE_STYLE_FILL_AREA(#1148);
#1150=SURFACE_SIDE_STYLE('',(#1149));
#1151=SURFACE_STYLE_USAGE(.BOTH.,#1150);
#1152=PRESENTATION_STYLE_ASSIGNMENT((#1151));
#1153=STYLED_ITEM('',(#1152),#1145);
#1154=ADVANCED_FACE('',(#4989,#4991),#4993,.F.);
#1155=COLOUR_RGB('',0.,0.4,0.8);
#1156=FILL_AREA_STYLE_COLOUR('',#1155);
#1157=FILL_AREA_STYLE($,(#1156));
#1158=SURFACE_STYLE_FILL_AREA(#1157);
#1159=SURFACE_SIDE_STYLE('',(#1158));
#1160=SURFACE_STYLE_USAGE(.BOTH.,#1159);
#1161=PRESENTATION_STYLE_ASSIGNMENT((#1160));
#1162=STYLED_ITEM('',(#1161),#1154);
#1163=ADVANCED_FACE('',(#4998,#5000),#5002,.F.);
#1164=COLOUR_RGB('',0.,0.4,0.8);
#1165=FILL_AREA_STYLE_COLOUR('',#1164);
#1166=FILL_AREA_STYLE($,(#1165));
#1167=SURFACE_STYLE_FILL_AREA(#1166);
#1168=SURFACE_SIDE_STYLE('',(#1167));
#1169=SURFACE_STYLE_USAGE(.BOTH.,#1168);
#1170=PRESENTATION_STYLE_ASSIGNMENT((#1169));
#1171=STYLED_ITEM('',(#1170),#1163);
#1172=ADVANCED_FACE('',(#5007,#5009),#5011,.F.);
#1173=COLOUR_RGB('',0.,0.4,0.8);
#1174=FILL_AREA_STYLE_COLOUR('',#1173);
#1175=FILL_AREA_STYLE($,(#1174));
#1176=SURFACE_STYLE_FILL_AREA(#1175);
#1177=SURFACE_SIDE_STYLE('',(#1176));
#1178=SURFACE_STYLE_USAGE(.BOTH.,#1177);
#1179=PRESENTATION_STYLE_ASSIGNMENT((#1178));
#1180=STYLED_ITEM('',(#1179),#1172);
#1181=ADVANCED_FACE('',(#5016,#5018),#5020,.T.);
#1182=COLOUR_RGB('',0.,0.4,0.8);
#1183=FILL_AREA_STYLE_COLOUR('',#1182);
#1184=FILL_AREA_STYLE($,(#1183));
#1185=SURFACE_STYLE_FILL_AREA(#1184);
#1186=SURFACE_SIDE_STYLE('',(#1185));
#1187=SURFACE_STYLE_USAGE(.BOTH.,#1186);
#1188=PRESENTATION_STYLE_ASSIGNMENT((#1187));
#1189=STYLED_ITEM('',(#1188),#1181);
#1190=ADVANCED_FACE('',(#5025,#5027),#5029,.F.);
#1191=COLOUR_RGB('',0.,0.4,0.8);
#1192=FILL_AREA_STYLE_COLOUR('',#1191);
#1193=FILL_AREA_STYLE($,(#1192));
#1194=SURFACE_STYLE_FILL_AREA(#1193);
#1195=SURFACE_SIDE_STYLE('',(#1194));
#1196=SURFACE_STYLE_USAGE(.BOTH.,#1195);
#1197=PRESENTATION_STYLE_ASSIGNMENT((#1196));
#1198=STYLED_ITEM('',(#1197),#1190);
#1199=ADVANCED_FACE('',(#5034,#5036),#5038,.T.);
#1200=COLOUR_RGB('',0.,0.4,0.8);
#1201=FILL_AREA_STYLE_COLOUR('',#1200);
#1202=FILL_AREA_STYLE($,(#1201));
#1203=SURFACE_STYLE_FILL_AREA(#1202);
#1204=SURFACE_SIDE_STYLE('',(#1203));
#1205=SURFACE_STYLE_USAGE(.BOTH.,#1204);
#1206=PRESENTATION_STYLE_ASSIGNMENT((#1205));
#1207=STYLED_ITEM('',(#1206),#1199);
#1208=ADVANCED_FACE('',(#5043,#5045),#5047,.T.);
#1209=COLOUR_RGB('',0.,0.4,0.8);
#1210=FILL_AREA_STYLE_COLOUR('',#1209);
#1211=FILL_AREA_STYLE($,(#1210));
#1212=SURFACE_STYLE_FILL_AREA(#1211);
#1213=SURFACE_SIDE_STYLE('',(#1212));
#1214=SURFACE_STYLE_USAGE(.BOTH.,#1213);
#1215=PRESENTATION_STYLE_ASSIGNMENT((#1214));
#1216=STYLED_ITEM('',(#1215),#1208);
#1217=ADVANCED_FACE('',(#5052,#5054),#5056,.T.);
#1218=COLOUR_RGB('',0.,0.4,0.8);
#1219=FILL_AREA_STYLE_COLOUR('',#1218);
#1220=FILL_AREA_STYLE($,(#1219));
#1221=SURFACE_STYLE_FILL_AREA(#1220);
#1222=SURFACE_SIDE_STYLE('',(#1221));
#1223=SURFACE_STYLE_USAGE(.BOTH.,#1222);
#1224=PRESENTATION_STYLE_ASSIGNMENT((#1223));
#1225=STYLED_ITEM('',(#1224),#1217);
#1226=ADVANCED_FACE('',(#5061,#5063),#5065,.F.);
#1227=COLOUR_RGB('',0.,0.4,0.8);
#1228=FILL_AREA_STYLE_COLOUR('',#1227);
#1229=FILL_AREA_STYLE($,(#1228));
#1230=SURFACE_STYLE_FILL_AREA(#1229);
#1231=SURFACE_SIDE_STYLE('',(#1230));
#1232=SURFACE_STYLE_USAGE(.BOTH.,#1231);
#1233=PRESENTATION_STYLE_ASSIGNMENT((#1232));
#1234=STYLED_ITEM('',(#1233),#1226);
#1235=ADVANCED_FACE('',(#5070,#5072),#5074,.T.);
#1236=COLOUR_RGB('',0.,0.4,0.8);
#1237=FILL_AREA_STYLE_COLOUR('',#1236);
#1238=FILL_AREA_STYLE($,(#1237));
#1239=SURFACE_STYLE_FILL_AREA(#1238);
#1240=SURFACE_SIDE_STYLE('',(#1239));
#1241=SURFACE_STYLE_USAGE(.BOTH.,#1240);
#1242=PRESENTATION_STYLE_ASSIGNMENT((#1241));
#1243=STYLED_ITEM('',(#1242),#1235);
#1244=ADVANCED_FACE('',(#5079),#5081,.T.);
#1245=COLOUR_RGB('',0.282352941176471,0.282352941176471,0.282352941176471);
#1246=FILL_AREA_STYLE_COLOUR('',#1245);
#1247=FILL_AREA_STYLE($,(#1246));
#1248=SURFACE_STYLE_FILL_AREA(#1247);
#1249=SURFACE_SIDE_STYLE('',(#1248));
#1250=SURFACE_STYLE_USAGE(.BOTH.,#1249);
#1251=PRESENTATION_STYLE_ASSIGNMENT((#1250));
#1252=STYLED_ITEM('',(#1251),#1244);
#1253=ADVANCED_FACE('',(#5086,#5088),#5090,.T.);
#1254=COLOUR_RGB('',0.282352941176471,0.282352941176471,0.282352941176471);
#1255=FILL_AREA_STYLE_COLOUR('',#1254);
#1256=FILL_AREA_STYLE($,(#1255));
#1257=SURFACE_STYLE_FILL_AREA(#1256);
#1258=SURFACE_SIDE_STYLE('',(#1257));
#1259=SURFACE_STYLE_USAGE(.BOTH.,#1258);
#1260=PRESENTATION_STYLE_ASSIGNMENT((#1259));
#1261=STYLED_ITEM('',(#1260),#1253);
#1262=ADVANCED_FACE('',(#5095,#5097),#5099,.T.);
#1263=COLOUR_RGB('',0.282352941176471,0.282352941176471,0.282352941176471);
#1264=FILL_AREA_STYLE_COLOUR('',#1263);
#1265=FILL_AREA_STYLE($,(#1264));
#1266=SURFACE_STYLE_FILL_AREA(#1265);
#1267=SURFACE_SIDE_STYLE('',(#1266));
#1268=SURFACE_STYLE_USAGE(.BOTH.,#1267);
#1269=PRESENTATION_STYLE_ASSIGNMENT((#1268));
#1270=STYLED_ITEM('',(#1269),#1262);
#1271=ADVANCED_FACE('',(#5104,#5106),#5108,.T.);
#1272=COLOUR_RGB('',0.282352941176471,0.282352941176471,0.282352941176471);
#1273=FILL_AREA_STYLE_COLOUR('',#1272);
#1274=FILL_AREA_STYLE($,(#1273));
#1275=SURFACE_STYLE_FILL_AREA(#1274);
#1276=SURFACE_SIDE_STYLE('',(#1275));
#1277=SURFACE_STYLE_USAGE(.BOTH.,#1276);
#1278=PRESENTATION_STYLE_ASSIGNMENT((#1277));
#1279=STYLED_ITEM('',(#1278),#1271);
#1280=ADVANCED_FACE('',(#5113),#5115,.T.);
#1281=COLOUR_RGB('',0.282352941176471,0.282352941176471,0.282352941176471);
#1282=FILL_AREA_STYLE_COLOUR('',#1281);
#1283=FILL_AREA_STYLE($,(#1282));
#1284=SURFACE_STYLE_FILL_AREA(#1283);
#1285=SURFACE_SIDE_STYLE('',(#1284));
#1286=SURFACE_STYLE_USAGE(.BOTH.,#1285);
#1287=PRESENTATION_STYLE_ASSIGNMENT((#1286));
#1288=STYLED_ITEM('',(#1287),#1280);
#1289=ADVANCED_FACE('',(#5120),#5122,.T.);
#1290=COLOUR_RGB('',1.,1.,1.);
#1291=FILL_AREA_STYLE_COLOUR('',#1290);
#1292=FILL_AREA_STYLE($,(#1291));
#1293=SURFACE_STYLE_FILL_AREA(#1292);
#1294=SURFACE_SIDE_STYLE('',(#1293));
#1295=SURFACE_STYLE_USAGE(.BOTH.,#1294);
#1296=PRESENTATION_STYLE_ASSIGNMENT((#1295));
#1297=STYLED_ITEM('',(#1296),#1289);
#1298=ADVANCED_FACE('',(#5127),#5129,.T.);
#1299=COLOUR_RGB('',1.,1.,1.);
#1300=FILL_AREA_STYLE_COLOUR('',#1299);
#1301=FILL_AREA_STYLE($,(#1300));
#1302=SURFACE_STYLE_FILL_AREA(#1301);
#1303=SURFACE_SIDE_STYLE('',(#1302));
#1304=SURFACE_STYLE_USAGE(.BOTH.,#1303);
#1305=PRESENTATION_STYLE_ASSIGNMENT((#1304));
#1306=STYLED_ITEM('',(#1305),#1298);
#1307=ADVANCED_FACE('',(#5134),#5136,.T.);
#1308=COLOUR_RGB('',1.,1.,1.);
#1309=FILL_AREA_STYLE_COLOUR('',#1308);
#1310=FILL_AREA_STYLE($,(#1309));
#1311=SURFACE_STYLE_FILL_AREA(#1310);
#1312=SURFACE_SIDE_STYLE('',(#1311));
#1313=SURFACE_STYLE_USAGE(.BOTH.,#1312);
#1314=PRESENTATION_STYLE_ASSIGNMENT((#1313));
#1315=STYLED_ITEM('',(#1314),#1307);
#1316=ADVANCED_FACE('',(#5141),#5143,.T.);
#1317=COLOUR_RGB('',1.,1.,1.);
#1318=FILL_AREA_STYLE_COLOUR('',#1317);
#1319=FILL_AREA_STYLE($,(#1318));
#1320=SURFACE_STYLE_FILL_AREA(#1319);
#1321=SURFACE_SIDE_STYLE('',(#1320));
#1322=SURFACE_STYLE_USAGE(.BOTH.,#1321);
#1323=PRESENTATION_STYLE_ASSIGNMENT((#1322));
#1324=STYLED_ITEM('',(#1323),#1316);
#1325=ADVANCED_FACE('',(#5148),#5150,.T.);
#1326=COLOUR_RGB('',1.,1.,1.);
#1327=FILL_AREA_STYLE_COLOUR('',#1326);
#1328=FILL_AREA_STYLE($,(#1327));
#1329=SURFACE_STYLE_FILL_AREA(#1328);
#1330=SURFACE_SIDE_STYLE('',(#1329));
#1331=SURFACE_STYLE_USAGE(.BOTH.,#1330);
#1332=PRESENTATION_STYLE_ASSIGNMENT((#1331));
#1333=STYLED_ITEM('',(#1332),#1325);
#1334=ADVANCED_FACE('',(#5155),#5157,.T.);
#1335=COLOUR_RGB('',1.,1.,1.);
#1336=FILL_AREA_STYLE_COLOUR('',#1335);
#1337=FILL_AREA_STYLE($,(#1336));
#1338=SURFACE_STYLE_FILL_AREA(#1337);
#1339=SURFACE_SIDE_STYLE('',(#1338));
#1340=SURFACE_STYLE_USAGE(.BOTH.,#1339);
#1341=PRESENTATION_STYLE_ASSIGNMENT((#1340));
#1342=STYLED_ITEM('',(#1341),#1334);
#1343=ADVANCED_FACE('',(#5162),#5164,.T.);
#1344=COLOUR_RGB('',1.,1.,1.);
#1345=FILL_AREA_STYLE_COLOUR('',#1344);
#1346=FILL_AREA_STYLE($,(#1345));
#1347=SURFACE_STYLE_FILL_AREA(#1346);
#1348=SURFACE_SIDE_STYLE('',(#1347));
#1349=SURFACE_STYLE_USAGE(.BOTH.,#1348);
#1350=PRESENTATION_STYLE_ASSIGNMENT((#1349));
#1351=STYLED_ITEM('',(#1350),#1343);
#1352=ADVANCED_FACE('',(#5169),#5171,.T.);
#1353=COLOUR_RGB('',1.,1.,1.);
#1354=FILL_AREA_STYLE_COLOUR('',#1353);
#1355=FILL_AREA_STYLE($,(#1354));
#1356=SURFACE_STYLE_FILL_AREA(#1355);
#1357=SURFACE_SIDE_STYLE('',(#1356));
#1358=SURFACE_STYLE_USAGE(.BOTH.,#1357);
#1359=PRESENTATION_STYLE_ASSIGNMENT((#1358));
#1360=STYLED_ITEM('',(#1359),#1352);
#1361=ADVANCED_FACE('',(#5176),#5178,.T.);
#1362=COLOUR_RGB('',1.,1.,1.);
#1363=FILL_AREA_STYLE_COLOUR('',#1362);
#1364=FILL_AREA_STYLE($,(#1363));
#1365=SURFACE_STYLE_FILL_AREA(#1364);
#1366=SURFACE_SIDE_STYLE('',(#1365));
#1367=SURFACE_STYLE_USAGE(.BOTH.,#1366);
#1368=PRESENTATION_STYLE_ASSIGNMENT((#1367));
#1369=STYLED_ITEM('',(#1368),#1361);
#1370=ADVANCED_FACE('',(#5183),#5185,.T.);
#1371=COLOUR_RGB('',1.,1.,1.);
#1372=FILL_AREA_STYLE_COLOUR('',#1371);
#1373=FILL_AREA_STYLE($,(#1372));
#1374=SURFACE_STYLE_FILL_AREA(#1373);
#1375=SURFACE_SIDE_STYLE('',(#1374));
#1376=SURFACE_STYLE_USAGE(.BOTH.,#1375);
#1377=PRESENTATION_STYLE_ASSIGNMENT((#1376));
#1378=STYLED_ITEM('',(#1377),#1370);
#1379=ADVANCED_FACE('',(#5190),#5192,.T.);
#1380=COLOUR_RGB('',1.,1.,1.);
#1381=FILL_AREA_STYLE_COLOUR('',#1380);
#1382=FILL_AREA_STYLE($,(#1381));
#1383=SURFACE_STYLE_FILL_AREA(#1382);
#1384=SURFACE_SIDE_STYLE('',(#1383));
#1385=SURFACE_STYLE_USAGE(.BOTH.,#1384);
#1386=PRESENTATION_STYLE_ASSIGNMENT((#1385));
#1387=STYLED_ITEM('',(#1386),#1379);
#1388=ADVANCED_FACE('',(#5197),#5199,.T.);
#1389=COLOUR_RGB('',1.,1.,1.);
#1390=FILL_AREA_STYLE_COLOUR('',#1389);
#1391=FILL_AREA_STYLE($,(#1390));
#1392=SURFACE_STYLE_FILL_AREA(#1391);
#1393=SURFACE_SIDE_STYLE('',(#1392));
#1394=SURFACE_STYLE_USAGE(.BOTH.,#1393);
#1395=PRESENTATION_STYLE_ASSIGNMENT((#1394));
#1396=STYLED_ITEM('',(#1395),#1388);
#1397=ADVANCED_FACE('',(#5204),#5206,.T.);
#1398=COLOUR_RGB('',1.,1.,1.);
#1399=FILL_AREA_STYLE_COLOUR('',#1398);
#1400=FILL_AREA_STYLE($,(#1399));
#1401=SURFACE_STYLE_FILL_AREA(#1400);
#1402=SURFACE_SIDE_STYLE('',(#1401));
#1403=SURFACE_STYLE_USAGE(.BOTH.,#1402);
#1404=PRESENTATION_STYLE_ASSIGNMENT((#1403));
#1405=STYLED_ITEM('',(#1404),#1397);
#1406=ADVANCED_FACE('',(#5211),#5213,.T.);
#1407=COLOUR_RGB('',1.,1.,1.);
#1408=FILL_AREA_STYLE_COLOUR('',#1407);
#1409=FILL_AREA_STYLE($,(#1408));
#1410=SURFACE_STYLE_FILL_AREA(#1409);
#1411=SURFACE_SIDE_STYLE('',(#1410));
#1412=SURFACE_STYLE_USAGE(.BOTH.,#1411);
#1413=PRESENTATION_STYLE_ASSIGNMENT((#1412));
#1414=STYLED_ITEM('',(#1413),#1406);
#1415=ADVANCED_FACE('',(#5218),#5220,.T.);
#1416=COLOUR_RGB('',1.,1.,1.);
#1417=FILL_AREA_STYLE_COLOUR('',#1416);
#1418=FILL_AREA_STYLE($,(#1417));
#1419=SURFACE_STYLE_FILL_AREA(#1418);
#1420=SURFACE_SIDE_STYLE('',(#1419));
#1421=SURFACE_STYLE_USAGE(.BOTH.,#1420);
#1422=PRESENTATION_STYLE_ASSIGNMENT((#1421));
#1423=STYLED_ITEM('',(#1422),#1415);
#1424=ADVANCED_FACE('',(#5225),#5227,.T.);
#1425=COLOUR_RGB('',1.,1.,1.);
#1426=FILL_AREA_STYLE_COLOUR('',#1425);
#1427=FILL_AREA_STYLE($,(#1426));
#1428=SURFACE_STYLE_FILL_AREA(#1427);
#1429=SURFACE_SIDE_STYLE('',(#1428));
#1430=SURFACE_STYLE_USAGE(.BOTH.,#1429);
#1431=PRESENTATION_STYLE_ASSIGNMENT((#1430));
#1432=STYLED_ITEM('',(#1431),#1424);
#1433=ADVANCED_FACE('',(#5232),#5234,.T.);
#1434=COLOUR_RGB('',1.,1.,1.);
#1435=FILL_AREA_STYLE_COLOUR('',#1434);
#1436=FILL_AREA_STYLE($,(#1435));
#1437=SURFACE_STYLE_FILL_AREA(#1436);
#1438=SURFACE_SIDE_STYLE('',(#1437));
#1439=SURFACE_STYLE_USAGE(.BOTH.,#1438);
#1440=PRESENTATION_STYLE_ASSIGNMENT((#1439));
#1441=STYLED_ITEM('',(#1440),#1433);
#1442=ADVANCED_FACE('',(#5239),#5241,.F.);
#1443=COLOUR_RGB('',1.,1.,1.);
#1444=FILL_AREA_STYLE_COLOUR('',#1443);
#1445=FILL_AREA_STYLE($,(#1444));
#1446=SURFACE_STYLE_FILL_AREA(#1445);
#1447=SURFACE_SIDE_STYLE('',(#1446));
#1448=SURFACE_STYLE_USAGE(.BOTH.,#1447);
#1449=PRESENTATION_STYLE_ASSIGNMENT((#1448));
#1450=STYLED_ITEM('',(#1449),#1442);
#1451=ADVANCED_FACE('',(#5246),#5248,.F.);
#1452=COLOUR_RGB('',1.,1.,1.);
#1453=FILL_AREA_STYLE_COLOUR('',#1452);
#1454=FILL_AREA_STYLE($,(#1453));
#1455=SURFACE_STYLE_FILL_AREA(#1454);
#1456=SURFACE_SIDE_STYLE('',(#1455));
#1457=SURFACE_STYLE_USAGE(.BOTH.,#1456);
#1458=PRESENTATION_STYLE_ASSIGNMENT((#1457));
#1459=STYLED_ITEM('',(#1458),#1451);
#1460=ADVANCED_FACE('',(#5253),#5255,.F.);
#1461=COLOUR_RGB('',1.,1.,1.);
#1462=FILL_AREA_STYLE_COLOUR('',#1461);
#1463=FILL_AREA_STYLE($,(#1462));
#1464=SURFACE_STYLE_FILL_AREA(#1463);
#1465=SURFACE_SIDE_STYLE('',(#1464));
#1466=SURFACE_STYLE_USAGE(.BOTH.,#1465);
#1467=PRESENTATION_STYLE_ASSIGNMENT((#1466));
#1468=STYLED_ITEM('',(#1467),#1460);
#1469=ADVANCED_FACE('',(#5260),#5262,.F.);
#1470=COLOUR_RGB('',1.,1.,1.);
#1471=FILL_AREA_STYLE_COLOUR('',#1470);
#1472=FILL_AREA_STYLE($,(#1471));
#1473=SURFACE_STYLE_FILL_AREA(#1472);
#1474=SURFACE_SIDE_STYLE('',(#1473));
#1475=SURFACE_STYLE_USAGE(.BOTH.,#1474);
#1476=PRESENTATION_STYLE_ASSIGNMENT((#1475));
#1477=STYLED_ITEM('',(#1476),#1469);
#1478=ADVANCED_FACE('',(#5267),#5269,.T.);
#1479=COLOUR_RGB('',1.,1.,1.);
#1480=FILL_AREA_STYLE_COLOUR('',#1479);
#1481=FILL_AREA_STYLE($,(#1480));
#1482=SURFACE_STYLE_FILL_AREA(#1481);
#1483=SURFACE_SIDE_STYLE('',(#1482));
#1484=SURFACE_STYLE_USAGE(.BOTH.,#1483);
#1485=PRESENTATION_STYLE_ASSIGNMENT((#1484));
#1486=STYLED_ITEM('',(#1485),#1478);
#1487=ADVANCED_FACE('',(#5274),#5276,.F.);
#1488=COLOUR_RGB('',1.,1.,1.);
#1489=FILL_AREA_STYLE_COLOUR('',#1488);
#1490=FILL_AREA_STYLE($,(#1489));
#1491=SURFACE_STYLE_FILL_AREA(#1490);
#1492=SURFACE_SIDE_STYLE('',(#1491));
#1493=SURFACE_STYLE_USAGE(.BOTH.,#1492);
#1494=PRESENTATION_STYLE_ASSIGNMENT((#1493));
#1495=STYLED_ITEM('',(#1494),#1487);
#1496=ADVANCED_FACE('',(#5281),#5283,.F.);
#1497=COLOUR_RGB('',1.,1.,1.);
#1498=FILL_AREA_STYLE_COLOUR('',#1497);
#1499=FILL_AREA_STYLE($,(#1498));
#1500=SURFACE_STYLE_FILL_AREA(#1499);
#1501=SURFACE_SIDE_STYLE('',(#1500));
#1502=SURFACE_STYLE_USAGE(.BOTH.,#1501);
#1503=PRESENTATION_STYLE_ASSIGNMENT((#1502));
#1504=STYLED_ITEM('',(#1503),#1496);
#1505=ADVANCED_FACE('',(#5288),#5290,.F.);
#1506=COLOUR_RGB('',1.,1.,1.);
#1507=FILL_AREA_STYLE_COLOUR('',#1506);
#1508=FILL_AREA_STYLE($,(#1507));
#1509=SURFACE_STYLE_FILL_AREA(#1508);
#1510=SURFACE_SIDE_STYLE('',(#1509));
#1511=SURFACE_STYLE_USAGE(.BOTH.,#1510);
#1512=PRESENTATION_STYLE_ASSIGNMENT((#1511));
#1513=STYLED_ITEM('',(#1512),#1505);
#1514=ADVANCED_FACE('',(#5295),#5297,.F.);
#1515=COLOUR_RGB('',1.,1.,1.);
#1516=FILL_AREA_STYLE_COLOUR('',#1515);
#1517=FILL_AREA_STYLE($,(#1516));
#1518=SURFACE_STYLE_FILL_AREA(#1517);
#1519=SURFACE_SIDE_STYLE('',(#1518));
#1520=SURFACE_STYLE_USAGE(.BOTH.,#1519);
#1521=PRESENTATION_STYLE_ASSIGNMENT((#1520));
#1522=STYLED_ITEM('',(#1521),#1514);
#1523=ADVANCED_FACE('',(#5302),#5304,.F.);
#1524=COLOUR_RGB('',1.,1.,1.);
#1525=FILL_AREA_STYLE_COLOUR('',#1524);
#1526=FILL_AREA_STYLE($,(#1525));
#1527=SURFACE_STYLE_FILL_AREA(#1526);
#1528=SURFACE_SIDE_STYLE('',(#1527));
#1529=SURFACE_STYLE_USAGE(.BOTH.,#1528);
#1530=PRESENTATION_STYLE_ASSIGNMENT((#1529));
#1531=STYLED_ITEM('',(#1530),#1523);
#1532=ADVANCED_FACE('',(#5309),#5311,.F.);
#1533=COLOUR_RGB('',1.,1.,1.);
#1534=FILL_AREA_STYLE_COLOUR('',#1533);
#1535=FILL_AREA_STYLE($,(#1534));
#1536=SURFACE_STYLE_FILL_AREA(#1535);
#1537=SURFACE_SIDE_STYLE('',(#1536));
#1538=SURFACE_STYLE_USAGE(.BOTH.,#1537);
#1539=PRESENTATION_STYLE_ASSIGNMENT((#1538));
#1540=STYLED_ITEM('',(#1539),#1532);
#1541=ADVANCED_FACE('',(#5316),#5318,.F.);
#1542=COLOUR_RGB('',1.,1.,1.);
#1543=FILL_AREA_STYLE_COLOUR('',#1542);
#1544=FILL_AREA_STYLE($,(#1543));
#1545=SURFACE_STYLE_FILL_AREA(#1544);
#1546=SURFACE_SIDE_STYLE('',(#1545));
#1547=SURFACE_STYLE_USAGE(.BOTH.,#1546);
#1548=PRESENTATION_STYLE_ASSIGNMENT((#1547));
#1549=STYLED_ITEM('',(#1548),#1541);
#1550=ADVANCED_FACE('',(#5323),#5325,.F.);
#1551=COLOUR_RGB('',1.,1.,1.);
#1552=FILL_AREA_STYLE_COLOUR('',#1551);
#1553=FILL_AREA_STYLE($,(#1552));
#1554=SURFACE_STYLE_FILL_AREA(#1553);
#1555=SURFACE_SIDE_STYLE('',(#1554));
#1556=SURFACE_STYLE_USAGE(.BOTH.,#1555);
#1557=PRESENTATION_STYLE_ASSIGNMENT((#1556));
#1558=STYLED_ITEM('',(#1557),#1550);
#1559=ADVANCED_FACE('',(#5330),#5332,.F.);
#1560=COLOUR_RGB('',1.,1.,1.);
#1561=FILL_AREA_STYLE_COLOUR('',#1560);
#1562=FILL_AREA_STYLE($,(#1561));
#1563=SURFACE_STYLE_FILL_AREA(#1562);
#1564=SURFACE_SIDE_STYLE('',(#1563));
#1565=SURFACE_STYLE_USAGE(.BOTH.,#1564);
#1566=PRESENTATION_STYLE_ASSIGNMENT((#1565));
#1567=STYLED_ITEM('',(#1566),#1559);
#1568=ADVANCED_FACE('',(#5337),#5339,.F.);
#1569=COLOUR_RGB('',1.,1.,1.);
#1570=FILL_AREA_STYLE_COLOUR('',#1569);
#1571=FILL_AREA_STYLE($,(#1570));
#1572=SURFACE_STYLE_FILL_AREA(#1571);
#1573=SURFACE_SIDE_STYLE('',(#1572));
#1574=SURFACE_STYLE_USAGE(.BOTH.,#1573);
#1575=PRESENTATION_STYLE_ASSIGNMENT((#1574));
#1576=STYLED_ITEM('',(#1575),#1568);
#1577=ADVANCED_FACE('',(#5344),#5346,.F.);
#1578=COLOUR_RGB('',1.,1.,1.);
#1579=FILL_AREA_STYLE_COLOUR('',#1578);
#1580=FILL_AREA_STYLE($,(#1579));
#1581=SURFACE_STYLE_FILL_AREA(#1580);
#1582=SURFACE_SIDE_STYLE('',(#1581));
#1583=SURFACE_STYLE_USAGE(.BOTH.,#1582);
#1584=PRESENTATION_STYLE_ASSIGNMENT((#1583));
#1585=STYLED_ITEM('',(#1584),#1577);
#1586=ADVANCED_FACE('',(#5351),#5353,.F.);
#1587=COLOUR_RGB('',1.,1.,1.);
#1588=FILL_AREA_STYLE_COLOUR('',#1587);
#1589=FILL_AREA_STYLE($,(#1588));
#1590=SURFACE_STYLE_FILL_AREA(#1589);
#1591=SURFACE_SIDE_STYLE('',(#1590));
#1592=SURFACE_STYLE_USAGE(.BOTH.,#1591);
#1593=PRESENTATION_STYLE_ASSIGNMENT((#1592));
#1594=STYLED_ITEM('',(#1593),#1586);
#1595=ADVANCED_FACE('',(#5358),#5360,.F.);
#1596=COLOUR_RGB('',1.,1.,1.);
#1597=FILL_AREA_STYLE_COLOUR('',#1596);
#1598=FILL_AREA_STYLE($,(#1597));
#1599=SURFACE_STYLE_FILL_AREA(#1598);
#1600=SURFACE_SIDE_STYLE('',(#1599));
#1601=SURFACE_STYLE_USAGE(.BOTH.,#1600);
#1602=PRESENTATION_STYLE_ASSIGNMENT((#1601));
#1603=STYLED_ITEM('',(#1602),#1595);
#1604=ADVANCED_FACE('',(#5365),#5367,.F.);
#1605=COLOUR_RGB('',1.,1.,1.);
#1606=FILL_AREA_STYLE_COLOUR('',#1605);
#1607=FILL_AREA_STYLE($,(#1606));
#1608=SURFACE_STYLE_FILL_AREA(#1607);
#1609=SURFACE_SIDE_STYLE('',(#1608));
#1610=SURFACE_STYLE_USAGE(.BOTH.,#1609);
#1611=PRESENTATION_STYLE_ASSIGNMENT((#1610));
#1612=STYLED_ITEM('',(#1611),#1604);
#1613=ADVANCED_FACE('',(#5372),#5374,.F.);
#1614=COLOUR_RGB('',1.,1.,1.);
#1615=FILL_AREA_STYLE_COLOUR('',#1614);
#1616=FILL_AREA_STYLE($,(#1615));
#1617=SURFACE_STYLE_FILL_AREA(#1616);
#1618=SURFACE_SIDE_STYLE('',(#1617));
#1619=SURFACE_STYLE_USAGE(.BOTH.,#1618);
#1620=PRESENTATION_STYLE_ASSIGNMENT((#1619));
#1621=STYLED_ITEM('',(#1620),#1613);
#1622=ADVANCED_FACE('',(#5379),#5381,.F.);
#1623=COLOUR_RGB('',1.,1.,1.);
#1624=FILL_AREA_STYLE_COLOUR('',#1623);
#1625=FILL_AREA_STYLE($,(#1624));
#1626=SURFACE_STYLE_FILL_AREA(#1625);
#1627=SURFACE_SIDE_STYLE('',(#1626));
#1628=SURFACE_STYLE_USAGE(.BOTH.,#1627);
#1629=PRESENTATION_STYLE_ASSIGNMENT((#1628));
#1630=STYLED_ITEM('',(#1629),#1622);
#1631=ADVANCED_FACE('',(#5386),#5388,.F.);
#1632=COLOUR_RGB('',1.,1.,1.);
#1633=FILL_AREA_STYLE_COLOUR('',#1632);
#1634=FILL_AREA_STYLE($,(#1633));
#1635=SURFACE_STYLE_FILL_AREA(#1634);
#1636=SURFACE_SIDE_STYLE('',(#1635));
#1637=SURFACE_STYLE_USAGE(.BOTH.,#1636);
#1638=PRESENTATION_STYLE_ASSIGNMENT((#1637));
#1639=STYLED_ITEM('',(#1638),#1631);
#1640=ADVANCED_FACE('',(#5393),#5395,.F.);
#1641=COLOUR_RGB('',1.,1.,1.);
#1642=FILL_AREA_STYLE_COLOUR('',#1641);
#1643=FILL_AREA_STYLE($,(#1642));
#1644=SURFACE_STYLE_FILL_AREA(#1643);
#1645=SURFACE_SIDE_STYLE('',(#1644));
#1646=SURFACE_STYLE_USAGE(.BOTH.,#1645);
#1647=PRESENTATION_STYLE_ASSIGNMENT((#1646));
#1648=STYLED_ITEM('',(#1647),#1640);
#1649=ADVANCED_FACE('',(#5400),#5402,.F.);
#1650=COLOUR_RGB('',1.,1.,1.);
#1651=FILL_AREA_STYLE_COLOUR('',#1650);
#1652=FILL_AREA_STYLE($,(#1651));
#1653=SURFACE_STYLE_FILL_AREA(#1652);
#1654=SURFACE_SIDE_STYLE('',(#1653));
#1655=SURFACE_STYLE_USAGE(.BOTH.,#1654);
#1656=PRESENTATION_STYLE_ASSIGNMENT((#1655));
#1657=STYLED_ITEM('',(#1656),#1649);
#1658=ADVANCED_FACE('',(#5407),#5409,.F.);
#1659=COLOUR_RGB('',1.,1.,1.);
#1660=FILL_AREA_STYLE_COLOUR('',#1659);
#1661=FILL_AREA_STYLE($,(#1660));
#1662=SURFACE_STYLE_FILL_AREA(#1661);
#1663=SURFACE_SIDE_STYLE('',(#1662));
#1664=SURFACE_STYLE_USAGE(.BOTH.,#1663);
#1665=PRESENTATION_STYLE_ASSIGNMENT((#1664));
#1666=STYLED_ITEM('',(#1665),#1658);
#1667=FACE_BOUND('',#1668,.T.);
#1668=EDGE_LOOP('',(#5414,#5415,#5416,#5417));
#1669=FACE_BOUND('',#1670,.T.);
#1670=EDGE_LOOP('',(#5418));
#1671=FACE_BOUND('',#1672,.T.);
#1672=EDGE_LOOP('',(#5419));
#1673=FACE_BOUND('',#1674,.T.);
#1674=EDGE_LOOP('',(#5420));
#1675=FACE_BOUND('',#1676,.T.);
#1676=EDGE_LOOP('',(#5421));
#1677=FACE_BOUND('',#1678,.T.);
#1678=EDGE_LOOP('',(#5422));
#1679=FACE_BOUND('',#1680,.T.);
#1680=EDGE_LOOP('',(#5423));
#1681=FACE_BOUND('',#1682,.T.);
#1682=EDGE_LOOP('',(#5424));
#1683=FACE_BOUND('',#1684,.T.);
#1684=EDGE_LOOP('',(#5425));
#1685=FACE_BOUND('',#1686,.T.);
#1686=EDGE_LOOP('',(#5426));
#1687=PLANE('',#1688);
#1688=AXIS2_PLACEMENT_3D('',#1689,#1690,#1691);
#1689=CARTESIAN_POINT('',(0.,5.62339923155296,-26.1928867054085));
#1690=DIRECTION('',(0.,1.,3.94129173741931E-15));
#1691=DIRECTION('',(1.,0.,0.));
#1692=FACE_OUTER_BOUND('',#1693,.T.);
#1693=EDGE_LOOP('',(#5427));
#1694=FACE_OUTER_BOUND('',#1695,.T.);
#1695=EDGE_LOOP('',(#5428));
#1696=TOROIDAL_SURFACE('',#1697,0.850000000000007,0.500000000000002);
#1697=AXIS2_PLACEMENT_3D('',#1698,#1699,#1700);
#1698=CARTESIAN_POINT('',(2.,6.12339923155282,11.5));
#1699=DIRECTION('',(0.,-1.,-3.94129173741931E-15));
#1700=DIRECTION('',(1.,1.781540225128E-29,-4.52019374311662E-15));
#1701=FACE_OUTER_BOUND('',#1702,.T.);
#1702=EDGE_LOOP('',(#5429));
#1703=FACE_OUTER_BOUND('',#1704,.T.);
#1704=EDGE_LOOP('',(#5430));
#1705=TOROIDAL_SURFACE('',#1706,0.850000000000007,0.500000000000002);
#1706=AXIS2_PLACEMENT_3D('',#1707,#1708,#1709);
#1707=CARTESIAN_POINT('',(-2.,6.12339923155282,9.50000000000002));
#1708=DIRECTION('',(0.,-1.,-3.94129173741931E-15));
#1709=DIRECTION('',(1.,1.781540225128E-29,-4.52019374311662E-15));
#1710=FACE_OUTER_BOUND('',#1711,.T.);
#1711=EDGE_LOOP('',(#5431));
#1712=FACE_OUTER_BOUND('',#1713,.T.);
#1713=EDGE_LOOP('',(#5432));
#1714=TOROIDAL_SURFACE('',#1715,0.850000000000007,0.500000000000002);
#1715=AXIS2_PLACEMENT_3D('',#1716,#1717,#1718);
#1716=CARTESIAN_POINT('',(2.22044604925031E-16,6.12339923155282,9.50000000000002));
#1717=DIRECTION('',(0.,-1.,-3.94129173741931E-15));
#1718=DIRECTION('',(1.,1.781540225128E-29,-4.52019374311662E-15));
#1719=FACE_OUTER_BOUND('',#1720,.T.);
#1720=EDGE_LOOP('',(#5433));
#1721=FACE_OUTER_BOUND('',#1722,.T.);
#1722=EDGE_LOOP('',(#5434));
#1723=TOROIDAL_SURFACE('',#1724,0.850000000000007,0.500000000000002);
#1724=AXIS2_PLACEMENT_3D('',#1725,#1726,#1727);
#1725=CARTESIAN_POINT('',(2.,6.12339923155282,9.50000000000002));
#1726=DIRECTION('',(0.,-1.,-3.94129173741931E-15));
#1727=DIRECTION('',(1.,1.781540225128E-29,-4.52019374311662E-15));
#1728=FACE_OUTER_BOUND('',#1729,.T.);
#1729=EDGE_LOOP('',(#5435));
#1730=FACE_OUTER_BOUND('',#1731,.T.);
#1731=EDGE_LOOP('',(#5436));
#1732=TOROIDAL_SURFACE('',#1733,0.850000000000007,0.500000000000002);
#1733=AXIS2_PLACEMENT_3D('',#1734,#1735,#1736);
#1734=CARTESIAN_POINT('',(-2.,6.12339923155283,7.50000000000002));
#1735=DIRECTION('',(0.,-1.,-3.94129173741931E-15));
#1736=DIRECTION('',(1.,1.781540225128E-29,-4.52019374311662E-15));
#1737=FACE_OUTER_BOUND('',#1738,.T.);
#1738=EDGE_LOOP('',(#5437));
#1739=FACE_OUTER_BOUND('',#1740,.T.);
#1740=EDGE_LOOP('',(#5438));
#1741=TOROIDAL_SURFACE('',#1742,0.850000000000007,0.500000000000002);
#1742=AXIS2_PLACEMENT_3D('',#1743,#1744,#1745);
#1743=CARTESIAN_POINT('',(6.66133814775094E-16,6.12339923155283,7.50000000000002));
#1744=DIRECTION('',(0.,-1.,-3.94129173741931E-15));
#1745=DIRECTION('',(1.,1.781540225128E-29,-4.52019374311662E-15));
#1746=FACE_OUTER_BOUND('',#1747,.T.);
#1747=EDGE_LOOP('',(#5439));
#1748=FACE_OUTER_BOUND('',#1749,.T.);
#1749=EDGE_LOOP('',(#5440));
#1750=TOROIDAL_SURFACE('',#1751,0.850000000000007,0.500000000000002);
#1751=AXIS2_PLACEMENT_3D('',#1752,#1753,#1754);
#1752=CARTESIAN_POINT('',(2.,6.12339923155283,7.50000000000002));
#1753=DIRECTION('',(0.,-1.,-3.94129173741931E-15));
#1754=DIRECTION('',(1.,1.781540225128E-29,-4.52019374311662E-15));
#1755=FACE_OUTER_BOUND('',#1756,.T.);
#1756=EDGE_LOOP('',(#5441));
#1757=FACE_OUTER_BOUND('',#1758,.T.);
#1758=EDGE_LOOP('',(#5442));
#1759=TOROIDAL_SURFACE('',#1760,0.850000000000007,0.500000000000002);
#1760=AXIS2_PLACEMENT_3D('',#1761,#1762,#1763);
#1761=CARTESIAN_POINT('',(2.22044604925031E-16,6.12339923155282,11.5));
#1762=DIRECTION('',(0.,-1.,-3.94129173741931E-15));
#1763=DIRECTION('',(1.,1.781540225128E-29,-4.52019374311662E-15));
#1764=FACE_BOUND('',#1765,.T.);
#1765=EDGE_LOOP('',(#5443,#5444,#5445,#5446));
#1766=CYLINDRICAL_SURFACE('',#1767,0.5);
#1767=AXIS2_PLACEMENT_3D('',#1768,#1769,#1770);
#1768=CARTESIAN_POINT('',(-4.,5.12339923155284,6.21028435180216));
#1769=DIRECTION('',(1.,0.,0.));
#1770=DIRECTION('',(0.,0.819152044288993,-0.573576436351045));
#1771=FACE_BOUND('',#1772,.T.);
#1772=EDGE_LOOP('',(#5447,#5448,#5449,#5450));
#1773=PLANE('',#1774);
#1774=AXIS2_PLACEMENT_3D('',#1775,#1776,#1777);
#1775=CARTESIAN_POINT('',(4.,5.62339923155281,14.3071132945915));
#1776=DIRECTION('',(1.,0.,0.));
#1777=DIRECTION('',(0.,3.94129173741931E-15,-1.));
#1778=FACE_BOUND('',#1779,.T.);
#1779=EDGE_LOOP('',(#5451,#5452,#5453,#5454));
#1780=CYLINDRICAL_SURFACE('',#1781,0.5);
#1781=AXIS2_PLACEMENT_3D('',#1782,#1783,#1784);
#1782=CARTESIAN_POINT('',(-4.,5.12339923155281,12.8071132945915));
#1783=DIRECTION('',(1.,0.,0.));
#1784=DIRECTION('',(0.,1.,3.94129173741931E-15));
#1785=FACE_BOUND('',#1786,.T.);
#1786=EDGE_LOOP('',(#5455,#5456,#5457,#5458));
#1787=PLANE('',#1788);
#1788=AXIS2_PLACEMENT_3D('',#1789,#1790,#1791);
#1789=CARTESIAN_POINT('',(-4.,5.62339923155296,-25.9928867054085));
#1790=DIRECTION('',(-1.,0.,0.));
#1791=DIRECTION('',(0.,-3.94129173741931E-15,1.));
#1792=FACE_OUTER_BOUND('',#1793,.T.);
#1793=EDGE_LOOP('',(#5459));
#1794=FACE_OUTER_BOUND('',#1795,.T.);
#1795=EDGE_LOOP('',(#5460));
#1796=TOROIDAL_SURFACE('',#1797,0.850000000000007,0.500000000000002);
#1797=AXIS2_PLACEMENT_3D('',#1798,#1799,#1800);
#1798=CARTESIAN_POINT('',(-2.,6.12339923155282,11.5));
#1799=DIRECTION('',(0.,-1.,-3.94129173741931E-15));
#1800=DIRECTION('',(1.,-2.18785641682395E-30,5.55111512312591E-16));
#1801=FACE_OUTER_BOUND('',#1802,.T.);
#1802=EDGE_LOOP('',(#5461));
#1803=FACE_OUTER_BOUND('',#1804,.T.);
#1804=EDGE_LOOP('',(#5462));
#1805=TOROIDAL_SURFACE('',#1806,0.250000000000005,0.1);
#1806=AXIS2_PLACEMENT_3D('',#1807,#1808,#1809);
#1807=CARTESIAN_POINT('',(2.,6.12339923155281,11.5));
#1808=DIRECTION('',(0.,-1.,-3.94129173741931E-15));
#1809=DIRECTION('',(1.,4.43822301698555E-30,-1.12608335354835E-15));
#1810=FACE_OUTER_BOUND('',#1811,.T.);
#1811=EDGE_LOOP('',(#5463));
#1812=FACE_OUTER_BOUND('',#1813,.T.);
#1813=EDGE_LOOP('',(#5464));
#1814=TOROIDAL_SURFACE('',#1815,0.250000000000005,0.1);
#1815=AXIS2_PLACEMENT_3D('',#1816,#1817,#1818);
#1816=CARTESIAN_POINT('',(-2.,6.12339923155282,9.50000000000002));
#1817=DIRECTION('',(0.,-1.,-3.94129173741931E-15));
#1818=DIRECTION('',(1.,4.43822301698555E-30,-1.12608335354835E-15));
#1819=FACE_OUTER_BOUND('',#1820,.T.);
#1820=EDGE_LOOP('',(#5465));
#1821=FACE_OUTER_BOUND('',#1822,.T.);
#1822=EDGE_LOOP('',(#5466));
#1823=TOROIDAL_SURFACE('',#1824,0.250000000000005,0.1);
#1824=AXIS2_PLACEMENT_3D('',#1825,#1826,#1827);
#1825=CARTESIAN_POINT('',(2.22044604925031E-16,6.12339923155282,9.50000000000002));
#1826=DIRECTION('',(0.,-1.,-3.94129173741931E-15));
#1827=DIRECTION('',(1.,4.43822301698555E-30,-1.12608335354835E-15));
#1828=FACE_OUTER_BOUND('',#1829,.T.);
#1829=EDGE_LOOP('',(#5467));
#1830=FACE_OUTER_BOUND('',#1831,.T.);
#1831=EDGE_LOOP('',(#5468));
#1832=TOROIDAL_SURFACE('',#1833,0.250000000000005,0.1);
#1833=AXIS2_PLACEMENT_3D('',#1834,#1835,#1836);
#1834=CARTESIAN_POINT('',(2.,6.12339923155282,9.50000000000002));
#1835=DIRECTION('',(0.,-1.,-3.94129173741931E-15));
#1836=DIRECTION('',(1.,4.43822301698555E-30,-1.12608335354835E-15));
#1837=FACE_OUTER_BOUND('',#1838,.T.);
#1838=EDGE_LOOP('',(#5469));
#1839=FACE_OUTER_BOUND('',#1840,.T.);
#1840=EDGE_LOOP('',(#5470));
#1841=TOROIDAL_SURFACE('',#1842,0.250000000000005,0.1);
#1842=AXIS2_PLACEMENT_3D('',#1843,#1844,#1845);
#1843=CARTESIAN_POINT('',(-2.,6.12339923155283,7.50000000000002));
#1844=DIRECTION('',(0.,-1.,-3.94129173741931E-15));
#1845=DIRECTION('',(1.,4.43822301698555E-30,-1.12608335354835E-15));
#1846=FACE_OUTER_BOUND('',#1847,.T.);
#1847=EDGE_LOOP('',(#5471));
#1848=FACE_OUTER_BOUND('',#1849,.T.);
#1849=EDGE_LOOP('',(#5472));
#1850=TOROIDAL_SURFACE('',#1851,0.250000000000005,0.1);
#1851=AXIS2_PLACEMENT_3D('',#1852,#1853,#1854);
#1852=CARTESIAN_POINT('',(6.66133814775094E-16,6.12339923155283,7.50000000000002));
#1853=DIRECTION('',(0.,-1.,-3.94129173741931E-15));
#1854=DIRECTION('',(1.,4.43822301698555E-30,-1.12608335354835E-15));
#1855=FACE_OUTER_BOUND('',#1856,.T.);
#1856=EDGE_LOOP('',(#5473));
#1857=FACE_OUTER_BOUND('',#1858,.T.);
#1858=EDGE_LOOP('',(#5474));
#1859=TOROIDAL_SURFACE('',#1860,0.250000000000005,0.1);
#1860=AXIS2_PLACEMENT_3D('',#1861,#1862,#1863);
#1861=CARTESIAN_POINT('',(2.,6.12339923155283,7.50000000000002));
#1862=DIRECTION('',(0.,-1.,-3.94129173741931E-15));
#1863=DIRECTION('',(1.,4.43822301698555E-30,-1.12608335354835E-15));
#1864=FACE_OUTER_BOUND('',#1865,.T.);
#1865=EDGE_LOOP('',(#5475));
#1866=FACE_OUTER_BOUND('',#1867,.T.);
#1867=EDGE_LOOP('',(#5476));
#1868=TOROIDAL_SURFACE('',#1869,0.250000000000005,0.1);
#1869=AXIS2_PLACEMENT_3D('',#1870,#1871,#1872);
#1870=CARTESIAN_POINT('',(2.22044604925031E-16,6.12339923155281,11.5));
#1871=DIRECTION('',(0.,-1.,-3.94129173741931E-15));
#1872=DIRECTION('',(1.,4.43822301698555E-30,-1.12608335354835E-15));
#1873=FACE_BOUND('',#1874,.T.);
#1874=EDGE_LOOP('',(#5477,#5478,#5479,#5480));
#1875=PLANE('',#1876);
#1876=AXIS2_PLACEMENT_3D('',#1877,#1878,#1879);
#1877=CARTESIAN_POINT('',(-4.,5.53297525369733,5.92349613362664));
#1878=DIRECTION('',(-1.,-9.09441460238406E-16,6.36797766019376E-16));
#1879=DIRECTION('',(0.,0.573576436351045,0.819152044288993));
#1880=FACE_BOUND('',#1881,.T.);
#1881=EDGE_LOOP('',(#5481,#5482,#5483,#5484));
#1882=PLANE('',#1883);
#1883=AXIS2_PLACEMENT_3D('',#1884,#1885,#1886);
#1884=CARTESIAN_POINT('',(0.,-12.8214707095361,-20.2893692836211));
#1885=DIRECTION('',(0.,0.819152044288993,-0.573576436351045));
#1886=DIRECTION('',(1.,0.,0.));
#1887=FACE_BOUND('',#1888,.T.);
#1888=EDGE_LOOP('',(#5485,#5486,#5487,#5488));
#1889=PLANE('',#1890);
#1890=AXIS2_PLACEMENT_3D('',#1891,#1892,#1893);
#1891=CARTESIAN_POINT('',(4.,5.86063607141293,5.69406555908622));
#1892=DIRECTION('',(1.,0.,0.));
#1893=DIRECTION('',(0.,0.573576436351045,0.819152044288993));
#1894=FACE_BOUND('',#1895,.T.);
#1895=EDGE_LOOP('',(#5489,#5490,#5491,#5492));
#1896=FACE_BOUND('',#1897,.T.);
#1897=EDGE_LOOP('',(#5493));
#1898=FACE_BOUND('',#1899,.T.);
#1899=EDGE_LOOP('',(#5494));
#1900=FACE_BOUND('',#1901,.T.);
#1901=EDGE_LOOP('',(#5495));
#1902=FACE_BOUND('',#1903,.T.);
#1903=EDGE_LOOP('',(#5496));
#1904=FACE_BOUND('',#1905,.T.);
#1905=EDGE_LOOP('',(#5497));
#1906=FACE_BOUND('',#1907,.T.);
#1907=EDGE_LOOP('',(#5498));
#1908=FACE_BOUND('',#1909,.T.);
#1909=EDGE_LOOP('',(#5499));
#1910=FACE_BOUND('',#1911,.T.);
#1911=EDGE_LOOP('',(#5500));
#1912=FACE_BOUND('',#1913,.T.);
#1913=EDGE_LOOP('',(#5501));
#1914=PLANE('',#1915);
#1915=AXIS2_PLACEMENT_3D('',#1916,#1917,#1918);
#1916=CARTESIAN_POINT('',(0.,6.02339923155296,-26.1928867054085));
#1917=DIRECTION('',(0.,1.,3.94129173741931E-15));
#1918=DIRECTION('',(1.,0.,0.));
#1919=FACE_BOUND('',#1920,.T.);
#1920=EDGE_LOOP('',(#5502,#5503,#5504,#5505));
#1921=PLANE('',#1922);
#1922=AXIS2_PLACEMENT_3D('',#1923,#1924,#1925);
#1923=CARTESIAN_POINT('',(4.,6.02339923155281,12.8071132945915));
#1924=DIRECTION('',(1.,0.,0.));
#1925=DIRECTION('',(0.,-3.94129173741931E-15,1.));
#1926=FACE_BOUND('',#1927,.T.);
#1927=EDGE_LOOP('',(#5506,#5507,#5508,#5509,#5510,#5511));
#1928=PLANE('',#1929);
#1929=AXIS2_PLACEMENT_3D('',#1930,#1931,#1932);
#1930=CARTESIAN_POINT('',(0.,33.4206549308195,-14.7830356234887));
#1931=DIRECTION('',(0.,0.707106781186547,0.707106781186548));
#1932=DIRECTION('',(1.,0.,0.));
#1933=FACE_BOUND('',#1934,.T.);
#1934=EDGE_LOOP('',(#5512,#5513,#5514,#5515));
#1935=PLANE('',#1936);
#1936=AXIS2_PLACEMENT_3D('',#1937,#1938,#1939);
#1937=CARTESIAN_POINT('',(-4.,5.62339923155281,12.8071132945915));
#1938=DIRECTION('',(-1.,-1.11022302462516E-15,7.59278621275224E-30));
#1939=DIRECTION('',(1.784188618755E-45,6.82787160144471E-15,1.));
#1940=FACE_OUTER_BOUND('',#1941,.T.);
#1941=EDGE_LOOP('',(#5516));
#1942=FACE_OUTER_BOUND('',#1943,.T.);
#1943=EDGE_LOOP('',(#5517));
#1944=TOROIDAL_SURFACE('',#1945,0.250000000000005,0.1);
#1945=AXIS2_PLACEMENT_3D('',#1946,#1947,#1948);
#1946=CARTESIAN_POINT('',(-2.,6.12339923155281,11.5));
#1947=DIRECTION('',(0.,-1.,-3.94129173741931E-15));
#1948=DIRECTION('',(1.,4.43822301698555E-30,-1.12608335354835E-15));
#1949=FACE_BOUND('',#1950,.T.);
#1950=EDGE_LOOP('',(#5518));
#1951=PLANE('',#1952);
#1952=AXIS2_PLACEMENT_3D('',#1953,#1954,#1955);
#1953=CARTESIAN_POINT('',(4.,6.22339923155286,2.45282319699809E-14));
#1954=DIRECTION('',(0.,-1.,-3.94129173741931E-15));
#1955=DIRECTION('',(1.,0.,0.));
#1956=FACE_BOUND('',#1957,.T.);
#1957=EDGE_LOOP('',(#5519));
#1958=PLANE('',#1959);
#1959=AXIS2_PLACEMENT_3D('',#1960,#1961,#1962);
#1960=CARTESIAN_POINT('',(2.22044604925031E-16,6.22339923155287,-1.99999999999998));
#1961=DIRECTION('',(0.,-1.,-3.94129173741931E-15));
#1962=DIRECTION('',(1.,0.,0.));
#1963=FACE_BOUND('',#1964,.T.);
#1964=EDGE_LOOP('',(#5520));
#1965=PLANE('',#1966);
#1966=AXIS2_PLACEMENT_3D('',#1967,#1968,#1969);
#1967=CARTESIAN_POINT('',(2.,6.22339923155287,-1.99999999999998));
#1968=DIRECTION('',(0.,-1.,-3.94129173741931E-15));
#1969=DIRECTION('',(1.,0.,0.));
#1970=FACE_BOUND('',#1971,.T.);
#1971=EDGE_LOOP('',(#5521));
#1972=PLANE('',#1973);
#1973=AXIS2_PLACEMENT_3D('',#1974,#1975,#1976);
#1974=CARTESIAN_POINT('',(4.,6.22339923155287,-1.99999999999998));
#1975=DIRECTION('',(0.,-1.,-3.94129173741931E-15));
#1976=DIRECTION('',(1.,0.,0.));
#1977=FACE_BOUND('',#1978,.T.);
#1978=EDGE_LOOP('',(#5522));
#1979=PLANE('',#1980);
#1980=AXIS2_PLACEMENT_3D('',#1981,#1982,#1983);
#1981=CARTESIAN_POINT('',(2.22044604925031E-16,6.22339923155287,-3.99999999999998));
#1982=DIRECTION('',(0.,-1.,-3.94129173741931E-15));
#1983=DIRECTION('',(1.,0.,0.));
#1984=FACE_BOUND('',#1985,.T.);
#1985=EDGE_LOOP('',(#5523));
#1986=PLANE('',#1987);
#1987=AXIS2_PLACEMENT_3D('',#1988,#1989,#1990);
#1988=CARTESIAN_POINT('',(2.,6.22339923155287,-3.99999999999998));
#1989=DIRECTION('',(0.,-1.,-3.94129173741931E-15));
#1990=DIRECTION('',(1.,0.,0.));
#1991=FACE_BOUND('',#1992,.T.);
#1992=EDGE_LOOP('',(#5524));
#1993=PLANE('',#1994);
#1994=AXIS2_PLACEMENT_3D('',#1995,#1996,#1997);
#1995=CARTESIAN_POINT('',(4.,6.22339923155287,-3.99999999999998));
#1996=DIRECTION('',(0.,-1.,-3.94129173741931E-15));
#1997=DIRECTION('',(1.,0.,0.));
#1998=FACE_BOUND('',#1999,.T.);
#1999=EDGE_LOOP('',(#5525));
#2000=PLANE('',#2001);
#2001=AXIS2_PLACEMENT_3D('',#2002,#2003,#2004);
#2002=CARTESIAN_POINT('',(2.,6.22339923155286,2.45282319699809E-14));
#2003=DIRECTION('',(0.,-1.,-3.94129173741931E-15));
#2004=DIRECTION('',(1.,0.,0.));
#2005=FACE_BOUND('',#2006,.T.);
#2006=EDGE_LOOP('',(#5526,#5527,#5528,#5529));
#2007=CYLINDRICAL_SURFACE('',#2008,0.9);
#2008=AXIS2_PLACEMENT_3D('',#2009,#2010,#2011);
#2009=CARTESIAN_POINT('',(4.,5.12339923155284,6.21028435180216));
#2010=DIRECTION('',(-1.,0.,0.));
#2011=DIRECTION('',(0.,0.819152044288993,-0.573576436351045));
#2012=FACE_BOUND('',#2013,.T.);
#2013=EDGE_LOOP('',(#5530,#5531,#5532,#5533));
#2014=PLANE('',#2015);
#2015=AXIS2_PLACEMENT_3D('',#2016,#2017,#2018);
#2016=CARTESIAN_POINT('',(-4.,-12.7067554222659,-20.1255388747633));
#2017=DIRECTION('',(-1.,0.,0.));
#2018=DIRECTION('',(0.,0.573576436351045,0.819152044288993));
#2019=FACE_BOUND('',#2020,.T.);
#2020=EDGE_LOOP('',(#5534,#5535,#5536,#5537));
#2021=CYLINDRICAL_SURFACE('',#2022,0.8);
#2022=AXIS2_PLACEMENT_3D('',#2023,#2024,#2025);
#2023=CARTESIAN_POINT('',(-4.,3.40327442431537,4.27672557568463));
#2024=DIRECTION('',(1.,0.,0.));
#2025=DIRECTION('',(0.,-1.,0.));
#2026=FACE_BOUND('',#2027,.T.);
#2027=EDGE_LOOP('',(#5538,#5539,#5540,#5541));
#2028=PLANE('',#2029);
#2029=AXIS2_PLACEMENT_3D('',#2030,#2031,#2032);
#2030=CARTESIAN_POINT('',(4.,10.4083749626812,12.8862885100831));
#2031=DIRECTION('',(1.,0.,0.));
#2032=DIRECTION('',(0.,-0.573576436351045,-0.819152044288993));
#2033=FACE_BOUND('',#2034,.T.);
#2034=EDGE_LOOP('',(#5542,#5543,#5544,#5545));
#2035=CYLINDRICAL_SURFACE('',#2036,0.9);
#2036=AXIS2_PLACEMENT_3D('',#2037,#2038,#2039);
#2037=CARTESIAN_POINT('',(4.,5.12339923155281,12.8071132945915));
#2038=DIRECTION('',(-1.,0.,0.));
#2039=DIRECTION('',(0.,1.,3.94129173741931E-15));
#2040=FACE_OUTER_BOUND('',#2041,.T.);
#2041=EDGE_LOOP('',(#5546));
#2042=FACE_OUTER_BOUND('',#2043,.T.);
#2043=EDGE_LOOP('',(#5547));
#2044=TOROIDAL_SURFACE('',#2045,0.85,0.1);
#2045=AXIS2_PLACEMENT_3D('',#2046,#2047,#2048);
#2046=CARTESIAN_POINT('',(2.,6.12339923155282,11.5));
#2047=DIRECTION('',(0.,-1.,-3.94129173741931E-15));
#2048=DIRECTION('',(1.,-2.07117074125995E-30,5.25505564989239E-16));
#2049=FACE_OUTER_BOUND('',#2050,.T.);
#2050=EDGE_LOOP('',(#5548));
#2051=FACE_OUTER_BOUND('',#2052,.T.);
#2052=EDGE_LOOP('',(#5549));
#2053=TOROIDAL_SURFACE('',#2054,0.85,0.1);
#2054=AXIS2_PLACEMENT_3D('',#2055,#2056,#2057);
#2055=CARTESIAN_POINT('',(6.66133814775094E-16,6.12339923155283,7.50000000000002));
#2056=DIRECTION('',(0.,-1.,-3.94129173741931E-15));
#2057=DIRECTION('',(1.,-2.07117074125995E-30,5.25505564989239E-16));
#2058=FACE_OUTER_BOUND('',#2059,.T.);
#2059=EDGE_LOOP('',(#5550));
#2060=FACE_OUTER_BOUND('',#2061,.T.);
#2061=EDGE_LOOP('',(#5551));
#2062=TOROIDAL_SURFACE('',#2063,0.85,0.1);
#2063=AXIS2_PLACEMENT_3D('',#2064,#2065,#2066);
#2064=CARTESIAN_POINT('',(2.,6.12339923155283,7.50000000000002));
#2065=DIRECTION('',(0.,-1.,-3.94129173741931E-15));
#2066=DIRECTION('',(1.,-2.07117074125995E-30,5.25505564989239E-16));
#2067=FACE_OUTER_BOUND('',#2068,.T.);
#2068=EDGE_LOOP('',(#5552));
#2069=FACE_OUTER_BOUND('',#2070,.T.);
#2070=EDGE_LOOP('',(#5553));
#2071=TOROIDAL_SURFACE('',#2072,0.85,0.1);
#2072=AXIS2_PLACEMENT_3D('',#2073,#2074,#2075);
#2073=CARTESIAN_POINT('',(2.22044604925031E-16,6.12339923155282,9.50000000000002));
#2074=DIRECTION('',(0.,-1.,-3.94129173741931E-15));
#2075=DIRECTION('',(1.,-2.07117074125995E-30,5.25505564989239E-16));
#2076=FACE_OUTER_BOUND('',#2077,.T.);
#2077=EDGE_LOOP('',(#5554));
#2078=FACE_OUTER_BOUND('',#2079,.T.);
#2079=EDGE_LOOP('',(#5555));
#2080=TOROIDAL_SURFACE('',#2081,0.85,0.1);
#2081=AXIS2_PLACEMENT_3D('',#2082,#2083,#2084);
#2082=CARTESIAN_POINT('',(-2.,6.12339923155283,7.50000000000002));
#2083=DIRECTION('',(0.,-1.,-3.94129173741931E-15));
#2084=DIRECTION('',(1.,-2.07117074125995E-30,5.25505564989239E-16));
#2085=FACE_OUTER_BOUND('',#2086,.T.);
#2086=EDGE_LOOP('',(#5556));
#2087=FACE_OUTER_BOUND('',#2088,.T.);
#2088=EDGE_LOOP('',(#5557));
#2089=TOROIDAL_SURFACE('',#2090,0.85,0.1);
#2090=AXIS2_PLACEMENT_3D('',#2091,#2092,#2093);
#2091=CARTESIAN_POINT('',(2.,6.12339923155282,9.50000000000002));
#2092=DIRECTION('',(0.,-1.,-3.94129173741931E-15));
#2093=DIRECTION('',(1.,-2.07117074125995E-30,5.25505564989239E-16));
#2094=FACE_OUTER_BOUND('',#2095,.T.);
#2095=EDGE_LOOP('',(#5558));
#2096=FACE_OUTER_BOUND('',#2097,.T.);
#2097=EDGE_LOOP('',(#5559));
#2098=TOROIDAL_SURFACE('',#2099,0.85,0.1);
#2099=AXIS2_PLACEMENT_3D('',#2100,#2101,#2102);
#2100=CARTESIAN_POINT('',(2.22044604925031E-16,6.12339923155282,11.5));
#2101=DIRECTION('',(0.,-1.,-3.94129173741931E-15));
#2102=DIRECTION('',(1.,-2.07117074125995E-30,5.25505564989239E-16));
#2103=FACE_OUTER_BOUND('',#2104,.T.);
#2104=EDGE_LOOP('',(#5560));
#2105=FACE_OUTER_BOUND('',#2106,.T.);
#2106=EDGE_LOOP('',(#5561));
#2107=TOROIDAL_SURFACE('',#2108,0.85,0.1);
#2108=AXIS2_PLACEMENT_3D('',#2109,#2110,#2111);
#2109=CARTESIAN_POINT('',(-2.,6.12339923155282,9.50000000000002));
#2110=DIRECTION('',(0.,-1.,-3.94129173741931E-15));
#2111=DIRECTION('',(1.,-2.07117074125995E-30,5.25505564989239E-16));
#2112=FACE_OUTER_BOUND('',#2113,.T.);
#2113=EDGE_LOOP('',(#5562));
#2114=FACE_OUTER_BOUND('',#2115,.T.);
#2115=EDGE_LOOP('',(#5563));
#2116=TOROIDAL_SURFACE('',#2117,0.85,0.1);
#2117=AXIS2_PLACEMENT_3D('',#2118,#2119,#2120);
#2118=CARTESIAN_POINT('',(-2.,6.12339923155282,11.5));
#2119=DIRECTION('',(0.,-1.,-3.94129173741931E-15));
#2120=DIRECTION('',(1.,7.26368330385536E-30,-1.84297022087776E-15));
#2121=FACE_BOUND('',#2122,.T.);
#2122=EDGE_LOOP('',(#5564,#5565,#5566,#5567));
#2123=PLANE('',#2124);
#2124=AXIS2_PLACEMENT_3D('',#2125,#2126,#2127);
#2125=CARTESIAN_POINT('',(4.,4.78283029276433,13.8547890145665));
#2126=DIRECTION('',(1.,0.,0.));
#2127=DIRECTION('',(0.,0.707106781186548,-0.707106781186547));
#2128=FACE_BOUND('',#2129,.T.);
#2129=EDGE_LOOP('',(#5568,#5569,#5570,#5571));
#2130=PLANE('',#2131);
#2131=AXIS2_PLACEMENT_3D('',#2132,#2133,#2134);
#2132=CARTESIAN_POINT('',(-4.,4.78283029276433,13.8547890145665));
#2133=DIRECTION('',(0.,-0.707106781186548,0.707106781186547));
#2134=DIRECTION('',(1.,0.,0.));
#2135=FACE_BOUND('',#2136,.T.);
#2136=EDGE_LOOP('',(#5572,#5573,#5574,#5575));
#2137=PLANE('',#2138);
#2138=AXIS2_PLACEMENT_3D('',#2139,#2140,#2141);
#2139=CARTESIAN_POINT('',(-4.,33.2792335745822,-14.6416142672513));
#2140=DIRECTION('',(-1.,0.,0.));
#2141=DIRECTION('',(0.,-0.707106781186548,0.707106781186547));
#2142=FACE_BOUND('',#2143,.T.);
#2143=EDGE_LOOP('',(#5576));
#2144=PLANE('',#2145);
#2145=AXIS2_PLACEMENT_3D('',#2146,#2147,#2148);
#2146=CARTESIAN_POINT('',(0.,6.22339923155286,2.45282319699809E-14));
#2147=DIRECTION('',(0.,-1.,-3.94129173741931E-15));
#2148=DIRECTION('',(1.,0.,0.));
#2149=FACE_BOUND('',#2150,.T.);
#2150=EDGE_LOOP('',(#5577,#5578,#5579,#5580));
#2151=PLANE('',#2152);
#2152=AXIS2_PLACEMENT_3D('',#2153,#2154,#2155);
#2153=CARTESIAN_POINT('',(0.,-12.4938098918205,-20.5187998581616));
#2154=DIRECTION('',(0.,0.819152044288993,-0.573576436351045));
#2155=DIRECTION('',(1.,0.,0.));
#2156=FACE_BOUND('',#2157,.T.);
#2157=EDGE_LOOP('',(#5581,#5582,#5583,#5584));
#2158=PLANE('',#2159);
#2159=AXIS2_PLACEMENT_3D('',#2160,#2161,#2162);
#2160=CARTESIAN_POINT('',(-4.,2.60327442431537,4.27672557568463));
#2161=DIRECTION('',(-1.,-1.11022302462516E-15,0.));
#2162=DIRECTION('',(0.,0.,-1.));
#2163=FACE_BOUND('',#2164,.T.);
#2164=EDGE_LOOP('',(#5585,#5586,#5587,#5588));
#2165=PLANE('',#2166);
#2166=AXIS2_PLACEMENT_3D('',#2167,#2168,#2169);
#2167=CARTESIAN_POINT('',(0.,2.60327442431537,31.2767255756846));
#2168=DIRECTION('',(0.,-1.,0.));
#2169=DIRECTION('',(1.,0.,0.));
#2170=FACE_BOUND('',#2171,.T.);
#2171=EDGE_LOOP('',(#5589,#5590,#5591,#5592));
#2172=PLANE('',#2173);
#2173=AXIS2_PLACEMENT_3D('',#2174,#2175,#2176);
#2174=CARTESIAN_POINT('',(4.,2.20327442431537,4.27672557568463));
#2175=DIRECTION('',(1.,2.22044604925031E-15,0.));
#2176=DIRECTION('',(0.,0.,-1.));
#2177=FACE_BOUND('',#2178,.T.);
#2178=EDGE_LOOP('',(#5593,#5594,#5595,#5596,#5597,#5598));
#2179=PLANE('',#2180);
#2180=AXIS2_PLACEMENT_3D('',#2181,#2182,#2183);
#2181=CARTESIAN_POINT('',(0.,33.7034976432941,-14.500192911014));
#2182=DIRECTION('',(0.,0.707106781186547,0.707106781186548));
#2183=DIRECTION('',(1.,0.,0.));
#2184=FACE_OUTER_BOUND('',#2185,.T.);
#2185=EDGE_LOOP('',(#5599));
#2186=FACE_OUTER_BOUND('',#2187,.T.);
#2187=EDGE_LOOP('',(#5600));
#2188=DEGENERATE_TOROIDAL_SURFACE('',#2189,0.249999999999998,0.500000000000002,.T.);
#2189=AXIS2_PLACEMENT_3D('',#2190,#2191,#2192);
#2190=CARTESIAN_POINT('',(2.,6.12339923155281,11.5));
#2191=DIRECTION('',(0.,-1.,-3.94129173741931E-15));
#2192=DIRECTION('',(1.,1.03558537062998E-29,-2.62752782494621E-15));
#2193=FACE_OUTER_BOUND('',#2194,.T.);
#2194=EDGE_LOOP('',(#5601));
#2195=FACE_OUTER_BOUND('',#2196,.T.);
#2196=EDGE_LOOP('',(#5602));
#2197=DEGENERATE_TOROIDAL_SURFACE('',#2198,0.249999999999998,0.500000000000002,.T.);
#2198=AXIS2_PLACEMENT_3D('',#2199,#2200,#2201);
#2199=CARTESIAN_POINT('',(6.66133814775094E-16,6.12339923155283,7.50000000000002));
#2200=DIRECTION('',(0.,-1.,-3.94129173741931E-15));
#2201=DIRECTION('',(1.,1.03558537062998E-29,-2.62752782494621E-15));
#2202=FACE_OUTER_BOUND('',#2203,.T.);
#2203=EDGE_LOOP('',(#5603));
#2204=FACE_OUTER_BOUND('',#2205,.T.);
#2205=EDGE_LOOP('',(#5604));
#2206=DEGENERATE_TOROIDAL_SURFACE('',#2207,0.249999999999998,0.500000000000002,.T.);
#2207=AXIS2_PLACEMENT_3D('',#2208,#2209,#2210);
#2208=CARTESIAN_POINT('',(2.,6.12339923155283,7.50000000000002));
#2209=DIRECTION('',(0.,-1.,-3.94129173741931E-15));
#2210=DIRECTION('',(1.,1.03558537062998E-29,-2.62752782494621E-15));
#2211=FACE_OUTER_BOUND('',#2212,.T.);
#2212=EDGE_LOOP('',(#5605));
#2213=FACE_OUTER_BOUND('',#2214,.T.);
#2214=EDGE_LOOP('',(#5606));
#2215=DEGENERATE_TOROIDAL_SURFACE('',#2216,0.249999999999998,0.500000000000002,.T.);
#2216=AXIS2_PLACEMENT_3D('',#2217,#2218,#2219);
#2217=CARTESIAN_POINT('',(2.22044604925031E-16,6.12339923155282,9.50000000000002));
#2218=DIRECTION('',(0.,-1.,-3.94129173741931E-15));
#2219=DIRECTION('',(1.,1.03558537062998E-29,-2.62752782494621E-15));
#2220=FACE_OUTER_BOUND('',#2221,.T.);
#2221=EDGE_LOOP('',(#5607));
#2222=FACE_OUTER_BOUND('',#2223,.T.);
#2223=EDGE_LOOP('',(#5608));
#2224=DEGENERATE_TOROIDAL_SURFACE('',#2225,0.249999999999998,0.500000000000002,.T.);
#2225=AXIS2_PLACEMENT_3D('',#2226,#2227,#2228);
#2226=CARTESIAN_POINT('',(-2.,6.12339923155283,7.50000000000002));
#2227=DIRECTION('',(0.,-1.,-3.94129173741931E-15));
#2228=DIRECTION('',(1.,1.03558537062998E-29,-2.62752782494621E-15));
#2229=FACE_OUTER_BOUND('',#2230,.T.);
#2230=EDGE_LOOP('',(#5609));
#2231=FACE_OUTER_BOUND('',#2232,.T.);
#2232=EDGE_LOOP('',(#5610));
#2233=DEGENERATE_TOROIDAL_SURFACE('',#2234,0.249999999999998,0.500000000000002,.T.);
#2234=AXIS2_PLACEMENT_3D('',#2235,#2236,#2237);
#2235=CARTESIAN_POINT('',(2.,6.12339923155282,9.50000000000002));
#2236=DIRECTION('',(0.,-1.,-3.94129173741931E-15));
#2237=DIRECTION('',(1.,1.03558537062998E-29,-2.62752782494621E-15));
#2238=FACE_OUTER_BOUND('',#2239,.T.);
#2239=EDGE_LOOP('',(#5611));
#2240=FACE_OUTER_BOUND('',#2241,.T.);
#2241=EDGE_LOOP('',(#5612));
#2242=DEGENERATE_TOROIDAL_SURFACE('',#2243,0.249999999999998,0.500000000000002,.T.);
#2243=AXIS2_PLACEMENT_3D('',#2244,#2245,#2246);
#2244=CARTESIAN_POINT('',(2.22044604925031E-16,6.12339923155281,11.5));
#2245=DIRECTION('',(0.,-1.,-3.94129173741931E-15));
#2246=DIRECTION('',(1.,1.03558537062998E-29,-2.62752782494621E-15));
#2247=FACE_OUTER_BOUND('',#2248,.T.);
#2248=EDGE_LOOP('',(#5613));
#2249=FACE_OUTER_BOUND('',#2250,.T.);
#2250=EDGE_LOOP('',(#5614));
#2251=DEGENERATE_TOROIDAL_SURFACE('',#2252,0.249999999999998,0.500000000000002,.T.);
#2252=AXIS2_PLACEMENT_3D('',#2253,#2254,#2255);
#2253=CARTESIAN_POINT('',(-2.,6.12339923155282,9.50000000000002));
#2254=DIRECTION('',(0.,-1.,-3.94129173741931E-15));
#2255=DIRECTION('',(1.,1.03558537062998E-29,-2.62752782494621E-15));
#2256=FACE_OUTER_BOUND('',#2257,.T.);
#2257=EDGE_LOOP('',(#5615));
#2258=FACE_OUTER_BOUND('',#2259,.T.);
#2259=EDGE_LOOP('',(#5616));
#2260=DEGENERATE_TOROIDAL_SURFACE('',#2261,0.249999999999998,0.500000000000002,.T.);
#2261=AXIS2_PLACEMENT_3D('',#2262,#2263,#2264);
#2262=CARTESIAN_POINT('',(-2.,6.12339923155281,11.5));
#2263=DIRECTION('',(0.,-1.,-3.94129173741931E-15));
#2264=DIRECTION('',(1.,1.03558537062998E-29,-2.62752782494621E-15));
#2265=FACE_BOUND('',#2266,.T.);
#2266=EDGE_LOOP('',(#5617,#5618,#5619,#5620));
#2267=CYLINDRICAL_SURFACE('',#2268,1.2);
#2268=AXIS2_PLACEMENT_3D('',#2269,#2270,#2271);
#2269=CARTESIAN_POINT('',(4.,3.40327442431537,4.27672557568463));
#2270=DIRECTION('',(-1.,0.,0.));
#2271=DIRECTION('',(0.,-1.,0.));
#2272=FACE_BOUND('',#2273,.T.);
#2273=EDGE_LOOP('',(#5621,#5622,#5623,#5624));
#2274=PLANE('',#2275);
#2275=AXIS2_PLACEMENT_3D('',#2276,#2277,#2278);
#2276=CARTESIAN_POINT('',(-4.,2.60327442431537,31.0767255756846));
#2277=DIRECTION('',(-1.,0.,0.));
#2278=DIRECTION('',(0.,0.,-1.));
#2279=FACE_BOUND('',#2280,.T.);
#2280=EDGE_LOOP('',(#5625,#5626,#5627,#5628));
#2281=CYLINDRICAL_SURFACE('',#2282,0.9);
#2282=AXIS2_PLACEMENT_3D('',#2283,#2284,#2285);
#2283=CARTESIAN_POINT('',(-4.,1.70327442431537,14.));
#2284=DIRECTION('',(-1.,0.,0.));
#2285=DIRECTION('',(0.,0.,1.));
#2286=FACE_BOUND('',#2287,.T.);
#2287=EDGE_LOOP('',(#5629,#5630,#5631,#5632));
#2288=PLANE('',#2289);
#2289=AXIS2_PLACEMENT_3D('',#2290,#2291,#2292);
#2290=CARTESIAN_POINT('',(4.,2.60327442431537,-9.22327442431537));
#2291=DIRECTION('',(1.,0.,0.));
#2292=DIRECTION('',(0.,0.,1.));
#2293=FACE_BOUND('',#2294,.T.);
#2294=EDGE_LOOP('',(#5633));
#2295=PLANE('',#2296);
#2296=AXIS2_PLACEMENT_3D('',#2297,#2298,#2299);
#2297=CARTESIAN_POINT('',(4.,6.62339923155286,2.61047486649487E-14));
#2298=DIRECTION('',(0.,-1.,-3.94129173741931E-15));
#2299=DIRECTION('',(1.,0.,0.));
#2300=FACE_BOUND('',#2301,.T.);
#2301=EDGE_LOOP('',(#5634));
#2302=PLANE('',#2303);
#2303=AXIS2_PLACEMENT_3D('',#2304,#2305,#2306);
#2304=CARTESIAN_POINT('',(2.,6.62339923155288,-3.99999999999997));
#2305=DIRECTION('',(0.,-1.,-3.94129173741931E-15));
#2306=DIRECTION('',(1.,0.,0.));
#2307=FACE_BOUND('',#2308,.T.);
#2308=EDGE_LOOP('',(#5635));
#2309=PLANE('',#2310);
#2310=AXIS2_PLACEMENT_3D('',#2311,#2312,#2313);
#2311=CARTESIAN_POINT('',(4.,6.62339923155288,-3.99999999999997));
#2312=DIRECTION('',(0.,-1.,-3.94129173741931E-15));
#2313=DIRECTION('',(1.,0.,0.));
#2314=FACE_BOUND('',#2315,.T.);
#2315=EDGE_LOOP('',(#5636));
#2316=PLANE('',#2317);
#2317=AXIS2_PLACEMENT_3D('',#2318,#2319,#2320);
#2318=CARTESIAN_POINT('',(2.,6.62339923155287,-1.99999999999997));
#2319=DIRECTION('',(0.,-1.,-3.94129173741931E-15));
#2320=DIRECTION('',(1.,0.,0.));
#2321=FACE_BOUND('',#2322,.T.);
#2322=EDGE_LOOP('',(#5637));
#2323=PLANE('',#2324);
#2324=AXIS2_PLACEMENT_3D('',#2325,#2326,#2327);
#2325=CARTESIAN_POINT('',(2.22044604925031E-16,6.62339923155288,-3.99999999999997));
#2326=DIRECTION('',(0.,-1.,-3.94129173741931E-15));
#2327=DIRECTION('',(1.,0.,0.));
#2328=FACE_BOUND('',#2329,.T.);
#2329=EDGE_LOOP('',(#5638));
#2330=PLANE('',#2331);
#2331=AXIS2_PLACEMENT_3D('',#2332,#2333,#2334);
#2332=CARTESIAN_POINT('',(4.,6.62339923155287,-1.99999999999997));
#2333=DIRECTION('',(0.,-1.,-3.94129173741931E-15));
#2334=DIRECTION('',(1.,0.,0.));
#2335=FACE_BOUND('',#2336,.T.);
#2336=EDGE_LOOP('',(#5639));
#2337=PLANE('',#2338);
#2338=AXIS2_PLACEMENT_3D('',#2339,#2340,#2341);
#2339=CARTESIAN_POINT('',(2.,6.62339923155286,2.61047486649487E-14));
#2340=DIRECTION('',(0.,-1.,-3.94129173741931E-15));
#2341=DIRECTION('',(1.,0.,0.));
#2342=FACE_BOUND('',#2343,.T.);
#2343=EDGE_LOOP('',(#5640));
#2344=PLANE('',#2345);
#2345=AXIS2_PLACEMENT_3D('',#2346,#2347,#2348);
#2346=CARTESIAN_POINT('',(2.22044604925031E-16,6.62339923155287,-1.99999999999997));
#2347=DIRECTION('',(0.,-1.,-3.94129173741931E-15));
#2348=DIRECTION('',(1.,0.,0.));
#2349=FACE_BOUND('',#2350,.T.);
#2350=EDGE_LOOP('',(#5641));
#2351=PLANE('',#2352);
#2352=AXIS2_PLACEMENT_3D('',#2353,#2354,#2355);
#2353=CARTESIAN_POINT('',(0.,6.62339923155286,2.61047486649487E-14));
#2354=DIRECTION('',(0.,-1.,-3.94129173741931E-15));
#2355=DIRECTION('',(1.,0.,0.));
#2356=FACE_BOUND('',#2357,.T.);
#2357=EDGE_LOOP('',(#5642,#5643,#5644,#5645));
#2358=PLANE('',#2359);
#2359=AXIS2_PLACEMENT_3D('',#2360,#2361,#2362);
#2360=CARTESIAN_POINT('',(0.,2.20327442431537,31.2767255756846));
#2361=DIRECTION('',(0.,-1.,0.));
#2362=DIRECTION('',(1.,0.,0.));
#2363=FACE_BOUND('',#2364,.T.);
#2364=EDGE_LOOP('',(#5646,#5647,#5648,#5649));
#2365=PLANE('',#2366);
#2366=AXIS2_PLACEMENT_3D('',#2367,#2368,#2369);
#2367=CARTESIAN_POINT('',(-4.,1.70327442431537,14.9));
#2368=DIRECTION('',(-1.,0.,0.));
#2369=DIRECTION('',(0.,1.,0.));
#2370=FACE_BOUND('',#2371,.T.);
#2371=EDGE_LOOP('',(#5650,#5651,#5652,#5653));
#2372=PLANE('',#2373);
#2373=AXIS2_PLACEMENT_3D('',#2374,#2375,#2376);
#2374=CARTESIAN_POINT('',(0.,-14.5367255756846,14.9));
#2375=DIRECTION('',(0.,0.,-1.));
#2376=DIRECTION('',(1.,0.,0.));
#2377=FACE_BOUND('',#2378,.T.);
#2378=EDGE_LOOP('',(#5654,#5655,#5656,#5657));
#2379=PLANE('',#2380);
#2380=AXIS2_PLACEMENT_3D('',#2381,#2382,#2383);
#2381=CARTESIAN_POINT('',(4.,1.70327442431537,14.5));
#2382=DIRECTION('',(1.,0.,0.));
#2383=DIRECTION('',(0.,1.,0.));
#2384=FACE_BOUND('',#2385,.T.);
#2385=EDGE_LOOP('',(#5658,#5659,#5660,#5661));
#2386=CYLINDRICAL_SURFACE('',#2387,0.5);
#2387=AXIS2_PLACEMENT_3D('',#2388,#2389,#2390);
#2388=CARTESIAN_POINT('',(4.,1.70327442431537,14.));
#2389=DIRECTION('',(1.,0.,0.));
#2390=DIRECTION('',(0.,0.,1.));
#2391=FACE_BOUND('',#2392,.T.);
#2392=EDGE_LOOP('',(#5662,#5663,#5664,#5665));
#2393=PLANE('',#2394);
#2394=AXIS2_PLACEMENT_3D('',#2395,#2396,#2397);
#2395=CARTESIAN_POINT('',(-4.,-14.3367255756846,14.9));
#2396=DIRECTION('',(-1.,0.,0.));
#2397=DIRECTION('',(0.,1.,0.));
#2398=FACE_BOUND('',#2399,.T.);
#2399=EDGE_LOOP('',(#5666,#5667,#5668,#5669));
#2400=CYLINDRICAL_SURFACE('',#2401,0.9);
#2401=AXIS2_PLACEMENT_3D('',#2402,#2403,#2404);
#2402=CARTESIAN_POINT('',(-4.,0.5,14.));
#2403=DIRECTION('',(-1.,0.,0.));
#2404=DIRECTION('',(0.,-1.,0.));
#2405=FACE_BOUND('',#2406,.T.);
#2406=EDGE_LOOP('',(#5670,#5671,#5672,#5673));
#2407=PLANE('',#2408);
#2408=AXIS2_PLACEMENT_3D('',#2409,#2410,#2411);
#2409=CARTESIAN_POINT('',(4.,25.9632744243154,14.9));
#2410=DIRECTION('',(1.,0.,0.));
#2411=DIRECTION('',(0.,-1.,0.));
#2412=FACE_BOUND('',#2413,.T.);
#2413=EDGE_LOOP('',(#5674,#5675,#5676,#5677));
#2414=PLANE('',#2415);
#2415=AXIS2_PLACEMENT_3D('',#2416,#2417,#2418);
#2416=CARTESIAN_POINT('',(0.,-14.5367255756846,14.5));
#2417=DIRECTION('',(0.,0.,-1.));
#2418=DIRECTION('',(1.,0.,0.));
#2419=FACE_BOUND('',#2420,.T.);
#2420=EDGE_LOOP('',(#5678,#5679,#5680,#5681));
#2421=PLANE('',#2422);
#2422=AXIS2_PLACEMENT_3D('',#2423,#2424,#2425);
#2423=CARTESIAN_POINT('',(-4.,-0.4,14.));
#2424=DIRECTION('',(-1.,0.,0.));
#2425=DIRECTION('',(0.,-2.69144975666705E-15,1.));
#2426=FACE_BOUND('',#2427,.T.);
#2427=EDGE_LOOP('',(#5682,#5683,#5684,#5685,#5686,#5687,#5688,#5689));
#2428=PLANE('',#2429);
#2429=AXIS2_PLACEMENT_3D('',#2430,#2431,#2432);
#2430=CARTESIAN_POINT('',(0.,-0.4,0.));
#2431=DIRECTION('',(0.,1.,0.));
#2432=DIRECTION('',(1.,0.,0.));
#2433=FACE_BOUND('',#2434,.T.);
#2434=EDGE_LOOP('',(#5690,#5691,#5692,#5693));
#2435=PLANE('',#2436);
#2436=AXIS2_PLACEMENT_3D('',#2437,#2438,#2439);
#2437=CARTESIAN_POINT('',(4.,0.,14.));
#2438=DIRECTION('',(1.,0.,0.));
#2439=DIRECTION('',(0.,0.,1.));
#2440=FACE_BOUND('',#2441,.T.);
#2441=EDGE_LOOP('',(#5694,#5695,#5696,#5697));
#2442=CYLINDRICAL_SURFACE('',#2443,0.5);
#2443=AXIS2_PLACEMENT_3D('',#2444,#2445,#2446);
#2444=CARTESIAN_POINT('',(4.,0.5,14.));
#2445=DIRECTION('',(1.,0.,0.));
#2446=DIRECTION('',(0.,-1.,0.));
#2447=FACE_BOUND('',#2448,.T.);
#2448=EDGE_LOOP('',(#5698,#5699,#5700,#5701));
#2449=PLANE('',#2450);
#2450=AXIS2_PLACEMENT_3D('',#2451,#2452,#2453);
#2451=CARTESIAN_POINT('',(-4.,-0.4,0.2));
#2452=DIRECTION('',(-1.,0.,0.));
#2453=DIRECTION('',(0.,0.,1.));
#2454=FACE_BOUND('',#2455,.T.);
#2455=EDGE_LOOP('',(#5702,#5703,#5704,#5705));
#2456=CYLINDRICAL_SURFACE('',#2457,0.4);
#2457=AXIS2_PLACEMENT_3D('',#2458,#2459,#2460);
#2458=CARTESIAN_POINT('',(3.,-0.8,-5.1676392725965E-16));
#2459=DIRECTION('',(-1.,0.,1.72254642419883E-16));
#2460=DIRECTION('',(0.,1.,0.));
#2461=FACE_BOUND('',#2462,.T.);
#2462=EDGE_LOOP('',(#5706,#5707,#5708,#5709));
#2463=PLANE('',#2464);
#2464=AXIS2_PLACEMENT_3D('',#2465,#2466,#2467);
#2465=CARTESIAN_POINT('',(3.,-0.4,0.2));
#2466=DIRECTION('',(1.,0.,0.));
#2467=DIRECTION('',(0.,0.,-1.));
#2468=FACE_BOUND('',#2469,.T.);
#2469=EDGE_LOOP('',(#5710,#5711,#5712,#5713));
#2470=PLANE('',#2471);
#2471=AXIS2_PLACEMENT_3D('',#2472,#2473,#2474);
#2472=CARTESIAN_POINT('',(4.,-0.4,0.2));
#2473=DIRECTION('',(5.55111512312578E-17,0.,-1.));
#2474=DIRECTION('',(-1.,0.,-5.55111512312578E-17));
#2475=FACE_BOUND('',#2476,.T.);
#2476=EDGE_LOOP('',(#5714,#5715,#5716,#5717));
#2477=PLANE('',#2478);
#2478=AXIS2_PLACEMENT_3D('',#2479,#2480,#2481);
#2479=CARTESIAN_POINT('',(4.,-0.4,40.5));
#2480=DIRECTION('',(1.,0.,0.));
#2481=DIRECTION('',(0.,0.,-1.));
#2482=FACE_BOUND('',#2483,.T.);
#2483=EDGE_LOOP('',(#5718,#5719,#5720,#5721));
#2484=PLANE('',#2485);
#2485=AXIS2_PLACEMENT_3D('',#2486,#2487,#2488);
#2486=CARTESIAN_POINT('',(-3.,-0.4,0.2));
#2487=DIRECTION('',(5.55111512312578E-17,0.,-1.));
#2488=DIRECTION('',(-1.,0.,-5.55111512312578E-17));
#2489=FACE_BOUND('',#2490,.T.);
#2490=EDGE_LOOP('',(#5722,#5723,#5724,#5725));
#2491=PLANE('',#2492);
#2492=AXIS2_PLACEMENT_3D('',#2493,#2494,#2495);
#2493=CARTESIAN_POINT('',(-3.,-0.4,-1.));
#2494=DIRECTION('',(-1.,0.,0.));
#2495=DIRECTION('',(0.,0.,1.));
#2496=FACE_BOUND('',#2497,.T.);
#2497=EDGE_LOOP('',(#5726,#5727,#5728,#5729,#5730,#5731,#5732,#5733));
#2498=PLANE('',#2499);
#2499=AXIS2_PLACEMENT_3D('',#2500,#2501,#2502);
#2500=CARTESIAN_POINT('',(0.,0.,0.));
#2501=DIRECTION('',(0.,1.,0.));
#2502=DIRECTION('',(1.,0.,0.));
#2503=FACE_BOUND('',#2504,.T.);
#2504=EDGE_LOOP('',(#5734,#5735,#5736,#5737,#5738,#5739,#5740,#5741));
#2505=FACE_BOUND('',#2506,.T.);
#2506=EDGE_LOOP('',(#5742,#5743,#5744,#5745));
#2507=PLANE('',#2508);
#2508=AXIS2_PLACEMENT_3D('',#2509,#2510,#2511);
#2509=CARTESIAN_POINT('',(6.89018569679533E-17,0.0796459430051422,-0.4));
#2510=DIRECTION('',(-1.72254642419883E-16,-1.60812264967664E-16,-1.));
#2511=DIRECTION('',(1.,1.77635683940025E-16,-1.72254642419883E-16));
#2512=FACE_BOUND('',#2513,.T.);
#2513=EDGE_LOOP('',(#5746,#5747,#5748,#5749));
#2514=PLANE('',#2515);
#2515=AXIS2_PLACEMENT_3D('',#2516,#2517,#2518);
#2516=CARTESIAN_POINT('',(3.,-0.4,-5.24329648286292E-16));
#2517=DIRECTION('',(1.,1.11022302462516E-15,-8.79044571633998E-16));
#2518=DIRECTION('',(-8.79044571633998E-16,-1.89143025666057E-17,-1.));
#2519=FACE_BOUND('',#2520,.T.);
#2520=EDGE_LOOP('',(#5750,#5751,#5752,#5753));
#2521=PLANE('',#2522);
#2522=AXIS2_PLACEMENT_3D('',#2523,#2524,#2525);
#2523=CARTESIAN_POINT('',(-3.,0.,6.11197013929017E-16));
#2524=DIRECTION('',(-1.,-2.03331719710472E-32,1.72254642419883E-16));
#2525=DIRECTION('',(-1.72254642419883E-16,1.18041358336709E-16,-1.));
#2526=FACE_BOUND('',#2527,.T.);
#2527=EDGE_LOOP('',(#5754,#5755,#5756,#5757));
#2528=CYLINDRICAL_SURFACE('',#2529,0.8);
#2529=AXIS2_PLACEMENT_3D('',#2530,#2531,#2532);
#2530=CARTESIAN_POINT('',(-3.,-0.8,5.1676392725965E-16));
#2531=DIRECTION('',(1.,0.,-1.72254642419883E-16));
#2532=DIRECTION('',(0.,1.,0.));
#2533=FACE_BOUND('',#2534,.T.);
#2534=EDGE_LOOP('',(#5758,#5759,#5760,#5761));
#2535=PLANE('',#2536);
#2536=AXIS2_PLACEMENT_3D('',#2537,#2538,#2539);
#2537=CARTESIAN_POINT('',(-3.,-0.920354056994858,-0.399999999999999));
#2538=DIRECTION('',(-1.,-1.77635683940025E-16,1.72254642419883E-16));
#2539=DIRECTION('',(-1.77635683940025E-16,1.,-1.60812264967664E-16));
#2540=FACE_BOUND('',#2541,.T.);
#2541=EDGE_LOOP('',(#5762,#5763,#5764,#5765));
#2542=PLANE('',#2543);
#2543=AXIS2_PLACEMENT_3D('',#2544,#2545,#2546);
#2544=CARTESIAN_POINT('',(-4.,-0.920354056994859,-0.399999999999999));
#2545=DIRECTION('',(-3.99680288865057E-16,1.,-1.60812264967664E-16));
#2546=DIRECTION('',(1.,3.99680288865057E-16,-1.72254642419883E-16));
#2547=FACE_BOUND('',#2548,.T.);
#2548=EDGE_LOOP('',(#5766,#5767,#5768,#5769));
#2549=PLANE('',#2550);
#2550=AXIS2_PLACEMENT_3D('',#2551,#2552,#2553);
#2551=CARTESIAN_POINT('',(-4.,-6.32035405699486,-0.399999999999998));
#2552=DIRECTION('',(-1.,-1.77635683940025E-16,1.72254642419883E-16));
#2553=DIRECTION('',(-1.77635683940025E-16,1.,-1.60812264967664E-16));
#2554=FACE_BOUND('',#2555,.T.);
#2555=EDGE_LOOP('',(#5770,#5771,#5772,#5773));
#2556=PLANE('',#2557);
#2557=AXIS2_PLACEMENT_3D('',#2558,#2559,#2560);
#2558=CARTESIAN_POINT('',(4.,-6.32035405699486,-0.4));
#2559=DIRECTION('',(1.77635683940025E-16,-1.,1.60812264967664E-16));
#2560=DIRECTION('',(-1.,-1.77635683940025E-16,1.72254642419883E-16));
#2561=FACE_BOUND('',#2562,.T.);
#2562=EDGE_LOOP('',(#5774,#5775,#5776,#5777));
#2563=PLANE('',#2564);
#2564=AXIS2_PLACEMENT_3D('',#2565,#2566,#2567);
#2565=CARTESIAN_POINT('',(4.,-0.920354056994857,-0.400000000000001));
#2566=DIRECTION('',(1.,3.42113169069678E-16,-1.72254642419883E-16));
#2567=DIRECTION('',(3.42113169069678E-16,-1.,1.60812264967664E-16));
#2568=FACE_BOUND('',#2569,.T.);
#2569=EDGE_LOOP('',(#5778,#5779,#5780,#5781));
#2570=PLANE('',#2571);
#2571=AXIS2_PLACEMENT_3D('',#2572,#2573,#2574);
#2572=CARTESIAN_POINT('',(3.,-0.920354056994857,-0.4));
#2573=DIRECTION('',(-2.88657986402541E-16,1.,-1.60812264967664E-16));
#2574=DIRECTION('',(1.,2.88657986402541E-16,-1.72254642419883E-16));
#2575=FACE_BOUND('',#2576,.T.);
#2576=EDGE_LOOP('',(#5782,#5783,#5784,#5785));
#2577=PLANE('',#2578);
#2578=AXIS2_PLACEMENT_3D('',#2579,#2580,#2581);
#2579=CARTESIAN_POINT('',(3.,0.279645943005143,-0.400000000000001));
#2580=DIRECTION('',(1.,1.77635683940025E-16,-1.72254642419883E-16));
#2581=DIRECTION('',(1.77635683940025E-16,-1.,1.60812264967664E-16));
#2582=FACE_BOUND('',#2583,.T.);
#2583=EDGE_LOOP('',(#5786,#5787,#5788,#5789));
#2584=PLANE('',#2585);
#2585=AXIS2_PLACEMENT_3D('',#2586,#2587,#2588);
#2586=CARTESIAN_POINT('',(0.500000000000001,-4.62035405699486,-0.399999999999999));
#2587=DIRECTION('',(1.77635683940025E-16,-1.,1.60812264967664E-16));
#2588=DIRECTION('',(-1.,-1.77635683940025E-16,1.72254642419883E-16));
#2589=FACE_BOUND('',#2590,.T.);
#2590=EDGE_LOOP('',(#5790,#5791,#5792,#5793));
#2591=CYLINDRICAL_SURFACE('',#2592,0.7);
#2592=AXIS2_PLACEMENT_3D('',#2593,#2594,#2595);
#2593=CARTESIAN_POINT('',(-0.499999999999999,-3.92035405699486,-0.399999999999999));
#2594=DIRECTION('',(-1.72254642419883E-16,-1.60812264967664E-16,-1.));
#2595=DIRECTION('',(6.53445551636521E-16,-1.,1.60812264967664E-16));
#2596=FACE_BOUND('',#2597,.T.);
#2597=EDGE_LOOP('',(#5794,#5795,#5796,#5797));
#2598=PLANE('',#2599);
#2599=AXIS2_PLACEMENT_3D('',#2600,#2601,#2602);
#2600=CARTESIAN_POINT('',(-0.499999999999999,-3.22035405699486,-0.399999999999999));
#2601=DIRECTION('',(-1.77635683940025E-16,1.,-1.60812264967664E-16));
#2602=DIRECTION('',(1.,1.77635683940025E-16,-1.72254642419883E-16));
#2603=FACE_BOUND('',#2604,.T.);
#2604=EDGE_LOOP('',(#5798,#5799,#5800,#5801));
#2605=CYLINDRICAL_SURFACE('',#2606,0.7);
#2606=AXIS2_PLACEMENT_3D('',#2607,#2608,#2609);
#2607=CARTESIAN_POINT('',(0.500000000000001,-3.92035405699486,-0.4));
#2608=DIRECTION('',(-1.72254642419883E-16,-1.60812264967664E-16,-1.));
#2609=DIRECTION('',(-3.3623897317219E-16,1.,-1.60812264967664E-16));
#2610=FACE_BOUND('',#2611,.T.);
#2611=EDGE_LOOP('',(#5802,#5803,#5804,#5805,#5806,#5807,#5808,#5809));
#2612=FACE_BOUND('',#2613,.T.);
#2613=EDGE_LOOP('',(#5810,#5811,#5812,#5813));
#2614=PLANE('',#2615);
#2615=AXIS2_PLACEMENT_3D('',#2616,#2617,#2618);
#2616=CARTESIAN_POINT('',(0.,0.0796459430051422,-0.8));
#2617=DIRECTION('',(-1.72254642419883E-16,-1.60812264967664E-16,-1.));
#2618=DIRECTION('',(1.,1.77635683940025E-16,-1.72254642419883E-16));
#2619=FACE_BOUND('',#2620,.T.);
#2620=EDGE_LOOP('',(#5814,#5815,#5816,#5817));
#2621=CYLINDRICAL_SURFACE('',#2622,0.6);
#2622=AXIS2_PLACEMENT_3D('',#2623,#2624,#2625);
#2623=CARTESIAN_POINT('',(3.4,3.51003808662855,11.7334686710069));
#2624=DIRECTION('',(0.,-0.707106781186547,-0.707106781186548));
#2625=DIRECTION('',(1.,3.70074341541719E-16,-3.70074341541719E-16));
#2626=FACE_BOUND('',#2627,.T.);
#2627=EDGE_LOOP('',(#5818,#5819,#5820,#5821));
#2628=CYLINDRICAL_SURFACE('',#2629,0.6);
#2629=AXIS2_PLACEMENT_3D('',#2630,#2631,#2632);
#2630=CARTESIAN_POINT('',(-3.4,3.51003808662852,11.7334686710068));
#2631=DIRECTION('',(0.,-0.707106781186547,-0.707106781186548));
#2632=DIRECTION('',(7.40148683083441E-16,-0.707106781186548,0.707106781186547));
#2633=FACE_BOUND('',#2634,.T.);
#2634=EDGE_LOOP('',(#5822,#5823,#5824,#5825,#5826,#5827,#5828,#5829));
#2635=PLANE('',#2636);
#2636=AXIS2_PLACEMENT_3D('',#2637,#2638,#2639);
#2637=CARTESIAN_POINT('',(0.,-0.4,0.));
#2638=DIRECTION('',(0.,1.,0.));
#2639=DIRECTION('',(1.,0.,0.));
#2640=FACE_BOUND('',#2641,.T.);
#2641=EDGE_LOOP('',(#5830,#5831,#5832,#5833));
#2642=PLANE('',#2643);
#2643=AXIS2_PLACEMENT_3D('',#2644,#2645,#2646);
#2644=CARTESIAN_POINT('',(-3.,-0.4,-1.));
#2645=DIRECTION('',(-1.,0.,-3.70074341541719E-16));
#2646=DIRECTION('',(-3.70074341541719E-16,0.,1.));
#2647=FACE_BOUND('',#2648,.T.);
#2648=EDGE_LOOP('',(#5834,#5835,#5836,#5837));
#2649=PLANE('',#2650);
#2650=AXIS2_PLACEMENT_3D('',#2651,#2652,#2653);
#2651=CARTESIAN_POINT('',(-3.,-0.4,0.2));
#2652=DIRECTION('',(0.,0.,-1.));
#2653=DIRECTION('',(-1.,0.,0.));
#2654=FACE_BOUND('',#2655,.T.);
#2655=EDGE_LOOP('',(#5838,#5839,#5840,#5841));
#2656=PLANE('',#2657);
#2657=AXIS2_PLACEMENT_3D('',#2658,#2659,#2660);
#2658=CARTESIAN_POINT('',(-4.,-0.4,0.2));
#2659=DIRECTION('',(-1.,0.,0.));
#2660=DIRECTION('',(0.,0.,1.));
#2661=FACE_BOUND('',#2662,.T.);
#2662=EDGE_LOOP('',(#5842,#5843,#5844,#5845));
#2663=CYLINDRICAL_SURFACE('',#2664,0.9);
#2664=AXIS2_PLACEMENT_3D('',#2665,#2666,#2667);
#2665=CARTESIAN_POINT('',(-4.,0.5,14.));
#2666=DIRECTION('',(-1.,0.,0.));
#2667=DIRECTION('',(0.,-1.,0.));
#2668=FACE_BOUND('',#2669,.T.);
#2669=EDGE_LOOP('',(#5846,#5847,#5848,#5849));
#2670=PLANE('',#2671);
#2671=AXIS2_PLACEMENT_3D('',#2672,#2673,#2674);
#2672=CARTESIAN_POINT('',(4.,-0.4,28.72));
#2673=DIRECTION('',(1.,0.,0.));
#2674=DIRECTION('',(0.,0.,-1.));
#2675=FACE_BOUND('',#2676,.T.);
#2676=EDGE_LOOP('',(#5850,#5851,#5852,#5853));
#2677=PLANE('',#2678);
#2678=AXIS2_PLACEMENT_3D('',#2679,#2680,#2681);
#2679=CARTESIAN_POINT('',(4.,-0.4,0.2));
#2680=DIRECTION('',(0.,0.,-1.));
#2681=DIRECTION('',(-1.,0.,0.));
#2682=FACE_BOUND('',#2683,.T.);
#2683=EDGE_LOOP('',(#5854,#5855,#5856,#5857));
#2684=PLANE('',#2685);
#2685=AXIS2_PLACEMENT_3D('',#2686,#2687,#2688);
#2686=CARTESIAN_POINT('',(3.,-0.4,0.2));
#2687=DIRECTION('',(1.,0.,3.70074341541719E-16));
#2688=DIRECTION('',(3.70074341541719E-16,0.,-1.));
#2689=FACE_BOUND('',#2690,.T.);
#2690=EDGE_LOOP('',(#5858,#5859,#5860,#5861));
#2691=CYLINDRICAL_SURFACE('',#2692,0.4);
#2692=AXIS2_PLACEMENT_3D('',#2693,#2694,#2695);
#2693=CARTESIAN_POINT('',(3.,-0.8,-5.1676392725965E-16));
#2694=DIRECTION('',(-1.,0.,1.72254642419883E-16));
#2695=DIRECTION('',(0.,1.,0.));
#2696=FACE_BOUND('',#2697,.T.);
#2697=EDGE_LOOP('',(#5862,#5863,#5864,#5865,#5866,#5867,#5868,#5869));
#2698=PLANE('',#2699);
#2699=AXIS2_PLACEMENT_3D('',#2700,#2701,#2702);
#2700=CARTESIAN_POINT('',(0.,0.,0.));
#2701=DIRECTION('',(0.,1.,0.));
#2702=DIRECTION('',(1.,0.,0.));
#2703=FACE_BOUND('',#2704,.T.);
#2704=EDGE_LOOP('',(#5870,#5871,#5872,#5873));
#2705=PLANE('',#2706);
#2706=AXIS2_PLACEMENT_3D('',#2707,#2708,#2709);
#2707=CARTESIAN_POINT('',(-4.,-0.4,14.));
#2708=DIRECTION('',(-1.,0.,0.));
#2709=DIRECTION('',(0.,0.,1.));
#2710=FACE_BOUND('',#2711,.T.);
#2711=EDGE_LOOP('',(#5874,#5875,#5876,#5877));
#2712=PLANE('',#2713);
#2713=AXIS2_PLACEMENT_3D('',#2714,#2715,#2716);
#2714=CARTESIAN_POINT('',(4.,0.,14.));
#2715=DIRECTION('',(1.,0.,0.));
#2716=DIRECTION('',(0.,0.,1.));
#2717=FACE_BOUND('',#2718,.T.);
#2718=EDGE_LOOP('',(#5878,#5879,#5880,#5881));
#2719=PLANE('',#2720);
#2720=AXIS2_PLACEMENT_3D('',#2721,#2722,#2723);
#2721=CARTESIAN_POINT('',(0.,-14.5367255756846,14.9));
#2722=DIRECTION('',(0.,0.,-1.));
#2723=DIRECTION('',(1.,0.,0.));
#2724=FACE_BOUND('',#2725,.T.);
#2725=EDGE_LOOP('',(#5882,#5883,#5884,#5885,#5886,#5887,#5888,#5889));
#2726=FACE_BOUND('',#2727,.T.);
#2727=EDGE_LOOP('',(#5890,#5891,#5892,#5893));
#2728=PLANE('',#2729);
#2729=AXIS2_PLACEMENT_3D('',#2730,#2731,#2732);
#2730=CARTESIAN_POINT('',(6.89018569679533E-17,0.0796459430051422,-0.4));
#2731=DIRECTION('',(-1.72254642419883E-16,-1.60812264967664E-16,-1.));
#2732=DIRECTION('',(1.,1.77635683940025E-16,-1.72254642419883E-16));
#2733=FACE_BOUND('',#2734,.T.);
#2734=EDGE_LOOP('',(#5894,#5895,#5896,#5897));
#2735=CYLINDRICAL_SURFACE('',#2736,0.5);
#2736=AXIS2_PLACEMENT_3D('',#2737,#2738,#2739);
#2737=CARTESIAN_POINT('',(4.,0.5,14.));
#2738=DIRECTION('',(1.,0.,0.));
#2739=DIRECTION('',(0.,-1.,0.));
#2740=FACE_BOUND('',#2741,.T.);
#2741=EDGE_LOOP('',(#5898,#5899,#5900,#5901));
#2742=CYLINDRICAL_SURFACE('',#2743,0.8);
#2743=AXIS2_PLACEMENT_3D('',#2744,#2745,#2746);
#2744=CARTESIAN_POINT('',(-3.,-0.8,5.1676392725965E-16));
#2745=DIRECTION('',(1.,0.,-1.72254642419883E-16));
#2746=DIRECTION('',(0.,1.,0.));
#2747=FACE_BOUND('',#2748,.T.);
#2748=EDGE_LOOP('',(#5902,#5903,#5904,#5905));
#2749=PLANE('',#2750);
#2750=AXIS2_PLACEMENT_3D('',#2751,#2752,#2753);
#2751=CARTESIAN_POINT('',(-3.,-0.920354056994858,-0.399999999999999));
#2752=DIRECTION('',(-1.,-5.47710025481744E-16,1.72254642419883E-16));
#2753=DIRECTION('',(-5.47710025481744E-16,1.,-1.60812264967664E-16));
#2754=FACE_BOUND('',#2755,.T.);
#2755=EDGE_LOOP('',(#5906,#5907,#5908,#5909));
#2756=PLANE('',#2757);
#2757=AXIS2_PLACEMENT_3D('',#2758,#2759,#2760);
#2758=CARTESIAN_POINT('',(-4.,-14.3367255756846,14.9));
#2759=DIRECTION('',(-1.,0.,0.));
#2760=DIRECTION('',(0.,1.,0.));
#2761=FACE_BOUND('',#2762,.T.);
#2762=EDGE_LOOP('',(#5910,#5911,#5912,#5913));
#2763=PLANE('',#2764);
#2764=AXIS2_PLACEMENT_3D('',#2765,#2766,#2767);
#2765=CARTESIAN_POINT('',(4.,14.1832744243154,14.9));
#2766=DIRECTION('',(1.,0.,0.));
#2767=DIRECTION('',(0.,-1.,0.));
#2768=FACE_BOUND('',#2769,.T.);
#2769=EDGE_LOOP('',(#5914,#5915,#5916,#5917));
#2770=CYLINDRICAL_SURFACE('',#2771,0.9);
#2771=AXIS2_PLACEMENT_3D('',#2772,#2773,#2774);
#2772=CARTESIAN_POINT('',(-4.,1.70327442431537,14.));
#2773=DIRECTION('',(-1.,0.,0.));
#2774=DIRECTION('',(0.,0.,1.));
#2775=FACE_BOUND('',#2776,.T.);
#2776=EDGE_LOOP('',(#5918,#5919,#5920,#5921));
#2777=PLANE('',#2778);
#2778=AXIS2_PLACEMENT_3D('',#2779,#2780,#2781);
#2779=CARTESIAN_POINT('',(3.,0.279645943005143,-0.400000000000001));
#2780=DIRECTION('',(1.,5.47710025481744E-16,-1.72254642419883E-16));
#2781=DIRECTION('',(5.47710025481744E-16,-1.,1.60812264967664E-16));
#2782=FACE_BOUND('',#2783,.T.);
#2783=EDGE_LOOP('',(#5922,#5923,#5924,#5925));
#2784=CYLINDRICAL_SURFACE('',#2785,0.7);
#2785=AXIS2_PLACEMENT_3D('',#2786,#2787,#2788);
#2786=CARTESIAN_POINT('',(0.500000000000001,-3.92035405699486,-0.4));
#2787=DIRECTION('',(-1.72254642419883E-16,-1.60812264967664E-16,-1.));
#2788=DIRECTION('',(-3.3623897317219E-16,1.,-1.60812264967664E-16));
#2789=FACE_BOUND('',#2790,.T.);
#2790=EDGE_LOOP('',(#5926,#5927,#5928,#5929));
#2791=PLANE('',#2792);
#2792=AXIS2_PLACEMENT_3D('',#2793,#2794,#2795);
#2793=CARTESIAN_POINT('',(-0.499999999999999,-3.22035405699486,-0.399999999999999));
#2794=DIRECTION('',(-1.77635683940025E-16,1.,-1.60812264967664E-16));
#2795=DIRECTION('',(1.,1.77635683940025E-16,-1.72254642419883E-16));
#2796=FACE_BOUND('',#2797,.T.);
#2797=EDGE_LOOP('',(#5930,#5931,#5932,#5933));
#2798=CYLINDRICAL_SURFACE('',#2799,0.7);
#2799=AXIS2_PLACEMENT_3D('',#2800,#2801,#2802);
#2800=CARTESIAN_POINT('',(-0.499999999999999,-3.92035405699486,-0.399999999999999));
#2801=DIRECTION('',(-1.72254642419883E-16,-1.60812264967664E-16,-1.));
#2802=DIRECTION('',(6.53445551636521E-16,-1.,1.60812264967664E-16));
#2803=FACE_BOUND('',#2804,.T.);
#2804=EDGE_LOOP('',(#5934,#5935,#5936,#5937));
#2805=PLANE('',#2806);
#2806=AXIS2_PLACEMENT_3D('',#2807,#2808,#2809);
#2807=CARTESIAN_POINT('',(0.500000000000001,-4.62035405699486,-0.399999999999999));
#2808=DIRECTION('',(1.77635683940025E-16,-1.,1.60812264967664E-16));
#2809=DIRECTION('',(-1.,-1.77635683940025E-16,1.72254642419883E-16));
#2810=FACE_BOUND('',#2811,.T.);
#2811=EDGE_LOOP('',(#5938,#5939,#5940,#5941));
#2812=PLANE('',#2813);
#2813=AXIS2_PLACEMENT_3D('',#2814,#2815,#2816);
#2814=CARTESIAN_POINT('',(3.,-0.920354056994857,-0.4));
#2815=DIRECTION('',(-2.88657986402541E-16,1.,-1.60812264967664E-16));
#2816=DIRECTION('',(1.,2.88657986402541E-16,-1.72254642419883E-16));
#2817=FACE_BOUND('',#2818,.T.);
#2818=EDGE_LOOP('',(#5942,#5943,#5944,#5945));
#2819=PLANE('',#2820);
#2820=AXIS2_PLACEMENT_3D('',#2821,#2822,#2823);
#2821=CARTESIAN_POINT('',(4.,-0.920354056994857,-0.400000000000001));
#2822=DIRECTION('',(1.,3.42113169069678E-16,-1.72254642419883E-16));
#2823=DIRECTION('',(3.42113169069678E-16,-1.,1.60812264967664E-16));
#2824=FACE_BOUND('',#2825,.T.);
#2825=EDGE_LOOP('',(#5946,#5947,#5948,#5949));
#2826=PLANE('',#2827);
#2827=AXIS2_PLACEMENT_3D('',#2828,#2829,#2830);
#2828=CARTESIAN_POINT('',(4.,-6.32035405699486,-0.4));
#2829=DIRECTION('',(1.77635683940025E-16,-1.,1.60812264967664E-16));
#2830=DIRECTION('',(-1.,-1.77635683940025E-16,1.72254642419883E-16));
#2831=FACE_BOUND('',#2832,.T.);
#2832=EDGE_LOOP('',(#5950,#5951,#5952,#5953));
#2833=PLANE('',#2834);
#2834=AXIS2_PLACEMENT_3D('',#2835,#2836,#2837);
#2835=CARTESIAN_POINT('',(-4.,-6.32035405699486,-0.399999999999998));
#2836=DIRECTION('',(-1.,-1.77635683940025E-16,1.72254642419883E-16));
#2837=DIRECTION('',(-1.77635683940025E-16,1.,-1.60812264967664E-16));
#2838=FACE_BOUND('',#2839,.T.);
#2839=EDGE_LOOP('',(#5954,#5955,#5956,#5957));
#2840=PLANE('',#2841);
#2841=AXIS2_PLACEMENT_3D('',#2842,#2843,#2844);
#2842=CARTESIAN_POINT('',(-4.,-0.920354056994859,-0.399999999999999));
#2843=DIRECTION('',(-3.99680288865057E-16,1.,-1.60812264967664E-16));
#2844=DIRECTION('',(1.,3.99680288865057E-16,-1.72254642419883E-16));
#2845=FACE_BOUND('',#2846,.T.);
#2846=EDGE_LOOP('',(#5958,#5959,#5960,#5961));
#2847=PLANE('',#2848);
#2848=AXIS2_PLACEMENT_3D('',#2849,#2850,#2851);
#2849=CARTESIAN_POINT('',(0.,-14.5367255756846,14.5));
#2850=DIRECTION('',(0.,0.,-1.));
#2851=DIRECTION('',(1.,0.,0.));
#2852=FACE_BOUND('',#2853,.T.);
#2853=EDGE_LOOP('',(#5962,#5963,#5964,#5965,#5966,#5967,#5968,#5969));
#2854=FACE_BOUND('',#2855,.T.);
#2855=EDGE_LOOP('',(#5970,#5971,#5972,#5973));
#2856=PLANE('',#2857);
#2857=AXIS2_PLACEMENT_3D('',#2858,#2859,#2860);
#2858=CARTESIAN_POINT('',(0.,0.0796459430051422,-0.8));
#2859=DIRECTION('',(-1.72254642419883E-16,-1.60812264967664E-16,-1.));
#2860=DIRECTION('',(1.,1.77635683940025E-16,-1.72254642419883E-16));
#2861=FACE_BOUND('',#2862,.T.);
#2862=EDGE_LOOP('',(#5974,#5975,#5976,#5977));
#2863=PLANE('',#2864);
#2864=AXIS2_PLACEMENT_3D('',#2865,#2866,#2867);
#2865=CARTESIAN_POINT('',(-4.,1.70327442431536,14.9));
#2866=DIRECTION('',(-1.,0.,0.));
#2867=DIRECTION('',(0.,1.,5.38289951333409E-15));
#2868=FACE_BOUND('',#2869,.T.);
#2869=EDGE_LOOP('',(#5978,#5979,#5980,#5981));
#2870=PLANE('',#2871);
#2871=AXIS2_PLACEMENT_3D('',#2872,#2873,#2874);
#2872=CARTESIAN_POINT('',(4.,1.70327442431537,14.5));
#2873=DIRECTION('',(1.,0.,0.));
#2874=DIRECTION('',(0.,1.,0.));
#2875=FACE_BOUND('',#2876,.T.);
#2876=EDGE_LOOP('',(#5982,#5983,#5984,#5985,#5986,#5987));
#2877=FACE_BOUND('',#2878,.T.);
#2878=EDGE_LOOP('',(#5988));
#2879=PLANE('',#2880);
#2880=AXIS2_PLACEMENT_3D('',#2881,#2882,#2883);
#2881=CARTESIAN_POINT('',(0.,2.60327442431537,31.2767255756846));
#2882=DIRECTION('',(0.,-1.,0.));
#2883=DIRECTION('',(1.,0.,0.));
#2884=FACE_BOUND('',#2885,.T.);
#2885=EDGE_LOOP('',(#5989,#5990,#5991,#5992));
#2886=CYLINDRICAL_SURFACE('',#2887,0.5);
#2887=AXIS2_PLACEMENT_3D('',#2888,#2889,#2890);
#2888=CARTESIAN_POINT('',(4.,1.70327442431537,14.));
#2889=DIRECTION('',(1.,0.,0.));
#2890=DIRECTION('',(0.,0.,1.));
#2891=FACE_BOUND('',#2892,.T.);
#2892=EDGE_LOOP('',(#5993,#5994,#5995,#5996));
#2893=PLANE('',#2894);
#2894=AXIS2_PLACEMENT_3D('',#2895,#2896,#2897);
#2895=CARTESIAN_POINT('',(-4.,2.60327442431537,31.0767255756846));
#2896=DIRECTION('',(-1.,0.,0.));
#2897=DIRECTION('',(0.,0.,-1.));
#2898=FACE_BOUND('',#2899,.T.);
#2899=EDGE_LOOP('',(#5997,#5998,#5999,#6000));
#2900=PLANE('',#2901);
#2901=AXIS2_PLACEMENT_3D('',#2902,#2903,#2904);
#2902=CARTESIAN_POINT('',(4.,2.60327442431537,2.55672557568463));
#2903=DIRECTION('',(1.,0.,0.));
#2904=DIRECTION('',(0.,0.,1.));
#2905=FACE_BOUND('',#2906,.T.);
#2906=EDGE_LOOP('',(#6001,#6002,#6003,#6004));
#2907=PLANE('',#2908);
#2908=AXIS2_PLACEMENT_3D('',#2909,#2910,#2911);
#2909=CARTESIAN_POINT('',(-4.,2.60327442431537,2.55672557568463));
#2910=DIRECTION('',(0.,0.,-1.));
#2911=DIRECTION('',(1.,0.,0.));
#2912=FACE_BOUND('',#2913,.T.);
#2913=EDGE_LOOP('',(#6005,#6006,#6007,#6008,#6009,#6010));
#2914=FACE_BOUND('',#2915,.T.);
#2915=EDGE_LOOP('',(#6011));
#2916=PLANE('',#2917);
#2917=AXIS2_PLACEMENT_3D('',#2918,#2919,#2920);
#2918=CARTESIAN_POINT('',(0.,2.20327442431537,31.2767255756846));
#2919=DIRECTION('',(0.,-1.,0.));
#2920=DIRECTION('',(1.,0.,0.));
#2921=FACE_BOUND('',#2922,.T.);
#2922=EDGE_LOOP('',(#6012,#6013,#6014,#6015));
#2923=PLANE('',#2924);
#2924=AXIS2_PLACEMENT_3D('',#2925,#2926,#2927);
#2925=CARTESIAN_POINT('',(3.,-0.4,-5.24329648286292E-16));
#2926=DIRECTION('',(1.,-3.25807642523221E-33,-1.72254642419883E-16));
#2927=DIRECTION('',(-1.72254642419883E-16,-1.89143025666062E-17,-1.));
#2928=FACE_BOUND('',#2929,.T.);
#2929=EDGE_LOOP('',(#6016,#6017,#6018,#6019));
#2930=PLANE('',#2931);
#2931=AXIS2_PLACEMENT_3D('',#2932,#2933,#2934);
#2932=CARTESIAN_POINT('',(-3.,0.,4.92244547004894E-16));
#2933=DIRECTION('',(-1.,5.27947134767532E-33,1.72254642419883E-16));
#2934=DIRECTION('',(-1.72254642419883E-16,-3.06492253184459E-17,-1.));
#2935=FACE_BOUND('',#2936,.T.);
#2936=EDGE_LOOP('',(#6020,#6021,#6022,#6023));
#2937=CYLINDRICAL_SURFACE('',#2938,2.);
#2938=AXIS2_PLACEMENT_3D('',#2939,#2940,#2941);
#2939=CARTESIAN_POINT('',(-2.,5.40327442431537,4.55672557568463));
#2940=DIRECTION('',(0.,1.,0.));
#2941=DIRECTION('',(0.,0.,-1.));
#2942=FACE_BOUND('',#2943,.T.);
#2943=EDGE_LOOP('',(#6024,#6025,#6026,#6027));
#2944=CYLINDRICAL_SURFACE('',#2945,2.);
#2945=AXIS2_PLACEMENT_3D('',#2946,#2947,#2948);
#2946=CARTESIAN_POINT('',(2.,5.40327442431537,4.55672557568463));
#2947=DIRECTION('',(0.,1.,0.));
#2948=DIRECTION('',(1.,0.,0.));
#2949=FACE_BOUND('',#2950,.T.);
#2950=EDGE_LOOP('',(#6028));
#2951=FACE_BOUND('',#2952,.T.);
#2952=EDGE_LOOP('',(#6029));
#2953=PLANE('',#2954);
#2954=AXIS2_PLACEMENT_3D('',#2955,#2956,#2957);
#2955=CARTESIAN_POINT('',(0.,3.20327442431537,-1.24344978758017E-15));
#2956=DIRECTION('',(0.,-1.,0.));
#2957=DIRECTION('',(1.,0.,0.));
#2958=FACE_OUTER_BOUND('',#2959,.T.);
#2959=EDGE_LOOP('',(#6030));
#2960=FACE_OUTER_BOUND('',#2961,.T.);
#2961=EDGE_LOOP('',(#6031));
#2962=TOROIDAL_SURFACE('',#2963,2.27999032891962,0.899999999999999);
#2963=AXIS2_PLACEMENT_3D('',#2964,#2965,#2966);
#2964=CARTESIAN_POINT('',(3.63954851659161E-16,2.30327442431537,10.));
#2965=DIRECTION('',(0.,-1.,0.));
#2966=DIRECTION('',(1.,0.,0.));
#2967=FACE_BOUND('',#2968,.T.);
#2968=EDGE_LOOP('',(#6032));
#2969=FACE_BOUND('',#2970,.T.);
#2970=EDGE_LOOP('',(#6033));
#2971=PLANE('',#2972);
#2972=AXIS2_PLACEMENT_3D('',#2973,#2974,#2975);
#2973=CARTESIAN_POINT('',(0.,2.80327442431537,-1.24344978758017E-15));
#2974=DIRECTION('',(0.,-1.,0.));
#2975=DIRECTION('',(1.,0.,0.));
#2976=FACE_OUTER_BOUND('',#2977,.T.);
#2977=EDGE_LOOP('',(#6034));
#2978=FACE_OUTER_BOUND('',#2979,.T.);
#2979=EDGE_LOOP('',(#6035));
#2980=TOROIDAL_SURFACE('',#2981,2.27999032891961,0.5);
#2981=AXIS2_PLACEMENT_3D('',#2982,#2983,#2984);
#2982=CARTESIAN_POINT('',(3.63954851659161E-16,2.30327442431537,10.));
#2983=DIRECTION('',(0.,-1.,0.));
#2984=DIRECTION('',(1.,0.,0.));
#2985=FACE_OUTER_BOUND('',#2986,.T.);
#2986=EDGE_LOOP('',(#6036));
#2987=FACE_OUTER_BOUND('',#2988,.T.);
#2988=EDGE_LOOP('',(#6037));
#2989=TOROIDAL_SURFACE('',#2990,3.42890285822722,0.5);
#2990=AXIS2_PLACEMENT_3D('',#2991,#2992,#2993);
#2991=CARTESIAN_POINT('',(3.63954851659161E-16,3.10327442431537,10.));
#2992=DIRECTION('',(0.,-1.,0.));
#2993=DIRECTION('',(1.,0.,5.60756512438856E-16));
#2994=FACE_OUTER_BOUND('',#2995,.T.);
#2995=EDGE_LOOP('',(#6038));
#2996=FACE_OUTER_BOUND('',#2997,.T.);
#2997=EDGE_LOOP('',(#6039));
#2998=TOROIDAL_SURFACE('',#2999,3.42890285822722,0.899999999999999);
#2999=AXIS2_PLACEMENT_3D('',#3000,#3001,#3002);
#3000=CARTESIAN_POINT('',(3.63954851659161E-16,3.10327442431537,10.));
#3001=DIRECTION('',(0.,-1.,0.));
#3002=DIRECTION('',(1.,0.,6.00345036825453E-16));
#3003=FACE_BOUND('',#3004,.T.);
#3004=EDGE_LOOP('',(#6040));
#3005=PLANE('',#3006);
#3006=AXIS2_PLACEMENT_3D('',#3007,#3008,#3009);
#3007=CARTESIAN_POINT('',(0.,2.70327442431537,0.));
#3008=DIRECTION('',(0.,1.,0.));
#3009=DIRECTION('',(-1.,0.,-1.22464679914735E-16));
#3010=FACE_OUTER_BOUND('',#3011,.T.);
#3011=EDGE_LOOP('',(#6041));
#3012=FACE_OUTER_BOUND('',#3013,.T.);
#3013=EDGE_LOOP('',(#6042));
#3014=TOROIDAL_SURFACE('',#3015,1.57679491924311,0.899999999999999);
#3015=AXIS2_PLACEMENT_3D('',#3016,#3017,#3018);
#3016=CARTESIAN_POINT('',(-1.43981379871659E-15,3.60327442431537,10.));
#3017=DIRECTION('',(0.,1.,0.));
#3018=DIRECTION('',(-1.,0.,0.));
#3019=FACE_BOUND('',#3020,.T.);
#3020=EDGE_LOOP('',(#6043));
#3021=PLANE('',#3022);
#3022=AXIS2_PLACEMENT_3D('',#3023,#3024,#3025);
#3023=CARTESIAN_POINT('',(0.,3.10327442431537,0.));
#3024=DIRECTION('',(0.,1.,0.));
#3025=DIRECTION('',(-1.,0.,-1.22464679914735E-16));
#3026=FACE_OUTER_BOUND('',#3027,.T.);
#3027=EDGE_LOOP('',(#6044));
#3028=FACE_OUTER_BOUND('',#3029,.T.);
#3029=EDGE_LOOP('',(#6045));
#3030=TOROIDAL_SURFACE('',#3031,1.57679491924311,0.5);
#3031=AXIS2_PLACEMENT_3D('',#3032,#3033,#3034);
#3032=CARTESIAN_POINT('',(-1.43981379871659E-15,3.60327442431537,10.));
#3033=DIRECTION('',(0.,1.,0.));
#3034=DIRECTION('',(-1.,0.,0.));
#3035=FACE_OUTER_BOUND('',#3036,.T.);
#3036=EDGE_LOOP('',(#6046));
#3037=FACE_OUTER_BOUND('',#3038,.T.);
#3038=EDGE_LOOP('',(#6047));
#3039=TOROIDAL_SURFACE('',#3040,2.09641016151378,0.5);
#3040=AXIS2_PLACEMENT_3D('',#3041,#3042,#3043);
#3041=CARTESIAN_POINT('',(-1.43981379871659E-15,2.30327442431537,10.));
#3042=DIRECTION('',(0.,1.,0.));
#3043=DIRECTION('',(-1.,0.,0.));
#3044=FACE_OUTER_BOUND('',#3045,.T.);
#3045=EDGE_LOOP('',(#6048));
#3046=FACE_OUTER_BOUND('',#3047,.T.);
#3047=EDGE_LOOP('',(#6049));
#3048=TOROIDAL_SURFACE('',#3049,2.09641016151378,0.899999999999999);
#3049=AXIS2_PLACEMENT_3D('',#3050,#3051,#3052);
#3050=CARTESIAN_POINT('',(-1.43981379871659E-15,2.30327442431537,10.));
#3051=DIRECTION('',(0.,1.,0.));
#3052=DIRECTION('',(-1.,0.,0.));
#3053=FACE_BOUND('',#3054,.T.);
#3054=EDGE_LOOP('',(#6050,#6051,#6052,#6053,#6054,#6055,#6056,#6057,#6058,#6059,
#6060,#6061));
#3055=PLANE('',#3056);
#3056=AXIS2_PLACEMENT_3D('',#3057,#3058,#3059);
#3057=CARTESIAN_POINT('',(4.09999967353191,-37.,4.6));
#3058=DIRECTION('',(1.,0.,7.79103876929934E-17));
#3059=DIRECTION('',(-7.79103876929934E-17,0.,1.));
#3060=FACE_BOUND('',#3061,.T.);
#3061=EDGE_LOOP('',(#6062,#6063,#6064,#6065,#6066,#6067,#6068,#6069,#6070,#6071,
#6072,#6073));
#3062=PLANE('',#3063);
#3063=AXIS2_PLACEMENT_3D('',#3064,#3065,#3066);
#3064=CARTESIAN_POINT('',(-4.1,-37.,16.));
#3065=DIRECTION('',(-1.,0.,-7.79103876929934E-17));
#3066=DIRECTION('',(7.79103876929934E-17,0.,-1.));
#3067=FACE_BOUND('',#3068,.T.);
#3068=EDGE_LOOP('',(#6074,#6075,#6076,#6077,#6078,#6079,#6080,#6081,#6082,#6083,
#6084,#6085));
#3069=PLANE('',#3070);
#3070=AXIS2_PLACEMENT_3D('',#3071,#3072,#3073);
#3071=CARTESIAN_POINT('',(-18.9,-37.,-4.77612251667468E-16));
#3072=DIRECTION('',(1.,0.,0.));
#3073=DIRECTION('',(0.,0.,1.));
#3074=FACE_BOUND('',#3075,.T.);
#3075=EDGE_LOOP('',(#6086,#6087,#6088,#6089,#6090,#6091,#6092,#6093,#6094,#6095,
#6096,#6097,#6098,#6099,#6100,#6101));
#3076=PLANE('',#3077);
#3077=AXIS2_PLACEMENT_3D('',#3078,#3079,#3080);
#3078=CARTESIAN_POINT('',(-27.1,-37.,16.));
#3079=DIRECTION('',(-1.,0.,0.));
#3080=DIRECTION('',(0.,0.,-1.));
#3081=FACE_BOUND('',#3082,.T.);
#3082=EDGE_LOOP('',(#6102,#6103,#6104,#6105,#6106,#6107,#6108,#6109,#6110,#6111,
#6112,#6113));
#3083=PLANE('',#3084);
#3084=AXIS2_PLACEMENT_3D('',#3085,#3086,#3087);
#3085=CARTESIAN_POINT('',(18.9,-37.,16.));
#3086=DIRECTION('',(-1.,0.,0.));
#3087=DIRECTION('',(0.,0.,-1.));
#3088=FACE_BOUND('',#3089,.T.);
#3089=EDGE_LOOP('',(#6114,#6115,#6116,#6117,#6118,#6119,#6120,#6121,#6122,#6123,
#6124,#6125,#6126,#6127,#6128,#6129));
#3090=PLANE('',#3091);
#3091=AXIS2_PLACEMENT_3D('',#3092,#3093,#3094);
#3092=CARTESIAN_POINT('',(27.1,-37.,4.02296473519905E-15));
#3093=DIRECTION('',(1.,0.,0.));
#3094=DIRECTION('',(0.,0.,1.));
#3095=FACE_BOUND('',#3096,.T.);
#3096=EDGE_LOOP('',(#6130,#6131,#6132,#6133,#6134,#6135,#6136,#6137,#6138,#6139));
#3097=PLANE('',#3098);
#3098=AXIS2_PLACEMENT_3D('',#3099,#3100,#3101);
#3099=CARTESIAN_POINT('',(18.9,-37.,16.));
#3100=DIRECTION('',(-1.,0.,0.));
#3101=DIRECTION('',(0.,0.,-1.));
#3102=FACE_BOUND('',#3103,.T.);
#3103=EDGE_LOOP('',(#6140,#6141,#6142,#6143,#6144,#6145,#6146,#6147,#6148,#6149));
#3104=PLANE('',#3105);
#3105=AXIS2_PLACEMENT_3D('',#3106,#3107,#3108);
#3106=CARTESIAN_POINT('',(-18.9,-37.,-4.77612251667468E-16));
#3107=DIRECTION('',(1.,0.,0.));
#3108=DIRECTION('',(0.,0.,1.));
#3109=FACE_BOUND('',#3110,.T.);
#3110=EDGE_LOOP('',(#6150,#6151,#6152,#6153,#6154,#6155,#6156,#6157,#6158,#6159));
#3111=PLANE('',#3112);
#3112=AXIS2_PLACEMENT_3D('',#3113,#3114,#3115);
#3113=CARTESIAN_POINT('',(-4.1,-37.,16.));
#3114=DIRECTION('',(-1.,0.,-7.79103876929934E-17));
#3115=DIRECTION('',(7.79103876929934E-17,0.,-1.));
#3116=FACE_BOUND('',#3117,.T.);
#3117=EDGE_LOOP('',(#6160,#6161,#6162,#6163,#6164,#6165,#6166,#6167,#6168,#6169));
#3118=PLANE('',#3119);
#3119=AXIS2_PLACEMENT_3D('',#3120,#3121,#3122);
#3120=CARTESIAN_POINT('',(4.09999967353191,-37.,4.6));
#3121=DIRECTION('',(1.,0.,7.79103876929934E-17));
#3122=DIRECTION('',(-7.79103876929934E-17,0.,1.));
#3123=FACE_BOUND('',#3124,.T.);
#3124=EDGE_LOOP('',(#6170,#6171,#6172,#6173,#6174,#6175,#6176,#6177,#6178,#6179));
#3125=PLANE('',#3126);
#3126=AXIS2_PLACEMENT_3D('',#3127,#3128,#3129);
#3127=CARTESIAN_POINT('',(27.1,-37.,4.02296473519905E-15));
#3128=DIRECTION('',(1.,0.,0.));
#3129=DIRECTION('',(0.,0.,1.));
#3130=FACE_BOUND('',#3131,.T.);
#3131=EDGE_LOOP('',(#6180,#6181,#6182,#6183,#6184,#6185,#6186,#6187,#6188,#6189));
#3132=PLANE('',#3133);
#3133=AXIS2_PLACEMENT_3D('',#3134,#3135,#3136);
#3134=CARTESIAN_POINT('',(-27.1,-37.,16.));
#3135=DIRECTION('',(-1.,0.,0.));
#3136=DIRECTION('',(0.,0.,-1.));
#3137=FACE_BOUND('',#3138,.T.);
#3138=EDGE_LOOP('',(#6190,#6191,#6192,#6193));
#3139=PLANE('',#3140);
#3140=AXIS2_PLACEMENT_3D('',#3141,#3142,#3143);
#3141=CARTESIAN_POINT('',(26.,42.,2.));
#3142=DIRECTION('',(0.,0.,-1.));
#3143=DIRECTION('',(1.,0.,0.));
#3144=FACE_BOUND('',#3145,.T.);
#3145=EDGE_LOOP('',(#6194,#6195,#6196,#6197));
#3146=PLANE('',#3147);
#3147=AXIS2_PLACEMENT_3D('',#3148,#3149,#3150);
#3148=CARTESIAN_POINT('',(-27.1,42.,2.));
#3149=DIRECTION('',(-1.61486985400023E-15,0.,-1.));
#3150=DIRECTION('',(1.,0.,-1.61486985400023E-15));
#3151=FACE_BOUND('',#3152,.T.);
#3152=EDGE_LOOP('',(#6198,#6199,#6200,#6201));
#3153=PLANE('',#3154);
#3154=AXIS2_PLACEMENT_3D('',#3155,#3156,#3157);
#3155=CARTESIAN_POINT('',(4.1,-41.5,15.));
#3156=DIRECTION('',(0.,0.,-1.));
#3157=DIRECTION('',(-1.,0.,0.));
#3158=FACE_BOUND('',#3159,.T.);
#3159=EDGE_LOOP('',(#6202,#6203,#6204,#6205));
#3160=PLANE('',#3161);
#3161=AXIS2_PLACEMENT_3D('',#3162,#3163,#3164);
#3162=CARTESIAN_POINT('',(-18.9,-41.5,15.));
#3163=DIRECTION('',(4.33257765707378E-16,0.,-1.));
#3164=DIRECTION('',(-1.,0.,-4.33257765707378E-16));
#3165=FACE_BOUND('',#3166,.T.);
#3166=EDGE_LOOP('',(#6206,#6207,#6208,#6209));
#3167=PLANE('',#3168);
#3168=AXIS2_PLACEMENT_3D('',#3169,#3170,#3171);
#3169=CARTESIAN_POINT('',(27.1,-41.5,15.));
#3170=DIRECTION('',(2.16628882853689E-16,0.,-1.));
#3171=DIRECTION('',(-1.,0.,-2.16628882853689E-16));
#3172=FACE_BOUND('',#3173,.T.);
#3173=EDGE_LOOP('',(#6210,#6211,#6212,#6213));
#3174=PLANE('',#3175);
#3175=AXIS2_PLACEMENT_3D('',#3176,#3177,#3178);
#3176=CARTESIAN_POINT('',(3.,-40.5,2.));
#3177=DIRECTION('',(1.21115239050017E-15,3.58573138736823E-31,-1.));
#3178=DIRECTION('',(1.,0.,1.21115239050017E-15));
#3179=FACE_BOUND('',#3180,.T.);
#3180=EDGE_LOOP('',(#6214,#6215,#6216,#6217));
#3181=PLANE('',#3182);
#3182=AXIS2_PLACEMENT_3D('',#3183,#3184,#3185);
#3183=CARTESIAN_POINT('',(-4.09999999999999,-40.5,2.));
#3184=DIRECTION('',(-4.03717463500057E-16,0.,-1.));
#3185=DIRECTION('',(1.,0.,-4.03717463500057E-16));
#3186=FACE_BOUND('',#3187,.T.);
#3187=EDGE_LOOP('',(#6218,#6219,#6220,#6221));
#3188=PLANE('',#3189);
#3189=AXIS2_PLACEMENT_3D('',#3190,#3191,#3192);
#3190=CARTESIAN_POINT('',(-20.,42.,2.));
#3191=DIRECTION('',(8.07434927000113E-16,0.,-1.));
#3192=DIRECTION('',(1.,0.,8.07434927000113E-16));
#3193=FACE_BOUND('',#3194,.T.);
#3194=EDGE_LOOP('',(#6222,#6223,#6224,#6225));
#3195=PLANE('',#3196);
#3196=AXIS2_PLACEMENT_3D('',#3197,#3198,#3199);
#3197=CARTESIAN_POINT('',(18.9,42.,2.));
#3198=DIRECTION('',(4.03717463500056E-16,0.,-1.));
#3199=DIRECTION('',(1.,0.,4.03717463500056E-16));
#3200=FACE_BOUND('',#3201,.T.);
#3201=EDGE_LOOP('',(#6226,#6227,#6228,#6229));
#3202=PLANE('',#3203);
#3203=AXIS2_PLACEMENT_3D('',#3204,#3205,#3206);
#3204=CARTESIAN_POINT('',(26.,42.,3.30369883016706E-15));
#3205=DIRECTION('',(1.,0.,0.));
#3206=DIRECTION('',(0.,0.,1.));
#3207=FACE_BOUND('',#3208,.T.);
#3208=EDGE_LOOP('',(#6230,#6231,#6232,#6233));
#3209=PLANE('',#3210);
#3210=AXIS2_PLACEMENT_3D('',#3211,#3212,#3213);
#3211=CARTESIAN_POINT('',(20.,42.,2.));
#3212=DIRECTION('',(-1.,0.,0.));
#3213=DIRECTION('',(0.,0.,-1.));
#3214=FACE_BOUND('',#3215,.T.);
#3215=EDGE_LOOP('',(#6234,#6235,#6236,#6237));
#3216=PLANE('',#3217);
#3217=AXIS2_PLACEMENT_3D('',#3218,#3219,#3220);
#3218=CARTESIAN_POINT('',(2.99999999999999,42.,6.3258989113416E-16));
#3219=DIRECTION('',(1.,2.96059473233375E-16,2.22044604925031E-16));
#3220=DIRECTION('',(-2.22044604925031E-16,0.,1.));
#3221=FACE_BOUND('',#3222,.T.);
#3222=EDGE_LOOP('',(#6238,#6239,#6240,#6241));
#3223=PLANE('',#3224);
#3224=AXIS2_PLACEMENT_3D('',#3225,#3226,#3227);
#3225=CARTESIAN_POINT('',(-3.00000000000001,42.,2.));
#3226=DIRECTION('',(-1.,-2.96059473233375E-16,-2.22044604925031E-16));
#3227=DIRECTION('',(2.22044604925031E-16,0.,-1.));
#3228=FACE_BOUND('',#3229,.T.);
#3229=EDGE_LOOP('',(#6242,#6243,#6244,#6245));
#3230=PLANE('',#3231);
#3231=AXIS2_PLACEMENT_3D('',#3232,#3233,#3234);
#3232=CARTESIAN_POINT('',(-20.,42.,-2.23006791901814E-15));
#3233=DIRECTION('',(1.,0.,0.));
#3234=DIRECTION('',(0.,0.,1.));
#3235=FACE_BOUND('',#3236,.T.);
#3236=EDGE_LOOP('',(#6246,#6247,#6248,#6249));
#3237=PLANE('',#3238);
#3238=AXIS2_PLACEMENT_3D('',#3239,#3240,#3241);
#3239=CARTESIAN_POINT('',(-26.,42.,2.));
#3240=DIRECTION('',(-1.,0.,0.));
#3241=DIRECTION('',(0.,0.,-1.));
#3242=FACE_BOUND('',#3243,.T.);
#3243=EDGE_LOOP('',(#6250,#6251,#6252,#6253));
#3244=PLANE('',#3245);
#3245=AXIS2_PLACEMENT_3D('',#3246,#3247,#3248);
#3246=CARTESIAN_POINT('',(-26.,-40.5,2.));
#3247=DIRECTION('',(-1.,0.,0.));
#3248=DIRECTION('',(0.,0.,-1.));
#3249=FACE_BOUND('',#3250,.T.);
#3250=EDGE_LOOP('',(#6254,#6255,#6256,#6257));
#3251=PLANE('',#3252);
#3252=AXIS2_PLACEMENT_3D('',#3253,#3254,#3255);
#3253=CARTESIAN_POINT('',(-20.,-40.5,-2.23006791901814E-15));
#3254=DIRECTION('',(1.,0.,0.));
#3255=DIRECTION('',(0.,0.,1.));
#3256=FACE_BOUND('',#3257,.T.);
#3257=EDGE_LOOP('',(#6258,#6259,#6260,#6261));
#3258=PLANE('',#3259);
#3259=AXIS2_PLACEMENT_3D('',#3260,#3261,#3262);
#3260=CARTESIAN_POINT('',(-3.,-40.5,2.));
#3261=DIRECTION('',(-1.,-2.96059473233375E-16,-2.22044604925031E-16));
#3262=DIRECTION('',(2.22044604925031E-16,0.,-1.));
#3263=FACE_BOUND('',#3264,.T.);
#3264=EDGE_LOOP('',(#6262,#6263,#6264,#6265));
#3265=PLANE('',#3266);
#3266=AXIS2_PLACEMENT_3D('',#3267,#3268,#3269);
#3267=CARTESIAN_POINT('',(3.,-40.5,6.3258989113416E-16));
#3268=DIRECTION('',(1.,2.96059473233375E-16,2.22044604925031E-16));
#3269=DIRECTION('',(-2.22044604925031E-16,0.,1.));
#3270=FACE_BOUND('',#3271,.T.);
#3271=EDGE_LOOP('',(#6266,#6267,#6268,#6269));
#3272=PLANE('',#3273);
#3273=AXIS2_PLACEMENT_3D('',#3274,#3275,#3276);
#3274=CARTESIAN_POINT('',(20.,-40.5,2.));
#3275=DIRECTION('',(-1.,0.,0.));
#3276=DIRECTION('',(0.,0.,-1.));
#3277=FACE_BOUND('',#3278,.T.);
#3278=EDGE_LOOP('',(#6270,#6271,#6272,#6273));
#3279=PLANE('',#3280);
#3280=AXIS2_PLACEMENT_3D('',#3281,#3282,#3283);
#3281=CARTESIAN_POINT('',(26.,-40.5,3.30369883016706E-15));
#3282=DIRECTION('',(1.,0.,0.));
#3283=DIRECTION('',(0.,0.,1.));
#3284=FACE_BOUND('',#3285,.T.);
#3285=EDGE_LOOP('',(#6274,#6275,#6276,#6277));
#3286=PLANE('',#3287);
#3287=AXIS2_PLACEMENT_3D('',#3288,#3289,#3290);
#3288=CARTESIAN_POINT('',(26.,-40.5,2.));
#3289=DIRECTION('',(0.,0.,-1.));
#3290=DIRECTION('',(1.,0.,0.));
#3291=FACE_BOUND('',#3292,.T.);
#3292=EDGE_LOOP('',(#6278,#6279,#6280,#6281));
#3293=PLANE('',#3294);
#3294=AXIS2_PLACEMENT_3D('',#3295,#3296,#3297);
#3295=CARTESIAN_POINT('',(27.1,-41.5,15.));
#3296=DIRECTION('',(2.16628882853689E-16,0.,-1.));
#3297=DIRECTION('',(-1.,0.,-2.16628882853689E-16));
#3298=FACE_BOUND('',#3299,.T.);
#3299=EDGE_LOOP('',(#6282,#6283,#6284,#6285));
#3300=PLANE('',#3301);
#3301=AXIS2_PLACEMENT_3D('',#3302,#3303,#3304);
#3302=CARTESIAN_POINT('',(18.9,-40.5,2.));
#3303=DIRECTION('',(4.03717463500056E-16,0.,-1.));
#3304=DIRECTION('',(1.,0.,4.03717463500056E-16));
#3305=FACE_BOUND('',#3306,.T.);
#3306=EDGE_LOOP('',(#6286,#6287,#6288,#6289));
#3307=PLANE('',#3308);
#3308=AXIS2_PLACEMENT_3D('',#3309,#3310,#3311);
#3309=CARTESIAN_POINT('',(35.5,41.25,16.));
#3310=DIRECTION('',(7.50573312422641E-17,1.29288342981165E-32,1.));
#3311=DIRECTION('',(-1.,-2.00152883312704E-16,7.50573312422641E-17));
#3312=FACE_BOUND('',#3313,.T.);
#3313=EDGE_LOOP('',(#6290,#6291,#6292,#6293));
#3314=PLANE('',#3315);
#3315=AXIS2_PLACEMENT_3D('',#3316,#3317,#3318);
#3316=CARTESIAN_POINT('',(-27.1,-40.5,2.));
#3317=DIRECTION('',(-1.61486985400023E-15,0.,-1.));
#3318=DIRECTION('',(1.,0.,-1.61486985400023E-15));
#3319=FACE_BOUND('',#3320,.T.);
#3320=EDGE_LOOP('',(#6294,#6295,#6296,#6297));
#3321=PLANE('',#3322);
#3322=AXIS2_PLACEMENT_3D('',#3323,#3324,#3325);
#3323=CARTESIAN_POINT('',(-20.,-40.5,2.));
#3324=DIRECTION('',(8.07434927000113E-16,0.,-1.));
#3325=DIRECTION('',(1.,0.,8.07434927000113E-16));
#3326=FACE_BOUND('',#3327,.T.);
#3327=EDGE_LOOP('',(#6298,#6299,#6300,#6301));
#3328=PLANE('',#3329);
#3329=AXIS2_PLACEMENT_3D('',#3330,#3331,#3332);
#3330=CARTESIAN_POINT('',(-18.9,-41.5,15.));
#3331=DIRECTION('',(4.33257765707378E-16,0.,-1.));
#3332=DIRECTION('',(-1.,0.,-4.33257765707378E-16));
#3333=FACE_BOUND('',#3334,.T.);
#3334=EDGE_LOOP('',(#6302,#6303,#6304,#6305));
#3335=PLANE('',#3336);
#3336=AXIS2_PLACEMENT_3D('',#3337,#3338,#3339);
#3337=CARTESIAN_POINT('',(-4.1,42.,2.));
#3338=DIRECTION('',(-4.03717463500057E-16,0.,-1.));
#3339=DIRECTION('',(1.,0.,-4.03717463500057E-16));
#3340=FACE_BOUND('',#3341,.T.);
#3341=EDGE_LOOP('',(#6306,#6307,#6308,#6309));
#3342=PLANE('',#3343);
#3343=AXIS2_PLACEMENT_3D('',#3344,#3345,#3346);
#3344=CARTESIAN_POINT('',(4.1,-41.5,15.));
#3345=DIRECTION('',(0.,0.,-1.));
#3346=DIRECTION('',(-1.,0.,0.));
#3347=FACE_BOUND('',#3348,.T.);
#3348=EDGE_LOOP('',(#6310,#6311,#6312,#6313));
#3349=PLANE('',#3350);
#3350=AXIS2_PLACEMENT_3D('',#3351,#3352,#3353);
#3351=CARTESIAN_POINT('',(2.99999999999999,42.,2.));
#3352=DIRECTION('',(1.21115239050017E-15,3.58573138736823E-31,-1.));
#3353=DIRECTION('',(1.,0.,1.21115239050017E-15));
#3354=FACE_BOUND('',#3355,.T.);
#3355=EDGE_LOOP('',(#6314,#6315,#6316,#6317));
#3356=PLANE('',#3357);
#3357=AXIS2_PLACEMENT_3D('',#3358,#3359,#3360);
#3358=CARTESIAN_POINT('',(35.5,41.25,16.));
#3359=DIRECTION('',(7.50573312422641E-17,1.29288342981165E-32,1.));
#3360=DIRECTION('',(-1.,-2.00152883312704E-16,7.50573312422641E-17));
#3361=FACE_BOUND('',#3362,.T.);
#3362=EDGE_LOOP('',(#6318,#6319,#6320,#6321,#6322,#6323,#6324,#6325,#6326,#6327,
#6328,#6329,#6330,#6331,#6332,#6333,#6334,#6335,#6336,#6337,#6338,#6339,#6340,#6341,
#6342,#6343,#6344,#6345,#6346,#6347,#6348,#6349,#6350,#6351,#6352,#6353,#6354,#6355,
#6356,#6357,#6358,#6359,#6360,#6361,#6362,#6363,#6364,#6365,#6366,#6367,#6368,#6369,
#6370,#6371,#6372,#6373,#6374,#6375,#6376,#6377,#6378,#6379,#6380,#6381));
#3363=FACE_BOUND('',#3364,.T.);
#3364=EDGE_LOOP('',(#6382));
#3365=FACE_BOUND('',#3366,.T.);
#3366=EDGE_LOOP('',(#6383));
#3367=FACE_BOUND('',#3368,.T.);
#3368=EDGE_LOOP('',(#6384));
#3369=FACE_BOUND('',#3370,.T.);
#3370=EDGE_LOOP('',(#6385));
#3371=FACE_BOUND('',#3372,.T.);
#3372=EDGE_LOOP('',(#6386));
#3373=FACE_BOUND('',#3374,.T.);
#3374=EDGE_LOOP('',(#6387,#6388,#6389,#6390));
#3375=FACE_BOUND('',#3376,.T.);
#3376=EDGE_LOOP('',(#6391,#6392,#6393,#6394));
#3377=FACE_BOUND('',#3378,.T.);
#3378=EDGE_LOOP('',(#6395,#6396,#6397,#6398));
#3379=PLANE('',#3380);
#3380=AXIS2_PLACEMENT_3D('',#3381,#3382,#3383);
#3381=CARTESIAN_POINT('',(-35.5,41.25,-4.3474961369731E-15));
#3382=DIRECTION('',(1.22464679914735E-16,2.10948821092366E-32,-1.));
#3383=DIRECTION('',(1.,2.00152883312704E-16,1.22464679914735E-16));
#3384=FACE_BOUND('',#3385,.T.);
#3385=EDGE_LOOP('',(#6399,#6400,#6401,#6402));
#3386=PLANE('',#3387);
#3387=AXIS2_PLACEMENT_3D('',#3388,#3389,#3390);
#3388=CARTESIAN_POINT('',(18.9,-40.5,0.));
#3389=DIRECTION('',(0.,-1.,0.));
#3390=DIRECTION('',(1.,0.,0.));
#3391=FACE_BOUND('',#3392,.T.);
#3392=EDGE_LOOP('',(#6403,#6404,#6405,#6406));
#3393=PLANE('',#3394);
#3394=AXIS2_PLACEMENT_3D('',#3395,#3396,#3397);
#3395=CARTESIAN_POINT('',(18.9,-40.5,0.));
#3396=DIRECTION('',(0.,-1.,0.));
#3397=DIRECTION('',(1.,0.,0.));
#3398=FACE_BOUND('',#3399,.T.);
#3399=EDGE_LOOP('',(#6407,#6408,#6409,#6410));
#3400=PLANE('',#3401);
#3401=AXIS2_PLACEMENT_3D('',#3402,#3403,#3404);
#3402=CARTESIAN_POINT('',(27.1,-40.,0.));
#3403=DIRECTION('',(0.,1.,0.));
#3404=DIRECTION('',(-1.,0.,0.));
#3405=FACE_BOUND('',#3406,.T.);
#3406=EDGE_LOOP('',(#6411,#6412,#6413,#6414));
#3407=PLANE('',#3408);
#3408=AXIS2_PLACEMENT_3D('',#3409,#3410,#3411);
#3409=CARTESIAN_POINT('',(-4.1,-40.5,0.));
#3410=DIRECTION('',(0.,-1.,0.));
#3411=DIRECTION('',(1.,0.,0.));
#3412=FACE_BOUND('',#3413,.T.);
#3413=EDGE_LOOP('',(#6415,#6416,#6417,#6418));
#3414=PLANE('',#3415);
#3415=AXIS2_PLACEMENT_3D('',#3416,#3417,#3418);
#3416=CARTESIAN_POINT('',(-4.1,-40.5,0.));
#3417=DIRECTION('',(0.,-1.,0.));
#3418=DIRECTION('',(1.,0.,0.));
#3419=FACE_BOUND('',#3420,.T.);
#3420=EDGE_LOOP('',(#6419,#6420,#6421,#6422));
#3421=PLANE('',#3422);
#3422=AXIS2_PLACEMENT_3D('',#3423,#3424,#3425);
#3423=CARTESIAN_POINT('',(4.1,-40.,0.));
#3424=DIRECTION('',(0.,1.,0.));
#3425=DIRECTION('',(-1.,0.,0.));
#3426=FACE_BOUND('',#3427,.T.);
#3427=EDGE_LOOP('',(#6423,#6424,#6425,#6426));
#3428=PLANE('',#3429);
#3429=AXIS2_PLACEMENT_3D('',#3430,#3431,#3432);
#3430=CARTESIAN_POINT('',(-27.1,-40.5,0.));
#3431=DIRECTION('',(0.,-1.,0.));
#3432=DIRECTION('',(1.,0.,0.));
#3433=FACE_BOUND('',#3434,.T.);
#3434=EDGE_LOOP('',(#6427,#6428,#6429,#6430));
#3435=PLANE('',#3436);
#3436=AXIS2_PLACEMENT_3D('',#3437,#3438,#3439);
#3437=CARTESIAN_POINT('',(-27.1,-40.5,0.));
#3438=DIRECTION('',(0.,-1.,0.));
#3439=DIRECTION('',(1.,0.,0.));
#3440=FACE_BOUND('',#3441,.T.);
#3441=EDGE_LOOP('',(#6431,#6432,#6433,#6434));
#3442=PLANE('',#3443);
#3443=AXIS2_PLACEMENT_3D('',#3444,#3445,#3446);
#3444=CARTESIAN_POINT('',(-18.9,-40.,0.));
#3445=DIRECTION('',(0.,1.,0.));
#3446=DIRECTION('',(-1.,0.,0.));
#3447=FACE_BOUND('',#3448,.T.);
#3448=EDGE_LOOP('',(#6435,#6436,#6437,#6438));
#3449=PLANE('',#3450);
#3450=AXIS2_PLACEMENT_3D('',#3451,#3452,#3453);
#3451=CARTESIAN_POINT('',(18.9,40.,0.));
#3452=DIRECTION('',(0.,-1.,0.));
#3453=DIRECTION('',(1.,0.,0.));
#3454=FACE_BOUND('',#3455,.T.);
#3455=EDGE_LOOP('',(#6439,#6440,#6441,#6442));
#3456=PLANE('',#3457);
#3457=AXIS2_PLACEMENT_3D('',#3458,#3459,#3460);
#3458=CARTESIAN_POINT('',(27.1,40.5,0.));
#3459=DIRECTION('',(0.,1.,0.));
#3460=DIRECTION('',(-1.,0.,0.));
#3461=FACE_BOUND('',#3462,.T.);
#3462=EDGE_LOOP('',(#6443,#6444,#6445,#6446));
#3463=PLANE('',#3464);
#3464=AXIS2_PLACEMENT_3D('',#3465,#3466,#3467);
#3465=CARTESIAN_POINT('',(27.1,40.5,0.));
#3466=DIRECTION('',(0.,1.,0.));
#3467=DIRECTION('',(-1.,0.,0.));
#3468=FACE_BOUND('',#3469,.T.);
#3469=EDGE_LOOP('',(#6447,#6448,#6449,#6450));
#3470=PLANE('',#3471);
#3471=AXIS2_PLACEMENT_3D('',#3472,#3473,#3474);
#3472=CARTESIAN_POINT('',(-4.1,40.,0.));
#3473=DIRECTION('',(0.,-1.,0.));
#3474=DIRECTION('',(1.,0.,0.));
#3475=FACE_BOUND('',#3476,.T.);
#3476=EDGE_LOOP('',(#6451,#6452,#6453,#6454));
#3477=PLANE('',#3478);
#3478=AXIS2_PLACEMENT_3D('',#3479,#3480,#3481);
#3479=CARTESIAN_POINT('',(4.10000000000001,40.5,0.));
#3480=DIRECTION('',(0.,1.,0.));
#3481=DIRECTION('',(-1.,0.,0.));
#3482=FACE_BOUND('',#3483,.T.);
#3483=EDGE_LOOP('',(#6455,#6456,#6457,#6458));
#3484=PLANE('',#3485);
#3485=AXIS2_PLACEMENT_3D('',#3486,#3487,#3488);
#3486=CARTESIAN_POINT('',(4.10000000000001,40.5,0.));
#3487=DIRECTION('',(0.,1.,0.));
#3488=DIRECTION('',(-1.,0.,0.));
#3489=FACE_BOUND('',#3490,.T.);
#3490=EDGE_LOOP('',(#6459,#6460,#6461,#6462));
#3491=PLANE('',#3492);
#3492=AXIS2_PLACEMENT_3D('',#3493,#3494,#3495);
#3493=CARTESIAN_POINT('',(-27.1,40.,0.));
#3494=DIRECTION('',(0.,-1.,0.));
#3495=DIRECTION('',(1.,0.,0.));
#3496=FACE_BOUND('',#3497,.T.);
#3497=EDGE_LOOP('',(#6463,#6464,#6465,#6466));
#3498=PLANE('',#3499);
#3499=AXIS2_PLACEMENT_3D('',#3500,#3501,#3502);
#3500=CARTESIAN_POINT('',(-18.9,40.5,0.));
#3501=DIRECTION('',(0.,1.,0.));
#3502=DIRECTION('',(-1.,0.,0.));
#3503=FACE_BOUND('',#3504,.T.);
#3504=EDGE_LOOP('',(#6467,#6468,#6469,#6470));
#3505=PLANE('',#3506);
#3506=AXIS2_PLACEMENT_3D('',#3507,#3508,#3509);
#3507=CARTESIAN_POINT('',(-18.9,40.5,0.));
#3508=DIRECTION('',(0.,1.,0.));
#3509=DIRECTION('',(-1.,0.,0.));
#3510=FACE_BOUND('',#3511,.T.);
#3511=EDGE_LOOP('',(#6471,#6472,#6473,#6474,#6475,#6476,#6477,#6478,#6479,#6480,
#6481,#6482,#6483,#6484,#6485,#6486,#6487,#6488));
#3512=PLANE('',#3513);
#3513=AXIS2_PLACEMENT_3D('',#3514,#3515,#3516);
#3514=CARTESIAN_POINT('',(4.5801790288111E-15,-37.4,0.));
#3515=DIRECTION('',(1.22464679914735E-16,-1.,0.));
#3516=DIRECTION('',(1.,1.22464679914735E-16,1.22464679914735E-16));
#3517=FACE_BOUND('',#3518,.T.);
#3518=EDGE_LOOP('',(#6489,#6490,#6491,#6492,#6493,#6494,#6495,#6496,#6497));
#3519=CYLINDRICAL_SURFACE('',#3520,11.);
#3520=AXIS2_PLACEMENT_3D('',#3521,#3522,#3523);
#3521=CARTESIAN_POINT('',(-5.98852284783056E-15,37.4,11.5));
#3522=DIRECTION('',(1.22464679914735E-16,-1.,0.));
#3523=DIRECTION('',(-1.,-1.22464679914735E-16,3.90223054852874E-17));
#3524=FACE_BOUND('',#3525,.T.);
#3525=EDGE_LOOP('',(#6498,#6499,#6500,#6501,#6502,#6503,#6504,#6505,#6506,#6507,
#6508,#6509,#6510,#6511,#6512,#6513,#6514,#6515,#6516));
#3526=PLANE('',#3527);
#3527=AXIS2_PLACEMENT_3D('',#3528,#3529,#3530);
#3528=CARTESIAN_POINT('',(-4.5801790288111E-15,37.4,0.));
#3529=DIRECTION('',(1.22464679914735E-16,-1.,0.));
#3530=DIRECTION('',(1.,1.22464679914735E-16,1.22464679914735E-16));
#3531=FACE_BOUND('',#3532,.T.);
#3532=EDGE_LOOP('',(#6517,#6518,#6519,#6520,#6521,#6522,#6523,#6524));
#3533=PLANE('',#3534);
#3534=AXIS2_PLACEMENT_3D('',#3535,#3536,#3537);
#3535=CARTESIAN_POINT('',(-5.05166804648283E-15,41.25,0.));
#3536=DIRECTION('',(1.22464679914735E-16,-1.,0.));
#3537=DIRECTION('',(1.,1.22464679914735E-16,1.22464679914735E-16));
#3538=FACE_BOUND('',#3539,.T.);
#3539=EDGE_LOOP('',(#6525,#6526,#6527,#6528));
#3540=PLANE('',#3541);
#3541=AXIS2_PLACEMENT_3D('',#3542,#3543,#3544);
#3542=CARTESIAN_POINT('',(0.,38.,0.));
#3543=DIRECTION('',(0.,1.,0.));
#3544=DIRECTION('',(1.,0.,0.));
#3545=FACE_BOUND('',#3546,.T.);
#3546=EDGE_LOOP('',(#6529,#6530,#6531,#6532,#6533,#6534,#6535,#6536));
#3547=PLANE('',#3548);
#3548=AXIS2_PLACEMENT_3D('',#3549,#3550,#3551);
#3549=CARTESIAN_POINT('',(-5.05166804648283E-15,41.25,0.));
#3550=DIRECTION('',(1.22464679914735E-16,-1.,0.));
#3551=DIRECTION('',(1.,1.22464679914735E-16,1.22464679914735E-16));
#3552=FACE_BOUND('',#3553,.T.);
#3553=EDGE_LOOP('',(#6537,#6538,#6539,#6540));
#3554=PLANE('',#3555);
#3555=AXIS2_PLACEMENT_3D('',#3556,#3557,#3558);
#3556=CARTESIAN_POINT('',(35.5,41.25,16.));
#3557=DIRECTION('',(7.50573312422641E-17,1.29288342981165E-32,1.));
#3558=DIRECTION('',(-1.,-2.00152883312704E-16,7.50573312422641E-17));
#3559=FACE_BOUND('',#3560,.T.);
#3560=EDGE_LOOP('',(#6541,#6542,#6543,#6544,#6545,#6546,#6547,#6548,#6549,#6550,
#6551,#6552,#6553,#6554,#6555));
#3561=PLANE('',#3562);
#3562=AXIS2_PLACEMENT_3D('',#3563,#3564,#3565);
#3563=CARTESIAN_POINT('',(-4.5801790288111E-15,37.4,0.));
#3564=DIRECTION('',(1.22464679914735E-16,-1.,0.));
#3565=DIRECTION('',(1.,1.22464679914735E-16,1.22464679914735E-16));
#3566=FACE_BOUND('',#3567,.T.);
#3567=EDGE_LOOP('',(#6556,#6557,#6558,#6559,#6560,#6561,#6562,#6563,#6564));
#3568=CYLINDRICAL_SURFACE('',#3569,11.);
#3569=AXIS2_PLACEMENT_3D('',#3570,#3571,#3572);
#3570=CARTESIAN_POINT('',(-5.98852284783056E-15,37.4,11.5));
#3571=DIRECTION('',(1.22464679914735E-16,-1.,0.));
#3572=DIRECTION('',(-1.,-1.22464679914735E-16,3.90223054852874E-17));
#3573=FACE_BOUND('',#3574,.T.);
#3574=EDGE_LOOP('',(#6565,#6566,#6567,#6568));
#3575=PLANE('',#3576);
#3576=AXIS2_PLACEMENT_3D('',#3577,#3578,#3579);
#3577=CARTESIAN_POINT('',(4.65365783675994E-15,-38.,0.));
#3578=DIRECTION('',(1.22464679914735E-16,-1.,0.));
#3579=DIRECTION('',(1.,1.22464679914735E-16,1.22464679914735E-16));
#3580=FACE_BOUND('',#3581,.T.);
#3581=EDGE_LOOP('',(#6569,#6570,#6571,#6572,#6573,#6574,#6575,#6576));
#3582=PLANE('',#3583);
#3583=AXIS2_PLACEMENT_3D('',#3584,#3585,#3586);
#3584=CARTESIAN_POINT('',(5.05166804648283E-15,-41.25,0.));
#3585=DIRECTION('',(1.22464679914735E-16,-1.,0.));
#3586=DIRECTION('',(1.,1.22464679914735E-16,1.22464679914735E-16));
#3587=FACE_BOUND('',#3588,.T.);
#3588=EDGE_LOOP('',(#6577,#6578,#6579,#6580));
#3589=PLANE('',#3590);
#3590=AXIS2_PLACEMENT_3D('',#3591,#3592,#3593);
#3591=CARTESIAN_POINT('',(35.5,41.25,16.));
#3592=DIRECTION('',(7.50573312422641E-17,1.29288342981165E-32,1.));
#3593=DIRECTION('',(-1.,-2.00152883312704E-16,7.50573312422641E-17));
#3594=FACE_BOUND('',#3595,.T.);
#3595=EDGE_LOOP('',(#6581,#6582,#6583,#6584,#6585,#6586,#6587,#6588));
#3596=CYLINDRICAL_SURFACE('',#3597,11.);
#3597=AXIS2_PLACEMENT_3D('',#3598,#3599,#3600);
#3598=CARTESIAN_POINT('',(-23.,37.4,11.5));
#3599=DIRECTION('',(1.22464679914735E-16,-1.,0.));
#3600=DIRECTION('',(-1.,-1.22464679914735E-16,3.90223054852874E-17));
#3601=FACE_BOUND('',#3602,.T.);
#3602=EDGE_LOOP('',(#6589,#6590,#6591,#6592,#6593,#6594,#6595,#6596,#6597,#6598,
#6599));
#3603=CYLINDRICAL_SURFACE('',#3604,11.);
#3604=AXIS2_PLACEMENT_3D('',#3605,#3606,#3607);
#3605=CARTESIAN_POINT('',(-23.,37.4,11.5));
#3606=DIRECTION('',(1.22464679914735E-16,-1.,0.));
#3607=DIRECTION('',(-1.,-1.22464679914735E-16,3.90223054852874E-17));
#3608=FACE_BOUND('',#3609,.T.);
#3609=EDGE_LOOP('',(#6600,#6601,#6602,#6603,#6604,#6605));
#3610=PLANE('',#3611);
#3611=AXIS2_PLACEMENT_3D('',#3612,#3613,#3614);
#3612=CARTESIAN_POINT('',(-9.79717439317883E-16,8.,0.));
#3613=DIRECTION('',(1.22464679914735E-16,-1.,0.));
#3614=DIRECTION('',(1.,1.22464679914735E-16,1.22464679914735E-16));
#3615=FACE_BOUND('',#3616,.T.);
#3616=EDGE_LOOP('',(#6606,#6607,#6608,#6609));
#3617=CYLINDRICAL_SURFACE('',#3618,12.);
#3618=AXIS2_PLACEMENT_3D('',#3619,#3620,#3621);
#3619=CARTESIAN_POINT('',(-23.,8.,12.5));
#3620=DIRECTION('',(1.22464679914735E-16,-1.,0.));
#3621=DIRECTION('',(-1.,-1.22464679914735E-16,2.55650567019522E-17));
#3622=FACE_BOUND('',#3623,.T.);
#3623=EDGE_LOOP('',(#6610,#6611,#6612,#6613,#6614,#6615));
#3624=PLANE('',#3625);
#3625=AXIS2_PLACEMENT_3D('',#3626,#3627,#3628);
#3626=CARTESIAN_POINT('',(9.79717439317883E-16,-8.,0.));
#3627=DIRECTION('',(1.22464679914735E-16,-1.,0.));
#3628=DIRECTION('',(1.,1.22464679914735E-16,1.22464679914735E-16));
#3629=FACE_BOUND('',#3630,.T.);
#3630=EDGE_LOOP('',(#6616,#6617,#6618,#6619,#6620,#6621,#6622,#6623,#6624,#6625,
#6626));
#3631=CYLINDRICAL_SURFACE('',#3632,11.);
#3632=AXIS2_PLACEMENT_3D('',#3633,#3634,#3635);
#3633=CARTESIAN_POINT('',(-23.,37.4,11.5));
#3634=DIRECTION('',(1.22464679914735E-16,-1.,0.));
#3635=DIRECTION('',(-1.,-1.22464679914735E-16,3.90223054852874E-17));
#3636=FACE_BOUND('',#3637,.T.);
#3637=EDGE_LOOP('',(#6627,#6628,#6629,#6630,#6631,#6632,#6633,#6634));
#3638=PLANE('',#3639);
#3639=AXIS2_PLACEMENT_3D('',#3640,#3641,#3642);
#3640=CARTESIAN_POINT('',(4.5801790288111E-15,-37.4,0.));
#3641=DIRECTION('',(1.22464679914735E-16,-1.,0.));
#3642=DIRECTION('',(1.,1.22464679914735E-16,1.22464679914735E-16));
#3643=FACE_BOUND('',#3644,.T.);
#3644=EDGE_LOOP('',(#6635,#6636,#6637,#6638,#6639,#6640,#6641));
#3645=PLANE('',#3646);
#3646=AXIS2_PLACEMENT_3D('',#3647,#3648,#3649);
#3647=CARTESIAN_POINT('',(35.5,41.25,16.));
#3648=DIRECTION('',(7.50573312422641E-17,1.29288342981165E-32,1.));
#3649=DIRECTION('',(-1.,-2.00152883312704E-16,7.50573312422641E-17));
#3650=FACE_BOUND('',#3651,.T.);
#3651=EDGE_LOOP('',(#6642,#6643,#6644,#6645,#6646,#6647));
#3652=PLANE('',#3653);
#3653=AXIS2_PLACEMENT_3D('',#3654,#3655,#3656);
#3654=CARTESIAN_POINT('',(5.05166804648283E-15,-41.25,0.));
#3655=DIRECTION('',(1.22464679914735E-16,-1.,0.));
#3656=DIRECTION('',(1.,1.22464679914735E-16,1.22464679914735E-16));
#3657=FACE_BOUND('',#3658,.T.);
#3658=EDGE_LOOP('',(#6648,#6649,#6650,#6651,#6652,#6653,#6654,#6655));
#3659=CYLINDRICAL_SURFACE('',#3660,11.);
#3660=AXIS2_PLACEMENT_3D('',#3661,#3662,#3663);
#3661=CARTESIAN_POINT('',(23.,37.4,11.5));
#3662=DIRECTION('',(1.22464679914735E-16,-1.,0.));
#3663=DIRECTION('',(-1.,-1.22464679914735E-16,3.90223054852874E-17));
#3664=FACE_BOUND('',#3665,.T.);
#3665=EDGE_LOOP('',(#6656,#6657,#6658,#6659,#6660,#6661,#6662,#6663));
#3666=PLANE('',#3667);
#3667=AXIS2_PLACEMENT_3D('',#3668,#3669,#3670);
#3668=CARTESIAN_POINT('',(5.05166804648283E-15,-41.25,0.));
#3669=DIRECTION('',(1.22464679914735E-16,-1.,0.));
#3670=DIRECTION('',(1.,1.22464679914735E-16,1.22464679914735E-16));
#3671=FACE_BOUND('',#3672,.T.);
#3672=EDGE_LOOP('',(#6664,#6665,#6666,#6667));
#3673=PLANE('',#3674);
#3674=AXIS2_PLACEMENT_3D('',#3675,#3676,#3677);
#3675=CARTESIAN_POINT('',(4.65365783675994E-15,-38.,0.));
#3676=DIRECTION('',(1.22464679914735E-16,-1.,0.));
#3677=DIRECTION('',(1.,1.22464679914735E-16,1.22464679914735E-16));
#3678=FACE_BOUND('',#3679,.T.);
#3679=EDGE_LOOP('',(#6668,#6669,#6670,#6671,#6672,#6673));
#3680=PLANE('',#3681);
#3681=AXIS2_PLACEMENT_3D('',#3682,#3683,#3684);
#3682=CARTESIAN_POINT('',(5.05166804648283E-15,-41.25,0.));
#3683=DIRECTION('',(1.22464679914735E-16,-1.,0.));
#3684=DIRECTION('',(1.,1.22464679914735E-16,1.22464679914735E-16));
#3685=FACE_BOUND('',#3686,.T.);
#3686=EDGE_LOOP('',(#6674,#6675,#6676,#6677,#6678,#6679,#6680));
#3687=PLANE('',#3688);
#3688=AXIS2_PLACEMENT_3D('',#3689,#3690,#3691);
#3689=CARTESIAN_POINT('',(35.5,41.25,16.));
#3690=DIRECTION('',(7.50573312422641E-17,1.29288342981165E-32,1.));
#3691=DIRECTION('',(-1.,-2.00152883312704E-16,7.50573312422641E-17));
#3692=FACE_BOUND('',#3693,.T.);
#3693=EDGE_LOOP('',(#6681,#6682,#6683,#6684,#6685,#6686,#6687,#6688));
#3694=PLANE('',#3695);
#3695=AXIS2_PLACEMENT_3D('',#3696,#3697,#3698);
#3696=CARTESIAN_POINT('',(4.5801790288111E-15,-37.4,0.));
#3697=DIRECTION('',(1.22464679914735E-16,-1.,0.));
#3698=DIRECTION('',(1.,1.22464679914735E-16,1.22464679914735E-16));
#3699=FACE_BOUND('',#3700,.T.);
#3700=EDGE_LOOP('',(#6689,#6690,#6691,#6692,#6693,#6694,#6695,#6696,#6697,#6698,
#6699));
#3701=CYLINDRICAL_SURFACE('',#3702,11.);
#3702=AXIS2_PLACEMENT_3D('',#3703,#3704,#3705);
#3703=CARTESIAN_POINT('',(23.,37.4,11.5));
#3704=DIRECTION('',(1.22464679914735E-16,-1.,0.));
#3705=DIRECTION('',(-1.,-1.22464679914735E-16,3.90223054852874E-17));
#3706=FACE_BOUND('',#3707,.T.);
#3707=EDGE_LOOP('',(#6700,#6701,#6702,#6703,#6704,#6705));
#3708=PLANE('',#3709);
#3709=AXIS2_PLACEMENT_3D('',#3710,#3711,#3712);
#3710=CARTESIAN_POINT('',(9.79717439317883E-16,-8.,0.));
#3711=DIRECTION('',(1.22464679914735E-16,-1.,0.));
#3712=DIRECTION('',(1.,1.22464679914735E-16,1.22464679914735E-16));
#3713=FACE_BOUND('',#3714,.T.);
#3714=EDGE_LOOP('',(#6706,#6707,#6708,#6709));
#3715=CYLINDRICAL_SURFACE('',#3716,11.5377104152216);
#3716=AXIS2_PLACEMENT_3D('',#3717,#3718,#3719);
#3717=CARTESIAN_POINT('',(23.4719460193702,8.,12.0280539806298));
#3718=DIRECTION('',(1.22464679914735E-16,-1.,0.));
#3719=DIRECTION('',(-0.0409046511297058,-5.00937500762333E-18,-0.99916305451911));
#3720=FACE_BOUND('',#3721,.T.);
#3721=EDGE_LOOP('',(#6710,#6711,#6712,#6713,#6714,#6715));
#3722=PLANE('',#3723);
#3723=AXIS2_PLACEMENT_3D('',#3724,#3725,#3726);
#3724=CARTESIAN_POINT('',(-9.79717439317883E-16,8.,0.));
#3725=DIRECTION('',(1.22464679914735E-16,-1.,0.));
#3726=DIRECTION('',(1.,1.22464679914735E-16,1.22464679914735E-16));
#3727=FACE_BOUND('',#3728,.T.);
#3728=EDGE_LOOP('',(#6716,#6717,#6718,#6719,#6720,#6721,#6722,#6723,#6724,#6725,
#6726));
#3729=CYLINDRICAL_SURFACE('',#3730,11.);
#3730=AXIS2_PLACEMENT_3D('',#3731,#3732,#3733);
#3731=CARTESIAN_POINT('',(23.,37.4,11.5));
#3732=DIRECTION('',(1.22464679914735E-16,-1.,0.));
#3733=DIRECTION('',(-1.,-1.22464679914735E-16,3.90223054852874E-17));
#3734=FACE_BOUND('',#3735,.T.);
#3735=EDGE_LOOP('',(#6727,#6728,#6729,#6730));
#3736=CYLINDRICAL_SURFACE('',#3737,1.60000000000002);
#3737=AXIS2_PLACEMENT_3D('',#3738,#3739,#3740);
#3738=CARTESIAN_POINT('',(20.5,37.,4.6));
#3739=DIRECTION('',(0.,1.,0.));
#3740=DIRECTION('',(-1.33226762955017E-14,0.,-1.));
#3741=FACE_BOUND('',#3742,.T.);
#3742=EDGE_LOOP('',(#6731,#6732,#6733,#6734,#6735,#6736,#6737,#6738,#6739,#6740));
#3743=PLANE('',#3744);
#3744=AXIS2_PLACEMENT_3D('',#3745,#3746,#3747);
#3745=CARTESIAN_POINT('',(34.,38.,2.));
#3746=DIRECTION('',(0.,1.,0.));
#3747=DIRECTION('',(-1.,0.,0.));
#3748=FACE_BOUND('',#3749,.T.);
#3749=EDGE_LOOP('',(#6741,#6742,#6743,#6744,#6745,#6746,#6747,#6748,#6749,#6750));
#3750=PLANE('',#3751);
#3751=AXIS2_PLACEMENT_3D('',#3752,#3753,#3754);
#3752=CARTESIAN_POINT('',(-27.,38.,2.));
#3753=DIRECTION('',(0.,1.,0.));
#3754=DIRECTION('',(-1.,0.,0.));
#3755=FACE_BOUND('',#3756,.T.);
#3756=EDGE_LOOP('',(#6751,#6752,#6753,#6754));
#3757=CYLINDRICAL_SURFACE('',#3758,1.59999967353195);
#3758=AXIS2_PLACEMENT_3D('',#3759,#3760,#3761);
#3759=CARTESIAN_POINT('',(-20.5,37.,4.59999967353198));
#3760=DIRECTION('',(0.,1.,0.));
#3761=DIRECTION('',(0.999999999999979,0.,2.04042553963998E-7));
#3762=FACE_BOUND('',#3763,.T.);
#3763=EDGE_LOOP('',(#6755,#6756,#6757,#6758,#6759,#6760));
#3764=PLANE('',#3765);
#3765=AXIS2_PLACEMENT_3D('',#3766,#3767,#3768);
#3766=CARTESIAN_POINT('',(4.65365783675994E-15,-38.,0.));
#3767=DIRECTION('',(1.22464679914735E-16,-1.,0.));
#3768=DIRECTION('',(1.,1.22464679914735E-16,1.22464679914735E-16));
#3769=FACE_BOUND('',#3770,.T.);
#3770=EDGE_LOOP('',(#6761,#6762,#6763,#6764));
#3771=CYLINDRICAL_SURFACE('',#3772,1.60000000000002);
#3772=AXIS2_PLACEMENT_3D('',#3773,#3774,#3775);
#3773=CARTESIAN_POINT('',(-2.49999999999997,-37.,4.6));
#3774=DIRECTION('',(1.22464679914735E-16,-1.,0.));
#3775=DIRECTION('',(-1.,-1.22464679914735E-16,-1.22464679914735E-16));
#3776=FACE_BOUND('',#3777,.T.);
#3777=EDGE_LOOP('',(#6765,#6766,#6767,#6768));
#3778=CYLINDRICAL_SURFACE('',#3779,1.59999967353195);
#3779=AXIS2_PLACEMENT_3D('',#3780,#3781,#3782);
#3780=CARTESIAN_POINT('',(2.5,-37.,4.59999967353198));
#3781=DIRECTION('',(1.22464679914735E-16,-1.,0.));
#3782=DIRECTION('',(4.28580187175694E-15,5.24859354402687E-31,-1.));
#3783=FACE_BOUND('',#3784,.T.);
#3784=EDGE_LOOP('',(#6769,#6770,#6771,#6772,#6773,#6774));
#3785=PLANE('',#3786);
#3786=AXIS2_PLACEMENT_3D('',#3787,#3788,#3789);
#3787=CARTESIAN_POINT('',(0.,0.,10.));
#3788=DIRECTION('',(0.,0.,1.));
#3789=DIRECTION('',(1.,0.,0.));
#3790=FACE_BOUND('',#3791,.T.);
#3791=EDGE_LOOP('',(#6775,#6776,#6777,#6778,#6779));
#3792=PLANE('',#3793);
#3793=AXIS2_PLACEMENT_3D('',#3794,#3795,#3796);
#3794=CARTESIAN_POINT('',(-4.5801790288111E-15,37.4,0.));
#3795=DIRECTION('',(1.22464679914735E-16,-1.,0.));
#3796=DIRECTION('',(1.,1.22464679914735E-16,1.22464679914735E-16));
#3797=FACE_BOUND('',#3798,.T.);
#3798=EDGE_LOOP('',(#6780,#6781,#6782,#6783,#6784,#6785,#6786));
#3799=PLANE('',#3800);
#3800=AXIS2_PLACEMENT_3D('',#3801,#3802,#3803);
#3801=CARTESIAN_POINT('',(35.5,41.25,16.));
#3802=DIRECTION('',(7.50573312422641E-17,1.29288342981165E-32,1.));
#3803=DIRECTION('',(-1.,-2.00152883312704E-16,7.50573312422641E-17));
#3804=FACE_BOUND('',#3805,.T.);
#3805=EDGE_LOOP('',(#6787,#6788,#6789,#6790,#6791,#6792));
#3806=PLANE('',#3807);
#3807=AXIS2_PLACEMENT_3D('',#3808,#3809,#3810);
#3808=CARTESIAN_POINT('',(-5.05166804648283E-15,41.25,0.));
#3809=DIRECTION('',(1.22464679914735E-16,-1.,0.));
#3810=DIRECTION('',(1.,1.22464679914735E-16,1.22464679914735E-16));
#3811=FACE_BOUND('',#3812,.T.);
#3812=EDGE_LOOP('',(#6793,#6794,#6795,#6796,#6797));
#3813=PLANE('',#3814);
#3814=AXIS2_PLACEMENT_3D('',#3815,#3816,#3817);
#3815=CARTESIAN_POINT('',(-4.5801790288111E-15,37.4,0.));
#3816=DIRECTION('',(1.22464679914735E-16,-1.,0.));
#3817=DIRECTION('',(1.,1.22464679914735E-16,1.22464679914735E-16));
#3818=FACE_BOUND('',#3819,.T.);
#3819=EDGE_LOOP('',(#6798,#6799,#6800,#6801,#6802,#6803));
#3820=PLANE('',#3821);
#3821=AXIS2_PLACEMENT_3D('',#3822,#3823,#3824);
#3822=CARTESIAN_POINT('',(0.,0.,10.));
#3823=DIRECTION('',(0.,0.,1.));
#3824=DIRECTION('',(1.,0.,0.));
#3825=FACE_BOUND('',#3826,.T.);
#3826=EDGE_LOOP('',(#6804,#6805,#6806,#6807,#6808,#6809));
#3827=PLANE('',#3828);
#3828=AXIS2_PLACEMENT_3D('',#3829,#3830,#3831);
#3829=CARTESIAN_POINT('',(-5.05166804648283E-15,41.25,0.));
#3830=DIRECTION('',(1.22464679914735E-16,-1.,0.));
#3831=DIRECTION('',(1.,1.22464679914735E-16,1.22464679914735E-16));
#3832=FACE_BOUND('',#3833,.T.);
#3833=EDGE_LOOP('',(#6810,#6811,#6812,#6813,#6814,#6815,#6816));
#3834=PLANE('',#3835);
#3835=AXIS2_PLACEMENT_3D('',#3836,#3837,#3838);
#3836=CARTESIAN_POINT('',(35.5,41.25,16.));
#3837=DIRECTION('',(7.50573312422641E-17,1.29288342981165E-32,1.));
#3838=DIRECTION('',(-1.,-2.00152883312704E-16,7.50573312422641E-17));
#3839=FACE_BOUND('',#3840,.T.);
#3840=EDGE_LOOP('',(#6817,#6818,#6819,#6820));
#3841=CYLINDRICAL_SURFACE('',#3842,1.);
#3842=AXIS2_PLACEMENT_3D('',#3843,#3844,#3845);
#3843=CARTESIAN_POINT('',(34.5,40.25,-4.));
#3844=DIRECTION('',(0.,0.,-1.));
#3845=DIRECTION('',(0.,1.,0.));
#3846=FACE_BOUND('',#3847,.T.);
#3847=EDGE_LOOP('',(#6821,#6822,#6823,#6824,#6825,#6826,#6827,#6828,#6829,#6830,
#6831,#6832,#6833,#6834,#6835,#6836,#6837,#6838));
#3848=PLANE('',#3849);
#3849=AXIS2_PLACEMENT_3D('',#3850,#3851,#3852);
#3850=CARTESIAN_POINT('',(35.5,41.25,4.3474961369731E-15));
#3851=DIRECTION('',(1.,1.72252784426691E-16,0.));
#3852=DIRECTION('',(0.,0.,1.));
#3853=FACE_BOUND('',#3854,.T.);
#3854=EDGE_LOOP('',(#6839,#6840,#6841,#6842));
#3855=PLANE('',#3856);
#3856=AXIS2_PLACEMENT_3D('',#3857,#3858,#3859);
#3857=CARTESIAN_POINT('',(33.5,4.,4.));
#3858=DIRECTION('',(0.,1.,0.));
#3859=DIRECTION('',(1.,0.,0.));
#3860=FACE_BOUND('',#3861,.T.);
#3861=EDGE_LOOP('',(#6843,#6844,#6845,#6846));
#3862=PLANE('',#3863);
#3863=AXIS2_PLACEMENT_3D('',#3864,#3865,#3866);
#3864=CARTESIAN_POINT('',(33.5,-4.,4.));
#3865=DIRECTION('',(-1.,0.,0.));
#3866=DIRECTION('',(0.,1.,0.));
#3867=FACE_BOUND('',#3868,.T.);
#3868=EDGE_LOOP('',(#6847,#6848,#6849,#6850));
#3869=PLANE('',#3870);
#3870=AXIS2_PLACEMENT_3D('',#3871,#3872,#3873);
#3871=CARTESIAN_POINT('',(35.5,-4.,4.));
#3872=DIRECTION('',(0.,-1.,0.));
#3873=DIRECTION('',(-1.,0.,0.));
#3874=FACE_BOUND('',#3875,.T.);
#3875=EDGE_LOOP('',(#6851,#6852,#6853,#6854));
#3876=CYLINDRICAL_SURFACE('',#3877,1.);
#3877=AXIS2_PLACEMENT_3D('',#3878,#3879,#3880);
#3878=CARTESIAN_POINT('',(34.5,-40.25,-4.));
#3879=DIRECTION('',(0.,-2.96059473233375E-16,1.));
#3880=DIRECTION('',(0.,-1.,-2.96059473233375E-16));
#3881=FACE_BOUND('',#3882,.T.);
#3882=EDGE_LOOP('',(#6855,#6856,#6857,#6858));
#3883=CYLINDRICAL_SURFACE('',#3884,1.);
#3884=AXIS2_PLACEMENT_3D('',#3885,#3886,#3887);
#3885=CARTESIAN_POINT('',(-34.5,-40.25,20.));
#3886=DIRECTION('',(0.,2.96059473233375E-16,-1.));
#3887=DIRECTION('',(0.,-1.,-2.96059473233375E-16));
#3888=FACE_BOUND('',#3889,.T.);
#3889=EDGE_LOOP('',(#6859,#6860,#6861,#6862,#6863,#6864,#6865,#6866,#6867,#6868,
#6869,#6870,#6871,#6872,#6873,#6874,#6875,#6876));
#3890=PLANE('',#3891);
#3891=AXIS2_PLACEMENT_3D('',#3892,#3893,#3894);
#3892=CARTESIAN_POINT('',(-35.5,41.25,16.));
#3893=DIRECTION('',(-1.,-1.72252784426691E-16,0.));
#3894=DIRECTION('',(0.,0.,-1.));
#3895=FACE_BOUND('',#3896,.T.);
#3896=EDGE_LOOP('',(#6877,#6878,#6879,#6880));
#3897=PLANE('',#3898);
#3898=AXIS2_PLACEMENT_3D('',#3899,#3900,#3901);
#3899=CARTESIAN_POINT('',(-33.5,-4.,4.));
#3900=DIRECTION('',(0.,-1.,0.));
#3901=DIRECTION('',(-1.,0.,-2.22044604925031E-16));
#3902=FACE_BOUND('',#3903,.T.);
#3903=EDGE_LOOP('',(#6881,#6882,#6883,#6884));
#3904=PLANE('',#3905);
#3905=AXIS2_PLACEMENT_3D('',#3906,#3907,#3908);
#3906=CARTESIAN_POINT('',(-33.5,4.,4.));
#3907=DIRECTION('',(1.,0.,0.));
#3908=DIRECTION('',(0.,-1.,0.));
#3909=FACE_BOUND('',#3910,.T.);
#3910=EDGE_LOOP('',(#6885,#6886,#6887,#6888));
#3911=PLANE('',#3912);
#3912=AXIS2_PLACEMENT_3D('',#3913,#3914,#3915);
#3913=CARTESIAN_POINT('',(-35.5,4.,4.));
#3914=DIRECTION('',(-2.22044604925031E-16,1.,0.));
#3915=DIRECTION('',(1.,2.22044604925031E-16,2.22044604925031E-16));
#3916=FACE_BOUND('',#3917,.T.);
#3917=EDGE_LOOP('',(#6889,#6890,#6891,#6892));
#3918=CYLINDRICAL_SURFACE('',#3919,1.);
#3919=AXIS2_PLACEMENT_3D('',#3920,#3921,#3922);
#3920=CARTESIAN_POINT('',(-34.5,40.25,20.));
#3921=DIRECTION('',(0.,0.,1.));
#3922=DIRECTION('',(0.,1.,0.));
#3923=FACE_OUTER_BOUND('',#3924,.T.);
#3924=EDGE_LOOP('',(#6893));
#3925=FACE_OUTER_BOUND('',#3926,.T.);
#3926=EDGE_LOOP('',(#6894));
#3927=CYLINDRICAL_SURFACE('',#3928,0.75);
#3928=AXIS2_PLACEMENT_3D('',#3929,#3930,#3931);
#3929=CARTESIAN_POINT('',(-34.5,38.6,-1.3));
#3930=DIRECTION('',(0.,0.,1.));
#3931=DIRECTION('',(1.,0.,0.));
#3932=FACE_OUTER_BOUND('',#3933,.T.);
#3933=EDGE_LOOP('',(#6895));
#3934=FACE_OUTER_BOUND('',#3935,.T.);
#3935=EDGE_LOOP('',(#6896));
#3936=CYLINDRICAL_SURFACE('',#3937,1.6);
#3937=AXIS2_PLACEMENT_3D('',#3938,#3939,#3940);
#3938=CARTESIAN_POINT('',(-11.5,-34.,2.));
#3939=DIRECTION('',(1.22464679914735E-16,2.10948821092366E-32,-1.));
#3940=DIRECTION('',(1.,1.22464679914735E-16,1.22464679914735E-16));
#3941=FACE_OUTER_BOUND('',#3942,.T.);
#3942=EDGE_LOOP('',(#6897));
#3943=FACE_OUTER_BOUND('',#3944,.T.);
#3944=EDGE_LOOP('',(#6898));
#3945=CYLINDRICAL_SURFACE('',#3946,1.6);
#3946=AXIS2_PLACEMENT_3D('',#3947,#3948,#3949);
#3947=CARTESIAN_POINT('',(-11.5,34.,2.));
#3948=DIRECTION('',(1.22464679914735E-16,2.10948821092366E-32,-1.));
#3949=DIRECTION('',(1.,1.22464679914735E-16,1.22464679914735E-16));
#3950=FACE_OUTER_BOUND('',#3951,.T.);
#3951=EDGE_LOOP('',(#6899));
#3952=FACE_OUTER_BOUND('',#3953,.T.);
#3953=EDGE_LOOP('',(#6900));
#3954=CYLINDRICAL_SURFACE('',#3955,1.6);
#3955=AXIS2_PLACEMENT_3D('',#3956,#3957,#3958);
#3956=CARTESIAN_POINT('',(11.5,34.,2.));
#3957=DIRECTION('',(1.22464679914735E-16,2.10948821092366E-32,-1.));
#3958=DIRECTION('',(1.,1.22464679914735E-16,1.22464679914735E-16));
#3959=FACE_OUTER_BOUND('',#3960,.T.);
#3960=EDGE_LOOP('',(#6901));
#3961=FACE_OUTER_BOUND('',#3962,.T.);
#3962=EDGE_LOOP('',(#6902));
#3963=CYLINDRICAL_SURFACE('',#3964,1.6);
#3964=AXIS2_PLACEMENT_3D('',#3965,#3966,#3967);
#3965=CARTESIAN_POINT('',(11.5,-34.,2.));
#3966=DIRECTION('',(1.22464679914735E-16,2.10948821092366E-32,-1.));
#3967=DIRECTION('',(1.,1.22464679914735E-16,1.22464679914735E-16));
#3968=FACE_BOUND('',#3969,.T.);
#3969=EDGE_LOOP('',(#6903,#6904,#6905,#6906));
#3970=FACE_BOUND('',#3971,.T.);
#3971=EDGE_LOOP('',(#6907));
#3972=PLANE('',#3973);
#3973=AXIS2_PLACEMENT_3D('',#3974,#3975,#3976);
#3974=CARTESIAN_POINT('',(-20.,-37.4,2.));
#3975=DIRECTION('',(-1.16573417585641E-16,-2.40048221540574E-16,-1.));
#3976=DIRECTION('',(0.,1.,-2.40048221540574E-16));
#3977=FACE_BOUND('',#3978,.T.);
#3978=EDGE_LOOP('',(#6908,#6909,#6910,#6911,#6912,#6913));
#3979=FACE_BOUND('',#3980,.T.);
#3980=EDGE_LOOP('',(#6914,#6915,#6916,#6917,#6918,#6919,#6920,#6921,#6922,#6923,
#6924,#6925));
#3981=FACE_BOUND('',#3982,.T.);
#3982=EDGE_LOOP('',(#6926));
#3983=PLANE('',#3984);
#3984=AXIS2_PLACEMENT_3D('',#3985,#3986,#3987);
#3985=CARTESIAN_POINT('',(-20.,-37.4,2.));
#3986=DIRECTION('',(-1.16573417585641E-16,-2.40048221540574E-16,-1.));
#3987=DIRECTION('',(0.,1.,-2.40048221540574E-16));
#3988=FACE_BOUND('',#3989,.T.);
#3989=EDGE_LOOP('',(#6927,#6928,#6929,#6930));
#3990=PLANE('',#3991);
#3991=AXIS2_PLACEMENT_3D('',#3992,#3993,#3994);
#3992=CARTESIAN_POINT('',(-2.49999999999999,-37.,2.99999999999998));
#3993=DIRECTION('',(4.44089209850063E-15,0.,-1.));
#3994=DIRECTION('',(1.,0.,4.44089209850063E-15));
#3995=FACE_BOUND('',#3996,.T.);
#3996=EDGE_LOOP('',(#6931,#6932,#6933,#6934));
#3997=PLANE('',#3998);
#3998=AXIS2_PLACEMENT_3D('',#3999,#4000,#4001);
#3999=CARTESIAN_POINT('',(-20.,-30.,2.));
#4000=DIRECTION('',(-9.42771292720521E-17,0.588171697675046,-0.808736084303188));
#4001=DIRECTION('',(0.,0.808736084303188,0.588171697675046));
#4002=FACE_BOUND('',#4003,.T.);
#4003=EDGE_LOOP('',(#6935,#6936,#6937,#6938));
#4004=PLANE('',#4005);
#4005=AXIS2_PLACEMENT_3D('',#4006,#4007,#4008);
#4006=CARTESIAN_POINT('',(-20.,-19.,10.));
#4007=DIRECTION('',(-1.33226762955019E-16,4.67462326157961E-17,-1.));
#4008=DIRECTION('',(0.,1.,4.67462326157961E-17));
#4009=FACE_BOUND('',#4010,.T.);
#4010=EDGE_LOOP('',(#6939,#6940,#6941,#6942,#6943,#6944));
#4011=PLANE('',#4012);
#4012=AXIS2_PLACEMENT_3D('',#4013,#4014,#4015);
#4013=CARTESIAN_POINT('',(-20.,19.,10.));
#4014=DIRECTION('',(-1.07745290596631E-16,-0.588171697675046,-0.808736084303188));
#4015=DIRECTION('',(0.,0.808736084303188,-0.588171697675046));
#4016=FACE_BOUND('',#4017,.T.);
#4017=EDGE_LOOP('',(#6945,#6946,#6947,#6948));
#4018=PLANE('',#4019);
#4019=AXIS2_PLACEMENT_3D('',#4020,#4021,#4022);
#4020=CARTESIAN_POINT('',(5.,26.,2.));
#4021=DIRECTION('',(0.,-1.,0.));
#4022=DIRECTION('',(1.,0.,0.));
#4023=FACE_BOUND('',#4024,.T.);
#4024=EDGE_LOOP('',(#6949,#6950,#6951,#6952,#6953,#6954,#6955,#6956,#6957,#6958));
#4025=FACE_BOUND('',#4026,.T.);
#4026=EDGE_LOOP('',(#6959,#6960,#6961,#6962));
#4027=FACE_BOUND('',#4028,.T.);
#4028=EDGE_LOOP('',(#6963));
#4029=PLANE('',#4030);
#4030=AXIS2_PLACEMENT_3D('',#4031,#4032,#4033);
#4031=CARTESIAN_POINT('',(-20.,30.,2.));
#4032=DIRECTION('',(-1.27675647831893E-16,6.00120553851436E-17,-1.));
#4033=DIRECTION('',(0.,1.,6.00120553851436E-17));
#4034=FACE_BOUND('',#4035,.T.);
#4035=EDGE_LOOP('',(#6964,#6965,#6966,#6967));
#4036=PLANE('',#4037);
#4037=AXIS2_PLACEMENT_3D('',#4038,#4039,#4040);
#4038=CARTESIAN_POINT('',(5.,38.,2.));
#4039=DIRECTION('',(-1.,7.40148683083438E-17,0.));
#4040=DIRECTION('',(-7.40148683083438E-17,-1.,0.));
#4041=FACE_BOUND('',#4042,.T.);
#4042=EDGE_LOOP('',(#6968,#6969,#6970,#6971));
#4043=PLANE('',#4044);
#4044=AXIS2_PLACEMENT_3D('',#4045,#4046,#4047);
#4045=CARTESIAN_POINT('',(0.,0.,10.));
#4046=DIRECTION('',(0.,0.,1.));
#4047=DIRECTION('',(1.,0.,0.));
#4048=FACE_BOUND('',#4049,.T.);
#4049=EDGE_LOOP('',(#6972,#6973,#6974,#6975));
#4050=PLANE('',#4051);
#4051=AXIS2_PLACEMENT_3D('',#4052,#4053,#4054);
#4052=CARTESIAN_POINT('',(11.,26.,2.));
#4053=DIRECTION('',(1.,-1.48029736616688E-16,0.));
#4054=DIRECTION('',(1.48029736616688E-16,1.,0.));
#4055=FACE_BOUND('',#4056,.T.);
#4056=EDGE_LOOP('',(#6976,#6977,#6978,#6979,#6980,#6981));
#4057=FACE_BOUND('',#4058,.T.);
#4058=EDGE_LOOP('',(#6982,#6983,#6984,#6985,#6986,#6987,#6988,#6989,#6990,#6991,
#6992,#6993));
#4059=PLANE('',#4060);
#4060=AXIS2_PLACEMENT_3D('',#4061,#4062,#4063);
#4061=CARTESIAN_POINT('',(0.,0.,2.));
#4062=DIRECTION('',(0.,0.,1.));
#4063=DIRECTION('',(1.,0.,0.));
#4064=FACE_BOUND('',#4065,.T.);
#4065=EDGE_LOOP('',(#6994,#6995,#6996,#6997));
#4066=PLANE('',#4067);
#4067=AXIS2_PLACEMENT_3D('',#4068,#4069,#4070);
#4068=CARTESIAN_POINT('',(27.,38.,2.));
#4069=DIRECTION('',(-1.,0.,0.));
#4070=DIRECTION('',(0.,-1.,0.));
#4071=FACE_BOUND('',#4072,.T.);
#4072=EDGE_LOOP('',(#6998,#6999,#7000,#7001));
#4073=CYLINDRICAL_SURFACE('',#4074,1.59999967353195);
#4074=AXIS2_PLACEMENT_3D('',#4075,#4076,#4077);
#4075=CARTESIAN_POINT('',(25.5,37.,4.59999967353198));
#4076=DIRECTION('',(0.,1.,0.));
#4077=DIRECTION('',(0.999999999999979,0.,2.04042553963998E-7));
#4078=FACE_BOUND('',#4079,.T.);
#4079=EDGE_LOOP('',(#7002,#7003,#7004,#7005));
#4080=PLANE('',#4081);
#4081=AXIS2_PLACEMENT_3D('',#4082,#4083,#4084);
#4082=CARTESIAN_POINT('',(25.5,37.,3.));
#4083=DIRECTION('',(4.61852778244065E-15,0.,-1.));
#4084=DIRECTION('',(-1.,0.,-4.61852778244065E-15));
#4085=FACE_BOUND('',#4086,.T.);
#4086=EDGE_LOOP('',(#7006,#7007,#7008,#7009));
#4087=PLANE('',#4088);
#4088=AXIS2_PLACEMENT_3D('',#4089,#4090,#4091);
#4089=CARTESIAN_POINT('',(-20.5,37.,3.));
#4090=DIRECTION('',(4.61852778244065E-15,0.,-1.));
#4091=DIRECTION('',(-1.,0.,-4.61852778244065E-15));
#4092=FACE_BOUND('',#4093,.T.);
#4093=EDGE_LOOP('',(#7010,#7011,#7012,#7013));
#4094=CYLINDRICAL_SURFACE('',#4095,1.60000000000002);
#4095=AXIS2_PLACEMENT_3D('',#4096,#4097,#4098);
#4096=CARTESIAN_POINT('',(-25.5,37.,4.6));
#4097=DIRECTION('',(0.,1.,0.));
#4098=DIRECTION('',(-1.33226762955017E-14,0.,-1.));
#4099=FACE_BOUND('',#4100,.T.);
#4100=EDGE_LOOP('',(#7014,#7015,#7016,#7017));
#4101=PLANE('',#4102);
#4102=AXIS2_PLACEMENT_3D('',#4103,#4104,#4105);
#4103=CARTESIAN_POINT('',(-27.,30.,2.));
#4104=DIRECTION('',(1.,0.,0.));
#4105=DIRECTION('',(0.,1.,0.));
#4106=FACE_BOUND('',#4107,.T.);
#4107=EDGE_LOOP('',(#7018,#7019,#7020,#7021,#7022,#7023));
#4108=FACE_BOUND('',#4109,.T.);
#4109=EDGE_LOOP('',(#7024,#7025,#7026,#7027,#7028,#7029,#7030,#7031,#7032,#7033,
#7034,#7035));
#4110=PLANE('',#4111);
#4111=AXIS2_PLACEMENT_3D('',#4112,#4113,#4114);
#4112=CARTESIAN_POINT('',(0.,0.,2.));
#4113=DIRECTION('',(0.,0.,1.));
#4114=DIRECTION('',(1.,0.,0.));
#4115=FACE_BOUND('',#4116,.T.);
#4116=EDGE_LOOP('',(#7036,#7037,#7038,#7039));
#4117=FACE_BOUND('',#4118,.T.);
#4118=EDGE_LOOP('',(#7040));
#4119=PLANE('',#4120);
#4120=AXIS2_PLACEMENT_3D('',#4121,#4122,#4123);
#4121=CARTESIAN_POINT('',(-20.,30.,2.));
#4122=DIRECTION('',(-1.27675647831893E-16,6.00120553851436E-17,-1.));
#4123=DIRECTION('',(0.,1.,6.00120553851436E-17));
#4124=FACE_BOUND('',#4125,.T.);
#4125=EDGE_LOOP('',(#7041,#7042,#7043,#7044));
#4126=PLANE('',#4127);
#4127=AXIS2_PLACEMENT_3D('',#4128,#4129,#4130);
#4128=CARTESIAN_POINT('',(-20.,19.,10.));
#4129=DIRECTION('',(-1.07745290596631E-16,-0.588171697675046,-0.808736084303188));
#4130=DIRECTION('',(0.,0.808736084303188,-0.588171697675046));
#4131=FACE_BOUND('',#4132,.T.);
#4132=EDGE_LOOP('',(#7045,#7046,#7047,#7048));
#4133=PLANE('',#4134);
#4134=AXIS2_PLACEMENT_3D('',#4135,#4136,#4137);
#4135=CARTESIAN_POINT('',(-20.,-19.,10.));
#4136=DIRECTION('',(-1.33226762955019E-16,4.67462326157961E-17,-1.));
#4137=DIRECTION('',(0.,1.,4.67462326157961E-17));
#4138=FACE_BOUND('',#4139,.T.);
#4139=EDGE_LOOP('',(#7049,#7050,#7051,#7052,#7053,#7054));
#4140=PLANE('',#4141);
#4141=AXIS2_PLACEMENT_3D('',#4142,#4143,#4144);
#4142=CARTESIAN_POINT('',(-20.,-30.,2.));
#4143=DIRECTION('',(-9.42771292720521E-17,0.588171697675046,-0.808736084303188));
#4144=DIRECTION('',(0.,0.808736084303188,0.588171697675046));
#4145=FACE_BOUND('',#4146,.T.);
#4146=EDGE_LOOP('',(#7055,#7056,#7057,#7058));
#4147=PLANE('',#4148);
#4148=AXIS2_PLACEMENT_3D('',#4149,#4150,#4151);
#4149=CARTESIAN_POINT('',(-5.,-26.,2.));
#4150=DIRECTION('',(0.,1.,0.));
#4151=DIRECTION('',(-1.,0.,0.));
#4152=FACE_BOUND('',#4153,.T.);
#4153=EDGE_LOOP('',(#7059,#7060,#7061,#7062));
#4154=PLANE('',#4155);
#4155=AXIS2_PLACEMENT_3D('',#4156,#4157,#4158);
#4156=CARTESIAN_POINT('',(-34.,30.,2.));
#4157=DIRECTION('',(0.,-1.,0.));
#4158=DIRECTION('',(1.,0.,0.));
#4159=FACE_BOUND('',#4160,.T.);
#4160=EDGE_LOOP('',(#7063,#7064,#7065,#7066));
#4161=PLANE('',#4162);
#4162=AXIS2_PLACEMENT_3D('',#4163,#4164,#4165);
#4163=CARTESIAN_POINT('',(-34.,37.4,17.5));
#4164=DIRECTION('',(-1.,-1.89984688705909E-16,0.));
#4165=DIRECTION('',(0.,0.,-1.));
#4166=FACE_BOUND('',#4167,.T.);
#4167=EDGE_LOOP('',(#7067,#7068,#7069,#7070,#7071));
#4168=PLANE('',#4169);
#4169=AXIS2_PLACEMENT_3D('',#4170,#4171,#4172);
#4170=CARTESIAN_POINT('',(-36.5,32.,11.));
#4171=DIRECTION('',(-2.19907456010366E-16,0.928476690885259,-0.371390676354104));
#4172=DIRECTION('',(0.,0.371390676354104,0.928476690885259));
#4173=FACE_BOUND('',#4174,.T.);
#4174=EDGE_LOOP('',(#7072,#7073,#7074,#7075));
#4175=PLANE('',#4176);
#4176=AXIS2_PLACEMENT_3D('',#4177,#4178,#4179);
#4177=CARTESIAN_POINT('',(-36.5,9.,11.));
#4178=DIRECTION('',(0.,7.72329060608805E-17,-1.));
#4179=DIRECTION('',(0.,1.,7.72329060608805E-17));
#4180=FACE_BOUND('',#4181,.T.);
#4181=EDGE_LOOP('',(#7076,#7077,#7078,#7079));
#4182=PLANE('',#4183);
#4183=AXIS2_PLACEMENT_3D('',#4184,#4185,#4186);
#4184=CARTESIAN_POINT('',(-36.5,8.,10.));
#4185=DIRECTION('',(0.,0.707106781186547,-0.707106781186548));
#4186=DIRECTION('',(0.,0.707106781186548,0.707106781186547));
#4187=FACE_BOUND('',#4188,.T.);
#4188=EDGE_LOOP('',(#7080,#7081,#7082,#7083));
#4189=PLANE('',#4190);
#4190=AXIS2_PLACEMENT_3D('',#4191,#4192,#4193);
#4191=CARTESIAN_POINT('',(-36.5,-8.,8.));
#4192=DIRECTION('',(0.,1.11022302462516E-16,-1.));
#4193=DIRECTION('',(0.,1.,1.11022302462516E-16));
#4194=FACE_BOUND('',#4195,.T.);
#4195=EDGE_LOOP('',(#7084,#7085,#7086,#7087));
#4196=PLANE('',#4197);
#4197=AXIS2_PLACEMENT_3D('',#4198,#4199,#4200);
#4198=CARTESIAN_POINT('',(-36.5,-9.,11.));
#4199=DIRECTION('',(0.,-0.707106781186547,-0.707106781186548));
#4200=DIRECTION('',(0.,0.707106781186548,-0.707106781186547));
#4201=FACE_BOUND('',#4202,.T.);
#4202=EDGE_LOOP('',(#7088,#7089,#7090,#7091));
#4203=PLANE('',#4204);
#4204=AXIS2_PLACEMENT_3D('',#4205,#4206,#4207);
#4205=CARTESIAN_POINT('',(-36.5,-32.,11.));
#4206=DIRECTION('',(0.,7.72329060608805E-17,-1.));
#4207=DIRECTION('',(0.,1.,7.72329060608805E-17));
#4208=FACE_BOUND('',#4209,.T.);
#4209=EDGE_LOOP('',(#7092,#7093,#7094,#7095,#7096));
#4210=PLANE('',#4211);
#4211=AXIS2_PLACEMENT_3D('',#4212,#4213,#4214);
#4212=CARTESIAN_POINT('',(-36.5,-34.,16.));
#4213=DIRECTION('',(0.,-0.928476690885259,-0.371390676354104));
#4214=DIRECTION('',(0.,0.371390676354104,-0.928476690885259));
#4215=FACE_BOUND('',#4216,.T.);
#4216=EDGE_LOOP('',(#7097,#7098,#7099,#7100));
#4217=PLANE('',#4218);
#4218=AXIS2_PLACEMENT_3D('',#4219,#4220,#4221);
#4219=CARTESIAN_POINT('',(-34.,37.4,17.5));
#4220=DIRECTION('',(-1.,-1.89984688705909E-16,0.));
#4221=DIRECTION('',(0.,0.,-1.));
#4222=FACE_BOUND('',#4223,.T.);
#4223=EDGE_LOOP('',(#7101,#7102,#7103,#7104));
#4224=PLANE('',#4225);
#4225=AXIS2_PLACEMENT_3D('',#4226,#4227,#4228);
#4226=CARTESIAN_POINT('',(0.,0.,10.));
#4227=DIRECTION('',(0.,0.,1.));
#4228=DIRECTION('',(1.,0.,0.));
#4229=FACE_BOUND('',#4230,.T.);
#4230=EDGE_LOOP('',(#7105,#7106,#7107,#7108));
#4231=PLANE('',#4232);
#4232=AXIS2_PLACEMENT_3D('',#4233,#4234,#4235);
#4233=CARTESIAN_POINT('',(-27.,-30.,2.));
#4234=DIRECTION('',(0.,1.,0.));
#4235=DIRECTION('',(-1.,0.,0.));
#4236=FACE_BOUND('',#4237,.T.);
#4237=EDGE_LOOP('',(#7109,#7110,#7111,#7112));
#4238=FACE_BOUND('',#4239,.T.);
#4239=EDGE_LOOP('',(#7113,#7114,#7115,#7116));
#4240=PLANE('',#4241);
#4241=AXIS2_PLACEMENT_3D('',#4242,#4243,#4244);
#4242=CARTESIAN_POINT('',(0.,0.,2.));
#4243=DIRECTION('',(0.,0.,1.));
#4244=DIRECTION('',(1.,0.,0.));
#4245=FACE_BOUND('',#4246,.T.);
#4246=EDGE_LOOP('',(#7117,#7118,#7119,#7120));
#4247=PLANE('',#4248);
#4248=AXIS2_PLACEMENT_3D('',#4249,#4250,#4251);
#4249=CARTESIAN_POINT('',(-34.,-30.,2.));
#4250=DIRECTION('',(-1.,0.,0.));
#4251=DIRECTION('',(0.,-1.,0.));
#4252=FACE_BOUND('',#4253,.T.);
#4253=EDGE_LOOP('',(#7121,#7122,#7123,#7124,#7125));
#4254=PLANE('',#4255);
#4255=AXIS2_PLACEMENT_3D('',#4256,#4257,#4258);
#4256=CARTESIAN_POINT('',(33.5,-34.,16.));
#4257=DIRECTION('',(-2.19907456010366E-16,-0.928476690885259,-0.371390676354104));
#4258=DIRECTION('',(0.,0.371390676354104,-0.928476690885259));
#4259=FACE_BOUND('',#4260,.T.);
#4260=EDGE_LOOP('',(#7126,#7127,#7128,#7129));
#4261=PLANE('',#4262);
#4262=AXIS2_PLACEMENT_3D('',#4263,#4264,#4265);
#4263=CARTESIAN_POINT('',(34.,37.4,11.5));
#4264=DIRECTION('',(1.,1.89984688705909E-16,0.));
#4265=DIRECTION('',(0.,0.,1.));
#4266=FACE_BOUND('',#4267,.T.);
#4267=EDGE_LOOP('',(#7130,#7131,#7132,#7133));
#4268=PLANE('',#4269);
#4269=AXIS2_PLACEMENT_3D('',#4270,#4271,#4272);
#4270=CARTESIAN_POINT('',(0.,0.,10.));
#4271=DIRECTION('',(0.,0.,1.));
#4272=DIRECTION('',(1.,0.,0.));
#4273=FACE_BOUND('',#4274,.T.);
#4274=EDGE_LOOP('',(#7134,#7135,#7136,#7137));
#4275=PLANE('',#4276);
#4276=AXIS2_PLACEMENT_3D('',#4277,#4278,#4279);
#4277=CARTESIAN_POINT('',(34.,-37.4,2.));
#4278=DIRECTION('',(1.,0.,0.));
#4279=DIRECTION('',(0.,1.,0.));
#4280=FACE_BOUND('',#4281,.T.);
#4281=EDGE_LOOP('',(#7138,#7139,#7140,#7141));
#4282=FACE_BOUND('',#4283,.T.);
#4283=EDGE_LOOP('',(#7142,#7143,#7144,#7145));
#4284=PLANE('',#4285);
#4285=AXIS2_PLACEMENT_3D('',#4286,#4287,#4288);
#4286=CARTESIAN_POINT('',(0.,0.,2.));
#4287=DIRECTION('',(0.,0.,1.));
#4288=DIRECTION('',(1.,0.,0.));
#4289=FACE_BOUND('',#4290,.T.);
#4290=EDGE_LOOP('',(#7146,#7147,#7148,#7149));
#4291=PLANE('',#4292);
#4292=AXIS2_PLACEMENT_3D('',#4293,#4294,#4295);
#4293=CARTESIAN_POINT('',(34.,-30.,2.));
#4294=DIRECTION('',(0.,1.,0.));
#4295=DIRECTION('',(-1.,0.,0.));
#4296=FACE_BOUND('',#4297,.T.);
#4297=EDGE_LOOP('',(#7150,#7151,#7152,#7153));
#4298=PLANE('',#4299);
#4299=AXIS2_PLACEMENT_3D('',#4300,#4301,#4302);
#4300=CARTESIAN_POINT('',(33.5,-32.,11.));
#4301=DIRECTION('',(-5.9211894646675E-16,0.,-1.));
#4302=DIRECTION('',(0.,1.,0.));
#4303=FACE_BOUND('',#4304,.T.);
#4304=EDGE_LOOP('',(#7154,#7155,#7156,#7157));
#4305=PLANE('',#4306);
#4306=AXIS2_PLACEMENT_3D('',#4307,#4308,#4309);
#4307=CARTESIAN_POINT('',(33.5,-9.,11.));
#4308=DIRECTION('',(0.,-0.707106781186547,-0.707106781186548));
#4309=DIRECTION('',(0.,0.707106781186548,-0.707106781186547));
#4310=FACE_BOUND('',#4311,.T.);
#4311=EDGE_LOOP('',(#7158,#7159,#7160,#7161));
#4312=PLANE('',#4313);
#4313=AXIS2_PLACEMENT_3D('',#4314,#4315,#4316);
#4314=CARTESIAN_POINT('',(33.5,-8.,8.));
#4315=DIRECTION('',(-2.96059473233375E-16,5.55111512312578E-17,-1.));
#4316=DIRECTION('',(0.,1.,5.55111512312578E-17));
#4317=FACE_BOUND('',#4318,.T.);
#4318=EDGE_LOOP('',(#7162,#7163,#7164,#7165));
#4319=PLANE('',#4320);
#4320=AXIS2_PLACEMENT_3D('',#4321,#4322,#4323);
#4321=CARTESIAN_POINT('',(33.5,8.,10.));
#4322=DIRECTION('',(0.,0.707106781186547,-0.707106781186548));
#4323=DIRECTION('',(0.,0.707106781186548,0.707106781186547));
#4324=FACE_BOUND('',#4325,.T.);
#4325=EDGE_LOOP('',(#7166,#7167,#7168,#7169));
#4326=PLANE('',#4327);
#4327=AXIS2_PLACEMENT_3D('',#4328,#4329,#4330);
#4328=CARTESIAN_POINT('',(33.5,9.,11.));
#4329=DIRECTION('',(0.,7.72329060608805E-17,-1.));
#4330=DIRECTION('',(0.,1.,7.72329060608805E-17));
#4331=FACE_BOUND('',#4332,.T.);
#4332=EDGE_LOOP('',(#7170,#7171,#7172,#7173,#7174));
#4333=PLANE('',#4334);
#4334=AXIS2_PLACEMENT_3D('',#4335,#4336,#4337);
#4335=CARTESIAN_POINT('',(33.5,32.,11.));
#4336=DIRECTION('',(0.,0.928476690885259,-0.371390676354104));
#4337=DIRECTION('',(0.,0.371390676354104,0.928476690885259));
#4338=FACE_BOUND('',#4339,.T.);
#4339=EDGE_LOOP('',(#7175,#7176,#7177,#7178));
#4340=PLANE('',#4341);
#4341=AXIS2_PLACEMENT_3D('',#4342,#4343,#4344);
#4342=CARTESIAN_POINT('',(34.,37.4,11.5));
#4343=DIRECTION('',(1.,1.89984688705909E-16,0.));
#4344=DIRECTION('',(0.,0.,1.));
#4345=FACE_BOUND('',#4346,.T.);
#4346=EDGE_LOOP('',(#7179,#7180,#7181,#7182));
#4347=PLANE('',#4348);
#4348=AXIS2_PLACEMENT_3D('',#4349,#4350,#4351);
#4349=CARTESIAN_POINT('',(27.,30.,2.));
#4350=DIRECTION('',(0.,-1.,0.));
#4351=DIRECTION('',(1.,0.,0.));
#4352=FACE_BOUND('',#4353,.T.);
#4353=EDGE_LOOP('',(#7183,#7184,#7185,#7186));
#4354=PLANE('',#4355);
#4355=AXIS2_PLACEMENT_3D('',#4356,#4357,#4358);
#4356=CARTESIAN_POINT('',(34.,30.,2.));
#4357=DIRECTION('',(1.,0.,0.));
#4358=DIRECTION('',(0.,1.,0.));
#4359=FACE_BOUND('',#4360,.T.);
#4360=EDGE_LOOP('',(#7187,#7188,#7189,#7190));
#4361=PLANE('',#4362);
#4362=AXIS2_PLACEMENT_3D('',#4363,#4364,#4365);
#4363=CARTESIAN_POINT('',(-34.,38.,2.));
#4364=DIRECTION('',(-1.,0.,0.));
#4365=DIRECTION('',(0.,-1.,0.));
#4366=FACE_BOUND('',#4367,.T.);
#4367=EDGE_LOOP('',(#7191,#7192,#7193,#7194));
#4368=PLANE('',#4369);
#4369=AXIS2_PLACEMENT_3D('',#4370,#4371,#4372);
#4370=CARTESIAN_POINT('',(-4.89858719658941E-16,-8.43795284369464E-32,4.));
#4371=DIRECTION('',(1.22464679914735E-16,2.10948821092366E-32,-1.));
#4372=DIRECTION('',(-6.12323399573677E-17,-1.,-2.85936810225459E-32));
#4373=FACE_BOUND('',#4374,.T.);
#4374=EDGE_LOOP('',(#7195,#7196,#7197,#7198));
#4375=PLANE('',#4376);
#4376=AXIS2_PLACEMENT_3D('',#4377,#4378,#4379);
#4377=CARTESIAN_POINT('',(-4.89858719658941E-16,-8.43795284369464E-32,4.));
#4378=DIRECTION('',(1.22464679914735E-16,2.10948821092366E-32,-1.));
#4379=DIRECTION('',(-6.12323399573677E-17,-1.,-2.85936810225459E-32));
#4380=FACE_BOUND('',#4381,.T.);
#4381=EDGE_LOOP('',(#7199));
#4382=PLANE('',#4383);
#4383=AXIS2_PLACEMENT_3D('',#4384,#4385,#4386);
#4384=CARTESIAN_POINT('',(0.,0.,-1.3));
#4385=DIRECTION('',(0.,0.,1.));
#4386=DIRECTION('',(1.,0.,0.));
#4387=FACE_BOUND('',#4388,.T.);
#4388=EDGE_LOOP('',(#7200));
#4389=FACE_BOUND('',#4390,.T.);
#4390=EDGE_LOOP('',(#7201));
#4391=PLANE('',#4392);
#4392=AXIS2_PLACEMENT_3D('',#4393,#4394,#4395);
#4393=CARTESIAN_POINT('',(-1.27675647831893E-16,6.00120553851436E-17,1.));
#4394=DIRECTION('',(1.27675647831893E-16,-6.00120553851436E-17,1.));
#4395=DIRECTION('',(6.12323399573677E-17,1.,6.00120553851436E-17));
#4396=FACE_BOUND('',#4397,.T.);
#4397=EDGE_LOOP('',(#7202));
#4398=FACE_BOUND('',#4399,.T.);
#4399=EDGE_LOOP('',(#7203));
#4400=PLANE('',#4401);
#4401=AXIS2_PLACEMENT_3D('',#4402,#4403,#4404);
#4402=CARTESIAN_POINT('',(-1.27675647831893E-16,6.00120553851436E-17,1.));
#4403=DIRECTION('',(1.27675647831893E-16,-6.00120553851436E-17,1.));
#4404=DIRECTION('',(6.12323399573677E-17,1.,6.00120553851436E-17));
#4405=FACE_BOUND('',#4406,.T.);
#4406=EDGE_LOOP('',(#7204));
#4407=FACE_BOUND('',#4408,.T.);
#4408=EDGE_LOOP('',(#7205));
#4409=PLANE('',#4410);
#4410=AXIS2_PLACEMENT_3D('',#4411,#4412,#4413);
#4411=CARTESIAN_POINT('',(-1.27675647831893E-16,6.00120553851436E-17,1.));
#4412=DIRECTION('',(1.27675647831893E-16,-6.00120553851436E-17,1.));
#4413=DIRECTION('',(6.12323399573677E-17,1.,6.00120553851436E-17));
#4414=FACE_BOUND('',#4415,.T.);
#4415=EDGE_LOOP('',(#7206));
#4416=FACE_BOUND('',#4417,.T.);
#4417=EDGE_LOOP('',(#7207));
#4418=PLANE('',#4419);
#4419=AXIS2_PLACEMENT_3D('',#4420,#4421,#4422);
#4420=CARTESIAN_POINT('',(-1.27675647831893E-16,6.00120553851436E-17,1.));
#4421=DIRECTION('',(1.27675647831893E-16,-6.00120553851436E-17,1.));
#4422=DIRECTION('',(6.12323399573677E-17,1.,6.00120553851436E-17));
#4423=FACE_OUTER_BOUND('',#4424,.T.);
#4424=EDGE_LOOP('',(#7208));
#4425=FACE_OUTER_BOUND('',#4426,.T.);
#4426=EDGE_LOOP('',(#7209));
#4427=CYLINDRICAL_SURFACE('',#4428,3.);
#4428=AXIS2_PLACEMENT_3D('',#4429,#4430,#4431);
#4429=CARTESIAN_POINT('',(11.5,-34.,0.999999999999997));
#4430=DIRECTION('',(1.27675647831893E-16,-6.00120553851436E-17,1.));
#4431=DIRECTION('',(6.12323399573676E-17,1.,6.00120553851436E-17));
#4432=FACE_BOUND('',#4433,.T.);
#4433=EDGE_LOOP('',(#7210,#7211,#7212));
#4434=PLANE('',#4435);
#4435=AXIS2_PLACEMENT_3D('',#4436,#4437,#4438);
#4436=CARTESIAN_POINT('',(-11.,-26.,2.));
#4437=DIRECTION('',(-1.,0.,0.));
#4438=DIRECTION('',(0.,-1.,0.));
#4439=FACE_BOUND('',#4440,.T.);
#4440=EDGE_LOOP('',(#7213,#7214,#7215,#7216));
#4441=PLANE('',#4442);
#4442=AXIS2_PLACEMENT_3D('',#4443,#4444,#4445);
#4443=CARTESIAN_POINT('',(-8.10000000000001,-29.2,1.5));
#4444=DIRECTION('',(0.,1.,0.));
#4445=DIRECTION('',(-1.,0.,0.));
#4446=FACE_BOUND('',#4447,.T.);
#4447=EDGE_LOOP('',(#7217,#7218,#7219,#7220));
#4448=PLANE('',#4449);
#4449=AXIS2_PLACEMENT_3D('',#4450,#4451,#4452);
#4450=CARTESIAN_POINT('',(-8.10000000000001,-29.8,1.5));
#4451=DIRECTION('',(1.,0.,0.));
#4452=DIRECTION('',(0.,1.,0.));
#4453=FACE_BOUND('',#4454,.T.);
#4454=EDGE_LOOP('',(#7221,#7222,#7223,#7224));
#4455=PLANE('',#4456);
#4456=AXIS2_PLACEMENT_3D('',#4457,#4458,#4459);
#4457=CARTESIAN_POINT('',(-9.00000000000001,-29.8,1.5));
#4458=DIRECTION('',(0.,-1.,0.));
#4459=DIRECTION('',(1.,0.,0.));
#4460=FACE_BOUND('',#4461,.T.);
#4461=EDGE_LOOP('',(#7225,#7226,#7227,#7228));
#4462=PLANE('',#4463);
#4463=AXIS2_PLACEMENT_3D('',#4464,#4465,#4466);
#4464=CARTESIAN_POINT('',(-9.00000000000001,-30.7,1.5));
#4465=DIRECTION('',(1.,0.,0.));
#4466=DIRECTION('',(0.,1.,0.));
#4467=FACE_BOUND('',#4468,.T.);
#4468=EDGE_LOOP('',(#7229,#7230,#7231,#7232));
#4469=PLANE('',#4470);
#4470=AXIS2_PLACEMENT_3D('',#4471,#4472,#4473);
#4471=CARTESIAN_POINT('',(-9.59999999999999,-30.7,1.5));
#4472=DIRECTION('',(0.,-1.,0.));
#4473=DIRECTION('',(1.,0.,-3.70074341541729E-16));
#4474=FACE_BOUND('',#4475,.T.);
#4475=EDGE_LOOP('',(#7233,#7234,#7235,#7236));
#4476=PLANE('',#4477);
#4477=AXIS2_PLACEMENT_3D('',#4478,#4479,#4480);
#4478=CARTESIAN_POINT('',(-9.59999999999999,-29.8,1.5));
#4479=DIRECTION('',(-1.,0.,0.));
#4480=DIRECTION('',(0.,-1.,0.));
#4481=FACE_BOUND('',#4482,.T.);
#4482=EDGE_LOOP('',(#7237,#7238,#7239,#7240));
#4483=PLANE('',#4484);
#4484=AXIS2_PLACEMENT_3D('',#4485,#4486,#4487);
#4485=CARTESIAN_POINT('',(-10.5,-29.8,1.5));
#4486=DIRECTION('',(0.,-1.,0.));
#4487=DIRECTION('',(1.,0.,0.));
#4488=FACE_BOUND('',#4489,.T.);
#4489=EDGE_LOOP('',(#7241,#7242,#7243,#7244));
#4490=PLANE('',#4491);
#4491=AXIS2_PLACEMENT_3D('',#4492,#4493,#4494);
#4492=CARTESIAN_POINT('',(-10.5,-29.2,1.5));
#4493=DIRECTION('',(-1.,0.,0.));
#4494=DIRECTION('',(0.,-1.,0.));
#4495=FACE_BOUND('',#4496,.T.);
#4496=EDGE_LOOP('',(#7245,#7246,#7247,#7248));
#4497=PLANE('',#4498);
#4498=AXIS2_PLACEMENT_3D('',#4499,#4500,#4501);
#4499=CARTESIAN_POINT('',(-9.59999999999999,-29.2,1.5));
#4500=DIRECTION('',(0.,1.,0.));
#4501=DIRECTION('',(-1.,0.,0.));
#4502=FACE_BOUND('',#4503,.T.);
#4503=EDGE_LOOP('',(#7249,#7250,#7251,#7252));
#4504=PLANE('',#4505);
#4505=AXIS2_PLACEMENT_3D('',#4506,#4507,#4508);
#4506=CARTESIAN_POINT('',(-9.59999999999999,-28.3,1.5));
#4507=DIRECTION('',(-1.,0.,0.));
#4508=DIRECTION('',(0.,-1.,0.));
#4509=FACE_BOUND('',#4510,.T.);
#4510=EDGE_LOOP('',(#7253,#7254,#7255,#7256));
#4511=PLANE('',#4512);
#4512=AXIS2_PLACEMENT_3D('',#4513,#4514,#4515);
#4513=CARTESIAN_POINT('',(-9.00000000000001,-28.3,1.5));
#4514=DIRECTION('',(0.,1.,0.));
#4515=DIRECTION('',(-1.,0.,3.70074341541729E-16));
#4516=FACE_BOUND('',#4517,.T.);
#4517=EDGE_LOOP('',(#7257,#7258,#7259,#7260));
#4518=PLANE('',#4519);
#4519=AXIS2_PLACEMENT_3D('',#4520,#4521,#4522);
#4520=CARTESIAN_POINT('',(-9.00000000000001,-29.2,1.5));
#4521=DIRECTION('',(1.,0.,0.));
#4522=DIRECTION('',(0.,1.,0.));
#4523=FACE_OUTER_BOUND('',#4524,.T.);
#4524=EDGE_LOOP('',(#7261));
#4525=FACE_OUTER_BOUND('',#4526,.T.);
#4526=EDGE_LOOP('',(#7262));
#4527=CYLINDRICAL_SURFACE('',#4528,3.);
#4528=AXIS2_PLACEMENT_3D('',#4529,#4530,#4531);
#4529=CARTESIAN_POINT('',(-11.5,-34.,0.999999999999999));
#4530=DIRECTION('',(1.27675647831893E-16,-6.00120553851436E-17,1.));
#4531=DIRECTION('',(6.12323399573676E-17,1.,6.00120553851436E-17));
#4532=FACE_BOUND('',#4533,.T.);
#4533=EDGE_LOOP('',(#7263,#7264,#7265));
#4534=PLANE('',#4535);
#4535=AXIS2_PLACEMENT_3D('',#4536,#4537,#4538);
#4536=CARTESIAN_POINT('',(11.,26.,2.));
#4537=DIRECTION('',(1.,-1.48029736616688E-16,0.));
#4538=DIRECTION('',(1.48029736616688E-16,1.,0.));
#4539=FACE_BOUND('',#4540,.T.);
#4540=EDGE_LOOP('',(#7266,#7267,#7268,#7269));
#4541=PLANE('',#4542);
#4542=AXIS2_PLACEMENT_3D('',#4543,#4544,#4545);
#4543=CARTESIAN_POINT('',(11.,38.,2.));
#4544=DIRECTION('',(0.,1.,0.));
#4545=DIRECTION('',(-1.,0.,0.));
#4546=FACE_BOUND('',#4547,.T.);
#4547=EDGE_LOOP('',(#7270,#7271,#7272,#7273));
#4548=PLANE('',#4549);
#4549=AXIS2_PLACEMENT_3D('',#4550,#4551,#4552);
#4550=CARTESIAN_POINT('',(9.60000000000001,30.7,1.5));
#4551=DIRECTION('',(0.,1.,0.));
#4552=DIRECTION('',(-1.,0.,3.70074341541719E-16));
#4553=FACE_BOUND('',#4554,.T.);
#4554=EDGE_LOOP('',(#7274,#7275,#7276,#7277));
#4555=PLANE('',#4556);
#4556=AXIS2_PLACEMENT_3D('',#4557,#4558,#4559);
#4557=CARTESIAN_POINT('',(9.60000000000001,28.3,1.5));
#4558=DIRECTION('',(1.,0.,0.));
#4559=DIRECTION('',(0.,1.,0.));
#4560=FACE_BOUND('',#4561,.T.);
#4561=EDGE_LOOP('',(#7278,#7279,#7280,#7281));
#4562=PLANE('',#4563);
#4563=AXIS2_PLACEMENT_3D('',#4564,#4565,#4566);
#4564=CARTESIAN_POINT('',(9.00000000000001,28.3,1.5));
#4565=DIRECTION('',(0.,-1.,0.));
#4566=DIRECTION('',(1.,0.,-3.70074341541719E-16));
#4567=FACE_BOUND('',#4568,.T.);
#4568=EDGE_LOOP('',(#7282,#7283,#7284,#7285));
#4569=PLANE('',#4570);
#4570=AXIS2_PLACEMENT_3D('',#4571,#4572,#4573);
#4571=CARTESIAN_POINT('',(9.00000000000001,30.7,1.5));
#4572=DIRECTION('',(-1.,0.,0.));
#4573=DIRECTION('',(0.,-1.,0.));
#4574=FACE_OUTER_BOUND('',#4575,.T.);
#4575=EDGE_LOOP('',(#7286));
#4576=FACE_OUTER_BOUND('',#4577,.T.);
#4577=EDGE_LOOP('',(#7287));
#4578=CYLINDRICAL_SURFACE('',#4579,3.);
#4579=AXIS2_PLACEMENT_3D('',#4580,#4581,#4582);
#4580=CARTESIAN_POINT('',(11.5,34.,1.));
#4581=DIRECTION('',(1.27675647831893E-16,-6.00120553851436E-17,1.));
#4582=DIRECTION('',(6.12323399573676E-17,1.,6.00120553851436E-17));
#4583=FACE_BOUND('',#4584,.T.);
#4584=EDGE_LOOP('',(#7288,#7289,#7290,#7291));
#4585=PLANE('',#4586);
#4586=AXIS2_PLACEMENT_3D('',#4587,#4588,#4589);
#4587=CARTESIAN_POINT('',(33.5,34.3,1.5));
#4588=DIRECTION('',(7.89491928622335E-15,1.,0.));
#4589=DIRECTION('',(-1.,7.89491928622335E-15,0.));
#4590=FACE_BOUND('',#4591,.T.);
#4591=EDGE_LOOP('',(#7292,#7293,#7294,#7295));
#4592=PLANE('',#4593);
#4593=AXIS2_PLACEMENT_3D('',#4594,#4595,#4596);
#4594=CARTESIAN_POINT('',(33.5,33.7,1.5));
#4595=DIRECTION('',(1.,0.,0.));
#4596=DIRECTION('',(0.,1.,0.));
#4597=FACE_BOUND('',#4598,.T.);
#4598=EDGE_LOOP('',(#7296,#7297,#7298,#7299));
#4599=PLANE('',#4600);
#4600=AXIS2_PLACEMENT_3D('',#4601,#4602,#4603);
#4601=CARTESIAN_POINT('',(32.6,33.7,1.5));
#4602=DIRECTION('',(0.,-1.,0.));
#4603=DIRECTION('',(1.,0.,0.));
#4604=FACE_BOUND('',#4605,.T.);
#4605=EDGE_LOOP('',(#7300,#7301,#7302,#7303));
#4606=PLANE('',#4607);
#4607=AXIS2_PLACEMENT_3D('',#4608,#4609,#4610);
#4608=CARTESIAN_POINT('',(32.6,32.8,1.5));
#4609=DIRECTION('',(1.,0.,0.));
#4610=DIRECTION('',(0.,1.,0.));
#4611=FACE_BOUND('',#4612,.T.);
#4612=EDGE_LOOP('',(#7304,#7305,#7306,#7307));
#4613=PLANE('',#4614);
#4614=AXIS2_PLACEMENT_3D('',#4615,#4616,#4617);
#4615=CARTESIAN_POINT('',(31.9,32.8,1.5));
#4616=DIRECTION('',(0.,-1.,0.));
#4617=DIRECTION('',(1.,0.,-3.17206578464331E-16));
#4618=FACE_BOUND('',#4619,.T.);
#4619=EDGE_LOOP('',(#7308,#7309,#7310,#7311));
#4620=PLANE('',#4621);
#4621=AXIS2_PLACEMENT_3D('',#4622,#4623,#4624);
#4622=CARTESIAN_POINT('',(31.9,33.7,1.5));
#4623=DIRECTION('',(-1.,0.,0.));
#4624=DIRECTION('',(0.,-1.,0.));
#4625=FACE_BOUND('',#4626,.T.);
#4626=EDGE_LOOP('',(#7312,#7313,#7314,#7315));
#4627=PLANE('',#4628);
#4628=AXIS2_PLACEMENT_3D('',#4629,#4630,#4631);
#4629=CARTESIAN_POINT('',(31.,33.7,1.5));
#4630=DIRECTION('',(0.,-1.,0.));
#4631=DIRECTION('',(1.,0.,0.));
#4632=FACE_BOUND('',#4633,.T.);
#4633=EDGE_LOOP('',(#7316,#7317,#7318,#7319));
#4634=PLANE('',#4635);
#4635=AXIS2_PLACEMENT_3D('',#4636,#4637,#4638);
#4636=CARTESIAN_POINT('',(31.,34.3,1.5));
#4637=DIRECTION('',(-1.,0.,0.));
#4638=DIRECTION('',(0.,-1.,0.));
#4639=FACE_BOUND('',#4640,.T.);
#4640=EDGE_LOOP('',(#7320,#7321,#7322,#7323));
#4641=PLANE('',#4642);
#4642=AXIS2_PLACEMENT_3D('',#4643,#4644,#4645);
#4643=CARTESIAN_POINT('',(31.9,34.3,1.5));
#4644=DIRECTION('',(0.,1.,0.));
#4645=DIRECTION('',(-1.,0.,0.));
#4646=FACE_BOUND('',#4647,.T.);
#4647=EDGE_LOOP('',(#7324,#7325,#7326,#7327));
#4648=PLANE('',#4649);
#4649=AXIS2_PLACEMENT_3D('',#4650,#4651,#4652);
#4650=CARTESIAN_POINT('',(31.9,35.2,1.5));
#4651=DIRECTION('',(-1.,0.,0.));
#4652=DIRECTION('',(0.,-1.,-2.46716227694478E-16));
#4653=FACE_BOUND('',#4654,.T.);
#4654=EDGE_LOOP('',(#7328,#7329,#7330,#7331));
#4655=PLANE('',#4656);
#4656=AXIS2_PLACEMENT_3D('',#4657,#4658,#4659);
#4657=CARTESIAN_POINT('',(32.6,35.2,1.5));
#4658=DIRECTION('',(0.,1.,0.));
#4659=DIRECTION('',(-1.,0.,3.17206578464331E-16));
#4660=FACE_BOUND('',#4661,.T.);
#4661=EDGE_LOOP('',(#7332,#7333,#7334,#7335));
#4662=PLANE('',#4663);
#4663=AXIS2_PLACEMENT_3D('',#4664,#4665,#4666);
#4664=CARTESIAN_POINT('',(32.6,34.3,1.5));
#4665=DIRECTION('',(1.,0.,0.));
#4666=DIRECTION('',(0.,1.,2.4671622769448E-16));
#4667=FACE_BOUND('',#4668,.T.);
#4668=EDGE_LOOP('',(#7336,#7337,#7338,#7339));
#4669=PLANE('',#4670);
#4670=AXIS2_PLACEMENT_3D('',#4671,#4672,#4673);
#4671=CARTESIAN_POINT('',(-31.9,35.2,1.50000000000001));
#4672=DIRECTION('',(0.,1.,0.));
#4673=DIRECTION('',(-1.,0.,3.70074341541725E-16));
#4674=FACE_BOUND('',#4675,.T.);
#4675=EDGE_LOOP('',(#7340,#7341,#7342,#7343));
#4676=PLANE('',#4677);
#4677=AXIS2_PLACEMENT_3D('',#4678,#4679,#4680);
#4678=CARTESIAN_POINT('',(-31.9,34.3,1.50000000000001));
#4679=DIRECTION('',(1.,0.,0.));
#4680=DIRECTION('',(0.,1.,2.46716227694476E-16));
#4681=FACE_BOUND('',#4682,.T.);
#4682=EDGE_LOOP('',(#7344,#7345,#7346,#7347));
#4683=PLANE('',#4684);
#4684=AXIS2_PLACEMENT_3D('',#4685,#4686,#4687);
#4685=CARTESIAN_POINT('',(-31.,34.3,1.50000000000001));
#4686=DIRECTION('',(0.,1.,0.));
#4687=DIRECTION('',(-1.,0.,0.));
#4688=FACE_BOUND('',#4689,.T.);
#4689=EDGE_LOOP('',(#7348,#7349,#7350,#7351));
#4690=PLANE('',#4691);
#4691=AXIS2_PLACEMENT_3D('',#4692,#4693,#4694);
#4692=CARTESIAN_POINT('',(-31.,33.7,1.50000000000001));
#4693=DIRECTION('',(1.,0.,0.));
#4694=DIRECTION('',(0.,1.,0.));
#4695=FACE_BOUND('',#4696,.T.);
#4696=EDGE_LOOP('',(#7352,#7353,#7354,#7355));
#4697=PLANE('',#4698);
#4698=AXIS2_PLACEMENT_3D('',#4699,#4700,#4701);
#4699=CARTESIAN_POINT('',(-31.9,33.7,1.50000000000001));
#4700=DIRECTION('',(0.,-1.,0.));
#4701=DIRECTION('',(1.,0.,0.));
#4702=FACE_BOUND('',#4703,.T.);
#4703=EDGE_LOOP('',(#7356,#7357,#7358,#7359));
#4704=PLANE('',#4705);
#4705=AXIS2_PLACEMENT_3D('',#4706,#4707,#4708);
#4706=CARTESIAN_POINT('',(-31.9,32.8,1.50000000000001));
#4707=DIRECTION('',(1.,0.,0.));
#4708=DIRECTION('',(0.,1.,0.));
#4709=FACE_BOUND('',#4710,.T.);
#4710=EDGE_LOOP('',(#7360,#7361,#7362,#7363));
#4711=PLANE('',#4712);
#4712=AXIS2_PLACEMENT_3D('',#4713,#4714,#4715);
#4713=CARTESIAN_POINT('',(-32.5,32.8,1.50000000000001));
#4714=DIRECTION('',(0.,-1.,0.));
#4715=DIRECTION('',(1.,0.,-3.70074341541725E-16));
#4716=FACE_BOUND('',#4717,.T.);
#4717=EDGE_LOOP('',(#7364,#7365,#7366,#7367));
#4718=PLANE('',#4719);
#4719=AXIS2_PLACEMENT_3D('',#4720,#4721,#4722);
#4720=CARTESIAN_POINT('',(-32.5,33.7,1.50000000000001));
#4721=DIRECTION('',(-1.,0.,0.));
#4722=DIRECTION('',(0.,-1.,0.));
#4723=FACE_BOUND('',#4724,.T.);
#4724=EDGE_LOOP('',(#7368,#7369,#7370,#7371));
#4725=PLANE('',#4726);
#4726=AXIS2_PLACEMENT_3D('',#4727,#4728,#4729);
#4727=CARTESIAN_POINT('',(-33.4,33.7,1.50000000000001));
#4728=DIRECTION('',(0.,-1.,0.));
#4729=DIRECTION('',(1.,0.,0.));
#4730=FACE_BOUND('',#4731,.T.);
#4731=EDGE_LOOP('',(#7372,#7373,#7374,#7375));
#4732=PLANE('',#4733);
#4733=AXIS2_PLACEMENT_3D('',#4734,#4735,#4736);
#4734=CARTESIAN_POINT('',(-33.4,34.3,1.50000000000001));
#4735=DIRECTION('',(-1.,0.,0.));
#4736=DIRECTION('',(0.,-1.,0.));
#4737=FACE_BOUND('',#4738,.T.);
#4738=EDGE_LOOP('',(#7376,#7377,#7378,#7379));
#4739=PLANE('',#4740);
#4740=AXIS2_PLACEMENT_3D('',#4741,#4742,#4743);
#4741=CARTESIAN_POINT('',(-32.5,34.3,1.50000000000001));
#4742=DIRECTION('',(0.,1.,0.));
#4743=DIRECTION('',(-1.,0.,0.));
#4744=FACE_BOUND('',#4745,.T.);
#4745=EDGE_LOOP('',(#7380,#7381,#7382,#7383));
#4746=PLANE('',#4747);
#4747=AXIS2_PLACEMENT_3D('',#4748,#4749,#4750);
#4748=CARTESIAN_POINT('',(-32.5,35.2,1.50000000000001));
#4749=DIRECTION('',(-1.,0.,0.));
#4750=DIRECTION('',(0.,-1.,-2.46716227694478E-16));
#4751=FACE_OUTER_BOUND('',#4752,.T.);
#4752=EDGE_LOOP('',(#7384));
#4753=FACE_OUTER_BOUND('',#4754,.T.);
#4754=EDGE_LOOP('',(#7385));
#4755=CYLINDRICAL_SURFACE('',#4756,3.);
#4756=AXIS2_PLACEMENT_3D('',#4757,#4758,#4759);
#4757=CARTESIAN_POINT('',(-11.5,34.,1.));
#4758=DIRECTION('',(1.27675647831893E-16,-6.00120553851436E-17,1.));
#4759=DIRECTION('',(6.12323399573676E-17,1.,6.00120553851436E-17));
#4760=FACE_BOUND('',#4761,.T.);
#4761=EDGE_LOOP('',(#7386,#7387,#7388,#7389));
#4762=PLANE('',#4763);
#4763=AXIS2_PLACEMENT_3D('',#4764,#4765,#4766);
#4764=CARTESIAN_POINT('',(-32.5,-32.8,1.5));
#4765=DIRECTION('',(-1.,0.,0.));
#4766=DIRECTION('',(0.,-1.,-9.25185853854295E-17));
#4767=FACE_BOUND('',#4768,.T.);
#4768=EDGE_LOOP('',(#7390,#7391,#7392,#7393));
#4769=PLANE('',#4770);
#4770=AXIS2_PLACEMENT_3D('',#4771,#4772,#4773);
#4771=CARTESIAN_POINT('',(-31.9,-32.8,1.5));
#4772=DIRECTION('',(0.,1.,0.));
#4773=DIRECTION('',(-1.,0.,3.7007434154172E-16));
#4774=FACE_BOUND('',#4775,.T.);
#4775=EDGE_LOOP('',(#7394,#7395,#7396,#7397));
#4776=PLANE('',#4777);
#4777=AXIS2_PLACEMENT_3D('',#4778,#4779,#4780);
#4778=CARTESIAN_POINT('',(-31.9,-35.2,1.5));
#4779=DIRECTION('',(1.,0.,0.));
#4780=DIRECTION('',(0.,1.,9.25185853854295E-17));
#4781=FACE_BOUND('',#4782,.T.);
#4782=EDGE_LOOP('',(#7398,#7399,#7400,#7401));
#4783=PLANE('',#4784);
#4784=AXIS2_PLACEMENT_3D('',#4785,#4786,#4787);
#4785=CARTESIAN_POINT('',(-32.5,-35.2,1.5));
#4786=DIRECTION('',(0.,-1.,0.));
#4787=DIRECTION('',(1.,0.,-3.7007434154172E-16));
#4788=FACE_BOUND('',#4789,.T.);
#4789=EDGE_LOOP('',(#7402,#7403,#7404,#7405));
#4790=PLANE('',#4791);
#4791=AXIS2_PLACEMENT_3D('',#4792,#4793,#4794);
#4792=CARTESIAN_POINT('',(32.6,-35.2,1.49999999999999));
#4793=DIRECTION('',(1.,0.,0.));
#4794=DIRECTION('',(0.,1.,9.25185853854295E-17));
#4795=FACE_BOUND('',#4796,.T.);
#4796=EDGE_LOOP('',(#7406,#7407,#7408,#7409));
#4797=PLANE('',#4798);
#4798=AXIS2_PLACEMENT_3D('',#4799,#4800,#4801);
#4799=CARTESIAN_POINT('',(31.9,-35.2,1.49999999999999));
#4800=DIRECTION('',(0.,-1.,0.));
#4801=DIRECTION('',(1.,0.,-3.17206578464328E-16));
#4802=FACE_BOUND('',#4803,.T.);
#4803=EDGE_LOOP('',(#7410,#7411,#7412,#7413));
#4804=PLANE('',#4805);
#4805=AXIS2_PLACEMENT_3D('',#4806,#4807,#4808);
#4806=CARTESIAN_POINT('',(31.9,-32.8,1.49999999999999));
#4807=DIRECTION('',(-1.,0.,0.));
#4808=DIRECTION('',(0.,-1.,-9.25185853854295E-17));
#4809=FACE_BOUND('',#4810,.T.);
#4810=EDGE_LOOP('',(#7414,#7415,#7416,#7417));
#4811=PLANE('',#4812);
#4812=AXIS2_PLACEMENT_3D('',#4813,#4814,#4815);
#4813=CARTESIAN_POINT('',(32.6,-32.8,1.49999999999999));
#4814=DIRECTION('',(0.,1.,0.));
#4815=DIRECTION('',(-1.,0.,3.17206578464328E-16));
#4816=FACE_BOUND('',#4817,.T.);
#4817=EDGE_LOOP('',(#7418,#7419,#7420,#7421,#7422,#7423,#7424,#7425,#7426,#7427,
#7428,#7429));
#4818=PLANE('',#4819);
#4819=AXIS2_PLACEMENT_3D('',#4820,#4821,#4822);
#4820=CARTESIAN_POINT('',(-6.38378239159465E-17,3.00060276925718E-17,1.5));
#4821=DIRECTION('',(1.27675647831893E-16,-6.00120553851436E-17,1.));
#4822=DIRECTION('',(6.12323399573677E-17,1.,6.00120553851436E-17));
#4823=FACE_BOUND('',#4824,.T.);
#4824=EDGE_LOOP('',(#7430,#7431,#7432,#7433));
#4825=PLANE('',#4826);
#4826=AXIS2_PLACEMENT_3D('',#4827,#4828,#4829);
#4827=CARTESIAN_POINT('',(-6.38378239159465E-17,3.00060276925718E-17,1.5));
#4828=DIRECTION('',(1.27675647831893E-16,-6.00120553851436E-17,1.));
#4829=DIRECTION('',(6.12323399573677E-17,1.,6.00120553851436E-17));
#4830=FACE_BOUND('',#4831,.T.);
#4831=EDGE_LOOP('',(#7434,#7435,#7436,#7437,#7438,#7439,#7440,#7441,#7442,#7443,
#7444,#7445));
#4832=PLANE('',#4833);
#4833=AXIS2_PLACEMENT_3D('',#4834,#4835,#4836);
#4834=CARTESIAN_POINT('',(-6.38378239159465E-17,3.00060276925718E-17,1.5));
#4835=DIRECTION('',(1.27675647831893E-16,-6.00120553851436E-17,1.));
#4836=DIRECTION('',(6.12323399573677E-17,1.,6.00120553851436E-17));
#4837=FACE_BOUND('',#4838,.T.);
#4838=EDGE_LOOP('',(#7446,#7447,#7448,#7449,#7450,#7451,#7452,#7453,#7454,#7455,
#7456,#7457));
#4839=PLANE('',#4840);
#4840=AXIS2_PLACEMENT_3D('',#4841,#4842,#4843);
#4841=CARTESIAN_POINT('',(-6.38378239159465E-17,3.00060276925718E-17,1.5));
#4842=DIRECTION('',(1.27675647831893E-16,-6.00120553851436E-17,1.));
#4843=DIRECTION('',(6.12323399573677E-17,1.,6.00120553851436E-17));
#4844=FACE_BOUND('',#4845,.T.);
#4845=EDGE_LOOP('',(#7458,#7459,#7460,#7461));
#4846=PLANE('',#4847);
#4847=AXIS2_PLACEMENT_3D('',#4848,#4849,#4850);
#4848=CARTESIAN_POINT('',(-6.38378239159465E-17,3.00060276925718E-17,1.5));
#4849=DIRECTION('',(1.27675647831893E-16,-6.00120553851436E-17,1.));
#4850=DIRECTION('',(6.12323399573677E-17,1.,6.00120553851436E-17));
#4851=FACE_BOUND('',#4852,.T.);
#4852=EDGE_LOOP('',(#7462,#7463,#7464,#7465));
#4853=PLANE('',#4854);
#4854=AXIS2_PLACEMENT_3D('',#4855,#4856,#4857);
#4855=CARTESIAN_POINT('',(-6.38378239159465E-17,3.00060276925718E-17,1.5));
#4856=DIRECTION('',(1.27675647831893E-16,-6.00120553851436E-17,1.));
#4857=DIRECTION('',(6.12323399573677E-17,1.,6.00120553851436E-17));
#4858=FACE_BOUND('',#4859,.T.);
#4859=EDGE_LOOP('',(#7466));
#4860=PLANE('',#4861);
#4861=AXIS2_PLACEMENT_3D('',#4862,#4863,#4864);
#4862=CARTESIAN_POINT('',(-8.57252759403147E-15,8.57252759403147E-15,-70.));
#4863=DIRECTION('',(-1.22464679914735E-16,8.02143653441516E-15,-1.));
#4864=DIRECTION('',(9.82342657643516E-31,1.,8.02143653441516E-15));
#4865=FACE_OUTER_BOUND('',#4866,.T.);
#4866=EDGE_LOOP('',(#7467));
#4867=FACE_OUTER_BOUND('',#4868,.T.);
#4868=EDGE_LOOP('',(#7468));
#4869=CYLINDRICAL_SURFACE('',#4870,9.29);
#4870=AXIS2_PLACEMENT_3D('',#4871,#4872,#4873);
#4871=CARTESIAN_POINT('',(-8.51129525407411E-15,4.56180932682449E-15,-69.5000000000001));
#4872=DIRECTION('',(-1.22464679914735E-16,8.02143653441516E-15,-1.));
#4873=DIRECTION('',(1.06465611217441E-30,1.,8.02143653441516E-15));
#4874=FACE_BOUND('',#4875,.T.);
#4875=EDGE_LOOP('',(#7469));
#4876=PLANE('',#4877);
#4877=AXIS2_PLACEMENT_3D('',#4878,#4879,#4880);
#4878=CARTESIAN_POINT('',(-8.51129525407411E-15,4.56180932682449E-15,-69.5000000000001));
#4879=DIRECTION('',(1.22464679914735E-16,-8.02143653441516E-15,1.));
#4880=DIRECTION('',(1.06465611217441E-30,1.,8.02143653441516E-15));
#4881=FACE_BOUND('',#4882,.T.);
#4882=EDGE_LOOP('',(#7470));
#4883=FACE_BOUND('',#4884,.T.);
#4884=EDGE_LOOP('',(#7471));
#4885=PLANE('',#4886);
#4886=AXIS2_PLACEMENT_3D('',#4887,#4888,#4889);
#4887=CARTESIAN_POINT('',(0.,0.,-0.199999999999999));
#4888=DIRECTION('',(0.,0.,-1.));
#4889=DIRECTION('',(-2.57820378767857E-18,1.,0.));
#4890=FACE_OUTER_BOUND('',#4891,.T.);
#4891=EDGE_LOOP('',(#7472));
#4892=FACE_OUTER_BOUND('',#4893,.T.);
#4893=EDGE_LOOP('',(#7473));
#4894=CYLINDRICAL_SURFACE('',#4895,8.);
#4895=AXIS2_PLACEMENT_3D('',#4896,#4897,#4898);
#4896=CARTESIAN_POINT('',(0.,0.,-0.199999999999999));
#4897=DIRECTION('',(0.,0.,-1.));
#4898=DIRECTION('',(-3.06161699786837E-18,1.,0.));
#4899=FACE_BOUND('',#4900,.T.);
#4900=EDGE_LOOP('',(#7474));
#4901=FACE_BOUND('',#4902,.T.);
#4902=EDGE_LOOP('',(#7475));
#4903=PLANE('',#4904);
#4904=AXIS2_PLACEMENT_3D('',#4905,#4906,#4907);
#4905=CARTESIAN_POINT('',(0.,0.,-0.1));
#4906=DIRECTION('',(0.,0.,1.));
#4907=DIRECTION('',(-1.25091603590128E-18,1.,0.));
#4908=FACE_OUTER_BOUND('',#4909,.T.);
#4909=EDGE_LOOP('',(#7476));
#4910=FACE_OUTER_BOUND('',#4911,.T.);
#4911=EDGE_LOOP('',(#7477));
#4912=TOROIDAL_SURFACE('',#4913,9.5,0.800000000000004);
#4913=AXIS2_PLACEMENT_3D('',#4914,#4915,#4916);
#4914=CARTESIAN_POINT('',(0.,0.,-0.999999999999999));
#4915=DIRECTION('',(0.,0.,-1.));
#4916=DIRECTION('',(-1.28910189383932E-17,1.,0.));
#4917=FACE_OUTER_BOUND('',#4918,.T.);
#4918=EDGE_LOOP('',(#7478));
#4919=FACE_OUTER_BOUND('',#4920,.T.);
#4920=EDGE_LOOP('',(#7479));
#4921=CYLINDRICAL_SURFACE('',#4922,7.);
#4922=AXIS2_PLACEMENT_3D('',#4923,#4924,#4925);
#4923=CARTESIAN_POINT('',(0.,0.,-0.2));
#4924=DIRECTION('',(0.,0.,-1.));
#4925=DIRECTION('',(-3.49899085470672E-18,1.,0.));
#4926=FACE_BOUND('',#4927,.T.);
#4927=EDGE_LOOP('',(#7480));
#4928=FACE_BOUND('',#4929,.T.);
#4929=EDGE_LOOP('',(#7481));
#4930=PLANE('',#4931);
#4931=AXIS2_PLACEMENT_3D('',#4932,#4933,#4934);
#4932=CARTESIAN_POINT('',(0.,0.,7.19325249339923E-16));
#4933=DIRECTION('',(0.,0.,1.));
#4934=DIRECTION('',(9.27283541210535E-33,1.,0.));
#4935=FACE_OUTER_BOUND('',#4936,.T.);
#4936=EDGE_LOOP('',(#7482));
#4937=FACE_OUTER_BOUND('',#4938,.T.);
#4938=EDGE_LOOP('',(#7483));
#4939=CYLINDRICAL_SURFACE('',#4940,10.3);
#4940=AXIS2_PLACEMENT_3D('',#4941,#4942,#4943);
#4941=CARTESIAN_POINT('',(0.,0.,-3.));
#4942=DIRECTION('',(0.,0.,-1.));
#4943=DIRECTION('',(-3.56693242470103E-17,1.,0.));
#4944=FACE_OUTER_BOUND('',#4945,.T.);
#4945=EDGE_LOOP('',(#7484));
#4946=FACE_OUTER_BOUND('',#4947,.T.);
#4947=EDGE_LOOP('',(#7485));
#4948=TOROIDAL_SURFACE('',#4949,9.5,1.);
#4949=AXIS2_PLACEMENT_3D('',#4950,#4951,#4952);
#4950=CARTESIAN_POINT('',(0.,0.,-0.999999999999999));
#4951=DIRECTION('',(0.,0.,-1.));
#4952=DIRECTION('',(-1.28910189383932E-17,1.,0.));
#4953=FACE_OUTER_BOUND('',#4954,.T.);
#4954=EDGE_LOOP('',(#7486));
#4955=FACE_OUTER_BOUND('',#4956,.T.);
#4956=EDGE_LOOP('',(#7487));
#4957=TOROIDAL_SURFACE('',#4958,9.9848009939932,0.335590858595157);
#4958=AXIS2_PLACEMENT_3D('',#4959,#4960,#4961);
#4959=CARTESIAN_POINT('',(0.,0.,-2.88480099399319));
#4960=DIRECTION('',(0.,0.,-1.));
#4961=DIRECTION('',(-3.53824007668878E-17,1.,0.));
#4962=FACE_OUTER_BOUND('',#4963,.T.);
#4963=EDGE_LOOP('',(#7488));
#4964=FACE_OUTER_BOUND('',#4965,.T.);
#4965=EDGE_LOOP('',(#7489));
#4966=CYLINDRICAL_SURFACE('',#4967,10.5);
#4967=AXIS2_PLACEMENT_3D('',#4968,#4969,#4970);
#4968=CARTESIAN_POINT('',(0.,0.,-0.999999999999999));
#4969=DIRECTION('',(0.,0.,-1.));
#4970=DIRECTION('',(-1.16633028490224E-17,1.,0.));
#4971=FACE_OUTER_BOUND('',#4972,.T.);
#4972=EDGE_LOOP('',(#7490));
#4973=FACE_OUTER_BOUND('',#4974,.T.);
#4974=EDGE_LOOP('',(#7491));
#4975=TOROIDAL_SURFACE('',#4976,11.0159360319634,1.21611628335814);
#4976=AXIS2_PLACEMENT_3D('',#4977,#4978,#4979);
#4977=CARTESIAN_POINT('',(0.,0.,-4.));
#4978=DIRECTION('',(0.,0.,-1.));
#4979=DIRECTION('',(-4.44681884714642E-17,1.,0.));
#4980=FACE_OUTER_BOUND('',#4981,.T.);
#4981=EDGE_LOOP('',(#7492));
#4982=FACE_OUTER_BOUND('',#4983,.T.);
#4983=EDGE_LOOP('',(#7493));
#4984=TOROIDAL_SURFACE('',#4985,10.2017465436074,0.314020486502403);
#4985=AXIS2_PLACEMENT_3D('',#4986,#4987,#4988);
#4986=CARTESIAN_POINT('',(0.,0.,-3.10174654360742));
#4987=DIRECTION('',(0.,0.,-1.));
#4988=DIRECTION('',(-3.72342516073919E-17,1.,0.));
#4989=FACE_OUTER_BOUND('',#4990,.T.);
#4990=EDGE_LOOP('',(#7494));
#4991=FACE_OUTER_BOUND('',#4992,.T.);
#4992=EDGE_LOOP('',(#7495));
#4993=TOROIDAL_SURFACE('',#4994,9.9470233482557,0.384700367371165);
#4994=AXIS2_PLACEMENT_3D('',#4995,#4996,#4997);
#4995=CARTESIAN_POINT('',(0.,0.,-5.1529766517443));
#4996=DIRECTION('',(0.,0.,-1.));
#4997=DIRECTION('',(-6.34418573446528E-17,1.,0.));
#4998=FACE_OUTER_BOUND('',#4999,.T.);
#4999=EDGE_LOOP('',(#7496));
#5000=FACE_OUTER_BOUND('',#5001,.T.);
#5001=EDGE_LOOP('',(#7497));
#5002=TOROIDAL_SURFACE('',#5003,10.7496012646077,0.749760826621938);
#5003=AXIS2_PLACEMENT_3D('',#5004,#5005,#5006);
#5004=CARTESIAN_POINT('',(0.,0.,-4.));
#5005=DIRECTION('',(0.,0.,-1.));
#5006=DIRECTION('',(-4.55699432565716E-17,1.,0.));
#5007=FACE_OUTER_BOUND('',#5008,.T.);
#5008=EDGE_LOOP('',(#7498));
#5009=FACE_OUTER_BOUND('',#5010,.T.);
#5010=EDGE_LOOP('',(#7499));
#5011=CYLINDRICAL_SURFACE('',#5012,10.3);
#5012=AXIS2_PLACEMENT_3D('',#5013,#5014,#5015);
#5013=CARTESIAN_POINT('',(0.,0.,-69.));
#5014=DIRECTION('',(0.,0.,-1.));
#5015=DIRECTION('',(-8.20394457681236E-16,1.,0.));
#5016=FACE_OUTER_BOUND('',#5017,.T.);
#5017=EDGE_LOOP('',(#7500));
#5018=FACE_OUTER_BOUND('',#5019,.T.);
#5019=EDGE_LOOP('',(#7501));
#5020=TOROIDAL_SURFACE('',#5021,10.2190475867488,0.292382543464649);
#5021=AXIS2_PLACEMENT_3D('',#5022,#5023,#5024);
#5022=CARTESIAN_POINT('',(0.,0.,-4.88095241325119));
#5023=DIRECTION('',(0.,0.,-1.));
#5024=DIRECTION('',(-5.84931491798674E-17,1.,0.));
#5025=FACE_OUTER_BOUND('',#5026,.T.);
#5026=EDGE_LOOP('',(#7502));
#5027=FACE_OUTER_BOUND('',#5028,.T.);
#5028=EDGE_LOOP('',(#7503));
#5029=TOROIDAL_SURFACE('',#5030,9.4999999999998,0.80000000000021);
#5030=AXIS2_PLACEMENT_3D('',#5031,#5032,#5033);
#5031=CARTESIAN_POINT('',(0.,0.,-69.));
#5032=DIRECTION('',(0.,0.,-1.));
#5033=DIRECTION('',(-8.89480306749149E-16,1.,0.));
#5034=FACE_OUTER_BOUND('',#5035,.T.);
#5035=EDGE_LOOP('',(#7504));
#5036=FACE_OUTER_BOUND('',#5037,.T.);
#5037=EDGE_LOOP('',(#7505));
#5038=CYLINDRICAL_SURFACE('',#5039,10.5);
#5039=AXIS2_PLACEMENT_3D('',#5040,#5041,#5042);
#5040=CARTESIAN_POINT('',(0.,0.,-4.8));
#5041=DIRECTION('',(0.,0.,-1.));
#5042=DIRECTION('',(-5.59838536753075E-17,1.,0.));
#5043=FACE_BOUND('',#5044,.T.);
#5044=EDGE_LOOP('',(#7506));
#5045=FACE_BOUND('',#5046,.T.);
#5046=EDGE_LOOP('',(#7507));
#5047=PLANE('',#5048);
#5048=AXIS2_PLACEMENT_3D('',#5049,#5050,#5051);
#5049=CARTESIAN_POINT('',(0.,0.,-69.8000000000001));
#5050=DIRECTION('',(0.,0.,1.));
#5051=DIRECTION('',(-8.99793121899865E-16,1.,0.));
#5052=FACE_OUTER_BOUND('',#5053,.T.);
#5053=EDGE_LOOP('',(#7508));
#5054=FACE_OUTER_BOUND('',#5055,.T.);
#5055=EDGE_LOOP('',(#7509));
#5056=TOROIDAL_SURFACE('',#5057,9.50000000000001,1.);
#5057=AXIS2_PLACEMENT_3D('',#5058,#5059,#5060);
#5058=CARTESIAN_POINT('',(0.,0.,-69.));
#5059=DIRECTION('',(0.,0.,-1.));
#5060=DIRECTION('',(-8.89480306749129E-16,1.,0.));
#5061=FACE_OUTER_BOUND('',#5062,.T.);
#5062=EDGE_LOOP('',(#7510));
#5063=FACE_OUTER_BOUND('',#5064,.T.);
#5064=EDGE_LOOP('',(#7511));
#5065=CYLINDRICAL_SURFACE('',#5066,9.30000000000001);
#5066=AXIS2_PLACEMENT_3D('',#5067,#5068,#5069);
#5067=CARTESIAN_POINT('',(0.,0.,-70.));
#5068=DIRECTION('',(0.,0.,-1.));
#5069=DIRECTION('',(-9.21777160648545E-16,1.,0.));
#5070=FACE_BOUND('',#5071,.T.);
#5071=EDGE_LOOP('',(#7512));
#5072=FACE_BOUND('',#5073,.T.);
#5073=EDGE_LOOP('',(#7513));
#5074=PLANE('',#5075);
#5075=AXIS2_PLACEMENT_3D('',#5076,#5077,#5078);
#5076=CARTESIAN_POINT('',(0.,0.,-70.));
#5077=DIRECTION('',(0.,0.,-1.));
#5078=DIRECTION('',(-9.02371325687523E-16,1.,0.));
#5079=FACE_BOUND('',#5080,.T.);
#5080=EDGE_LOOP('',(#7514));
#5081=PLANE('',#5082);
#5082=AXIS2_PLACEMENT_3D('',#5083,#5084,#5085);
#5083=CARTESIAN_POINT('',(0.,0.,-63.5));
#5084=DIRECTION('',(0.,0.,-1.));
#5085=DIRECTION('',(-7.77650717458569E-16,1.,0.));
#5086=FACE_OUTER_BOUND('',#5087,.T.);
#5087=EDGE_LOOP('',(#7515));
#5088=FACE_OUTER_BOUND('',#5089,.T.);
#5089=EDGE_LOOP('',(#7516));
#5090=CYLINDRICAL_SURFACE('',#5091,10.);
#5091=AXIS2_PLACEMENT_3D('',#5092,#5093,#5094);
#5092=CARTESIAN_POINT('',(0.,0.,-0.699999999999999));
#5093=DIRECTION('',(0.,0.,-1.));
#5094=DIRECTION('',(-8.57252759403147E-18,1.,0.));
#5095=FACE_BOUND('',#5096,.T.);
#5096=EDGE_LOOP('',(#7517));
#5097=FACE_BOUND('',#5098,.T.);
#5098=EDGE_LOOP('',(#7518));
#5099=PLANE('',#5100);
#5100=AXIS2_PLACEMENT_3D('',#5101,#5102,#5103);
#5101=CARTESIAN_POINT('',(0.,0.,-0.699999999999999));
#5102=DIRECTION('',(0.,0.,1.));
#5103=DIRECTION('',(-8.57252759403147E-18,1.,0.));
#5104=FACE_OUTER_BOUND('',#5105,.T.);
#5105=EDGE_LOOP('',(#7519));
#5106=FACE_OUTER_BOUND('',#5107,.T.);
#5107=EDGE_LOOP('',(#7520));
#5108=CONICAL_SURFACE('',#5109,6.4,0.960070362405688);
#5109=AXIS2_PLACEMENT_3D('',#5110,#5111,#5112);
#5110=CARTESIAN_POINT('',(0.,0.,-0.35));
#5111=DIRECTION('',(0.,0.,-1.));
#5112=DIRECTION('',(-2.54196573332518E-33,1.,0.));
#5113=FACE_BOUND('',#5114,.T.);
#5114=EDGE_LOOP('',(#7521));
#5115=PLANE('',#5116);
#5116=AXIS2_PLACEMENT_3D('',#5117,#5118,#5119);
#5117=CARTESIAN_POINT('',(0.,0.,7.22541611496938E-16));
#5118=DIRECTION('',(0.,0.,1.));
#5119=DIRECTION('',(1.49975978266186E-32,1.,0.));
#5120=FACE_BOUND('',#5121,.T.);
#5121=EDGE_LOOP('',(#7522,#7523,#7524,#7525,#7526,#7527,#7528,#7529,#7530,#7531,
#7532,#7533,#7534,#7535,#7536,#7537));
#5122=PLANE('',#5123);
#5123=AXIS2_PLACEMENT_3D('',#5124,#5125,#5126);
#5124=CARTESIAN_POINT('',(0.,0.,0.2));
#5125=DIRECTION('',(0.,0.,1.));
#5126=DIRECTION('',(4.08215599715784E-18,1.,0.));
#5127=FACE_BOUND('',#5128,.T.);
#5128=EDGE_LOOP('',(#7538,#7539,#7540,#7541));
#5129=CONICAL_SURFACE('',#5130,6.5,1.10714871779409);
#5130=AXIS2_PLACEMENT_3D('',#5131,#5132,#5133);
#5131=CARTESIAN_POINT('',(0.,0.,-0.0500000000000001));
#5132=DIRECTION('',(0.,0.,-1.));
#5133=DIRECTION('',(4.08215599715784E-18,1.,0.));
#5134=FACE_BOUND('',#5135,.T.);
#5135=EDGE_LOOP('',(#7542,#7543,#7544,#7545));
#5136=CONICAL_SURFACE('',#5137,6.5,1.10714871779409);
#5137=AXIS2_PLACEMENT_3D('',#5138,#5139,#5140);
#5138=CARTESIAN_POINT('',(0.,0.,-0.0500000000000001));
#5139=DIRECTION('',(0.,0.,-1.));
#5140=DIRECTION('',(4.08215599715784E-18,1.,0.));
#5141=FACE_BOUND('',#5142,.T.);
#5142=EDGE_LOOP('',(#7546,#7547,#7548,#7549));
#5143=CONICAL_SURFACE('',#5144,6.5,1.10714871779409);
#5144=AXIS2_PLACEMENT_3D('',#5145,#5146,#5147);
#5145=CARTESIAN_POINT('',(0.,0.,-0.0500000000000001));
#5146=DIRECTION('',(0.,0.,-1.));
#5147=DIRECTION('',(4.08215599715784E-18,1.,0.));
#5148=FACE_BOUND('',#5149,.T.);
#5149=EDGE_LOOP('',(#7550,#7551,#7552,#7553));
#5150=CONICAL_SURFACE('',#5151,6.5,1.10714871779409);
#5151=AXIS2_PLACEMENT_3D('',#5152,#5153,#5154);
#5152=CARTESIAN_POINT('',(0.,0.,-0.0500000000000001));
#5153=DIRECTION('',(0.,0.,-1.));
#5154=DIRECTION('',(4.08215599715784E-18,1.,0.));
#5155=FACE_BOUND('',#5156,.T.);
#5156=EDGE_LOOP('',(#7554,#7555,#7556,#7557,#7558,#7559));
#5157=PLANE('',#5158);
#5158=AXIS2_PLACEMENT_3D('',#5159,#5160,#5161);
#5159=CARTESIAN_POINT('',(0.,0.,-0.3));
#5160=DIRECTION('',(0.,0.,1.));
#5161=DIRECTION('',(-3.67394039744206E-18,1.,0.));
#5162=FACE_BOUND('',#5163,.T.);
#5163=EDGE_LOOP('',(#7560,#7561,#7562,#7563,#7564,#7565));
#5164=PLANE('',#5165);
#5165=AXIS2_PLACEMENT_3D('',#5166,#5167,#5168);
#5166=CARTESIAN_POINT('',(0.,0.,-0.3));
#5167=DIRECTION('',(0.,0.,1.));
#5168=DIRECTION('',(-3.67394039744206E-18,1.,0.));
#5169=FACE_BOUND('',#5170,.T.);
#5170=EDGE_LOOP('',(#7566,#7567,#7568,#7569,#7570,#7571));
#5171=PLANE('',#5172);
#5172=AXIS2_PLACEMENT_3D('',#5173,#5174,#5175);
#5173=CARTESIAN_POINT('',(0.,0.,-0.3));
#5174=DIRECTION('',(0.,0.,1.));
#5175=DIRECTION('',(-3.67394039744206E-18,1.,0.));
#5176=FACE_BOUND('',#5177,.T.);
#5177=EDGE_LOOP('',(#7572,#7573,#7574,#7575,#7576,#7577));
#5178=PLANE('',#5179);
#5179=AXIS2_PLACEMENT_3D('',#5180,#5181,#5182);
#5180=CARTESIAN_POINT('',(0.,0.,-0.3));
#5181=DIRECTION('',(0.,0.,1.));
#5182=DIRECTION('',(-3.67394039744206E-18,1.,0.));
#5183=FACE_BOUND('',#5184,.T.);
#5184=EDGE_LOOP('',(#7578,#7579,#7580,#7581));
#5185=CYLINDRICAL_SURFACE('',#5186,10.);
#5186=AXIS2_PLACEMENT_3D('',#5187,#5188,#5189);
#5187=CARTESIAN_POINT('',(0.,0.,-0.3));
#5188=DIRECTION('',(0.,0.,-1.));
#5189=DIRECTION('',(-3.67394039744206E-18,1.,0.));
#5190=FACE_BOUND('',#5191,.T.);
#5191=EDGE_LOOP('',(#7582,#7583,#7584,#7585));
#5192=CYLINDRICAL_SURFACE('',#5193,10.);
#5193=AXIS2_PLACEMENT_3D('',#5194,#5195,#5196);
#5194=CARTESIAN_POINT('',(0.,0.,-0.3));
#5195=DIRECTION('',(0.,0.,-1.));
#5196=DIRECTION('',(-3.67394039744206E-18,1.,0.));
#5197=FACE_BOUND('',#5198,.T.);
#5198=EDGE_LOOP('',(#7586,#7587,#7588,#7589));
#5199=CYLINDRICAL_SURFACE('',#5200,10.);
#5200=AXIS2_PLACEMENT_3D('',#5201,#5202,#5203);
#5201=CARTESIAN_POINT('',(0.,0.,-0.3));
#5202=DIRECTION('',(0.,0.,-1.));
#5203=DIRECTION('',(-3.67394039744206E-18,1.,0.));
#5204=FACE_BOUND('',#5205,.T.);
#5205=EDGE_LOOP('',(#7590,#7591,#7592,#7593));
#5206=CYLINDRICAL_SURFACE('',#5207,10.);
#5207=AXIS2_PLACEMENT_3D('',#5208,#5209,#5210);
#5208=CARTESIAN_POINT('',(0.,0.,-0.3));
#5209=DIRECTION('',(0.,0.,-1.));
#5210=DIRECTION('',(-3.67394039744206E-18,1.,0.));
#5211=FACE_BOUND('',#5212,.T.);
#5212=EDGE_LOOP('',(#7594,#7595,#7596,#7597,#7598,#7599));
#5213=PLANE('',#5214);
#5214=AXIS2_PLACEMENT_3D('',#5215,#5216,#5217);
#5215=CARTESIAN_POINT('',(0.,0.,-0.5));
#5216=DIRECTION('',(0.,0.,-1.));
#5217=DIRECTION('',(-6.12323399573676E-18,1.,0.));
#5218=FACE_BOUND('',#5219,.T.);
#5219=EDGE_LOOP('',(#7600,#7601,#7602,#7603,#7604,#7605));
#5220=PLANE('',#5221);
#5221=AXIS2_PLACEMENT_3D('',#5222,#5223,#5224);
#5222=CARTESIAN_POINT('',(0.,0.,-0.5));
#5223=DIRECTION('',(0.,0.,-1.));
#5224=DIRECTION('',(-6.12323399573676E-18,1.,0.));
#5225=FACE_BOUND('',#5226,.T.);
#5226=EDGE_LOOP('',(#7606,#7607,#7608,#7609,#7610,#7611));
#5227=PLANE('',#5228);
#5228=AXIS2_PLACEMENT_3D('',#5229,#5230,#5231);
#5229=CARTESIAN_POINT('',(0.,0.,-0.5));
#5230=DIRECTION('',(0.,0.,-1.));
#5231=DIRECTION('',(-6.12323399573676E-18,1.,0.));
#5232=FACE_BOUND('',#5233,.T.);
#5233=EDGE_LOOP('',(#7612,#7613,#7614,#7615,#7616,#7617));
#5234=PLANE('',#5235);
#5235=AXIS2_PLACEMENT_3D('',#5236,#5237,#5238);
#5236=CARTESIAN_POINT('',(0.,0.,-0.5));
#5237=DIRECTION('',(0.,0.,-1.));
#5238=DIRECTION('',(-6.12323399573676E-18,1.,0.));
#5239=FACE_BOUND('',#5240,.T.);
#5240=EDGE_LOOP('',(#7618,#7619,#7620,#7621));
#5241=CONICAL_SURFACE('',#5242,6.4,1.10714871779409);
#5242=AXIS2_PLACEMENT_3D('',#5243,#5244,#5245);
#5243=CARTESIAN_POINT('',(0.,0.,-0.25));
#5244=DIRECTION('',(0.,0.,-1.));
#5245=DIRECTION('',(-8.87425216773445E-18,1.,0.));
#5246=FACE_BOUND('',#5247,.T.);
#5247=EDGE_LOOP('',(#7622,#7623,#7624,#7625));
#5248=CONICAL_SURFACE('',#5249,6.4,1.10714871779409);
#5249=AXIS2_PLACEMENT_3D('',#5250,#5251,#5252);
#5250=CARTESIAN_POINT('',(0.,0.,-0.25));
#5251=DIRECTION('',(0.,0.,-1.));
#5252=DIRECTION('',(-8.87425216773445E-18,1.,0.));
#5253=FACE_BOUND('',#5254,.T.);
#5254=EDGE_LOOP('',(#7626,#7627,#7628,#7629));
#5255=CONICAL_SURFACE('',#5256,6.4,1.10714871779409);
#5256=AXIS2_PLACEMENT_3D('',#5257,#5258,#5259);
#5257=CARTESIAN_POINT('',(0.,0.,-0.25));
#5258=DIRECTION('',(0.,0.,-1.));
#5259=DIRECTION('',(-8.87425216773445E-18,1.,0.));
#5260=FACE_BOUND('',#5261,.T.);
#5261=EDGE_LOOP('',(#7630,#7631,#7632,#7633));
#5262=CONICAL_SURFACE('',#5263,6.4,1.10714871779409);
#5263=AXIS2_PLACEMENT_3D('',#5264,#5265,#5266);
#5264=CARTESIAN_POINT('',(0.,0.,-0.25));
#5265=DIRECTION('',(0.,0.,-1.));
#5266=DIRECTION('',(-8.87425216773445E-18,1.,0.));
#5267=FACE_BOUND('',#5268,.T.);
#5268=EDGE_LOOP('',(#7634,#7635,#7636,#7637,#7638,#7639,#7640,#7641,#7642,#7643,
#7644,#7645,#7646,#7647,#7648,#7649));
#5269=PLANE('',#5270);
#5270=AXIS2_PLACEMENT_3D('',#5271,#5272,#5273);
#5271=CARTESIAN_POINT('',(0.,0.,0.));
#5272=DIRECTION('',(0.,0.,-1.));
#5273=DIRECTION('',(1.49975978266186E-32,1.,0.));
#5274=FACE_BOUND('',#5275,.T.);
#5275=EDGE_LOOP('',(#7650,#7651,#7652,#7653,#7654,#7655,#7656,#7657));
#5276=CYLINDRICAL_SURFACE('',#5277,1.);
#5277=AXIS2_PLACEMENT_3D('',#5278,#5279,#5280);
#5278=CARTESIAN_POINT('',(2.,-6.5,-1.));
#5279=DIRECTION('',(0.,0.,1.));
#5280=DIRECTION('',(1.,0.,0.));
#5281=FACE_BOUND('',#5282,.T.);
#5282=EDGE_LOOP('',(#7658,#7659,#7660,#7661));
#5283=PLANE('',#5284);
#5284=AXIS2_PLACEMENT_3D('',#5285,#5286,#5287);
#5285=CARTESIAN_POINT('',(3.,-10.,-1.));
#5286=DIRECTION('',(1.,0.,0.));
#5287=DIRECTION('',(0.,1.,0.));
#5288=FACE_BOUND('',#5289,.T.);
#5289=EDGE_LOOP('',(#7662,#7663,#7664,#7665));
#5290=PLANE('',#5291);
#5291=AXIS2_PLACEMENT_3D('',#5292,#5293,#5294);
#5292=CARTESIAN_POINT('',(-3.,-6.5,-1.));
#5293=DIRECTION('',(-1.,0.,0.));
#5294=DIRECTION('',(0.,-1.,0.));
#5295=FACE_BOUND('',#5296,.T.);
#5296=EDGE_LOOP('',(#7666,#7667,#7668,#7669,#7670,#7671,#7672,#7673));
#5297=CYLINDRICAL_SURFACE('',#5298,1.);
#5298=AXIS2_PLACEMENT_3D('',#5299,#5300,#5301);
#5299=CARTESIAN_POINT('',(-2.,-6.5,-1.));
#5300=DIRECTION('',(0.,0.,1.));
#5301=DIRECTION('',(0.,1.,0.));
#5302=FACE_BOUND('',#5303,.T.);
#5303=EDGE_LOOP('',(#7674,#7675,#7676,#7677));
#5304=PLANE('',#5305);
#5305=AXIS2_PLACEMENT_3D('',#5306,#5307,#5308);
#5306=CARTESIAN_POINT('',(2.,-5.5,-1.));
#5307=DIRECTION('',(0.,1.,0.));
#5308=DIRECTION('',(-1.,0.,0.));
#5309=FACE_BOUND('',#5310,.T.);
#5310=EDGE_LOOP('',(#7678,#7679,#7680,#7681));
#5311=PLANE('',#5312);
#5312=AXIS2_PLACEMENT_3D('',#5313,#5314,#5315);
#5313=CARTESIAN_POINT('',(6.5,-3.,-1.));
#5314=DIRECTION('',(0.,-1.,0.));
#5315=DIRECTION('',(1.,0.,0.));
#5316=FACE_BOUND('',#5317,.T.);
#5317=EDGE_LOOP('',(#7682,#7683,#7684,#7685,#7686,#7687,#7688,#7689));
#5318=CYLINDRICAL_SURFACE('',#5319,1.);
#5319=AXIS2_PLACEMENT_3D('',#5320,#5321,#5322);
#5320=CARTESIAN_POINT('',(6.5,-2.,-1.));
#5321=DIRECTION('',(0.,0.,1.));
#5322=DIRECTION('',(-1.,2.22044604925031E-16,0.));
#5323=FACE_BOUND('',#5324,.T.);
#5324=EDGE_LOOP('',(#7690,#7691,#7692,#7693));
#5325=PLANE('',#5326);
#5326=AXIS2_PLACEMENT_3D('',#5327,#5328,#5329);
#5327=CARTESIAN_POINT('',(5.5,2.,-1.));
#5328=DIRECTION('',(-1.,0.,0.));
#5329=DIRECTION('',(0.,-1.,0.));
#5330=FACE_BOUND('',#5331,.T.);
#5331=EDGE_LOOP('',(#7694,#7695,#7696,#7697,#7698,#7699,#7700,#7701));
#5332=CYLINDRICAL_SURFACE('',#5333,1.);
#5333=AXIS2_PLACEMENT_3D('',#5334,#5335,#5336);
#5334=CARTESIAN_POINT('',(6.5,2.,-1.));
#5335=DIRECTION('',(0.,0.,1.));
#5336=DIRECTION('',(0.,1.,0.));
#5337=FACE_BOUND('',#5338,.T.);
#5338=EDGE_LOOP('',(#7702,#7703,#7704,#7705));
#5339=PLANE('',#5340);
#5340=AXIS2_PLACEMENT_3D('',#5341,#5342,#5343);
#5341=CARTESIAN_POINT('',(10.,3.,-1.));
#5342=DIRECTION('',(0.,1.,0.));
#5343=DIRECTION('',(-1.,0.,0.));
#5344=FACE_BOUND('',#5345,.T.);
#5345=EDGE_LOOP('',(#7706,#7707,#7708,#7709));
#5346=PLANE('',#5347);
#5347=AXIS2_PLACEMENT_3D('',#5348,#5349,#5350);
#5348=CARTESIAN_POINT('',(-10.,-3.,-1.));
#5349=DIRECTION('',(0.,-1.,0.));
#5350=DIRECTION('',(1.,0.,0.));
#5351=FACE_BOUND('',#5352,.T.);
#5352=EDGE_LOOP('',(#7710,#7711,#7712,#7713));
#5353=PLANE('',#5354);
#5354=AXIS2_PLACEMENT_3D('',#5355,#5356,#5357);
#5355=CARTESIAN_POINT('',(-6.5,3.,-1.));
#5356=DIRECTION('',(0.,1.,0.));
#5357=DIRECTION('',(-1.,0.,0.));
#5358=FACE_BOUND('',#5359,.T.);
#5359=EDGE_LOOP('',(#7714,#7715,#7716,#7717,#7718,#7719,#7720,#7721));
#5360=CYLINDRICAL_SURFACE('',#5361,1.);
#5361=AXIS2_PLACEMENT_3D('',#5362,#5363,#5364);
#5362=CARTESIAN_POINT('',(-6.5,2.,-1.));
#5363=DIRECTION('',(0.,0.,1.));
#5364=DIRECTION('',(1.,0.,0.));
#5365=FACE_BOUND('',#5366,.T.);
#5366=EDGE_LOOP('',(#7722,#7723,#7724,#7725));
#5367=PLANE('',#5368);
#5368=AXIS2_PLACEMENT_3D('',#5369,#5370,#5371);
#5369=CARTESIAN_POINT('',(-5.5,-2.,-1.));
#5370=DIRECTION('',(1.,0.,0.));
#5371=DIRECTION('',(0.,1.,0.));
#5372=FACE_BOUND('',#5373,.T.);
#5373=EDGE_LOOP('',(#7726,#7727,#7728,#7729,#7730,#7731,#7732,#7733));
#5374=CYLINDRICAL_SURFACE('',#5375,1.);
#5375=AXIS2_PLACEMENT_3D('',#5376,#5377,#5378);
#5376=CARTESIAN_POINT('',(-6.5,-2.,-1.));
#5377=DIRECTION('',(0.,0.,1.));
#5378=DIRECTION('',(0.,-1.,0.));
#5379=FACE_BOUND('',#5380,.T.);
#5380=EDGE_LOOP('',(#7734,#7735,#7736,#7737));
#5381=PLANE('',#5382);
#5382=AXIS2_PLACEMENT_3D('',#5383,#5384,#5385);
#5383=CARTESIAN_POINT('',(-3.,10.,-1.));
#5384=DIRECTION('',(-1.,0.,0.));
#5385=DIRECTION('',(0.,-1.,0.));
#5386=FACE_BOUND('',#5387,.T.);
#5387=EDGE_LOOP('',(#7738,#7739,#7740,#7741));
#5388=PLANE('',#5389);
#5389=AXIS2_PLACEMENT_3D('',#5390,#5391,#5392);
#5390=CARTESIAN_POINT('',(3.,6.5,-1.));
#5391=DIRECTION('',(1.,0.,0.));
#5392=DIRECTION('',(0.,1.,0.));
#5393=FACE_BOUND('',#5394,.T.);
#5394=EDGE_LOOP('',(#7742,#7743,#7744,#7745,#7746,#7747,#7748,#7749));
#5395=CYLINDRICAL_SURFACE('',#5396,1.);
#5396=AXIS2_PLACEMENT_3D('',#5397,#5398,#5399);
#5397=CARTESIAN_POINT('',(2.,6.5,-1.));
#5398=DIRECTION('',(0.,0.,1.));
#5399=DIRECTION('',(-2.22044604925031E-16,-1.,0.));
#5400=FACE_BOUND('',#5401,.T.);
#5401=EDGE_LOOP('',(#7750,#7751,#7752,#7753));
#5402=PLANE('',#5403);
#5403=AXIS2_PLACEMENT_3D('',#5404,#5405,#5406);
#5404=CARTESIAN_POINT('',(-2.,5.5,-1.));
#5405=DIRECTION('',(0.,-1.,0.));
#5406=DIRECTION('',(1.,0.,0.));
#5407=FACE_BOUND('',#5408,.T.);
#5408=EDGE_LOOP('',(#7754,#7755,#7756,#7757,#7758,#7759,#7760,#7761));
#5409=CYLINDRICAL_SURFACE('',#5410,1.);
#5410=AXIS2_PLACEMENT_3D('',#5411,#5412,#5413);
#5411=CARTESIAN_POINT('',(-2.,6.5,-1.));
#5412=DIRECTION('',(0.,0.,1.));
#5413=DIRECTION('',(-1.,0.,0.));
#5414=ORIENTED_EDGE('',*,*,#7762,.F.);
#5415=ORIENTED_EDGE('',*,*,#7763,.F.);
#5416=ORIENTED_EDGE('',*,*,#7764,.T.);
#5417=ORIENTED_EDGE('',*,*,#7765,.F.);
#5418=ORIENTED_EDGE('',*,*,#7766,.T.);
#5419=ORIENTED_EDGE('',*,*,#7767,.T.);
#5420=ORIENTED_EDGE('',*,*,#7768,.T.);
#5421=ORIENTED_EDGE('',*,*,#7769,.T.);
#5422=ORIENTED_EDGE('',*,*,#7770,.T.);
#5423=ORIENTED_EDGE('',*,*,#7771,.T.);
#5424=ORIENTED_EDGE('',*,*,#7772,.T.);
#5425=ORIENTED_EDGE('',*,*,#7773,.T.);
#5426=ORIENTED_EDGE('',*,*,#7774,.F.);
#5427=ORIENTED_EDGE('',*,*,#7773,.F.);
#5428=ORIENTED_EDGE('',*,*,#7775,.F.);
#5429=ORIENTED_EDGE('',*,*,#7772,.F.);
#5430=ORIENTED_EDGE('',*,*,#7776,.F.);
#5431=ORIENTED_EDGE('',*,*,#7771,.F.);
#5432=ORIENTED_EDGE('',*,*,#7777,.F.);
#5433=ORIENTED_EDGE('',*,*,#7770,.F.);
#5434=ORIENTED_EDGE('',*,*,#7778,.F.);
#5435=ORIENTED_EDGE('',*,*,#7769,.F.);
#5436=ORIENTED_EDGE('',*,*,#7779,.F.);
#5437=ORIENTED_EDGE('',*,*,#7768,.F.);
#5438=ORIENTED_EDGE('',*,*,#7780,.F.);
#5439=ORIENTED_EDGE('',*,*,#7767,.F.);
#5440=ORIENTED_EDGE('',*,*,#7781,.F.);
#5441=ORIENTED_EDGE('',*,*,#7766,.F.);
#5442=ORIENTED_EDGE('',*,*,#7782,.F.);
#5443=ORIENTED_EDGE('',*,*,#7762,.T.);
#5444=ORIENTED_EDGE('',*,*,#7783,.F.);
#5445=ORIENTED_EDGE('',*,*,#7784,.F.);
#5446=ORIENTED_EDGE('',*,*,#7785,.F.);
#5447=ORIENTED_EDGE('',*,*,#7786,.F.);
#5448=ORIENTED_EDGE('',*,*,#7787,.F.);
#5449=ORIENTED_EDGE('',*,*,#7788,.T.);
#5450=ORIENTED_EDGE('',*,*,#7763,.T.);
#5451=ORIENTED_EDGE('',*,*,#7789,.T.);
#5452=ORIENTED_EDGE('',*,*,#7790,.F.);
#5453=ORIENTED_EDGE('',*,*,#7764,.F.);
#5454=ORIENTED_EDGE('',*,*,#7791,.F.);
#5455=ORIENTED_EDGE('',*,*,#7792,.T.);
#5456=ORIENTED_EDGE('',*,*,#7765,.T.);
#5457=ORIENTED_EDGE('',*,*,#7793,.F.);
#5458=ORIENTED_EDGE('',*,*,#7794,.F.);
#5459=ORIENTED_EDGE('',*,*,#7774,.T.);
#5460=ORIENTED_EDGE('',*,*,#7795,.F.);
#5461=ORIENTED_EDGE('',*,*,#7775,.T.);
#5462=ORIENTED_EDGE('',*,*,#7796,.F.);
#5463=ORIENTED_EDGE('',*,*,#7776,.T.);
#5464=ORIENTED_EDGE('',*,*,#7797,.F.);
#5465=ORIENTED_EDGE('',*,*,#7777,.T.);
#5466=ORIENTED_EDGE('',*,*,#7798,.F.);
#5467=ORIENTED_EDGE('',*,*,#7778,.T.);
#5468=ORIENTED_EDGE('',*,*,#7799,.F.);
#5469=ORIENTED_EDGE('',*,*,#7779,.T.);
#5470=ORIENTED_EDGE('',*,*,#7800,.F.);
#5471=ORIENTED_EDGE('',*,*,#7780,.T.);
#5472=ORIENTED_EDGE('',*,*,#7801,.F.);
#5473=ORIENTED_EDGE('',*,*,#7781,.T.);
#5474=ORIENTED_EDGE('',*,*,#7802,.F.);
#5475=ORIENTED_EDGE('',*,*,#7782,.T.);
#5476=ORIENTED_EDGE('',*,*,#7803,.F.);
#5477=ORIENTED_EDGE('',*,*,#7783,.T.);
#5478=ORIENTED_EDGE('',*,*,#7792,.F.);
#5479=ORIENTED_EDGE('',*,*,#7804,.F.);
#5480=ORIENTED_EDGE('',*,*,#7805,.T.);
#5481=ORIENTED_EDGE('',*,*,#7806,.F.);
#5482=ORIENTED_EDGE('',*,*,#7807,.F.);
#5483=ORIENTED_EDGE('',*,*,#7784,.T.);
#5484=ORIENTED_EDGE('',*,*,#7808,.F.);
#5485=ORIENTED_EDGE('',*,*,#7809,.F.);
#5486=ORIENTED_EDGE('',*,*,#7786,.T.);
#5487=ORIENTED_EDGE('',*,*,#7785,.T.);
#5488=ORIENTED_EDGE('',*,*,#7810,.F.);
#5489=ORIENTED_EDGE('',*,*,#7811,.T.);
#5490=ORIENTED_EDGE('',*,*,#7794,.T.);
#5491=ORIENTED_EDGE('',*,*,#7812,.F.);
#5492=ORIENTED_EDGE('',*,*,#7787,.T.);
#5493=ORIENTED_EDGE('',*,*,#7813,.F.);
#5494=ORIENTED_EDGE('',*,*,#7814,.F.);
#5495=ORIENTED_EDGE('',*,*,#7815,.F.);
#5496=ORIENTED_EDGE('',*,*,#7816,.F.);
#5497=ORIENTED_EDGE('',*,*,#7817,.F.);
#5498=ORIENTED_EDGE('',*,*,#7818,.F.);
#5499=ORIENTED_EDGE('',*,*,#7819,.F.);
#5500=ORIENTED_EDGE('',*,*,#7820,.F.);
#5501=ORIENTED_EDGE('',*,*,#7821,.T.);
#5502=ORIENTED_EDGE('',*,*,#7822,.F.);
#5503=ORIENTED_EDGE('',*,*,#7823,.T.);
#5504=ORIENTED_EDGE('',*,*,#7791,.T.);
#5505=ORIENTED_EDGE('',*,*,#7788,.F.);
#5506=ORIENTED_EDGE('',*,*,#7824,.F.);
#5507=ORIENTED_EDGE('',*,*,#7825,.F.);
#5508=ORIENTED_EDGE('',*,*,#7789,.F.);
#5509=ORIENTED_EDGE('',*,*,#7826,.F.);
#5510=ORIENTED_EDGE('',*,*,#7827,.F.);
#5511=ORIENTED_EDGE('',*,*,#7828,.F.);
#5512=ORIENTED_EDGE('',*,*,#7790,.T.);
#5513=ORIENTED_EDGE('',*,*,#7829,.F.);
#5514=ORIENTED_EDGE('',*,*,#7830,.F.);
#5515=ORIENTED_EDGE('',*,*,#7793,.T.);
#5516=ORIENTED_EDGE('',*,*,#7795,.T.);
#5517=ORIENTED_EDGE('',*,*,#7831,.F.);
#5518=ORIENTED_EDGE('',*,*,#7796,.T.);
#5519=ORIENTED_EDGE('',*,*,#7797,.T.);
#5520=ORIENTED_EDGE('',*,*,#7798,.T.);
#5521=ORIENTED_EDGE('',*,*,#7799,.T.);
#5522=ORIENTED_EDGE('',*,*,#7800,.T.);
#5523=ORIENTED_EDGE('',*,*,#7801,.T.);
#5524=ORIENTED_EDGE('',*,*,#7802,.T.);
#5525=ORIENTED_EDGE('',*,*,#7803,.T.);
#5526=ORIENTED_EDGE('',*,*,#7811,.F.);
#5527=ORIENTED_EDGE('',*,*,#7809,.T.);
#5528=ORIENTED_EDGE('',*,*,#7832,.T.);
#5529=ORIENTED_EDGE('',*,*,#7804,.T.);
#5530=ORIENTED_EDGE('',*,*,#7833,.T.);
#5531=ORIENTED_EDGE('',*,*,#7808,.T.);
#5532=ORIENTED_EDGE('',*,*,#7805,.F.);
#5533=ORIENTED_EDGE('',*,*,#7834,.F.);
#5534=ORIENTED_EDGE('',*,*,#7806,.T.);
#5535=ORIENTED_EDGE('',*,*,#7835,.F.);
#5536=ORIENTED_EDGE('',*,*,#7836,.F.);
#5537=ORIENTED_EDGE('',*,*,#7837,.F.);
#5538=ORIENTED_EDGE('',*,*,#7838,.F.);
#5539=ORIENTED_EDGE('',*,*,#7839,.F.);
#5540=ORIENTED_EDGE('',*,*,#7810,.T.);
#5541=ORIENTED_EDGE('',*,*,#7807,.T.);
#5542=ORIENTED_EDGE('',*,*,#7840,.F.);
#5543=ORIENTED_EDGE('',*,*,#7822,.T.);
#5544=ORIENTED_EDGE('',*,*,#7812,.T.);
#5545=ORIENTED_EDGE('',*,*,#7830,.T.);
#5546=ORIENTED_EDGE('',*,*,#7813,.T.);
#5547=ORIENTED_EDGE('',*,*,#7841,.T.);
#5548=ORIENTED_EDGE('',*,*,#7814,.T.);
#5549=ORIENTED_EDGE('',*,*,#7842,.T.);
#5550=ORIENTED_EDGE('',*,*,#7815,.T.);
#5551=ORIENTED_EDGE('',*,*,#7843,.T.);
#5552=ORIENTED_EDGE('',*,*,#7816,.T.);
#5553=ORIENTED_EDGE('',*,*,#7844,.T.);
#5554=ORIENTED_EDGE('',*,*,#7817,.T.);
#5555=ORIENTED_EDGE('',*,*,#7845,.T.);
#5556=ORIENTED_EDGE('',*,*,#7818,.T.);
#5557=ORIENTED_EDGE('',*,*,#7846,.T.);
#5558=ORIENTED_EDGE('',*,*,#7819,.T.);
#5559=ORIENTED_EDGE('',*,*,#7847,.T.);
#5560=ORIENTED_EDGE('',*,*,#7820,.T.);
#5561=ORIENTED_EDGE('',*,*,#7848,.T.);
#5562=ORIENTED_EDGE('',*,*,#7821,.F.);
#5563=ORIENTED_EDGE('',*,*,#7849,.T.);
#5564=ORIENTED_EDGE('',*,*,#7850,.F.);
#5565=ORIENTED_EDGE('',*,*,#7826,.T.);
#5566=ORIENTED_EDGE('',*,*,#7823,.F.);
#5567=ORIENTED_EDGE('',*,*,#7851,.F.);
#5568=ORIENTED_EDGE('',*,*,#7852,.F.);
#5569=ORIENTED_EDGE('',*,*,#7828,.T.);
#5570=ORIENTED_EDGE('',*,*,#7853,.T.);
#5571=ORIENTED_EDGE('',*,*,#7854,.F.);
#5572=ORIENTED_EDGE('',*,*,#7855,.T.);
#5573=ORIENTED_EDGE('',*,*,#7856,.F.);
#5574=ORIENTED_EDGE('',*,*,#7829,.T.);
#5575=ORIENTED_EDGE('',*,*,#7825,.T.);
#5576=ORIENTED_EDGE('',*,*,#7831,.T.);
#5577=ORIENTED_EDGE('',*,*,#7857,.T.);
#5578=ORIENTED_EDGE('',*,*,#7834,.T.);
#5579=ORIENTED_EDGE('',*,*,#7832,.F.);
#5580=ORIENTED_EDGE('',*,*,#7839,.T.);
#5581=ORIENTED_EDGE('',*,*,#7835,.T.);
#5582=ORIENTED_EDGE('',*,*,#7833,.F.);
#5583=ORIENTED_EDGE('',*,*,#7858,.F.);
#5584=ORIENTED_EDGE('',*,*,#7859,.T.);
#5585=ORIENTED_EDGE('',*,*,#7860,.T.);
#5586=ORIENTED_EDGE('',*,*,#7861,.F.);
#5587=ORIENTED_EDGE('',*,*,#7836,.T.);
#5588=ORIENTED_EDGE('',*,*,#7862,.F.);
#5589=ORIENTED_EDGE('',*,*,#7863,.F.);
#5590=ORIENTED_EDGE('',*,*,#7838,.T.);
#5591=ORIENTED_EDGE('',*,*,#7837,.T.);
#5592=ORIENTED_EDGE('',*,*,#7864,.F.);
#5593=ORIENTED_EDGE('',*,*,#7865,.F.);
#5594=ORIENTED_EDGE('',*,*,#7854,.T.);
#5595=ORIENTED_EDGE('',*,*,#7866,.F.);
#5596=ORIENTED_EDGE('',*,*,#7851,.T.);
#5597=ORIENTED_EDGE('',*,*,#7840,.T.);
#5598=ORIENTED_EDGE('',*,*,#7856,.T.);
#5599=ORIENTED_EDGE('',*,*,#7841,.F.);
#5600=ORIENTED_EDGE('',*,*,#7867,.T.);
#5601=ORIENTED_EDGE('',*,*,#7842,.F.);
#5602=ORIENTED_EDGE('',*,*,#7868,.T.);
#5603=ORIENTED_EDGE('',*,*,#7843,.F.);
#5604=ORIENTED_EDGE('',*,*,#7869,.T.);
#5605=ORIENTED_EDGE('',*,*,#7844,.F.);
#5606=ORIENTED_EDGE('',*,*,#7870,.T.);
#5607=ORIENTED_EDGE('',*,*,#7845,.F.);
#5608=ORIENTED_EDGE('',*,*,#7871,.T.);
#5609=ORIENTED_EDGE('',*,*,#7846,.F.);
#5610=ORIENTED_EDGE('',*,*,#7872,.T.);
#5611=ORIENTED_EDGE('',*,*,#7847,.F.);
#5612=ORIENTED_EDGE('',*,*,#7873,.T.);
#5613=ORIENTED_EDGE('',*,*,#7848,.F.);
#5614=ORIENTED_EDGE('',*,*,#7874,.T.);
#5615=ORIENTED_EDGE('',*,*,#7849,.F.);
#5616=ORIENTED_EDGE('',*,*,#7875,.T.);
#5617=ORIENTED_EDGE('',*,*,#7857,.F.);
#5618=ORIENTED_EDGE('',*,*,#7863,.T.);
#5619=ORIENTED_EDGE('',*,*,#7876,.T.);
#5620=ORIENTED_EDGE('',*,*,#7858,.T.);
#5621=ORIENTED_EDGE('',*,*,#7877,.T.);
#5622=ORIENTED_EDGE('',*,*,#7862,.T.);
#5623=ORIENTED_EDGE('',*,*,#7859,.F.);
#5624=ORIENTED_EDGE('',*,*,#7878,.F.);
#5625=ORIENTED_EDGE('',*,*,#7860,.F.);
#5626=ORIENTED_EDGE('',*,*,#7879,.F.);
#5627=ORIENTED_EDGE('',*,*,#7880,.T.);
#5628=ORIENTED_EDGE('',*,*,#7881,.F.);
#5629=ORIENTED_EDGE('',*,*,#7882,.F.);
#5630=ORIENTED_EDGE('',*,*,#7883,.F.);
#5631=ORIENTED_EDGE('',*,*,#7864,.T.);
#5632=ORIENTED_EDGE('',*,*,#7861,.T.);
#5633=ORIENTED_EDGE('',*,*,#7867,.F.);
#5634=ORIENTED_EDGE('',*,*,#7868,.F.);
#5635=ORIENTED_EDGE('',*,*,#7869,.F.);
#5636=ORIENTED_EDGE('',*,*,#7870,.F.);
#5637=ORIENTED_EDGE('',*,*,#7871,.F.);
#5638=ORIENTED_EDGE('',*,*,#7872,.F.);
#5639=ORIENTED_EDGE('',*,*,#7873,.F.);
#5640=ORIENTED_EDGE('',*,*,#7874,.F.);
#5641=ORIENTED_EDGE('',*,*,#7875,.F.);
#5642=ORIENTED_EDGE('',*,*,#7884,.F.);
#5643=ORIENTED_EDGE('',*,*,#7878,.T.);
#5644=ORIENTED_EDGE('',*,*,#7876,.F.);
#5645=ORIENTED_EDGE('',*,*,#7883,.T.);
#5646=ORIENTED_EDGE('',*,*,#7879,.T.);
#5647=ORIENTED_EDGE('',*,*,#7877,.F.);
#5648=ORIENTED_EDGE('',*,*,#7885,.F.);
#5649=ORIENTED_EDGE('',*,*,#7886,.T.);
#5650=ORIENTED_EDGE('',*,*,#7887,.F.);
#5651=ORIENTED_EDGE('',*,*,#7888,.F.);
#5652=ORIENTED_EDGE('',*,*,#7880,.F.);
#5653=ORIENTED_EDGE('',*,*,#7889,.F.);
#5654=ORIENTED_EDGE('',*,*,#7890,.F.);
#5655=ORIENTED_EDGE('',*,*,#7882,.T.);
#5656=ORIENTED_EDGE('',*,*,#7881,.T.);
#5657=ORIENTED_EDGE('',*,*,#7891,.F.);
#5658=ORIENTED_EDGE('',*,*,#7884,.T.);
#5659=ORIENTED_EDGE('',*,*,#7890,.T.);
#5660=ORIENTED_EDGE('',*,*,#7892,.F.);
#5661=ORIENTED_EDGE('',*,*,#7885,.T.);
#5662=ORIENTED_EDGE('',*,*,#7893,.T.);
#5663=ORIENTED_EDGE('',*,*,#7889,.T.);
#5664=ORIENTED_EDGE('',*,*,#7886,.F.);
#5665=ORIENTED_EDGE('',*,*,#7894,.F.);
#5666=ORIENTED_EDGE('',*,*,#7887,.T.);
#5667=ORIENTED_EDGE('',*,*,#7895,.F.);
#5668=ORIENTED_EDGE('',*,*,#7896,.F.);
#5669=ORIENTED_EDGE('',*,*,#7897,.F.);
#5670=ORIENTED_EDGE('',*,*,#7898,.F.);
#5671=ORIENTED_EDGE('',*,*,#7899,.F.);
#5672=ORIENTED_EDGE('',*,*,#7891,.T.);
#5673=ORIENTED_EDGE('',*,*,#7888,.T.);
#5674=ORIENTED_EDGE('',*,*,#7900,.T.);
#5675=ORIENTED_EDGE('',*,*,#7894,.T.);
#5676=ORIENTED_EDGE('',*,*,#7892,.T.);
#5677=ORIENTED_EDGE('',*,*,#7899,.T.);
#5678=ORIENTED_EDGE('',*,*,#7895,.T.);
#5679=ORIENTED_EDGE('',*,*,#7893,.F.);
#5680=ORIENTED_EDGE('',*,*,#7901,.F.);
#5681=ORIENTED_EDGE('',*,*,#7902,.T.);
#5682=ORIENTED_EDGE('',*,*,#7903,.F.);
#5683=ORIENTED_EDGE('',*,*,#7904,.F.);
#5684=ORIENTED_EDGE('',*,*,#7905,.F.);
#5685=ORIENTED_EDGE('',*,*,#7906,.F.);
#5686=ORIENTED_EDGE('',*,*,#7896,.T.);
#5687=ORIENTED_EDGE('',*,*,#7907,.F.);
#5688=ORIENTED_EDGE('',*,*,#7908,.F.);
#5689=ORIENTED_EDGE('',*,*,#7909,.F.);
#5690=ORIENTED_EDGE('',*,*,#7910,.F.);
#5691=ORIENTED_EDGE('',*,*,#7898,.T.);
#5692=ORIENTED_EDGE('',*,*,#7897,.T.);
#5693=ORIENTED_EDGE('',*,*,#7911,.F.);
#5694=ORIENTED_EDGE('',*,*,#7900,.F.);
#5695=ORIENTED_EDGE('',*,*,#7910,.T.);
#5696=ORIENTED_EDGE('',*,*,#7912,.T.);
#5697=ORIENTED_EDGE('',*,*,#7901,.T.);
#5698=ORIENTED_EDGE('',*,*,#7902,.F.);
#5699=ORIENTED_EDGE('',*,*,#7913,.F.);
#5700=ORIENTED_EDGE('',*,*,#7914,.F.);
#5701=ORIENTED_EDGE('',*,*,#7907,.T.);
#5702=ORIENTED_EDGE('',*,*,#7915,.F.);
#5703=ORIENTED_EDGE('',*,*,#7916,.F.);
#5704=ORIENTED_EDGE('',*,*,#7903,.T.);
#5705=ORIENTED_EDGE('',*,*,#7917,.F.);
#5706=ORIENTED_EDGE('',*,*,#7918,.F.);
#5707=ORIENTED_EDGE('',*,*,#7919,.F.);
#5708=ORIENTED_EDGE('',*,*,#7920,.F.);
#5709=ORIENTED_EDGE('',*,*,#7904,.T.);
#5710=ORIENTED_EDGE('',*,*,#7905,.T.);
#5711=ORIENTED_EDGE('',*,*,#7920,.T.);
#5712=ORIENTED_EDGE('',*,*,#7921,.F.);
#5713=ORIENTED_EDGE('',*,*,#7922,.F.);
#5714=ORIENTED_EDGE('',*,*,#7911,.T.);
#5715=ORIENTED_EDGE('',*,*,#7906,.T.);
#5716=ORIENTED_EDGE('',*,*,#7922,.T.);
#5717=ORIENTED_EDGE('',*,*,#7923,.F.);
#5718=ORIENTED_EDGE('',*,*,#7908,.T.);
#5719=ORIENTED_EDGE('',*,*,#7914,.T.);
#5720=ORIENTED_EDGE('',*,*,#7924,.F.);
#5721=ORIENTED_EDGE('',*,*,#7925,.F.);
#5722=ORIENTED_EDGE('',*,*,#7926,.T.);
#5723=ORIENTED_EDGE('',*,*,#7909,.T.);
#5724=ORIENTED_EDGE('',*,*,#7925,.T.);
#5725=ORIENTED_EDGE('',*,*,#7927,.F.);
#5726=ORIENTED_EDGE('',*,*,#7928,.T.);
#5727=ORIENTED_EDGE('',*,*,#7927,.T.);
#5728=ORIENTED_EDGE('',*,*,#7924,.T.);
#5729=ORIENTED_EDGE('',*,*,#7913,.T.);
#5730=ORIENTED_EDGE('',*,*,#7912,.F.);
#5731=ORIENTED_EDGE('',*,*,#7923,.T.);
#5732=ORIENTED_EDGE('',*,*,#7921,.T.);
#5733=ORIENTED_EDGE('',*,*,#7919,.T.);
#5734=ORIENTED_EDGE('',*,*,#7915,.T.);
#5735=ORIENTED_EDGE('',*,*,#7929,.F.);
#5736=ORIENTED_EDGE('',*,*,#7930,.F.);
#5737=ORIENTED_EDGE('',*,*,#7931,.F.);
#5738=ORIENTED_EDGE('',*,*,#7932,.F.);
#5739=ORIENTED_EDGE('',*,*,#7933,.F.);
#5740=ORIENTED_EDGE('',*,*,#7934,.F.);
#5741=ORIENTED_EDGE('',*,*,#7935,.F.);
#5742=ORIENTED_EDGE('',*,*,#7936,.T.);
#5743=ORIENTED_EDGE('',*,*,#7937,.T.);
#5744=ORIENTED_EDGE('',*,*,#7938,.T.);
#5745=ORIENTED_EDGE('',*,*,#7939,.T.);
#5746=ORIENTED_EDGE('',*,*,#7916,.T.);
#5747=ORIENTED_EDGE('',*,*,#7940,.F.);
#5748=ORIENTED_EDGE('',*,*,#7941,.F.);
#5749=ORIENTED_EDGE('',*,*,#7918,.T.);
#5750=ORIENTED_EDGE('',*,*,#7942,.F.);
#5751=ORIENTED_EDGE('',*,*,#7943,.T.);
#5752=ORIENTED_EDGE('',*,*,#7917,.T.);
#5753=ORIENTED_EDGE('',*,*,#7926,.F.);
#5754=ORIENTED_EDGE('',*,*,#7944,.T.);
#5755=ORIENTED_EDGE('',*,*,#7942,.T.);
#5756=ORIENTED_EDGE('',*,*,#7928,.F.);
#5757=ORIENTED_EDGE('',*,*,#7941,.T.);
#5758=ORIENTED_EDGE('',*,*,#7943,.F.);
#5759=ORIENTED_EDGE('',*,*,#7945,.F.);
#5760=ORIENTED_EDGE('',*,*,#7946,.F.);
#5761=ORIENTED_EDGE('',*,*,#7929,.T.);
#5762=ORIENTED_EDGE('',*,*,#7930,.T.);
#5763=ORIENTED_EDGE('',*,*,#7946,.T.);
#5764=ORIENTED_EDGE('',*,*,#7947,.F.);
#5765=ORIENTED_EDGE('',*,*,#7948,.F.);
#5766=ORIENTED_EDGE('',*,*,#7931,.T.);
#5767=ORIENTED_EDGE('',*,*,#7948,.T.);
#5768=ORIENTED_EDGE('',*,*,#7949,.F.);
#5769=ORIENTED_EDGE('',*,*,#7950,.F.);
#5770=ORIENTED_EDGE('',*,*,#7932,.T.);
#5771=ORIENTED_EDGE('',*,*,#7950,.T.);
#5772=ORIENTED_EDGE('',*,*,#7951,.F.);
#5773=ORIENTED_EDGE('',*,*,#7952,.F.);
#5774=ORIENTED_EDGE('',*,*,#7933,.T.);
#5775=ORIENTED_EDGE('',*,*,#7952,.T.);
#5776=ORIENTED_EDGE('',*,*,#7953,.F.);
#5777=ORIENTED_EDGE('',*,*,#7954,.F.);
#5778=ORIENTED_EDGE('',*,*,#7934,.T.);
#5779=ORIENTED_EDGE('',*,*,#7954,.T.);
#5780=ORIENTED_EDGE('',*,*,#7955,.F.);
#5781=ORIENTED_EDGE('',*,*,#7956,.F.);
#5782=ORIENTED_EDGE('',*,*,#7940,.T.);
#5783=ORIENTED_EDGE('',*,*,#7935,.T.);
#5784=ORIENTED_EDGE('',*,*,#7956,.T.);
#5785=ORIENTED_EDGE('',*,*,#7957,.F.);
#5786=ORIENTED_EDGE('',*,*,#7958,.F.);
#5787=ORIENTED_EDGE('',*,*,#7959,.F.);
#5788=ORIENTED_EDGE('',*,*,#7936,.F.);
#5789=ORIENTED_EDGE('',*,*,#7960,.T.);
#5790=ORIENTED_EDGE('',*,*,#7961,.F.);
#5791=ORIENTED_EDGE('',*,*,#7962,.F.);
#5792=ORIENTED_EDGE('',*,*,#7937,.F.);
#5793=ORIENTED_EDGE('',*,*,#7959,.T.);
#5794=ORIENTED_EDGE('',*,*,#7963,.F.);
#5795=ORIENTED_EDGE('',*,*,#7964,.F.);
#5796=ORIENTED_EDGE('',*,*,#7938,.F.);
#5797=ORIENTED_EDGE('',*,*,#7962,.T.);
#5798=ORIENTED_EDGE('',*,*,#7965,.F.);
#5799=ORIENTED_EDGE('',*,*,#7960,.F.);
#5800=ORIENTED_EDGE('',*,*,#7939,.F.);
#5801=ORIENTED_EDGE('',*,*,#7964,.T.);
#5802=ORIENTED_EDGE('',*,*,#7944,.F.);
#5803=ORIENTED_EDGE('',*,*,#7957,.T.);
#5804=ORIENTED_EDGE('',*,*,#7955,.T.);
#5805=ORIENTED_EDGE('',*,*,#7953,.T.);
#5806=ORIENTED_EDGE('',*,*,#7951,.T.);
#5807=ORIENTED_EDGE('',*,*,#7949,.T.);
#5808=ORIENTED_EDGE('',*,*,#7947,.T.);
#5809=ORIENTED_EDGE('',*,*,#7945,.T.);
#5810=ORIENTED_EDGE('',*,*,#7958,.T.);
#5811=ORIENTED_EDGE('',*,*,#7965,.T.);
#5812=ORIENTED_EDGE('',*,*,#7963,.T.);
#5813=ORIENTED_EDGE('',*,*,#7961,.T.);
#5814=ORIENTED_EDGE('',*,*,#7853,.F.);
#5815=ORIENTED_EDGE('',*,*,#7827,.T.);
#5816=ORIENTED_EDGE('',*,*,#7850,.T.);
#5817=ORIENTED_EDGE('',*,*,#7866,.T.);
#5818=ORIENTED_EDGE('',*,*,#7855,.F.);
#5819=ORIENTED_EDGE('',*,*,#7824,.T.);
#5820=ORIENTED_EDGE('',*,*,#7852,.T.);
#5821=ORIENTED_EDGE('',*,*,#7865,.T.);
#5822=ORIENTED_EDGE('',*,*,#7966,.F.);
#5823=ORIENTED_EDGE('',*,*,#7967,.F.);
#5824=ORIENTED_EDGE('',*,*,#7968,.F.);
#5825=ORIENTED_EDGE('',*,*,#7969,.F.);
#5826=ORIENTED_EDGE('',*,*,#7970,.T.);
#5827=ORIENTED_EDGE('',*,*,#7971,.F.);
#5828=ORIENTED_EDGE('',*,*,#7972,.F.);
#5829=ORIENTED_EDGE('',*,*,#7973,.F.);
#5830=ORIENTED_EDGE('',*,*,#7974,.T.);
#5831=ORIENTED_EDGE('',*,*,#7973,.T.);
#5832=ORIENTED_EDGE('',*,*,#7975,.T.);
#5833=ORIENTED_EDGE('',*,*,#7976,.F.);
#5834=ORIENTED_EDGE('',*,*,#7972,.T.);
#5835=ORIENTED_EDGE('',*,*,#7977,.T.);
#5836=ORIENTED_EDGE('',*,*,#7978,.F.);
#5837=ORIENTED_EDGE('',*,*,#7975,.F.);
#5838=ORIENTED_EDGE('',*,*,#7979,.F.);
#5839=ORIENTED_EDGE('',*,*,#7980,.F.);
#5840=ORIENTED_EDGE('',*,*,#7977,.F.);
#5841=ORIENTED_EDGE('',*,*,#7971,.T.);
#5842=ORIENTED_EDGE('',*,*,#7981,.T.);
#5843=ORIENTED_EDGE('',*,*,#7982,.F.);
#5844=ORIENTED_EDGE('',*,*,#7970,.F.);
#5845=ORIENTED_EDGE('',*,*,#7983,.F.);
#5846=ORIENTED_EDGE('',*,*,#7984,.T.);
#5847=ORIENTED_EDGE('',*,*,#7969,.T.);
#5848=ORIENTED_EDGE('',*,*,#7985,.T.);
#5849=ORIENTED_EDGE('',*,*,#7986,.F.);
#5850=ORIENTED_EDGE('',*,*,#7968,.T.);
#5851=ORIENTED_EDGE('',*,*,#7987,.T.);
#5852=ORIENTED_EDGE('',*,*,#7988,.F.);
#5853=ORIENTED_EDGE('',*,*,#7985,.F.);
#5854=ORIENTED_EDGE('',*,*,#7989,.F.);
#5855=ORIENTED_EDGE('',*,*,#7990,.F.);
#5856=ORIENTED_EDGE('',*,*,#7987,.F.);
#5857=ORIENTED_EDGE('',*,*,#7967,.T.);
#5858=ORIENTED_EDGE('',*,*,#7991,.F.);
#5859=ORIENTED_EDGE('',*,*,#7992,.F.);
#5860=ORIENTED_EDGE('',*,*,#7966,.T.);
#5861=ORIENTED_EDGE('',*,*,#7993,.F.);
#5862=ORIENTED_EDGE('',*,*,#7994,.T.);
#5863=ORIENTED_EDGE('',*,*,#7976,.T.);
#5864=ORIENTED_EDGE('',*,*,#7978,.T.);
#5865=ORIENTED_EDGE('',*,*,#7980,.T.);
#5866=ORIENTED_EDGE('',*,*,#7995,.F.);
#5867=ORIENTED_EDGE('',*,*,#7986,.T.);
#5868=ORIENTED_EDGE('',*,*,#7988,.T.);
#5869=ORIENTED_EDGE('',*,*,#7990,.T.);
#5870=ORIENTED_EDGE('',*,*,#7982,.T.);
#5871=ORIENTED_EDGE('',*,*,#7996,.F.);
#5872=ORIENTED_EDGE('',*,*,#7997,.F.);
#5873=ORIENTED_EDGE('',*,*,#7979,.T.);
#5874=ORIENTED_EDGE('',*,*,#7998,.F.);
#5875=ORIENTED_EDGE('',*,*,#7999,.T.);
#5876=ORIENTED_EDGE('',*,*,#7983,.T.);
#5877=ORIENTED_EDGE('',*,*,#7984,.F.);
#5878=ORIENTED_EDGE('',*,*,#7981,.F.);
#5879=ORIENTED_EDGE('',*,*,#8000,.F.);
#5880=ORIENTED_EDGE('',*,*,#8001,.F.);
#5881=ORIENTED_EDGE('',*,*,#8002,.F.);
#5882=ORIENTED_EDGE('',*,*,#7991,.T.);
#5883=ORIENTED_EDGE('',*,*,#8003,.F.);
#5884=ORIENTED_EDGE('',*,*,#8004,.F.);
#5885=ORIENTED_EDGE('',*,*,#8005,.F.);
#5886=ORIENTED_EDGE('',*,*,#8006,.F.);
#5887=ORIENTED_EDGE('',*,*,#8007,.F.);
#5888=ORIENTED_EDGE('',*,*,#8008,.F.);
#5889=ORIENTED_EDGE('',*,*,#8009,.F.);
#5890=ORIENTED_EDGE('',*,*,#8010,.T.);
#5891=ORIENTED_EDGE('',*,*,#8011,.T.);
#5892=ORIENTED_EDGE('',*,*,#8012,.T.);
#5893=ORIENTED_EDGE('',*,*,#8013,.T.);
#5894=ORIENTED_EDGE('',*,*,#8014,.F.);
#5895=ORIENTED_EDGE('',*,*,#7998,.T.);
#5896=ORIENTED_EDGE('',*,*,#7995,.T.);
#5897=ORIENTED_EDGE('',*,*,#7997,.T.);
#5898=ORIENTED_EDGE('',*,*,#8015,.T.);
#5899=ORIENTED_EDGE('',*,*,#8016,.T.);
#5900=ORIENTED_EDGE('',*,*,#7994,.F.);
#5901=ORIENTED_EDGE('',*,*,#8017,.T.);
#5902=ORIENTED_EDGE('',*,*,#8018,.F.);
#5903=ORIENTED_EDGE('',*,*,#8019,.F.);
#5904=ORIENTED_EDGE('',*,*,#8020,.F.);
#5905=ORIENTED_EDGE('',*,*,#8003,.T.);
#5906=ORIENTED_EDGE('',*,*,#7996,.T.);
#5907=ORIENTED_EDGE('',*,*,#8002,.T.);
#5908=ORIENTED_EDGE('',*,*,#8021,.F.);
#5909=ORIENTED_EDGE('',*,*,#8022,.F.);
#5910=ORIENTED_EDGE('',*,*,#7999,.F.);
#5911=ORIENTED_EDGE('',*,*,#8023,.F.);
#5912=ORIENTED_EDGE('',*,*,#8024,.T.);
#5913=ORIENTED_EDGE('',*,*,#8000,.T.);
#5914=ORIENTED_EDGE('',*,*,#8025,.F.);
#5915=ORIENTED_EDGE('',*,*,#8026,.F.);
#5916=ORIENTED_EDGE('',*,*,#8001,.T.);
#5917=ORIENTED_EDGE('',*,*,#8027,.F.);
#5918=ORIENTED_EDGE('',*,*,#8028,.T.);
#5919=ORIENTED_EDGE('',*,*,#8009,.T.);
#5920=ORIENTED_EDGE('',*,*,#8029,.T.);
#5921=ORIENTED_EDGE('',*,*,#8030,.F.);
#5922=ORIENTED_EDGE('',*,*,#8031,.F.);
#5923=ORIENTED_EDGE('',*,*,#8032,.F.);
#5924=ORIENTED_EDGE('',*,*,#8013,.F.);
#5925=ORIENTED_EDGE('',*,*,#8033,.T.);
#5926=ORIENTED_EDGE('',*,*,#8034,.F.);
#5927=ORIENTED_EDGE('',*,*,#8033,.F.);
#5928=ORIENTED_EDGE('',*,*,#8012,.F.);
#5929=ORIENTED_EDGE('',*,*,#8035,.T.);
#5930=ORIENTED_EDGE('',*,*,#8036,.F.);
#5931=ORIENTED_EDGE('',*,*,#8035,.F.);
#5932=ORIENTED_EDGE('',*,*,#8011,.F.);
#5933=ORIENTED_EDGE('',*,*,#8037,.T.);
#5934=ORIENTED_EDGE('',*,*,#8038,.F.);
#5935=ORIENTED_EDGE('',*,*,#8037,.F.);
#5936=ORIENTED_EDGE('',*,*,#8010,.F.);
#5937=ORIENTED_EDGE('',*,*,#8032,.T.);
#5938=ORIENTED_EDGE('',*,*,#8008,.T.);
#5939=ORIENTED_EDGE('',*,*,#8039,.T.);
#5940=ORIENTED_EDGE('',*,*,#8040,.F.);
#5941=ORIENTED_EDGE('',*,*,#8029,.F.);
#5942=ORIENTED_EDGE('',*,*,#8007,.T.);
#5943=ORIENTED_EDGE('',*,*,#8041,.T.);
#5944=ORIENTED_EDGE('',*,*,#8042,.F.);
#5945=ORIENTED_EDGE('',*,*,#8039,.F.);
#5946=ORIENTED_EDGE('',*,*,#8006,.T.);
#5947=ORIENTED_EDGE('',*,*,#8043,.T.);
#5948=ORIENTED_EDGE('',*,*,#8044,.F.);
#5949=ORIENTED_EDGE('',*,*,#8041,.F.);
#5950=ORIENTED_EDGE('',*,*,#8005,.T.);
#5951=ORIENTED_EDGE('',*,*,#8045,.T.);
#5952=ORIENTED_EDGE('',*,*,#8046,.F.);
#5953=ORIENTED_EDGE('',*,*,#8043,.F.);
#5954=ORIENTED_EDGE('',*,*,#8004,.T.);
#5955=ORIENTED_EDGE('',*,*,#8020,.T.);
#5956=ORIENTED_EDGE('',*,*,#8047,.F.);
#5957=ORIENTED_EDGE('',*,*,#8045,.F.);
#5958=ORIENTED_EDGE('',*,*,#8014,.T.);
#5959=ORIENTED_EDGE('',*,*,#8022,.T.);
#5960=ORIENTED_EDGE('',*,*,#8048,.T.);
#5961=ORIENTED_EDGE('',*,*,#8023,.T.);
#5962=ORIENTED_EDGE('',*,*,#8015,.F.);
#5963=ORIENTED_EDGE('',*,*,#8030,.T.);
#5964=ORIENTED_EDGE('',*,*,#8040,.T.);
#5965=ORIENTED_EDGE('',*,*,#8042,.T.);
#5966=ORIENTED_EDGE('',*,*,#8044,.T.);
#5967=ORIENTED_EDGE('',*,*,#8046,.T.);
#5968=ORIENTED_EDGE('',*,*,#8047,.T.);
#5969=ORIENTED_EDGE('',*,*,#8019,.T.);
#5970=ORIENTED_EDGE('',*,*,#8038,.T.);
#5971=ORIENTED_EDGE('',*,*,#8031,.T.);
#5972=ORIENTED_EDGE('',*,*,#8034,.T.);
#5973=ORIENTED_EDGE('',*,*,#8036,.T.);
#5974=ORIENTED_EDGE('',*,*,#8026,.T.);
#5975=ORIENTED_EDGE('',*,*,#8049,.F.);
#5976=ORIENTED_EDGE('',*,*,#8050,.F.);
#5977=ORIENTED_EDGE('',*,*,#8021,.T.);
#5978=ORIENTED_EDGE('',*,*,#8051,.F.);
#5979=ORIENTED_EDGE('',*,*,#8052,.T.);
#5980=ORIENTED_EDGE('',*,*,#8027,.T.);
#5981=ORIENTED_EDGE('',*,*,#8024,.F.);
#5982=ORIENTED_EDGE('',*,*,#8053,.F.);
#5983=ORIENTED_EDGE('',*,*,#8054,.F.);
#5984=ORIENTED_EDGE('',*,*,#8055,.F.);
#5985=ORIENTED_EDGE('',*,*,#8056,.F.);
#5986=ORIENTED_EDGE('',*,*,#8025,.T.);
#5987=ORIENTED_EDGE('',*,*,#8057,.F.);
#5988=ORIENTED_EDGE('',*,*,#8058,.T.);
#5989=ORIENTED_EDGE('',*,*,#8059,.T.);
#5990=ORIENTED_EDGE('',*,*,#8051,.T.);
#5991=ORIENTED_EDGE('',*,*,#8048,.F.);
#5992=ORIENTED_EDGE('',*,*,#8050,.T.);
#5993=ORIENTED_EDGE('',*,*,#8060,.T.);
#5994=ORIENTED_EDGE('',*,*,#8061,.F.);
#5995=ORIENTED_EDGE('',*,*,#8049,.T.);
#5996=ORIENTED_EDGE('',*,*,#8056,.T.);
#5997=ORIENTED_EDGE('',*,*,#8062,.F.);
#5998=ORIENTED_EDGE('',*,*,#8057,.T.);
#5999=ORIENTED_EDGE('',*,*,#8052,.F.);
#6000=ORIENTED_EDGE('',*,*,#8063,.F.);
#6001=ORIENTED_EDGE('',*,*,#8064,.T.);
#6002=ORIENTED_EDGE('',*,*,#8065,.F.);
#6003=ORIENTED_EDGE('',*,*,#8066,.F.);
#6004=ORIENTED_EDGE('',*,*,#8054,.T.);
#6005=ORIENTED_EDGE('',*,*,#8067,.F.);
#6006=ORIENTED_EDGE('',*,*,#8063,.T.);
#6007=ORIENTED_EDGE('',*,*,#8059,.F.);
#6008=ORIENTED_EDGE('',*,*,#8061,.T.);
#6009=ORIENTED_EDGE('',*,*,#8068,.F.);
#6010=ORIENTED_EDGE('',*,*,#8065,.T.);
#6011=ORIENTED_EDGE('',*,*,#8069,.F.);
#6012=ORIENTED_EDGE('',*,*,#7992,.T.);
#6013=ORIENTED_EDGE('',*,*,#8028,.F.);
#6014=ORIENTED_EDGE('',*,*,#8017,.F.);
#6015=ORIENTED_EDGE('',*,*,#7989,.T.);
#6016=ORIENTED_EDGE('',*,*,#8016,.F.);
#6017=ORIENTED_EDGE('',*,*,#8018,.T.);
#6018=ORIENTED_EDGE('',*,*,#7993,.T.);
#6019=ORIENTED_EDGE('',*,*,#7974,.F.);
#6020=ORIENTED_EDGE('',*,*,#8060,.F.);
#6021=ORIENTED_EDGE('',*,*,#8055,.T.);
#6022=ORIENTED_EDGE('',*,*,#8066,.T.);
#6023=ORIENTED_EDGE('',*,*,#8068,.T.);
#6024=ORIENTED_EDGE('',*,*,#8064,.F.);
#6025=ORIENTED_EDGE('',*,*,#8053,.T.);
#6026=ORIENTED_EDGE('',*,*,#8062,.T.);
#6027=ORIENTED_EDGE('',*,*,#8067,.T.);
#6028=ORIENTED_EDGE('',*,*,#8070,.F.);
#6029=ORIENTED_EDGE('',*,*,#8071,.F.);
#6030=ORIENTED_EDGE('',*,*,#8072,.F.);
#6031=ORIENTED_EDGE('',*,*,#8070,.T.);
#6032=ORIENTED_EDGE('',*,*,#8073,.T.);
#6033=ORIENTED_EDGE('',*,*,#8074,.T.);
#6034=ORIENTED_EDGE('',*,*,#8075,.T.);
#6035=ORIENTED_EDGE('',*,*,#8073,.F.);
#6036=ORIENTED_EDGE('',*,*,#8058,.F.);
#6037=ORIENTED_EDGE('',*,*,#8072,.T.);
#6038=ORIENTED_EDGE('',*,*,#8069,.T.);
#6039=ORIENTED_EDGE('',*,*,#8075,.F.);
#6040=ORIENTED_EDGE('',*,*,#8076,.F.);
#6041=ORIENTED_EDGE('',*,*,#8076,.T.);
#6042=ORIENTED_EDGE('',*,*,#8077,.F.);
#6043=ORIENTED_EDGE('',*,*,#8078,.T.);
#6044=ORIENTED_EDGE('',*,*,#8078,.F.);
#6045=ORIENTED_EDGE('',*,*,#8079,.T.);
#6046=ORIENTED_EDGE('',*,*,#8077,.T.);
#6047=ORIENTED_EDGE('',*,*,#8074,.F.);
#6048=ORIENTED_EDGE('',*,*,#8079,.F.);
#6049=ORIENTED_EDGE('',*,*,#8071,.T.);
#6050=ORIENTED_EDGE('',*,*,#8080,.F.);
#6051=ORIENTED_EDGE('',*,*,#8081,.T.);
#6052=ORIENTED_EDGE('',*,*,#8082,.F.);
#6053=ORIENTED_EDGE('',*,*,#8083,.F.);
#6054=ORIENTED_EDGE('',*,*,#8084,.F.);
#6055=ORIENTED_EDGE('',*,*,#8085,.F.);
#6056=ORIENTED_EDGE('',*,*,#8086,.T.);
#6057=ORIENTED_EDGE('',*,*,#8087,.F.);
#6058=ORIENTED_EDGE('',*,*,#8088,.F.);
#6059=ORIENTED_EDGE('',*,*,#8089,.T.);
#6060=ORIENTED_EDGE('',*,*,#8090,.F.);
#6061=ORIENTED_EDGE('',*,*,#8091,.T.);
#6062=ORIENTED_EDGE('',*,*,#8092,.T.);
#6063=ORIENTED_EDGE('',*,*,#8093,.T.);
#6064=ORIENTED_EDGE('',*,*,#8094,.F.);
#6065=ORIENTED_EDGE('',*,*,#8095,.F.);
#6066=ORIENTED_EDGE('',*,*,#8096,.T.);
#6067=ORIENTED_EDGE('',*,*,#8097,.F.);
#6068=ORIENTED_EDGE('',*,*,#8098,.F.);
#6069=ORIENTED_EDGE('',*,*,#8099,.F.);
#6070=ORIENTED_EDGE('',*,*,#8100,.F.);
#6071=ORIENTED_EDGE('',*,*,#8101,.F.);
#6072=ORIENTED_EDGE('',*,*,#8102,.F.);
#6073=ORIENTED_EDGE('',*,*,#8103,.F.);
#6074=ORIENTED_EDGE('',*,*,#8104,.T.);
#6075=ORIENTED_EDGE('',*,*,#8105,.F.);
#6076=ORIENTED_EDGE('',*,*,#8106,.F.);
#6077=ORIENTED_EDGE('',*,*,#8107,.F.);
#6078=ORIENTED_EDGE('',*,*,#8108,.T.);
#6079=ORIENTED_EDGE('',*,*,#8109,.T.);
#6080=ORIENTED_EDGE('',*,*,#8110,.F.);
#6081=ORIENTED_EDGE('',*,*,#8111,.F.);
#6082=ORIENTED_EDGE('',*,*,#8112,.F.);
#6083=ORIENTED_EDGE('',*,*,#8113,.F.);
#6084=ORIENTED_EDGE('',*,*,#8114,.F.);
#6085=ORIENTED_EDGE('',*,*,#8115,.F.);
#6086=ORIENTED_EDGE('',*,*,#8116,.F.);
#6087=ORIENTED_EDGE('',*,*,#8117,.T.);
#6088=ORIENTED_EDGE('',*,*,#8118,.F.);
#6089=ORIENTED_EDGE('',*,*,#8119,.F.);
#6090=ORIENTED_EDGE('',*,*,#8120,.F.);
#6091=ORIENTED_EDGE('',*,*,#8121,.F.);
#6092=ORIENTED_EDGE('',*,*,#8122,.F.);
#6093=ORIENTED_EDGE('',*,*,#8123,.F.);
#6094=ORIENTED_EDGE('',*,*,#8124,.F.);
#6095=ORIENTED_EDGE('',*,*,#8125,.F.);
#6096=ORIENTED_EDGE('',*,*,#8126,.F.);
#6097=ORIENTED_EDGE('',*,*,#8127,.F.);
#6098=ORIENTED_EDGE('',*,*,#8128,.F.);
#6099=ORIENTED_EDGE('',*,*,#8129,.T.);
#6100=ORIENTED_EDGE('',*,*,#8130,.T.);
#6101=ORIENTED_EDGE('',*,*,#8131,.T.);
#6102=ORIENTED_EDGE('',*,*,#8132,.F.);
#6103=ORIENTED_EDGE('',*,*,#8133,.T.);
#6104=ORIENTED_EDGE('',*,*,#8134,.F.);
#6105=ORIENTED_EDGE('',*,*,#8135,.F.);
#6106=ORIENTED_EDGE('',*,*,#8136,.F.);
#6107=ORIENTED_EDGE('',*,*,#8137,.F.);
#6108=ORIENTED_EDGE('',*,*,#8138,.F.);
#6109=ORIENTED_EDGE('',*,*,#8139,.F.);
#6110=ORIENTED_EDGE('',*,*,#8140,.F.);
#6111=ORIENTED_EDGE('',*,*,#8141,.T.);
#6112=ORIENTED_EDGE('',*,*,#8142,.T.);
#6113=ORIENTED_EDGE('',*,*,#8143,.T.);
#6114=ORIENTED_EDGE('',*,*,#8144,.T.);
#6115=ORIENTED_EDGE('',*,*,#8145,.F.);
#6116=ORIENTED_EDGE('',*,*,#8146,.F.);
#6117=ORIENTED_EDGE('',*,*,#8147,.F.);
#6118=ORIENTED_EDGE('',*,*,#8148,.T.);
#6119=ORIENTED_EDGE('',*,*,#8149,.T.);
#6120=ORIENTED_EDGE('',*,*,#8150,.F.);
#6121=ORIENTED_EDGE('',*,*,#8151,.F.);
#6122=ORIENTED_EDGE('',*,*,#8152,.F.);
#6123=ORIENTED_EDGE('',*,*,#8153,.F.);
#6124=ORIENTED_EDGE('',*,*,#8154,.F.);
#6125=ORIENTED_EDGE('',*,*,#8155,.F.);
#6126=ORIENTED_EDGE('',*,*,#8156,.F.);
#6127=ORIENTED_EDGE('',*,*,#8157,.F.);
#6128=ORIENTED_EDGE('',*,*,#8158,.F.);
#6129=ORIENTED_EDGE('',*,*,#8159,.F.);
#6130=ORIENTED_EDGE('',*,*,#8160,.F.);
#6131=ORIENTED_EDGE('',*,*,#8161,.T.);
#6132=ORIENTED_EDGE('',*,*,#8162,.T.);
#6133=ORIENTED_EDGE('',*,*,#8163,.T.);
#6134=ORIENTED_EDGE('',*,*,#8164,.F.);
#6135=ORIENTED_EDGE('',*,*,#8165,.F.);
#6136=ORIENTED_EDGE('',*,*,#8166,.T.);
#6137=ORIENTED_EDGE('',*,*,#8167,.F.);
#6138=ORIENTED_EDGE('',*,*,#8168,.F.);
#6139=ORIENTED_EDGE('',*,*,#8169,.F.);
#6140=ORIENTED_EDGE('',*,*,#8170,.T.);
#6141=ORIENTED_EDGE('',*,*,#8171,.F.);
#6142=ORIENTED_EDGE('',*,*,#8172,.F.);
#6143=ORIENTED_EDGE('',*,*,#8173,.F.);
#6144=ORIENTED_EDGE('',*,*,#8174,.F.);
#6145=ORIENTED_EDGE('',*,*,#8175,.T.);
#6146=ORIENTED_EDGE('',*,*,#8176,.F.);
#6147=ORIENTED_EDGE('',*,*,#8177,.F.);
#6148=ORIENTED_EDGE('',*,*,#8178,.T.);
#6149=ORIENTED_EDGE('',*,*,#8179,.F.);
#6150=ORIENTED_EDGE('',*,*,#8180,.F.);
#6151=ORIENTED_EDGE('',*,*,#8181,.F.);
#6152=ORIENTED_EDGE('',*,*,#8182,.F.);
#6153=ORIENTED_EDGE('',*,*,#8183,.F.);
#6154=ORIENTED_EDGE('',*,*,#8184,.F.);
#6155=ORIENTED_EDGE('',*,*,#8185,.F.);
#6156=ORIENTED_EDGE('',*,*,#8186,.T.);
#6157=ORIENTED_EDGE('',*,*,#8187,.T.);
#6158=ORIENTED_EDGE('',*,*,#8188,.T.);
#6159=ORIENTED_EDGE('',*,*,#8189,.F.);
#6160=ORIENTED_EDGE('',*,*,#8190,.F.);
#6161=ORIENTED_EDGE('',*,*,#8191,.T.);
#6162=ORIENTED_EDGE('',*,*,#8192,.T.);
#6163=ORIENTED_EDGE('',*,*,#8193,.F.);
#6164=ORIENTED_EDGE('',*,*,#8194,.F.);
#6165=ORIENTED_EDGE('',*,*,#8195,.F.);
#6166=ORIENTED_EDGE('',*,*,#8196,.T.);
#6167=ORIENTED_EDGE('',*,*,#8197,.T.);
#6168=ORIENTED_EDGE('',*,*,#8198,.F.);
#6169=ORIENTED_EDGE('',*,*,#8199,.F.);
#6170=ORIENTED_EDGE('',*,*,#8200,.T.);
#6171=ORIENTED_EDGE('',*,*,#8201,.F.);
#6172=ORIENTED_EDGE('',*,*,#8202,.F.);
#6173=ORIENTED_EDGE('',*,*,#8203,.F.);
#6174=ORIENTED_EDGE('',*,*,#8204,.F.);
#6175=ORIENTED_EDGE('',*,*,#8205,.T.);
#6176=ORIENTED_EDGE('',*,*,#8206,.F.);
#6177=ORIENTED_EDGE('',*,*,#8207,.F.);
#6178=ORIENTED_EDGE('',*,*,#8208,.T.);
#6179=ORIENTED_EDGE('',*,*,#8209,.F.);
#6180=ORIENTED_EDGE('',*,*,#8210,.F.);
#6181=ORIENTED_EDGE('',*,*,#8211,.F.);
#6182=ORIENTED_EDGE('',*,*,#8212,.T.);
#6183=ORIENTED_EDGE('',*,*,#8213,.T.);
#6184=ORIENTED_EDGE('',*,*,#8214,.F.);
#6185=ORIENTED_EDGE('',*,*,#8215,.F.);
#6186=ORIENTED_EDGE('',*,*,#8216,.T.);
#6187=ORIENTED_EDGE('',*,*,#8217,.F.);
#6188=ORIENTED_EDGE('',*,*,#8218,.F.);
#6189=ORIENTED_EDGE('',*,*,#8219,.F.);
#6190=ORIENTED_EDGE('',*,*,#8220,.T.);
#6191=ORIENTED_EDGE('',*,*,#8205,.F.);
#6192=ORIENTED_EDGE('',*,*,#8221,.F.);
#6193=ORIENTED_EDGE('',*,*,#8222,.T.);
#6194=ORIENTED_EDGE('',*,*,#8223,.T.);
#6195=ORIENTED_EDGE('',*,*,#8224,.F.);
#6196=ORIENTED_EDGE('',*,*,#8225,.F.);
#6197=ORIENTED_EDGE('',*,*,#8217,.T.);
#6198=ORIENTED_EDGE('',*,*,#8226,.T.);
#6199=ORIENTED_EDGE('',*,*,#8193,.T.);
#6200=ORIENTED_EDGE('',*,*,#8227,.F.);
#6201=ORIENTED_EDGE('',*,*,#8187,.F.);
#6202=ORIENTED_EDGE('',*,*,#8228,.T.);
#6203=ORIENTED_EDGE('',*,*,#8213,.F.);
#6204=ORIENTED_EDGE('',*,*,#8229,.F.);
#6205=ORIENTED_EDGE('',*,*,#8179,.T.);
#6206=ORIENTED_EDGE('',*,*,#8230,.T.);
#6207=ORIENTED_EDGE('',*,*,#8163,.F.);
#6208=ORIENTED_EDGE('',*,*,#8231,.F.);
#6209=ORIENTED_EDGE('',*,*,#8209,.T.);
#6210=ORIENTED_EDGE('',*,*,#8232,.T.);
#6211=ORIENTED_EDGE('',*,*,#8233,.T.);
#6212=ORIENTED_EDGE('',*,*,#8234,.F.);
#6213=ORIENTED_EDGE('',*,*,#8197,.F.);
#6214=ORIENTED_EDGE('',*,*,#8235,.T.);
#6215=ORIENTED_EDGE('',*,*,#8183,.T.);
#6216=ORIENTED_EDGE('',*,*,#8236,.F.);
#6217=ORIENTED_EDGE('',*,*,#8237,.F.);
#6218=ORIENTED_EDGE('',*,*,#8238,.T.);
#6219=ORIENTED_EDGE('',*,*,#8175,.F.);
#6220=ORIENTED_EDGE('',*,*,#8239,.F.);
#6221=ORIENTED_EDGE('',*,*,#8240,.T.);
#6222=ORIENTED_EDGE('',*,*,#8241,.T.);
#6223=ORIENTED_EDGE('',*,*,#8242,.F.);
#6224=ORIENTED_EDGE('',*,*,#8243,.F.);
#6225=ORIENTED_EDGE('',*,*,#8167,.T.);
#6226=ORIENTED_EDGE('',*,*,#8244,.T.);
#6227=ORIENTED_EDGE('',*,*,#8222,.F.);
#6228=ORIENTED_EDGE('',*,*,#8245,.F.);
#6229=ORIENTED_EDGE('',*,*,#8246,.F.);
#6230=ORIENTED_EDGE('',*,*,#8247,.T.);
#6231=ORIENTED_EDGE('',*,*,#8248,.F.);
#6232=ORIENTED_EDGE('',*,*,#8249,.F.);
#6233=ORIENTED_EDGE('',*,*,#8242,.T.);
#6234=ORIENTED_EDGE('',*,*,#8250,.T.);
#6235=ORIENTED_EDGE('',*,*,#8251,.F.);
#6236=ORIENTED_EDGE('',*,*,#8252,.F.);
#6237=ORIENTED_EDGE('',*,*,#8253,.F.);
#6238=ORIENTED_EDGE('',*,*,#8254,.T.);
#6239=ORIENTED_EDGE('',*,*,#8255,.F.);
#6240=ORIENTED_EDGE('',*,*,#8256,.F.);
#6241=ORIENTED_EDGE('',*,*,#8257,.T.);
#6242=ORIENTED_EDGE('',*,*,#8258,.T.);
#6243=ORIENTED_EDGE('',*,*,#8240,.F.);
#6244=ORIENTED_EDGE('',*,*,#8259,.F.);
#6245=ORIENTED_EDGE('',*,*,#8260,.F.);
#6246=ORIENTED_EDGE('',*,*,#8261,.T.);
#6247=ORIENTED_EDGE('',*,*,#8262,.F.);
#6248=ORIENTED_EDGE('',*,*,#8263,.F.);
#6249=ORIENTED_EDGE('',*,*,#8224,.T.);
#6250=ORIENTED_EDGE('',*,*,#8264,.T.);
#6251=ORIENTED_EDGE('',*,*,#8265,.T.);
#6252=ORIENTED_EDGE('',*,*,#8266,.F.);
#6253=ORIENTED_EDGE('',*,*,#8267,.F.);
#6254=ORIENTED_EDGE('',*,*,#8268,.T.);
#6255=ORIENTED_EDGE('',*,*,#8269,.F.);
#6256=ORIENTED_EDGE('',*,*,#8270,.F.);
#6257=ORIENTED_EDGE('',*,*,#8271,.F.);
#6258=ORIENTED_EDGE('',*,*,#8272,.T.);
#6259=ORIENTED_EDGE('',*,*,#8237,.T.);
#6260=ORIENTED_EDGE('',*,*,#8273,.F.);
#6261=ORIENTED_EDGE('',*,*,#8274,.F.);
#6262=ORIENTED_EDGE('',*,*,#8275,.T.);
#6263=ORIENTED_EDGE('',*,*,#8276,.F.);
#6264=ORIENTED_EDGE('',*,*,#8277,.F.);
#6265=ORIENTED_EDGE('',*,*,#8233,.F.);
#6266=ORIENTED_EDGE('',*,*,#8278,.T.);
#6267=ORIENTED_EDGE('',*,*,#8279,.T.);
#6268=ORIENTED_EDGE('',*,*,#8280,.F.);
#6269=ORIENTED_EDGE('',*,*,#8281,.F.);
#6270=ORIENTED_EDGE('',*,*,#8282,.T.);
#6271=ORIENTED_EDGE('',*,*,#8283,.F.);
#6272=ORIENTED_EDGE('',*,*,#8284,.F.);
#6273=ORIENTED_EDGE('',*,*,#8285,.F.);
#6274=ORIENTED_EDGE('',*,*,#8286,.T.);
#6275=ORIENTED_EDGE('',*,*,#8285,.T.);
#6276=ORIENTED_EDGE('',*,*,#8287,.F.);
#6277=ORIENTED_EDGE('',*,*,#8149,.F.);
#6278=ORIENTED_EDGE('',*,*,#8288,.T.);
#6279=ORIENTED_EDGE('',*,*,#8145,.T.);
#6280=ORIENTED_EDGE('',*,*,#8289,.F.);
#6281=ORIENTED_EDGE('',*,*,#8142,.F.);
#6282=ORIENTED_EDGE('',*,*,#8290,.T.);
#6283=ORIENTED_EDGE('',*,*,#8138,.T.);
#6284=ORIENTED_EDGE('',*,*,#8291,.F.);
#6285=ORIENTED_EDGE('',*,*,#8279,.F.);
#6286=ORIENTED_EDGE('',*,*,#8292,.F.);
#6287=ORIENTED_EDGE('',*,*,#8136,.T.);
#6288=ORIENTED_EDGE('',*,*,#8293,.T.);
#6289=ORIENTED_EDGE('',*,*,#8199,.T.);
#6290=ORIENTED_EDGE('',*,*,#8294,.T.);
#6291=ORIENTED_EDGE('',*,*,#8126,.T.);
#6292=ORIENTED_EDGE('',*,*,#8295,.F.);
#6293=ORIENTED_EDGE('',*,*,#8265,.F.);
#6294=ORIENTED_EDGE('',*,*,#8296,.T.);
#6295=ORIENTED_EDGE('',*,*,#8271,.T.);
#6296=ORIENTED_EDGE('',*,*,#8297,.F.);
#6297=ORIENTED_EDGE('',*,*,#8109,.F.);
#6298=ORIENTED_EDGE('',*,*,#8298,.T.);
#6299=ORIENTED_EDGE('',*,*,#8105,.T.);
#6300=ORIENTED_EDGE('',*,*,#8299,.F.);
#6301=ORIENTED_EDGE('',*,*,#8130,.F.);
#6302=ORIENTED_EDGE('',*,*,#8300,.T.);
#6303=ORIENTED_EDGE('',*,*,#8257,.F.);
#6304=ORIENTED_EDGE('',*,*,#8301,.F.);
#6305=ORIENTED_EDGE('',*,*,#8097,.T.);
#6306=ORIENTED_EDGE('',*,*,#8302,.T.);
#6307=ORIENTED_EDGE('',*,*,#8093,.F.);
#6308=ORIENTED_EDGE('',*,*,#8303,.F.);
#6309=ORIENTED_EDGE('',*,*,#8090,.T.);
#6310=ORIENTED_EDGE('',*,*,#8304,.T.);
#6311=ORIENTED_EDGE('',*,*,#8086,.F.);
#6312=ORIENTED_EDGE('',*,*,#8305,.F.);
#6313=ORIENTED_EDGE('',*,*,#8251,.T.);
#6314=ORIENTED_EDGE('',*,*,#8084,.T.);
#6315=ORIENTED_EDGE('',*,*,#8306,.T.);
#6316=ORIENTED_EDGE('',*,*,#8169,.T.);
#6317=ORIENTED_EDGE('',*,*,#8307,.T.);
#6318=ORIENTED_EDGE('',*,*,#8308,.T.);
#6319=ORIENTED_EDGE('',*,*,#8215,.T.);
#6320=ORIENTED_EDGE('',*,*,#8309,.T.);
#6321=ORIENTED_EDGE('',*,*,#8177,.T.);
#6322=ORIENTED_EDGE('',*,*,#8310,.T.);
#6323=ORIENTED_EDGE('',*,*,#8260,.T.);
#6324=ORIENTED_EDGE('',*,*,#8311,.T.);
#6325=ORIENTED_EDGE('',*,*,#8255,.T.);
#6326=ORIENTED_EDGE('',*,*,#8312,.T.);
#6327=ORIENTED_EDGE('',*,*,#8095,.T.);
#6328=ORIENTED_EDGE('',*,*,#8313,.T.);
#6329=ORIENTED_EDGE('',*,*,#8088,.T.);
#6330=ORIENTED_EDGE('',*,*,#8314,.T.);
#6331=ORIENTED_EDGE('',*,*,#8253,.T.);
#6332=ORIENTED_EDGE('',*,*,#8315,.T.);
#6333=ORIENTED_EDGE('',*,*,#8248,.T.);
#6334=ORIENTED_EDGE('',*,*,#8316,.T.);
#6335=ORIENTED_EDGE('',*,*,#8165,.T.);
#6336=ORIENTED_EDGE('',*,*,#8317,.T.);
#6337=ORIENTED_EDGE('',*,*,#8207,.T.);
#6338=ORIENTED_EDGE('',*,*,#8318,.T.);
#6339=ORIENTED_EDGE('',*,*,#8246,.T.);
#6340=ORIENTED_EDGE('',*,*,#8319,.T.);
#6341=ORIENTED_EDGE('',*,*,#8320,.F.);
#6342=ORIENTED_EDGE('',*,*,#8321,.T.);
#6343=ORIENTED_EDGE('',*,*,#8322,.T.);
#6344=ORIENTED_EDGE('',*,*,#8323,.T.);
#6345=ORIENTED_EDGE('',*,*,#8324,.T.);
#6346=ORIENTED_EDGE('',*,*,#8325,.T.);
#6347=ORIENTED_EDGE('',*,*,#8326,.F.);
#6348=ORIENTED_EDGE('',*,*,#8327,.F.);
#6349=ORIENTED_EDGE('',*,*,#8283,.T.);
#6350=ORIENTED_EDGE('',*,*,#8328,.T.);
#6351=ORIENTED_EDGE('',*,*,#8147,.T.);
#6352=ORIENTED_EDGE('',*,*,#8329,.T.);
#6353=ORIENTED_EDGE('',*,*,#8140,.T.);
#6354=ORIENTED_EDGE('',*,*,#8330,.T.);
#6355=ORIENTED_EDGE('',*,*,#8281,.T.);
#6356=ORIENTED_EDGE('',*,*,#8331,.F.);
#6357=ORIENTED_EDGE('',*,*,#8276,.T.);
#6358=ORIENTED_EDGE('',*,*,#8332,.T.);
#6359=ORIENTED_EDGE('',*,*,#8195,.T.);
#6360=ORIENTED_EDGE('',*,*,#8333,.T.);
#6361=ORIENTED_EDGE('',*,*,#8185,.T.);
#6362=ORIENTED_EDGE('',*,*,#8334,.T.);
#6363=ORIENTED_EDGE('',*,*,#8274,.T.);
#6364=ORIENTED_EDGE('',*,*,#8335,.F.);
#6365=ORIENTED_EDGE('',*,*,#8269,.T.);
#6366=ORIENTED_EDGE('',*,*,#8336,.T.);
#6367=ORIENTED_EDGE('',*,*,#8107,.T.);
#6368=ORIENTED_EDGE('',*,*,#8337,.T.);
#6369=ORIENTED_EDGE('',*,*,#8128,.T.);
#6370=ORIENTED_EDGE('',*,*,#8338,.T.);
#6371=ORIENTED_EDGE('',*,*,#8267,.T.);
#6372=ORIENTED_EDGE('',*,*,#8339,.F.);
#6373=ORIENTED_EDGE('',*,*,#8340,.F.);
#6374=ORIENTED_EDGE('',*,*,#8341,.F.);
#6375=ORIENTED_EDGE('',*,*,#8342,.T.);
#6376=ORIENTED_EDGE('',*,*,#8343,.T.);
#6377=ORIENTED_EDGE('',*,*,#8344,.T.);
#6378=ORIENTED_EDGE('',*,*,#8345,.F.);
#6379=ORIENTED_EDGE('',*,*,#8346,.F.);
#6380=ORIENTED_EDGE('',*,*,#8347,.T.);
#6381=ORIENTED_EDGE('',*,*,#8262,.T.);
#6382=ORIENTED_EDGE('',*,*,#8348,.F.);
#6383=ORIENTED_EDGE('',*,*,#8349,.T.);
#6384=ORIENTED_EDGE('',*,*,#8350,.T.);
#6385=ORIENTED_EDGE('',*,*,#8351,.T.);
#6386=ORIENTED_EDGE('',*,*,#8352,.T.);
#6387=ORIENTED_EDGE('',*,*,#8353,.T.);
#6388=ORIENTED_EDGE('',*,*,#8132,.T.);
#6389=ORIENTED_EDGE('',*,*,#8354,.T.);
#6390=ORIENTED_EDGE('',*,*,#8159,.T.);
#6391=ORIENTED_EDGE('',*,*,#8103,.T.);
#6392=ORIENTED_EDGE('',*,*,#8355,.T.);
#6393=ORIENTED_EDGE('',*,*,#8080,.T.);
#6394=ORIENTED_EDGE('',*,*,#8356,.T.);
#6395=ORIENTED_EDGE('',*,*,#8357,.T.);
#6396=ORIENTED_EDGE('',*,*,#8116,.T.);
#6397=ORIENTED_EDGE('',*,*,#8358,.T.);
#6398=ORIENTED_EDGE('',*,*,#8115,.T.);
#6399=ORIENTED_EDGE('',*,*,#8328,.F.);
#6400=ORIENTED_EDGE('',*,*,#8282,.F.);
#6401=ORIENTED_EDGE('',*,*,#8286,.F.);
#6402=ORIENTED_EDGE('',*,*,#8148,.F.);
#6403=ORIENTED_EDGE('',*,*,#8330,.F.);
#6404=ORIENTED_EDGE('',*,*,#8139,.T.);
#6405=ORIENTED_EDGE('',*,*,#8290,.F.);
#6406=ORIENTED_EDGE('',*,*,#8278,.F.);
#6407=ORIENTED_EDGE('',*,*,#8329,.F.);
#6408=ORIENTED_EDGE('',*,*,#8146,.T.);
#6409=ORIENTED_EDGE('',*,*,#8288,.F.);
#6410=ORIENTED_EDGE('',*,*,#8141,.F.);
#6411=ORIENTED_EDGE('',*,*,#8332,.F.);
#6412=ORIENTED_EDGE('',*,*,#8275,.F.);
#6413=ORIENTED_EDGE('',*,*,#8232,.F.);
#6414=ORIENTED_EDGE('',*,*,#8196,.F.);
#6415=ORIENTED_EDGE('',*,*,#8334,.F.);
#6416=ORIENTED_EDGE('',*,*,#8184,.T.);
#6417=ORIENTED_EDGE('',*,*,#8235,.F.);
#6418=ORIENTED_EDGE('',*,*,#8272,.F.);
#6419=ORIENTED_EDGE('',*,*,#8333,.F.);
#6420=ORIENTED_EDGE('',*,*,#8194,.T.);
#6421=ORIENTED_EDGE('',*,*,#8226,.F.);
#6422=ORIENTED_EDGE('',*,*,#8186,.F.);
#6423=ORIENTED_EDGE('',*,*,#8336,.F.);
#6424=ORIENTED_EDGE('',*,*,#8268,.F.);
#6425=ORIENTED_EDGE('',*,*,#8296,.F.);
#6426=ORIENTED_EDGE('',*,*,#8108,.F.);
#6427=ORIENTED_EDGE('',*,*,#8338,.F.);
#6428=ORIENTED_EDGE('',*,*,#8127,.T.);
#6429=ORIENTED_EDGE('',*,*,#8294,.F.);
#6430=ORIENTED_EDGE('',*,*,#8264,.F.);
#6431=ORIENTED_EDGE('',*,*,#8337,.F.);
#6432=ORIENTED_EDGE('',*,*,#8106,.T.);
#6433=ORIENTED_EDGE('',*,*,#8298,.F.);
#6434=ORIENTED_EDGE('',*,*,#8129,.F.);
#6435=ORIENTED_EDGE('',*,*,#8317,.F.);
#6436=ORIENTED_EDGE('',*,*,#8164,.T.);
#6437=ORIENTED_EDGE('',*,*,#8230,.F.);
#6438=ORIENTED_EDGE('',*,*,#8208,.F.);
#6439=ORIENTED_EDGE('',*,*,#8316,.F.);
#6440=ORIENTED_EDGE('',*,*,#8247,.F.);
#6441=ORIENTED_EDGE('',*,*,#8241,.F.);
#6442=ORIENTED_EDGE('',*,*,#8166,.F.);
#6443=ORIENTED_EDGE('',*,*,#8318,.F.);
#6444=ORIENTED_EDGE('',*,*,#8206,.T.);
#6445=ORIENTED_EDGE('',*,*,#8220,.F.);
#6446=ORIENTED_EDGE('',*,*,#8244,.F.);
#6447=ORIENTED_EDGE('',*,*,#8313,.F.);
#6448=ORIENTED_EDGE('',*,*,#8094,.T.);
#6449=ORIENTED_EDGE('',*,*,#8302,.F.);
#6450=ORIENTED_EDGE('',*,*,#8089,.F.);
#6451=ORIENTED_EDGE('',*,*,#8312,.F.);
#6452=ORIENTED_EDGE('',*,*,#8254,.F.);
#6453=ORIENTED_EDGE('',*,*,#8300,.F.);
#6454=ORIENTED_EDGE('',*,*,#8096,.F.);
#6455=ORIENTED_EDGE('',*,*,#8314,.F.);
#6456=ORIENTED_EDGE('',*,*,#8087,.T.);
#6457=ORIENTED_EDGE('',*,*,#8304,.F.);
#6458=ORIENTED_EDGE('',*,*,#8250,.F.);
#6459=ORIENTED_EDGE('',*,*,#8309,.F.);
#6460=ORIENTED_EDGE('',*,*,#8214,.T.);
#6461=ORIENTED_EDGE('',*,*,#8228,.F.);
#6462=ORIENTED_EDGE('',*,*,#8178,.F.);
#6463=ORIENTED_EDGE('',*,*,#8308,.F.);
#6464=ORIENTED_EDGE('',*,*,#8261,.F.);
#6465=ORIENTED_EDGE('',*,*,#8223,.F.);
#6466=ORIENTED_EDGE('',*,*,#8216,.F.);
#6467=ORIENTED_EDGE('',*,*,#8310,.F.);
#6468=ORIENTED_EDGE('',*,*,#8176,.T.);
#6469=ORIENTED_EDGE('',*,*,#8238,.F.);
#6470=ORIENTED_EDGE('',*,*,#8258,.F.);
#6471=ORIENTED_EDGE('',*,*,#8293,.F.);
#6472=ORIENTED_EDGE('',*,*,#8135,.T.);
#6473=ORIENTED_EDGE('',*,*,#8359,.F.);
#6474=ORIENTED_EDGE('',*,*,#8360,.F.);
#6475=ORIENTED_EDGE('',*,*,#8361,.F.);
#6476=ORIENTED_EDGE('',*,*,#8081,.F.);
#6477=ORIENTED_EDGE('',*,*,#8355,.F.);
#6478=ORIENTED_EDGE('',*,*,#8102,.T.);
#6479=ORIENTED_EDGE('',*,*,#8362,.F.);
#6480=ORIENTED_EDGE('',*,*,#8363,.F.);
#6481=ORIENTED_EDGE('',*,*,#8364,.F.);
#6482=ORIENTED_EDGE('',*,*,#8112,.T.);
#6483=ORIENTED_EDGE('',*,*,#8365,.F.);
#6484=ORIENTED_EDGE('',*,*,#8180,.T.);
#6485=ORIENTED_EDGE('',*,*,#8366,.T.);
#6486=ORIENTED_EDGE('',*,*,#8367,.T.);
#6487=ORIENTED_EDGE('',*,*,#8368,.T.);
#6488=ORIENTED_EDGE('',*,*,#8190,.T.);
#6489=ORIENTED_EDGE('',*,*,#8082,.T.);
#6490=ORIENTED_EDGE('',*,*,#8361,.T.);
#6491=ORIENTED_EDGE('',*,*,#8369,.T.);
#6492=ORIENTED_EDGE('',*,*,#8370,.T.);
#6493=ORIENTED_EDGE('',*,*,#8371,.T.);
#6494=ORIENTED_EDGE('',*,*,#8372,.T.);
#6495=ORIENTED_EDGE('',*,*,#8373,.T.);
#6496=ORIENTED_EDGE('',*,*,#8374,.T.);
#6497=ORIENTED_EDGE('',*,*,#8375,.F.);
#6498=ORIENTED_EDGE('',*,*,#8083,.T.);
#6499=ORIENTED_EDGE('',*,*,#8375,.T.);
#6500=ORIENTED_EDGE('',*,*,#8376,.T.);
#6501=ORIENTED_EDGE('',*,*,#8377,.T.);
#6502=ORIENTED_EDGE('',*,*,#8378,.T.);
#6503=ORIENTED_EDGE('',*,*,#8379,.T.);
#6504=ORIENTED_EDGE('',*,*,#8380,.T.);
#6505=ORIENTED_EDGE('',*,*,#8381,.T.);
#6506=ORIENTED_EDGE('',*,*,#8133,.F.);
#6507=ORIENTED_EDGE('',*,*,#8353,.F.);
#6508=ORIENTED_EDGE('',*,*,#8158,.T.);
#6509=ORIENTED_EDGE('',*,*,#8382,.T.);
#6510=ORIENTED_EDGE('',*,*,#8383,.T.);
#6511=ORIENTED_EDGE('',*,*,#8384,.T.);
#6512=ORIENTED_EDGE('',*,*,#8385,.T.);
#6513=ORIENTED_EDGE('',*,*,#8386,.T.);
#6514=ORIENTED_EDGE('',*,*,#8387,.T.);
#6515=ORIENTED_EDGE('',*,*,#8160,.T.);
#6516=ORIENTED_EDGE('',*,*,#8306,.F.);
#6517=ORIENTED_EDGE('',*,*,#8168,.T.);
#6518=ORIENTED_EDGE('',*,*,#8243,.T.);
#6519=ORIENTED_EDGE('',*,*,#8249,.T.);
#6520=ORIENTED_EDGE('',*,*,#8315,.F.);
#6521=ORIENTED_EDGE('',*,*,#8252,.T.);
#6522=ORIENTED_EDGE('',*,*,#8305,.T.);
#6523=ORIENTED_EDGE('',*,*,#8085,.T.);
#6524=ORIENTED_EDGE('',*,*,#8307,.F.);
#6525=ORIENTED_EDGE('',*,*,#8303,.T.);
#6526=ORIENTED_EDGE('',*,*,#8092,.F.);
#6527=ORIENTED_EDGE('',*,*,#8356,.F.);
#6528=ORIENTED_EDGE('',*,*,#8091,.F.);
#6529=ORIENTED_EDGE('',*,*,#8239,.T.);
#6530=ORIENTED_EDGE('',*,*,#8174,.T.);
#6531=ORIENTED_EDGE('',*,*,#8388,.F.);
#6532=ORIENTED_EDGE('',*,*,#8098,.T.);
#6533=ORIENTED_EDGE('',*,*,#8301,.T.);
#6534=ORIENTED_EDGE('',*,*,#8256,.T.);
#6535=ORIENTED_EDGE('',*,*,#8311,.F.);
#6536=ORIENTED_EDGE('',*,*,#8259,.T.);
#6537=ORIENTED_EDGE('',*,*,#8389,.T.);
#6538=ORIENTED_EDGE('',*,*,#8099,.T.);
#6539=ORIENTED_EDGE('',*,*,#8388,.T.);
#6540=ORIENTED_EDGE('',*,*,#8173,.T.);
#6541=ORIENTED_EDGE('',*,*,#8172,.T.);
#6542=ORIENTED_EDGE('',*,*,#8390,.T.);
#6543=ORIENTED_EDGE('',*,*,#8391,.T.);
#6544=ORIENTED_EDGE('',*,*,#8392,.T.);
#6545=ORIENTED_EDGE('',*,*,#8393,.T.);
#6546=ORIENTED_EDGE('',*,*,#8394,.T.);
#6547=ORIENTED_EDGE('',*,*,#8395,.T.);
#6548=ORIENTED_EDGE('',*,*,#8117,.F.);
#6549=ORIENTED_EDGE('',*,*,#8357,.F.);
#6550=ORIENTED_EDGE('',*,*,#8114,.T.);
#6551=ORIENTED_EDGE('',*,*,#8396,.T.);
#6552=ORIENTED_EDGE('',*,*,#8397,.T.);
#6553=ORIENTED_EDGE('',*,*,#8398,.T.);
#6554=ORIENTED_EDGE('',*,*,#8100,.T.);
#6555=ORIENTED_EDGE('',*,*,#8389,.F.);
#6556=ORIENTED_EDGE('',*,*,#8101,.T.);
#6557=ORIENTED_EDGE('',*,*,#8398,.F.);
#6558=ORIENTED_EDGE('',*,*,#8399,.T.);
#6559=ORIENTED_EDGE('',*,*,#8400,.T.);
#6560=ORIENTED_EDGE('',*,*,#8401,.T.);
#6561=ORIENTED_EDGE('',*,*,#8402,.T.);
#6562=ORIENTED_EDGE('',*,*,#8403,.T.);
#6563=ORIENTED_EDGE('',*,*,#8404,.T.);
#6564=ORIENTED_EDGE('',*,*,#8362,.T.);
#6565=ORIENTED_EDGE('',*,*,#8299,.T.);
#6566=ORIENTED_EDGE('',*,*,#8104,.F.);
#6567=ORIENTED_EDGE('',*,*,#8358,.F.);
#6568=ORIENTED_EDGE('',*,*,#8131,.F.);
#6569=ORIENTED_EDGE('',*,*,#8297,.T.);
#6570=ORIENTED_EDGE('',*,*,#8270,.T.);
#6571=ORIENTED_EDGE('',*,*,#8335,.T.);
#6572=ORIENTED_EDGE('',*,*,#8273,.T.);
#6573=ORIENTED_EDGE('',*,*,#8236,.T.);
#6574=ORIENTED_EDGE('',*,*,#8182,.T.);
#6575=ORIENTED_EDGE('',*,*,#8405,.T.);
#6576=ORIENTED_EDGE('',*,*,#8110,.T.);
#6577=ORIENTED_EDGE('',*,*,#8111,.T.);
#6578=ORIENTED_EDGE('',*,*,#8405,.F.);
#6579=ORIENTED_EDGE('',*,*,#8181,.T.);
#6580=ORIENTED_EDGE('',*,*,#8365,.T.);
#6581=ORIENTED_EDGE('',*,*,#8113,.T.);
#6582=ORIENTED_EDGE('',*,*,#8364,.T.);
#6583=ORIENTED_EDGE('',*,*,#8406,.T.);
#6584=ORIENTED_EDGE('',*,*,#8407,.T.);
#6585=ORIENTED_EDGE('',*,*,#8408,.T.);
#6586=ORIENTED_EDGE('',*,*,#8409,.T.);
#6587=ORIENTED_EDGE('',*,*,#8410,.T.);
#6588=ORIENTED_EDGE('',*,*,#8396,.F.);
#6589=ORIENTED_EDGE('',*,*,#8118,.T.);
#6590=ORIENTED_EDGE('',*,*,#8395,.F.);
#6591=ORIENTED_EDGE('',*,*,#8411,.T.);
#6592=ORIENTED_EDGE('',*,*,#8412,.T.);
#6593=ORIENTED_EDGE('',*,*,#8413,.T.);
#6594=ORIENTED_EDGE('',*,*,#8414,.F.);
#6595=ORIENTED_EDGE('',*,*,#8415,.T.);
#6596=ORIENTED_EDGE('',*,*,#8416,.T.);
#6597=ORIENTED_EDGE('',*,*,#8417,.T.);
#6598=ORIENTED_EDGE('',*,*,#8418,.T.);
#6599=ORIENTED_EDGE('',*,*,#8419,.T.);
#6600=ORIENTED_EDGE('',*,*,#8119,.T.);
#6601=ORIENTED_EDGE('',*,*,#8419,.F.);
#6602=ORIENTED_EDGE('',*,*,#8420,.F.);
#6603=ORIENTED_EDGE('',*,*,#8421,.F.);
#6604=ORIENTED_EDGE('',*,*,#8422,.T.);
#6605=ORIENTED_EDGE('',*,*,#8423,.T.);
#6606=ORIENTED_EDGE('',*,*,#8120,.T.);
#6607=ORIENTED_EDGE('',*,*,#8423,.F.);
#6608=ORIENTED_EDGE('',*,*,#8424,.T.);
#6609=ORIENTED_EDGE('',*,*,#8425,.T.);
#6610=ORIENTED_EDGE('',*,*,#8121,.T.);
#6611=ORIENTED_EDGE('',*,*,#8425,.F.);
#6612=ORIENTED_EDGE('',*,*,#8426,.F.);
#6613=ORIENTED_EDGE('',*,*,#8427,.F.);
#6614=ORIENTED_EDGE('',*,*,#8428,.T.);
#6615=ORIENTED_EDGE('',*,*,#8429,.F.);
#6616=ORIENTED_EDGE('',*,*,#8122,.T.);
#6617=ORIENTED_EDGE('',*,*,#8429,.T.);
#6618=ORIENTED_EDGE('',*,*,#8430,.T.);
#6619=ORIENTED_EDGE('',*,*,#8431,.T.);
#6620=ORIENTED_EDGE('',*,*,#8432,.T.);
#6621=ORIENTED_EDGE('',*,*,#8433,.T.);
#6622=ORIENTED_EDGE('',*,*,#8434,.T.);
#6623=ORIENTED_EDGE('',*,*,#8435,.T.);
#6624=ORIENTED_EDGE('',*,*,#8436,.T.);
#6625=ORIENTED_EDGE('',*,*,#8437,.T.);
#6626=ORIENTED_EDGE('',*,*,#8438,.T.);
#6627=ORIENTED_EDGE('',*,*,#8123,.T.);
#6628=ORIENTED_EDGE('',*,*,#8438,.F.);
#6629=ORIENTED_EDGE('',*,*,#8439,.F.);
#6630=ORIENTED_EDGE('',*,*,#8440,.T.);
#6631=ORIENTED_EDGE('',*,*,#8441,.T.);
#6632=ORIENTED_EDGE('',*,*,#8434,.F.);
#6633=ORIENTED_EDGE('',*,*,#8442,.F.);
#6634=ORIENTED_EDGE('',*,*,#8443,.F.);
#6635=ORIENTED_EDGE('',*,*,#8444,.F.);
#6636=ORIENTED_EDGE('',*,*,#8445,.F.);
#6637=ORIENTED_EDGE('',*,*,#8124,.T.);
#6638=ORIENTED_EDGE('',*,*,#8443,.T.);
#6639=ORIENTED_EDGE('',*,*,#8446,.T.);
#6640=ORIENTED_EDGE('',*,*,#8447,.T.);
#6641=ORIENTED_EDGE('',*,*,#8448,.T.);
#6642=ORIENTED_EDGE('',*,*,#8449,.T.);
#6643=ORIENTED_EDGE('',*,*,#8339,.T.);
#6644=ORIENTED_EDGE('',*,*,#8266,.T.);
#6645=ORIENTED_EDGE('',*,*,#8295,.T.);
#6646=ORIENTED_EDGE('',*,*,#8125,.T.);
#6647=ORIENTED_EDGE('',*,*,#8445,.T.);
#6648=ORIENTED_EDGE('',*,*,#8134,.T.);
#6649=ORIENTED_EDGE('',*,*,#8381,.F.);
#6650=ORIENTED_EDGE('',*,*,#8450,.T.);
#6651=ORIENTED_EDGE('',*,*,#8451,.T.);
#6652=ORIENTED_EDGE('',*,*,#8452,.T.);
#6653=ORIENTED_EDGE('',*,*,#8453,.T.);
#6654=ORIENTED_EDGE('',*,*,#8454,.T.);
#6655=ORIENTED_EDGE('',*,*,#8359,.T.);
#6656=ORIENTED_EDGE('',*,*,#8137,.T.);
#6657=ORIENTED_EDGE('',*,*,#8292,.T.);
#6658=ORIENTED_EDGE('',*,*,#8198,.T.);
#6659=ORIENTED_EDGE('',*,*,#8234,.T.);
#6660=ORIENTED_EDGE('',*,*,#8277,.T.);
#6661=ORIENTED_EDGE('',*,*,#8331,.T.);
#6662=ORIENTED_EDGE('',*,*,#8280,.T.);
#6663=ORIENTED_EDGE('',*,*,#8291,.T.);
#6664=ORIENTED_EDGE('',*,*,#8289,.T.);
#6665=ORIENTED_EDGE('',*,*,#8144,.F.);
#6666=ORIENTED_EDGE('',*,*,#8354,.F.);
#6667=ORIENTED_EDGE('',*,*,#8143,.F.);
#6668=ORIENTED_EDGE('',*,*,#8455,.T.);
#6669=ORIENTED_EDGE('',*,*,#8456,.T.);
#6670=ORIENTED_EDGE('',*,*,#8150,.T.);
#6671=ORIENTED_EDGE('',*,*,#8287,.T.);
#6672=ORIENTED_EDGE('',*,*,#8284,.T.);
#6673=ORIENTED_EDGE('',*,*,#8327,.T.);
#6674=ORIENTED_EDGE('',*,*,#8457,.F.);
#6675=ORIENTED_EDGE('',*,*,#8458,.F.);
#6676=ORIENTED_EDGE('',*,*,#8459,.T.);
#6677=ORIENTED_EDGE('',*,*,#8460,.T.);
#6678=ORIENTED_EDGE('',*,*,#8461,.T.);
#6679=ORIENTED_EDGE('',*,*,#8151,.T.);
#6680=ORIENTED_EDGE('',*,*,#8456,.F.);
#6681=ORIENTED_EDGE('',*,*,#8152,.T.);
#6682=ORIENTED_EDGE('',*,*,#8461,.F.);
#6683=ORIENTED_EDGE('',*,*,#8462,.F.);
#6684=ORIENTED_EDGE('',*,*,#8463,.F.);
#6685=ORIENTED_EDGE('',*,*,#8464,.T.);
#6686=ORIENTED_EDGE('',*,*,#8465,.F.);
#6687=ORIENTED_EDGE('',*,*,#8466,.F.);
#6688=ORIENTED_EDGE('',*,*,#8467,.F.);
#6689=ORIENTED_EDGE('',*,*,#8153,.T.);
#6690=ORIENTED_EDGE('',*,*,#8467,.T.);
#6691=ORIENTED_EDGE('',*,*,#8468,.T.);
#6692=ORIENTED_EDGE('',*,*,#8469,.T.);
#6693=ORIENTED_EDGE('',*,*,#8470,.T.);
#6694=ORIENTED_EDGE('',*,*,#8463,.T.);
#6695=ORIENTED_EDGE('',*,*,#8471,.F.);
#6696=ORIENTED_EDGE('',*,*,#8472,.T.);
#6697=ORIENTED_EDGE('',*,*,#8473,.T.);
#6698=ORIENTED_EDGE('',*,*,#8474,.T.);
#6699=ORIENTED_EDGE('',*,*,#8475,.T.);
#6700=ORIENTED_EDGE('',*,*,#8154,.T.);
#6701=ORIENTED_EDGE('',*,*,#8475,.F.);
#6702=ORIENTED_EDGE('',*,*,#8476,.T.);
#6703=ORIENTED_EDGE('',*,*,#8477,.F.);
#6704=ORIENTED_EDGE('',*,*,#8478,.F.);
#6705=ORIENTED_EDGE('',*,*,#8479,.F.);
#6706=ORIENTED_EDGE('',*,*,#8155,.T.);
#6707=ORIENTED_EDGE('',*,*,#8479,.T.);
#6708=ORIENTED_EDGE('',*,*,#8480,.T.);
#6709=ORIENTED_EDGE('',*,*,#8481,.F.);
#6710=ORIENTED_EDGE('',*,*,#8156,.T.);
#6711=ORIENTED_EDGE('',*,*,#8481,.T.);
#6712=ORIENTED_EDGE('',*,*,#8482,.T.);
#6713=ORIENTED_EDGE('',*,*,#8483,.F.);
#6714=ORIENTED_EDGE('',*,*,#8484,.F.);
#6715=ORIENTED_EDGE('',*,*,#8485,.F.);
#6716=ORIENTED_EDGE('',*,*,#8157,.T.);
#6717=ORIENTED_EDGE('',*,*,#8485,.T.);
#6718=ORIENTED_EDGE('',*,*,#8486,.T.);
#6719=ORIENTED_EDGE('',*,*,#8487,.T.);
#6720=ORIENTED_EDGE('',*,*,#8488,.T.);
#6721=ORIENTED_EDGE('',*,*,#8489,.F.);
#6722=ORIENTED_EDGE('',*,*,#8490,.F.);
#6723=ORIENTED_EDGE('',*,*,#8491,.T.);
#6724=ORIENTED_EDGE('',*,*,#8492,.T.);
#6725=ORIENTED_EDGE('',*,*,#8493,.T.);
#6726=ORIENTED_EDGE('',*,*,#8382,.F.);
#6727=ORIENTED_EDGE('',*,*,#8387,.F.);
#6728=ORIENTED_EDGE('',*,*,#8494,.T.);
#6729=ORIENTED_EDGE('',*,*,#8495,.T.);
#6730=ORIENTED_EDGE('',*,*,#8161,.F.);
#6731=ORIENTED_EDGE('',*,*,#8231,.T.);
#6732=ORIENTED_EDGE('',*,*,#8162,.F.);
#6733=ORIENTED_EDGE('',*,*,#8495,.F.);
#6734=ORIENTED_EDGE('',*,*,#8496,.F.);
#6735=ORIENTED_EDGE('',*,*,#8497,.F.);
#6736=ORIENTED_EDGE('',*,*,#8498,.F.);
#6737=ORIENTED_EDGE('',*,*,#8499,.F.);
#6738=ORIENTED_EDGE('',*,*,#8500,.T.);
#6739=ORIENTED_EDGE('',*,*,#8501,.T.);
#6740=ORIENTED_EDGE('',*,*,#8200,.F.);
#6741=ORIENTED_EDGE('',*,*,#8229,.T.);
#6742=ORIENTED_EDGE('',*,*,#8212,.F.);
#6743=ORIENTED_EDGE('',*,*,#8502,.T.);
#6744=ORIENTED_EDGE('',*,*,#8503,.F.);
#6745=ORIENTED_EDGE('',*,*,#8504,.F.);
#6746=ORIENTED_EDGE('',*,*,#8505,.T.);
#6747=ORIENTED_EDGE('',*,*,#8506,.F.);
#6748=ORIENTED_EDGE('',*,*,#8507,.F.);
#6749=ORIENTED_EDGE('',*,*,#8508,.F.);
#6750=ORIENTED_EDGE('',*,*,#8170,.F.);
#6751=ORIENTED_EDGE('',*,*,#8390,.F.);
#6752=ORIENTED_EDGE('',*,*,#8171,.T.);
#6753=ORIENTED_EDGE('',*,*,#8508,.T.);
#6754=ORIENTED_EDGE('',*,*,#8509,.F.);
#6755=ORIENTED_EDGE('',*,*,#8227,.T.);
#6756=ORIENTED_EDGE('',*,*,#8192,.F.);
#6757=ORIENTED_EDGE('',*,*,#8510,.F.);
#6758=ORIENTED_EDGE('',*,*,#8511,.F.);
#6759=ORIENTED_EDGE('',*,*,#8512,.F.);
#6760=ORIENTED_EDGE('',*,*,#8188,.F.);
#6761=ORIENTED_EDGE('',*,*,#8366,.F.);
#6762=ORIENTED_EDGE('',*,*,#8189,.T.);
#6763=ORIENTED_EDGE('',*,*,#8512,.T.);
#6764=ORIENTED_EDGE('',*,*,#8513,.F.);
#6765=ORIENTED_EDGE('',*,*,#8368,.F.);
#6766=ORIENTED_EDGE('',*,*,#8514,.T.);
#6767=ORIENTED_EDGE('',*,*,#8510,.T.);
#6768=ORIENTED_EDGE('',*,*,#8191,.F.);
#6769=ORIENTED_EDGE('',*,*,#8201,.T.);
#6770=ORIENTED_EDGE('',*,*,#8501,.F.);
#6771=ORIENTED_EDGE('',*,*,#8515,.F.);
#6772=ORIENTED_EDGE('',*,*,#8516,.F.);
#6773=ORIENTED_EDGE('',*,*,#8491,.F.);
#6774=ORIENTED_EDGE('',*,*,#8517,.F.);
#6775=ORIENTED_EDGE('',*,*,#8202,.T.);
#6776=ORIENTED_EDGE('',*,*,#8517,.T.);
#6777=ORIENTED_EDGE('',*,*,#8490,.T.);
#6778=ORIENTED_EDGE('',*,*,#8518,.T.);
#6779=ORIENTED_EDGE('',*,*,#8519,.F.);
#6780=ORIENTED_EDGE('',*,*,#8520,.F.);
#6781=ORIENTED_EDGE('',*,*,#8521,.T.);
#6782=ORIENTED_EDGE('',*,*,#8203,.T.);
#6783=ORIENTED_EDGE('',*,*,#8519,.T.);
#6784=ORIENTED_EDGE('',*,*,#8522,.T.);
#6785=ORIENTED_EDGE('',*,*,#8523,.T.);
#6786=ORIENTED_EDGE('',*,*,#8524,.F.);
#6787=ORIENTED_EDGE('',*,*,#8525,.F.);
#6788=ORIENTED_EDGE('',*,*,#8319,.F.);
#6789=ORIENTED_EDGE('',*,*,#8245,.T.);
#6790=ORIENTED_EDGE('',*,*,#8221,.T.);
#6791=ORIENTED_EDGE('',*,*,#8204,.T.);
#6792=ORIENTED_EDGE('',*,*,#8521,.F.);
#6793=ORIENTED_EDGE('',*,*,#8210,.T.);
#6794=ORIENTED_EDGE('',*,*,#8526,.F.);
#6795=ORIENTED_EDGE('',*,*,#8527,.T.);
#6796=ORIENTED_EDGE('',*,*,#8414,.T.);
#6797=ORIENTED_EDGE('',*,*,#8528,.T.);
#6798=ORIENTED_EDGE('',*,*,#8211,.T.);
#6799=ORIENTED_EDGE('',*,*,#8528,.F.);
#6800=ORIENTED_EDGE('',*,*,#8413,.F.);
#6801=ORIENTED_EDGE('',*,*,#8529,.F.);
#6802=ORIENTED_EDGE('',*,*,#8530,.F.);
#6803=ORIENTED_EDGE('',*,*,#8502,.F.);
#6804=ORIENTED_EDGE('',*,*,#8531,.F.);
#6805=ORIENTED_EDGE('',*,*,#8532,.F.);
#6806=ORIENTED_EDGE('',*,*,#8218,.T.);
#6807=ORIENTED_EDGE('',*,*,#8225,.T.);
#6808=ORIENTED_EDGE('',*,*,#8263,.T.);
#6809=ORIENTED_EDGE('',*,*,#8347,.F.);
#6810=ORIENTED_EDGE('',*,*,#8533,.F.);
#6811=ORIENTED_EDGE('',*,*,#8534,.T.);
#6812=ORIENTED_EDGE('',*,*,#8535,.T.);
#6813=ORIENTED_EDGE('',*,*,#8536,.T.);
#6814=ORIENTED_EDGE('',*,*,#8526,.T.);
#6815=ORIENTED_EDGE('',*,*,#8219,.T.);
#6816=ORIENTED_EDGE('',*,*,#8532,.T.);
#6817=ORIENTED_EDGE('',*,*,#8537,.F.);
#6818=ORIENTED_EDGE('',*,*,#8320,.T.);
#6819=ORIENTED_EDGE('',*,*,#8525,.T.);
#6820=ORIENTED_EDGE('',*,*,#8520,.T.);
#6821=ORIENTED_EDGE('',*,*,#8537,.T.);
#6822=ORIENTED_EDGE('',*,*,#8524,.T.);
#6823=ORIENTED_EDGE('',*,*,#8538,.T.);
#6824=ORIENTED_EDGE('',*,*,#8539,.T.);
#6825=ORIENTED_EDGE('',*,*,#8540,.T.);
#6826=ORIENTED_EDGE('',*,*,#8483,.T.);
#6827=ORIENTED_EDGE('',*,*,#8541,.T.);
#6828=ORIENTED_EDGE('',*,*,#8477,.T.);
#6829=ORIENTED_EDGE('',*,*,#8542,.T.);
#6830=ORIENTED_EDGE('',*,*,#8543,.T.);
#6831=ORIENTED_EDGE('',*,*,#8544,.T.);
#6832=ORIENTED_EDGE('',*,*,#8458,.T.);
#6833=ORIENTED_EDGE('',*,*,#8545,.F.);
#6834=ORIENTED_EDGE('',*,*,#8325,.F.);
#6835=ORIENTED_EDGE('',*,*,#8546,.T.);
#6836=ORIENTED_EDGE('',*,*,#8547,.T.);
#6837=ORIENTED_EDGE('',*,*,#8548,.T.);
#6838=ORIENTED_EDGE('',*,*,#8321,.F.);
#6839=ORIENTED_EDGE('',*,*,#8548,.F.);
#6840=ORIENTED_EDGE('',*,*,#8549,.F.);
#6841=ORIENTED_EDGE('',*,*,#8550,.T.);
#6842=ORIENTED_EDGE('',*,*,#8322,.F.);
#6843=ORIENTED_EDGE('',*,*,#8323,.F.);
#6844=ORIENTED_EDGE('',*,*,#8550,.F.);
#6845=ORIENTED_EDGE('',*,*,#8551,.F.);
#6846=ORIENTED_EDGE('',*,*,#8552,.T.);
#6847=ORIENTED_EDGE('',*,*,#8546,.F.);
#6848=ORIENTED_EDGE('',*,*,#8324,.F.);
#6849=ORIENTED_EDGE('',*,*,#8552,.F.);
#6850=ORIENTED_EDGE('',*,*,#8553,.F.);
#6851=ORIENTED_EDGE('',*,*,#8545,.T.);
#6852=ORIENTED_EDGE('',*,*,#8457,.T.);
#6853=ORIENTED_EDGE('',*,*,#8455,.F.);
#6854=ORIENTED_EDGE('',*,*,#8326,.T.);
#6855=ORIENTED_EDGE('',*,*,#8554,.T.);
#6856=ORIENTED_EDGE('',*,*,#8340,.T.);
#6857=ORIENTED_EDGE('',*,*,#8449,.F.);
#6858=ORIENTED_EDGE('',*,*,#8444,.T.);
#6859=ORIENTED_EDGE('',*,*,#8555,.T.);
#6860=ORIENTED_EDGE('',*,*,#8345,.T.);
#6861=ORIENTED_EDGE('',*,*,#8556,.T.);
#6862=ORIENTED_EDGE('',*,*,#8557,.T.);
#6863=ORIENTED_EDGE('',*,*,#8558,.T.);
#6864=ORIENTED_EDGE('',*,*,#8341,.T.);
#6865=ORIENTED_EDGE('',*,*,#8554,.F.);
#6866=ORIENTED_EDGE('',*,*,#8448,.F.);
#6867=ORIENTED_EDGE('',*,*,#8559,.T.);
#6868=ORIENTED_EDGE('',*,*,#8560,.T.);
#6869=ORIENTED_EDGE('',*,*,#8561,.T.);
#6870=ORIENTED_EDGE('',*,*,#8427,.T.);
#6871=ORIENTED_EDGE('',*,*,#8562,.T.);
#6872=ORIENTED_EDGE('',*,*,#8421,.T.);
#6873=ORIENTED_EDGE('',*,*,#8563,.T.);
#6874=ORIENTED_EDGE('',*,*,#8564,.T.);
#6875=ORIENTED_EDGE('',*,*,#8565,.T.);
#6876=ORIENTED_EDGE('',*,*,#8534,.F.);
#6877=ORIENTED_EDGE('',*,*,#8342,.F.);
#6878=ORIENTED_EDGE('',*,*,#8558,.F.);
#6879=ORIENTED_EDGE('',*,*,#8566,.F.);
#6880=ORIENTED_EDGE('',*,*,#8567,.T.);
#6881=ORIENTED_EDGE('',*,*,#8343,.F.);
#6882=ORIENTED_EDGE('',*,*,#8567,.F.);
#6883=ORIENTED_EDGE('',*,*,#8568,.F.);
#6884=ORIENTED_EDGE('',*,*,#8569,.T.);
#6885=ORIENTED_EDGE('',*,*,#8344,.F.);
#6886=ORIENTED_EDGE('',*,*,#8569,.F.);
#6887=ORIENTED_EDGE('',*,*,#8570,.F.);
#6888=ORIENTED_EDGE('',*,*,#8556,.F.);
#6889=ORIENTED_EDGE('',*,*,#8555,.F.);
#6890=ORIENTED_EDGE('',*,*,#8533,.T.);
#6891=ORIENTED_EDGE('',*,*,#8531,.T.);
#6892=ORIENTED_EDGE('',*,*,#8346,.T.);
#6893=ORIENTED_EDGE('',*,*,#8348,.T.);
#6894=ORIENTED_EDGE('',*,*,#8571,.T.);
#6895=ORIENTED_EDGE('',*,*,#8572,.T.);
#6896=ORIENTED_EDGE('',*,*,#8349,.F.);
#6897=ORIENTED_EDGE('',*,*,#8573,.T.);
#6898=ORIENTED_EDGE('',*,*,#8350,.F.);
#6899=ORIENTED_EDGE('',*,*,#8574,.T.);
#6900=ORIENTED_EDGE('',*,*,#8351,.F.);
#6901=ORIENTED_EDGE('',*,*,#8575,.T.);
#6902=ORIENTED_EDGE('',*,*,#8352,.F.);
#6903=ORIENTED_EDGE('',*,*,#8369,.F.);
#6904=ORIENTED_EDGE('',*,*,#8360,.T.);
#6905=ORIENTED_EDGE('',*,*,#8454,.F.);
#6906=ORIENTED_EDGE('',*,*,#8576,.F.);
#6907=ORIENTED_EDGE('',*,*,#8577,.T.);
#6908=ORIENTED_EDGE('',*,*,#8406,.F.);
#6909=ORIENTED_EDGE('',*,*,#8363,.T.);
#6910=ORIENTED_EDGE('',*,*,#8404,.F.);
#6911=ORIENTED_EDGE('',*,*,#8578,.T.);
#6912=ORIENTED_EDGE('',*,*,#8579,.T.);
#6913=ORIENTED_EDGE('',*,*,#8580,.F.);
#6914=ORIENTED_EDGE('',*,*,#8581,.T.);
#6915=ORIENTED_EDGE('',*,*,#8582,.T.);
#6916=ORIENTED_EDGE('',*,*,#8583,.T.);
#6917=ORIENTED_EDGE('',*,*,#8584,.T.);
#6918=ORIENTED_EDGE('',*,*,#8585,.T.);
#6919=ORIENTED_EDGE('',*,*,#8586,.T.);
#6920=ORIENTED_EDGE('',*,*,#8587,.T.);
#6921=ORIENTED_EDGE('',*,*,#8588,.T.);
#6922=ORIENTED_EDGE('',*,*,#8589,.T.);
#6923=ORIENTED_EDGE('',*,*,#8590,.T.);
#6924=ORIENTED_EDGE('',*,*,#8591,.T.);
#6925=ORIENTED_EDGE('',*,*,#8592,.T.);
#6926=ORIENTED_EDGE('',*,*,#8593,.T.);
#6927=ORIENTED_EDGE('',*,*,#8367,.F.);
#6928=ORIENTED_EDGE('',*,*,#8513,.T.);
#6929=ORIENTED_EDGE('',*,*,#8511,.T.);
#6930=ORIENTED_EDGE('',*,*,#8514,.F.);
#6931=ORIENTED_EDGE('',*,*,#8370,.F.);
#6932=ORIENTED_EDGE('',*,*,#8576,.T.);
#6933=ORIENTED_EDGE('',*,*,#8453,.F.);
#6934=ORIENTED_EDGE('',*,*,#8594,.F.);
#6935=ORIENTED_EDGE('',*,*,#8371,.F.);
#6936=ORIENTED_EDGE('',*,*,#8594,.T.);
#6937=ORIENTED_EDGE('',*,*,#8452,.F.);
#6938=ORIENTED_EDGE('',*,*,#8595,.F.);
#6939=ORIENTED_EDGE('',*,*,#8596,.T.);
#6940=ORIENTED_EDGE('',*,*,#8372,.F.);
#6941=ORIENTED_EDGE('',*,*,#8595,.T.);
#6942=ORIENTED_EDGE('',*,*,#8451,.F.);
#6943=ORIENTED_EDGE('',*,*,#8597,.F.);
#6944=ORIENTED_EDGE('',*,*,#8598,.T.);
#6945=ORIENTED_EDGE('',*,*,#8373,.F.);
#6946=ORIENTED_EDGE('',*,*,#8596,.F.);
#6947=ORIENTED_EDGE('',*,*,#8599,.F.);
#6948=ORIENTED_EDGE('',*,*,#8600,.F.);
#6949=ORIENTED_EDGE('',*,*,#8374,.F.);
#6950=ORIENTED_EDGE('',*,*,#8600,.T.);
#6951=ORIENTED_EDGE('',*,*,#8601,.T.);
#6952=ORIENTED_EDGE('',*,*,#8597,.T.);
#6953=ORIENTED_EDGE('',*,*,#8450,.F.);
#6954=ORIENTED_EDGE('',*,*,#8380,.F.);
#6955=ORIENTED_EDGE('',*,*,#8602,.T.);
#6956=ORIENTED_EDGE('',*,*,#8603,.T.);
#6957=ORIENTED_EDGE('',*,*,#8604,.T.);
#6958=ORIENTED_EDGE('',*,*,#8376,.F.);
#6959=ORIENTED_EDGE('',*,*,#8605,.T.);
#6960=ORIENTED_EDGE('',*,*,#8606,.T.);
#6961=ORIENTED_EDGE('',*,*,#8607,.T.);
#6962=ORIENTED_EDGE('',*,*,#8608,.T.);
#6963=ORIENTED_EDGE('',*,*,#8609,.T.);
#6964=ORIENTED_EDGE('',*,*,#8377,.F.);
#6965=ORIENTED_EDGE('',*,*,#8604,.F.);
#6966=ORIENTED_EDGE('',*,*,#8610,.T.);
#6967=ORIENTED_EDGE('',*,*,#8611,.T.);
#6968=ORIENTED_EDGE('',*,*,#8378,.F.);
#6969=ORIENTED_EDGE('',*,*,#8611,.F.);
#6970=ORIENTED_EDGE('',*,*,#8612,.F.);
#6971=ORIENTED_EDGE('',*,*,#8613,.F.);
#6972=ORIENTED_EDGE('',*,*,#8379,.F.);
#6973=ORIENTED_EDGE('',*,*,#8613,.T.);
#6974=ORIENTED_EDGE('',*,*,#8614,.F.);
#6975=ORIENTED_EDGE('',*,*,#8602,.F.);
#6976=ORIENTED_EDGE('',*,*,#8383,.F.);
#6977=ORIENTED_EDGE('',*,*,#8493,.F.);
#6978=ORIENTED_EDGE('',*,*,#8615,.T.);
#6979=ORIENTED_EDGE('',*,*,#8616,.T.);
#6980=ORIENTED_EDGE('',*,*,#8499,.T.);
#6981=ORIENTED_EDGE('',*,*,#8617,.T.);
#6982=ORIENTED_EDGE('',*,*,#8618,.T.);
#6983=ORIENTED_EDGE('',*,*,#8619,.T.);
#6984=ORIENTED_EDGE('',*,*,#8620,.T.);
#6985=ORIENTED_EDGE('',*,*,#8621,.T.);
#6986=ORIENTED_EDGE('',*,*,#8622,.T.);
#6987=ORIENTED_EDGE('',*,*,#8623,.T.);
#6988=ORIENTED_EDGE('',*,*,#8624,.T.);
#6989=ORIENTED_EDGE('',*,*,#8625,.T.);
#6990=ORIENTED_EDGE('',*,*,#8626,.T.);
#6991=ORIENTED_EDGE('',*,*,#8627,.T.);
#6992=ORIENTED_EDGE('',*,*,#8628,.T.);
#6993=ORIENTED_EDGE('',*,*,#8629,.T.);
#6994=ORIENTED_EDGE('',*,*,#8630,.T.);
#6995=ORIENTED_EDGE('',*,*,#8384,.F.);
#6996=ORIENTED_EDGE('',*,*,#8617,.F.);
#6997=ORIENTED_EDGE('',*,*,#8498,.T.);
#6998=ORIENTED_EDGE('',*,*,#8385,.F.);
#6999=ORIENTED_EDGE('',*,*,#8630,.F.);
#7000=ORIENTED_EDGE('',*,*,#8497,.T.);
#7001=ORIENTED_EDGE('',*,*,#8631,.F.);
#7002=ORIENTED_EDGE('',*,*,#8386,.F.);
#7003=ORIENTED_EDGE('',*,*,#8631,.T.);
#7004=ORIENTED_EDGE('',*,*,#8496,.T.);
#7005=ORIENTED_EDGE('',*,*,#8494,.F.);
#7006=ORIENTED_EDGE('',*,*,#8391,.F.);
#7007=ORIENTED_EDGE('',*,*,#8509,.T.);
#7008=ORIENTED_EDGE('',*,*,#8507,.T.);
#7009=ORIENTED_EDGE('',*,*,#8632,.F.);
#7010=ORIENTED_EDGE('',*,*,#8392,.F.);
#7011=ORIENTED_EDGE('',*,*,#8632,.T.);
#7012=ORIENTED_EDGE('',*,*,#8506,.T.);
#7013=ORIENTED_EDGE('',*,*,#8633,.F.);
#7014=ORIENTED_EDGE('',*,*,#8633,.T.);
#7015=ORIENTED_EDGE('',*,*,#8505,.F.);
#7016=ORIENTED_EDGE('',*,*,#8634,.F.);
#7017=ORIENTED_EDGE('',*,*,#8393,.F.);
#7018=ORIENTED_EDGE('',*,*,#8394,.F.);
#7019=ORIENTED_EDGE('',*,*,#8634,.T.);
#7020=ORIENTED_EDGE('',*,*,#8504,.T.);
#7021=ORIENTED_EDGE('',*,*,#8635,.T.);
#7022=ORIENTED_EDGE('',*,*,#8636,.T.);
#7023=ORIENTED_EDGE('',*,*,#8411,.F.);
#7024=ORIENTED_EDGE('',*,*,#8637,.T.);
#7025=ORIENTED_EDGE('',*,*,#8638,.T.);
#7026=ORIENTED_EDGE('',*,*,#8639,.T.);
#7027=ORIENTED_EDGE('',*,*,#8640,.T.);
#7028=ORIENTED_EDGE('',*,*,#8641,.T.);
#7029=ORIENTED_EDGE('',*,*,#8642,.T.);
#7030=ORIENTED_EDGE('',*,*,#8643,.T.);
#7031=ORIENTED_EDGE('',*,*,#8644,.T.);
#7032=ORIENTED_EDGE('',*,*,#8645,.T.);
#7033=ORIENTED_EDGE('',*,*,#8646,.T.);
#7034=ORIENTED_EDGE('',*,*,#8647,.T.);
#7035=ORIENTED_EDGE('',*,*,#8648,.T.);
#7036=ORIENTED_EDGE('',*,*,#8410,.F.);
#7037=ORIENTED_EDGE('',*,*,#8649,.T.);
#7038=ORIENTED_EDGE('',*,*,#8399,.F.);
#7039=ORIENTED_EDGE('',*,*,#8397,.F.);
#7040=ORIENTED_EDGE('',*,*,#8650,.T.);
#7041=ORIENTED_EDGE('',*,*,#8409,.F.);
#7042=ORIENTED_EDGE('',*,*,#8651,.T.);
#7043=ORIENTED_EDGE('',*,*,#8400,.F.);
#7044=ORIENTED_EDGE('',*,*,#8649,.F.);
#7045=ORIENTED_EDGE('',*,*,#8408,.F.);
#7046=ORIENTED_EDGE('',*,*,#8652,.T.);
#7047=ORIENTED_EDGE('',*,*,#8401,.F.);
#7048=ORIENTED_EDGE('',*,*,#8651,.F.);
#7049=ORIENTED_EDGE('',*,*,#8653,.T.);
#7050=ORIENTED_EDGE('',*,*,#8402,.F.);
#7051=ORIENTED_EDGE('',*,*,#8652,.F.);
#7052=ORIENTED_EDGE('',*,*,#8407,.F.);
#7053=ORIENTED_EDGE('',*,*,#8580,.T.);
#7054=ORIENTED_EDGE('',*,*,#8654,.T.);
#7055=ORIENTED_EDGE('',*,*,#8403,.F.);
#7056=ORIENTED_EDGE('',*,*,#8653,.F.);
#7057=ORIENTED_EDGE('',*,*,#8655,.F.);
#7058=ORIENTED_EDGE('',*,*,#8578,.F.);
#7059=ORIENTED_EDGE('',*,*,#8412,.F.);
#7060=ORIENTED_EDGE('',*,*,#8636,.F.);
#7061=ORIENTED_EDGE('',*,*,#8656,.T.);
#7062=ORIENTED_EDGE('',*,*,#8529,.T.);
#7063=ORIENTED_EDGE('',*,*,#8657,.T.);
#7064=ORIENTED_EDGE('',*,*,#8415,.F.);
#7065=ORIENTED_EDGE('',*,*,#8527,.F.);
#7066=ORIENTED_EDGE('',*,*,#8536,.F.);
#7067=ORIENTED_EDGE('',*,*,#8657,.F.);
#7068=ORIENTED_EDGE('',*,*,#8535,.F.);
#7069=ORIENTED_EDGE('',*,*,#8565,.F.);
#7070=ORIENTED_EDGE('',*,*,#8658,.T.);
#7071=ORIENTED_EDGE('',*,*,#8416,.F.);
#7072=ORIENTED_EDGE('',*,*,#8417,.F.);
#7073=ORIENTED_EDGE('',*,*,#8658,.F.);
#7074=ORIENTED_EDGE('',*,*,#8564,.F.);
#7075=ORIENTED_EDGE('',*,*,#8659,.T.);
#7076=ORIENTED_EDGE('',*,*,#8418,.F.);
#7077=ORIENTED_EDGE('',*,*,#8659,.F.);
#7078=ORIENTED_EDGE('',*,*,#8563,.F.);
#7079=ORIENTED_EDGE('',*,*,#8420,.T.);
#7080=ORIENTED_EDGE('',*,*,#8424,.F.);
#7081=ORIENTED_EDGE('',*,*,#8422,.F.);
#7082=ORIENTED_EDGE('',*,*,#8562,.F.);
#7083=ORIENTED_EDGE('',*,*,#8426,.T.);
#7084=ORIENTED_EDGE('',*,*,#8430,.F.);
#7085=ORIENTED_EDGE('',*,*,#8428,.F.);
#7086=ORIENTED_EDGE('',*,*,#8561,.F.);
#7087=ORIENTED_EDGE('',*,*,#8660,.T.);
#7088=ORIENTED_EDGE('',*,*,#8431,.F.);
#7089=ORIENTED_EDGE('',*,*,#8660,.F.);
#7090=ORIENTED_EDGE('',*,*,#8560,.F.);
#7091=ORIENTED_EDGE('',*,*,#8661,.T.);
#7092=ORIENTED_EDGE('',*,*,#8662,.F.);
#7093=ORIENTED_EDGE('',*,*,#8432,.F.);
#7094=ORIENTED_EDGE('',*,*,#8661,.F.);
#7095=ORIENTED_EDGE('',*,*,#8559,.F.);
#7096=ORIENTED_EDGE('',*,*,#8447,.F.);
#7097=ORIENTED_EDGE('',*,*,#8662,.T.);
#7098=ORIENTED_EDGE('',*,*,#8446,.F.);
#7099=ORIENTED_EDGE('',*,*,#8442,.T.);
#7100=ORIENTED_EDGE('',*,*,#8433,.F.);
#7101=ORIENTED_EDGE('',*,*,#8435,.F.);
#7102=ORIENTED_EDGE('',*,*,#8441,.F.);
#7103=ORIENTED_EDGE('',*,*,#8663,.F.);
#7104=ORIENTED_EDGE('',*,*,#8664,.F.);
#7105=ORIENTED_EDGE('',*,*,#8436,.F.);
#7106=ORIENTED_EDGE('',*,*,#8664,.T.);
#7107=ORIENTED_EDGE('',*,*,#8665,.F.);
#7108=ORIENTED_EDGE('',*,*,#8666,.F.);
#7109=ORIENTED_EDGE('',*,*,#8437,.F.);
#7110=ORIENTED_EDGE('',*,*,#8666,.T.);
#7111=ORIENTED_EDGE('',*,*,#8667,.T.);
#7112=ORIENTED_EDGE('',*,*,#8439,.T.);
#7113=ORIENTED_EDGE('',*,*,#8668,.T.);
#7114=ORIENTED_EDGE('',*,*,#8669,.T.);
#7115=ORIENTED_EDGE('',*,*,#8670,.T.);
#7116=ORIENTED_EDGE('',*,*,#8671,.T.);
#7117=ORIENTED_EDGE('',*,*,#8665,.T.);
#7118=ORIENTED_EDGE('',*,*,#8663,.T.);
#7119=ORIENTED_EDGE('',*,*,#8440,.F.);
#7120=ORIENTED_EDGE('',*,*,#8667,.F.);
#7121=ORIENTED_EDGE('',*,*,#8459,.F.);
#7122=ORIENTED_EDGE('',*,*,#8544,.F.);
#7123=ORIENTED_EDGE('',*,*,#8672,.F.);
#7124=ORIENTED_EDGE('',*,*,#8472,.F.);
#7125=ORIENTED_EDGE('',*,*,#8673,.F.);
#7126=ORIENTED_EDGE('',*,*,#8673,.T.);
#7127=ORIENTED_EDGE('',*,*,#8471,.T.);
#7128=ORIENTED_EDGE('',*,*,#8462,.T.);
#7129=ORIENTED_EDGE('',*,*,#8460,.F.);
#7130=ORIENTED_EDGE('',*,*,#8470,.F.);
#7131=ORIENTED_EDGE('',*,*,#8674,.F.);
#7132=ORIENTED_EDGE('',*,*,#8675,.F.);
#7133=ORIENTED_EDGE('',*,*,#8464,.F.);
#7134=ORIENTED_EDGE('',*,*,#8465,.T.);
#7135=ORIENTED_EDGE('',*,*,#8675,.T.);
#7136=ORIENTED_EDGE('',*,*,#8676,.F.);
#7137=ORIENTED_EDGE('',*,*,#8677,.F.);
#7138=ORIENTED_EDGE('',*,*,#8468,.F.);
#7139=ORIENTED_EDGE('',*,*,#8466,.T.);
#7140=ORIENTED_EDGE('',*,*,#8677,.T.);
#7141=ORIENTED_EDGE('',*,*,#8678,.T.);
#7142=ORIENTED_EDGE('',*,*,#8679,.T.);
#7143=ORIENTED_EDGE('',*,*,#8680,.T.);
#7144=ORIENTED_EDGE('',*,*,#8681,.T.);
#7145=ORIENTED_EDGE('',*,*,#8682,.T.);
#7146=ORIENTED_EDGE('',*,*,#8469,.F.);
#7147=ORIENTED_EDGE('',*,*,#8678,.F.);
#7148=ORIENTED_EDGE('',*,*,#8676,.T.);
#7149=ORIENTED_EDGE('',*,*,#8674,.T.);
#7150=ORIENTED_EDGE('',*,*,#8543,.F.);
#7151=ORIENTED_EDGE('',*,*,#8683,.F.);
#7152=ORIENTED_EDGE('',*,*,#8473,.F.);
#7153=ORIENTED_EDGE('',*,*,#8672,.T.);
#7154=ORIENTED_EDGE('',*,*,#8542,.F.);
#7155=ORIENTED_EDGE('',*,*,#8476,.F.);
#7156=ORIENTED_EDGE('',*,*,#8474,.F.);
#7157=ORIENTED_EDGE('',*,*,#8683,.T.);
#7158=ORIENTED_EDGE('',*,*,#8541,.F.);
#7159=ORIENTED_EDGE('',*,*,#8482,.F.);
#7160=ORIENTED_EDGE('',*,*,#8480,.F.);
#7161=ORIENTED_EDGE('',*,*,#8478,.T.);
#7162=ORIENTED_EDGE('',*,*,#8540,.F.);
#7163=ORIENTED_EDGE('',*,*,#8684,.F.);
#7164=ORIENTED_EDGE('',*,*,#8486,.F.);
#7165=ORIENTED_EDGE('',*,*,#8484,.T.);
#7166=ORIENTED_EDGE('',*,*,#8539,.F.);
#7167=ORIENTED_EDGE('',*,*,#8685,.F.);
#7168=ORIENTED_EDGE('',*,*,#8487,.F.);
#7169=ORIENTED_EDGE('',*,*,#8684,.T.);
#7170=ORIENTED_EDGE('',*,*,#8523,.F.);
#7171=ORIENTED_EDGE('',*,*,#8686,.F.);
#7172=ORIENTED_EDGE('',*,*,#8488,.F.);
#7173=ORIENTED_EDGE('',*,*,#8685,.T.);
#7174=ORIENTED_EDGE('',*,*,#8538,.F.);
#7175=ORIENTED_EDGE('',*,*,#8686,.T.);
#7176=ORIENTED_EDGE('',*,*,#8522,.F.);
#7177=ORIENTED_EDGE('',*,*,#8518,.F.);
#7178=ORIENTED_EDGE('',*,*,#8489,.T.);
#7179=ORIENTED_EDGE('',*,*,#8492,.F.);
#7180=ORIENTED_EDGE('',*,*,#8516,.T.);
#7181=ORIENTED_EDGE('',*,*,#8687,.F.);
#7182=ORIENTED_EDGE('',*,*,#8615,.F.);
#7183=ORIENTED_EDGE('',*,*,#8687,.T.);
#7184=ORIENTED_EDGE('',*,*,#8515,.T.);
#7185=ORIENTED_EDGE('',*,*,#8500,.F.);
#7186=ORIENTED_EDGE('',*,*,#8616,.F.);
#7187=ORIENTED_EDGE('',*,*,#8503,.T.);
#7188=ORIENTED_EDGE('',*,*,#8530,.T.);
#7189=ORIENTED_EDGE('',*,*,#8656,.F.);
#7190=ORIENTED_EDGE('',*,*,#8635,.F.);
#7191=ORIENTED_EDGE('',*,*,#8547,.F.);
#7192=ORIENTED_EDGE('',*,*,#8553,.T.);
#7193=ORIENTED_EDGE('',*,*,#8551,.T.);
#7194=ORIENTED_EDGE('',*,*,#8549,.T.);
#7195=ORIENTED_EDGE('',*,*,#8557,.F.);
#7196=ORIENTED_EDGE('',*,*,#8570,.T.);
#7197=ORIENTED_EDGE('',*,*,#8568,.T.);
#7198=ORIENTED_EDGE('',*,*,#8566,.T.);
#7199=ORIENTED_EDGE('',*,*,#8571,.F.);
#7200=ORIENTED_EDGE('',*,*,#8688,.T.);
#7201=ORIENTED_EDGE('',*,*,#8572,.F.);
#7202=ORIENTED_EDGE('',*,*,#8689,.T.);
#7203=ORIENTED_EDGE('',*,*,#8573,.F.);
#7204=ORIENTED_EDGE('',*,*,#8690,.T.);
#7205=ORIENTED_EDGE('',*,*,#8574,.F.);
#7206=ORIENTED_EDGE('',*,*,#8691,.T.);
#7207=ORIENTED_EDGE('',*,*,#8575,.F.);
#7208=ORIENTED_EDGE('',*,*,#8577,.F.);
#7209=ORIENTED_EDGE('',*,*,#8691,.F.);
#7210=ORIENTED_EDGE('',*,*,#8654,.F.);
#7211=ORIENTED_EDGE('',*,*,#8579,.F.);
#7212=ORIENTED_EDGE('',*,*,#8655,.T.);
#7213=ORIENTED_EDGE('',*,*,#8581,.F.);
#7214=ORIENTED_EDGE('',*,*,#8692,.F.);
#7215=ORIENTED_EDGE('',*,*,#8693,.F.);
#7216=ORIENTED_EDGE('',*,*,#8694,.T.);
#7217=ORIENTED_EDGE('',*,*,#8582,.F.);
#7218=ORIENTED_EDGE('',*,*,#8694,.F.);
#7219=ORIENTED_EDGE('',*,*,#8695,.F.);
#7220=ORIENTED_EDGE('',*,*,#8696,.T.);
#7221=ORIENTED_EDGE('',*,*,#8583,.F.);
#7222=ORIENTED_EDGE('',*,*,#8696,.F.);
#7223=ORIENTED_EDGE('',*,*,#8697,.F.);
#7224=ORIENTED_EDGE('',*,*,#8698,.T.);
#7225=ORIENTED_EDGE('',*,*,#8584,.F.);
#7226=ORIENTED_EDGE('',*,*,#8698,.F.);
#7227=ORIENTED_EDGE('',*,*,#8699,.F.);
#7228=ORIENTED_EDGE('',*,*,#8700,.T.);
#7229=ORIENTED_EDGE('',*,*,#8585,.F.);
#7230=ORIENTED_EDGE('',*,*,#8700,.F.);
#7231=ORIENTED_EDGE('',*,*,#8701,.F.);
#7232=ORIENTED_EDGE('',*,*,#8702,.T.);
#7233=ORIENTED_EDGE('',*,*,#8586,.F.);
#7234=ORIENTED_EDGE('',*,*,#8702,.F.);
#7235=ORIENTED_EDGE('',*,*,#8703,.F.);
#7236=ORIENTED_EDGE('',*,*,#8704,.T.);
#7237=ORIENTED_EDGE('',*,*,#8587,.F.);
#7238=ORIENTED_EDGE('',*,*,#8704,.F.);
#7239=ORIENTED_EDGE('',*,*,#8705,.F.);
#7240=ORIENTED_EDGE('',*,*,#8706,.T.);
#7241=ORIENTED_EDGE('',*,*,#8588,.F.);
#7242=ORIENTED_EDGE('',*,*,#8706,.F.);
#7243=ORIENTED_EDGE('',*,*,#8707,.F.);
#7244=ORIENTED_EDGE('',*,*,#8708,.T.);
#7245=ORIENTED_EDGE('',*,*,#8589,.F.);
#7246=ORIENTED_EDGE('',*,*,#8708,.F.);
#7247=ORIENTED_EDGE('',*,*,#8709,.F.);
#7248=ORIENTED_EDGE('',*,*,#8710,.T.);
#7249=ORIENTED_EDGE('',*,*,#8590,.F.);
#7250=ORIENTED_EDGE('',*,*,#8710,.F.);
#7251=ORIENTED_EDGE('',*,*,#8711,.F.);
#7252=ORIENTED_EDGE('',*,*,#8712,.T.);
#7253=ORIENTED_EDGE('',*,*,#8591,.F.);
#7254=ORIENTED_EDGE('',*,*,#8712,.F.);
#7255=ORIENTED_EDGE('',*,*,#8713,.F.);
#7256=ORIENTED_EDGE('',*,*,#8714,.T.);
#7257=ORIENTED_EDGE('',*,*,#8592,.F.);
#7258=ORIENTED_EDGE('',*,*,#8714,.F.);
#7259=ORIENTED_EDGE('',*,*,#8715,.F.);
#7260=ORIENTED_EDGE('',*,*,#8692,.T.);
#7261=ORIENTED_EDGE('',*,*,#8593,.F.);
#7262=ORIENTED_EDGE('',*,*,#8688,.F.);
#7263=ORIENTED_EDGE('',*,*,#8598,.F.);
#7264=ORIENTED_EDGE('',*,*,#8601,.F.);
#7265=ORIENTED_EDGE('',*,*,#8599,.T.);
#7266=ORIENTED_EDGE('',*,*,#8614,.T.);
#7267=ORIENTED_EDGE('',*,*,#8612,.T.);
#7268=ORIENTED_EDGE('',*,*,#8610,.F.);
#7269=ORIENTED_EDGE('',*,*,#8603,.F.);
#7270=ORIENTED_EDGE('',*,*,#8605,.F.);
#7271=ORIENTED_EDGE('',*,*,#8716,.F.);
#7272=ORIENTED_EDGE('',*,*,#8717,.F.);
#7273=ORIENTED_EDGE('',*,*,#8718,.T.);
#7274=ORIENTED_EDGE('',*,*,#8606,.F.);
#7275=ORIENTED_EDGE('',*,*,#8718,.F.);
#7276=ORIENTED_EDGE('',*,*,#8719,.F.);
#7277=ORIENTED_EDGE('',*,*,#8720,.T.);
#7278=ORIENTED_EDGE('',*,*,#8607,.F.);
#7279=ORIENTED_EDGE('',*,*,#8720,.F.);
#7280=ORIENTED_EDGE('',*,*,#8721,.F.);
#7281=ORIENTED_EDGE('',*,*,#8722,.T.);
#7282=ORIENTED_EDGE('',*,*,#8608,.F.);
#7283=ORIENTED_EDGE('',*,*,#8722,.F.);
#7284=ORIENTED_EDGE('',*,*,#8723,.F.);
#7285=ORIENTED_EDGE('',*,*,#8716,.T.);
#7286=ORIENTED_EDGE('',*,*,#8609,.F.);
#7287=ORIENTED_EDGE('',*,*,#8690,.F.);
#7288=ORIENTED_EDGE('',*,*,#8618,.F.);
#7289=ORIENTED_EDGE('',*,*,#8724,.F.);
#7290=ORIENTED_EDGE('',*,*,#8725,.F.);
#7291=ORIENTED_EDGE('',*,*,#8726,.T.);
#7292=ORIENTED_EDGE('',*,*,#8619,.F.);
#7293=ORIENTED_EDGE('',*,*,#8726,.F.);
#7294=ORIENTED_EDGE('',*,*,#8727,.F.);
#7295=ORIENTED_EDGE('',*,*,#8728,.T.);
#7296=ORIENTED_EDGE('',*,*,#8620,.F.);
#7297=ORIENTED_EDGE('',*,*,#8728,.F.);
#7298=ORIENTED_EDGE('',*,*,#8729,.F.);
#7299=ORIENTED_EDGE('',*,*,#8730,.T.);
#7300=ORIENTED_EDGE('',*,*,#8621,.F.);
#7301=ORIENTED_EDGE('',*,*,#8730,.F.);
#7302=ORIENTED_EDGE('',*,*,#8731,.F.);
#7303=ORIENTED_EDGE('',*,*,#8732,.T.);
#7304=ORIENTED_EDGE('',*,*,#8622,.F.);
#7305=ORIENTED_EDGE('',*,*,#8732,.F.);
#7306=ORIENTED_EDGE('',*,*,#8733,.F.);
#7307=ORIENTED_EDGE('',*,*,#8734,.T.);
#7308=ORIENTED_EDGE('',*,*,#8623,.F.);
#7309=ORIENTED_EDGE('',*,*,#8734,.F.);
#7310=ORIENTED_EDGE('',*,*,#8735,.F.);
#7311=ORIENTED_EDGE('',*,*,#8736,.T.);
#7312=ORIENTED_EDGE('',*,*,#8624,.F.);
#7313=ORIENTED_EDGE('',*,*,#8736,.F.);
#7314=ORIENTED_EDGE('',*,*,#8737,.F.);
#7315=ORIENTED_EDGE('',*,*,#8738,.T.);
#7316=ORIENTED_EDGE('',*,*,#8625,.F.);
#7317=ORIENTED_EDGE('',*,*,#8738,.F.);
#7318=ORIENTED_EDGE('',*,*,#8739,.F.);
#7319=ORIENTED_EDGE('',*,*,#8740,.T.);
#7320=ORIENTED_EDGE('',*,*,#8626,.F.);
#7321=ORIENTED_EDGE('',*,*,#8740,.F.);
#7322=ORIENTED_EDGE('',*,*,#8741,.F.);
#7323=ORIENTED_EDGE('',*,*,#8742,.T.);
#7324=ORIENTED_EDGE('',*,*,#8627,.F.);
#7325=ORIENTED_EDGE('',*,*,#8742,.F.);
#7326=ORIENTED_EDGE('',*,*,#8743,.F.);
#7327=ORIENTED_EDGE('',*,*,#8744,.T.);
#7328=ORIENTED_EDGE('',*,*,#8628,.F.);
#7329=ORIENTED_EDGE('',*,*,#8744,.F.);
#7330=ORIENTED_EDGE('',*,*,#8745,.F.);
#7331=ORIENTED_EDGE('',*,*,#8746,.T.);
#7332=ORIENTED_EDGE('',*,*,#8629,.F.);
#7333=ORIENTED_EDGE('',*,*,#8746,.F.);
#7334=ORIENTED_EDGE('',*,*,#8747,.F.);
#7335=ORIENTED_EDGE('',*,*,#8724,.T.);
#7336=ORIENTED_EDGE('',*,*,#8637,.F.);
#7337=ORIENTED_EDGE('',*,*,#8748,.F.);
#7338=ORIENTED_EDGE('',*,*,#8749,.F.);
#7339=ORIENTED_EDGE('',*,*,#8750,.T.);
#7340=ORIENTED_EDGE('',*,*,#8638,.F.);
#7341=ORIENTED_EDGE('',*,*,#8750,.F.);
#7342=ORIENTED_EDGE('',*,*,#8751,.F.);
#7343=ORIENTED_EDGE('',*,*,#8752,.T.);
#7344=ORIENTED_EDGE('',*,*,#8639,.F.);
#7345=ORIENTED_EDGE('',*,*,#8752,.F.);
#7346=ORIENTED_EDGE('',*,*,#8753,.F.);
#7347=ORIENTED_EDGE('',*,*,#8754,.T.);
#7348=ORIENTED_EDGE('',*,*,#8640,.F.);
#7349=ORIENTED_EDGE('',*,*,#8754,.F.);
#7350=ORIENTED_EDGE('',*,*,#8755,.F.);
#7351=ORIENTED_EDGE('',*,*,#8756,.T.);
#7352=ORIENTED_EDGE('',*,*,#8641,.F.);
#7353=ORIENTED_EDGE('',*,*,#8756,.F.);
#7354=ORIENTED_EDGE('',*,*,#8757,.F.);
#7355=ORIENTED_EDGE('',*,*,#8758,.T.);
#7356=ORIENTED_EDGE('',*,*,#8642,.F.);
#7357=ORIENTED_EDGE('',*,*,#8758,.F.);
#7358=ORIENTED_EDGE('',*,*,#8759,.F.);
#7359=ORIENTED_EDGE('',*,*,#8760,.T.);
#7360=ORIENTED_EDGE('',*,*,#8643,.F.);
#7361=ORIENTED_EDGE('',*,*,#8760,.F.);
#7362=ORIENTED_EDGE('',*,*,#8761,.F.);
#7363=ORIENTED_EDGE('',*,*,#8762,.T.);
#7364=ORIENTED_EDGE('',*,*,#8644,.F.);
#7365=ORIENTED_EDGE('',*,*,#8762,.F.);
#7366=ORIENTED_EDGE('',*,*,#8763,.F.);
#7367=ORIENTED_EDGE('',*,*,#8764,.T.);
#7368=ORIENTED_EDGE('',*,*,#8645,.F.);
#7369=ORIENTED_EDGE('',*,*,#8764,.F.);
#7370=ORIENTED_EDGE('',*,*,#8765,.F.);
#7371=ORIENTED_EDGE('',*,*,#8766,.T.);
#7372=ORIENTED_EDGE('',*,*,#8646,.F.);
#7373=ORIENTED_EDGE('',*,*,#8766,.F.);
#7374=ORIENTED_EDGE('',*,*,#8767,.F.);
#7375=ORIENTED_EDGE('',*,*,#8768,.T.);
#7376=ORIENTED_EDGE('',*,*,#8647,.F.);
#7377=ORIENTED_EDGE('',*,*,#8768,.F.);
#7378=ORIENTED_EDGE('',*,*,#8769,.F.);
#7379=ORIENTED_EDGE('',*,*,#8770,.T.);
#7380=ORIENTED_EDGE('',*,*,#8648,.F.);
#7381=ORIENTED_EDGE('',*,*,#8770,.F.);
#7382=ORIENTED_EDGE('',*,*,#8771,.F.);
#7383=ORIENTED_EDGE('',*,*,#8748,.T.);
#7384=ORIENTED_EDGE('',*,*,#8650,.F.);
#7385=ORIENTED_EDGE('',*,*,#8689,.F.);
#7386=ORIENTED_EDGE('',*,*,#8668,.F.);
#7387=ORIENTED_EDGE('',*,*,#8772,.F.);
#7388=ORIENTED_EDGE('',*,*,#8773,.F.);
#7389=ORIENTED_EDGE('',*,*,#8774,.T.);
#7390=ORIENTED_EDGE('',*,*,#8669,.F.);
#7391=ORIENTED_EDGE('',*,*,#8774,.F.);
#7392=ORIENTED_EDGE('',*,*,#8775,.F.);
#7393=ORIENTED_EDGE('',*,*,#8776,.T.);
#7394=ORIENTED_EDGE('',*,*,#8670,.F.);
#7395=ORIENTED_EDGE('',*,*,#8776,.F.);
#7396=ORIENTED_EDGE('',*,*,#8777,.F.);
#7397=ORIENTED_EDGE('',*,*,#8778,.T.);
#7398=ORIENTED_EDGE('',*,*,#8671,.F.);
#7399=ORIENTED_EDGE('',*,*,#8778,.F.);
#7400=ORIENTED_EDGE('',*,*,#8779,.F.);
#7401=ORIENTED_EDGE('',*,*,#8772,.T.);
#7402=ORIENTED_EDGE('',*,*,#8679,.F.);
#7403=ORIENTED_EDGE('',*,*,#8780,.F.);
#7404=ORIENTED_EDGE('',*,*,#8781,.F.);
#7405=ORIENTED_EDGE('',*,*,#8782,.T.);
#7406=ORIENTED_EDGE('',*,*,#8680,.F.);
#7407=ORIENTED_EDGE('',*,*,#8782,.F.);
#7408=ORIENTED_EDGE('',*,*,#8783,.F.);
#7409=ORIENTED_EDGE('',*,*,#8784,.T.);
#7410=ORIENTED_EDGE('',*,*,#8681,.F.);
#7411=ORIENTED_EDGE('',*,*,#8784,.F.);
#7412=ORIENTED_EDGE('',*,*,#8785,.F.);
#7413=ORIENTED_EDGE('',*,*,#8786,.T.);
#7414=ORIENTED_EDGE('',*,*,#8682,.F.);
#7415=ORIENTED_EDGE('',*,*,#8786,.F.);
#7416=ORIENTED_EDGE('',*,*,#8787,.F.);
#7417=ORIENTED_EDGE('',*,*,#8780,.T.);
#7418=ORIENTED_EDGE('',*,*,#8693,.T.);
#7419=ORIENTED_EDGE('',*,*,#8715,.T.);
#7420=ORIENTED_EDGE('',*,*,#8713,.T.);
#7421=ORIENTED_EDGE('',*,*,#8711,.T.);
#7422=ORIENTED_EDGE('',*,*,#8709,.T.);
#7423=ORIENTED_EDGE('',*,*,#8707,.T.);
#7424=ORIENTED_EDGE('',*,*,#8705,.T.);
#7425=ORIENTED_EDGE('',*,*,#8703,.T.);
#7426=ORIENTED_EDGE('',*,*,#8701,.T.);
#7427=ORIENTED_EDGE('',*,*,#8699,.T.);
#7428=ORIENTED_EDGE('',*,*,#8697,.T.);
#7429=ORIENTED_EDGE('',*,*,#8695,.T.);
#7430=ORIENTED_EDGE('',*,*,#8717,.T.);
#7431=ORIENTED_EDGE('',*,*,#8723,.T.);
#7432=ORIENTED_EDGE('',*,*,#8721,.T.);
#7433=ORIENTED_EDGE('',*,*,#8719,.T.);
#7434=ORIENTED_EDGE('',*,*,#8725,.T.);
#7435=ORIENTED_EDGE('',*,*,#8747,.T.);
#7436=ORIENTED_EDGE('',*,*,#8745,.T.);
#7437=ORIENTED_EDGE('',*,*,#8743,.T.);
#7438=ORIENTED_EDGE('',*,*,#8741,.T.);
#7439=ORIENTED_EDGE('',*,*,#8739,.T.);
#7440=ORIENTED_EDGE('',*,*,#8737,.T.);
#7441=ORIENTED_EDGE('',*,*,#8735,.T.);
#7442=ORIENTED_EDGE('',*,*,#8733,.T.);
#7443=ORIENTED_EDGE('',*,*,#8731,.T.);
#7444=ORIENTED_EDGE('',*,*,#8729,.T.);
#7445=ORIENTED_EDGE('',*,*,#8727,.T.);
#7446=ORIENTED_EDGE('',*,*,#8749,.T.);
#7447=ORIENTED_EDGE('',*,*,#8771,.T.);
#7448=ORIENTED_EDGE('',*,*,#8769,.T.);
#7449=ORIENTED_EDGE('',*,*,#8767,.T.);
#7450=ORIENTED_EDGE('',*,*,#8765,.T.);
#7451=ORIENTED_EDGE('',*,*,#8763,.T.);
#7452=ORIENTED_EDGE('',*,*,#8761,.T.);
#7453=ORIENTED_EDGE('',*,*,#8759,.T.);
#7454=ORIENTED_EDGE('',*,*,#8757,.T.);
#7455=ORIENTED_EDGE('',*,*,#8755,.T.);
#7456=ORIENTED_EDGE('',*,*,#8753,.T.);
#7457=ORIENTED_EDGE('',*,*,#8751,.T.);
#7458=ORIENTED_EDGE('',*,*,#8773,.T.);
#7459=ORIENTED_EDGE('',*,*,#8779,.T.);
#7460=ORIENTED_EDGE('',*,*,#8777,.T.);
#7461=ORIENTED_EDGE('',*,*,#8775,.T.);
#7462=ORIENTED_EDGE('',*,*,#8781,.T.);
#7463=ORIENTED_EDGE('',*,*,#8787,.T.);
#7464=ORIENTED_EDGE('',*,*,#8785,.T.);
#7465=ORIENTED_EDGE('',*,*,#8783,.T.);
#7466=ORIENTED_EDGE('',*,*,#8788,.T.);
#7467=ORIENTED_EDGE('',*,*,#8789,.T.);
#7468=ORIENTED_EDGE('',*,*,#8788,.F.);
#7469=ORIENTED_EDGE('',*,*,#8789,.F.);
#7470=ORIENTED_EDGE('',*,*,#8790,.T.);
#7471=ORIENTED_EDGE('',*,*,#8791,.F.);
#7472=ORIENTED_EDGE('',*,*,#8792,.F.);
#7473=ORIENTED_EDGE('',*,*,#8793,.F.);
#7474=ORIENTED_EDGE('',*,*,#8793,.T.);
#7475=ORIENTED_EDGE('',*,*,#8794,.T.);
#7476=ORIENTED_EDGE('',*,*,#8795,.T.);
#7477=ORIENTED_EDGE('',*,*,#8790,.F.);
#7478=ORIENTED_EDGE('',*,*,#8794,.F.);
#7479=ORIENTED_EDGE('',*,*,#8791,.T.);
#7480=ORIENTED_EDGE('',*,*,#8796,.F.);
#7481=ORIENTED_EDGE('',*,*,#8792,.T.);
#7482=ORIENTED_EDGE('',*,*,#8795,.F.);
#7483=ORIENTED_EDGE('',*,*,#8797,.T.);
#7484=ORIENTED_EDGE('',*,*,#8798,.F.);
#7485=ORIENTED_EDGE('',*,*,#8796,.T.);
#7486=ORIENTED_EDGE('',*,*,#8797,.F.);
#7487=ORIENTED_EDGE('',*,*,#8799,.T.);
#7488=ORIENTED_EDGE('',*,*,#8798,.T.);
#7489=ORIENTED_EDGE('',*,*,#8800,.F.);
#7490=ORIENTED_EDGE('',*,*,#8799,.F.);
#7491=ORIENTED_EDGE('',*,*,#8801,.T.);
#7492=ORIENTED_EDGE('',*,*,#8800,.T.);
#7493=ORIENTED_EDGE('',*,*,#8802,.F.);
#7494=ORIENTED_EDGE('',*,*,#8803,.T.);
#7495=ORIENTED_EDGE('',*,*,#8801,.F.);
#7496=ORIENTED_EDGE('',*,*,#8802,.T.);
#7497=ORIENTED_EDGE('',*,*,#8804,.F.);
#7498=ORIENTED_EDGE('',*,*,#8803,.F.);
#7499=ORIENTED_EDGE('',*,*,#8805,.T.);
#7500=ORIENTED_EDGE('',*,*,#8806,.F.);
#7501=ORIENTED_EDGE('',*,*,#8804,.T.);
#7502=ORIENTED_EDGE('',*,*,#8805,.F.);
#7503=ORIENTED_EDGE('',*,*,#8807,.T.);
#7504=ORIENTED_EDGE('',*,*,#8806,.T.);
#7505=ORIENTED_EDGE('',*,*,#8808,.F.);
#7506=ORIENTED_EDGE('',*,*,#8807,.F.);
#7507=ORIENTED_EDGE('',*,*,#8809,.T.);
#7508=ORIENTED_EDGE('',*,*,#8808,.T.);
#7509=ORIENTED_EDGE('',*,*,#8810,.F.);
#7510=ORIENTED_EDGE('',*,*,#8809,.F.);
#7511=ORIENTED_EDGE('',*,*,#8811,.T.);
#7512=ORIENTED_EDGE('',*,*,#8810,.T.);
#7513=ORIENTED_EDGE('',*,*,#8811,.F.);
#7514=ORIENTED_EDGE('',*,*,#8812,.T.);
#7515=ORIENTED_EDGE('',*,*,#8813,.T.);
#7516=ORIENTED_EDGE('',*,*,#8812,.F.);
#7517=ORIENTED_EDGE('',*,*,#8813,.F.);
#7518=ORIENTED_EDGE('',*,*,#8814,.T.);
#7519=ORIENTED_EDGE('',*,*,#8814,.F.);
#7520=ORIENTED_EDGE('',*,*,#8815,.T.);
#7521=ORIENTED_EDGE('',*,*,#8815,.F.);
#7522=ORIENTED_EDGE('',*,*,#8816,.T.);
#7523=ORIENTED_EDGE('',*,*,#8817,.F.);
#7524=ORIENTED_EDGE('',*,*,#8818,.T.);
#7525=ORIENTED_EDGE('',*,*,#8819,.T.);
#7526=ORIENTED_EDGE('',*,*,#8820,.T.);
#7527=ORIENTED_EDGE('',*,*,#8821,.F.);
#7528=ORIENTED_EDGE('',*,*,#8822,.T.);
#7529=ORIENTED_EDGE('',*,*,#8823,.T.);
#7530=ORIENTED_EDGE('',*,*,#8824,.T.);
#7531=ORIENTED_EDGE('',*,*,#8825,.F.);
#7532=ORIENTED_EDGE('',*,*,#8826,.T.);
#7533=ORIENTED_EDGE('',*,*,#8827,.T.);
#7534=ORIENTED_EDGE('',*,*,#8828,.T.);
#7535=ORIENTED_EDGE('',*,*,#8829,.F.);
#7536=ORIENTED_EDGE('',*,*,#8830,.T.);
#7537=ORIENTED_EDGE('',*,*,#8831,.T.);
#7538=ORIENTED_EDGE('',*,*,#8832,.T.);
#7539=ORIENTED_EDGE('',*,*,#8833,.F.);
#7540=ORIENTED_EDGE('',*,*,#8834,.T.);
#7541=ORIENTED_EDGE('',*,*,#8817,.T.);
#7542=ORIENTED_EDGE('',*,*,#8835,.T.);
#7543=ORIENTED_EDGE('',*,*,#8829,.T.);
#7544=ORIENTED_EDGE('',*,*,#8836,.T.);
#7545=ORIENTED_EDGE('',*,*,#8837,.F.);
#7546=ORIENTED_EDGE('',*,*,#8838,.T.);
#7547=ORIENTED_EDGE('',*,*,#8839,.F.);
#7548=ORIENTED_EDGE('',*,*,#8840,.T.);
#7549=ORIENTED_EDGE('',*,*,#8821,.T.);
#7550=ORIENTED_EDGE('',*,*,#8841,.T.);
#7551=ORIENTED_EDGE('',*,*,#8825,.T.);
#7552=ORIENTED_EDGE('',*,*,#8842,.T.);
#7553=ORIENTED_EDGE('',*,*,#8843,.F.);
#7554=ORIENTED_EDGE('',*,*,#8844,.T.);
#7555=ORIENTED_EDGE('',*,*,#8845,.T.);
#7556=ORIENTED_EDGE('',*,*,#8846,.F.);
#7557=ORIENTED_EDGE('',*,*,#8847,.T.);
#7558=ORIENTED_EDGE('',*,*,#8848,.T.);
#7559=ORIENTED_EDGE('',*,*,#8833,.T.);
#7560=ORIENTED_EDGE('',*,*,#8849,.T.);
#7561=ORIENTED_EDGE('',*,*,#8837,.T.);
#7562=ORIENTED_EDGE('',*,*,#8850,.T.);
#7563=ORIENTED_EDGE('',*,*,#8851,.T.);
#7564=ORIENTED_EDGE('',*,*,#8852,.F.);
#7565=ORIENTED_EDGE('',*,*,#8853,.T.);
#7566=ORIENTED_EDGE('',*,*,#8854,.T.);
#7567=ORIENTED_EDGE('',*,*,#8855,.T.);
#7568=ORIENTED_EDGE('',*,*,#8856,.F.);
#7569=ORIENTED_EDGE('',*,*,#8857,.T.);
#7570=ORIENTED_EDGE('',*,*,#8858,.T.);
#7571=ORIENTED_EDGE('',*,*,#8839,.T.);
#7572=ORIENTED_EDGE('',*,*,#8859,.T.);
#7573=ORIENTED_EDGE('',*,*,#8843,.T.);
#7574=ORIENTED_EDGE('',*,*,#8860,.T.);
#7575=ORIENTED_EDGE('',*,*,#8861,.T.);
#7576=ORIENTED_EDGE('',*,*,#8862,.F.);
#7577=ORIENTED_EDGE('',*,*,#8863,.T.);
#7578=ORIENTED_EDGE('',*,*,#8864,.T.);
#7579=ORIENTED_EDGE('',*,*,#8852,.T.);
#7580=ORIENTED_EDGE('',*,*,#8865,.T.);
#7581=ORIENTED_EDGE('',*,*,#8866,.F.);
#7582=ORIENTED_EDGE('',*,*,#8867,.T.);
#7583=ORIENTED_EDGE('',*,*,#8868,.F.);
#7584=ORIENTED_EDGE('',*,*,#8869,.T.);
#7585=ORIENTED_EDGE('',*,*,#8846,.T.);
#7586=ORIENTED_EDGE('',*,*,#8870,.T.);
#7587=ORIENTED_EDGE('',*,*,#8871,.F.);
#7588=ORIENTED_EDGE('',*,*,#8872,.T.);
#7589=ORIENTED_EDGE('',*,*,#8856,.T.);
#7590=ORIENTED_EDGE('',*,*,#8873,.T.);
#7591=ORIENTED_EDGE('',*,*,#8862,.T.);
#7592=ORIENTED_EDGE('',*,*,#8874,.T.);
#7593=ORIENTED_EDGE('',*,*,#8875,.F.);
#7594=ORIENTED_EDGE('',*,*,#8876,.T.);
#7595=ORIENTED_EDGE('',*,*,#8877,.F.);
#7596=ORIENTED_EDGE('',*,*,#8878,.T.);
#7597=ORIENTED_EDGE('',*,*,#8879,.T.);
#7598=ORIENTED_EDGE('',*,*,#8868,.T.);
#7599=ORIENTED_EDGE('',*,*,#8880,.T.);
#7600=ORIENTED_EDGE('',*,*,#8881,.T.);
#7601=ORIENTED_EDGE('',*,*,#8882,.T.);
#7602=ORIENTED_EDGE('',*,*,#8866,.T.);
#7603=ORIENTED_EDGE('',*,*,#8883,.T.);
#7604=ORIENTED_EDGE('',*,*,#8884,.T.);
#7605=ORIENTED_EDGE('',*,*,#8885,.F.);
#7606=ORIENTED_EDGE('',*,*,#8886,.T.);
#7607=ORIENTED_EDGE('',*,*,#8887,.F.);
#7608=ORIENTED_EDGE('',*,*,#8888,.T.);
#7609=ORIENTED_EDGE('',*,*,#8889,.T.);
#7610=ORIENTED_EDGE('',*,*,#8871,.T.);
#7611=ORIENTED_EDGE('',*,*,#8890,.T.);
#7612=ORIENTED_EDGE('',*,*,#8891,.T.);
#7613=ORIENTED_EDGE('',*,*,#8892,.T.);
#7614=ORIENTED_EDGE('',*,*,#8875,.T.);
#7615=ORIENTED_EDGE('',*,*,#8893,.T.);
#7616=ORIENTED_EDGE('',*,*,#8894,.T.);
#7617=ORIENTED_EDGE('',*,*,#8895,.F.);
#7618=ORIENTED_EDGE('',*,*,#8896,.T.);
#7619=ORIENTED_EDGE('',*,*,#8897,.F.);
#7620=ORIENTED_EDGE('',*,*,#8898,.T.);
#7621=ORIENTED_EDGE('',*,*,#8877,.T.);
#7622=ORIENTED_EDGE('',*,*,#8899,.T.);
#7623=ORIENTED_EDGE('',*,*,#8885,.T.);
#7624=ORIENTED_EDGE('',*,*,#8900,.T.);
#7625=ORIENTED_EDGE('',*,*,#8901,.F.);
#7626=ORIENTED_EDGE('',*,*,#8902,.T.);
#7627=ORIENTED_EDGE('',*,*,#8903,.F.);
#7628=ORIENTED_EDGE('',*,*,#8904,.T.);
#7629=ORIENTED_EDGE('',*,*,#8887,.T.);
#7630=ORIENTED_EDGE('',*,*,#8905,.T.);
#7631=ORIENTED_EDGE('',*,*,#8895,.T.);
#7632=ORIENTED_EDGE('',*,*,#8906,.T.);
#7633=ORIENTED_EDGE('',*,*,#8907,.F.);
#7634=ORIENTED_EDGE('',*,*,#8908,.T.);
#7635=ORIENTED_EDGE('',*,*,#8909,.T.);
#7636=ORIENTED_EDGE('',*,*,#8910,.T.);
#7637=ORIENTED_EDGE('',*,*,#8901,.T.);
#7638=ORIENTED_EDGE('',*,*,#8911,.T.);
#7639=ORIENTED_EDGE('',*,*,#8912,.T.);
#7640=ORIENTED_EDGE('',*,*,#8913,.T.);
#7641=ORIENTED_EDGE('',*,*,#8907,.T.);
#7642=ORIENTED_EDGE('',*,*,#8914,.T.);
#7643=ORIENTED_EDGE('',*,*,#8915,.T.);
#7644=ORIENTED_EDGE('',*,*,#8916,.T.);
#7645=ORIENTED_EDGE('',*,*,#8903,.T.);
#7646=ORIENTED_EDGE('',*,*,#8917,.T.);
#7647=ORIENTED_EDGE('',*,*,#8918,.T.);
#7648=ORIENTED_EDGE('',*,*,#8919,.T.);
#7649=ORIENTED_EDGE('',*,*,#8897,.T.);
#7650=ORIENTED_EDGE('',*,*,#8914,.F.);
#7651=ORIENTED_EDGE('',*,*,#8906,.F.);
#7652=ORIENTED_EDGE('',*,*,#8894,.F.);
#7653=ORIENTED_EDGE('',*,*,#8920,.T.);
#7654=ORIENTED_EDGE('',*,*,#8860,.F.);
#7655=ORIENTED_EDGE('',*,*,#8842,.F.);
#7656=ORIENTED_EDGE('',*,*,#8824,.F.);
#7657=ORIENTED_EDGE('',*,*,#8921,.F.);
#7658=ORIENTED_EDGE('',*,*,#8893,.F.);
#7659=ORIENTED_EDGE('',*,*,#8874,.F.);
#7660=ORIENTED_EDGE('',*,*,#8861,.F.);
#7661=ORIENTED_EDGE('',*,*,#8920,.F.);
#7662=ORIENTED_EDGE('',*,*,#8889,.F.);
#7663=ORIENTED_EDGE('',*,*,#8922,.T.);
#7664=ORIENTED_EDGE('',*,*,#8857,.F.);
#7665=ORIENTED_EDGE('',*,*,#8872,.F.);
#7666=ORIENTED_EDGE('',*,*,#8916,.F.);
#7667=ORIENTED_EDGE('',*,*,#8923,.T.);
#7668=ORIENTED_EDGE('',*,*,#8822,.F.);
#7669=ORIENTED_EDGE('',*,*,#8840,.F.);
#7670=ORIENTED_EDGE('',*,*,#8858,.F.);
#7671=ORIENTED_EDGE('',*,*,#8922,.F.);
#7672=ORIENTED_EDGE('',*,*,#8888,.F.);
#7673=ORIENTED_EDGE('',*,*,#8904,.F.);
#7674=ORIENTED_EDGE('',*,*,#8915,.F.);
#7675=ORIENTED_EDGE('',*,*,#8921,.T.);
#7676=ORIENTED_EDGE('',*,*,#8823,.F.);
#7677=ORIENTED_EDGE('',*,*,#8923,.F.);
#7678=ORIENTED_EDGE('',*,*,#8892,.F.);
#7679=ORIENTED_EDGE('',*,*,#8924,.T.);
#7680=ORIENTED_EDGE('',*,*,#8863,.F.);
#7681=ORIENTED_EDGE('',*,*,#8873,.F.);
#7682=ORIENTED_EDGE('',*,*,#8913,.F.);
#7683=ORIENTED_EDGE('',*,*,#8925,.T.);
#7684=ORIENTED_EDGE('',*,*,#8826,.F.);
#7685=ORIENTED_EDGE('',*,*,#8841,.F.);
#7686=ORIENTED_EDGE('',*,*,#8859,.F.);
#7687=ORIENTED_EDGE('',*,*,#8924,.F.);
#7688=ORIENTED_EDGE('',*,*,#8891,.F.);
#7689=ORIENTED_EDGE('',*,*,#8905,.F.);
#7690=ORIENTED_EDGE('',*,*,#8912,.F.);
#7691=ORIENTED_EDGE('',*,*,#8926,.T.);
#7692=ORIENTED_EDGE('',*,*,#8827,.F.);
#7693=ORIENTED_EDGE('',*,*,#8925,.F.);
#7694=ORIENTED_EDGE('',*,*,#8911,.F.);
#7695=ORIENTED_EDGE('',*,*,#8900,.F.);
#7696=ORIENTED_EDGE('',*,*,#8884,.F.);
#7697=ORIENTED_EDGE('',*,*,#8927,.T.);
#7698=ORIENTED_EDGE('',*,*,#8850,.F.);
#7699=ORIENTED_EDGE('',*,*,#8836,.F.);
#7700=ORIENTED_EDGE('',*,*,#8828,.F.);
#7701=ORIENTED_EDGE('',*,*,#8926,.F.);
#7702=ORIENTED_EDGE('',*,*,#8883,.F.);
#7703=ORIENTED_EDGE('',*,*,#8865,.F.);
#7704=ORIENTED_EDGE('',*,*,#8851,.F.);
#7705=ORIENTED_EDGE('',*,*,#8927,.F.);
#7706=ORIENTED_EDGE('',*,*,#8890,.F.);
#7707=ORIENTED_EDGE('',*,*,#8870,.F.);
#7708=ORIENTED_EDGE('',*,*,#8855,.F.);
#7709=ORIENTED_EDGE('',*,*,#8928,.F.);
#7710=ORIENTED_EDGE('',*,*,#8879,.F.);
#7711=ORIENTED_EDGE('',*,*,#8929,.T.);
#7712=ORIENTED_EDGE('',*,*,#8847,.F.);
#7713=ORIENTED_EDGE('',*,*,#8869,.F.);
#7714=ORIENTED_EDGE('',*,*,#8919,.F.);
#7715=ORIENTED_EDGE('',*,*,#8930,.T.);
#7716=ORIENTED_EDGE('',*,*,#8818,.F.);
#7717=ORIENTED_EDGE('',*,*,#8834,.F.);
#7718=ORIENTED_EDGE('',*,*,#8848,.F.);
#7719=ORIENTED_EDGE('',*,*,#8929,.F.);
#7720=ORIENTED_EDGE('',*,*,#8878,.F.);
#7721=ORIENTED_EDGE('',*,*,#8898,.F.);
#7722=ORIENTED_EDGE('',*,*,#8918,.F.);
#7723=ORIENTED_EDGE('',*,*,#8931,.T.);
#7724=ORIENTED_EDGE('',*,*,#8819,.F.);
#7725=ORIENTED_EDGE('',*,*,#8930,.F.);
#7726=ORIENTED_EDGE('',*,*,#8917,.F.);
#7727=ORIENTED_EDGE('',*,*,#8902,.F.);
#7728=ORIENTED_EDGE('',*,*,#8886,.F.);
#7729=ORIENTED_EDGE('',*,*,#8928,.T.);
#7730=ORIENTED_EDGE('',*,*,#8854,.F.);
#7731=ORIENTED_EDGE('',*,*,#8838,.F.);
#7732=ORIENTED_EDGE('',*,*,#8820,.F.);
#7733=ORIENTED_EDGE('',*,*,#8931,.F.);
#7734=ORIENTED_EDGE('',*,*,#8880,.F.);
#7735=ORIENTED_EDGE('',*,*,#8867,.F.);
#7736=ORIENTED_EDGE('',*,*,#8845,.F.);
#7737=ORIENTED_EDGE('',*,*,#8932,.F.);
#7738=ORIENTED_EDGE('',*,*,#8882,.F.);
#7739=ORIENTED_EDGE('',*,*,#8933,.T.);
#7740=ORIENTED_EDGE('',*,*,#8853,.F.);
#7741=ORIENTED_EDGE('',*,*,#8864,.F.);
#7742=ORIENTED_EDGE('',*,*,#8910,.F.);
#7743=ORIENTED_EDGE('',*,*,#8934,.T.);
#7744=ORIENTED_EDGE('',*,*,#8830,.F.);
#7745=ORIENTED_EDGE('',*,*,#8835,.F.);
#7746=ORIENTED_EDGE('',*,*,#8849,.F.);
#7747=ORIENTED_EDGE('',*,*,#8933,.F.);
#7748=ORIENTED_EDGE('',*,*,#8881,.F.);
#7749=ORIENTED_EDGE('',*,*,#8899,.F.);
#7750=ORIENTED_EDGE('',*,*,#8909,.F.);
#7751=ORIENTED_EDGE('',*,*,#8935,.T.);
#7752=ORIENTED_EDGE('',*,*,#8831,.F.);
#7753=ORIENTED_EDGE('',*,*,#8934,.F.);
#7754=ORIENTED_EDGE('',*,*,#8908,.F.);
#7755=ORIENTED_EDGE('',*,*,#8896,.F.);
#7756=ORIENTED_EDGE('',*,*,#8876,.F.);
#7757=ORIENTED_EDGE('',*,*,#8932,.T.);
#7758=ORIENTED_EDGE('',*,*,#8844,.F.);
#7759=ORIENTED_EDGE('',*,*,#8832,.F.);
#7760=ORIENTED_EDGE('',*,*,#8816,.F.);
#7761=ORIENTED_EDGE('',*,*,#8935,.F.);
#7762=EDGE_CURVE('',#8936,#8937,#8938,.T.);
#7763=EDGE_CURVE('',#8939,#8936,#8940,.T.);
#7764=EDGE_CURVE('',#8939,#8941,#8942,.T.);
#7765=EDGE_CURVE('',#8937,#8941,#8943,.T.);
#7766=EDGE_CURVE('',#8944,#8944,#8945,.F.);
#7767=EDGE_CURVE('',#8946,#8946,#8947,.F.);
#7768=EDGE_CURVE('',#8948,#8948,#8949,.F.);
#7769=EDGE_CURVE('',#8950,#8950,#8951,.F.);
#7770=EDGE_CURVE('',#8952,#8952,#8953,.F.);
#7771=EDGE_CURVE('',#8954,#8954,#8955,.F.);
#7772=EDGE_CURVE('',#8956,#8956,#8957,.F.);
#7773=EDGE_CURVE('',#8958,#8958,#8959,.F.);
#7774=EDGE_CURVE('',#8960,#8960,#8961,.T.);
#7775=EDGE_CURVE('',#8962,#8962,#8963,.T.);
#7776=EDGE_CURVE('',#8964,#8964,#8965,.T.);
#7777=EDGE_CURVE('',#8966,#8966,#8967,.T.);
#7778=EDGE_CURVE('',#8968,#8968,#8969,.T.);
#7779=EDGE_CURVE('',#8970,#8970,#8971,.T.);
#7780=EDGE_CURVE('',#8972,#8972,#8973,.T.);
#7781=EDGE_CURVE('',#8974,#8974,#8975,.T.);
#7782=EDGE_CURVE('',#8976,#8976,#8977,.T.);
#7783=EDGE_CURVE('',#8978,#8937,#8979,.T.);
#7784=EDGE_CURVE('',#8980,#8978,#8981,.T.);
#7785=EDGE_CURVE('',#8936,#8980,#8982,.T.);
#7786=EDGE_CURVE('',#8983,#8936,#8984,.T.);
#7787=EDGE_CURVE('',#8985,#8983,#8986,.T.);
#7788=EDGE_CURVE('',#8985,#8939,#8987,.T.);
#7789=EDGE_CURVE('',#8988,#8989,#8990,.T.);
#7790=EDGE_CURVE('',#8941,#8989,#8991,.T.);
#7791=EDGE_CURVE('',#8988,#8939,#8992,.T.);
#7792=EDGE_CURVE('',#8993,#8937,#8994,.T.);
#7793=EDGE_CURVE('',#8995,#8941,#8996,.T.);
#7794=EDGE_CURVE('',#8993,#8995,#8997,.T.);
#7795=EDGE_CURVE('',#8998,#8998,#8999,.T.);
#7796=EDGE_CURVE('',#9000,#9000,#9001,.T.);
#7797=EDGE_CURVE('',#9002,#9002,#9003,.T.);
#7798=EDGE_CURVE('',#9004,#9004,#9005,.T.);
#7799=EDGE_CURVE('',#9006,#9006,#9007,.T.);
#7800=EDGE_CURVE('',#9008,#9008,#9009,.T.);
#7801=EDGE_CURVE('',#9010,#9010,#9011,.T.);
#7802=EDGE_CURVE('',#9012,#9012,#9013,.T.);
#7803=EDGE_CURVE('',#9014,#9014,#9015,.T.);
#7804=EDGE_CURVE('',#9016,#8993,#9017,.T.);
#7805=EDGE_CURVE('',#9016,#8978,#9018,.T.);
#7806=EDGE_CURVE('',#9019,#9020,#9021,.T.);
#7807=EDGE_CURVE('',#8980,#9019,#9022,.T.);
#7808=EDGE_CURVE('',#9020,#8978,#9023,.T.);
#7809=EDGE_CURVE('',#8983,#9024,#9025,.T.);
#7810=EDGE_CURVE('',#9024,#8980,#9026,.T.);
#7811=EDGE_CURVE('',#8983,#8993,#9027,.T.);
#7812=EDGE_CURVE('',#8985,#8995,#9028,.T.);
#7813=EDGE_CURVE('',#9029,#9029,#9030,.F.);
#7814=EDGE_CURVE('',#9031,#9031,#9032,.F.);
#7815=EDGE_CURVE('',#9033,#9033,#9034,.F.);
#7816=EDGE_CURVE('',#9035,#9035,#9036,.F.);
#7817=EDGE_CURVE('',#9037,#9037,#9038,.F.);
#7818=EDGE_CURVE('',#9039,#9039,#9040,.F.);
#7819=EDGE_CURVE('',#9041,#9041,#9042,.F.);
#7820=EDGE_CURVE('',#9043,#9043,#9044,.F.);
#7821=EDGE_CURVE('',#9045,#9045,#9046,.T.);
#7822=EDGE_CURVE('',#9047,#8985,#9048,.T.);
#7823=EDGE_CURVE('',#9047,#8988,#9049,.T.);
#7824=EDGE_CURVE('',#9050,#9051,#9052,.F.);
#7825=EDGE_CURVE('',#8989,#9050,#9053,.T.);
#7826=EDGE_CURVE('',#9054,#8988,#9055,.T.);
#7827=EDGE_CURVE('',#9056,#9054,#9057,.F.);
#7828=EDGE_CURVE('',#9051,#9056,#9058,.T.);
#7829=EDGE_CURVE('',#9059,#8989,#9060,.T.);
#7830=EDGE_CURVE('',#8995,#9059,#9061,.T.);
#7831=EDGE_CURVE('',#9062,#9062,#9063,.T.);
#7832=EDGE_CURVE('',#9024,#9016,#9064,.T.);
#7833=EDGE_CURVE('',#9065,#9020,#9066,.T.);
#7834=EDGE_CURVE('',#9065,#9016,#9067,.T.);
#7835=EDGE_CURVE('',#9068,#9020,#9069,.T.);
#7836=EDGE_CURVE('',#9070,#9068,#9071,.T.);
#7837=EDGE_CURVE('',#9019,#9070,#9072,.T.);
#7838=EDGE_CURVE('',#9073,#9019,#9074,.T.);
#7839=EDGE_CURVE('',#9024,#9073,#9075,.T.);
#7840=EDGE_CURVE('',#9047,#9059,#9076,.T.);
#7841=EDGE_CURVE('',#9077,#9077,#9078,.T.);
#7842=EDGE_CURVE('',#9079,#9079,#9080,.T.);
#7843=EDGE_CURVE('',#9081,#9081,#9082,.T.);
#7844=EDGE_CURVE('',#9083,#9083,#9084,.T.);
#7845=EDGE_CURVE('',#9085,#9085,#9086,.T.);
#7846=EDGE_CURVE('',#9087,#9087,#9088,.T.);
#7847=EDGE_CURVE('',#9089,#9089,#9090,.T.);
#7848=EDGE_CURVE('',#9091,#9091,#9092,.T.);
#7849=EDGE_CURVE('',#9093,#9093,#9094,.T.);
#7850=EDGE_CURVE('',#9054,#9095,#9096,.T.);
#7851=EDGE_CURVE('',#9095,#9047,#9097,.T.);
#7852=EDGE_CURVE('',#9051,#9098,#9099,.T.);
#7853=EDGE_CURVE('',#9056,#9100,#9101,.T.);
#7854=EDGE_CURVE('',#9098,#9100,#9102,.T.);
#7855=EDGE_CURVE('',#9050,#9103,#9104,.T.);
#7856=EDGE_CURVE('',#9059,#9103,#9105,.T.);
#7857=EDGE_CURVE('',#9073,#9065,#9106,.T.);
#7858=EDGE_CURVE('',#9107,#9065,#9108,.T.);
#7859=EDGE_CURVE('',#9107,#9068,#9109,.T.);
#7860=EDGE_CURVE('',#9110,#9111,#9112,.T.);
#7861=EDGE_CURVE('',#9070,#9111,#9113,.T.);
#7862=EDGE_CURVE('',#9110,#9068,#9114,.T.);
#7863=EDGE_CURVE('',#9073,#9115,#9116,.T.);
#7864=EDGE_CURVE('',#9115,#9070,#9117,.T.);
#7865=EDGE_CURVE('',#9098,#9103,#9118,.F.);
#7866=EDGE_CURVE('',#9095,#9100,#9119,.F.);
#7867=EDGE_CURVE('',#9120,#9120,#9121,.T.);
#7868=EDGE_CURVE('',#9122,#9122,#9123,.T.);
#7869=EDGE_CURVE('',#9124,#9124,#9125,.T.);
#7870=EDGE_CURVE('',#9126,#9126,#9127,.T.);
#7871=EDGE_CURVE('',#9128,#9128,#9129,.T.);
#7872=EDGE_CURVE('',#9130,#9130,#9131,.T.);
#7873=EDGE_CURVE('',#9132,#9132,#9133,.T.);
#7874=EDGE_CURVE('',#9134,#9134,#9135,.T.);
#7875=EDGE_CURVE('',#9136,#9136,#9137,.T.);
#7876=EDGE_CURVE('',#9115,#9107,#9138,.T.);
#7877=EDGE_CURVE('',#9139,#9110,#9140,.T.);
#7878=EDGE_CURVE('',#9139,#9107,#9141,.T.);
#7879=EDGE_CURVE('',#9142,#9110,#9143,.T.);
#7880=EDGE_CURVE('',#9142,#9144,#9145,.T.);
#7881=EDGE_CURVE('',#9111,#9144,#9146,.T.);
#7882=EDGE_CURVE('',#9147,#9111,#9148,.T.);
#7883=EDGE_CURVE('',#9115,#9147,#9149,.T.);
#7884=EDGE_CURVE('',#9139,#9147,#9150,.T.);
#7885=EDGE_CURVE('',#9151,#9139,#9152,.T.);
#7886=EDGE_CURVE('',#9151,#9142,#9153,.T.);
#7887=EDGE_CURVE('',#9154,#9155,#9156,.T.);
#7888=EDGE_CURVE('',#9144,#9154,#9157,.T.);
#7889=EDGE_CURVE('',#9155,#9142,#9158,.T.);
#7890=EDGE_CURVE('',#9147,#9159,#9160,.T.);
#7891=EDGE_CURVE('',#9159,#9144,#9161,.T.);
#7892=EDGE_CURVE('',#9151,#9159,#9162,.T.);
#7893=EDGE_CURVE('',#9163,#9155,#9164,.T.);
#7894=EDGE_CURVE('',#9163,#9151,#9165,.T.);
#7895=EDGE_CURVE('',#9166,#9155,#9167,.T.);
#7896=EDGE_CURVE('',#9168,#9166,#9169,.T.);
#7897=EDGE_CURVE('',#9154,#9168,#9170,.T.);
#7898=EDGE_CURVE('',#9171,#9154,#9172,.T.);
#7899=EDGE_CURVE('',#9159,#9171,#9173,.T.);
#7900=EDGE_CURVE('',#9171,#9163,#9174,.T.);
#7901=EDGE_CURVE('',#9175,#9163,#9176,.T.);
#7902=EDGE_CURVE('',#9175,#9166,#9177,.T.);
#7903=EDGE_CURVE('',#9178,#9179,#9180,.T.);
#7904=EDGE_CURVE('',#9181,#9178,#9182,.T.);
#7905=EDGE_CURVE('',#9183,#9181,#9184,.T.);
#7906=EDGE_CURVE('',#9168,#9183,#9185,.T.);
#7907=EDGE_CURVE('',#9186,#9166,#9187,.T.);
#7908=EDGE_CURVE('',#9188,#9186,#9189,.T.);
#7909=EDGE_CURVE('',#9179,#9188,#9190,.T.);
#7910=EDGE_CURVE('',#9171,#9191,#9192,.T.);
#7911=EDGE_CURVE('',#9191,#9168,#9193,.T.);
#7912=EDGE_CURVE('',#9191,#9175,#9194,.T.);
#7913=EDGE_CURVE('',#9195,#9175,#9196,.T.);
#7914=EDGE_CURVE('',#9186,#9195,#9197,.T.);
#7915=EDGE_CURVE('',#9198,#9199,#9200,.T.);
#7916=EDGE_CURVE('',#9178,#9198,#9201,.T.);
#7917=EDGE_CURVE('',#9199,#9179,#9202,.T.);
#7918=EDGE_CURVE('',#9203,#9178,#9204,.T.);
#7919=EDGE_CURVE('',#9205,#9203,#9206,.T.);
#7920=EDGE_CURVE('',#9181,#9205,#9207,.T.);
#7921=EDGE_CURVE('',#9208,#9205,#9209,.T.);
#7922=EDGE_CURVE('',#9183,#9208,#9210,.T.);
#7923=EDGE_CURVE('',#9191,#9208,#9211,.T.);
#7924=EDGE_CURVE('',#9212,#9195,#9213,.T.);
#7925=EDGE_CURVE('',#9188,#9212,#9214,.T.);
#7926=EDGE_CURVE('',#9215,#9179,#9216,.T.);
#7927=EDGE_CURVE('',#9215,#9212,#9217,.T.);
#7928=EDGE_CURVE('',#9203,#9215,#9218,.T.);
#7929=EDGE_CURVE('',#9219,#9199,#9220,.T.);
#7930=EDGE_CURVE('',#9221,#9219,#9222,.T.);
#7931=EDGE_CURVE('',#9223,#9221,#9224,.T.);
#7932=EDGE_CURVE('',#9225,#9223,#9226,.T.);
#7933=EDGE_CURVE('',#9227,#9225,#9228,.T.);
#7934=EDGE_CURVE('',#9229,#9227,#9230,.T.);
#7935=EDGE_CURVE('',#9198,#9229,#9231,.T.);
#7936=EDGE_CURVE('',#9232,#9233,#9234,.T.);
#7937=EDGE_CURVE('',#9233,#9235,#9236,.T.);
#7938=EDGE_CURVE('',#9235,#9237,#9238,.T.);
#7939=EDGE_CURVE('',#9237,#9232,#9239,.T.);
#7940=EDGE_CURVE('',#9240,#9198,#9241,.T.);
#7941=EDGE_CURVE('',#9203,#9240,#9242,.T.);
#7942=EDGE_CURVE('',#9243,#9215,#9244,.T.);
#7943=EDGE_CURVE('',#9243,#9199,#9245,.T.);
#7944=EDGE_CURVE('',#9240,#9243,#9246,.T.);
#7945=EDGE_CURVE('',#9247,#9243,#9248,.T.);
#7946=EDGE_CURVE('',#9219,#9247,#9249,.T.);
#7947=EDGE_CURVE('',#9250,#9247,#9251,.T.);
#7948=EDGE_CURVE('',#9221,#9250,#9252,.T.);
#7949=EDGE_CURVE('',#9253,#9250,#9254,.T.);
#7950=EDGE_CURVE('',#9223,#9253,#9255,.T.);
#7951=EDGE_CURVE('',#9256,#9253,#9257,.T.);
#7952=EDGE_CURVE('',#9225,#9256,#9258,.T.);
#7953=EDGE_CURVE('',#9259,#9256,#9260,.T.);
#7954=EDGE_CURVE('',#9227,#9259,#9261,.T.);
#7955=EDGE_CURVE('',#9262,#9259,#9263,.T.);
#7956=EDGE_CURVE('',#9229,#9262,#9264,.T.);
#7957=EDGE_CURVE('',#9240,#9262,#9265,.T.);
#7958=EDGE_CURVE('',#9266,#9267,#9268,.F.);
#7959=EDGE_CURVE('',#9233,#9266,#9269,.T.);
#7960=EDGE_CURVE('',#9232,#9267,#9270,.T.);
#7961=EDGE_CURVE('',#9271,#9266,#9272,.F.);
#7962=EDGE_CURVE('',#9235,#9271,#9273,.T.);
#7963=EDGE_CURVE('',#9274,#9271,#9275,.F.);
#7964=EDGE_CURVE('',#9237,#9274,#9276,.T.);
#7965=EDGE_CURVE('',#9267,#9274,#9277,.F.);
#7966=EDGE_CURVE('',#9278,#9279,#9280,.T.);
#7967=EDGE_CURVE('',#9281,#9278,#9282,.T.);
#7968=EDGE_CURVE('',#9283,#9281,#9284,.T.);
#7969=EDGE_CURVE('',#9285,#9283,#9286,.T.);
#7970=EDGE_CURVE('',#9285,#9287,#9288,.T.);
#7971=EDGE_CURVE('',#9289,#9287,#9290,.T.);
#7972=EDGE_CURVE('',#9291,#9289,#9292,.T.);
#7973=EDGE_CURVE('',#9279,#9291,#9293,.T.);
#7974=EDGE_CURVE('',#9294,#9279,#9295,.T.);
#7975=EDGE_CURVE('',#9291,#9296,#9297,.T.);
#7976=EDGE_CURVE('',#9294,#9296,#9298,.T.);
#7977=EDGE_CURVE('',#9289,#9299,#9300,.T.);
#7978=EDGE_CURVE('',#9296,#9299,#9301,.T.);
#7979=EDGE_CURVE('',#9302,#9287,#9303,.T.);
#7980=EDGE_CURVE('',#9299,#9302,#9304,.T.);
#7981=EDGE_CURVE('',#9305,#9306,#9307,.T.);
#7982=EDGE_CURVE('',#9287,#9306,#9308,.T.);
#7983=EDGE_CURVE('',#9305,#9285,#9309,.T.);
#7984=EDGE_CURVE('',#9310,#9285,#9311,.T.);
#7985=EDGE_CURVE('',#9283,#9312,#9313,.T.);
#7986=EDGE_CURVE('',#9310,#9312,#9314,.T.);
#7987=EDGE_CURVE('',#9281,#9315,#9316,.T.);
#7988=EDGE_CURVE('',#9312,#9315,#9317,.T.);
#7989=EDGE_CURVE('',#9318,#9278,#9319,.T.);
#7990=EDGE_CURVE('',#9315,#9318,#9320,.T.);
#7991=EDGE_CURVE('',#9321,#9322,#9323,.T.);
#7992=EDGE_CURVE('',#9278,#9321,#9324,.T.);
#7993=EDGE_CURVE('',#9322,#9279,#9325,.T.);
#7994=EDGE_CURVE('',#9318,#9294,#9326,.T.);
#7995=EDGE_CURVE('',#9310,#9302,#9327,.T.);
#7996=EDGE_CURVE('',#9328,#9306,#9329,.T.);
#7997=EDGE_CURVE('',#9302,#9328,#9330,.T.);
#7998=EDGE_CURVE('',#9331,#9310,#9332,.T.);
#7999=EDGE_CURVE('',#9331,#9305,#9333,.T.);
#8000=EDGE_CURVE('',#9334,#9305,#9335,.T.);
#8001=EDGE_CURVE('',#9336,#9334,#9337,.T.);
#8002=EDGE_CURVE('',#9306,#9336,#9338,.T.);
#8003=EDGE_CURVE('',#9339,#9322,#9340,.T.);
#8004=EDGE_CURVE('',#9341,#9339,#9342,.T.);
#8005=EDGE_CURVE('',#9343,#9341,#9344,.T.);
#8006=EDGE_CURVE('',#9345,#9343,#9346,.T.);
#8007=EDGE_CURVE('',#9347,#9345,#9348,.T.);
#8008=EDGE_CURVE('',#9349,#9347,#9350,.T.);
#8009=EDGE_CURVE('',#9321,#9349,#9351,.T.);
#8010=EDGE_CURVE('',#9352,#9353,#9354,.T.);
#8011=EDGE_CURVE('',#9353,#9355,#9356,.T.);
#8012=EDGE_CURVE('',#9355,#9357,#9358,.T.);
#8013=EDGE_CURVE('',#9357,#9352,#9359,.T.);
#8014=EDGE_CURVE('',#9331,#9328,#9360,.T.);
#8015=EDGE_CURVE('',#9361,#9362,#9363,.T.);
#8016=EDGE_CURVE('',#9362,#9294,#9364,.T.);
#8017=EDGE_CURVE('',#9318,#9361,#9365,.T.);
#8018=EDGE_CURVE('',#9362,#9322,#9366,.T.);
#8019=EDGE_CURVE('',#9367,#9362,#9368,.T.);
#8020=EDGE_CURVE('',#9339,#9367,#9369,.T.);
#8021=EDGE_CURVE('',#9370,#9336,#9371,.T.);
#8022=EDGE_CURVE('',#9328,#9370,#9372,.T.);
#8023=EDGE_CURVE('',#9373,#9331,#9374,.T.);
#8024=EDGE_CURVE('',#9373,#9334,#9375,.T.);
#8025=EDGE_CURVE('',#9376,#9377,#9378,.T.);
#8026=EDGE_CURVE('',#9336,#9376,#9379,.T.);
#8027=EDGE_CURVE('',#9377,#9334,#9380,.T.);
#8028=EDGE_CURVE('',#9361,#9321,#9381,.T.);
#8029=EDGE_CURVE('',#9349,#9382,#9383,.T.);
#8030=EDGE_CURVE('',#9361,#9382,#9384,.T.);
#8031=EDGE_CURVE('',#9385,#9386,#9387,.F.);
#8032=EDGE_CURVE('',#9352,#9385,#9388,.T.);
#8033=EDGE_CURVE('',#9357,#9386,#9389,.T.);
#8034=EDGE_CURVE('',#9386,#9390,#9391,.F.);
#8035=EDGE_CURVE('',#9355,#9390,#9392,.T.);
#8036=EDGE_CURVE('',#9390,#9393,#9394,.F.);
#8037=EDGE_CURVE('',#9353,#9393,#9395,.T.);
#8038=EDGE_CURVE('',#9393,#9385,#9396,.F.);
#8039=EDGE_CURVE('',#9347,#9397,#9398,.T.);
#8040=EDGE_CURVE('',#9382,#9397,#9399,.T.);
#8041=EDGE_CURVE('',#9345,#9400,#9401,.T.);
#8042=EDGE_CURVE('',#9397,#9400,#9402,.T.);
#8043=EDGE_CURVE('',#9343,#9403,#9404,.T.);
#8044=EDGE_CURVE('',#9400,#9403,#9405,.T.);
#8045=EDGE_CURVE('',#9341,#9406,#9407,.T.);
#8046=EDGE_CURVE('',#9403,#9406,#9408,.T.);
#8047=EDGE_CURVE('',#9406,#9367,#9409,.T.);
#8048=EDGE_CURVE('',#9370,#9373,#9410,.T.);
#8049=EDGE_CURVE('',#9411,#9376,#9412,.T.);
#8050=EDGE_CURVE('',#9370,#9411,#9413,.T.);
#8051=EDGE_CURVE('',#9414,#9373,#9415,.T.);
#8052=EDGE_CURVE('',#9414,#9377,#9416,.T.);
#8053=EDGE_CURVE('',#9417,#9418,#9419,.F.);
#8054=EDGE_CURVE('',#9420,#9417,#9421,.T.);
#8055=EDGE_CURVE('',#9422,#9420,#9423,.F.);
#8056=EDGE_CURVE('',#9376,#9422,#9424,.T.);
#8057=EDGE_CURVE('',#9418,#9377,#9425,.T.);
#8058=EDGE_CURVE('',#9426,#9426,#9427,.T.);
#8059=EDGE_CURVE('',#9411,#9414,#9428,.T.);
#8060=EDGE_CURVE('',#9422,#9429,#9430,.T.);
#8061=EDGE_CURVE('',#9411,#9429,#9431,.T.);
#8062=EDGE_CURVE('',#9418,#9432,#9433,.T.);
#8063=EDGE_CURVE('',#9432,#9414,#9434,.T.);
#8064=EDGE_CURVE('',#9417,#9435,#9436,.T.);
#8065=EDGE_CURVE('',#9437,#9435,#9438,.T.);
#8066=EDGE_CURVE('',#9420,#9437,#9439,.T.);
#8067=EDGE_CURVE('',#9432,#9435,#9440,.F.);
#8068=EDGE_CURVE('',#9437,#9429,#9441,.F.);
#8069=EDGE_CURVE('',#9442,#9442,#9443,.T.);
#8070=EDGE_CURVE('',#9444,#9444,#9445,.T.);
#8071=EDGE_CURVE('',#9446,#9446,#9447,.T.);
#8072=EDGE_CURVE('',#9448,#9448,#9449,.T.);
#8073=EDGE_CURVE('',#9450,#9450,#9451,.T.);
#8074=EDGE_CURVE('',#9452,#9452,#9453,.T.);
#8075=EDGE_CURVE('',#9454,#9454,#9455,.T.);
#8076=EDGE_CURVE('',#9456,#9456,#9457,.T.);
#8077=EDGE_CURVE('',#9458,#9458,#9459,.T.);
#8078=EDGE_CURVE('',#9460,#9460,#9461,.T.);
#8079=EDGE_CURVE('',#9462,#9462,#9463,.T.);
#8080=EDGE_CURVE('',#9464,#9465,#9466,.F.);
#8081=EDGE_CURVE('',#9464,#9467,#9468,.T.);
#8082=EDGE_CURVE('',#9469,#9467,#9470,.T.);
#8083=EDGE_CURVE('',#9471,#9469,#9472,.F.);
#8084=EDGE_CURVE('',#9473,#9471,#9474,.F.);
#8085=EDGE_CURVE('',#9475,#9473,#9476,.T.);
#8086=EDGE_CURVE('',#9475,#9477,#9478,.T.);
#8087=EDGE_CURVE('',#9479,#9477,#9480,.T.);
#8088=EDGE_CURVE('',#9481,#9479,#9482,.F.);
#8089=EDGE_CURVE('',#9481,#9483,#9484,.T.);
#8090=EDGE_CURVE('',#9485,#9483,#9486,.T.);
#8091=EDGE_CURVE('',#9485,#9465,#9487,.T.);
#8092=EDGE_CURVE('',#9488,#9489,#9490,.T.);
#8093=EDGE_CURVE('',#9489,#9491,#9492,.T.);
#8094=EDGE_CURVE('',#9493,#9491,#9494,.T.);
#8095=EDGE_CURVE('',#9495,#9493,#9496,.F.);
#8096=EDGE_CURVE('',#9495,#9497,#9498,.T.);
#8097=EDGE_CURVE('',#9499,#9497,#9500,.T.);
#8098=EDGE_CURVE('',#9501,#9499,#9502,.T.);
#8099=EDGE_CURVE('',#9503,#9501,#9504,.F.);
#8100=EDGE_CURVE('',#9505,#9503,#9506,.F.);
#8101=EDGE_CURVE('',#9507,#9505,#9508,.F.);
#8102=EDGE_CURVE('',#9509,#9507,#9510,.T.);
#8103=EDGE_CURVE('',#9488,#9509,#9511,.F.);
#8104=EDGE_CURVE('',#9512,#9513,#9514,.T.);
#8105=EDGE_CURVE('',#9515,#9513,#9516,.T.);
#8106=EDGE_CURVE('',#9517,#9515,#9518,.T.);
#8107=EDGE_CURVE('',#9519,#9517,#9520,.F.);
#8108=EDGE_CURVE('',#9519,#9521,#9522,.T.);
#8109=EDGE_CURVE('',#9521,#9523,#9524,.T.);
#8110=EDGE_CURVE('',#9525,#9523,#9526,.F.);
#8111=EDGE_CURVE('',#9527,#9525,#9528,.F.);
#8112=EDGE_CURVE('',#9529,#9527,#9530,.T.);
#8113=EDGE_CURVE('',#9531,#9529,#9532,.T.);
#8114=EDGE_CURVE('',#9533,#9531,#9534,.T.);
#8115=EDGE_CURVE('',#9512,#9533,#9535,.F.);
#8116=EDGE_CURVE('',#9536,#9537,#9538,.F.);
#8117=EDGE_CURVE('',#9536,#9539,#9540,.T.);
#8118=EDGE_CURVE('',#9541,#9539,#9542,.F.);
#8119=EDGE_CURVE('',#9543,#9541,#9544,.F.);
#8120=EDGE_CURVE('',#9545,#9543,#9546,.F.);
#8121=EDGE_CURVE('',#9547,#9545,#9548,.T.);
#8122=EDGE_CURVE('',#9549,#9547,#9550,.F.);
#8123=EDGE_CURVE('',#9551,#9549,#9552,.T.);
#8124=EDGE_CURVE('',#9553,#9551,#9554,.F.);
#8125=EDGE_CURVE('',#9555,#9553,#9556,.F.);
#8126=EDGE_CURVE('',#9557,#9555,#9558,.T.);
#8127=EDGE_CURVE('',#9559,#9557,#9560,.T.);
#8128=EDGE_CURVE('',#9561,#9559,#9562,.F.);
#8129=EDGE_CURVE('',#9561,#9563,#9564,.T.);
#8130=EDGE_CURVE('',#9563,#9565,#9566,.T.);
#8131=EDGE_CURVE('',#9565,#9537,#9567,.T.);
#8132=EDGE_CURVE('',#9568,#9569,#9570,.F.);
#8133=EDGE_CURVE('',#9568,#9571,#9572,.T.);
#8134=EDGE_CURVE('',#9573,#9571,#9574,.F.);
#8135=EDGE_CURVE('',#9575,#9573,#9576,.T.);
#8136=EDGE_CURVE('',#9577,#9575,#9578,.F.);
#8137=EDGE_CURVE('',#9579,#9577,#9580,.F.);
#8138=EDGE_CURVE('',#9581,#9579,#9582,.T.);
#8139=EDGE_CURVE('',#9583,#9581,#9584,.T.);
#8140=EDGE_CURVE('',#9585,#9583,#9586,.F.);
#8141=EDGE_CURVE('',#9585,#9587,#9588,.T.);
#8142=EDGE_CURVE('',#9587,#9589,#9590,.T.);
#8143=EDGE_CURVE('',#9589,#9569,#9591,.T.);
#8144=EDGE_CURVE('',#9592,#9593,#9594,.T.);
#8145=EDGE_CURVE('',#9595,#9593,#9596,.T.);
#8146=EDGE_CURVE('',#9597,#9595,#9598,.T.);
#8147=EDGE_CURVE('',#9599,#9597,#9600,.F.);
#8148=EDGE_CURVE('',#9599,#9601,#9602,.T.);
#8149=EDGE_CURVE('',#9601,#9603,#9604,.T.);
#8150=EDGE_CURVE('',#9605,#9603,#9606,.F.);
#8151=EDGE_CURVE('',#9607,#9605,#9608,.F.);
#8152=EDGE_CURVE('',#9609,#9607,#9610,.T.);
#8153=EDGE_CURVE('',#9611,#9609,#9612,.T.);
#8154=EDGE_CURVE('',#9613,#9611,#9614,.T.);
#8155=EDGE_CURVE('',#9615,#9613,#9616,.T.);
#8156=EDGE_CURVE('',#9617,#9615,#9618,.F.);
#8157=EDGE_CURVE('',#9619,#9617,#9620,.T.);
#8158=EDGE_CURVE('',#9621,#9619,#9622,.T.);
#8159=EDGE_CURVE('',#9592,#9621,#9623,.F.);
#8160=EDGE_CURVE('',#9624,#9625,#9626,.F.);
#8161=EDGE_CURVE('',#9624,#9627,#9628,.T.);
#8162=EDGE_CURVE('',#9627,#9629,#9630,.T.);
#8163=EDGE_CURVE('',#9629,#9631,#9632,.T.);
#8164=EDGE_CURVE('',#9633,#9631,#9634,.T.);
#8165=EDGE_CURVE('',#9635,#9633,#9636,.F.);
#8166=EDGE_CURVE('',#9635,#9637,#9638,.T.);
#8167=EDGE_CURVE('',#9639,#9637,#9640,.T.);
#8168=EDGE_CURVE('',#9641,#9639,#9642,.T.);
#8169=EDGE_CURVE('',#9625,#9641,#9643,.F.);
#8170=EDGE_CURVE('',#9644,#9645,#9646,.T.);
#8171=EDGE_CURVE('',#9647,#9645,#9648,.T.);
#8172=EDGE_CURVE('',#9649,#9647,#9650,.F.);
#8173=EDGE_CURVE('',#9651,#9649,#9652,.F.);
#8174=EDGE_CURVE('',#9653,#9651,#9654,.T.);
#8175=EDGE_CURVE('',#9653,#9655,#9656,.T.);
#8176=EDGE_CURVE('',#9657,#9655,#9658,.T.);
#8177=EDGE_CURVE('',#9659,#9657,#9660,.F.);
#8178=EDGE_CURVE('',#9659,#9661,#9662,.T.);
#8179=EDGE_CURVE('',#9644,#9661,#9663,.T.);
#8180=EDGE_CURVE('',#9664,#9665,#9666,.T.);
#8181=EDGE_CURVE('',#9667,#9664,#9668,.F.);
#8182=EDGE_CURVE('',#9669,#9667,#9670,.F.);
#8183=EDGE_CURVE('',#9671,#9669,#9672,.T.);
#8184=EDGE_CURVE('',#9673,#9671,#9674,.T.);
#8185=EDGE_CURVE('',#9675,#9673,#9676,.F.);
#8186=EDGE_CURVE('',#9675,#9677,#9678,.T.);
#8187=EDGE_CURVE('',#9677,#9679,#9680,.T.);
#8188=EDGE_CURVE('',#9679,#9681,#9682,.T.);
#8189=EDGE_CURVE('',#9665,#9681,#9683,.T.);
#8190=EDGE_CURVE('',#9684,#9685,#9686,.T.);
#8191=EDGE_CURVE('',#9684,#9687,#9688,.T.);
#8192=EDGE_CURVE('',#9687,#9689,#9690,.T.);
#8193=EDGE_CURVE('',#9691,#9689,#9692,.T.);
#8194=EDGE_CURVE('',#9693,#9691,#9694,.T.);
#8195=EDGE_CURVE('',#9695,#9693,#9696,.F.);
#8196=EDGE_CURVE('',#9695,#9697,#9698,.T.);
#8197=EDGE_CURVE('',#9697,#9699,#9700,.T.);
#8198=EDGE_CURVE('',#9701,#9699,#9702,.F.);
#8199=EDGE_CURVE('',#9685,#9701,#9703,.F.);
#8200=EDGE_CURVE('',#9704,#9705,#9706,.T.);
#8201=EDGE_CURVE('',#9707,#9705,#9708,.T.);
#8202=EDGE_CURVE('',#9709,#9707,#9710,.F.);
#8203=EDGE_CURVE('',#9711,#9709,#9712,.F.);
#8204=EDGE_CURVE('',#9713,#9711,#9714,.T.);
#8205=EDGE_CURVE('',#9713,#9715,#9716,.T.);
#8206=EDGE_CURVE('',#9717,#9715,#9718,.T.);
#8207=EDGE_CURVE('',#9719,#9717,#9720,.F.);
#8208=EDGE_CURVE('',#9719,#9721,#9722,.T.);
#8209=EDGE_CURVE('',#9704,#9721,#9723,.T.);
#8210=EDGE_CURVE('',#9724,#9725,#9726,.F.);
#8211=EDGE_CURVE('',#9727,#9724,#9728,.T.);
#8212=EDGE_CURVE('',#9727,#9729,#9730,.T.);
#8213=EDGE_CURVE('',#9729,#9731,#9732,.T.);
#8214=EDGE_CURVE('',#9733,#9731,#9734,.T.);
#8215=EDGE_CURVE('',#9735,#9733,#9736,.F.);
#8216=EDGE_CURVE('',#9735,#9737,#9738,.T.);
#8217=EDGE_CURVE('',#9739,#9737,#9740,.T.);
#8218=EDGE_CURVE('',#9741,#9739,#9742,.T.);
#8219=EDGE_CURVE('',#9725,#9741,#9743,.F.);
#8220=EDGE_CURVE('',#9744,#9715,#9745,.T.);
#8221=EDGE_CURVE('',#9746,#9713,#9747,.T.);
#8222=EDGE_CURVE('',#9746,#9744,#9748,.T.);
#8223=EDGE_CURVE('',#9737,#9749,#9750,.T.);
#8224=EDGE_CURVE('',#9751,#9749,#9752,.T.);
#8225=EDGE_CURVE('',#9739,#9751,#9753,.T.);
#8226=EDGE_CURVE('',#9677,#9691,#9754,.T.);
#8227=EDGE_CURVE('',#9679,#9689,#9755,.T.);
#8228=EDGE_CURVE('',#9661,#9731,#9756,.T.);
#8229=EDGE_CURVE('',#9644,#9729,#9757,.T.);
#8230=EDGE_CURVE('',#9721,#9631,#9758,.T.);
#8231=EDGE_CURVE('',#9704,#9629,#9759,.T.);
#8232=EDGE_CURVE('',#9697,#9760,#9761,.T.);
#8233=EDGE_CURVE('',#9760,#9762,#9763,.T.);
#8234=EDGE_CURVE('',#9699,#9762,#9764,.F.);
#8235=EDGE_CURVE('',#9765,#9671,#9766,.T.);
#8236=EDGE_CURVE('',#9767,#9669,#9768,.F.);
#8237=EDGE_CURVE('',#9765,#9767,#9769,.T.);
#8238=EDGE_CURVE('',#9770,#9655,#9771,.T.);
#8239=EDGE_CURVE('',#9772,#9653,#9773,.T.);
#8240=EDGE_CURVE('',#9772,#9770,#9774,.T.);
#8241=EDGE_CURVE('',#9637,#9775,#9776,.T.);
#8242=EDGE_CURVE('',#9777,#9775,#9778,.T.);
#8243=EDGE_CURVE('',#9639,#9777,#9779,.T.);
#8244=EDGE_CURVE('',#9780,#9744,#9781,.T.);
#8245=EDGE_CURVE('',#9782,#9746,#9783,.T.);
#8246=EDGE_CURVE('',#9780,#9782,#9784,.F.);
#8247=EDGE_CURVE('',#9775,#9785,#9786,.T.);
#8248=EDGE_CURVE('',#9787,#9785,#9788,.F.);
#8249=EDGE_CURVE('',#9777,#9787,#9789,.T.);
#8250=EDGE_CURVE('',#9790,#9791,#9792,.T.);
#8251=EDGE_CURVE('',#9793,#9791,#9794,.T.);
#8252=EDGE_CURVE('',#9795,#9793,#9796,.T.);
#8253=EDGE_CURVE('',#9790,#9795,#9797,.F.);
#8254=EDGE_CURVE('',#9798,#9799,#9800,.T.);
#8255=EDGE_CURVE('',#9801,#9799,#9802,.F.);
#8256=EDGE_CURVE('',#9803,#9801,#9804,.T.);
#8257=EDGE_CURVE('',#9803,#9798,#9805,.T.);
#8258=EDGE_CURVE('',#9806,#9770,#9807,.T.);
#8259=EDGE_CURVE('',#9808,#9772,#9809,.T.);
#8260=EDGE_CURVE('',#9806,#9808,#9810,.F.);
#8261=EDGE_CURVE('',#9749,#9811,#9812,.T.);
#8262=EDGE_CURVE('',#9813,#9811,#9814,.F.);
#8263=EDGE_CURVE('',#9751,#9813,#9815,.T.);
#8264=EDGE_CURVE('',#9816,#9817,#9818,.T.);
#8265=EDGE_CURVE('',#9817,#9819,#9820,.T.);
#8266=EDGE_CURVE('',#9821,#9819,#9822,.F.);
#8267=EDGE_CURVE('',#9816,#9821,#9823,.F.);
#8268=EDGE_CURVE('',#9824,#9825,#9826,.T.);
#8269=EDGE_CURVE('',#9827,#9825,#9828,.F.);
#8270=EDGE_CURVE('',#9829,#9827,#9830,.F.);
#8271=EDGE_CURVE('',#9824,#9829,#9831,.T.);
#8272=EDGE_CURVE('',#9832,#9765,#9833,.T.);
#8273=EDGE_CURVE('',#9834,#9767,#9835,.F.);
#8274=EDGE_CURVE('',#9832,#9834,#9836,.F.);
#8275=EDGE_CURVE('',#9760,#9837,#9838,.T.);
#8276=EDGE_CURVE('',#9839,#9837,#9840,.F.);
#8277=EDGE_CURVE('',#9762,#9839,#9841,.F.);
#8278=EDGE_CURVE('',#9842,#9843,#9844,.T.);
#8279=EDGE_CURVE('',#9843,#9845,#9846,.T.);
#8280=EDGE_CURVE('',#9847,#9845,#9848,.F.);
#8281=EDGE_CURVE('',#9842,#9847,#9849,.F.);
#8282=EDGE_CURVE('',#9850,#9851,#9852,.T.);
#8283=EDGE_CURVE('',#9853,#9851,#9854,.F.);
#8284=EDGE_CURVE('',#9855,#9853,#9856,.F.);
#8285=EDGE_CURVE('',#9850,#9855,#9857,.T.);
#8286=EDGE_CURVE('',#9601,#9850,#9858,.T.);
#8287=EDGE_CURVE('',#9603,#9855,#9859,.F.);
#8288=EDGE_CURVE('',#9587,#9595,#9860,.T.);
#8289=EDGE_CURVE('',#9589,#9593,#9861,.T.);
#8290=EDGE_CURVE('',#9843,#9581,#9862,.T.);
#8291=EDGE_CURVE('',#9845,#9579,#9863,.F.);
#8292=EDGE_CURVE('',#9577,#9701,#9864,.T.);
#8293=EDGE_CURVE('',#9575,#9685,#9865,.F.);
#8294=EDGE_CURVE('',#9817,#9557,#9866,.T.);
#8295=EDGE_CURVE('',#9819,#9555,#9867,.F.);
#8296=EDGE_CURVE('',#9521,#9824,#9868,.T.);
#8297=EDGE_CURVE('',#9523,#9829,#9869,.F.);
#8298=EDGE_CURVE('',#9563,#9515,#9870,.T.);
#8299=EDGE_CURVE('',#9565,#9513,#9871,.T.);
#8300=EDGE_CURVE('',#9497,#9798,#9872,.T.);
#8301=EDGE_CURVE('',#9499,#9803,#9873,.T.);
#8302=EDGE_CURVE('',#9483,#9491,#9874,.T.);
#8303=EDGE_CURVE('',#9485,#9489,#9875,.T.);
#8304=EDGE_CURVE('',#9791,#9477,#9876,.T.);
#8305=EDGE_CURVE('',#9793,#9475,#9877,.T.);
#8306=EDGE_CURVE('',#9471,#9625,#9878,.T.);
#8307=EDGE_CURVE('',#9641,#9473,#9879,.T.);
#8308=EDGE_CURVE('',#9811,#9735,#9880,.F.);
#8309=EDGE_CURVE('',#9733,#9659,#9881,.F.);
#8310=EDGE_CURVE('',#9657,#9806,#9882,.F.);
#8311=EDGE_CURVE('',#9808,#9801,#9883,.T.);
#8312=EDGE_CURVE('',#9799,#9495,#9884,.F.);
#8313=EDGE_CURVE('',#9493,#9481,#9885,.F.);
#8314=EDGE_CURVE('',#9479,#9790,#9886,.F.);
#8315=EDGE_CURVE('',#9795,#9787,#9887,.T.);
#8316=EDGE_CURVE('',#9785,#9635,#9888,.F.);
#8317=EDGE_CURVE('',#9633,#9719,#9889,.F.);
#8318=EDGE_CURVE('',#9717,#9780,#9890,.F.);
#8319=EDGE_CURVE('',#9782,#9891,#9892,.T.);
#8320=EDGE_CURVE('',#9893,#9891,#9894,.F.);
#8321=EDGE_CURVE('',#9893,#9895,#9896,.T.);
#8322=EDGE_CURVE('',#9895,#9897,#9898,.F.);
#8323=EDGE_CURVE('',#9897,#9899,#9900,.F.);
#8324=EDGE_CURVE('',#9899,#9901,#9902,.F.);
#8325=EDGE_CURVE('',#9901,#9903,#9904,.T.);
#8326=EDGE_CURVE('',#9905,#9903,#9906,.F.);
#8327=EDGE_CURVE('',#9853,#9905,#9907,.T.);
#8328=EDGE_CURVE('',#9851,#9599,#9908,.F.);
#8329=EDGE_CURVE('',#9597,#9585,#9909,.F.);
#8330=EDGE_CURVE('',#9583,#9842,#9910,.F.);
#8331=EDGE_CURVE('',#9839,#9847,#9911,.T.);
#8332=EDGE_CURVE('',#9837,#9695,#9912,.F.);
#8333=EDGE_CURVE('',#9693,#9675,#9913,.F.);
#8334=EDGE_CURVE('',#9673,#9832,#9914,.F.);
#8335=EDGE_CURVE('',#9827,#9834,#9915,.T.);
#8336=EDGE_CURVE('',#9825,#9519,#9916,.F.);
#8337=EDGE_CURVE('',#9517,#9561,#9917,.F.);
#8338=EDGE_CURVE('',#9559,#9816,#9918,.F.);
#8339=EDGE_CURVE('',#9919,#9821,#9920,.T.);
#8340=EDGE_CURVE('',#9921,#9919,#9922,.F.);
#8341=EDGE_CURVE('',#9923,#9921,#9924,.T.);
#8342=EDGE_CURVE('',#9923,#9925,#9926,.F.);
#8343=EDGE_CURVE('',#9925,#9927,#9928,.F.);
#8344=EDGE_CURVE('',#9927,#9929,#9930,.F.);
#8345=EDGE_CURVE('',#9931,#9929,#9932,.T.);
#8346=EDGE_CURVE('',#9933,#9931,#9934,.F.);
#8347=EDGE_CURVE('',#9933,#9813,#9935,.T.);
#8348=EDGE_CURVE('',#9936,#9936,#9937,.F.);
#8349=EDGE_CURVE('',#9938,#9938,#9939,.F.);
#8350=EDGE_CURVE('',#9940,#9940,#9941,.F.);
#8351=EDGE_CURVE('',#9942,#9942,#9943,.F.);
#8352=EDGE_CURVE('',#9944,#9944,#9945,.F.);
#8353=EDGE_CURVE('',#9621,#9568,#9946,.F.);
#8354=EDGE_CURVE('',#9569,#9592,#9947,.F.);
#8355=EDGE_CURVE('',#9509,#9464,#9948,.F.);
#8356=EDGE_CURVE('',#9465,#9488,#9949,.F.);
#8357=EDGE_CURVE('',#9533,#9536,#9950,.F.);
#8358=EDGE_CURVE('',#9537,#9512,#9951,.F.);
#8359=EDGE_CURVE('',#9952,#9573,#9953,.T.);
#8360=EDGE_CURVE('',#9954,#9952,#9955,.T.);
#8361=EDGE_CURVE('',#9467,#9954,#9956,.T.);
#8362=EDGE_CURVE('',#9957,#9507,#9958,.T.);
#8363=EDGE_CURVE('',#9959,#9957,#9960,.T.);
#8364=EDGE_CURVE('',#9529,#9959,#9961,.T.);
#8365=EDGE_CURVE('',#9664,#9527,#9962,.F.);
#8366=EDGE_CURVE('',#9665,#9963,#9964,.T.);
#8367=EDGE_CURVE('',#9963,#9965,#9966,.T.);
#8368=EDGE_CURVE('',#9965,#9684,#9967,.T.);
#8369=EDGE_CURVE('',#9954,#9968,#9969,.F.);
#8370=EDGE_CURVE('',#9968,#9970,#9971,.T.);
#8371=EDGE_CURVE('',#9970,#9972,#9973,.F.);
#8372=EDGE_CURVE('',#9972,#9974,#9975,.F.);
#8373=EDGE_CURVE('',#9974,#9976,#9977,.F.);
#8374=EDGE_CURVE('',#9976,#9978,#9979,.F.);
#8375=EDGE_CURVE('',#9469,#9978,#9980,.T.);
#8376=EDGE_CURVE('',#9978,#9981,#9982,.T.);
#8377=EDGE_CURVE('',#9981,#9983,#9984,.F.);
#8378=EDGE_CURVE('',#9983,#9985,#9986,.F.);
#8379=EDGE_CURVE('',#9985,#9987,#9988,.F.);
#8380=EDGE_CURVE('',#9987,#9989,#9990,.T.);
#8381=EDGE_CURVE('',#9989,#9571,#9991,.T.);
#8382=EDGE_CURVE('',#9619,#9992,#9993,.T.);
#8383=EDGE_CURVE('',#9992,#9994,#9995,.T.);
#8384=EDGE_CURVE('',#9994,#9996,#9997,.F.);
#8385=EDGE_CURVE('',#9996,#9998,#9999,.T.);
#8386=EDGE_CURVE('',#9998,#10000,#10001,.F.);
#8387=EDGE_CURVE('',#10000,#9624,#10002,.T.);
#8388=EDGE_CURVE('',#9501,#9651,#10003,.T.);
#8389=EDGE_CURVE('',#9649,#9503,#10004,.T.);
#8390=EDGE_CURVE('',#9647,#10005,#10006,.T.);
#8391=EDGE_CURVE('',#10005,#10007,#10008,.F.);
#8392=EDGE_CURVE('',#10007,#10009,#10010,.T.);
#8393=EDGE_CURVE('',#10009,#10011,#10012,.F.);
#8394=EDGE_CURVE('',#10011,#10013,#10014,.T.);
#8395=EDGE_CURVE('',#10013,#9539,#10015,.T.);
#8396=EDGE_CURVE('',#9531,#10016,#10017,.T.);
#8397=EDGE_CURVE('',#10016,#10018,#10019,.T.);
#8398=EDGE_CURVE('',#10018,#9505,#10020,.T.);
#8399=EDGE_CURVE('',#10018,#10021,#10022,.T.);
#8400=EDGE_CURVE('',#10021,#10023,#10024,.F.);
#8401=EDGE_CURVE('',#10023,#10025,#10026,.T.);
#8402=EDGE_CURVE('',#10025,#10027,#10028,.T.);
#8403=EDGE_CURVE('',#10027,#10029,#10030,.T.);
#8404=EDGE_CURVE('',#10029,#9957,#10031,.T.);
#8405=EDGE_CURVE('',#9667,#9525,#10032,.T.);
#8406=EDGE_CURVE('',#9959,#10033,#10034,.F.);
#8407=EDGE_CURVE('',#10033,#10035,#10036,.T.);
#8408=EDGE_CURVE('',#10035,#10037,#10038,.F.);
#8409=EDGE_CURVE('',#10037,#10039,#10040,.F.);
#8410=EDGE_CURVE('',#10039,#10016,#10041,.F.);
#8411=EDGE_CURVE('',#10013,#10042,#10043,.T.);
#8412=EDGE_CURVE('',#10042,#10044,#10045,.F.);
#8413=EDGE_CURVE('',#10044,#10046,#10047,.F.);
#8414=EDGE_CURVE('',#10048,#10046,#10049,.T.);
#8415=EDGE_CURVE('',#10048,#10050,#10051,.T.);
#8416=EDGE_CURVE('',#10050,#10052,#10053,.T.);
#8417=EDGE_CURVE('',#10052,#10054,#10055,.T.);
#8418=EDGE_CURVE('',#10054,#10056,#10057,.T.);
#8419=EDGE_CURVE('',#10056,#9541,#10058,.T.);
#8420=EDGE_CURVE('',#10059,#10056,#10060,.T.);
#8421=EDGE_CURVE('',#10061,#10059,#10062,.F.);
#8422=EDGE_CURVE('',#10061,#10063,#10064,.T.);
#8423=EDGE_CURVE('',#10063,#9543,#10065,.T.);
#8424=EDGE_CURVE('',#10063,#10066,#10067,.T.);
#8425=EDGE_CURVE('',#10066,#9545,#10068,.T.);
#8426=EDGE_CURVE('',#10069,#10066,#10070,.T.);
#8427=EDGE_CURVE('',#10071,#10069,#10072,.F.);
#8428=EDGE_CURVE('',#10071,#10073,#10074,.T.);
#8429=EDGE_CURVE('',#9547,#10073,#10075,.F.);
#8430=EDGE_CURVE('',#10073,#10076,#10077,.F.);
#8431=EDGE_CURVE('',#10076,#10078,#10079,.T.);
#8432=EDGE_CURVE('',#10078,#10080,#10081,.F.);
#8433=EDGE_CURVE('',#10080,#10082,#10083,.T.);
#8434=EDGE_CURVE('',#10082,#10084,#10085,.T.);
#8435=EDGE_CURVE('',#10084,#10086,#10087,.F.);
#8436=EDGE_CURVE('',#10086,#10088,#10089,.T.);
#8437=EDGE_CURVE('',#10088,#10090,#10091,.T.);
#8438=EDGE_CURVE('',#10090,#9549,#10092,.T.);
#8439=EDGE_CURVE('',#10093,#10090,#10094,.T.);
#8440=EDGE_CURVE('',#10093,#10095,#10096,.T.);
#8441=EDGE_CURVE('',#10095,#10084,#10097,.T.);
#8442=EDGE_CURVE('',#10098,#10082,#10099,.T.);
#8443=EDGE_CURVE('',#9551,#10098,#10100,.F.);
#8444=EDGE_CURVE('',#10101,#10102,#10103,.F.);
#8445=EDGE_CURVE('',#9553,#10101,#10104,.T.);
#8446=EDGE_CURVE('',#10098,#10105,#10106,.F.);
#8447=EDGE_CURVE('',#10105,#10107,#10108,.F.);
#8448=EDGE_CURVE('',#10107,#10102,#10109,.T.);
#8449=EDGE_CURVE('',#10101,#9919,#10110,.T.);
#8450=EDGE_CURVE('',#9989,#10111,#10112,.T.);
#8451=EDGE_CURVE('',#10111,#10113,#10114,.F.);
#8452=EDGE_CURVE('',#10113,#10115,#10116,.T.);
#8453=EDGE_CURVE('',#10115,#10117,#10118,.T.);
#8454=EDGE_CURVE('',#10117,#9952,#10119,.T.);
#8455=EDGE_CURVE('',#9905,#10120,#10121,.T.);
#8456=EDGE_CURVE('',#10120,#9605,#10122,.T.);
#8457=EDGE_CURVE('',#10123,#10120,#10124,.F.);
#8458=EDGE_CURVE('',#10125,#10123,#10126,.T.);
#8459=EDGE_CURVE('',#10125,#10127,#10128,.F.);
#8460=EDGE_CURVE('',#10127,#10129,#10130,.F.);
#8461=EDGE_CURVE('',#10129,#9607,#10131,.F.);
#8462=EDGE_CURVE('',#10132,#10129,#10133,.T.);
#8463=EDGE_CURVE('',#10134,#10132,#10135,.T.);
#8464=EDGE_CURVE('',#10134,#10136,#10137,.T.);
#8465=EDGE_CURVE('',#10138,#10136,#10139,.T.);
#8466=EDGE_CURVE('',#10140,#10138,#10141,.T.);
#8467=EDGE_CURVE('',#9609,#10140,#10142,.T.);
#8468=EDGE_CURVE('',#10140,#10143,#10144,.F.);
#8469=EDGE_CURVE('',#10143,#10145,#10146,.T.);
#8470=EDGE_CURVE('',#10145,#10134,#10147,.T.);
#8471=EDGE_CURVE('',#10148,#10132,#10149,.T.);
#8472=EDGE_CURVE('',#10148,#10150,#10151,.F.);
#8473=EDGE_CURVE('',#10150,#10152,#10153,.F.);
#8474=EDGE_CURVE('',#10152,#10154,#10155,.F.);
#8475=EDGE_CURVE('',#10154,#9611,#10156,.F.);
#8476=EDGE_CURVE('',#10154,#10157,#10158,.T.);
#8477=EDGE_CURVE('',#10159,#10157,#10160,.F.);
#8478=EDGE_CURVE('',#10161,#10159,#10162,.T.);
#8479=EDGE_CURVE('',#9613,#10161,#10163,.T.);
#8480=EDGE_CURVE('',#10161,#10164,#10165,.F.);
#8481=EDGE_CURVE('',#9615,#10164,#10166,.T.);
#8482=EDGE_CURVE('',#10164,#10167,#10168,.T.);
#8483=EDGE_CURVE('',#10169,#10167,#10170,.F.);
#8484=EDGE_CURVE('',#10171,#10169,#10172,.T.);
#8485=EDGE_CURVE('',#9617,#10171,#10173,.T.);
#8486=EDGE_CURVE('',#10171,#10174,#10175,.T.);
#8487=EDGE_CURVE('',#10174,#10176,#10177,.F.);
#8488=EDGE_CURVE('',#10176,#10178,#10179,.T.);
#8489=EDGE_CURVE('',#10180,#10178,#10181,.T.);
#8490=EDGE_CURVE('',#10182,#10180,#10183,.T.);
#8491=EDGE_CURVE('',#10182,#10184,#10185,.T.);
#8492=EDGE_CURVE('',#10184,#10186,#10187,.F.);
#8493=EDGE_CURVE('',#10186,#9992,#10188,.F.);
#8494=EDGE_CURVE('',#10000,#10189,#10190,.T.);
#8495=EDGE_CURVE('',#10189,#9627,#10191,.T.);
#8496=EDGE_CURVE('',#10192,#10189,#10193,.T.);
#8497=EDGE_CURVE('',#10194,#10192,#10195,.T.);
#8498=EDGE_CURVE('',#10196,#10194,#10197,.T.);
#8499=EDGE_CURVE('',#10198,#10196,#10199,.T.);
#8500=EDGE_CURVE('',#10198,#10200,#10201,.T.);
#8501=EDGE_CURVE('',#10200,#9705,#10202,.T.);
#8502=EDGE_CURVE('',#9727,#10203,#10204,.T.);
#8503=EDGE_CURVE('',#10205,#10203,#10206,.T.);
#8504=EDGE_CURVE('',#10207,#10205,#10208,.T.);
#8505=EDGE_CURVE('',#10207,#10209,#10210,.T.);
#8506=EDGE_CURVE('',#10211,#10209,#10212,.T.);
#8507=EDGE_CURVE('',#10213,#10211,#10214,.T.);
#8508=EDGE_CURVE('',#9645,#10213,#10215,.T.);
#8509=EDGE_CURVE('',#10005,#10213,#10216,.T.);
#8510=EDGE_CURVE('',#10217,#9687,#10218,.T.);
#8511=EDGE_CURVE('',#10219,#10217,#10220,.T.);
#8512=EDGE_CURVE('',#9681,#10219,#10221,.T.);
#8513=EDGE_CURVE('',#9963,#10219,#10222,.T.);
#8514=EDGE_CURVE('',#9965,#10217,#10223,.T.);
#8515=EDGE_CURVE('',#10224,#10200,#10225,.T.);
#8516=EDGE_CURVE('',#10184,#10224,#10226,.T.);
#8517=EDGE_CURVE('',#9707,#10182,#10227,.F.);
#8518=EDGE_CURVE('',#10180,#10228,#10229,.T.);
#8519=EDGE_CURVE('',#9709,#10228,#10230,.T.);
#8520=EDGE_CURVE('',#10231,#10232,#10233,.F.);
#8521=EDGE_CURVE('',#10231,#9711,#10234,.T.);
#8522=EDGE_CURVE('',#10228,#10235,#10236,.F.);
#8523=EDGE_CURVE('',#10235,#10237,#10238,.F.);
#8524=EDGE_CURVE('',#10232,#10237,#10239,.T.);
#8525=EDGE_CURVE('',#9891,#10231,#10240,.T.);
#8526=EDGE_CURVE('',#10241,#9725,#10242,.T.);
#8527=EDGE_CURVE('',#10241,#10048,#10243,.T.);
#8528=EDGE_CURVE('',#10046,#9724,#10244,.F.);
#8529=EDGE_CURVE('',#10245,#10044,#10246,.T.);
#8530=EDGE_CURVE('',#10203,#10245,#10247,.T.);
#8531=EDGE_CURVE('',#10248,#9933,#10249,.T.);
#8532=EDGE_CURVE('',#9741,#10248,#10250,.T.);
#8533=EDGE_CURVE('',#10251,#10248,#10252,.F.);
#8534=EDGE_CURVE('',#10251,#10253,#10254,.T.);
#8535=EDGE_CURVE('',#10253,#10255,#10256,.F.);
#8536=EDGE_CURVE('',#10255,#10241,#10257,.F.);
#8537=EDGE_CURVE('',#9893,#10232,#10258,.T.);
#8538=EDGE_CURVE('',#10237,#10259,#10260,.F.);
#8539=EDGE_CURVE('',#10259,#10261,#10262,.F.);
#8540=EDGE_CURVE('',#10261,#10169,#10263,.F.);
#8541=EDGE_CURVE('',#10167,#10159,#10264,.F.);
#8542=EDGE_CURVE('',#10157,#10265,#10266,.F.);
#8543=EDGE_CURVE('',#10265,#10267,#10268,.F.);
#8544=EDGE_CURVE('',#10267,#10125,#10269,.F.);
#8545=EDGE_CURVE('',#9903,#10123,#10270,.T.);
#8546=EDGE_CURVE('',#9901,#10271,#10272,.F.);
#8547=EDGE_CURVE('',#10271,#10273,#10274,.T.);
#8548=EDGE_CURVE('',#10273,#9895,#10275,.F.);
#8549=EDGE_CURVE('',#10276,#10273,#10277,.T.);
#8550=EDGE_CURVE('',#10276,#9897,#10278,.T.);
#8551=EDGE_CURVE('',#10279,#10276,#10280,.T.);
#8552=EDGE_CURVE('',#10279,#9899,#10281,.T.);
#8553=EDGE_CURVE('',#10271,#10279,#10282,.T.);
#8554=EDGE_CURVE('',#10102,#9921,#10283,.T.);
#8555=EDGE_CURVE('',#10251,#9931,#10284,.T.);
#8556=EDGE_CURVE('',#9929,#10285,#10286,.F.);
#8557=EDGE_CURVE('',#10285,#10287,#10288,.T.);
#8558=EDGE_CURVE('',#10287,#9923,#10289,.F.);
#8559=EDGE_CURVE('',#10107,#10290,#10291,.F.);
#8560=EDGE_CURVE('',#10290,#10292,#10293,.F.);
#8561=EDGE_CURVE('',#10292,#10071,#10294,.F.);
#8562=EDGE_CURVE('',#10069,#10061,#10295,.F.);
#8563=EDGE_CURVE('',#10059,#10296,#10297,.F.);
#8564=EDGE_CURVE('',#10296,#10298,#10299,.F.);
#8565=EDGE_CURVE('',#10298,#10253,#10300,.F.);
#8566=EDGE_CURVE('',#10301,#10287,#10302,.T.);
#8567=EDGE_CURVE('',#10301,#9925,#10303,.T.);
#8568=EDGE_CURVE('',#10304,#10301,#10305,.T.);
#8569=EDGE_CURVE('',#10304,#9927,#10306,.T.);
#8570=EDGE_CURVE('',#10285,#10304,#10307,.T.);
#8571=EDGE_CURVE('',#10308,#10308,#10309,.T.);
#8572=EDGE_CURVE('',#10310,#10310,#10311,.F.);
#8573=EDGE_CURVE('',#10312,#10312,#10313,.F.);
#8574=EDGE_CURVE('',#10314,#10314,#10315,.F.);
#8575=EDGE_CURVE('',#10316,#10316,#10317,.F.);
#8576=EDGE_CURVE('',#9968,#10117,#10318,.T.);
#8577=EDGE_CURVE('',#10319,#10319,#10320,.F.);
#8578=EDGE_CURVE('',#10029,#10321,#10322,.T.);
#8579=EDGE_CURVE('',#10321,#10323,#10324,.T.);
#8580=EDGE_CURVE('',#10033,#10323,#10325,.T.);
#8581=EDGE_CURVE('',#10326,#10327,#10328,.T.);
#8582=EDGE_CURVE('',#10327,#10329,#10330,.T.);
#8583=EDGE_CURVE('',#10329,#10331,#10332,.T.);
#8584=EDGE_CURVE('',#10331,#10333,#10334,.T.);
#8585=EDGE_CURVE('',#10333,#10335,#10336,.T.);
#8586=EDGE_CURVE('',#10335,#10337,#10338,.T.);
#8587=EDGE_CURVE('',#10337,#10339,#10340,.T.);
#8588=EDGE_CURVE('',#10339,#10341,#10342,.T.);
#8589=EDGE_CURVE('',#10341,#10343,#10344,.T.);
#8590=EDGE_CURVE('',#10343,#10345,#10346,.T.);
#8591=EDGE_CURVE('',#10345,#10347,#10348,.T.);
#8592=EDGE_CURVE('',#10347,#10326,#10349,.T.);
#8593=EDGE_CURVE('',#10350,#10350,#10351,.F.);
#8594=EDGE_CURVE('',#9970,#10115,#10352,.T.);
#8595=EDGE_CURVE('',#9972,#10113,#10353,.T.);
#8596=EDGE_CURVE('',#10354,#9974,#10355,.T.);
#8597=EDGE_CURVE('',#10356,#10111,#10357,.T.);
#8598=EDGE_CURVE('',#10356,#10354,#10358,.T.);
#8599=EDGE_CURVE('',#10359,#10354,#10360,.T.);
#8600=EDGE_CURVE('',#9976,#10359,#10361,.T.);
#8601=EDGE_CURVE('',#10359,#10356,#10362,.T.);
#8602=EDGE_CURVE('',#9987,#10363,#10364,.T.);
#8603=EDGE_CURVE('',#10363,#10365,#10366,.T.);
#8604=EDGE_CURVE('',#10365,#9981,#10367,.T.);
#8605=EDGE_CURVE('',#10368,#10369,#10370,.T.);
#8606=EDGE_CURVE('',#10369,#10371,#10372,.T.);
#8607=EDGE_CURVE('',#10371,#10373,#10374,.T.);
#8608=EDGE_CURVE('',#10373,#10368,#10375,.T.);
#8609=EDGE_CURVE('',#10376,#10376,#10377,.F.);
#8610=EDGE_CURVE('',#10365,#10378,#10379,.T.);
#8611=EDGE_CURVE('',#10378,#9983,#10380,.T.);
#8612=EDGE_CURVE('',#10381,#10378,#10382,.T.);
#8613=EDGE_CURVE('',#9985,#10381,#10383,.T.);
#8614=EDGE_CURVE('',#10363,#10381,#10384,.T.);
#8615=EDGE_CURVE('',#10186,#10385,#10386,.T.);
#8616=EDGE_CURVE('',#10385,#10198,#10387,.T.);
#8617=EDGE_CURVE('',#10196,#9994,#10388,.T.);
#8618=EDGE_CURVE('',#10389,#10390,#10391,.F.);
#8619=EDGE_CURVE('',#10390,#10392,#10393,.F.);
#8620=EDGE_CURVE('',#10392,#10394,#10395,.F.);
#8621=EDGE_CURVE('',#10394,#10396,#10397,.F.);
#8622=EDGE_CURVE('',#10396,#10398,#10399,.F.);
#8623=EDGE_CURVE('',#10398,#10400,#10401,.F.);
#8624=EDGE_CURVE('',#10400,#10402,#10403,.F.);
#8625=EDGE_CURVE('',#10402,#10404,#10405,.F.);
#8626=EDGE_CURVE('',#10404,#10406,#10407,.F.);
#8627=EDGE_CURVE('',#10406,#10408,#10409,.F.);
#8628=EDGE_CURVE('',#10408,#10410,#10411,.F.);
#8629=EDGE_CURVE('',#10410,#10389,#10412,.F.);
#8630=EDGE_CURVE('',#10194,#9996,#10413,.F.);
#8631=EDGE_CURVE('',#9998,#10192,#10414,.T.);
#8632=EDGE_CURVE('',#10007,#10211,#10415,.T.);
#8633=EDGE_CURVE('',#10009,#10209,#10416,.T.);
#8634=EDGE_CURVE('',#10011,#10207,#10417,.T.);
#8635=EDGE_CURVE('',#10205,#10418,#10419,.T.);
#8636=EDGE_CURVE('',#10418,#10042,#10420,.T.);
#8637=EDGE_CURVE('',#10421,#10422,#10423,.F.);
#8638=EDGE_CURVE('',#10422,#10424,#10425,.F.);
#8639=EDGE_CURVE('',#10424,#10426,#10427,.F.);
#8640=EDGE_CURVE('',#10426,#10428,#10429,.F.);
#8641=EDGE_CURVE('',#10428,#10430,#10431,.F.);
#8642=EDGE_CURVE('',#10430,#10432,#10433,.F.);
#8643=EDGE_CURVE('',#10432,#10434,#10435,.F.);
#8644=EDGE_CURVE('',#10434,#10436,#10437,.F.);
#8645=EDGE_CURVE('',#10436,#10438,#10439,.F.);
#8646=EDGE_CURVE('',#10438,#10440,#10441,.F.);
#8647=EDGE_CURVE('',#10440,#10442,#10443,.F.);
#8648=EDGE_CURVE('',#10442,#10421,#10444,.F.);
#8649=EDGE_CURVE('',#10039,#10021,#10445,.T.);
#8650=EDGE_CURVE('',#10446,#10446,#10447,.F.);
#8651=EDGE_CURVE('',#10037,#10023,#10448,.T.);
#8652=EDGE_CURVE('',#10035,#10025,#10449,.T.);
#8653=EDGE_CURVE('',#10450,#10027,#10451,.T.);
#8654=EDGE_CURVE('',#10323,#10450,#10452,.T.);
#8655=EDGE_CURVE('',#10321,#10450,#10453,.T.);
#8656=EDGE_CURVE('',#10418,#10245,#10454,.T.);
#8657=EDGE_CURVE('',#10255,#10050,#10455,.T.);
#8658=EDGE_CURVE('',#10298,#10052,#10456,.T.);
#8659=EDGE_CURVE('',#10296,#10054,#10457,.T.);
#8660=EDGE_CURVE('',#10292,#10076,#10458,.T.);
#8661=EDGE_CURVE('',#10290,#10078,#10459,.T.);
#8662=EDGE_CURVE('',#10080,#10105,#10460,.T.);
#8663=EDGE_CURVE('',#10461,#10095,#10462,.T.);
#8664=EDGE_CURVE('',#10086,#10461,#10463,.T.);
#8665=EDGE_CURVE('',#10464,#10461,#10465,.T.);
#8666=EDGE_CURVE('',#10088,#10464,#10466,.T.);
#8667=EDGE_CURVE('',#10464,#10093,#10467,.T.);
#8668=EDGE_CURVE('',#10468,#10469,#10470,.F.);
#8669=EDGE_CURVE('',#10469,#10471,#10472,.F.);
#8670=EDGE_CURVE('',#10471,#10473,#10474,.F.);
#8671=EDGE_CURVE('',#10473,#10468,#10475,.F.);
#8672=EDGE_CURVE('',#10150,#10267,#10476,.T.);
#8673=EDGE_CURVE('',#10127,#10148,#10477,.T.);
#8674=EDGE_CURVE('',#10478,#10145,#10479,.T.);
#8675=EDGE_CURVE('',#10136,#10478,#10480,.T.);
#8676=EDGE_CURVE('',#10481,#10478,#10482,.T.);
#8677=EDGE_CURVE('',#10138,#10481,#10483,.T.);
#8678=EDGE_CURVE('',#10481,#10143,#10484,.T.);
#8679=EDGE_CURVE('',#10485,#10486,#10487,.F.);
#8680=EDGE_CURVE('',#10486,#10488,#10489,.F.);
#8681=EDGE_CURVE('',#10488,#10490,#10491,.F.);
#8682=EDGE_CURVE('',#10490,#10485,#10492,.F.);
#8683=EDGE_CURVE('',#10152,#10265,#10493,.T.);
#8684=EDGE_CURVE('',#10174,#10261,#10494,.T.);
#8685=EDGE_CURVE('',#10176,#10259,#10495,.T.);
#8686=EDGE_CURVE('',#10178,#10235,#10496,.T.);
#8687=EDGE_CURVE('',#10385,#10224,#10497,.T.);
#8688=EDGE_CURVE('',#10498,#10498,#10499,.T.);
#8689=EDGE_CURVE('',#10500,#10500,#10501,.T.);
#8690=EDGE_CURVE('',#10502,#10502,#10503,.T.);
#8691=EDGE_CURVE('',#10504,#10504,#10505,.T.);
#8692=EDGE_CURVE('',#10506,#10326,#10507,.T.);
#8693=EDGE_CURVE('',#10508,#10506,#10509,.T.);
#8694=EDGE_CURVE('',#10508,#10327,#10510,.T.);
#8695=EDGE_CURVE('',#10511,#10508,#10512,.T.);
#8696=EDGE_CURVE('',#10511,#10329,#10513,.T.);
#8697=EDGE_CURVE('',#10514,#10511,#10515,.T.);
#8698=EDGE_CURVE('',#10514,#10331,#10516,.T.);
#8699=EDGE_CURVE('',#10517,#10514,#10518,.T.);
#8700=EDGE_CURVE('',#10517,#10333,#10519,.T.);
#8701=EDGE_CURVE('',#10520,#10517,#10521,.T.);
#8702=EDGE_CURVE('',#10520,#10335,#10522,.T.);
#8703=EDGE_CURVE('',#10523,#10520,#10524,.T.);
#8704=EDGE_CURVE('',#10523,#10337,#10525,.T.);
#8705=EDGE_CURVE('',#10526,#10523,#10527,.T.);
#8706=EDGE_CURVE('',#10526,#10339,#10528,.T.);
#8707=EDGE_CURVE('',#10529,#10526,#10530,.T.);
#8708=EDGE_CURVE('',#10529,#10341,#10531,.T.);
#8709=EDGE_CURVE('',#10532,#10529,#10533,.T.);
#8710=EDGE_CURVE('',#10532,#10343,#10534,.T.);
#8711=EDGE_CURVE('',#10535,#10532,#10536,.T.);
#8712=EDGE_CURVE('',#10535,#10345,#10537,.T.);
#8713=EDGE_CURVE('',#10538,#10535,#10539,.T.);
#8714=EDGE_CURVE('',#10538,#10347,#10540,.T.);
#8715=EDGE_CURVE('',#10506,#10538,#10541,.T.);
#8716=EDGE_CURVE('',#10542,#10368,#10543,.T.);
#8717=EDGE_CURVE('',#10544,#10542,#10545,.T.);
#8718=EDGE_CURVE('',#10544,#10369,#10546,.T.);
#8719=EDGE_CURVE('',#10547,#10544,#10548,.T.);
#8720=EDGE_CURVE('',#10547,#10371,#10549,.T.);
#8721=EDGE_CURVE('',#10550,#10547,#10551,.T.);
#8722=EDGE_CURVE('',#10550,#10373,#10552,.T.);
#8723=EDGE_CURVE('',#10542,#10550,#10553,.T.);
#8724=EDGE_CURVE('',#10554,#10389,#10555,.T.);
#8725=EDGE_CURVE('',#10556,#10554,#10557,.T.);
#8726=EDGE_CURVE('',#10556,#10390,#10558,.T.);
#8727=EDGE_CURVE('',#10559,#10556,#10560,.T.);
#8728=EDGE_CURVE('',#10559,#10392,#10561,.T.);
#8729=EDGE_CURVE('',#10562,#10559,#10563,.T.);
#8730=EDGE_CURVE('',#10562,#10394,#10564,.T.);
#8731=EDGE_CURVE('',#10565,#10562,#10566,.T.);
#8732=EDGE_CURVE('',#10565,#10396,#10567,.T.);
#8733=EDGE_CURVE('',#10568,#10565,#10569,.T.);
#8734=EDGE_CURVE('',#10568,#10398,#10570,.T.);
#8735=EDGE_CURVE('',#10571,#10568,#10572,.T.);
#8736=EDGE_CURVE('',#10571,#10400,#10573,.T.);
#8737=EDGE_CURVE('',#10574,#10571,#10575,.T.);
#8738=EDGE_CURVE('',#10574,#10402,#10576,.T.);
#8739=EDGE_CURVE('',#10577,#10574,#10578,.T.);
#8740=EDGE_CURVE('',#10577,#10404,#10579,.T.);
#8741=EDGE_CURVE('',#10580,#10577,#10581,.T.);
#8742=EDGE_CURVE('',#10580,#10406,#10582,.T.);
#8743=EDGE_CURVE('',#10583,#10580,#10584,.T.);
#8744=EDGE_CURVE('',#10583,#10408,#10585,.T.);
#8745=EDGE_CURVE('',#10586,#10583,#10587,.T.);
#8746=EDGE_CURVE('',#10586,#10410,#10588,.T.);
#8747=EDGE_CURVE('',#10554,#10586,#10589,.T.);
#8748=EDGE_CURVE('',#10590,#10421,#10591,.T.);
#8749=EDGE_CURVE('',#10592,#10590,#10593,.T.);
#8750=EDGE_CURVE('',#10592,#10422,#10594,.T.);
#8751=EDGE_CURVE('',#10595,#10592,#10596,.T.);
#8752=EDGE_CURVE('',#10595,#10424,#10597,.T.);
#8753=EDGE_CURVE('',#10598,#10595,#10599,.T.);
#8754=EDGE_CURVE('',#10598,#10426,#10600,.T.);
#8755=EDGE_CURVE('',#10601,#10598,#10602,.T.);
#8756=EDGE_CURVE('',#10601,#10428,#10603,.T.);
#8757=EDGE_CURVE('',#10604,#10601,#10605,.T.);
#8758=EDGE_CURVE('',#10604,#10430,#10606,.T.);
#8759=EDGE_CURVE('',#10607,#10604,#10608,.T.);
#8760=EDGE_CURVE('',#10607,#10432,#10609,.T.);
#8761=EDGE_CURVE('',#10610,#10607,#10611,.T.);
#8762=EDGE_CURVE('',#10610,#10434,#10612,.T.);
#8763=EDGE_CURVE('',#10613,#10610,#10614,.T.);
#8764=EDGE_CURVE('',#10613,#10436,#10615,.T.);
#8765=EDGE_CURVE('',#10616,#10613,#10617,.T.);
#8766=EDGE_CURVE('',#10616,#10438,#10618,.T.);
#8767=EDGE_CURVE('',#10619,#10616,#10620,.T.);
#8768=EDGE_CURVE('',#10619,#10440,#10621,.T.);
#8769=EDGE_CURVE('',#10622,#10619,#10623,.T.);
#8770=EDGE_CURVE('',#10622,#10442,#10624,.T.);
#8771=EDGE_CURVE('',#10590,#10622,#10625,.T.);
#8772=EDGE_CURVE('',#10626,#10468,#10627,.T.);
#8773=EDGE_CURVE('',#10628,#10626,#10629,.T.);
#8774=EDGE_CURVE('',#10628,#10469,#10630,.T.);
#8775=EDGE_CURVE('',#10631,#10628,#10632,.T.);
#8776=EDGE_CURVE('',#10631,#10471,#10633,.T.);
#8777=EDGE_CURVE('',#10634,#10631,#10635,.T.);
#8778=EDGE_CURVE('',#10634,#10473,#10636,.T.);
#8779=EDGE_CURVE('',#10626,#10634,#10637,.T.);
#8780=EDGE_CURVE('',#10638,#10485,#10639,.T.);
#8781=EDGE_CURVE('',#10640,#10638,#10641,.T.);
#8782=EDGE_CURVE('',#10640,#10486,#10642,.T.);
#8783=EDGE_CURVE('',#10643,#10640,#10644,.T.);
#8784=EDGE_CURVE('',#10643,#10488,#10645,.T.);
#8785=EDGE_CURVE('',#10646,#10643,#10647,.T.);
#8786=EDGE_CURVE('',#10646,#10490,#10648,.T.);
#8787=EDGE_CURVE('',#10638,#10646,#10649,.T.);
#8788=EDGE_CURVE('',#10650,#10650,#10651,.T.);
#8789=EDGE_CURVE('',#10652,#10652,#10653,.T.);
#8790=EDGE_CURVE('',#10654,#10654,#10655,.T.);
#8791=EDGE_CURVE('',#10656,#10656,#10657,.T.);
#8792=EDGE_CURVE('',#10658,#10658,#10659,.T.);
#8793=EDGE_CURVE('',#10660,#10660,#10661,.F.);
#8794=EDGE_CURVE('',#10662,#10662,#10663,.T.);
#8795=EDGE_CURVE('',#10664,#10664,#10665,.T.);
#8796=EDGE_CURVE('',#10666,#10666,#10667,.T.);
#8797=EDGE_CURVE('',#10668,#10668,#10669,.T.);
#8798=EDGE_CURVE('',#10670,#10670,#10671,.T.);
#8799=EDGE_CURVE('',#10672,#10672,#10673,.T.);
#8800=EDGE_CURVE('',#10674,#10674,#10675,.T.);
#8801=EDGE_CURVE('',#10676,#10676,#10677,.T.);
#8802=EDGE_CURVE('',#10678,#10678,#10679,.T.);
#8803=EDGE_CURVE('',#10680,#10680,#10681,.T.);
#8804=EDGE_CURVE('',#10682,#10682,#10683,.T.);
#8805=EDGE_CURVE('',#10684,#10684,#10685,.T.);
#8806=EDGE_CURVE('',#10686,#10686,#10687,.T.);
#8807=EDGE_CURVE('',#10688,#10688,#10689,.T.);
#8808=EDGE_CURVE('',#10690,#10690,#10691,.T.);
#8809=EDGE_CURVE('',#10692,#10692,#10693,.T.);
#8810=EDGE_CURVE('',#10694,#10694,#10695,.T.);
#8811=EDGE_CURVE('',#10696,#10696,#10697,.T.);
#8812=EDGE_CURVE('',#10698,#10698,#10699,.T.);
#8813=EDGE_CURVE('',#10700,#10700,#10701,.T.);
#8814=EDGE_CURVE('',#10702,#10702,#10703,.T.);
#8815=EDGE_CURVE('',#10704,#10704,#10705,.T.);
#8816=EDGE_CURVE('',#10706,#10707,#10708,.F.);
#8817=EDGE_CURVE('',#10709,#10707,#10710,.T.);
#8818=EDGE_CURVE('',#10709,#10711,#10712,.F.);
#8819=EDGE_CURVE('',#10711,#10713,#10714,.F.);
#8820=EDGE_CURVE('',#10713,#10715,#10716,.F.);
#8821=EDGE_CURVE('',#10717,#10715,#10718,.T.);
#8822=EDGE_CURVE('',#10717,#10719,#10720,.F.);
#8823=EDGE_CURVE('',#10719,#10721,#10722,.F.);
#8824=EDGE_CURVE('',#10721,#10723,#10724,.F.);
#8825=EDGE_CURVE('',#10725,#10723,#10726,.T.);
#8826=EDGE_CURVE('',#10725,#10727,#10728,.F.);
#8827=EDGE_CURVE('',#10727,#10729,#10730,.F.);
#8828=EDGE_CURVE('',#10729,#10731,#10732,.F.);
#8829=EDGE_CURVE('',#10733,#10731,#10734,.T.);
#8830=EDGE_CURVE('',#10733,#10735,#10736,.F.);
#8831=EDGE_CURVE('',#10735,#10706,#10737,.F.);
#8832=EDGE_CURVE('',#10707,#10738,#10739,.F.);
#8833=EDGE_CURVE('',#10740,#10738,#10741,.T.);
#8834=EDGE_CURVE('',#10740,#10709,#10742,.F.);
#8835=EDGE_CURVE('',#10743,#10733,#10744,.F.);
#8836=EDGE_CURVE('',#10731,#10745,#10746,.F.);
#8837=EDGE_CURVE('',#10743,#10745,#10747,.T.);
#8838=EDGE_CURVE('',#10715,#10748,#10749,.F.);
#8839=EDGE_CURVE('',#10750,#10748,#10751,.T.);
#8840=EDGE_CURVE('',#10750,#10717,#10752,.F.);
#8841=EDGE_CURVE('',#10753,#10725,#10754,.F.);
#8842=EDGE_CURVE('',#10723,#10755,#10756,.F.);
#8843=EDGE_CURVE('',#10753,#10755,#10757,.T.);
#8844=EDGE_CURVE('',#10738,#10758,#10759,.F.);
#8845=EDGE_CURVE('',#10758,#10760,#10761,.F.);
#8846=EDGE_CURVE('',#10762,#10760,#10763,.T.);
#8847=EDGE_CURVE('',#10762,#10764,#10765,.F.);
#8848=EDGE_CURVE('',#10764,#10740,#10766,.F.);
#8849=EDGE_CURVE('',#10767,#10743,#10768,.F.);
#8850=EDGE_CURVE('',#10745,#10769,#10770,.F.);
#8851=EDGE_CURVE('',#10769,#10771,#10772,.F.);
#8852=EDGE_CURVE('',#10773,#10771,#10774,.T.);
#8853=EDGE_CURVE('',#10773,#10767,#10775,.F.);
#8854=EDGE_CURVE('',#10748,#10776,#10777,.F.);
#8855=EDGE_CURVE('',#10776,#10778,#10779,.F.);
#8856=EDGE_CURVE('',#10780,#10778,#10781,.T.);
#8857=EDGE_CURVE('',#10780,#10782,#10783,.F.);
#8858=EDGE_CURVE('',#10782,#10750,#10784,.F.);
#8859=EDGE_CURVE('',#10785,#10753,#10786,.F.);
#8860=EDGE_CURVE('',#10755,#10787,#10788,.F.);
#8861=EDGE_CURVE('',#10787,#10789,#10790,.F.);
#8862=EDGE_CURVE('',#10791,#10789,#10792,.T.);
#8863=EDGE_CURVE('',#10791,#10785,#10793,.F.);
#8864=EDGE_CURVE('',#10794,#10773,#10795,.F.);
#8865=EDGE_CURVE('',#10771,#10796,#10797,.T.);
#8866=EDGE_CURVE('',#10794,#10796,#10798,.T.);
#8867=EDGE_CURVE('',#10760,#10799,#10800,.T.);
#8868=EDGE_CURVE('',#10801,#10799,#10802,.T.);
#8869=EDGE_CURVE('',#10801,#10762,#10803,.F.);
#8870=EDGE_CURVE('',#10778,#10804,#10805,.T.);
#8871=EDGE_CURVE('',#10806,#10804,#10807,.T.);
#8872=EDGE_CURVE('',#10806,#10780,#10808,.F.);
#8873=EDGE_CURVE('',#10809,#10791,#10810,.F.);
#8874=EDGE_CURVE('',#10789,#10811,#10812,.T.);
#8875=EDGE_CURVE('',#10809,#10811,#10813,.T.);
#8876=EDGE_CURVE('',#10814,#10815,#10816,.T.);
#8877=EDGE_CURVE('',#10817,#10815,#10818,.T.);
#8878=EDGE_CURVE('',#10817,#10819,#10820,.T.);
#8879=EDGE_CURVE('',#10819,#10801,#10821,.F.);
#8880=EDGE_CURVE('',#10799,#10814,#10822,.F.);
#8881=EDGE_CURVE('',#10823,#10824,#10825,.T.);
#8882=EDGE_CURVE('',#10824,#10794,#10826,.F.);
#8883=EDGE_CURVE('',#10796,#10827,#10828,.F.);
#8884=EDGE_CURVE('',#10827,#10829,#10830,.T.);
#8885=EDGE_CURVE('',#10823,#10829,#10831,.T.);
#8886=EDGE_CURVE('',#10832,#10833,#10834,.T.);
#8887=EDGE_CURVE('',#10835,#10833,#10836,.T.);
#8888=EDGE_CURVE('',#10835,#10837,#10838,.T.);
#8889=EDGE_CURVE('',#10837,#10806,#10839,.F.);
#8890=EDGE_CURVE('',#10804,#10832,#10840,.F.);
#8891=EDGE_CURVE('',#10841,#10842,#10843,.T.);
#8892=EDGE_CURVE('',#10842,#10809,#10844,.F.);
#8893=EDGE_CURVE('',#10811,#10845,#10846,.F.);
#8894=EDGE_CURVE('',#10845,#10847,#10848,.T.);
#8895=EDGE_CURVE('',#10841,#10847,#10849,.T.);
#8896=EDGE_CURVE('',#10815,#10850,#10851,.T.);
#8897=EDGE_CURVE('',#10852,#10850,#10853,.T.);
#8898=EDGE_CURVE('',#10852,#10817,#10854,.F.);
#8899=EDGE_CURVE('',#10855,#10823,#10856,.F.);
#8900=EDGE_CURVE('',#10829,#10857,#10858,.T.);
#8901=EDGE_CURVE('',#10855,#10857,#10859,.T.);
#8902=EDGE_CURVE('',#10833,#10860,#10861,.T.);
#8903=EDGE_CURVE('',#10862,#10860,#10863,.T.);
#8904=EDGE_CURVE('',#10862,#10835,#10864,.F.);
#8905=EDGE_CURVE('',#10865,#10841,#10866,.F.);
#8906=EDGE_CURVE('',#10847,#10867,#10868,.T.);
#8907=EDGE_CURVE('',#10865,#10867,#10869,.T.);
#8908=EDGE_CURVE('',#10850,#10870,#10871,.T.);
#8909=EDGE_CURVE('',#10870,#10872,#10873,.F.);
#8910=EDGE_CURVE('',#10872,#10855,#10874,.T.);
#8911=EDGE_CURVE('',#10857,#10875,#10876,.T.);
#8912=EDGE_CURVE('',#10875,#10877,#10878,.F.);
#8913=EDGE_CURVE('',#10877,#10865,#10879,.T.);
#8914=EDGE_CURVE('',#10867,#10880,#10881,.T.);
#8915=EDGE_CURVE('',#10880,#10882,#10883,.F.);
#8916=EDGE_CURVE('',#10882,#10862,#10884,.T.);
#8917=EDGE_CURVE('',#10860,#10885,#10886,.T.);
#8918=EDGE_CURVE('',#10885,#10887,#10888,.F.);
#8919=EDGE_CURVE('',#10887,#10852,#10889,.T.);
#8920=EDGE_CURVE('',#10845,#10787,#10890,.T.);
#8921=EDGE_CURVE('',#10880,#10721,#10891,.T.);
#8922=EDGE_CURVE('',#10837,#10782,#10892,.T.);
#8923=EDGE_CURVE('',#10882,#10719,#10893,.T.);
#8924=EDGE_CURVE('',#10842,#10785,#10894,.T.);
#8925=EDGE_CURVE('',#10877,#10727,#10895,.T.);
#8926=EDGE_CURVE('',#10875,#10729,#10896,.T.);
#8927=EDGE_CURVE('',#10827,#10769,#10897,.T.);
#8928=EDGE_CURVE('',#10832,#10776,#10898,.T.);
#8929=EDGE_CURVE('',#10819,#10764,#10899,.T.);
#8930=EDGE_CURVE('',#10887,#10711,#10900,.T.);
#8931=EDGE_CURVE('',#10885,#10713,#10901,.T.);
#8932=EDGE_CURVE('',#10814,#10758,#10902,.T.);
#8933=EDGE_CURVE('',#10824,#10767,#10903,.T.);
#8934=EDGE_CURVE('',#10872,#10735,#10904,.T.);
#8935=EDGE_CURVE('',#10870,#10706,#10905,.T.);
#8936=VERTEX_POINT('',#10906);
#8937=VERTEX_POINT('',#10907);
#8938=LINE('',#10908,#10909);
#8939=VERTEX_POINT('',#10911);
#8940=LINE('',#10912,#10913);
#8941=VERTEX_POINT('',#10915);
#8942=LINE('',#10916,#10917);
#8943=LINE('',#10919,#10920);
#8944=VERTEX_POINT('',#10922);
#8945=CIRCLE('',#10923,0.850000000000007);
#8946=VERTEX_POINT('',#10927);
#8947=CIRCLE('',#10928,0.850000000000007);
#8948=VERTEX_POINT('',#10932);
#8949=CIRCLE('',#10933,0.850000000000007);
#8950=VERTEX_POINT('',#10937);
#8951=CIRCLE('',#10938,0.850000000000007);
#8952=VERTEX_POINT('',#10942);
#8953=CIRCLE('',#10943,0.850000000000007);
#8954=VERTEX_POINT('',#10947);
#8955=CIRCLE('',#10948,0.850000000000007);
#8956=VERTEX_POINT('',#10952);
#8957=CIRCLE('',#10953,0.850000000000007);
#8958=VERTEX_POINT('',#10957);
#8959=CIRCLE('',#10958,0.850000000000007);
#8960=VERTEX_POINT('',#10962);
#8961=CIRCLE('',#10963,0.850000000000007);
#8962=VERTEX_POINT('',#10967);
#8963=CIRCLE('',#10968,0.350000000000005);
#8964=VERTEX_POINT('',#10972);
#8965=CIRCLE('',#10973,0.350000000000005);
#8966=VERTEX_POINT('',#10977);
#8967=CIRCLE('',#10978,0.350000000000005);
#8968=VERTEX_POINT('',#10982);
#8969=CIRCLE('',#10983,0.350000000000005);
#8970=VERTEX_POINT('',#10987);
#8971=CIRCLE('',#10988,0.350000000000005);
#8972=VERTEX_POINT('',#10992);
#8973=CIRCLE('',#10993,0.350000000000005);
#8974=VERTEX_POINT('',#10997);
#8975=CIRCLE('',#10998,0.350000000000005);
#8976=VERTEX_POINT('',#11002);
#8977=CIRCLE('',#11003,0.350000000000005);
#8978=VERTEX_POINT('',#11007);
#8979=CIRCLE('',#11008,0.5);
#8980=VERTEX_POINT('',#11012);
#8981=LINE('',#11013,#11014);
#8982=CIRCLE('',#11016,0.499999999999998);
#8983=VERTEX_POINT('',#11020);
#8984=LINE('',#11021,#11022);
#8985=VERTEX_POINT('',#11024);
#8986=LINE('',#11025,#11026);
#8987=LINE('',#11028,#11029);
#8988=VERTEX_POINT('',#11031);
#8989=VERTEX_POINT('',#11032);
#8990=LINE('',#11033,#11034);
#8991=CIRCLE('',#11036,0.5);
#8992=CIRCLE('',#11040,0.5);
#8993=VERTEX_POINT('',#11044);
#8994=LINE('',#11045,#11046);
#8995=VERTEX_POINT('',#11048);
#8996=LINE('',#11049,#11050);
#8997=LINE('',#11052,#11053);
#8998=VERTEX_POINT('',#11055);
#8999=CIRCLE('',#11056,0.350000000000005);
#9000=VERTEX_POINT('',#11060);
#9001=CIRCLE('',#11061,0.250000000000005);
#9002=VERTEX_POINT('',#11065);
#9003=CIRCLE('',#11066,0.250000000000005);
#9004=VERTEX_POINT('',#11070);
#9005=CIRCLE('',#11071,0.250000000000005);
#9006=VERTEX_POINT('',#11075);
#9007=CIRCLE('',#11076,0.250000000000005);
#9008=VERTEX_POINT('',#11080);
#9009=CIRCLE('',#11081,0.250000000000005);
#9010=VERTEX_POINT('',#11085);
#9011=CIRCLE('',#11086,0.250000000000005);
#9012=VERTEX_POINT('',#11090);
#9013=CIRCLE('',#11091,0.250000000000005);
#9014=VERTEX_POINT('',#11095);
#9015=CIRCLE('',#11096,0.250000000000005);
#9016=VERTEX_POINT('',#11100);
#9017=CIRCLE('',#11101,0.900000000000009);
#9018=LINE('',#11105,#11106);
#9019=VERTEX_POINT('',#11108);
#9020=VERTEX_POINT('',#11109);
#9021=LINE('',#11110,#11111);
#9022=LINE('',#11113,#11114);
#9023=LINE('',#11116,#11117);
#9024=VERTEX_POINT('',#11119);
#9025=CIRCLE('',#11120,0.899999999999998);
#9026=LINE('',#11124,#11125);
#9027=LINE('',#11127,#11128);
#9028=LINE('',#11130,#11131);
#9029=VERTEX_POINT('',#11133);
#9030=CIRCLE('',#11134,0.85);
#9031=VERTEX_POINT('',#11138);
#9032=CIRCLE('',#11139,0.85);
#9033=VERTEX_POINT('',#11143);
#9034=CIRCLE('',#11144,0.85);
#9035=VERTEX_POINT('',#11148);
#9036=CIRCLE('',#11149,0.85);
#9037=VERTEX_POINT('',#11153);
#9038=CIRCLE('',#11154,0.85);
#9039=VERTEX_POINT('',#11158);
#9040=CIRCLE('',#11159,0.85);
#9041=VERTEX_POINT('',#11163);
#9042=CIRCLE('',#11164,0.85);
#9043=VERTEX_POINT('',#11168);
#9044=CIRCLE('',#11169,0.85);
#9045=VERTEX_POINT('',#11173);
#9046=CIRCLE('',#11174,0.85);
#9047=VERTEX_POINT('',#11178);
#9048=CIRCLE('',#11179,0.899999999999998);
#9049=LINE('',#11183,#11184);
#9050=VERTEX_POINT('',#11186);
#9051=VERTEX_POINT('',#11187);
#9052=CIRCLE('',#11188,0.59999999999998);
#9053=LINE('',#11192,#11193);
#9054=VERTEX_POINT('',#11195);
#9055=LINE('',#11196,#11197);
#9056=VERTEX_POINT('',#11199);
#9057=CIRCLE('',#11200,0.600000000000001);
#9058=LINE('',#11204,#11205);
#9059=VERTEX_POINT('',#11207);
#9060=LINE('',#11208,#11209);
#9061=CIRCLE('',#11211,0.900000000000009);
#9062=VERTEX_POINT('',#11215);
#9063=CIRCLE('',#11216,0.250000000000005);
#9064=LINE('',#11220,#11221);
#9065=VERTEX_POINT('',#11223);
#9066=LINE('',#11224,#11225);
#9067=LINE('',#11227,#11228);
#9068=VERTEX_POINT('',#11230);
#9069=CIRCLE('',#11231,0.8);
#9070=VERTEX_POINT('',#11235);
#9071=LINE('',#11236,#11237);
#9072=CIRCLE('',#11239,0.799999999999985);
#9073=VERTEX_POINT('',#11243);
#9074=LINE('',#11244,#11245);
#9075=LINE('',#11247,#11248);
#9076=LINE('',#11250,#11251);
#9077=VERTEX_POINT('',#11253);
#9078=CIRCLE('',#11254,0.75);
#9079=VERTEX_POINT('',#11258);
#9080=CIRCLE('',#11259,0.75);
#9081=VERTEX_POINT('',#11263);
#9082=CIRCLE('',#11264,0.75);
#9083=VERTEX_POINT('',#11268);
#9084=CIRCLE('',#11269,0.75);
#9085=VERTEX_POINT('',#11273);
#9086=CIRCLE('',#11274,0.75);
#9087=VERTEX_POINT('',#11278);
#9088=CIRCLE('',#11279,0.75);
#9089=VERTEX_POINT('',#11283);
#9090=CIRCLE('',#11284,0.75);
#9091=VERTEX_POINT('',#11288);
#9092=CIRCLE('',#11289,0.75);
#9093=VERTEX_POINT('',#11293);
#9094=CIRCLE('',#11294,0.75);
#9095=VERTEX_POINT('',#11298);
#9096=LINE('',#11299,#11300);
#9097=LINE('',#11302,#11303);
#9098=VERTEX_POINT('',#11305);
#9099=LINE('',#11306,#11307);
#9100=VERTEX_POINT('',#11309);
#9101=LINE('',#11310,#11311);
#9102=LINE('',#11313,#11314);
#9103=VERTEX_POINT('',#11316);
#9104=LINE('',#11317,#11318);
#9105=LINE('',#11320,#11321);
#9106=LINE('',#11323,#11324);
#9107=VERTEX_POINT('',#11326);
#9108=CIRCLE('',#11327,1.19999999999999);
#9109=LINE('',#11331,#11332);
#9110=VERTEX_POINT('',#11334);
#9111=VERTEX_POINT('',#11335);
#9112=LINE('',#11336,#11337);
#9113=LINE('',#11339,#11340);
#9114=LINE('',#11342,#11343);
#9115=VERTEX_POINT('',#11345);
#9116=CIRCLE('',#11346,1.2);
#9117=LINE('',#11350,#11351);
#9118=CIRCLE('',#11353,0.6);
#9119=CIRCLE('',#11357,0.599999999999994);
#9120=VERTEX_POINT('',#11361);
#9121=CIRCLE('',#11362,0.249999999999998);
#9122=VERTEX_POINT('',#11366);
#9123=CIRCLE('',#11367,0.249999999999998);
#9124=VERTEX_POINT('',#11371);
#9125=CIRCLE('',#11372,0.249999999999998);
#9126=VERTEX_POINT('',#11376);
#9127=CIRCLE('',#11377,0.249999999999998);
#9128=VERTEX_POINT('',#11381);
#9129=CIRCLE('',#11382,0.249999999999998);
#9130=VERTEX_POINT('',#11386);
#9131=CIRCLE('',#11387,0.249999999999998);
#9132=VERTEX_POINT('',#11391);
#9133=CIRCLE('',#11392,0.249999999999998);
#9134=VERTEX_POINT('',#11396);
#9135=CIRCLE('',#11397,0.249999999999998);
#9136=VERTEX_POINT('',#11401);
#9137=CIRCLE('',#11402,0.249999999999998);
#9138=LINE('',#11406,#11407);
#9139=VERTEX_POINT('',#11409);
#9140=LINE('',#11410,#11411);
#9141=LINE('',#11413,#11414);
#9142=VERTEX_POINT('',#11416);
#9143=CIRCLE('',#11417,0.9);
#9144=VERTEX_POINT('',#11421);
#9145=LINE('',#11422,#11423);
#9146=CIRCLE('',#11425,0.899999999999999);
#9147=VERTEX_POINT('',#11429);
#9148=LINE('',#11430,#11431);
#9149=LINE('',#11433,#11434);
#9150=LINE('',#11436,#11437);
#9151=VERTEX_POINT('',#11439);
#9152=CIRCLE('',#11440,0.5);
#9153=LINE('',#11444,#11445);
#9154=VERTEX_POINT('',#11447);
#9155=VERTEX_POINT('',#11448);
#9156=LINE('',#11449,#11450);
#9157=LINE('',#11452,#11453);
#9158=LINE('',#11455,#11456);
#9159=VERTEX_POINT('',#11458);
#9160=CIRCLE('',#11459,0.5);
#9161=LINE('',#11463,#11464);
#9162=LINE('',#11466,#11467);
#9163=VERTEX_POINT('',#11469);
#9164=LINE('',#11470,#11471);
#9165=LINE('',#11473,#11474);
#9166=VERTEX_POINT('',#11476);
#9167=CIRCLE('',#11477,0.9);
#9168=VERTEX_POINT('',#11481);
#9169=LINE('',#11482,#11483);
#9170=CIRCLE('',#11485,0.9);
#9171=VERTEX_POINT('',#11489);
#9172=LINE('',#11490,#11491);
#9173=LINE('',#11493,#11494);
#9174=LINE('',#11496,#11497);
#9175=VERTEX_POINT('',#11499);
#9176=CIRCLE('',#11500,0.5);
#9177=LINE('',#11504,#11505);
#9178=VERTEX_POINT('',#11507);
#9179=VERTEX_POINT('',#11508);
#9180=LINE('',#11509,#11510);
#9181=VERTEX_POINT('',#11512);
#9182=LINE('',#11513,#11514);
#9183=VERTEX_POINT('',#11516);
#9184=LINE('',#11517,#11518);
#9185=LINE('',#11520,#11521);
#9186=VERTEX_POINT('',#11523);
#9187=LINE('',#11524,#11525);
#9188=VERTEX_POINT('',#11527);
#9189=LINE('',#11528,#11529);
#9190=LINE('',#11531,#11532);
#9191=VERTEX_POINT('',#11534);
#9192=CIRCLE('',#11535,0.5);
#9193=LINE('',#11539,#11540);
#9194=LINE('',#11542,#11543);
#9195=VERTEX_POINT('',#11545);
#9196=LINE('',#11546,#11547);
#9197=LINE('',#11549,#11550);
#9198=VERTEX_POINT('',#11552);
#9199=VERTEX_POINT('',#11553);
#9200=LINE('',#11554,#11555);
#9201=CIRCLE('',#11557,0.4);
#9202=CIRCLE('',#11561,0.4);
#9203=VERTEX_POINT('',#11565);
#9204=LINE('',#11566,#11567);
#9205=VERTEX_POINT('',#11569);
#9206=LINE('',#11570,#11571);
#9207=LINE('',#11573,#11574);
#9208=VERTEX_POINT('',#11576);
#9209=LINE('',#11577,#11578);
#9210=LINE('',#11580,#11581);
#9211=LINE('',#11583,#11584);
#9212=VERTEX_POINT('',#11586);
#9213=LINE('',#11587,#11588);
#9214=LINE('',#11590,#11591);
#9215=VERTEX_POINT('',#11593);
#9216=LINE('',#11594,#11595);
#9217=LINE('',#11597,#11598);
#9218=LINE('',#11600,#11601);
#9219=VERTEX_POINT('',#11603);
#9220=LINE('',#11604,#11605);
#9221=VERTEX_POINT('',#11607);
#9222=LINE('',#11608,#11609);
#9223=VERTEX_POINT('',#11611);
#9224=LINE('',#11612,#11613);
#9225=VERTEX_POINT('',#11615);
#9226=LINE('',#11616,#11617);
#9227=VERTEX_POINT('',#11619);
#9228=LINE('',#11620,#11621);
#9229=VERTEX_POINT('',#11623);
#9230=LINE('',#11624,#11625);
#9231=LINE('',#11627,#11628);
#9232=VERTEX_POINT('',#11630);
#9233=VERTEX_POINT('',#11631);
#9234=LINE('',#11632,#11633);
#9235=VERTEX_POINT('',#11635);
#9236=CIRCLE('',#11636,0.7);
#9237=VERTEX_POINT('',#11640);
#9238=LINE('',#11641,#11642);
#9239=CIRCLE('',#11644,0.7);
#9240=VERTEX_POINT('',#11648);
#9241=LINE('',#11649,#11650);
#9242=CIRCLE('',#11652,0.799999999999993);
#9243=VERTEX_POINT('',#11656);
#9244=CIRCLE('',#11657,0.8);
#9245=LINE('',#11661,#11662);
#9246=LINE('',#11664,#11665);
#9247=VERTEX_POINT('',#11667);
#9248=LINE('',#11668,#11669);
#9249=LINE('',#11671,#11672);
#9250=VERTEX_POINT('',#11674);
#9251=LINE('',#11675,#11676);
#9252=LINE('',#11678,#11679);
#9253=VERTEX_POINT('',#11681);
#9254=LINE('',#11682,#11683);
#9255=LINE('',#11685,#11686);
#9256=VERTEX_POINT('',#11688);
#9257=LINE('',#11689,#11690);
#9258=LINE('',#11692,#11693);
#9259=VERTEX_POINT('',#11695);
#9260=LINE('',#11696,#11697);
#9261=LINE('',#11699,#11700);
#9262=VERTEX_POINT('',#11702);
#9263=LINE('',#11703,#11704);
#9264=LINE('',#11706,#11707);
#9265=LINE('',#11709,#11710);
#9266=VERTEX_POINT('',#11712);
#9267=VERTEX_POINT('',#11713);
#9268=LINE('',#11714,#11715);
#9269=LINE('',#11717,#11718);
#9270=LINE('',#11720,#11721);
#9271=VERTEX_POINT('',#11723);
#9272=CIRCLE('',#11724,0.7);
#9273=LINE('',#11728,#11729);
#9274=VERTEX_POINT('',#11731);
#9275=LINE('',#11732,#11733);
#9276=LINE('',#11735,#11736);
#9277=CIRCLE('',#11738,0.7);
#9278=VERTEX_POINT('',#11742);
#9279=VERTEX_POINT('',#11743);
#9280=LINE('',#11744,#11745);
#9281=VERTEX_POINT('',#11747);
#9282=LINE('',#11748,#11749);
#9283=VERTEX_POINT('',#11751);
#9284=LINE('',#11752,#11753);
#9285=VERTEX_POINT('',#11755);
#9286=LINE('',#11756,#11757);
#9287=VERTEX_POINT('',#11759);
#9288=LINE('',#11760,#11761);
#9289=VERTEX_POINT('',#11763);
#9290=LINE('',#11764,#11765);
#9291=VERTEX_POINT('',#11767);
#9292=LINE('',#11768,#11769);
#9293=LINE('',#11771,#11772);
#9294=VERTEX_POINT('',#11774);
#9295=LINE('',#11775,#11776);
#9296=VERTEX_POINT('',#11778);
#9297=LINE('',#11779,#11780);
#9298=LINE('',#11782,#11783);
#9299=VERTEX_POINT('',#11785);
#9300=LINE('',#11786,#11787);
#9301=LINE('',#11789,#11790);
#9302=VERTEX_POINT('',#11792);
#9303=LINE('',#11793,#11794);
#9304=LINE('',#11796,#11797);
#9305=VERTEX_POINT('',#11799);
#9306=VERTEX_POINT('',#11800);
#9307=LINE('',#11801,#11802);
#9308=CIRCLE('',#11804,0.9);
#9309=CIRCLE('',#11808,0.9);
#9310=VERTEX_POINT('',#11812);
#9311=LINE('',#11813,#11814);
#9312=VERTEX_POINT('',#11816);
#9313=LINE('',#11817,#11818);
#9314=LINE('',#11820,#11821);
#9315=VERTEX_POINT('',#11823);
#9316=LINE('',#11824,#11825);
#9317=LINE('',#11827,#11828);
#9318=VERTEX_POINT('',#11830);
#9319=LINE('',#11831,#11832);
#9320=LINE('',#11834,#11835);
#9321=VERTEX_POINT('',#11837);
#9322=VERTEX_POINT('',#11838);
#9323=LINE('',#11839,#11840);
#9324=CIRCLE('',#11842,0.4);
#9325=CIRCLE('',#11846,0.4);
#9326=LINE('',#11850,#11851);
#9327=LINE('',#11853,#11854);
#9328=VERTEX_POINT('',#11856);
#9329=LINE('',#11857,#11858);
#9330=CIRCLE('',#11860,0.5);
#9331=VERTEX_POINT('',#11864);
#9332=CIRCLE('',#11865,0.5);
#9333=LINE('',#11869,#11870);
#9334=VERTEX_POINT('',#11872);
#9335=LINE('',#11873,#11874);
#9336=VERTEX_POINT('',#11876);
#9337=LINE('',#11877,#11878);
#9338=LINE('',#11880,#11881);
#9339=VERTEX_POINT('',#11883);
#9340=LINE('',#11884,#11885);
#9341=VERTEX_POINT('',#11887);
#9342=LINE('',#11888,#11889);
#9343=VERTEX_POINT('',#11891);
#9344=LINE('',#11892,#11893);
#9345=VERTEX_POINT('',#11895);
#9346=LINE('',#11896,#11897);
#9347=VERTEX_POINT('',#11899);
#9348=LINE('',#11900,#11901);
#9349=VERTEX_POINT('',#11903);
#9350=LINE('',#11904,#11905);
#9351=LINE('',#11907,#11908);
#9352=VERTEX_POINT('',#11910);
#9353=VERTEX_POINT('',#11911);
#9354=LINE('',#11912,#11913);
#9355=VERTEX_POINT('',#11915);
#9356=CIRCLE('',#11916,0.7);
#9357=VERTEX_POINT('',#11920);
#9358=LINE('',#11921,#11922);
#9359=CIRCLE('',#11924,0.7);
#9360=LINE('',#11928,#11929);
#9361=VERTEX_POINT('',#11931);
#9362=VERTEX_POINT('',#11932);
#9363=LINE('',#11933,#11934);
#9364=CIRCLE('',#11936,0.8);
#9365=CIRCLE('',#11940,0.8);
#9366=LINE('',#11944,#11945);
#9367=VERTEX_POINT('',#11947);
#9368=LINE('',#11948,#11949);
#9369=LINE('',#11951,#11952);
#9370=VERTEX_POINT('',#11954);
#9371=LINE('',#11955,#11956);
#9372=LINE('',#11958,#11959);
#9373=VERTEX_POINT('',#11961);
#9374=LINE('',#11962,#11963);
#9375=LINE('',#11965,#11966);
#9376=VERTEX_POINT('',#11968);
#9377=VERTEX_POINT('',#11969);
#9378=LINE('',#11970,#11971);
#9379=CIRCLE('',#11973,0.9);
#9380=CIRCLE('',#11977,0.899999999999999);
#9381=LINE('',#11981,#11982);
#9382=VERTEX_POINT('',#11984);
#9383=LINE('',#11985,#11986);
#9384=LINE('',#11988,#11989);
#9385=VERTEX_POINT('',#11991);
#9386=VERTEX_POINT('',#11992);
#9387=CIRCLE('',#11993,0.7);
#9388=LINE('',#11997,#11998);
#9389=LINE('',#12000,#12001);
#9390=VERTEX_POINT('',#12003);
#9391=LINE('',#12004,#12005);
#9392=LINE('',#12007,#12008);
#9393=VERTEX_POINT('',#12010);
#9394=CIRCLE('',#12011,0.7);
#9395=LINE('',#12015,#12016);
#9396=LINE('',#12018,#12019);
#9397=VERTEX_POINT('',#12021);
#9398=LINE('',#12022,#12023);
#9399=LINE('',#12025,#12026);
#9400=VERTEX_POINT('',#12028);
#9401=LINE('',#12029,#12030);
#9402=LINE('',#12032,#12033);
#9403=VERTEX_POINT('',#12035);
#9404=LINE('',#12036,#12037);
#9405=LINE('',#12039,#12040);
#9406=VERTEX_POINT('',#12042);
#9407=LINE('',#12043,#12044);
#9408=LINE('',#12046,#12047);
#9409=LINE('',#12049,#12050);
#9410=LINE('',#12052,#12053);
#9411=VERTEX_POINT('',#12055);
#9412=LINE('',#12056,#12057);
#9413=CIRCLE('',#12059,0.5);
#9414=VERTEX_POINT('',#12063);
#9415=CIRCLE('',#12064,0.5);
#9416=LINE('',#12068,#12069);
#9417=VERTEX_POINT('',#12071);
#9418=VERTEX_POINT('',#12072);
#9419=CIRCLE('',#12073,2.);
#9420=VERTEX_POINT('',#12077);
#9421=LINE('',#12078,#12079);
#9422=VERTEX_POINT('',#12081);
#9423=CIRCLE('',#12082,1.99999999999999);
#9424=LINE('',#12086,#12087);
#9425=LINE('',#12089,#12090);
#9426=VERTEX_POINT('',#12092);
#9427=CIRCLE('',#12093,3.42890285822722);
#9428=LINE('',#12097,#12098);
#9429=VERTEX_POINT('',#12100);
#9430=LINE('',#12101,#12102);
#9431=LINE('',#12104,#12105);
#9432=VERTEX_POINT('',#12107);
#9433=LINE('',#12108,#12109);
#9434=LINE('',#12111,#12112);
#9435=VERTEX_POINT('',#12114);
#9436=LINE('',#12115,#12116);
#9437=VERTEX_POINT('',#12118);
#9438=LINE('',#12119,#12120);
#9439=LINE('',#12122,#12123);
#9440=CIRCLE('',#12125,2.);
#9441=CIRCLE('',#12129,2.);
#9442=VERTEX_POINT('',#12133);
#9443=CIRCLE('',#12134,3.42890285822722);
#9444=VERTEX_POINT('',#12138);
#9445=CIRCLE('',#12139,2.27999032891962);
#9446=VERTEX_POINT('',#12143);
#9447=CIRCLE('',#12144,2.09641016151378);
#9448=VERTEX_POINT('',#12148);
#9449=CIRCLE('',#12149,3.01857695490308);
#9450=VERTEX_POINT('',#12153);
#9451=CIRCLE('',#12154,2.27999032891961);
#9452=VERTEX_POINT('',#12158);
#9453=CIRCLE('',#12159,2.09641016151378);
#9454=VERTEX_POINT('',#12163);
#9455=CIRCLE('',#12164,2.69031623224376);
#9456=VERTEX_POINT('',#12168);
#9457=CIRCLE('',#12169,1.57679491924311);
#9458=VERTEX_POINT('',#12173);
#9459=CIRCLE('',#12174,1.91083328927425);
#9460=VERTEX_POINT('',#12178);
#9461=CIRCLE('',#12179,1.57679491924311);
#9462=VERTEX_POINT('',#12183);
#9463=CIRCLE('',#12184,1.76237179148264);
#9464=VERTEX_POINT('',#12188);
#9465=VERTEX_POINT('',#12189);
#9466=LINE('',#12190,#12191);
#9467=VERTEX_POINT('',#12193);
#9468=LINE('',#12194,#12195);
#9469=VERTEX_POINT('',#12197);
#9470=LINE('',#12198,#12199);
#9471=VERTEX_POINT('',#12201);
#9472=LINE('',#12202,#12203);
#9473=VERTEX_POINT('',#12205);
#9474=LINE('',#12206,#12207);
#9475=VERTEX_POINT('',#12209);
#9476=LINE('',#12210,#12211);
#9477=VERTEX_POINT('',#12213);
#9478=LINE('',#12214,#12215);
#9479=VERTEX_POINT('',#12217);
#9480=LINE('',#12218,#12219);
#9481=VERTEX_POINT('',#12221);
#9482=LINE('',#12222,#12223);
#9483=VERTEX_POINT('',#12225);
#9484=LINE('',#12226,#12227);
#9485=VERTEX_POINT('',#12229);
#9486=LINE('',#12230,#12231);
#9487=LINE('',#12233,#12234);
#9488=VERTEX_POINT('',#12236);
#9489=VERTEX_POINT('',#12237);
#9490=LINE('',#12238,#12239);
#9491=VERTEX_POINT('',#12241);
#9492=LINE('',#12242,#12243);
#9493=VERTEX_POINT('',#12245);
#9494=LINE('',#12246,#12247);
#9495=VERTEX_POINT('',#12249);
#9496=LINE('',#12250,#12251);
#9497=VERTEX_POINT('',#12253);
#9498=LINE('',#12254,#12255);
#9499=VERTEX_POINT('',#12257);
#9500=LINE('',#12258,#12259);
#9501=VERTEX_POINT('',#12261);
#9502=LINE('',#12262,#12263);
#9503=VERTEX_POINT('',#12265);
#9504=LINE('',#12266,#12267);
#9505=VERTEX_POINT('',#12269);
#9506=LINE('',#12270,#12271);
#9507=VERTEX_POINT('',#12273);
#9508=LINE('',#12274,#12275);
#9509=VERTEX_POINT('',#12277);
#9510=LINE('',#12278,#12279);
#9511=LINE('',#12281,#12282);
#9512=VERTEX_POINT('',#12284);
#9513=VERTEX_POINT('',#12285);
#9514=LINE('',#12286,#12287);
#9515=VERTEX_POINT('',#12289);
#9516=LINE('',#12290,#12291);
#9517=VERTEX_POINT('',#12293);
#9518=LINE('',#12294,#12295);
#9519=VERTEX_POINT('',#12297);
#9520=LINE('',#12298,#12299);
#9521=VERTEX_POINT('',#12301);
#9522=LINE('',#12302,#12303);
#9523=VERTEX_POINT('',#12305);
#9524=LINE('',#12306,#12307);
#9525=VERTEX_POINT('',#12309);
#9526=LINE('',#12310,#12311);
#9527=VERTEX_POINT('',#12313);
#9528=LINE('',#12314,#12315);
#9529=VERTEX_POINT('',#12317);
#9530=LINE('',#12318,#12319);
#9531=VERTEX_POINT('',#12321);
#9532=LINE('',#12322,#12323);
#9533=VERTEX_POINT('',#12325);
#9534=LINE('',#12326,#12327);
#9535=LINE('',#12329,#12330);
#9536=VERTEX_POINT('',#12332);
#9537=VERTEX_POINT('',#12333);
#9538=LINE('',#12334,#12335);
#9539=VERTEX_POINT('',#12337);
#9540=LINE('',#12338,#12339);
#9541=VERTEX_POINT('',#12341);
#9542=LINE('',#12342,#12343);
#9543=VERTEX_POINT('',#12345);
#9544=LINE('',#12346,#12347);
#9545=VERTEX_POINT('',#12349);
#9546=LINE('',#12350,#12351);
#9547=VERTEX_POINT('',#12353);
#9548=LINE('',#12354,#12355);
#9549=VERTEX_POINT('',#12357);
#9550=LINE('',#12358,#12359);
#9551=VERTEX_POINT('',#12361);
#9552=LINE('',#12362,#12363);
#9553=VERTEX_POINT('',#12365);
#9554=LINE('',#12366,#12367);
#9555=VERTEX_POINT('',#12369);
#9556=LINE('',#12370,#12371);
#9557=VERTEX_POINT('',#12373);
#9558=LINE('',#12374,#12375);
#9559=VERTEX_POINT('',#12377);
#9560=LINE('',#12378,#12379);
#9561=VERTEX_POINT('',#12381);
#9562=LINE('',#12382,#12383);
#9563=VERTEX_POINT('',#12385);
#9564=LINE('',#12386,#12387);
#9565=VERTEX_POINT('',#12389);
#9566=LINE('',#12390,#12391);
#9567=LINE('',#12393,#12394);
#9568=VERTEX_POINT('',#12396);
#9569=VERTEX_POINT('',#12397);
#9570=LINE('',#12398,#12399);
#9571=VERTEX_POINT('',#12401);
#9572=LINE('',#12402,#12403);
#9573=VERTEX_POINT('',#12405);
#9574=LINE('',#12406,#12407);
#9575=VERTEX_POINT('',#12409);
#9576=LINE('',#12410,#12411);
#9577=VERTEX_POINT('',#12413);
#9578=LINE('',#12414,#12415);
#9579=VERTEX_POINT('',#12417);
#9580=LINE('',#12418,#12419);
#9581=VERTEX_POINT('',#12421);
#9582=LINE('',#12422,#12423);
#9583=VERTEX_POINT('',#12425);
#9584=LINE('',#12426,#12427);
#9585=VERTEX_POINT('',#12429);
#9586=LINE('',#12430,#12431);
#9587=VERTEX_POINT('',#12433);
#9588=LINE('',#12434,#12435);
#9589=VERTEX_POINT('',#12437);
#9590=LINE('',#12438,#12439);
#9591=LINE('',#12441,#12442);
#9592=VERTEX_POINT('',#12444);
#9593=VERTEX_POINT('',#12445);
#9594=LINE('',#12446,#12447);
#9595=VERTEX_POINT('',#12449);
#9596=LINE('',#12450,#12451);
#9597=VERTEX_POINT('',#12453);
#9598=LINE('',#12454,#12455);
#9599=VERTEX_POINT('',#12457);
#9600=LINE('',#12458,#12459);
#9601=VERTEX_POINT('',#12461);
#9602=LINE('',#12462,#12463);
#9603=VERTEX_POINT('',#12465);
#9604=LINE('',#12466,#12467);
#9605=VERTEX_POINT('',#12469);
#9606=LINE('',#12470,#12471);
#9607=VERTEX_POINT('',#12473);
#9608=LINE('',#12474,#12475);
#9609=VERTEX_POINT('',#12477);
#9610=LINE('',#12478,#12479);
#9611=VERTEX_POINT('',#12481);
#9612=LINE('',#12482,#12483);
#9613=VERTEX_POINT('',#12485);
#9614=LINE('',#12486,#12487);
#9615=VERTEX_POINT('',#12489);
#9616=LINE('',#12490,#12491);
#9617=VERTEX_POINT('',#12493);
#9618=LINE('',#12494,#12495);
#9619=VERTEX_POINT('',#12497);
#9620=LINE('',#12498,#12499);
#9621=VERTEX_POINT('',#12501);
#9622=LINE('',#12502,#12503);
#9623=LINE('',#12505,#12506);
#9624=VERTEX_POINT('',#12508);
#9625=VERTEX_POINT('',#12509);
#9626=LINE('',#12510,#12511);
#9627=VERTEX_POINT('',#12513);
#9628=LINE('',#12514,#12515);
#9629=VERTEX_POINT('',#12517);
#9630=LINE('',#12518,#12519);
#9631=VERTEX_POINT('',#12521);
#9632=LINE('',#12522,#12523);
#9633=VERTEX_POINT('',#12525);
#9634=LINE('',#12526,#12527);
#9635=VERTEX_POINT('',#12529);
#9636=LINE('',#12530,#12531);
#9637=VERTEX_POINT('',#12533);
#9638=LINE('',#12534,#12535);
#9639=VERTEX_POINT('',#12537);
#9640=LINE('',#12538,#12539);
#9641=VERTEX_POINT('',#12541);
#9642=LINE('',#12542,#12543);
#9643=LINE('',#12545,#12546);
#9644=VERTEX_POINT('',#12548);
#9645=VERTEX_POINT('',#12549);
#9646=LINE('',#12550,#12551);
#9647=VERTEX_POINT('',#12553);
#9648=LINE('',#12554,#12555);
#9649=VERTEX_POINT('',#12557);
#9650=LINE('',#12558,#12559);
#9651=VERTEX_POINT('',#12561);
#9652=LINE('',#12562,#12563);
#9653=VERTEX_POINT('',#12565);
#9654=LINE('',#12566,#12567);
#9655=VERTEX_POINT('',#12569);
#9656=LINE('',#12570,#12571);
#9657=VERTEX_POINT('',#12573);
#9658=LINE('',#12574,#12575);
#9659=VERTEX_POINT('',#12577);
#9660=LINE('',#12578,#12579);
#9661=VERTEX_POINT('',#12581);
#9662=LINE('',#12582,#12583);
#9663=LINE('',#12585,#12586);
#9664=VERTEX_POINT('',#12588);
#9665=VERTEX_POINT('',#12589);
#9666=LINE('',#12590,#12591);
#9667=VERTEX_POINT('',#12593);
#9668=LINE('',#12594,#12595);
#9669=VERTEX_POINT('',#12597);
#9670=LINE('',#12598,#12599);
#9671=VERTEX_POINT('',#12601);
#9672=LINE('',#12602,#12603);
#9673=VERTEX_POINT('',#12605);
#9674=LINE('',#12606,#12607);
#9675=VERTEX_POINT('',#12609);
#9676=LINE('',#12610,#12611);
#9677=VERTEX_POINT('',#12613);
#9678=LINE('',#12614,#12615);
#9679=VERTEX_POINT('',#12617);
#9680=LINE('',#12618,#12619);
#9681=VERTEX_POINT('',#12621);
#9682=LINE('',#12622,#12623);
#9683=LINE('',#12625,#12626);
#9684=VERTEX_POINT('',#12628);
#9685=VERTEX_POINT('',#12629);
#9686=LINE('',#12630,#12631);
#9687=VERTEX_POINT('',#12633);
#9688=LINE('',#12634,#12635);
#9689=VERTEX_POINT('',#12637);
#9690=LINE('',#12638,#12639);
#9691=VERTEX_POINT('',#12641);
#9692=LINE('',#12642,#12643);
#9693=VERTEX_POINT('',#12645);
#9694=LINE('',#12646,#12647);
#9695=VERTEX_POINT('',#12649);
#9696=LINE('',#12650,#12651);
#9697=VERTEX_POINT('',#12653);
#9698=LINE('',#12654,#12655);
#9699=VERTEX_POINT('',#12657);
#9700=LINE('',#12658,#12659);
#9701=VERTEX_POINT('',#12661);
#9702=LINE('',#12662,#12663);
#9703=LINE('',#12665,#12666);
#9704=VERTEX_POINT('',#12668);
#9705=VERTEX_POINT('',#12669);
#9706=LINE('',#12670,#12671);
#9707=VERTEX_POINT('',#12673);
#9708=LINE('',#12674,#12675);
#9709=VERTEX_POINT('',#12677);
#9710=LINE('',#12678,#12679);
#9711=VERTEX_POINT('',#12681);
#9712=LINE('',#12682,#12683);
#9713=VERTEX_POINT('',#12685);
#9714=LINE('',#12686,#12687);
#9715=VERTEX_POINT('',#12689);
#9716=LINE('',#12690,#12691);
#9717=VERTEX_POINT('',#12693);
#9718=LINE('',#12694,#12695);
#9719=VERTEX_POINT('',#12697);
#9720=LINE('',#12698,#12699);
#9721=VERTEX_POINT('',#12701);
#9722=LINE('',#12702,#12703);
#9723=LINE('',#12705,#12706);
#9724=VERTEX_POINT('',#12708);
#9725=VERTEX_POINT('',#12709);
#9726=LINE('',#12710,#12711);
#9727=VERTEX_POINT('',#12713);
#9728=LINE('',#12714,#12715);
#9729=VERTEX_POINT('',#12717);
#9730=LINE('',#12718,#12719);
#9731=VERTEX_POINT('',#12721);
#9732=LINE('',#12722,#12723);
#9733=VERTEX_POINT('',#12725);
#9734=LINE('',#12726,#12727);
#9735=VERTEX_POINT('',#12729);
#9736=LINE('',#12730,#12731);
#9737=VERTEX_POINT('',#12733);
#9738=LINE('',#12734,#12735);
#9739=VERTEX_POINT('',#12737);
#9740=LINE('',#12738,#12739);
#9741=VERTEX_POINT('',#12741);
#9742=LINE('',#12742,#12743);
#9743=LINE('',#12745,#12746);
#9744=VERTEX_POINT('',#12748);
#9745=LINE('',#12749,#12750);
#9746=VERTEX_POINT('',#12752);
#9747=LINE('',#12753,#12754);
#9748=LINE('',#12756,#12757);
#9749=VERTEX_POINT('',#12759);
#9750=LINE('',#12760,#12761);
#9751=VERTEX_POINT('',#12763);
#9752=LINE('',#12764,#12765);
#9753=LINE('',#12767,#12768);
#9754=LINE('',#12770,#12771);
#9755=LINE('',#12773,#12774);
#9756=LINE('',#12776,#12777);
#9757=LINE('',#12779,#12780);
#9758=LINE('',#12782,#12783);
#9759=LINE('',#12785,#12786);
#9760=VERTEX_POINT('',#12788);
#9761=LINE('',#12789,#12790);
#9762=VERTEX_POINT('',#12792);
#9763=LINE('',#12793,#12794);
#9764=LINE('',#12796,#12797);
#9765=VERTEX_POINT('',#12799);
#9766=LINE('',#12800,#12801);
#9767=VERTEX_POINT('',#12803);
#9768=LINE('',#12804,#12805);
#9769=LINE('',#12807,#12808);
#9770=VERTEX_POINT('',#12810);
#9771=LINE('',#12811,#12812);
#9772=VERTEX_POINT('',#12814);
#9773=LINE('',#12815,#12816);
#9774=LINE('',#12818,#12819);
#9775=VERTEX_POINT('',#12821);
#9776=LINE('',#12822,#12823);
#9777=VERTEX_POINT('',#12825);
#9778=LINE('',#12826,#12827);
#9779=LINE('',#12829,#12830);
#9780=VERTEX_POINT('',#12832);
#9781=LINE('',#12833,#12834);
#9782=VERTEX_POINT('',#12836);
#9783=LINE('',#12837,#12838);
#9784=LINE('',#12840,#12841);
#9785=VERTEX_POINT('',#12843);
#9786=LINE('',#12844,#12845);
#9787=VERTEX_POINT('',#12847);
#9788=LINE('',#12848,#12849);
#9789=LINE('',#12851,#12852);
#9790=VERTEX_POINT('',#12854);
#9791=VERTEX_POINT('',#12855);
#9792=LINE('',#12856,#12857);
#9793=VERTEX_POINT('',#12859);
#9794=LINE('',#12860,#12861);
#9795=VERTEX_POINT('',#12863);
#9796=LINE('',#12864,#12865);
#9797=LINE('',#12867,#12868);
#9798=VERTEX_POINT('',#12870);
#9799=VERTEX_POINT('',#12871);
#9800=LINE('',#12872,#12873);
#9801=VERTEX_POINT('',#12875);
#9802=LINE('',#12876,#12877);
#9803=VERTEX_POINT('',#12879);
#9804=LINE('',#12880,#12881);
#9805=LINE('',#12883,#12884);
#9806=VERTEX_POINT('',#12886);
#9807=LINE('',#12887,#12888);
#9808=VERTEX_POINT('',#12890);
#9809=LINE('',#12891,#12892);
#9810=LINE('',#12894,#12895);
#9811=VERTEX_POINT('',#12897);
#9812=LINE('',#12898,#12899);
#9813=VERTEX_POINT('',#12901);
#9814=LINE('',#12902,#12903);
#9815=LINE('',#12905,#12906);
#9816=VERTEX_POINT('',#12908);
#9817=VERTEX_POINT('',#12909);
#9818=LINE('',#12910,#12911);
#9819=VERTEX_POINT('',#12913);
#9820=LINE('',#12914,#12915);
#9821=VERTEX_POINT('',#12917);
#9822=LINE('',#12918,#12919);
#9823=LINE('',#12921,#12922);
#9824=VERTEX_POINT('',#12924);
#9825=VERTEX_POINT('',#12925);
#9826=LINE('',#12926,#12927);
#9827=VERTEX_POINT('',#12929);
#9828=LINE('',#12930,#12931);
#9829=VERTEX_POINT('',#12933);
#9830=LINE('',#12934,#12935);
#9831=LINE('',#12937,#12938);
#9832=VERTEX_POINT('',#12940);
#9833=LINE('',#12941,#12942);
#9834=VERTEX_POINT('',#12944);
#9835=LINE('',#12945,#12946);
#9836=LINE('',#12948,#12949);
#9837=VERTEX_POINT('',#12951);
#9838=LINE('',#12952,#12953);
#9839=VERTEX_POINT('',#12955);
#9840=LINE('',#12956,#12957);
#9841=LINE('',#12959,#12960);
#9842=VERTEX_POINT('',#12962);
#9843=VERTEX_POINT('',#12963);
#9844=LINE('',#12964,#12965);
#9845=VERTEX_POINT('',#12967);
#9846=LINE('',#12968,#12969);
#9847=VERTEX_POINT('',#12971);
#9848=LINE('',#12972,#12973);
#9849=LINE('',#12975,#12976);
#9850=VERTEX_POINT('',#12978);
#9851=VERTEX_POINT('',#12979);
#9852=LINE('',#12980,#12981);
#9853=VERTEX_POINT('',#12983);
#9854=LINE('',#12984,#12985);
#9855=VERTEX_POINT('',#12987);
#9856=LINE('',#12988,#12989);
#9857=LINE('',#12991,#12992);
#9858=LINE('',#12994,#12995);
#9859=LINE('',#12997,#12998);
#9860=LINE('',#13000,#13001);
#9861=LINE('',#13003,#13004);
#9862=LINE('',#13006,#13007);
#9863=LINE('',#13009,#13010);
#9864=LINE('',#13012,#13013);
#9865=LINE('',#13015,#13016);
#9866=LINE('',#13018,#13019);
#9867=LINE('',#13021,#13022);
#9868=LINE('',#13024,#13025);
#9869=LINE('',#13027,#13028);
#9870=LINE('',#13030,#13031);
#9871=LINE('',#13033,#13034);
#9872=LINE('',#13036,#13037);
#9873=LINE('',#13039,#13040);
#9874=LINE('',#13042,#13043);
#9875=LINE('',#13045,#13046);
#9876=LINE('',#13048,#13049);
#9877=LINE('',#13051,#13052);
#9878=LINE('',#13054,#13055);
#9879=LINE('',#13057,#13058);
#9880=LINE('',#13060,#13061);
#9881=LINE('',#13063,#13064);
#9882=LINE('',#13066,#13067);
#9883=LINE('',#13069,#13070);
#9884=LINE('',#13072,#13073);
#9885=LINE('',#13075,#13076);
#9886=LINE('',#13078,#13079);
#9887=LINE('',#13081,#13082);
#9888=LINE('',#13084,#13085);
#9889=LINE('',#13087,#13088);
#9890=LINE('',#13090,#13091);
#9891=VERTEX_POINT('',#13093);
#9892=LINE('',#13094,#13095);
#9893=VERTEX_POINT('',#13097);
#9894=CIRCLE('',#13098,1.);
#9895=VERTEX_POINT('',#13102);
#9896=LINE('',#13103,#13104);
#9897=VERTEX_POINT('',#13106);
#9898=LINE('',#13107,#13108);
#9899=VERTEX_POINT('',#13110);
#9900=LINE('',#13111,#13112);
#9901=VERTEX_POINT('',#13114);
#9902=LINE('',#13115,#13116);
#9903=VERTEX_POINT('',#13118);
#9904=LINE('',#13119,#13120);
#9905=VERTEX_POINT('',#13122);
#9906=CIRCLE('',#13123,1.);
#9907=LINE('',#13127,#13128);
#9908=LINE('',#13130,#13131);
#9909=LINE('',#13133,#13134);
#9910=LINE('',#13136,#13137);
#9911=LINE('',#13139,#13140);
#9912=LINE('',#13142,#13143);
#9913=LINE('',#13145,#13146);
#9914=LINE('',#13148,#13149);
#9915=LINE('',#13151,#13152);
#9916=LINE('',#13154,#13155);
#9917=LINE('',#13157,#13158);
#9918=LINE('',#13160,#13161);
#9919=VERTEX_POINT('',#13163);
#9920=LINE('',#13164,#13165);
#9921=VERTEX_POINT('',#13167);
#9922=CIRCLE('',#13168,1.);
#9923=VERTEX_POINT('',#13172);
#9924=LINE('',#13173,#13174);
#9925=VERTEX_POINT('',#13176);
#9926=LINE('',#13177,#13178);
#9927=VERTEX_POINT('',#13180);
#9928=LINE('',#13181,#13182);
#9929=VERTEX_POINT('',#13184);
#9930=LINE('',#13185,#13186);
#9931=VERTEX_POINT('',#13188);
#9932=LINE('',#13189,#13190);
#9933=VERTEX_POINT('',#13192);
#9934=CIRCLE('',#13193,1.);
#9935=LINE('',#13197,#13198);
#9936=VERTEX_POINT('',#13200);
#9937=CIRCLE('',#13201,0.75);
#9938=VERTEX_POINT('',#13205);
#9939=CIRCLE('',#13206,1.6);
#9940=VERTEX_POINT('',#13210);
#9941=CIRCLE('',#13211,1.6);
#9942=VERTEX_POINT('',#13215);
#9943=CIRCLE('',#13216,1.6);
#9944=VERTEX_POINT('',#13220);
#9945=CIRCLE('',#13221,1.6);
#9946=LINE('',#13225,#13226);
#9947=LINE('',#13228,#13229);
#9948=LINE('',#13231,#13232);
#9949=LINE('',#13234,#13235);
#9950=LINE('',#13237,#13238);
#9951=LINE('',#13240,#13241);
#9952=VERTEX_POINT('',#13243);
#9953=CIRCLE('',#13244,11.);
#9954=VERTEX_POINT('',#13248);
#9955=LINE('',#13249,#13250);
#9956=CIRCLE('',#13252,11.);
#9957=VERTEX_POINT('',#13256);
#9958=CIRCLE('',#13257,11.);
#9959=VERTEX_POINT('',#13261);
#9960=LINE('',#13262,#13263);
#9961=CIRCLE('',#13265,11.);
#9962=LINE('',#13269,#13270);
#9963=VERTEX_POINT('',#13272);
#9964=CIRCLE('',#13273,1.60000000000002);
#9965=VERTEX_POINT('',#13277);
#9966=LINE('',#13278,#13279);
#9967=CIRCLE('',#13281,1.59999967353195);
#9968=VERTEX_POINT('',#13285);
#9969=LINE('',#13286,#13287);
#9970=VERTEX_POINT('',#13289);
#9971=(BOUNDED_CURVE()B_SPLINE_CURVE(3,
(#13290,#13291,#13292,#13293),
.UNSPECIFIED.,.F.,.F.)B_SPLINE_CURVE_WITH_KNOTS((4,4),
(0.,1.),
.UNSPECIFIED.)CURVE()GEOMETRIC_REPRESENTATION_ITEM()RATIONAL_B_SPLINE_CURVE((1.,
0.932809933673257,0.932809933673257,1.))REPRESENTATION_ITEM(''));
#9972=VERTEX_POINT('',#13294);
#9973=LINE('',#13295,#13296);
#9974=VERTEX_POINT('',#13298);
#9975=(BOUNDED_CURVE()B_SPLINE_CURVE(3,
(#13299,#13300,#13301,#13302),
.UNSPECIFIED.,.F.,.F.)B_SPLINE_CURVE_WITH_KNOTS((4,4),
(0.,1.),
.UNSPECIFIED.)CURVE()GEOMETRIC_REPRESENTATION_ITEM()RATIONAL_B_SPLINE_CURVE((1.,
0.978804040082481,0.978804040082481,1.))REPRESENTATION_ITEM(''));
#9976=VERTEX_POINT('',#13303);
#9977=CIRCLE('',#13304,11.);
#9978=VERTEX_POINT('',#13308);
#9979=LINE('',#13309,#13310);
#9980=CIRCLE('',#13312,11.);
#9981=VERTEX_POINT('',#13316);
#9982=LINE('',#13317,#13318);
#9983=VERTEX_POINT('',#13320);
#9984=LINE('',#13321,#13322);
#9985=VERTEX_POINT('',#13324);
#9986=LINE('',#13325,#13326);
#9987=VERTEX_POINT('',#13328);
#9988=LINE('',#13329,#13330);
#9989=VERTEX_POINT('',#13332);
#9990=LINE('',#13333,#13334);
#9991=CIRCLE('',#13336,11.);
#9992=VERTEX_POINT('',#13340);
#9993=CIRCLE('',#13341,11.);
#9994=VERTEX_POINT('',#13345);
#9995=LINE('',#13346,#13347);
#9996=VERTEX_POINT('',#13349);
#9997=LINE('',#13350,#13351);
#9998=VERTEX_POINT('',#13353);
#9999=CIRCLE('',#13354,1.59999967353195);
#10000=VERTEX_POINT('',#13358);
#10001=LINE('',#13359,#13360);
#10002=CIRCLE('',#13362,1.60000000000002);
#10003=LINE('',#13366,#13367);
#10004=LINE('',#13369,#13370);
#10005=VERTEX_POINT('',#13372);
#10006=CIRCLE('',#13373,1.59999967353195);
#10007=VERTEX_POINT('',#13377);
#10008=LINE('',#13378,#13379);
#10009=VERTEX_POINT('',#13381);
#10010=CIRCLE('',#13382,1.60000000000002);
#10011=VERTEX_POINT('',#13386);
#10012=LINE('',#13387,#13388);
#10013=VERTEX_POINT('',#13390);
#10014=LINE('',#13391,#13392);
#10015=CIRCLE('',#13394,11.);
#10016=VERTEX_POINT('',#13398);
#10017=CIRCLE('',#13399,11.);
#10018=VERTEX_POINT('',#13403);
#10019=LINE('',#13404,#13405);
#10020=CIRCLE('',#13407,11.);
#10021=VERTEX_POINT('',#13411);
#10022=LINE('',#13412,#13413);
#10023=VERTEX_POINT('',#13415);
#10024=(BOUNDED_CURVE()B_SPLINE_CURVE(3,
(#13416,#13417,#13418,#13419),
.UNSPECIFIED.,.F.,.F.)B_SPLINE_CURVE_WITH_KNOTS((4,4),
(0.,1.),
.UNSPECIFIED.)CURVE()GEOMETRIC_REPRESENTATION_ITEM()RATIONAL_B_SPLINE_CURVE((1.,
0.932809933673258,0.932809933673258,1.))REPRESENTATION_ITEM(''));
#10025=VERTEX_POINT('',#13420);
#10026=LINE('',#13421,#13422);
#10027=VERTEX_POINT('',#13424);
#10028=(BOUNDED_CURVE()B_SPLINE_CURVE(3,
(#13425,#13426,#13427,#13428),
.UNSPECIFIED.,.F.,.F.)B_SPLINE_CURVE_WITH_KNOTS((4,4),
(0.,1.),
.UNSPECIFIED.)CURVE()GEOMETRIC_REPRESENTATION_ITEM()RATIONAL_B_SPLINE_CURVE((1.,
0.978804040082481,0.978804040082481,1.))REPRESENTATION_ITEM(''));
#10029=VERTEX_POINT('',#13429);
#10030=CIRCLE('',#13430,11.);
#10031=LINE('',#13434,#13435);
#10032=LINE('',#13437,#13438);
#10033=VERTEX_POINT('',#13440);
#10034=LINE('',#13441,#13442);
#10035=VERTEX_POINT('',#13444);
#10036=(BOUNDED_CURVE()B_SPLINE_CURVE(3,
(#13445,#13446,#13447,#13448),
.UNSPECIFIED.,.F.,.F.)B_SPLINE_CURVE_WITH_KNOTS((4,4),
(0.,1.),
.UNSPECIFIED.)CURVE()GEOMETRIC_REPRESENTATION_ITEM()RATIONAL_B_SPLINE_CURVE((1.,
0.932809933673257,0.932809933673257,1.))REPRESENTATION_ITEM(''));
#10037=VERTEX_POINT('',#13449);
#10038=LINE('',#13450,#13451);
#10039=VERTEX_POINT('',#13453);
#10040=(BOUNDED_CURVE()B_SPLINE_CURVE(3,
(#13454,#13455,#13456,#13457),
.UNSPECIFIED.,.F.,.F.)B_SPLINE_CURVE_WITH_KNOTS((4,4),
(0.,1.),
.UNSPECIFIED.)CURVE()GEOMETRIC_REPRESENTATION_ITEM()RATIONAL_B_SPLINE_CURVE((1.,
0.932809933673257,0.932809933673257,1.))REPRESENTATION_ITEM(''));
#10041=LINE('',#13458,#13459);
#10042=VERTEX_POINT('',#13461);
#10043=LINE('',#13462,#13463);
#10044=VERTEX_POINT('',#13465);
#10045=CIRCLE('',#13466,11.);
#10046=VERTEX_POINT('',#13470);
#10047=LINE('',#13471,#13472);
#10048=VERTEX_POINT('',#13474);
#10049=CIRCLE('',#13475,11.);
#10050=VERTEX_POINT('',#13479);
#10051=LINE('',#13480,#13481);
#10052=VERTEX_POINT('',#13483);
#10053=(BOUNDED_CURVE()B_SPLINE_CURVE(3,
(#13484,#13485,#13486,#13487),
.UNSPECIFIED.,.F.,.F.)B_SPLINE_CURVE_WITH_KNOTS((4,4),
(0.,1.),
.UNSPECIFIED.)CURVE()GEOMETRIC_REPRESENTATION_ITEM()RATIONAL_B_SPLINE_CURVE((1.,
0.999827712403161,0.999827712403161,1.))REPRESENTATION_ITEM(''));
#10054=VERTEX_POINT('',#13488);
#10055=LINE('',#13489,#13490);
#10056=VERTEX_POINT('',#13492);
#10057=(BOUNDED_CURVE()B_SPLINE_CURVE(3,
(#13493,#13494,#13495,#13496),
.UNSPECIFIED.,.F.,.F.)B_SPLINE_CURVE_WITH_KNOTS((4,4),
(0.,1.),
.UNSPECIFIED.)CURVE()GEOMETRIC_REPRESENTATION_ITEM()RATIONAL_B_SPLINE_CURVE((1.,
0.999305181393966,0.999305181393966,1.))REPRESENTATION_ITEM(''));
#10058=CIRCLE('',#13497,11.);
#10059=VERTEX_POINT('',#13501);
#10060=LINE('',#13502,#13503);
#10061=VERTEX_POINT('',#13505);
#10062=LINE('',#13506,#13507);
#10063=VERTEX_POINT('',#13509);
#10064=LINE('',#13510,#13511);
#10065=CIRCLE('',#13513,12.);
#10066=VERTEX_POINT('',#13517);
#10067=LINE('',#13518,#13519);
#10068=CIRCLE('',#13521,12.);
#10069=VERTEX_POINT('',#13525);
#10070=LINE('',#13526,#13527);
#10071=VERTEX_POINT('',#13529);
#10072=LINE('',#13530,#13531);
#10073=VERTEX_POINT('',#13533);
#10074=LINE('',#13534,#13535);
#10075=CIRCLE('',#13537,11.);
#10076=VERTEX_POINT('',#13541);
#10077=(BOUNDED_CURVE()B_SPLINE_CURVE(3,
(#13542,#13543,#13544,#13545),
.UNSPECIFIED.,.F.,.F.)B_SPLINE_CURVE_WITH_KNOTS((4,4),
(0.,1.),
.UNSPECIFIED.)CURVE()GEOMETRIC_REPRESENTATION_ITEM()RATIONAL_B_SPLINE_CURVE((1.,
0.999305181393966,0.999305181393966,1.))REPRESENTATION_ITEM(''));
#10078=VERTEX_POINT('',#13546);
#10079=LINE('',#13547,#13548);
#10080=VERTEX_POINT('',#13550);
#10081=(BOUNDED_CURVE()B_SPLINE_CURVE(3,
(#13551,#13552,#13553,#13554),
.UNSPECIFIED.,.F.,.F.)B_SPLINE_CURVE_WITH_KNOTS((4,4),
(0.,1.),
.UNSPECIFIED.)CURVE()GEOMETRIC_REPRESENTATION_ITEM()RATIONAL_B_SPLINE_CURVE((1.,
0.999827712403161,0.999827712403161,1.))REPRESENTATION_ITEM(''));
#10082=VERTEX_POINT('',#13555);
#10083=LINE('',#13556,#13557);
#10084=VERTEX_POINT('',#13559);
#10085=CIRCLE('',#13560,11.);
#10086=VERTEX_POINT('',#13564);
#10087=LINE('',#13565,#13566);
#10088=VERTEX_POINT('',#13568);
#10089=CIRCLE('',#13569,11.);
#10090=VERTEX_POINT('',#13573);
#10091=LINE('',#13574,#13575);
#10092=CIRCLE('',#13577,11.);
#10093=VERTEX_POINT('',#13581);
#10094=LINE('',#13582,#13583);
#10095=VERTEX_POINT('',#13585);
#10096=LINE('',#13586,#13587);
#10097=LINE('',#13589,#13590);
#10098=VERTEX_POINT('',#13592);
#10099=LINE('',#13593,#13594);
#10100=LINE('',#13596,#13597);
#10101=VERTEX_POINT('',#13599);
#10102=VERTEX_POINT('',#13600);
#10103=CIRCLE('',#13601,1.);
#10104=LINE('',#13605,#13606);
#10105=VERTEX_POINT('',#13608);
#10106=LINE('',#13609,#13610);
#10107=VERTEX_POINT('',#13612);
#10108=LINE('',#13613,#13614);
#10109=LINE('',#13616,#13617);
#10110=LINE('',#13619,#13620);
#10111=VERTEX_POINT('',#13622);
#10112=LINE('',#13623,#13624);
#10113=VERTEX_POINT('',#13626);
#10114=(BOUNDED_CURVE()B_SPLINE_CURVE(3,
(#13627,#13628,#13629,#13630),
.UNSPECIFIED.,.F.,.F.)B_SPLINE_CURVE_WITH_KNOTS((4,4),
(0.,1.),
.UNSPECIFIED.)CURVE()GEOMETRIC_REPRESENTATION_ITEM()RATIONAL_B_SPLINE_CURVE((1.,
0.932809933673257,0.932809933673257,1.))REPRESENTATION_ITEM(''));
#10115=VERTEX_POINT('',#13631);
#10116=LINE('',#13632,#13633);
#10117=VERTEX_POINT('',#13635);
#10118=(BOUNDED_CURVE()B_SPLINE_CURVE(3,
(#13636,#13637,#13638,#13639),
.UNSPECIFIED.,.F.,.F.)B_SPLINE_CURVE_WITH_KNOTS((4,4),
(0.,1.),
.UNSPECIFIED.)CURVE()GEOMETRIC_REPRESENTATION_ITEM()RATIONAL_B_SPLINE_CURVE((1.,
0.932809933673257,0.932809933673257,1.))REPRESENTATION_ITEM(''));
#10119=LINE('',#13640,#13641);
#10120=VERTEX_POINT('',#13643);
#10121=LINE('',#13644,#13645);
#10122=LINE('',#13647,#13648);
#10123=VERTEX_POINT('',#13650);
#10124=CIRCLE('',#13651,1.);
#10125=VERTEX_POINT('',#13655);
#10126=LINE('',#13656,#13657);
#10127=VERTEX_POINT('',#13659);
#10128=LINE('',#13660,#13661);
#10129=VERTEX_POINT('',#13663);
#10130=LINE('',#13664,#13665);
#10131=LINE('',#13667,#13668);
#10132=VERTEX_POINT('',#13670);
#10133=LINE('',#13671,#13672);
#10134=VERTEX_POINT('',#13674);
#10135=CIRCLE('',#13675,11.);
#10136=VERTEX_POINT('',#13679);
#10137=LINE('',#13680,#13681);
#10138=VERTEX_POINT('',#13683);
#10139=LINE('',#13684,#13685);
#10140=VERTEX_POINT('',#13687);
#10141=LINE('',#13688,#13689);
#10142=CIRCLE('',#13691,11.);
#10143=VERTEX_POINT('',#13695);
#10144=LINE('',#13696,#13697);
#10145=VERTEX_POINT('',#13699);
#10146=CIRCLE('',#13700,11.);
#10147=LINE('',#13704,#13705);
#10148=VERTEX_POINT('',#13707);
#10149=LINE('',#13708,#13709);
#10150=VERTEX_POINT('',#13711);
#10151=(BOUNDED_CURVE()B_SPLINE_CURVE(3,
(#13712,#13713,#13714,#13715),
.UNSPECIFIED.,.F.,.F.)B_SPLINE_CURVE_WITH_KNOTS((4,4),
(0.,1.),
.UNSPECIFIED.)CURVE()GEOMETRIC_REPRESENTATION_ITEM()RATIONAL_B_SPLINE_CURVE((1.,
0.999827712403161,0.999827712403161,1.))REPRESENTATION_ITEM(''));
#10152=VERTEX_POINT('',#13716);
#10153=LINE('',#13717,#13718);
#10154=VERTEX_POINT('',#13720);
#10155=(BOUNDED_CURVE()B_SPLINE_CURVE(3,
(#13721,#13722,#13723,#13724),
.UNSPECIFIED.,.F.,.F.)B_SPLINE_CURVE_WITH_KNOTS((4,4),
(0.,1.),
.UNSPECIFIED.)CURVE()GEOMETRIC_REPRESENTATION_ITEM()RATIONAL_B_SPLINE_CURVE((1.,
0.999305181393966,0.999305181393966,1.))REPRESENTATION_ITEM(''));
#10156=CIRCLE('',#13725,11.);
#10157=VERTEX_POINT('',#13729);
#10158=LINE('',#13730,#13731);
#10159=VERTEX_POINT('',#13733);
#10160=LINE('',#13734,#13735);
#10161=VERTEX_POINT('',#13737);
#10162=LINE('',#13738,#13739);
#10163=CIRCLE('',#13741,11.5377104152216);
#10164=VERTEX_POINT('',#13745);
#10165=LINE('',#13746,#13747);
#10166=CIRCLE('',#13749,11.5377104152216);
#10167=VERTEX_POINT('',#13753);
#10168=LINE('',#13754,#13755);
#10169=VERTEX_POINT('',#13757);
#10170=LINE('',#13758,#13759);
#10171=VERTEX_POINT('',#13761);
#10172=LINE('',#13762,#13763);
#10173=CIRCLE('',#13765,11.);
#10174=VERTEX_POINT('',#13769);
#10175=(BOUNDED_CURVE()B_SPLINE_CURVE(3,
(#13770,#13771,#13772,#13773),
.UNSPECIFIED.,.F.,.F.)B_SPLINE_CURVE_WITH_KNOTS((4,4),
(0.,1.),
.UNSPECIFIED.)CURVE()GEOMETRIC_REPRESENTATION_ITEM()RATIONAL_B_SPLINE_CURVE((1.,
0.999305181393966,0.999305181393966,1.))REPRESENTATION_ITEM(''));
#10176=VERTEX_POINT('',#13774);
#10177=LINE('',#13775,#13776);
#10178=VERTEX_POINT('',#13778);
#10179=(BOUNDED_CURVE()B_SPLINE_CURVE(3,
(#13779,#13780,#13781,#13782),
.UNSPECIFIED.,.F.,.F.)B_SPLINE_CURVE_WITH_KNOTS((4,4),
(0.,1.),
.UNSPECIFIED.)CURVE()GEOMETRIC_REPRESENTATION_ITEM()RATIONAL_B_SPLINE_CURVE((1.,
0.999827712403161,0.999827712403161,1.))REPRESENTATION_ITEM(''));
#10180=VERTEX_POINT('',#13783);
#10181=LINE('',#13784,#13785);
#10182=VERTEX_POINT('',#13787);
#10183=CIRCLE('',#13788,11.);
#10184=VERTEX_POINT('',#13792);
#10185=LINE('',#13793,#13794);
#10186=VERTEX_POINT('',#13796);
#10187=CIRCLE('',#13797,11.);
#10188=LINE('',#13801,#13802);
#10189=VERTEX_POINT('',#13804);
#10190=LINE('',#13805,#13806);
#10191=CIRCLE('',#13808,1.60000000000002);
#10192=VERTEX_POINT('',#13812);
#10193=LINE('',#13813,#13814);
#10194=VERTEX_POINT('',#13816);
#10195=CIRCLE('',#13817,1.59999967353195);
#10196=VERTEX_POINT('',#13821);
#10197=LINE('',#13822,#13823);
#10198=VERTEX_POINT('',#13825);
#10199=LINE('',#13826,#13827);
#10200=VERTEX_POINT('',#13829);
#10201=LINE('',#13830,#13831);
#10202=LINE('',#13833,#13834);
#10203=VERTEX_POINT('',#13836);
#10204=LINE('',#13837,#13838);
#10205=VERTEX_POINT('',#13840);
#10206=LINE('',#13841,#13842);
#10207=VERTEX_POINT('',#13844);
#10208=LINE('',#13845,#13846);
#10209=VERTEX_POINT('',#13848);
#10210=LINE('',#13849,#13850);
#10211=VERTEX_POINT('',#13852);
#10212=CIRCLE('',#13853,1.60000000000002);
#10213=VERTEX_POINT('',#13857);
#10214=LINE('',#13858,#13859);
#10215=CIRCLE('',#13861,1.59999967353195);
#10216=LINE('',#13865,#13866);
#10217=VERTEX_POINT('',#13868);
#10218=CIRCLE('',#13869,1.59999967353195);
#10219=VERTEX_POINT('',#13873);
#10220=LINE('',#13874,#13875);
#10221=CIRCLE('',#13877,1.60000000000002);
#10222=LINE('',#13881,#13882);
#10223=LINE('',#13884,#13885);
#10224=VERTEX_POINT('',#13887);
#10225=LINE('',#13888,#13889);
#10226=LINE('',#13891,#13892);
#10227=LINE('',#13894,#13895);
#10228=VERTEX_POINT('',#13897);
#10229=LINE('',#13898,#13899);
#10230=LINE('',#13901,#13902);
#10231=VERTEX_POINT('',#13904);
#10232=VERTEX_POINT('',#13905);
#10233=CIRCLE('',#13906,0.999999999999999);
#10234=LINE('',#13910,#13911);
#10235=VERTEX_POINT('',#13913);
#10236=LINE('',#13914,#13915);
#10237=VERTEX_POINT('',#13917);
#10238=LINE('',#13918,#13919);
#10239=LINE('',#13921,#13922);
#10240=LINE('',#13924,#13925);
#10241=VERTEX_POINT('',#13927);
#10242=LINE('',#13928,#13929);
#10243=LINE('',#13931,#13932);
#10244=LINE('',#13934,#13935);
#10245=VERTEX_POINT('',#13937);
#10246=LINE('',#13938,#13939);
#10247=LINE('',#13941,#13942);
#10248=VERTEX_POINT('',#13944);
#10249=LINE('',#13945,#13946);
#10250=LINE('',#13948,#13949);
#10251=VERTEX_POINT('',#13951);
#10252=CIRCLE('',#13952,1.);
#10253=VERTEX_POINT('',#13956);
#10254=LINE('',#13957,#13958);
#10255=VERTEX_POINT('',#13960);
#10256=LINE('',#13961,#13962);
#10257=LINE('',#13964,#13965);
#10258=LINE('',#13967,#13968);
#10259=VERTEX_POINT('',#13970);
#10260=LINE('',#13971,#13972);
#10261=VERTEX_POINT('',#13974);
#10262=LINE('',#13975,#13976);
#10263=LINE('',#13978,#13979);
#10264=LINE('',#13981,#13982);
#10265=VERTEX_POINT('',#13984);
#10266=LINE('',#13985,#13986);
#10267=VERTEX_POINT('',#13988);
#10268=LINE('',#13989,#13990);
#10269=LINE('',#13992,#13993);
#10270=LINE('',#13995,#13996);
#10271=VERTEX_POINT('',#13998);
#10272=LINE('',#13999,#14000);
#10273=VERTEX_POINT('',#14002);
#10274=LINE('',#14003,#14004);
#10275=LINE('',#14006,#14007);
#10276=VERTEX_POINT('',#14009);
#10277=LINE('',#14010,#14011);
#10278=LINE('',#14013,#14014);
#10279=VERTEX_POINT('',#14016);
#10280=LINE('',#14017,#14018);
#10281=LINE('',#14020,#14021);
#10282=LINE('',#14023,#14024);
#10283=LINE('',#14026,#14027);
#10284=LINE('',#14029,#14030);
#10285=VERTEX_POINT('',#14032);
#10286=LINE('',#14033,#14034);
#10287=VERTEX_POINT('',#14036);
#10288=LINE('',#14037,#14038);
#10289=LINE('',#14040,#14041);
#10290=VERTEX_POINT('',#14043);
#10291=LINE('',#14044,#14045);
#10292=VERTEX_POINT('',#14047);
#10293=LINE('',#14048,#14049);
#10294=LINE('',#14051,#14052);
#10295=LINE('',#14054,#14055);
#10296=VERTEX_POINT('',#14057);
#10297=LINE('',#14058,#14059);
#10298=VERTEX_POINT('',#14061);
#10299=LINE('',#14062,#14063);
#10300=LINE('',#14065,#14066);
#10301=VERTEX_POINT('',#14068);
#10302=LINE('',#14069,#14070);
#10303=LINE('',#14072,#14073);
#10304=VERTEX_POINT('',#14075);
#10305=LINE('',#14076,#14077);
#10306=LINE('',#14079,#14080);
#10307=LINE('',#14082,#14083);
#10308=VERTEX_POINT('',#14085);
#10309=CIRCLE('',#14086,0.75);
#10310=VERTEX_POINT('',#14090);
#10311=CIRCLE('',#14091,1.6);
#10312=VERTEX_POINT('',#14095);
#10313=CIRCLE('',#14096,1.6);
#10314=VERTEX_POINT('',#14100);
#10315=CIRCLE('',#14101,1.6);
#10316=VERTEX_POINT('',#14105);
#10317=CIRCLE('',#14106,1.6);
#10318=LINE('',#14110,#14111);
#10319=VERTEX_POINT('',#14113);
#10320=CIRCLE('',#14114,3.);
#10321=VERTEX_POINT('',#14118);
#10322=LINE('',#14119,#14120);
#10323=VERTEX_POINT('',#14122);
#10324=LINE('',#14123,#14124);
#10325=LINE('',#14126,#14127);
#10326=VERTEX_POINT('',#14129);
#10327=VERTEX_POINT('',#14130);
#10328=LINE('',#14131,#14132);
#10329=VERTEX_POINT('',#14134);
#10330=LINE('',#14135,#14136);
#10331=VERTEX_POINT('',#14138);
#10332=LINE('',#14139,#14140);
#10333=VERTEX_POINT('',#14142);
#10334=LINE('',#14143,#14144);
#10335=VERTEX_POINT('',#14146);
#10336=LINE('',#14147,#14148);
#10337=VERTEX_POINT('',#14150);
#10338=LINE('',#14151,#14152);
#10339=VERTEX_POINT('',#14154);
#10340=LINE('',#14155,#14156);
#10341=VERTEX_POINT('',#14158);
#10342=LINE('',#14159,#14160);
#10343=VERTEX_POINT('',#14162);
#10344=LINE('',#14163,#14164);
#10345=VERTEX_POINT('',#14166);
#10346=LINE('',#14167,#14168);
#10347=VERTEX_POINT('',#14170);
#10348=LINE('',#14171,#14172);
#10349=LINE('',#14174,#14175);
#10350=VERTEX_POINT('',#14177);
#10351=CIRCLE('',#14178,3.);
#10352=LINE('',#14182,#14183);
#10353=LINE('',#14185,#14186);
#10354=VERTEX_POINT('',#14188);
#10355=LINE('',#14189,#14190);
#10356=VERTEX_POINT('',#14192);
#10357=LINE('',#14193,#14194);
#10358=LINE('',#14196,#14197);
#10359=VERTEX_POINT('',#14199);
#10360=LINE('',#14200,#14201);
#10361=LINE('',#14203,#14204);
#10362=LINE('',#14206,#14207);
#10363=VERTEX_POINT('',#14209);
#10364=LINE('',#14210,#14211);
#10365=VERTEX_POINT('',#14213);
#10366=LINE('',#14214,#14215);
#10367=LINE('',#14217,#14218);
#10368=VERTEX_POINT('',#14220);
#10369=VERTEX_POINT('',#14221);
#10370=LINE('',#14222,#14223);
#10371=VERTEX_POINT('',#14225);
#10372=LINE('',#14226,#14227);
#10373=VERTEX_POINT('',#14229);
#10374=LINE('',#14230,#14231);
#10375=LINE('',#14233,#14234);
#10376=VERTEX_POINT('',#14236);
#10377=CIRCLE('',#14237,3.);
#10378=VERTEX_POINT('',#14241);
#10379=LINE('',#14242,#14243);
#10380=LINE('',#14245,#14246);
#10381=VERTEX_POINT('',#14248);
#10382=LINE('',#14249,#14250);
#10383=LINE('',#14252,#14253);
#10384=LINE('',#14255,#14256);
#10385=VERTEX_POINT('',#14258);
#10386=LINE('',#14259,#14260);
#10387=LINE('',#14262,#14263);
#10388=LINE('',#14265,#14266);
#10389=VERTEX_POINT('',#14268);
#10390=VERTEX_POINT('',#14269);
#10391=LINE('',#14270,#14271);
#10392=VERTEX_POINT('',#14273);
#10393=LINE('',#14274,#14275);
#10394=VERTEX_POINT('',#14277);
#10395=LINE('',#14278,#14279);
#10396=VERTEX_POINT('',#14281);
#10397=LINE('',#14282,#14283);
#10398=VERTEX_POINT('',#14285);
#10399=LINE('',#14286,#14287);
#10400=VERTEX_POINT('',#14289);
#10401=LINE('',#14290,#14291);
#10402=VERTEX_POINT('',#14293);
#10403=LINE('',#14294,#14295);
#10404=VERTEX_POINT('',#14297);
#10405=LINE('',#14298,#14299);
#10406=VERTEX_POINT('',#14301);
#10407=LINE('',#14302,#14303);
#10408=VERTEX_POINT('',#14305);
#10409=LINE('',#14306,#14307);
#10410=VERTEX_POINT('',#14309);
#10411=LINE('',#14310,#14311);
#10412=LINE('',#14313,#14314);
#10413=LINE('',#14316,#14317);
#10414=LINE('',#14319,#14320);
#10415=LINE('',#14322,#14323);
#10416=LINE('',#14325,#14326);
#10417=LINE('',#14328,#14329);
#10418=VERTEX_POINT('',#14331);
#10419=LINE('',#14332,#14333);
#10420=LINE('',#14335,#14336);
#10421=VERTEX_POINT('',#14338);
#10422=VERTEX_POINT('',#14339);
#10423=LINE('',#14340,#14341);
#10424=VERTEX_POINT('',#14343);
#10425=LINE('',#14344,#14345);
#10426=VERTEX_POINT('',#14347);
#10427=LINE('',#14348,#14349);
#10428=VERTEX_POINT('',#14351);
#10429=LINE('',#14352,#14353);
#10430=VERTEX_POINT('',#14355);
#10431=LINE('',#14356,#14357);
#10432=VERTEX_POINT('',#14359);
#10433=LINE('',#14360,#14361);
#10434=VERTEX_POINT('',#14363);
#10435=LINE('',#14364,#14365);
#10436=VERTEX_POINT('',#14367);
#10437=LINE('',#14368,#14369);
#10438=VERTEX_POINT('',#14371);
#10439=LINE('',#14372,#14373);
#10440=VERTEX_POINT('',#14375);
#10441=LINE('',#14376,#14377);
#10442=VERTEX_POINT('',#14379);
#10443=LINE('',#14380,#14381);
#10444=LINE('',#14383,#14384);
#10445=LINE('',#14386,#14387);
#10446=VERTEX_POINT('',#14389);
#10447=CIRCLE('',#14390,3.);
#10448=LINE('',#14394,#14395);
#10449=LINE('',#14397,#14398);
#10450=VERTEX_POINT('',#14400);
#10451=LINE('',#14401,#14402);
#10452=LINE('',#14404,#14405);
#10453=LINE('',#14407,#14408);
#10454=LINE('',#14410,#14411);
#10455=LINE('',#14413,#14414);
#10456=LINE('',#14416,#14417);
#10457=LINE('',#14419,#14420);
#10458=LINE('',#14422,#14423);
#10459=LINE('',#14425,#14426);
#10460=LINE('',#14428,#14429);
#10461=VERTEX_POINT('',#14431);
#10462=LINE('',#14432,#14433);
#10463=LINE('',#14435,#14436);
#10464=VERTEX_POINT('',#14438);
#10465=LINE('',#14439,#14440);
#10466=LINE('',#14442,#14443);
#10467=LINE('',#14445,#14446);
#10468=VERTEX_POINT('',#14448);
#10469=VERTEX_POINT('',#14449);
#10470=LINE('',#14450,#14451);
#10471=VERTEX_POINT('',#14453);
#10472=LINE('',#14454,#14455);
#10473=VERTEX_POINT('',#14457);
#10474=LINE('',#14458,#14459);
#10475=LINE('',#14461,#14462);
#10476=LINE('',#14464,#14465);
#10477=LINE('',#14467,#14468);
#10478=VERTEX_POINT('',#14470);
#10479=LINE('',#14471,#14472);
#10480=LINE('',#14474,#14475);
#10481=VERTEX_POINT('',#14477);
#10482=LINE('',#14478,#14479);
#10483=LINE('',#14481,#14482);
#10484=LINE('',#14484,#14485);
#10485=VERTEX_POINT('',#14487);
#10486=VERTEX_POINT('',#14488);
#10487=LINE('',#14489,#14490);
#10488=VERTEX_POINT('',#14492);
#10489=LINE('',#14493,#14494);
#10490=VERTEX_POINT('',#14496);
#10491=LINE('',#14497,#14498);
#10492=LINE('',#14500,#14501);
#10493=LINE('',#14503,#14504);
#10494=LINE('',#14506,#14507);
#10495=LINE('',#14509,#14510);
#10496=LINE('',#14512,#14513);
#10497=LINE('',#14515,#14516);
#10498=VERTEX_POINT('',#14518);
#10499=CIRCLE('',#14519,3.);
#10500=VERTEX_POINT('',#14523);
#10501=CIRCLE('',#14524,3.);
#10502=VERTEX_POINT('',#14528);
#10503=CIRCLE('',#14529,3.);
#10504=VERTEX_POINT('',#14533);
#10505=CIRCLE('',#14534,3.);
#10506=VERTEX_POINT('',#14538);
#10507=LINE('',#14539,#14540);
#10508=VERTEX_POINT('',#14542);
#10509=LINE('',#14543,#14544);
#10510=LINE('',#14546,#14547);
#10511=VERTEX_POINT('',#14549);
#10512=LINE('',#14550,#14551);
#10513=LINE('',#14553,#14554);
#10514=VERTEX_POINT('',#14556);
#10515=LINE('',#14557,#14558);
#10516=LINE('',#14560,#14561);
#10517=VERTEX_POINT('',#14563);
#10518=LINE('',#14564,#14565);
#10519=LINE('',#14567,#14568);
#10520=VERTEX_POINT('',#14570);
#10521=LINE('',#14571,#14572);
#10522=LINE('',#14574,#14575);
#10523=VERTEX_POINT('',#14577);
#10524=LINE('',#14578,#14579);
#10525=LINE('',#14581,#14582);
#10526=VERTEX_POINT('',#14584);
#10527=LINE('',#14585,#14586);
#10528=LINE('',#14588,#14589);
#10529=VERTEX_POINT('',#14591);
#10530=LINE('',#14592,#14593);
#10531=LINE('',#14595,#14596);
#10532=VERTEX_POINT('',#14598);
#10533=LINE('',#14599,#14600);
#10534=LINE('',#14602,#14603);
#10535=VERTEX_POINT('',#14605);
#10536=LINE('',#14606,#14607);
#10537=LINE('',#14609,#14610);
#10538=VERTEX_POINT('',#14612);
#10539=LINE('',#14613,#14614);
#10540=LINE('',#14616,#14617);
#10541=LINE('',#14619,#14620);
#10542=VERTEX_POINT('',#14622);
#10543=LINE('',#14623,#14624);
#10544=VERTEX_POINT('',#14626);
#10545=LINE('',#14627,#14628);
#10546=LINE('',#14630,#14631);
#10547=VERTEX_POINT('',#14633);
#10548=LINE('',#14634,#14635);
#10549=LINE('',#14637,#14638);
#10550=VERTEX_POINT('',#14640);
#10551=LINE('',#14641,#14642);
#10552=LINE('',#14644,#14645);
#10553=LINE('',#14647,#14648);
#10554=VERTEX_POINT('',#14650);
#10555=LINE('',#14651,#14652);
#10556=VERTEX_POINT('',#14654);
#10557=LINE('',#14655,#14656);
#10558=LINE('',#14658,#14659);
#10559=VERTEX_POINT('',#14661);
#10560=LINE('',#14662,#14663);
#10561=LINE('',#14665,#14666);
#10562=VERTEX_POINT('',#14668);
#10563=LINE('',#14669,#14670);
#10564=LINE('',#14672,#14673);
#10565=VERTEX_POINT('',#14675);
#10566=LINE('',#14676,#14677);
#10567=LINE('',#14679,#14680);
#10568=VERTEX_POINT('',#14682);
#10569=LINE('',#14683,#14684);
#10570=LINE('',#14686,#14687);
#10571=VERTEX_POINT('',#14689);
#10572=LINE('',#14690,#14691);
#10573=LINE('',#14693,#14694);
#10574=VERTEX_POINT('',#14696);
#10575=LINE('',#14697,#14698);
#10576=LINE('',#14700,#14701);
#10577=VERTEX_POINT('',#14703);
#10578=LINE('',#14704,#14705);
#10579=LINE('',#14707,#14708);
#10580=VERTEX_POINT('',#14710);
#10581=LINE('',#14711,#14712);
#10582=LINE('',#14714,#14715);
#10583=VERTEX_POINT('',#14717);
#10584=LINE('',#14718,#14719);
#10585=LINE('',#14721,#14722);
#10586=VERTEX_POINT('',#14724);
#10587=LINE('',#14725,#14726);
#10588=LINE('',#14728,#14729);
#10589=LINE('',#14731,#14732);
#10590=VERTEX_POINT('',#14734);
#10591=LINE('',#14735,#14736);
#10592=VERTEX_POINT('',#14738);
#10593=LINE('',#14739,#14740);
#10594=LINE('',#14742,#14743);
#10595=VERTEX_POINT('',#14745);
#10596=LINE('',#14746,#14747);
#10597=LINE('',#14749,#14750);
#10598=VERTEX_POINT('',#14752);
#10599=LINE('',#14753,#14754);
#10600=LINE('',#14756,#14757);
#10601=VERTEX_POINT('',#14759);
#10602=LINE('',#14760,#14761);
#10603=LINE('',#14763,#14764);
#10604=VERTEX_POINT('',#14766);
#10605=LINE('',#14767,#14768);
#10606=LINE('',#14770,#14771);
#10607=VERTEX_POINT('',#14773);
#10608=LINE('',#14774,#14775);
#10609=LINE('',#14777,#14778);
#10610=VERTEX_POINT('',#14780);
#10611=LINE('',#14781,#14782);
#10612=LINE('',#14784,#14785);
#10613=VERTEX_POINT('',#14787);
#10614=LINE('',#14788,#14789);
#10615=LINE('',#14791,#14792);
#10616=VERTEX_POINT('',#14794);
#10617=LINE('',#14795,#14796);
#10618=LINE('',#14798,#14799);
#10619=VERTEX_POINT('',#14801);
#10620=LINE('',#14802,#14803);
#10621=LINE('',#14805,#14806);
#10622=VERTEX_POINT('',#14808);
#10623=LINE('',#14809,#14810);
#10624=LINE('',#14812,#14813);
#10625=LINE('',#14815,#14816);
#10626=VERTEX_POINT('',#14818);
#10627=LINE('',#14819,#14820);
#10628=VERTEX_POINT('',#14822);
#10629=LINE('',#14823,#14824);
#10630=LINE('',#14826,#14827);
#10631=VERTEX_POINT('',#14829);
#10632=LINE('',#14830,#14831);
#10633=LINE('',#14833,#14834);
#10634=VERTEX_POINT('',#14836);
#10635=LINE('',#14837,#14838);
#10636=LINE('',#14840,#14841);
#10637=LINE('',#14843,#14844);
#10638=VERTEX_POINT('',#14846);
#10639=LINE('',#14847,#14848);
#10640=VERTEX_POINT('',#14850);
#10641=LINE('',#14851,#14852);
#10642=LINE('',#14854,#14855);
#10643=VERTEX_POINT('',#14857);
#10644=LINE('',#14858,#14859);
#10645=LINE('',#14861,#14862);
#10646=VERTEX_POINT('',#14864);
#10647=LINE('',#14865,#14866);
#10648=LINE('',#14868,#14869);
#10649=LINE('',#14871,#14872);
#10650=VERTEX_POINT('',#14874);
#10651=CIRCLE('',#14875,9.29);
#10652=VERTEX_POINT('',#14879);
#10653=CIRCLE('',#14880,9.29);
#10654=VERTEX_POINT('',#14884);
#10655=CIRCLE('',#14885,9.5);
#10656=VERTEX_POINT('',#14889);
#10657=CIRCLE('',#14890,7.);
#10658=VERTEX_POINT('',#14894);
#10659=CIRCLE('',#14895,8.);
#10660=VERTEX_POINT('',#14899);
#10661=CIRCLE('',#14900,8.);
#10662=VERTEX_POINT('',#14904);
#10663=CIRCLE('',#14905,7.);
#10664=VERTEX_POINT('',#14909);
#10665=CIRCLE('',#14910,10.3);
#10666=VERTEX_POINT('',#14914);
#10667=CIRCLE('',#14915,9.5);
#10668=VERTEX_POINT('',#14919);
#10669=CIRCLE('',#14920,10.3);
#10670=VERTEX_POINT('',#14924);
#10671=CIRCLE('',#14925,10.5);
#10672=VERTEX_POINT('',#14929);
#10673=CIRCLE('',#14930,10.1);
#10674=VERTEX_POINT('',#14934);
#10675=CIRCLE('',#14935,10.5);
#10676=VERTEX_POINT('',#14939);
#10677=CIRCLE('',#14940,10.1);
#10678=VERTEX_POINT('',#14944);
#10679=CIRCLE('',#14945,10.3);
#10680=VERTEX_POINT('',#14949);
#10681=CIRCLE('',#14950,10.3);
#10682=VERTEX_POINT('',#14954);
#10683=CIRCLE('',#14955,10.3);
#10684=VERTEX_POINT('',#14959);
#10685=CIRCLE('',#14960,10.3);
#10686=VERTEX_POINT('',#14964);
#10687=CIRCLE('',#14965,10.5);
#10688=VERTEX_POINT('',#14969);
#10689=CIRCLE('',#14970,9.4999999999998);
#10690=VERTEX_POINT('',#14974);
#10691=CIRCLE('',#14975,10.5);
#10692=VERTEX_POINT('',#14979);
#10693=CIRCLE('',#14980,9.30000000000001);
#10694=VERTEX_POINT('',#14984);
#10695=CIRCLE('',#14985,9.50000000000001);
#10696=VERTEX_POINT('',#14989);
#10697=CIRCLE('',#14990,9.30000000000001);
#10698=VERTEX_POINT('',#14994);
#10699=CIRCLE('',#14995,10.);
#10700=VERTEX_POINT('',#14999);
#10701=CIRCLE('',#15000,10.);
#10702=VERTEX_POINT('',#15004);
#10703=CIRCLE('',#15005,6.9);
#10704=VERTEX_POINT('',#15009);
#10705=CIRCLE('',#15010,5.9);
#10706=VERTEX_POINT('',#15014);
#10707=VERTEX_POINT('',#15015);
#10708=CIRCLE('',#15016,1.);
#10709=VERTEX_POINT('',#15020);
#10710=CIRCLE('',#15021,6.);
#10711=VERTEX_POINT('',#15025);
#10712=CIRCLE('',#15026,1.);
#10713=VERTEX_POINT('',#15030);
#10714=LINE('',#15031,#15032);
#10715=VERTEX_POINT('',#15034);
#10716=CIRCLE('',#15035,1.);
#10717=VERTEX_POINT('',#15039);
#10718=CIRCLE('',#15040,6.);
#10719=VERTEX_POINT('',#15044);
#10720=CIRCLE('',#15045,1.);
#10721=VERTEX_POINT('',#15049);
#10722=LINE('',#15050,#15051);
#10723=VERTEX_POINT('',#15053);
#10724=CIRCLE('',#15054,1.);
#10725=VERTEX_POINT('',#15058);
#10726=CIRCLE('',#15059,6.);
#10727=VERTEX_POINT('',#15063);
#10728=CIRCLE('',#15064,1.);
#10729=VERTEX_POINT('',#15068);
#10730=LINE('',#15069,#15070);
#10731=VERTEX_POINT('',#15072);
#10732=CIRCLE('',#15073,1.);
#10733=VERTEX_POINT('',#15077);
#10734=CIRCLE('',#15078,6.);
#10735=VERTEX_POINT('',#15082);
#10736=CIRCLE('',#15083,1.);
#10737=LINE('',#15087,#15088);
#10738=VERTEX_POINT('',#15090);
#10739=B_SPLINE_CURVE_WITH_KNOTS('',3,
(#15091,#15092,#15093,#15094,#15095,#15096,#15097,#15098,#15099,#15100,#15101,#15102),
.UNSPECIFIED.,.F.,.F.,
(4,1,1,1,1,1,1,1,1,4),
(0.,0.0526176700382408,0.136891266689994,0.266084046947188,0.446996523220188,0.609709585701115,
0.740881990740687,0.83054064086874,0.916954759633419,1.),
.UNSPECIFIED.);
#10740=VERTEX_POINT('',#15103);
#10741=CIRCLE('',#15104,7.);
#10742=B_SPLINE_CURVE_WITH_KNOTS('',3,
(#15108,#15109,#15110,#15111,#15112,#15113,#15114,#15115,#15116,#15117,#15118,#15119),
.UNSPECIFIED.,.F.,.F.,
(4,1,1,1,1,1,1,1,1,4),
(0.,0.0991923727511762,0.198882187501719,0.298869624724026,0.433263892351632,0.567630620335461,
0.701897829579917,0.801614250137695,0.900989177586327,1.),
.UNSPECIFIED.);
#10743=VERTEX_POINT('',#15120);
#10744=B_SPLINE_CURVE_WITH_KNOTS('',3,
(#15121,#15122,#15123,#15124,#15125,#15126,#15127,#15128,#15129,#15130,#15131,#15132),
.UNSPECIFIED.,.F.,.F.,
(4,1,1,1,1,1,1,1,1,4),
(0.,0.0991923727508238,0.198882187501089,0.298869624723193,0.433263892350786,0.567630620334682,
0.701897829579287,0.801614250137232,0.900989177586072,1.),
.UNSPECIFIED.);
#10745=VERTEX_POINT('',#15133);
#10746=B_SPLINE_CURVE_WITH_KNOTS('',3,
(#15134,#15135,#15136,#15137,#15138,#15139,#15140,#15141,#15142,#15143,#15144,#15145),
.UNSPECIFIED.,.F.,.F.,
(4,1,1,1,1,1,1,1,1,4),
(0.,0.0526176700382414,0.136891266689993,0.266084046947186,0.446996523220184,0.609709585701116,
0.740881990740685,0.830540640868737,0.916954759633417,1.),
.UNSPECIFIED.);
#10747=CIRCLE('',#15146,7.);
#10748=VERTEX_POINT('',#15150);
#10749=B_SPLINE_CURVE_WITH_KNOTS('',3,
(#15151,#15152,#15153,#15154,#15155,#15156,#15157,#15158,#15159,#15160,#15161,#15162),
.UNSPECIFIED.,.F.,.F.,
(4,1,1,1,1,1,1,1,1,4),
(0.,0.0526176700382418,0.136891266689993,0.266084046947185,0.446996523220185,0.609709585701115,
0.740881990740683,0.830540640868734,0.916954759633419,1.),
.UNSPECIFIED.);
#10750=VERTEX_POINT('',#15163);
#10751=CIRCLE('',#15164,7.);
#10752=B_SPLINE_CURVE_WITH_KNOTS('',3,
(#15168,#15169,#15170,#15171,#15172,#15173,#15174,#15175,#15176,#15177,#15178,#15179),
.UNSPECIFIED.,.F.,.F.,
(4,1,1,1,1,1,1,1,1,4),
(0.,0.0991923727511786,0.198882187501721,0.298869624724027,0.433263892351634,0.567630620335461,
0.701897829579917,0.801614250137697,0.900989177586325,1.),
.UNSPECIFIED.);
#10753=VERTEX_POINT('',#15180);
#10754=B_SPLINE_CURVE_WITH_KNOTS('',3,
(#15181,#15182,#15183,#15184,#15185,#15186,#15187,#15188,#15189,#15190,#15191,#15192),
.UNSPECIFIED.,.F.,.F.,
(4,1,1,1,1,1,1,1,1,4),
(0.,0.0991923727508251,0.198882187501089,0.298869624723195,0.433263892350786,0.567630620334682,
0.701897829579287,0.801614250137231,0.900989177586072,1.),
.UNSPECIFIED.);
#10755=VERTEX_POINT('',#15193);
#10756=B_SPLINE_CURVE_WITH_KNOTS('',3,
(#15194,#15195,#15196,#15197,#15198,#15199,#15200,#15201,#15202,#15203,#15204,#15205),
.UNSPECIFIED.,.F.,.F.,
(4,1,1,1,1,1,1,1,1,4),
(0.,0.0526176700382435,0.136891266689997,0.266084046947189,0.446996523220187,0.609709585701117,
0.740881990740685,0.830540640868738,0.916954759633419,1.),
.UNSPECIFIED.);
#10757=CIRCLE('',#15206,7.);
#10758=VERTEX_POINT('',#15210);
#10759=CIRCLE('',#15211,1.);
#10760=VERTEX_POINT('',#15215);
#10761=LINE('',#15216,#15217);
#10762=VERTEX_POINT('',#15219);
#10763=CIRCLE('',#15220,10.);
#10764=VERTEX_POINT('',#15224);
#10765=LINE('',#15225,#15226);
#10766=CIRCLE('',#15228,1.);
#10767=VERTEX_POINT('',#15232);
#10768=CIRCLE('',#15233,1.);
#10769=VERTEX_POINT('',#15237);
#10770=CIRCLE('',#15238,1.);
#10771=VERTEX_POINT('',#15242);
#10772=LINE('',#15243,#15244);
#10773=VERTEX_POINT('',#15246);
#10774=CIRCLE('',#15247,10.);
#10775=LINE('',#15251,#15252);
#10776=VERTEX_POINT('',#15254);
#10777=CIRCLE('',#15255,1.);
#10778=VERTEX_POINT('',#15259);
#10779=LINE('',#15260,#15261);
#10780=VERTEX_POINT('',#15263);
#10781=CIRCLE('',#15264,10.);
#10782=VERTEX_POINT('',#15268);
#10783=LINE('',#15269,#15270);
#10784=CIRCLE('',#15272,1.);
#10785=VERTEX_POINT('',#15276);
#10786=CIRCLE('',#15277,1.);
#10787=VERTEX_POINT('',#15281);
#10788=CIRCLE('',#15282,1.);
#10789=VERTEX_POINT('',#15286);
#10790=LINE('',#15287,#15288);
#10791=VERTEX_POINT('',#15290);
#10792=CIRCLE('',#15291,10.);
#10793=LINE('',#15295,#15296);
#10794=VERTEX_POINT('',#15298);
#10795=LINE('',#15299,#15300);
#10796=VERTEX_POINT('',#15302);
#10797=LINE('',#15303,#15304);
#10798=CIRCLE('',#15306,10.);
#10799=VERTEX_POINT('',#15310);
#10800=LINE('',#15311,#15312);
#10801=VERTEX_POINT('',#15314);
#10802=CIRCLE('',#15315,10.);
#10803=LINE('',#15319,#15320);
#10804=VERTEX_POINT('',#15322);
#10805=LINE('',#15323,#15324);
#10806=VERTEX_POINT('',#15326);
#10807=CIRCLE('',#15327,10.);
#10808=LINE('',#15331,#15332);
#10809=VERTEX_POINT('',#15334);
#10810=LINE('',#15335,#15336);
#10811=VERTEX_POINT('',#15338);
#10812=LINE('',#15339,#15340);
#10813=CIRCLE('',#15342,10.);
#10814=VERTEX_POINT('',#15346);
#10815=VERTEX_POINT('',#15347);
#10816=CIRCLE('',#15348,1.);
#10817=VERTEX_POINT('',#15352);
#10818=CIRCLE('',#15353,6.9);
#10819=VERTEX_POINT('',#15357);
#10820=CIRCLE('',#15358,1.);
#10821=LINE('',#15362,#15363);
#10822=LINE('',#15365,#15366);
#10823=VERTEX_POINT('',#15368);
#10824=VERTEX_POINT('',#15369);
#10825=CIRCLE('',#15370,1.);
#10826=LINE('',#15374,#15375);
#10827=VERTEX_POINT('',#15377);
#10828=LINE('',#15378,#15379);
#10829=VERTEX_POINT('',#15381);
#10830=CIRCLE('',#15382,1.);
#10831=CIRCLE('',#15386,6.9);
#10832=VERTEX_POINT('',#15390);
#10833=VERTEX_POINT('',#15391);
#10834=CIRCLE('',#15392,1.);
#10835=VERTEX_POINT('',#15396);
#10836=CIRCLE('',#15397,6.9);
#10837=VERTEX_POINT('',#15401);
#10838=CIRCLE('',#15402,1.);
#10839=LINE('',#15406,#15407);
#10840=LINE('',#15409,#15410);
#10841=VERTEX_POINT('',#15412);
#10842=VERTEX_POINT('',#15413);
#10843=CIRCLE('',#15414,1.);
#10844=LINE('',#15418,#15419);
#10845=VERTEX_POINT('',#15421);
#10846=LINE('',#15422,#15423);
#10847=VERTEX_POINT('',#15425);
#10848=CIRCLE('',#15426,1.);
#10849=CIRCLE('',#15430,6.9);
#10850=VERTEX_POINT('',#15434);
#10851=B_SPLINE_CURVE_WITH_KNOTS('',3,
(#15435,#15436,#15437,#15438,#15439,#15440,#15441,#15442,#15443,#15444,#15445,#15446,
#15447),
.UNSPECIFIED.,.F.,.F.,
(4,1,1,1,1,1,1,1,1,1,4),
(0.,0.0974863198528672,0.195106565017307,0.292889192720598,0.422924760196124,0.583490569405247,
0.73430332743095,0.84327843813983,0.903728605735559,0.95601349452841,1.),
.UNSPECIFIED.);
#10852=VERTEX_POINT('',#15448);
#10853=CIRCLE('',#15449,5.9);
#10854=B_SPLINE_CURVE_WITH_KNOTS('',3,
(#15453,#15454,#15455,#15456,#15457,#15458,#15459,#15460,#15461,#15462,#15463,#15464),
.UNSPECIFIED.,.F.,.F.,
(4,1,1,1,1,1,1,1,1,4),
(0.,0.0887266089906851,0.210609290637207,0.368784935651014,0.56026315793834,0.713193149517112,
0.824448459108439,0.889974542683711,0.948482057529048,1.),
.UNSPECIFIED.);
#10855=VERTEX_POINT('',#15465);
#10856=B_SPLINE_CURVE_WITH_KNOTS('',3,
(#15466,#15467,#15468,#15469,#15470,#15471,#15472,#15473,#15474,#15475,#15476,#15477),
.UNSPECIFIED.,.F.,.F.,
(4,1,1,1,1,1,1,1,1,4),
(0.,0.0887266089906848,0.210609290637206,0.368784935651014,0.56026315793834,0.713193149517114,
0.824448459108437,0.88997454268371,0.948482057529048,1.),
.UNSPECIFIED.);
#10857=VERTEX_POINT('',#15478);
#10858=B_SPLINE_CURVE_WITH_KNOTS('',3,
(#15479,#15480,#15481,#15482,#15483,#15484,#15485,#15486,#15487,#15488,#15489,#15490,
#15491),
.UNSPECIFIED.,.F.,.F.,
(4,1,1,1,1,1,1,1,1,1,4),
(0.,0.0974863195386694,0.195106564403726,0.292889191915881,0.42292475955124,0.583490568944689,
0.734303327201375,0.843278438010471,0.903728605656796,0.956013494492847,1.),
.UNSPECIFIED.);
#10859=CIRCLE('',#15492,5.9);
#10860=VERTEX_POINT('',#15496);
#10861=B_SPLINE_CURVE_WITH_KNOTS('',3,
(#15497,#15498,#15499,#15500,#15501,#15502,#15503,#15504,#15505,#15506,#15507,#15508,
#15509),
.UNSPECIFIED.,.F.,.F.,
(4,1,1,1,1,1,1,1,1,1,4),
(0.,0.0974863198528666,0.195106565017308,0.292889192720597,0.422924760196123,0.583490569405249,
0.73430332743095,0.843278438139827,0.903728605735556,0.956013494528412,1.),
.UNSPECIFIED.);
#10862=VERTEX_POINT('',#15510);
#10863=CIRCLE('',#15511,5.9);
#10864=B_SPLINE_CURVE_WITH_KNOTS('',3,
(#15515,#15516,#15517,#15518,#15519,#15520,#15521,#15522,#15523,#15524,#15525,#15526),
.UNSPECIFIED.,.F.,.F.,
(4,1,1,1,1,1,1,1,1,4),
(0.,0.0887266089906852,0.210609290637206,0.368784935651014,0.560263157938342,0.713193149517115,
0.824448459108438,0.889974542683712,0.948482057529049,1.),
.UNSPECIFIED.);
#10865=VERTEX_POINT('',#15527);
#10866=B_SPLINE_CURVE_WITH_KNOTS('',3,
(#15528,#15529,#15530,#15531,#15532,#15533,#15534,#15535,#15536,#15537,#15538,#15539),
.UNSPECIFIED.,.F.,.F.,
(4,1,1,1,1,1,1,1,1,4),
(0.,0.0887266089906855,0.210609290637206,0.368784935651015,0.560263157938341,0.713193149517116,
0.824448459108439,0.889974542683712,0.948482057529048,1.),
.UNSPECIFIED.);
#10867=VERTEX_POINT('',#15540);
#10868=B_SPLINE_CURVE_WITH_KNOTS('',3,
(#15541,#15542,#15543,#15544,#15545,#15546,#15547,#15548,#15549,#15550,#15551,#15552,
#15553),
.UNSPECIFIED.,.F.,.F.,
(4,1,1,1,1,1,1,1,1,1,4),
(0.,0.0974863195386691,0.195106564403723,0.29288919191588,0.422924759551239,0.583490568944689,
0.734303327201375,0.843278438010472,0.903728605656798,0.956013494492849,1.),
.UNSPECIFIED.);
#10869=CIRCLE('',#15554,5.9);
#10870=VERTEX_POINT('',#15558);
#10871=CIRCLE('',#15559,1.);
#10872=VERTEX_POINT('',#15563);
#10873=LINE('',#15564,#15565);
#10874=CIRCLE('',#15567,1.);
#10875=VERTEX_POINT('',#15571);
#10876=CIRCLE('',#15572,1.);
#10877=VERTEX_POINT('',#15576);
#10878=LINE('',#15577,#15578);
#10879=CIRCLE('',#15580,1.);
#10880=VERTEX_POINT('',#15584);
#10881=CIRCLE('',#15585,1.);
#10882=VERTEX_POINT('',#15589);
#10883=LINE('',#15590,#15591);
#10884=CIRCLE('',#15593,1.);
#10885=VERTEX_POINT('',#15597);
#10886=CIRCLE('',#15598,1.);
#10887=VERTEX_POINT('',#15602);
#10888=LINE('',#15603,#15604);
#10889=CIRCLE('',#15606,1.);
#10890=LINE('',#15610,#15611);
#10891=LINE('',#15613,#15614);
#10892=LINE('',#15616,#15617);
#10893=LINE('',#15619,#15620);
#10894=LINE('',#15622,#15623);
#10895=LINE('',#15625,#15626);
#10896=LINE('',#15628,#15629);
#10897=LINE('',#15631,#15632);
#10898=LINE('',#15634,#15635);
#10899=LINE('',#15637,#15638);
#10900=LINE('',#15640,#15641);
#10901=LINE('',#15643,#15644);
#10902=LINE('',#15646,#15647);
#10903=LINE('',#15649,#15650);
#10904=LINE('',#15652,#15653);
#10905=LINE('',#15655,#15656);
#10906=CARTESIAN_POINT('',(4.,5.62339923155283,6.21028435180215));
#10907=CARTESIAN_POINT('',(-4.,5.62339923155283,6.21028435180217));
#10908=CARTESIAN_POINT('',(4.,5.62339923155284,6.21028435180216));
#10909=VECTOR('',#10910,1.);
#10910=DIRECTION('',(-1.,0.,0.));
#10911=CARTESIAN_POINT('',(4.,5.62339923155281,12.8071132945915));
#10912=CARTESIAN_POINT('',(4.,5.62339923155281,12.8071132945915));
#10913=VECTOR('',#10914,1.);
#10914=DIRECTION('',(0.,3.90447810526565E-15,-1.));
#10915=CARTESIAN_POINT('',(-4.,5.62339923155281,12.8071132945915));
#10916=CARTESIAN_POINT('',(4.,5.62339923155281,12.8071132945915));
#10917=VECTOR('',#10918,1.);
#10918=DIRECTION('',(-1.,0.,0.));
#10919=CARTESIAN_POINT('',(-4.,5.62339923155283,6.21028435180216));
#10920=VECTOR('',#10921,1.);
#10921=DIRECTION('',(0.,-3.76984092922202E-15,1.));
#10922=CARTESIAN_POINT('',(0.850000000000007,5.62339923155281,11.5));
#10923=AXIS2_PLACEMENT_3D('',#10924,#10925,#10926);
#10924=CARTESIAN_POINT('',(2.22044604925031E-16,5.62339923155281,11.5));
#10925=DIRECTION('',(0.,-1.,-3.94129173741931E-15));
#10926=DIRECTION('',(1.,1.781540225128E-29,-4.52019374311662E-15));
#10927=CARTESIAN_POINT('',(2.85000000000001,5.62339923155283,7.50000000000002));
#10928=AXIS2_PLACEMENT_3D('',#10929,#10930,#10931);
#10929=CARTESIAN_POINT('',(2.,5.62339923155283,7.50000000000002));
#10930=DIRECTION('',(0.,-1.,-3.94129173741931E-15));
#10931=DIRECTION('',(1.,1.781540225128E-29,-4.52019374311662E-15));
#10932=CARTESIAN_POINT('',(0.850000000000008,5.62339923155283,7.50000000000002));
#10933=AXIS2_PLACEMENT_3D('',#10934,#10935,#10936);
#10934=CARTESIAN_POINT('',(6.66133814775094E-16,5.62339923155283,7.50000000000002));
#10935=DIRECTION('',(0.,-1.,-3.94129173741931E-15));
#10936=DIRECTION('',(1.,1.781540225128E-29,-4.52019374311662E-15));
#10937=CARTESIAN_POINT('',(-1.14999999999999,5.62339923155283,7.50000000000002));
#10938=AXIS2_PLACEMENT_3D('',#10939,#10940,#10941);
#10939=CARTESIAN_POINT('',(-2.,5.62339923155283,7.50000000000002));
#10940=DIRECTION('',(0.,-1.,-3.94129173741931E-15));
#10941=DIRECTION('',(1.,1.781540225128E-29,-4.52019374311662E-15));
#10942=CARTESIAN_POINT('',(2.85000000000001,5.62339923155282,9.50000000000002));
#10943=AXIS2_PLACEMENT_3D('',#10944,#10945,#10946);
#10944=CARTESIAN_POINT('',(2.,5.62339923155282,9.50000000000002));
#10945=DIRECTION('',(0.,-1.,-3.94129173741931E-15));
#10946=DIRECTION('',(1.,1.781540225128E-29,-4.52019374311662E-15));
#10947=CARTESIAN_POINT('',(0.850000000000007,5.62339923155282,9.50000000000002));
#10948=AXIS2_PLACEMENT_3D('',#10949,#10950,#10951);
#10949=CARTESIAN_POINT('',(2.22044604925031E-16,5.62339923155282,9.50000000000002));
#10950=DIRECTION('',(0.,-1.,-3.94129173741931E-15));
#10951=DIRECTION('',(1.,1.781540225128E-29,-4.52019374311662E-15));
#10952=CARTESIAN_POINT('',(-1.14999999999999,5.62339923155282,9.50000000000002));
#10953=AXIS2_PLACEMENT_3D('',#10954,#10955,#10956);
#10954=CARTESIAN_POINT('',(-2.,5.62339923155282,9.50000000000002));
#10955=DIRECTION('',(0.,-1.,-3.94129173741931E-15));
#10956=DIRECTION('',(1.,1.781540225128E-29,-4.52019374311662E-15));
#10957=CARTESIAN_POINT('',(2.85000000000001,5.62339923155281,11.5));
#10958=AXIS2_PLACEMENT_3D('',#10959,#10960,#10961);
#10959=CARTESIAN_POINT('',(2.,5.62339923155281,11.5));
#10960=DIRECTION('',(0.,-1.,-3.94129173741931E-15));
#10961=DIRECTION('',(1.,1.781540225128E-29,-4.52019374311662E-15));
#10962=CARTESIAN_POINT('',(-1.14999999999999,5.62339923155281,11.5));
#10963=AXIS2_PLACEMENT_3D('',#10964,#10965,#10966);
#10964=CARTESIAN_POINT('',(-2.,5.62339923155281,11.5));
#10965=DIRECTION('',(0.,-1.,-3.94129173741931E-15));
#10966=DIRECTION('',(1.,0.,0.));
#10967=CARTESIAN_POINT('',(2.35,6.12339923155281,11.5));
#10968=AXIS2_PLACEMENT_3D('',#10969,#10970,#10971);
#10969=CARTESIAN_POINT('',(2.,6.12339923155282,11.5));
#10970=DIRECTION('',(2.80259692864963E-45,-1.,-3.9412917374193E-15));
#10971=DIRECTION('',(1.,2.00032586681039E-29,-5.07530525542921E-15));
#10972=CARTESIAN_POINT('',(-1.64999999999999,6.12339923155282,9.50000000000002));
#10973=AXIS2_PLACEMENT_3D('',#10974,#10975,#10976);
#10974=CARTESIAN_POINT('',(-2.,6.12339923155282,9.50000000000002));
#10975=DIRECTION('',(2.80259692864963E-45,-1.,-3.9412917374193E-15));
#10976=DIRECTION('',(1.,2.0003258668104E-29,-5.07530525542922E-15));
#10977=CARTESIAN_POINT('',(0.350000000000005,6.12339923155282,9.50000000000002));
#10978=AXIS2_PLACEMENT_3D('',#10979,#10980,#10981);
#10979=CARTESIAN_POINT('',(2.22044604925031E-16,6.12339923155282,9.50000000000002));
#10980=DIRECTION('',(2.80259692864963E-45,-1.,-3.9412917374193E-15));
#10981=DIRECTION('',(1.,2.0003258668104E-29,-5.07530525542922E-15));
#10982=CARTESIAN_POINT('',(2.35,6.12339923155282,9.50000000000002));
#10983=AXIS2_PLACEMENT_3D('',#10984,#10985,#10986);
#10984=CARTESIAN_POINT('',(2.,6.12339923155282,9.50000000000002));
#10985=DIRECTION('',(2.80259692864963E-45,-1.,-3.9412917374193E-15));
#10986=DIRECTION('',(1.,2.00032586681039E-29,-5.07530525542921E-15));
#10987=CARTESIAN_POINT('',(-1.64999999999999,6.12339923155283,7.50000000000002));
#10988=AXIS2_PLACEMENT_3D('',#10989,#10990,#10991);
#10989=CARTESIAN_POINT('',(-2.,6.12339923155283,7.50000000000002));
#10990=DIRECTION('',(2.80259692864963E-45,-1.,-3.9412917374193E-15));
#10991=DIRECTION('',(1.,2.0003258668104E-29,-5.07530525542922E-15));
#10992=CARTESIAN_POINT('',(0.350000000000005,6.12339923155283,7.50000000000002));
#10993=AXIS2_PLACEMENT_3D('',#10994,#10995,#10996);
#10994=CARTESIAN_POINT('',(6.66133814775094E-16,6.12339923155283,7.50000000000002));
#10995=DIRECTION('',(2.80259692864963E-45,-1.,-3.9412917374193E-15));
#10996=DIRECTION('',(1.,2.0003258668104E-29,-5.07530525542922E-15));
#10997=CARTESIAN_POINT('',(2.35,6.12339923155283,7.50000000000002));
#10998=AXIS2_PLACEMENT_3D('',#10999,#11000,#11001);
#10999=CARTESIAN_POINT('',(2.,6.12339923155283,7.50000000000002));
#11000=DIRECTION('',(2.80259692864963E-45,-1.,-3.9412917374193E-15));
#11001=DIRECTION('',(1.,2.00032586681039E-29,-5.07530525542921E-15));
#11002=CARTESIAN_POINT('',(0.350000000000005,6.12339923155281,11.5));
#11003=AXIS2_PLACEMENT_3D('',#11004,#11005,#11006);
#11004=CARTESIAN_POINT('',(2.22044604925031E-16,6.12339923155282,11.5));
#11005=DIRECTION('',(2.80259692864963E-45,-1.,-3.9412917374193E-15));
#11006=DIRECTION('',(1.,2.0003258668104E-29,-5.07530525542922E-15));
#11007=CARTESIAN_POINT('',(-4.,5.53297525369733,5.92349613362664));
#11008=AXIS2_PLACEMENT_3D('',#11009,#11010,#11011);
#11009=CARTESIAN_POINT('',(-4.,5.12339923155284,6.21028435180216));
#11010=DIRECTION('',(1.,9.09441460238406E-16,-6.36797766019376E-16));
#11011=DIRECTION('',(-1.11022302462516E-15,0.819152044288993,-0.573576436351045));
#11012=CARTESIAN_POINT('',(4.,5.53297525369733,5.92349613362664));
#11013=CARTESIAN_POINT('',(4.,5.53297525369733,5.92349613362663));
#11014=VECTOR('',#11015,1.);
#11015=DIRECTION('',(-1.,0.,0.));
#11016=AXIS2_PLACEMENT_3D('',#11017,#11018,#11019);
#11017=CARTESIAN_POINT('',(4.,5.12339923155284,6.21028435180216));
#11018=DIRECTION('',(-1.,0.,0.));
#11019=DIRECTION('',(0.,1.,-1.24344978758018E-14));
#11020=CARTESIAN_POINT('',(4.,6.02339923155284,6.21028435180216));
#11021=CARTESIAN_POINT('',(4.,6.02339923155284,6.21028435180215));
#11022=VECTOR('',#11023,1.);
#11023=DIRECTION('',(0.,-1.,2.22044604925031E-15));
#11024=CARTESIAN_POINT('',(4.,6.02339923155281,12.8071132945915));
#11025=CARTESIAN_POINT('',(4.,6.02339923155281,12.8071132945915));
#11026=VECTOR('',#11027,1.);
#11027=DIRECTION('',(0.,3.90447810526565E-15,-1.));
#11028=CARTESIAN_POINT('',(4.,6.02339923155281,12.8071132945915));
#11029=VECTOR('',#11030,1.);
#11030=DIRECTION('',(0.,-1.,0.));
#11031=CARTESIAN_POINT('',(4.,5.47695262214608,13.1606666851847));
#11032=CARTESIAN_POINT('',(-4.,5.47695262214609,13.1606666851847));
#11033=CARTESIAN_POINT('',(4.,5.47695262214609,13.1606666851847));
#11034=VECTOR('',#11035,1.);
#11035=DIRECTION('',(-1.,0.,0.));
#11036=AXIS2_PLACEMENT_3D('',#11037,#11038,#11039);
#11037=CARTESIAN_POINT('',(-4.,5.12339923155281,12.8071132945915));
#11038=DIRECTION('',(1.,1.11022302462516E-15,-7.49417859959961E-30));
#11039=DIRECTION('',(-1.11022302462516E-15,1.,-7.105427357601E-15));
#11040=AXIS2_PLACEMENT_3D('',#11041,#11042,#11043);
#11041=CARTESIAN_POINT('',(4.,5.12339923155281,12.8071132945915));
#11042=DIRECTION('',(-1.,0.,0.));
#11043=DIRECTION('',(0.,0.707106781186539,0.707106781186556));
#11044=CARTESIAN_POINT('',(-4.,6.02339923155284,6.21028435180217));
#11045=CARTESIAN_POINT('',(-4.,6.02339923155284,6.21028435180217));
#11046=VECTOR('',#11047,1.);
#11047=DIRECTION('',(1.11022302462515E-15,-1.,-8.88178419700123E-15));
#11048=CARTESIAN_POINT('',(-4.,6.02339923155281,12.8071132945915));
#11049=CARTESIAN_POINT('',(-4.,6.02339923155281,12.8071132945915));
#11050=VECTOR('',#11051,1.);
#11051=DIRECTION('',(1.11022302462516E-15,-1.,0.));
#11052=CARTESIAN_POINT('',(-4.,6.02339923155284,6.21028435180216));
#11053=VECTOR('',#11054,1.);
#11054=DIRECTION('',(0.,-4.0391152813093E-15,1.));
#11055=CARTESIAN_POINT('',(-1.65,6.12339923155281,11.5));
#11056=AXIS2_PLACEMENT_3D('',#11057,#11058,#11059);
#11057=CARTESIAN_POINT('',(-2.,6.12339923155282,11.5));
#11058=DIRECTION('',(-3.50324616081204E-46,-1.,-3.9412917374193E-15));
#11059=DIRECTION('',(1.,-3.50324616081204E-46,-1.38073151477544E-60));
#11060=CARTESIAN_POINT('',(2.25000000000001,6.22339923155281,11.5));
#11061=AXIS2_PLACEMENT_3D('',#11062,#11063,#11064);
#11062=CARTESIAN_POINT('',(2.,6.22339923155281,11.5));
#11063=DIRECTION('',(0.,-1.,-3.94129173741931E-15));
#11064=DIRECTION('',(1.,0.,0.));
#11065=CARTESIAN_POINT('',(-1.74999999999999,6.22339923155282,9.50000000000002));
#11066=AXIS2_PLACEMENT_3D('',#11067,#11068,#11069);
#11067=CARTESIAN_POINT('',(-2.,6.22339923155282,9.50000000000002));
#11068=DIRECTION('',(0.,-1.,-3.94129173741931E-15));
#11069=DIRECTION('',(1.,0.,0.));
#11070=CARTESIAN_POINT('',(0.250000000000005,6.22339923155282,9.50000000000002));
#11071=AXIS2_PLACEMENT_3D('',#11072,#11073,#11074);
#11072=CARTESIAN_POINT('',(2.22044604925031E-16,6.22339923155282,9.50000000000002));
#11073=DIRECTION('',(0.,-1.,-3.94129173741931E-15));
#11074=DIRECTION('',(1.,0.,0.));
#11075=CARTESIAN_POINT('',(2.25000000000001,6.22339923155282,9.50000000000002));
#11076=AXIS2_PLACEMENT_3D('',#11077,#11078,#11079);
#11077=CARTESIAN_POINT('',(2.,6.22339923155282,9.50000000000002));
#11078=DIRECTION('',(0.,-1.,-3.94129173741931E-15));
#11079=DIRECTION('',(1.,0.,0.));
#11080=CARTESIAN_POINT('',(-1.74999999999999,6.22339923155283,7.50000000000002));
#11081=AXIS2_PLACEMENT_3D('',#11082,#11083,#11084);
#11082=CARTESIAN_POINT('',(-2.,6.22339923155283,7.50000000000002));
#11083=DIRECTION('',(0.,-1.,-3.94129173741931E-15));
#11084=DIRECTION('',(1.,0.,0.));
#11085=CARTESIAN_POINT('',(0.250000000000006,6.22339923155283,7.50000000000002));
#11086=AXIS2_PLACEMENT_3D('',#11087,#11088,#11089);
#11087=CARTESIAN_POINT('',(6.66133814775094E-16,6.22339923155283,7.50000000000002));
#11088=DIRECTION('',(0.,-1.,-3.94129173741931E-15));
#11089=DIRECTION('',(1.,0.,0.));
#11090=CARTESIAN_POINT('',(2.25000000000001,6.22339923155283,7.50000000000002));
#11091=AXIS2_PLACEMENT_3D('',#11092,#11093,#11094);
#11092=CARTESIAN_POINT('',(2.,6.22339923155283,7.50000000000002));
#11093=DIRECTION('',(0.,-1.,-3.94129173741931E-15));
#11094=DIRECTION('',(1.,0.,0.));
#11095=CARTESIAN_POINT('',(0.250000000000005,6.22339923155281,11.5));
#11096=AXIS2_PLACEMENT_3D('',#11097,#11098,#11099);
#11097=CARTESIAN_POINT('',(2.22044604925031E-16,6.22339923155281,11.5));
#11098=DIRECTION('',(0.,-1.,-3.94129173741931E-15));
#11099=DIRECTION('',(1.,0.,0.));
#11100=CARTESIAN_POINT('',(-4.,5.86063607141293,5.69406555908622));
#11101=AXIS2_PLACEMENT_3D('',#11102,#11103,#11104);
#11102=CARTESIAN_POINT('',(-4.,5.12339923155283,6.21028435180216));
#11103=DIRECTION('',(1.,9.09441460238406E-16,-6.36797766019376E-16));
#11104=DIRECTION('',(-1.11022302462516E-15,0.819152044288993,-0.573576436351045));
#11105=CARTESIAN_POINT('',(-4.,5.86063607141293,5.69406555908622));
#11106=VECTOR('',#11107,1.);
#11107=DIRECTION('',(1.11022302462516E-15,-0.819152044288993,0.573576436351044));
#11108=CARTESIAN_POINT('',(4.,4.05859605974656,3.81786442660379));
#11109=CARTESIAN_POINT('',(-4.,4.05859605974657,3.81786442660379));
#11110=CARTESIAN_POINT('',(4.,4.05859605974656,3.81786442660379));
#11111=VECTOR('',#11112,1.);
#11112=DIRECTION('',(-1.,0.,0.));
#11113=CARTESIAN_POINT('',(4.,5.53297525369733,5.92349613362663));
#11114=VECTOR('',#11115,1.);
#11115=DIRECTION('',(0.,-0.573576436351045,-0.819152044288993));
#11116=CARTESIAN_POINT('',(-4.,4.05859605974656,3.81786442660379));
#11117=VECTOR('',#11118,1.);
#11118=DIRECTION('',(0.,0.573576436351045,0.819152044288993));
#11119=CARTESIAN_POINT('',(4.,5.86063607141293,5.69406555908622));
#11120=AXIS2_PLACEMENT_3D('',#11121,#11122,#11123);
#11121=CARTESIAN_POINT('',(4.,5.12339923155284,6.21028435180216));
#11122=DIRECTION('',(-1.,0.,0.));
#11123=DIRECTION('',(0.,1.,-9.86864910777918E-15));
#11124=CARTESIAN_POINT('',(4.,5.86063607141293,5.69406555908621));
#11125=VECTOR('',#11126,1.);
#11126=DIRECTION('',(0.,-0.819152044288992,0.573576436351045));
#11127=CARTESIAN_POINT('',(4.,6.02339923155284,6.21028435180216));
#11128=VECTOR('',#11129,1.);
#11129=DIRECTION('',(-1.,0.,0.));
#11130=CARTESIAN_POINT('',(4.,6.02339923155281,12.8071132945915));
#11131=VECTOR('',#11132,1.);
#11132=DIRECTION('',(-1.,0.,0.));
#11133=CARTESIAN_POINT('',(2.85,6.02339923155282,11.5));
#11134=AXIS2_PLACEMENT_3D('',#11135,#11136,#11137);
#11135=CARTESIAN_POINT('',(2.,6.02339923155282,11.5));
#11136=DIRECTION('',(0.,-1.,-3.94129173741931E-15));
#11137=DIRECTION('',(1.,-2.07117074125995E-30,5.25505564989239E-16));
#11138=CARTESIAN_POINT('',(0.850000000000001,6.02339923155283,7.50000000000002));
#11139=AXIS2_PLACEMENT_3D('',#11140,#11141,#11142);
#11140=CARTESIAN_POINT('',(6.66133814775094E-16,6.02339923155283,7.50000000000002));
#11141=DIRECTION('',(0.,-1.,-3.94129173741931E-15));
#11142=DIRECTION('',(1.,-2.07117074125995E-30,5.25505564989239E-16));
#11143=CARTESIAN_POINT('',(2.85,6.02339923155283,7.50000000000002));
#11144=AXIS2_PLACEMENT_3D('',#11145,#11146,#11147);
#11145=CARTESIAN_POINT('',(2.,6.02339923155283,7.50000000000002));
#11146=DIRECTION('',(0.,-1.,-3.94129173741931E-15));
#11147=DIRECTION('',(1.,-2.07117074125995E-30,5.25505564989239E-16));
#11148=CARTESIAN_POINT('',(0.85,6.02339923155282,9.50000000000002));
#11149=AXIS2_PLACEMENT_3D('',#11150,#11151,#11152);
#11150=CARTESIAN_POINT('',(2.22044604925031E-16,6.02339923155282,9.50000000000002));
#11151=DIRECTION('',(0.,-1.,-3.94129173741931E-15));
#11152=DIRECTION('',(1.,-2.07117074125995E-30,5.25505564989239E-16));
#11153=CARTESIAN_POINT('',(-1.15,6.02339923155283,7.50000000000002));
#11154=AXIS2_PLACEMENT_3D('',#11155,#11156,#11157);
#11155=CARTESIAN_POINT('',(-2.,6.02339923155283,7.50000000000002));
#11156=DIRECTION('',(0.,-1.,-3.94129173741931E-15));
#11157=DIRECTION('',(1.,-2.07117074125995E-30,5.25505564989239E-16));
#11158=CARTESIAN_POINT('',(2.85,6.02339923155282,9.50000000000002));
#11159=AXIS2_PLACEMENT_3D('',#11160,#11161,#11162);
#11160=CARTESIAN_POINT('',(2.,6.02339923155282,9.50000000000002));
#11161=DIRECTION('',(0.,-1.,-3.94129173741931E-15));
#11162=DIRECTION('',(1.,-2.07117074125995E-30,5.25505564989239E-16));
#11163=CARTESIAN_POINT('',(0.85,6.02339923155282,11.5));
#11164=AXIS2_PLACEMENT_3D('',#11165,#11166,#11167);
#11165=CARTESIAN_POINT('',(2.22044604925031E-16,6.02339923155282,11.5));
#11166=DIRECTION('',(0.,-1.,-3.94129173741931E-15));
#11167=DIRECTION('',(1.,-2.07117074125995E-30,5.25505564989239E-16));
#11168=CARTESIAN_POINT('',(-1.15,6.02339923155282,9.50000000000002));
#11169=AXIS2_PLACEMENT_3D('',#11170,#11171,#11172);
#11170=CARTESIAN_POINT('',(-2.,6.02339923155282,9.50000000000002));
#11171=DIRECTION('',(0.,-1.,-3.94129173741931E-15));
#11172=DIRECTION('',(1.,-2.07117074125995E-30,5.25505564989239E-16));
#11173=CARTESIAN_POINT('',(-1.15,6.02339923155282,11.5));
#11174=AXIS2_PLACEMENT_3D('',#11175,#11176,#11177);
#11175=CARTESIAN_POINT('',(-2.,6.02339923155282,11.5));
#11176=DIRECTION('',(0.,-1.,-3.94129173741931E-15));
#11177=DIRECTION('',(1.,3.73394161804612E-29,-9.473903143468E-15));
#11178=CARTESIAN_POINT('',(4.,5.75979533462069,13.4435093976594));
#11179=AXIS2_PLACEMENT_3D('',#11180,#11181,#11182);
#11180=CARTESIAN_POINT('',(4.,5.12339923155281,12.8071132945915));
#11181=DIRECTION('',(-1.,0.,0.));
#11182=DIRECTION('',(0.,0.707106781186542,0.707106781186553));
#11183=CARTESIAN_POINT('',(4.,5.7597953346207,13.4435093976594));
#11184=VECTOR('',#11185,1.);
#11185=DIRECTION('',(0.,-0.707106781186547,-0.707106781186547));
#11186=CARTESIAN_POINT('',(-4.,5.20709436147625,13.4305249458546));
#11187=CARTESIAN_POINT('',(-3.4,4.78283029276433,13.8547890145665));
#11188=AXIS2_PLACEMENT_3D('',#11189,#11190,#11191);
#11189=CARTESIAN_POINT('',(-3.4,5.20709436147625,13.4305249458546));
#11190=DIRECTION('',(0.,-0.707106781186547,-0.707106781186548));
#11191=DIRECTION('',(7.40148683083462E-16,-0.707106781186548,0.707106781186547));
#11192=CARTESIAN_POINT('',(-4.,5.4769526221461,13.1606666851847));
#11193=VECTOR('',#11194,1.);
#11194=DIRECTION('',(1.16364231710862E-15,-0.707106781186552,0.707106781186543));
#11195=CARTESIAN_POINT('',(4.,5.20709436147626,13.4305249458546));
#11196=CARTESIAN_POINT('',(4.,5.20709436147626,13.4305249458546));
#11197=VECTOR('',#11198,1.);
#11198=DIRECTION('',(0.,0.70710678118655,-0.707106781186545));
#11199=CARTESIAN_POINT('',(3.4,4.78283029276433,13.8547890145665));
#11200=AXIS2_PLACEMENT_3D('',#11201,#11202,#11203);
#11201=CARTESIAN_POINT('',(3.4,5.20709436147626,13.4305249458546));
#11202=DIRECTION('',(9.86076131526265E-32,-0.707106781186547,-0.707106781186548));
#11203=DIRECTION('',(1.,6.97261119368419E-32,6.9726111936842E-32));
#11204=CARTESIAN_POINT('',(-3.4,4.78283029276433,13.8547890145665));
#11205=VECTOR('',#11206,1.);
#11206=DIRECTION('',(1.,0.,0.));
#11207=CARTESIAN_POINT('',(-4.,5.7597953346207,13.4435093976594));
#11208=CARTESIAN_POINT('',(-4.,5.75979533462071,13.4435093976594));
#11209=VECTOR('',#11210,1.);
#11210=DIRECTION('',(0.,-0.707106781186547,-0.707106781186547));
#11211=AXIS2_PLACEMENT_3D('',#11212,#11213,#11214);
#11212=CARTESIAN_POINT('',(-4.,5.1233992315528,12.8071132945915));
#11213=DIRECTION('',(1.,1.11022302462516E-15,-7.49417859959961E-30));
#11214=DIRECTION('',(-1.11022302462516E-15,1.,-3.94745964311163E-15));
#11215=CARTESIAN_POINT('',(-1.74999999999999,6.22339923155281,11.5));
#11216=AXIS2_PLACEMENT_3D('',#11217,#11218,#11219);
#11217=CARTESIAN_POINT('',(-2.,6.22339923155281,11.5));
#11218=DIRECTION('',(0.,-1.,-3.94129173741931E-15));
#11219=DIRECTION('',(1.,0.,0.));
#11220=CARTESIAN_POINT('',(4.,5.86063607141293,5.69406555908622));
#11221=VECTOR('',#11222,1.);
#11222=DIRECTION('',(-1.,0.,0.));
#11223=CARTESIAN_POINT('',(-4.,4.38625687746216,3.58843385206337));
#11224=CARTESIAN_POINT('',(-4.,4.38625687746216,3.58843385206337));
#11225=VECTOR('',#11226,1.);
#11226=DIRECTION('',(2.22044604925031E-15,-0.819152044288993,0.573576436351045));
#11227=CARTESIAN_POINT('',(-4.,4.38625687746216,3.58843385206337));
#11228=VECTOR('',#11229,1.);
#11229=DIRECTION('',(0.,0.573576436351045,0.819152044288993));
#11230=CARTESIAN_POINT('',(-4.,2.60327442431537,4.27672557568463));
#11231=AXIS2_PLACEMENT_3D('',#11232,#11233,#11234);
#11232=CARTESIAN_POINT('',(-4.,3.40327442431537,4.27672557568463));
#11233=DIRECTION('',(1.,1.11022302462516E-15,0.));
#11234=DIRECTION('',(1.11022302462516E-15,-1.,0.));
#11235=CARTESIAN_POINT('',(4.,2.60327442431537,4.27672557568463));
#11236=CARTESIAN_POINT('',(4.,2.60327442431537,4.27672557568463));
#11237=VECTOR('',#11238,1.);
#11238=DIRECTION('',(-1.,0.,0.));
#11239=AXIS2_PLACEMENT_3D('',#11240,#11241,#11242);
#11240=CARTESIAN_POINT('',(4.,3.40327442431539,4.27672557568463));
#11241=DIRECTION('',(-1.,-2.22044604925031E-15,1.97215226305253E-31));
#11242=DIRECTION('',(-1.81888292047679E-15,0.819152044288986,-0.573576436351055));
#11243=CARTESIAN_POINT('',(4.,4.38625687746216,3.58843385206337));
#11244=CARTESIAN_POINT('',(4.,4.38625687746216,3.58843385206337));
#11245=VECTOR('',#11246,1.);
#11246=DIRECTION('',(2.22044604925031E-15,-0.819152044288993,0.573576436351045));
#11247=CARTESIAN_POINT('',(4.,5.86063607141293,5.69406555908621));
#11248=VECTOR('',#11249,1.);
#11249=DIRECTION('',(0.,-0.573576436351045,-0.819152044288993));
#11250=CARTESIAN_POINT('',(4.,5.7597953346207,13.4435093976594));
#11251=VECTOR('',#11252,1.);
#11252=DIRECTION('',(-1.,0.,0.));
#11253=CARTESIAN_POINT('',(2.75,6.12339923155281,11.5));
#11254=AXIS2_PLACEMENT_3D('',#11255,#11256,#11257);
#11255=CARTESIAN_POINT('',(2.,6.12339923155282,11.5));
#11256=DIRECTION('',(0.,-1.,-3.94129173741931E-15));
#11257=DIRECTION('',(1.,0.,0.));
#11258=CARTESIAN_POINT('',(0.750000000000001,6.12339923155283,7.50000000000002));
#11259=AXIS2_PLACEMENT_3D('',#11260,#11261,#11262);
#11260=CARTESIAN_POINT('',(6.66133814775094E-16,6.12339923155283,7.50000000000002));
#11261=DIRECTION('',(0.,-1.,-3.94129173741931E-15));
#11262=DIRECTION('',(1.,0.,0.));
#11263=CARTESIAN_POINT('',(2.75,6.12339923155283,7.50000000000002));
#11264=AXIS2_PLACEMENT_3D('',#11265,#11266,#11267);
#11265=CARTESIAN_POINT('',(2.,6.12339923155283,7.50000000000002));
#11266=DIRECTION('',(0.,-1.,-3.94129173741931E-15));
#11267=DIRECTION('',(1.,0.,0.));
#11268=CARTESIAN_POINT('',(0.75,6.12339923155282,9.50000000000002));
#11269=AXIS2_PLACEMENT_3D('',#11270,#11271,#11272);
#11270=CARTESIAN_POINT('',(2.22044604925031E-16,6.12339923155282,9.50000000000002));
#11271=DIRECTION('',(0.,-1.,-3.94129173741931E-15));
#11272=DIRECTION('',(1.,0.,0.));
#11273=CARTESIAN_POINT('',(-1.25,6.12339923155283,7.50000000000002));
#11274=AXIS2_PLACEMENT_3D('',#11275,#11276,#11277);
#11275=CARTESIAN_POINT('',(-2.,6.12339923155283,7.50000000000002));
#11276=DIRECTION('',(0.,-1.,-3.94129173741931E-15));
#11277=DIRECTION('',(1.,0.,0.));
#11278=CARTESIAN_POINT('',(2.75,6.12339923155282,9.50000000000002));
#11279=AXIS2_PLACEMENT_3D('',#11280,#11281,#11282);
#11280=CARTESIAN_POINT('',(2.,6.12339923155282,9.50000000000002));
#11281=DIRECTION('',(0.,-1.,-3.94129173741931E-15));
#11282=DIRECTION('',(1.,0.,0.));
#11283=CARTESIAN_POINT('',(0.75,6.12339923155281,11.5));
#11284=AXIS2_PLACEMENT_3D('',#11285,#11286,#11287);
#11285=CARTESIAN_POINT('',(2.22044604925031E-16,6.12339923155282,11.5));
#11286=DIRECTION('',(0.,-1.,-3.94129173741931E-15));
#11287=DIRECTION('',(1.,0.,0.));
#11288=CARTESIAN_POINT('',(-1.25,6.12339923155282,9.50000000000002));
#11289=AXIS2_PLACEMENT_3D('',#11290,#11291,#11292);
#11290=CARTESIAN_POINT('',(-2.,6.12339923155282,9.50000000000002));
#11291=DIRECTION('',(0.,-1.,-3.94129173741931E-15));
#11292=DIRECTION('',(1.,0.,0.));
#11293=CARTESIAN_POINT('',(-1.25,6.12339923155281,11.5));
#11294=AXIS2_PLACEMENT_3D('',#11295,#11296,#11297);
#11295=CARTESIAN_POINT('',(-2.,6.12339923155282,11.5));
#11296=DIRECTION('',(1.40129846432482E-45,-1.,-3.94129173741931E-15));
#11297=DIRECTION('',(1.,9.33485404511531E-30,-2.368475785867E-15));
#11298=CARTESIAN_POINT('',(4.,5.48993707395088,13.7133676583292));
#11299=CARTESIAN_POINT('',(4.,5.20709436147626,13.4305249458546));
#11300=VECTOR('',#11301,1.);
#11301=DIRECTION('',(0.,0.707106781186549,0.707106781186546));
#11302=CARTESIAN_POINT('',(4.,5.48993707395088,13.7133676583292));
#11303=VECTOR('',#11304,1.);
#11304=DIRECTION('',(0.,0.70710678118655,-0.707106781186545));
#11305=CARTESIAN_POINT('',(-3.4,5.06567300523894,14.1376317270411));
#11306=CARTESIAN_POINT('',(-3.4,4.78283029276433,13.8547890145665));
#11307=VECTOR('',#11308,1.);
#11308=DIRECTION('',(0.,0.707106781186549,0.707106781186546));
#11309=CARTESIAN_POINT('',(3.4,5.06567300523895,14.1376317270411));
#11310=CARTESIAN_POINT('',(3.4,4.78283029276433,13.8547890145665));
#11311=VECTOR('',#11312,1.);
#11312=DIRECTION('',(0.,0.707106781186547,0.707106781186547));
#11313=CARTESIAN_POINT('',(-3.4,5.06567300523895,14.1376317270411));
#11314=VECTOR('',#11315,1.);
#11315=DIRECTION('',(1.,0.,0.));
#11316=CARTESIAN_POINT('',(-4.,5.48993707395087,13.7133676583292));
#11317=CARTESIAN_POINT('',(-4.,5.20709436147625,13.4305249458546));
#11318=VECTOR('',#11319,1.);
#11319=DIRECTION('',(0.,0.707106781186546,0.707106781186549));
#11320=CARTESIAN_POINT('',(-4.,5.75979533462071,13.4435093976594));
#11321=VECTOR('',#11322,1.);
#11322=DIRECTION('',(1.16364231710862E-15,-0.707106781186552,0.707106781186543));
#11323=CARTESIAN_POINT('',(4.,4.38625687746216,3.58843385206337));
#11324=VECTOR('',#11325,1.);
#11325=DIRECTION('',(-1.,0.,0.));
#11326=CARTESIAN_POINT('',(-4.,2.20327442431537,4.27672557568463));
#11327=AXIS2_PLACEMENT_3D('',#11328,#11329,#11330);
#11328=CARTESIAN_POINT('',(-4.,3.40327442431536,4.27672557568463));
#11329=DIRECTION('',(1.,1.11022302462516E-15,-9.86076131526265E-32));
#11330=DIRECTION('',(1.11022302462516E-15,-1.,8.26494216590939E-61));
#11331=CARTESIAN_POINT('',(-4.,2.20327442431537,4.27672557568463));
#11332=VECTOR('',#11333,1.);
#11333=DIRECTION('',(-1.11022302462516E-15,1.,0.));
#11334=CARTESIAN_POINT('',(-4.,2.60327442431537,14.));
#11335=CARTESIAN_POINT('',(4.,2.60327442431537,14.));
#11336=CARTESIAN_POINT('',(-4.,2.60327442431537,14.));
#11337=VECTOR('',#11338,1.);
#11338=DIRECTION('',(1.,0.,0.));
#11339=CARTESIAN_POINT('',(4.,2.60327442431537,4.27672557568463));
#11340=VECTOR('',#11341,1.);
#11341=DIRECTION('',(0.,0.,1.));
#11342=CARTESIAN_POINT('',(-4.,2.60327442431537,14.));
#11343=VECTOR('',#11344,1.);
#11344=DIRECTION('',(-4.56728042910639E-17,0.,-1.));
#11345=CARTESIAN_POINT('',(4.,2.20327442431537,4.27672557568463));
#11346=AXIS2_PLACEMENT_3D('',#11347,#11348,#11349);
#11347=CARTESIAN_POINT('',(4.,3.40327442431537,4.27672557568463));
#11348=DIRECTION('',(-1.,-2.22044604925031E-15,1.97215226305253E-31));
#11349=DIRECTION('',(-1.81888292047681E-15,0.819152044288992,-0.573576436351045));
#11350=CARTESIAN_POINT('',(4.,2.20327442431537,4.27672557568463));
#11351=VECTOR('',#11352,1.);
#11352=DIRECTION('',(-1.11022302462516E-15,1.,0.));
#11353=AXIS2_PLACEMENT_3D('',#11354,#11355,#11356);
#11354=CARTESIAN_POINT('',(-3.4,5.48993707395087,13.7133676583292));
#11355=DIRECTION('',(0.,0.707106781186547,0.707106781186548));
#11356=DIRECTION('',(-1.,-8.14163551391782E-15,8.14163551391781E-15));
#11357=AXIS2_PLACEMENT_3D('',#11358,#11359,#11360);
#11358=CARTESIAN_POINT('',(3.4,5.48993707395087,13.7133676583292));
#11359=DIRECTION('',(0.,0.707106781186547,0.707106781186548));
#11360=DIRECTION('',(-2.22044604925033E-15,-0.707106781186548,0.707106781186547));
#11361=CARTESIAN_POINT('',(2.25,6.62339923155281,11.5));
#11362=AXIS2_PLACEMENT_3D('',#11363,#11364,#11365);
#11363=CARTESIAN_POINT('',(2.,6.62339923155281,11.5));
#11364=DIRECTION('',(0.,-1.,-3.94129173741931E-15));
#11365=DIRECTION('',(1.,0.,0.));
#11366=CARTESIAN_POINT('',(0.249999999999999,6.62339923155283,7.50000000000002));
#11367=AXIS2_PLACEMENT_3D('',#11368,#11369,#11370);
#11368=CARTESIAN_POINT('',(6.66133814775094E-16,6.62339923155283,7.50000000000003));
#11369=DIRECTION('',(0.,-1.,-3.94129173741931E-15));
#11370=DIRECTION('',(1.,0.,0.));
#11371=CARTESIAN_POINT('',(2.25,6.62339923155283,7.50000000000002));
#11372=AXIS2_PLACEMENT_3D('',#11373,#11374,#11375);
#11373=CARTESIAN_POINT('',(2.,6.62339923155283,7.50000000000003));
#11374=DIRECTION('',(0.,-1.,-3.94129173741931E-15));
#11375=DIRECTION('',(1.,0.,0.));
#11376=CARTESIAN_POINT('',(0.249999999999998,6.62339923155282,9.50000000000002));
#11377=AXIS2_PLACEMENT_3D('',#11378,#11379,#11380);
#11378=CARTESIAN_POINT('',(2.22044604925031E-16,6.62339923155282,9.50000000000003));
#11379=DIRECTION('',(0.,-1.,-3.94129173741931E-15));
#11380=DIRECTION('',(1.,0.,0.));
#11381=CARTESIAN_POINT('',(-1.75,6.62339923155283,7.50000000000002));
#11382=AXIS2_PLACEMENT_3D('',#11383,#11384,#11385);
#11383=CARTESIAN_POINT('',(-2.,6.62339923155283,7.50000000000003));
#11384=DIRECTION('',(0.,-1.,-3.94129173741931E-15));
#11385=DIRECTION('',(1.,0.,0.));
#11386=CARTESIAN_POINT('',(2.25,6.62339923155282,9.50000000000002));
#11387=AXIS2_PLACEMENT_3D('',#11388,#11389,#11390);
#11388=CARTESIAN_POINT('',(2.,6.62339923155282,9.50000000000003));
#11389=DIRECTION('',(0.,-1.,-3.94129173741931E-15));
#11390=DIRECTION('',(1.,0.,0.));
#11391=CARTESIAN_POINT('',(0.249999999999998,6.62339923155281,11.5));
#11392=AXIS2_PLACEMENT_3D('',#11393,#11394,#11395);
#11393=CARTESIAN_POINT('',(2.22044604925031E-16,6.62339923155281,11.5));
#11394=DIRECTION('',(0.,-1.,-3.94129173741931E-15));
#11395=DIRECTION('',(1.,0.,0.));
#11396=CARTESIAN_POINT('',(-1.75,6.62339923155282,9.50000000000002));
#11397=AXIS2_PLACEMENT_3D('',#11398,#11399,#11400);
#11398=CARTESIAN_POINT('',(-2.,6.62339923155282,9.50000000000003));
#11399=DIRECTION('',(0.,-1.,-3.94129173741931E-15));
#11400=DIRECTION('',(1.,0.,0.));
#11401=CARTESIAN_POINT('',(-1.75,6.62339923155281,11.5));
#11402=AXIS2_PLACEMENT_3D('',#11403,#11404,#11405);
#11403=CARTESIAN_POINT('',(-2.,6.62339923155281,11.5));
#11404=DIRECTION('',(0.,-1.,-3.94129173741931E-15));
#11405=DIRECTION('',(1.,0.,0.));
#11406=CARTESIAN_POINT('',(4.,2.20327442431537,4.27672557568463));
#11407=VECTOR('',#11408,1.);
#11408=DIRECTION('',(-1.,0.,0.));
#11409=CARTESIAN_POINT('',(-4.,2.20327442431537,14.));
#11410=CARTESIAN_POINT('',(-4.,2.20327442431537,14.));
#11411=VECTOR('',#11412,1.);
#11412=DIRECTION('',(0.,1.,4.44089209850063E-15));
#11413=CARTESIAN_POINT('',(-4.,2.20327442431537,14.));
#11414=VECTOR('',#11415,1.);
#11415=DIRECTION('',(-4.56728042910639E-17,0.,-1.));
#11416=CARTESIAN_POINT('',(-4.,1.70327442431537,14.9));
#11417=AXIS2_PLACEMENT_3D('',#11418,#11419,#11420);
#11418=CARTESIAN_POINT('',(-4.,1.70327442431537,14.));
#11419=DIRECTION('',(-1.,0.,0.));
#11420=DIRECTION('',(0.,-2.46716227694479E-16,1.));
#11421=CARTESIAN_POINT('',(4.,1.70327442431537,14.9));
#11422=CARTESIAN_POINT('',(-4.,1.70327442431537,14.9));
#11423=VECTOR('',#11424,1.);
#11424=DIRECTION('',(1.,0.,0.));
#11425=AXIS2_PLACEMENT_3D('',#11426,#11427,#11428);
#11426=CARTESIAN_POINT('',(4.,1.70327442431537,14.));
#11427=DIRECTION('',(1.,0.,0.));
#11428=DIRECTION('',(0.,1.,0.));
#11429=CARTESIAN_POINT('',(4.,2.20327442431537,14.));
#11430=CARTESIAN_POINT('',(4.,2.20327442431537,14.));
#11431=VECTOR('',#11432,1.);
#11432=DIRECTION('',(0.,1.,0.));
#11433=CARTESIAN_POINT('',(4.,2.20327442431537,4.27672557568463));
#11434=VECTOR('',#11435,1.);
#11435=DIRECTION('',(0.,0.,1.));
#11436=CARTESIAN_POINT('',(-4.,2.20327442431537,14.));
#11437=VECTOR('',#11438,1.);
#11438=DIRECTION('',(1.,0.,0.));
#11439=CARTESIAN_POINT('',(-4.,1.70327442431537,14.5));
#11440=AXIS2_PLACEMENT_3D('',#11441,#11442,#11443);
#11441=CARTESIAN_POINT('',(-4.,1.70327442431537,14.));
#11442=DIRECTION('',(-1.,0.,0.));
#11443=DIRECTION('',(0.,0.,1.));
#11444=CARTESIAN_POINT('',(-4.,1.70327442431537,14.5));
#11445=VECTOR('',#11446,1.);
#11446=DIRECTION('',(0.,0.,1.));
#11447=CARTESIAN_POINT('',(4.,0.500000000000002,14.9));
#11448=CARTESIAN_POINT('',(-4.,0.5,14.9));
#11449=CARTESIAN_POINT('',(4.,0.5,14.9));
#11450=VECTOR('',#11451,1.);
#11451=DIRECTION('',(-1.,0.,0.));
#11452=CARTESIAN_POINT('',(4.,1.70327442431537,14.9));
#11453=VECTOR('',#11454,1.);
#11454=DIRECTION('',(0.,-1.,0.));
#11455=CARTESIAN_POINT('',(-4.,0.5,14.9));
#11456=VECTOR('',#11457,1.);
#11457=DIRECTION('',(0.,1.,0.));
#11458=CARTESIAN_POINT('',(4.,1.70327442431537,14.5));
#11459=AXIS2_PLACEMENT_3D('',#11460,#11461,#11462);
#11460=CARTESIAN_POINT('',(4.,1.70327442431537,14.));
#11461=DIRECTION('',(1.,0.,0.));
#11462=DIRECTION('',(0.,1.,0.));
#11463=CARTESIAN_POINT('',(4.,1.70327442431537,14.5));
#11464=VECTOR('',#11465,1.);
#11465=DIRECTION('',(0.,0.,1.));
#11466=CARTESIAN_POINT('',(-4.,1.70327442431537,14.5));
#11467=VECTOR('',#11468,1.);
#11468=DIRECTION('',(1.,0.,0.));
#11469=CARTESIAN_POINT('',(-4.,0.5,14.5));
#11470=CARTESIAN_POINT('',(-4.,0.5,14.5));
#11471=VECTOR('',#11472,1.);
#11472=DIRECTION('',(0.,-2.77555756156289E-16,1.));
#11473=CARTESIAN_POINT('',(-4.,0.5,14.5));
#11474=VECTOR('',#11475,1.);
#11475=DIRECTION('',(0.,1.,0.));
#11476=CARTESIAN_POINT('',(-4.,-0.4,14.));
#11477=AXIS2_PLACEMENT_3D('',#11478,#11479,#11480);
#11478=CARTESIAN_POINT('',(-4.,0.5,14.));
#11479=DIRECTION('',(-1.,0.,0.));
#11480=DIRECTION('',(0.,-1.,-1.97372982155583E-15));
#11481=CARTESIAN_POINT('',(4.,-0.4,14.));
#11482=CARTESIAN_POINT('',(4.,-0.4,14.));
#11483=VECTOR('',#11484,1.);
#11484=DIRECTION('',(-1.,0.,0.));
#11485=AXIS2_PLACEMENT_3D('',#11486,#11487,#11488);
#11486=CARTESIAN_POINT('',(4.,0.5,14.));
#11487=DIRECTION('',(1.,0.,0.));
#11488=DIRECTION('',(0.,0.,1.));
#11489=CARTESIAN_POINT('',(4.,0.500000000000002,14.5));
#11490=CARTESIAN_POINT('',(4.,0.500000000000002,14.5));
#11491=VECTOR('',#11492,1.);
#11492=DIRECTION('',(0.,-5.55111512312578E-16,1.));
#11493=CARTESIAN_POINT('',(4.,1.70327442431537,14.5));
#11494=VECTOR('',#11495,1.);
#11495=DIRECTION('',(0.,-1.,0.));
#11496=CARTESIAN_POINT('',(4.,0.5,14.5));
#11497=VECTOR('',#11498,1.);
#11498=DIRECTION('',(-1.,0.,0.));
#11499=CARTESIAN_POINT('',(-4.,0.,14.));
#11500=AXIS2_PLACEMENT_3D('',#11501,#11502,#11503);
#11501=CARTESIAN_POINT('',(-4.,0.5,14.));
#11502=DIRECTION('',(-1.,0.,0.));
#11503=DIRECTION('',(0.,-1.,-3.5527136788005E-15));
#11504=CARTESIAN_POINT('',(-4.,0.,14.));
#11505=VECTOR('',#11506,1.);
#11506=DIRECTION('',(0.,-1.,0.));
#11507=CARTESIAN_POINT('',(3.,-0.4,-5.38585722145439E-16));
#11508=CARTESIAN_POINT('',(-3.,-0.4,4.96952358721996E-16));
#11509=CARTESIAN_POINT('',(3.,-0.4,-5.1676392725965E-16));
#11510=VECTOR('',#11511,1.);
#11511=DIRECTION('',(-1.,0.,1.72254642419883E-16));
#11512=CARTESIAN_POINT('',(3.,-0.4,0.2));
#11513=CARTESIAN_POINT('',(3.,-0.4,0.2));
#11514=VECTOR('',#11515,1.);
#11515=DIRECTION('',(0.,0.,-1.));
#11516=CARTESIAN_POINT('',(4.,-0.4,0.2));
#11517=CARTESIAN_POINT('',(4.,-0.4,0.2));
#11518=VECTOR('',#11519,1.);
#11519=DIRECTION('',(-1.,0.,-5.55111512312578E-17));
#11520=CARTESIAN_POINT('',(4.,-0.4,14.));
#11521=VECTOR('',#11522,1.);
#11522=DIRECTION('',(0.,0.,-1.));
#11523=CARTESIAN_POINT('',(-4.,-0.4,0.2));
#11524=CARTESIAN_POINT('',(-4.,-0.4,0.2));
#11525=VECTOR('',#11526,1.);
#11526=DIRECTION('',(3.21803775253669E-17,0.,1.));
#11527=CARTESIAN_POINT('',(-3.,-0.4,0.2));
#11528=CARTESIAN_POINT('',(-3.,-0.4,0.2));
#11529=VECTOR('',#11530,1.);
#11530=DIRECTION('',(-1.,0.,-5.55111512312578E-17));
#11531=CARTESIAN_POINT('',(-3.,-0.4,5.13478148889135E-16));
#11532=VECTOR('',#11533,1.);
#11533=DIRECTION('',(0.,0.,1.));
#11534=CARTESIAN_POINT('',(4.,0.,14.));
#11535=AXIS2_PLACEMENT_3D('',#11536,#11537,#11538);
#11536=CARTESIAN_POINT('',(4.,0.5,14.));
#11537=DIRECTION('',(1.,0.,0.));
#11538=DIRECTION('',(0.,0.,1.));
#11539=CARTESIAN_POINT('',(4.,0.,14.));
#11540=VECTOR('',#11541,1.);
#11541=DIRECTION('',(0.,-1.,0.));
#11542=CARTESIAN_POINT('',(4.,0.,14.));
#11543=VECTOR('',#11544,1.);
#11544=DIRECTION('',(-1.,0.,0.));
#11545=CARTESIAN_POINT('',(-4.,0.,0.2));
#11546=CARTESIAN_POINT('',(-4.,0.,0.2));
#11547=VECTOR('',#11548,1.);
#11548=DIRECTION('',(3.21803775253669E-17,0.,1.));
#11549=CARTESIAN_POINT('',(-4.,-0.4,0.2));
#11550=VECTOR('',#11551,1.);
#11551=DIRECTION('',(0.,1.,0.));
#11552=CARTESIAN_POINT('',(3.,-0.8,-0.4));
#11553=CARTESIAN_POINT('',(-3.,-0.8,-0.399999999999999));
#11554=CARTESIAN_POINT('',(3.,-0.8,-0.4));
#11555=VECTOR('',#11556,1.);
#11556=DIRECTION('',(-1.,0.,1.66533453693773E-16));
#11557=AXIS2_PLACEMENT_3D('',#11558,#11559,#11560);
#11558=CARTESIAN_POINT('',(3.,-0.8,-5.16763927259651E-16));
#11559=DIRECTION('',(-1.,-1.11022302462516E-15,8.79044571633998E-16));
#11560=DIRECTION('',(-1.11022302462516E-15,1.,-8.01466425239724E-17));
#11561=AXIS2_PLACEMENT_3D('',#11562,#11563,#11564);
#11562=CARTESIAN_POINT('',(-3.,-0.8,5.1676392725965E-16));
#11563=DIRECTION('',(1.,2.03331719710472E-32,-1.72254642419883E-16));
#11564=DIRECTION('',(-1.72254642419883E-16,-3.50248326713472E-48,-1.));
#11565=CARTESIAN_POINT('',(3.,2.77555756156289E-17,-5.38585722145439E-16));
#11566=CARTESIAN_POINT('',(3.,2.77555756156289E-17,-5.43503440812756E-16));
#11567=VECTOR('',#11568,1.);
#11568=DIRECTION('',(0.,-1.,9.45715128330268E-18));
#11569=CARTESIAN_POINT('',(3.,0.,0.2));
#11570=CARTESIAN_POINT('',(3.,0.,0.2));
#11571=VECTOR('',#11572,1.);
#11572=DIRECTION('',(0.,1.38777878078144E-16,-1.));
#11573=CARTESIAN_POINT('',(3.,-0.4,0.2));
#11574=VECTOR('',#11575,1.);
#11575=DIRECTION('',(0.,1.,0.));
#11576=CARTESIAN_POINT('',(4.,0.,0.2));
#11577=CARTESIAN_POINT('',(4.,0.,0.2));
#11578=VECTOR('',#11579,1.);
#11579=DIRECTION('',(-1.,0.,-5.55111512312578E-17));
#11580=CARTESIAN_POINT('',(4.,-0.4,0.200000000000002));
#11581=VECTOR('',#11582,1.);
#11582=DIRECTION('',(0.,1.,0.));
#11583=CARTESIAN_POINT('',(4.,0.,14.));
#11584=VECTOR('',#11585,1.);
#11585=DIRECTION('',(0.,0.,-1.));
#11586=CARTESIAN_POINT('',(-3.,0.,0.2));
#11587=CARTESIAN_POINT('',(-3.,0.,0.2));
#11588=VECTOR('',#11589,1.);
#11589=DIRECTION('',(-1.,0.,-5.55111512312578E-17));
#11590=CARTESIAN_POINT('',(-3.,-0.4,0.2));
#11591=VECTOR('',#11592,1.);
#11592=DIRECTION('',(0.,1.,0.));
#11593=CARTESIAN_POINT('',(-3.,0.,4.96952358721996E-16));
#11594=CARTESIAN_POINT('',(-3.,0.,5.2764311188954E-16));
#11595=VECTOR('',#11596,1.);
#11596=DIRECTION('',(0.,-1.,-5.90206791683546E-17));
#11597=CARTESIAN_POINT('',(-3.,0.,5.13478148889135E-16));
#11598=VECTOR('',#11599,1.);
#11599=DIRECTION('',(0.,0.,1.));
#11600=CARTESIAN_POINT('',(3.,0.,-5.1676392725965E-16));
#11601=VECTOR('',#11602,1.);
#11602=DIRECTION('',(-1.,0.,1.72254642419883E-16));
#11603=CARTESIAN_POINT('',(-3.,-0.920354056994858,-0.399999999999999));
#11604=CARTESIAN_POINT('',(-3.,-0.920354056994858,-0.399999999999999));
#11605=VECTOR('',#11606,1.);
#11606=DIRECTION('',(0.,1.,0.));
#11607=CARTESIAN_POINT('',(-4.,-0.920354056994859,-0.399999999999999));
#11608=CARTESIAN_POINT('',(-4.,-0.920354056994859,-0.399999999999999));
#11609=VECTOR('',#11610,1.);
#11610=DIRECTION('',(1.,4.44089209850063E-16,-1.66533453693774E-16));
#11611=CARTESIAN_POINT('',(-4.,-6.32035405699486,-0.399999999999998));
#11612=CARTESIAN_POINT('',(-4.,-6.32035405699486,-0.399999999999998));
#11613=VECTOR('',#11614,1.);
#11614=DIRECTION('',(-2.46716227694479E-16,1.,-1.64477485129653E-16));
#11615=CARTESIAN_POINT('',(4.,-6.32035405699486,-0.4));
#11616=CARTESIAN_POINT('',(4.,-6.32035405699486,-0.4));
#11617=VECTOR('',#11618,1.);
#11618=DIRECTION('',(-1.,-2.22044604925031E-16,1.73472347597681E-16));
#11619=CARTESIAN_POINT('',(4.,-0.920354056994857,-0.400000000000001));
#11620=CARTESIAN_POINT('',(4.,-0.920354056994857,-0.400000000000001));
#11621=VECTOR('',#11622,1.);
#11622=DIRECTION('',(3.28954970259306E-16,-1.,1.64477485129653E-16));
#11623=CARTESIAN_POINT('',(3.,-0.920354056994857,-0.4));
#11624=CARTESIAN_POINT('',(3.,-0.920354056994857,-0.4));
#11625=VECTOR('',#11626,1.);
#11626=DIRECTION('',(1.,3.33066907387547E-16,-1.66533453693773E-16));
#11627=CARTESIAN_POINT('',(3.,-0.8,-0.4));
#11628=VECTOR('',#11629,1.);
#11629=DIRECTION('',(0.,-1.,0.));
#11630=CARTESIAN_POINT('',(0.500000000000001,-4.62035405699486,-0.399999999999999));
#11631=CARTESIAN_POINT('',(-0.499999999999999,-4.62035405699486,-0.399999999999999));
#11632=CARTESIAN_POINT('',(0.500000000000001,-4.62035405699486,-0.399999999999999));
#11633=VECTOR('',#11634,1.);
#11634=DIRECTION('',(-1.,0.,2.22044604925031E-16));
#11635=CARTESIAN_POINT('',(-0.499999999999999,-3.22035405699486,-0.399999999999999));
#11636=AXIS2_PLACEMENT_3D('',#11637,#11638,#11639);
#11637=CARTESIAN_POINT('',(-0.499999999999999,-3.92035405699486,-0.399999999999999));
#11638=DIRECTION('',(-1.72254642419883E-16,-1.60812264967664E-16,-1.));
#11639=DIRECTION('',(6.34413156928661E-16,-1.,1.60812264967664E-16));
#11640=CARTESIAN_POINT('',(0.500000000000001,-3.22035405699486,-0.4));
#11641=CARTESIAN_POINT('',(-0.499999999999999,-3.22035405699486,-0.399999999999999));
#11642=VECTOR('',#11643,1.);
#11643=DIRECTION('',(1.,0.,-2.22044604925031E-16));
#11644=AXIS2_PLACEMENT_3D('',#11645,#11646,#11647);
#11645=CARTESIAN_POINT('',(0.500000000000001,-3.92035405699486,-0.4));
#11646=DIRECTION('',(-1.72254642419883E-16,-1.60812264967664E-16,-1.));
#11647=DIRECTION('',(-3.1720657846433E-16,1.,-1.60812264967664E-16));
#11648=CARTESIAN_POINT('',(3.,-0.8,-0.800000000000001));
#11649=CARTESIAN_POINT('',(3.,-0.8,-0.800000000000001));
#11650=VECTOR('',#11651,1.);
#11651=DIRECTION('',(0.,0.,1.));
#11652=AXIS2_PLACEMENT_3D('',#11653,#11654,#11655);
#11653=CARTESIAN_POINT('',(3.,-0.799999999999993,-4.75750350254434E-15));
#11654=DIRECTION('',(-1.,-1.11022302462516E-15,8.79044571633998E-16));
#11655=DIRECTION('',(-1.11022302462515E-15,1.,5.24892387567678E-15));
#11656=CARTESIAN_POINT('',(-3.,-0.8,-0.799999999999999));
#11657=AXIS2_PLACEMENT_3D('',#11658,#11659,#11660);
#11658=CARTESIAN_POINT('',(-3.,-0.8,5.1676392725965E-16));
#11659=DIRECTION('',(1.,2.03331719710472E-32,-1.72254642419883E-16));
#11660=DIRECTION('',(-1.72254642419883E-16,-3.50248326713473E-48,-1.));
#11661=CARTESIAN_POINT('',(-3.,-0.8,-0.799999999999999));
#11662=VECTOR('',#11663,1.);
#11663=DIRECTION('',(0.,5.55111512312578E-16,1.));
#11664=CARTESIAN_POINT('',(3.,-0.8,-0.800000000000001));
#11665=VECTOR('',#11666,1.);
#11666=DIRECTION('',(-1.,-1.85037170770859E-17,1.66533453693773E-16));
#11667=CARTESIAN_POINT('',(-3.,-0.920354056994858,-0.799999999999999));
#11668=CARTESIAN_POINT('',(-3.,-0.920354056994858,-0.799999999999999));
#11669=VECTOR('',#11670,1.);
#11670=DIRECTION('',(0.,1.,0.));
#11671=CARTESIAN_POINT('',(-3.,-0.920354056994858,-0.399999999999999));
#11672=VECTOR('',#11673,1.);
#11673=DIRECTION('',(0.,-2.77555756156289E-16,-1.));
#11674=CARTESIAN_POINT('',(-4.,-0.920354056994859,-0.799999999999999));
#11675=CARTESIAN_POINT('',(-4.,-0.920354056994859,-0.799999999999999));
#11676=VECTOR('',#11677,1.);
#11677=DIRECTION('',(1.,3.33066907387547E-16,-1.11022302462516E-16));
#11678=CARTESIAN_POINT('',(-4.,-0.920354056994858,-0.399999999999999));
#11679=VECTOR('',#11680,1.);
#11680=DIRECTION('',(0.,-2.77555756156289E-16,-1.));
#11681=CARTESIAN_POINT('',(-4.,-6.32035405699486,-0.799999999999998));
#11682=CARTESIAN_POINT('',(-4.,-6.32035405699486,-0.799999999999998));
#11683=VECTOR('',#11684,1.);
#11684=DIRECTION('',(-2.46716227694479E-16,1.,-1.64477485129653E-16));
#11685=CARTESIAN_POINT('',(-4.,-6.32035405699486,-0.399999999999998));
#11686=VECTOR('',#11687,1.);
#11687=DIRECTION('',(0.,0.,-1.));
#11688=CARTESIAN_POINT('',(4.,-6.32035405699486,-0.8));
#11689=CARTESIAN_POINT('',(4.,-6.32035405699486,-0.8));
#11690=VECTOR('',#11691,1.);
#11691=DIRECTION('',(-1.,-2.22044604925031E-16,1.66533453693773E-16));
#11692=CARTESIAN_POINT('',(4.,-6.32035405699486,-0.4));
#11693=VECTOR('',#11694,1.);
#11694=DIRECTION('',(0.,0.,-1.));
#11695=CARTESIAN_POINT('',(4.,-0.920354056994857,-0.800000000000001));
#11696=CARTESIAN_POINT('',(4.,-0.920354056994857,-0.800000000000001));
#11697=VECTOR('',#11698,1.);
#11698=DIRECTION('',(3.28954970259306E-16,-1.,1.64477485129653E-16));
#11699=CARTESIAN_POINT('',(4.,-0.920354056994857,-0.400000000000001));
#11700=VECTOR('',#11701,1.);
#11701=DIRECTION('',(0.,-2.77555756156289E-16,-1.));
#11702=CARTESIAN_POINT('',(3.,-0.920354056994857,-0.800000000000001));
#11703=CARTESIAN_POINT('',(3.,-0.920354056994857,-0.800000000000001));
#11704=VECTOR('',#11705,1.);
#11705=DIRECTION('',(1.,2.22044604925031E-16,-2.22044604925031E-16));
#11706=CARTESIAN_POINT('',(3.,-0.920354056994857,-0.4));
#11707=VECTOR('',#11708,1.);
#11708=DIRECTION('',(0.,-2.77555756156289E-16,-1.));
#11709=CARTESIAN_POINT('',(3.,-0.8,-0.800000000000001));
#11710=VECTOR('',#11711,1.);
#11711=DIRECTION('',(0.,-1.,0.));
#11712=CARTESIAN_POINT('',(-0.499999999999999,-4.62035405699486,-0.799999999999999));
#11713=CARTESIAN_POINT('',(0.500000000000001,-4.62035405699486,-0.799999999999999));
#11714=CARTESIAN_POINT('',(0.500000000000001,-4.62035405699486,-0.799999999999999));
#11715=VECTOR('',#11716,1.);
#11716=DIRECTION('',(-1.,0.,1.11022302462516E-16));
#11717=CARTESIAN_POINT('',(-0.499999999999999,-4.62035405699486,-0.399999999999999));
#11718=VECTOR('',#11719,1.);
#11719=DIRECTION('',(-1.38777878078145E-16,0.,-1.));
#11720=CARTESIAN_POINT('',(0.500000000000001,-4.62035405699486,-0.399999999999999));
#11721=VECTOR('',#11722,1.);
#11722=DIRECTION('',(-5.55111512312578E-16,0.,-1.));
#11723=CARTESIAN_POINT('',(-0.499999999999999,-3.22035405699486,-0.799999999999999));
#11724=AXIS2_PLACEMENT_3D('',#11725,#11726,#11727);
#11725=CARTESIAN_POINT('',(-0.499999999999999,-3.92035405699486,-0.799999999999999));
#11726=DIRECTION('',(-1.72254642419883E-16,-1.60812264967664E-16,-1.));
#11727=DIRECTION('',(6.34413156928661E-16,-1.,1.60812264967664E-16));
#11728=CARTESIAN_POINT('',(-0.499999999999999,-3.22035405699486,-0.399999999999999));
#11729=VECTOR('',#11730,1.);
#11730=DIRECTION('',(0.,0.,-1.));
#11731=CARTESIAN_POINT('',(0.500000000000001,-3.22035405699486,-0.8));
#11732=CARTESIAN_POINT('',(-0.499999999999999,-3.22035405699486,-0.799999999999999));
#11733=VECTOR('',#11734,1.);
#11734=DIRECTION('',(1.,0.,-1.11022302462516E-16));
#11735=CARTESIAN_POINT('',(0.500000000000001,-3.22035405699486,-0.4));
#11736=VECTOR('',#11737,1.);
#11737=DIRECTION('',(-5.55111512312578E-16,0.,-1.));
#11738=AXIS2_PLACEMENT_3D('',#11739,#11740,#11741);
#11739=CARTESIAN_POINT('',(0.500000000000001,-3.92035405699486,-0.8));
#11740=DIRECTION('',(-1.72254642419883E-16,-1.60812264967664E-16,-1.));
#11741=DIRECTION('',(-3.1720657846433E-16,1.,-1.60812264967664E-16));
#11742=CARTESIAN_POINT('',(3.,-0.4,-5.38585722145439E-16));
#11743=CARTESIAN_POINT('',(-3.,-0.4,4.76135677010274E-16));
#11744=CARTESIAN_POINT('',(3.,-0.4,-5.1676392725965E-16));
#11745=VECTOR('',#11746,1.);
#11746=DIRECTION('',(-1.,0.,1.72254642419883E-16));
#11747=CARTESIAN_POINT('',(3.,-0.4,0.2));
#11748=CARTESIAN_POINT('',(3.,-0.4,0.2));
#11749=VECTOR('',#11750,1.);
#11750=DIRECTION('',(2.2204460492503E-15,0.,-1.));
#11751=CARTESIAN_POINT('',(4.,-0.4,0.2));
#11752=CARTESIAN_POINT('',(4.,-0.4,0.2));
#11753=VECTOR('',#11754,1.);
#11754=DIRECTION('',(-1.,0.,0.));
#11755=CARTESIAN_POINT('',(4.,-0.4,14.));
#11756=CARTESIAN_POINT('',(4.,-0.4,14.));
#11757=VECTOR('',#11758,1.);
#11758=DIRECTION('',(0.,0.,-1.));
#11759=CARTESIAN_POINT('',(-4.,-0.4,14.));
#11760=CARTESIAN_POINT('',(4.,-0.4,14.));
#11761=VECTOR('',#11762,1.);
#11762=DIRECTION('',(-1.,0.,0.));
#11763=CARTESIAN_POINT('',(-4.,-0.4,0.2));
#11764=CARTESIAN_POINT('',(-4.,-0.4,0.2));
#11765=VECTOR('',#11766,1.);
#11766=DIRECTION('',(3.21803775253669E-17,0.,1.));
#11767=CARTESIAN_POINT('',(-3.,-0.4,0.2));
#11768=CARTESIAN_POINT('',(-3.,-0.4,0.2));
#11769=VECTOR('',#11770,1.);
#11770=DIRECTION('',(-1.,0.,0.));
#11771=CARTESIAN_POINT('',(-3.,-0.4,4.71844785465692E-16));
#11772=VECTOR('',#11773,1.);
#11773=DIRECTION('',(0.,0.,1.));
#11774=CARTESIAN_POINT('',(-3.,0.,4.76135677010274E-16));
#11775=CARTESIAN_POINT('',(-3.,0.,4.68166878427478E-16));
#11776=VECTOR('',#11777,1.);
#11777=DIRECTION('',(0.,-1.,1.53246126592232E-17));
#11778=CARTESIAN_POINT('',(-3.,0.,0.2));
#11779=CARTESIAN_POINT('',(-3.,-0.4,0.2));
#11780=VECTOR('',#11781,1.);
#11781=DIRECTION('',(0.,1.,0.));
#11782=CARTESIAN_POINT('',(-3.,0.,4.71844785465692E-16));
#11783=VECTOR('',#11784,1.);
#11784=DIRECTION('',(0.,0.,1.));
#11785=CARTESIAN_POINT('',(-4.,0.,0.2));
#11786=CARTESIAN_POINT('',(-4.,-0.4,0.2));
#11787=VECTOR('',#11788,1.);
#11788=DIRECTION('',(0.,1.,0.));
#11789=CARTESIAN_POINT('',(-3.,0.,0.2));
#11790=VECTOR('',#11791,1.);
#11791=DIRECTION('',(-1.,0.,0.));
#11792=CARTESIAN_POINT('',(-4.,0.,14.));
#11793=CARTESIAN_POINT('',(-4.,0.,14.));
#11794=VECTOR('',#11795,1.);
#11795=DIRECTION('',(0.,-1.,0.));
#11796=CARTESIAN_POINT('',(-4.,0.,0.2));
#11797=VECTOR('',#11798,1.);
#11798=DIRECTION('',(3.21803775253669E-17,0.,1.));
#11799=CARTESIAN_POINT('',(4.,0.5,14.9));
#11800=CARTESIAN_POINT('',(-4.,0.5,14.9));
#11801=CARTESIAN_POINT('',(4.,0.5,14.9));
#11802=VECTOR('',#11803,1.);
#11803=DIRECTION('',(-1.,0.,0.));
#11804=AXIS2_PLACEMENT_3D('',#11805,#11806,#11807);
#11805=CARTESIAN_POINT('',(-4.,0.5,14.));
#11806=DIRECTION('',(-1.,0.,0.));
#11807=DIRECTION('',(0.,-1.,0.));
#11808=AXIS2_PLACEMENT_3D('',#11809,#11810,#11811);
#11809=CARTESIAN_POINT('',(4.,0.5,14.));
#11810=DIRECTION('',(1.,0.,0.));
#11811=DIRECTION('',(0.,0.,1.));
#11812=CARTESIAN_POINT('',(4.,0.,14.));
#11813=CARTESIAN_POINT('',(4.,0.,14.));
#11814=VECTOR('',#11815,1.);
#11815=DIRECTION('',(0.,-1.,0.));
#11816=CARTESIAN_POINT('',(4.,0.,0.2));
#11817=CARTESIAN_POINT('',(4.,-0.4,0.2));
#11818=VECTOR('',#11819,1.);
#11819=DIRECTION('',(0.,1.,0.));
#11820=CARTESIAN_POINT('',(4.,0.,14.));
#11821=VECTOR('',#11822,1.);
#11822=DIRECTION('',(0.,0.,-1.));
#11823=CARTESIAN_POINT('',(3.,0.,0.2));
#11824=CARTESIAN_POINT('',(3.,-0.4,0.2));
#11825=VECTOR('',#11826,1.);
#11826=DIRECTION('',(0.,1.,0.));
#11827=CARTESIAN_POINT('',(4.,0.,0.2));
#11828=VECTOR('',#11829,1.);
#11829=DIRECTION('',(-1.,0.,0.));
#11830=CARTESIAN_POINT('',(3.,2.77555756156289E-17,-5.38585722145439E-16));
#11831=CARTESIAN_POINT('',(3.,2.77555756156289E-17,-5.43503440812757E-16));
#11832=VECTOR('',#11833,1.);
#11833=DIRECTION('',(0.,-1.,9.45715128330293E-18));
#11834=CARTESIAN_POINT('',(3.,0.,0.2));
#11835=VECTOR('',#11836,1.);
#11836=DIRECTION('',(2.2204460492503E-15,1.38777878078144E-16,-1.));
#11837=CARTESIAN_POINT('',(3.,-0.8,-0.4));
#11838=CARTESIAN_POINT('',(-3.,-0.8,-0.399999999999999));
#11839=CARTESIAN_POINT('',(3.,-0.8,-0.4));
#11840=VECTOR('',#11841,1.);
#11841=DIRECTION('',(-1.,0.,1.66533453693773E-16));
#11842=AXIS2_PLACEMENT_3D('',#11843,#11844,#11845);
#11843=CARTESIAN_POINT('',(3.,-0.8,-5.1676392725965E-16));
#11844=DIRECTION('',(-1.,3.25807642523221E-33,1.72254642419883E-16));
#11845=DIRECTION('',(-1.05475548238891E-32,1.,-8.01466425239739E-17));
#11846=AXIS2_PLACEMENT_3D('',#11847,#11848,#11849);
#11847=CARTESIAN_POINT('',(-3.,-0.8,5.1676392725965E-16));
#11848=DIRECTION('',(1.,-5.27947134767532E-33,-1.72254642419883E-16));
#11849=DIRECTION('',(-1.72254642419883E-16,9.09413449159832E-49,-1.));
#11850=CARTESIAN_POINT('',(3.,0.,-5.1676392725965E-16));
#11851=VECTOR('',#11852,1.);
#11852=DIRECTION('',(-1.,0.,1.72254642419883E-16));
#11853=CARTESIAN_POINT('',(4.,0.,14.));
#11854=VECTOR('',#11855,1.);
#11855=DIRECTION('',(-1.,0.,0.));
#11856=CARTESIAN_POINT('',(-4.,0.5,14.5));
#11857=CARTESIAN_POINT('',(-4.,0.5,14.5));
#11858=VECTOR('',#11859,1.);
#11859=DIRECTION('',(0.,8.32667268468867E-16,1.));
#11860=AXIS2_PLACEMENT_3D('',#11861,#11862,#11863);
#11861=CARTESIAN_POINT('',(-4.,0.5,14.));
#11862=DIRECTION('',(-1.,0.,0.));
#11863=DIRECTION('',(0.,-1.,0.));
#11864=CARTESIAN_POINT('',(4.,0.5,14.5));
#11865=AXIS2_PLACEMENT_3D('',#11866,#11867,#11868);
#11866=CARTESIAN_POINT('',(4.,0.5,14.));
#11867=DIRECTION('',(1.,0.,0.));
#11868=DIRECTION('',(0.,0.,1.));
#11869=CARTESIAN_POINT('',(4.,0.5,14.5));
#11870=VECTOR('',#11871,1.);
#11871=DIRECTION('',(0.,-5.55111512312578E-16,1.));
#11872=CARTESIAN_POINT('',(4.,1.70327442431537,14.9));
#11873=CARTESIAN_POINT('',(4.,1.70327442431537,14.9));
#11874=VECTOR('',#11875,1.);
#11875=DIRECTION('',(0.,-1.,0.));
#11876=CARTESIAN_POINT('',(-4.,1.70327442431536,14.9));
#11877=CARTESIAN_POINT('',(-4.,1.70327442431537,14.9));
#11878=VECTOR('',#11879,1.);
#11879=DIRECTION('',(1.,0.,0.));
#11880=CARTESIAN_POINT('',(-4.,0.500000000000001,14.9));
#11881=VECTOR('',#11882,1.);
#11882=DIRECTION('',(0.,1.,0.));
#11883=CARTESIAN_POINT('',(-3.,-0.920354056994858,-0.399999999999999));
#11884=CARTESIAN_POINT('',(-3.,-0.920354056994858,-0.399999999999999));
#11885=VECTOR('',#11886,1.);
#11886=DIRECTION('',(0.,1.,0.));
#11887=CARTESIAN_POINT('',(-4.,-0.920354056994859,-0.399999999999999));
#11888=CARTESIAN_POINT('',(-4.,-0.920354056994859,-0.399999999999999));
#11889=VECTOR('',#11890,1.);
#11890=DIRECTION('',(1.,4.44089209850063E-16,-1.66533453693774E-16));
#11891=CARTESIAN_POINT('',(-4.,-6.32035405699486,-0.399999999999998));
#11892=CARTESIAN_POINT('',(-4.,-6.32035405699486,-0.399999999999998));
#11893=VECTOR('',#11894,1.);
#11894=DIRECTION('',(-2.46716227694479E-16,1.,-1.64477485129653E-16));
#11895=CARTESIAN_POINT('',(4.,-6.32035405699486,-0.4));
#11896=CARTESIAN_POINT('',(4.,-6.32035405699486,-0.4));
#11897=VECTOR('',#11898,1.);
#11898=DIRECTION('',(-1.,-2.22044604925031E-16,1.73472347597681E-16));
#11899=CARTESIAN_POINT('',(4.,-0.920354056994857,-0.400000000000001));
#11900=CARTESIAN_POINT('',(4.,-0.920354056994857,-0.400000000000001));
#11901=VECTOR('',#11902,1.);
#11902=DIRECTION('',(3.28954970259306E-16,-1.,1.64477485129653E-16));
#11903=CARTESIAN_POINT('',(3.,-0.920354056994857,-0.4));
#11904=CARTESIAN_POINT('',(3.,-0.920354056994857,-0.4));
#11905=VECTOR('',#11906,1.);
#11906=DIRECTION('',(1.,3.33066907387547E-16,-1.66533453693773E-16));
#11907=CARTESIAN_POINT('',(3.,-0.8,-0.4));
#11908=VECTOR('',#11909,1.);
#11909=DIRECTION('',(0.,-1.,0.));
#11910=CARTESIAN_POINT('',(0.500000000000001,-4.62035405699486,-0.399999999999999));
#11911=CARTESIAN_POINT('',(-0.499999999999999,-4.62035405699486,-0.399999999999999));
#11912=CARTESIAN_POINT('',(0.500000000000001,-4.62035405699486,-0.399999999999999));
#11913=VECTOR('',#11914,1.);
#11914=DIRECTION('',(-1.,0.,2.22044604925031E-16));
#11915=CARTESIAN_POINT('',(-0.499999999999999,-3.22035405699486,-0.399999999999999));
#11916=AXIS2_PLACEMENT_3D('',#11917,#11918,#11919);
#11917=CARTESIAN_POINT('',(-0.499999999999999,-3.92035405699486,-0.399999999999999));
#11918=DIRECTION('',(-1.72254642419883E-16,-1.60812264967664E-16,-1.));
#11919=DIRECTION('',(6.34413156928661E-16,-1.,1.60812264967664E-16));
#11920=CARTESIAN_POINT('',(0.500000000000001,-3.22035405699486,-0.4));
#11921=CARTESIAN_POINT('',(-0.499999999999999,-3.22035405699486,-0.399999999999999));
#11922=VECTOR('',#11923,1.);
#11923=DIRECTION('',(1.,0.,-2.22044604925031E-16));
#11924=AXIS2_PLACEMENT_3D('',#11925,#11926,#11927);
#11925=CARTESIAN_POINT('',(0.500000000000001,-3.92035405699486,-0.4));
#11926=DIRECTION('',(-1.72254642419883E-16,-1.60812264967664E-16,-1.));
#11927=DIRECTION('',(-3.1720657846433E-16,1.,-1.60812264967664E-16));
#11928=CARTESIAN_POINT('',(4.,0.5,14.5));
#11929=VECTOR('',#11930,1.);
#11930=DIRECTION('',(-1.,0.,0.));
#11931=CARTESIAN_POINT('',(3.,-0.8,-0.800000000000001));
#11932=CARTESIAN_POINT('',(-3.,-0.8,-0.799999999999999));
#11933=CARTESIAN_POINT('',(3.,-0.8,-0.800000000000001));
#11934=VECTOR('',#11935,1.);
#11935=DIRECTION('',(-1.,-1.85037170770859E-17,1.66533453693773E-16));
#11936=AXIS2_PLACEMENT_3D('',#11937,#11938,#11939);
#11937=CARTESIAN_POINT('',(-3.,-0.8,5.1676392725965E-16));
#11938=DIRECTION('',(1.,-5.27947134767532E-33,-1.72254642419883E-16));
#11939=DIRECTION('',(-1.72254642419883E-16,-1.38777878078145E-16,-1.));
#11940=AXIS2_PLACEMENT_3D('',#11941,#11942,#11943);
#11941=CARTESIAN_POINT('',(3.,-0.8,-5.1676392725965E-16));
#11942=DIRECTION('',(-1.,3.25807642523221E-33,1.72254642419883E-16));
#11943=DIRECTION('',(-1.05475548238891E-32,1.,-8.01466425239739E-17));
#11944=CARTESIAN_POINT('',(-3.,-0.8,-0.799999999999999));
#11945=VECTOR('',#11946,1.);
#11946=DIRECTION('',(0.,2.77555756156289E-16,1.));
#11947=CARTESIAN_POINT('',(-3.,-0.920354056994858,-0.799999999999999));
#11948=CARTESIAN_POINT('',(-3.,-0.920354056994858,-0.799999999999999));
#11949=VECTOR('',#11950,1.);
#11950=DIRECTION('',(0.,1.,0.));
#11951=CARTESIAN_POINT('',(-3.,-0.920354056994858,-0.399999999999999));
#11952=VECTOR('',#11953,1.);
#11953=DIRECTION('',(0.,-2.77555756156289E-16,-1.));
#11954=CARTESIAN_POINT('',(-4.,1.70327442431536,14.5));
#11955=CARTESIAN_POINT('',(-4.,1.70327442431536,14.5));
#11956=VECTOR('',#11957,1.);
#11957=DIRECTION('',(0.,0.,1.));
#11958=CARTESIAN_POINT('',(-4.,0.500000000000001,14.5));
#11959=VECTOR('',#11960,1.);
#11960=DIRECTION('',(0.,1.,0.));
#11961=CARTESIAN_POINT('',(4.,1.70327442431537,14.5));
#11962=CARTESIAN_POINT('',(4.,1.70327442431537,14.5));
#11963=VECTOR('',#11964,1.);
#11964=DIRECTION('',(0.,-1.,0.));
#11965=CARTESIAN_POINT('',(4.,1.70327442431537,14.5));
#11966=VECTOR('',#11967,1.);
#11967=DIRECTION('',(0.,0.,1.));
#11968=CARTESIAN_POINT('',(-4.,2.60327442431537,14.));
#11969=CARTESIAN_POINT('',(4.,2.60327442431537,14.));
#11970=CARTESIAN_POINT('',(-4.,2.60327442431537,14.));
#11971=VECTOR('',#11972,1.);
#11972=DIRECTION('',(1.,0.,0.));
#11973=AXIS2_PLACEMENT_3D('',#11974,#11975,#11976);
#11974=CARTESIAN_POINT('',(-4.,1.70327442431537,14.));
#11975=DIRECTION('',(-1.,0.,0.));
#11976=DIRECTION('',(0.,-3.94745964311167E-15,1.));
#11977=AXIS2_PLACEMENT_3D('',#11978,#11979,#11980);
#11978=CARTESIAN_POINT('',(4.,1.70327442431537,14.));
#11979=DIRECTION('',(1.,0.,0.));
#11980=DIRECTION('',(0.,1.,0.));
#11981=CARTESIAN_POINT('',(3.,-0.8,-0.800000000000001));
#11982=VECTOR('',#11983,1.);
#11983=DIRECTION('',(0.,0.,1.));
#11984=CARTESIAN_POINT('',(3.,-0.920354056994857,-0.800000000000001));
#11985=CARTESIAN_POINT('',(3.,-0.920354056994857,-0.4));
#11986=VECTOR('',#11987,1.);
#11987=DIRECTION('',(0.,-2.77555756156289E-16,-1.));
#11988=CARTESIAN_POINT('',(3.,-0.8,-0.800000000000001));
#11989=VECTOR('',#11990,1.);
#11990=DIRECTION('',(0.,-1.,0.));
#11991=CARTESIAN_POINT('',(0.500000000000001,-4.62035405699486,-0.799999999999999));
#11992=CARTESIAN_POINT('',(0.500000000000001,-3.22035405699486,-0.8));
#11993=AXIS2_PLACEMENT_3D('',#11994,#11995,#11996);
#11994=CARTESIAN_POINT('',(0.500000000000001,-3.92035405699486,-0.8));
#11995=DIRECTION('',(-1.72254642419883E-16,-1.60812264967664E-16,-1.));
#11996=DIRECTION('',(-3.1720657846433E-16,1.,-1.60812264967664E-16));
#11997=CARTESIAN_POINT('',(0.500000000000001,-4.62035405699486,-0.399999999999999));
#11998=VECTOR('',#11999,1.);
#11999=DIRECTION('',(-5.55111512312578E-16,0.,-1.));
#12000=CARTESIAN_POINT('',(0.500000000000001,-3.22035405699486,-0.4));
#12001=VECTOR('',#12002,1.);
#12002=DIRECTION('',(-5.55111512312578E-16,0.,-1.));
#12003=CARTESIAN_POINT('',(-0.499999999999999,-3.22035405699486,-0.799999999999999));
#12004=CARTESIAN_POINT('',(-0.499999999999999,-3.22035405699486,-0.799999999999999));
#12005=VECTOR('',#12006,1.);
#12006=DIRECTION('',(1.,0.,-1.11022302462516E-16));
#12007=CARTESIAN_POINT('',(-0.499999999999999,-3.22035405699486,-0.399999999999999));
#12008=VECTOR('',#12009,1.);
#12009=DIRECTION('',(0.,0.,-1.));
#12010=CARTESIAN_POINT('',(-0.499999999999999,-4.62035405699486,-0.799999999999999));
#12011=AXIS2_PLACEMENT_3D('',#12012,#12013,#12014);
#12012=CARTESIAN_POINT('',(-0.499999999999999,-3.92035405699486,-0.799999999999999));
#12013=DIRECTION('',(-1.72254642419883E-16,-1.60812264967664E-16,-1.));
#12014=DIRECTION('',(6.34413156928661E-16,-1.,1.60812264967664E-16));
#12015=CARTESIAN_POINT('',(-0.499999999999999,-4.62035405699486,-0.399999999999999));
#12016=VECTOR('',#12017,1.);
#12017=DIRECTION('',(-1.38777878078145E-16,0.,-1.));
#12018=CARTESIAN_POINT('',(0.500000000000001,-4.62035405699486,-0.799999999999999));
#12019=VECTOR('',#12020,1.);
#12020=DIRECTION('',(-1.,0.,1.11022302462516E-16));
#12021=CARTESIAN_POINT('',(4.,-0.920354056994857,-0.800000000000001));
#12022=CARTESIAN_POINT('',(4.,-0.920354056994857,-0.400000000000001));
#12023=VECTOR('',#12024,1.);
#12024=DIRECTION('',(0.,-2.77555756156289E-16,-1.));
#12025=CARTESIAN_POINT('',(3.,-0.920354056994857,-0.800000000000001));
#12026=VECTOR('',#12027,1.);
#12027=DIRECTION('',(1.,2.22044604925031E-16,-2.22044604925031E-16));
#12028=CARTESIAN_POINT('',(4.,-6.32035405699486,-0.8));
#12029=CARTESIAN_POINT('',(4.,-6.32035405699486,-0.4));
#12030=VECTOR('',#12031,1.);
#12031=DIRECTION('',(0.,0.,-1.));
#12032=CARTESIAN_POINT('',(4.,-0.920354056994857,-0.800000000000001));
#12033=VECTOR('',#12034,1.);
#12034=DIRECTION('',(3.28954970259306E-16,-1.,1.64477485129653E-16));
#12035=CARTESIAN_POINT('',(-4.,-6.32035405699486,-0.799999999999998));
#12036=CARTESIAN_POINT('',(-4.,-6.32035405699486,-0.399999999999998));
#12037=VECTOR('',#12038,1.);
#12038=DIRECTION('',(0.,0.,-1.));
#12039=CARTESIAN_POINT('',(4.,-6.32035405699486,-0.8));
#12040=VECTOR('',#12041,1.);
#12041=DIRECTION('',(-1.,-2.22044604925031E-16,1.66533453693773E-16));
#12042=CARTESIAN_POINT('',(-4.,-0.920354056994859,-0.799999999999999));
#12043=CARTESIAN_POINT('',(-4.,-0.920354056994858,-0.399999999999999));
#12044=VECTOR('',#12045,1.);
#12045=DIRECTION('',(0.,-2.77555756156289E-16,-1.));
#12046=CARTESIAN_POINT('',(-4.,-6.32035405699486,-0.799999999999998));
#12047=VECTOR('',#12048,1.);
#12048=DIRECTION('',(-2.46716227694479E-16,1.,-1.64477485129653E-16));
#12049=CARTESIAN_POINT('',(-4.,-0.920354056994859,-0.799999999999999));
#12050=VECTOR('',#12051,1.);
#12051=DIRECTION('',(1.,3.33066907387547E-16,-1.11022302462516E-16));
#12052=CARTESIAN_POINT('',(-4.,1.70327442431537,14.5));
#12053=VECTOR('',#12054,1.);
#12054=DIRECTION('',(1.,0.,0.));
#12055=CARTESIAN_POINT('',(-4.,2.20327442431537,14.));
#12056=CARTESIAN_POINT('',(-4.,2.20327442431537,14.));
#12057=VECTOR('',#12058,1.);
#12058=DIRECTION('',(0.,1.,0.));
#12059=AXIS2_PLACEMENT_3D('',#12060,#12061,#12062);
#12060=CARTESIAN_POINT('',(-4.,1.70327442431537,14.));
#12061=DIRECTION('',(-1.,0.,0.));
#12062=DIRECTION('',(0.,-7.105427357601E-15,1.));
#12063=CARTESIAN_POINT('',(4.,2.20327442431537,14.));
#12064=AXIS2_PLACEMENT_3D('',#12065,#12066,#12067);
#12065=CARTESIAN_POINT('',(4.,1.70327442431537,14.));
#12066=DIRECTION('',(1.,0.,0.));
#12067=DIRECTION('',(0.,1.,0.));
#12068=CARTESIAN_POINT('',(4.,2.20327442431537,14.));
#12069=VECTOR('',#12070,1.);
#12070=DIRECTION('',(0.,1.,0.));
#12071=CARTESIAN_POINT('',(2.,2.60327442431537,2.55672557568463));
#12072=CARTESIAN_POINT('',(4.,2.60327442431537,4.55672557568463));
#12073=AXIS2_PLACEMENT_3D('',#12074,#12075,#12076);
#12074=CARTESIAN_POINT('',(2.,2.60327442431537,4.55672557568463));
#12075=DIRECTION('',(0.,1.,0.));
#12076=DIRECTION('',(1.,0.,0.));
#12077=CARTESIAN_POINT('',(-2.,2.60327442431537,2.55672557568463));
#12078=CARTESIAN_POINT('',(-2.,2.60327442431537,2.55672557568463));
#12079=VECTOR('',#12080,1.);
#12080=DIRECTION('',(1.,0.,0.));
#12081=CARTESIAN_POINT('',(-4.,2.60327442431537,4.55672557568462));
#12082=AXIS2_PLACEMENT_3D('',#12083,#12084,#12085);
#12083=CARTESIAN_POINT('',(-2.,2.60327442431537,4.55672557568462));
#12084=DIRECTION('',(0.,1.,0.));
#12085=DIRECTION('',(-2.22044604925032E-16,0.,-1.));
#12086=CARTESIAN_POINT('',(-4.,2.60327442431537,14.));
#12087=VECTOR('',#12088,1.);
#12088=DIRECTION('',(-4.70270363748598E-17,0.,-1.));
#12089=CARTESIAN_POINT('',(4.,2.60327442431537,4.55672557568463));
#12090=VECTOR('',#12091,1.);
#12091=DIRECTION('',(0.,0.,1.));
#12092=CARTESIAN_POINT('',(3.42890285822722,2.60327442431537,10.));
#12093=AXIS2_PLACEMENT_3D('',#12094,#12095,#12096);
#12094=CARTESIAN_POINT('',(3.63954851659161E-16,2.60327442431537,10.));
#12095=DIRECTION('',(0.,-1.,0.));
#12096=DIRECTION('',(1.,0.,0.));
#12097=CARTESIAN_POINT('',(-4.,2.20327442431537,14.));
#12098=VECTOR('',#12099,1.);
#12099=DIRECTION('',(1.,0.,0.));
#12100=CARTESIAN_POINT('',(-4.,2.20327442431537,4.55672557568462));
#12101=CARTESIAN_POINT('',(-4.,2.60327442431537,4.55672557568462));
#12102=VECTOR('',#12103,1.);
#12103=DIRECTION('',(0.,-1.,0.));
#12104=CARTESIAN_POINT('',(-4.,2.20327442431537,14.));
#12105=VECTOR('',#12106,1.);
#12106=DIRECTION('',(-4.70270363748598E-17,0.,-1.));
#12107=CARTESIAN_POINT('',(4.,2.20327442431537,4.55672557568463));
#12108=CARTESIAN_POINT('',(4.,2.60327442431537,4.55672557568463));
#12109=VECTOR('',#12110,1.);
#12110=DIRECTION('',(0.,-1.,0.));
#12111=CARTESIAN_POINT('',(4.,2.20327442431537,4.55672557568463));
#12112=VECTOR('',#12113,1.);
#12113=DIRECTION('',(0.,0.,1.));
#12114=CARTESIAN_POINT('',(2.,2.20327442431537,2.55672557568463));
#12115=CARTESIAN_POINT('',(2.,2.60327442431537,2.55672557568463));
#12116=VECTOR('',#12117,1.);
#12117=DIRECTION('',(0.,-1.,0.));
#12118=CARTESIAN_POINT('',(-2.,2.20327442431537,2.55672557568463));
#12119=CARTESIAN_POINT('',(-2.,2.20327442431537,2.55672557568463));
#12120=VECTOR('',#12121,1.);
#12121=DIRECTION('',(1.,0.,0.));
#12122=CARTESIAN_POINT('',(-2.,2.60327442431537,2.55672557568463));
#12123=VECTOR('',#12124,1.);
#12124=DIRECTION('',(0.,-1.,0.));
#12125=AXIS2_PLACEMENT_3D('',#12126,#12127,#12128);
#12126=CARTESIAN_POINT('',(2.,2.20327442431537,4.55672557568463));
#12127=DIRECTION('',(0.,-1.,0.));
#12128=DIRECTION('',(-2.22044604925031E-16,0.,-1.));
#12129=AXIS2_PLACEMENT_3D('',#12130,#12131,#12132);
#12130=CARTESIAN_POINT('',(-2.,2.20327442431537,4.55672557568462));
#12131=DIRECTION('',(0.,-1.,0.));
#12132=DIRECTION('',(-1.,0.,-3.5527136788005E-15));
#12133=CARTESIAN_POINT('',(3.42890285822722,2.20327442431537,10.));
#12134=AXIS2_PLACEMENT_3D('',#12135,#12136,#12137);
#12135=CARTESIAN_POINT('',(3.63954851659161E-16,2.20327442431537,10.));
#12136=DIRECTION('',(0.,-1.,0.));
#12137=DIRECTION('',(1.,0.,0.));
#12138=CARTESIAN_POINT('',(2.27999032891962,3.20327442431537,10.));
#12139=AXIS2_PLACEMENT_3D('',#12140,#12141,#12142);
#12140=CARTESIAN_POINT('',(3.63954851659161E-16,3.20327442431537,10.));
#12141=DIRECTION('',(0.,-1.,0.));
#12142=DIRECTION('',(1.,0.,0.));
#12143=CARTESIAN_POINT('',(-2.09641016151378,3.20327442431537,10.));
#12144=AXIS2_PLACEMENT_3D('',#12145,#12146,#12147);
#12145=CARTESIAN_POINT('',(-1.43981379871659E-15,3.20327442431537,10.));
#12146=DIRECTION('',(0.,1.,0.));
#12147=DIRECTION('',(-1.,0.,1.22464679914735E-16));
#12148=CARTESIAN_POINT('',(3.01857695490308,2.81756013860108,10.));
#12149=AXIS2_PLACEMENT_3D('',#12150,#12151,#12152);
#12150=CARTESIAN_POINT('',(3.63954851659161E-16,2.81756013860108,10.));
#12151=DIRECTION('',(0.,-1.,0.));
#12152=DIRECTION('',(1.,0.,5.88474922434862E-16));
#12153=CARTESIAN_POINT('',(2.27999032891962,2.80327442431537,10.));
#12154=AXIS2_PLACEMENT_3D('',#12155,#12156,#12157);
#12155=CARTESIAN_POINT('',(3.63954851659161E-16,2.80327442431537,10.));
#12156=DIRECTION('',(0.,-1.,0.));
#12157=DIRECTION('',(1.,0.,0.));
#12158=CARTESIAN_POINT('',(-2.09641016151378,2.80327442431537,10.));
#12159=AXIS2_PLACEMENT_3D('',#12160,#12161,#12162);
#12160=CARTESIAN_POINT('',(-1.43981379871659E-15,2.80327442431537,10.));
#12161=DIRECTION('',(0.,1.,0.));
#12162=DIRECTION('',(-1.,0.,1.22464679914735E-16));
#12163=CARTESIAN_POINT('',(2.69031623224376,2.58898871002965,10.));
#12164=AXIS2_PLACEMENT_3D('',#12165,#12166,#12167);
#12165=CARTESIAN_POINT('',(3.63954851659161E-16,2.58898871002965,10.));
#12166=DIRECTION('',(0.,-1.,0.));
#12167=DIRECTION('',(1.,0.,6.60278081108236E-16));
#12168=CARTESIAN_POINT('',(-1.57679491924311,2.70327442431537,10.));
#12169=AXIS2_PLACEMENT_3D('',#12170,#12171,#12172);
#12170=CARTESIAN_POINT('',(-1.43981379871659E-15,2.70327442431537,10.));
#12171=DIRECTION('',(0.,1.,0.));
#12172=DIRECTION('',(-1.,0.,-1.22464679914735E-16));
#12173=CARTESIAN_POINT('',(-1.91083328927426,2.76756013860108,10.));
#12174=AXIS2_PLACEMENT_3D('',#12175,#12176,#12177);
#12175=CARTESIAN_POINT('',(-1.43981379871659E-15,2.76756013860108,10.));
#12176=DIRECTION('',(0.,1.,0.));
#12177=DIRECTION('',(-1.,0.,0.));
#12178=CARTESIAN_POINT('',(-1.57679491924311,3.10327442431537,10.));
#12179=AXIS2_PLACEMENT_3D('',#12180,#12181,#12182);
#12180=CARTESIAN_POINT('',(-1.43981379871659E-15,3.10327442431537,10.));
#12181=DIRECTION('',(0.,1.,0.));
#12182=DIRECTION('',(-1.,0.,-1.22464679914735E-16));
#12183=CARTESIAN_POINT('',(-1.76237179148264,3.13898871002965,10.));
#12184=AXIS2_PLACEMENT_3D('',#12185,#12186,#12187);
#12185=CARTESIAN_POINT('',(-1.43981379871659E-15,3.13898871002965,10.));
#12186=DIRECTION('',(0.,1.,0.));
#12187=DIRECTION('',(-1.,0.,0.));
#12188=CARTESIAN_POINT('',(4.0999998911773,-37.4,3.99082330441894E-16));
#12189=CARTESIAN_POINT('',(4.0999998911773,38.,5.47112067058583E-16));
#12190=CARTESIAN_POINT('',(4.09999983676595,38.,6.9514180367527E-16));
#12191=VECTOR('',#12192,1.);
#12192=DIRECTION('',(1.17795546379327E-17,-1.,-7.84675966731776E-33));
#12193=CARTESIAN_POINT('',(4.0999998911773,-37.4,1.29264970719629));
#12194=CARTESIAN_POINT('',(4.09999983676595,-37.4,0.));
#12195=VECTOR('',#12196,1.);
#12196=DIRECTION('',(0.,0.,1.));
#12197=CARTESIAN_POINT('',(4.0999998911773,37.4,1.29264970719629));
#12198=CARTESIAN_POINT('',(4.09999983676595,37.4,1.29264970719629));
#12199=VECTOR('',#12200,1.);
#12200=DIRECTION('',(7.12442582647159E-17,-1.,0.));
#12201=CARTESIAN_POINT('',(4.0999998911773,37.4,16.));
#12202=CARTESIAN_POINT('',(4.09999983676595,37.4,1.29264970719629));
#12203=VECTOR('',#12204,1.);
#12204=DIRECTION('',(-6.03901044047825E-17,0.,1.));
#12205=CARTESIAN_POINT('',(4.0999998911773,41.25,16.));
#12206=CARTESIAN_POINT('',(4.09999983676595,37.4,16.));
#12207=VECTOR('',#12208,1.);
#12208=DIRECTION('',(-4.61391386857209E-16,1.,0.));
#12209=CARTESIAN_POINT('',(4.0999998911773,41.25,2.));
#12210=CARTESIAN_POINT('',(4.09999983676595,41.25,2.));
#12211=VECTOR('',#12212,1.);
#12212=DIRECTION('',(0.,0.,1.));
#12213=CARTESIAN_POINT('',(4.0999998911773,40.5,2.));
#12214=CARTESIAN_POINT('',(4.09999983676595,41.25,2.));
#12215=VECTOR('',#12216,1.);
#12216=DIRECTION('',(0.,-1.,0.));
#12217=CARTESIAN_POINT('',(4.09999989117731,40.5,3.99082330441896E-16));
#12218=CARTESIAN_POINT('',(4.09999983676596,40.5,0.));
#12219=VECTOR('',#12220,1.);
#12220=DIRECTION('',(0.,0.,1.));
#12221=CARTESIAN_POINT('',(4.09999989117731,40.,3.99082330441896E-16));
#12222=CARTESIAN_POINT('',(4.09999983676596,40.5,6.95141803675271E-16));
#12223=VECTOR('',#12224,1.);
#12224=DIRECTION('',(0.,-1.,0.));
#12225=CARTESIAN_POINT('',(4.0999998911773,40.,15.));
#12226=CARTESIAN_POINT('',(4.09999983676596,40.,0.));
#12227=VECTOR('',#12228,1.);
#12228=DIRECTION('',(0.,0.,1.));
#12229=CARTESIAN_POINT('',(4.0999998911773,38.,15.));
#12230=CARTESIAN_POINT('',(4.09999983676595,38.,15.));
#12231=VECTOR('',#12232,1.);
#12232=DIRECTION('',(0.,1.,0.));
#12233=CARTESIAN_POINT('',(4.09999983676595,38.,15.));
#12234=VECTOR('',#12235,1.);
#12235=DIRECTION('',(1.1842378929335E-16,0.,-1.));
#12236=CARTESIAN_POINT('',(-4.1,38.,0.));
#12237=CARTESIAN_POINT('',(-4.1,38.,15.));
#12238=CARTESIAN_POINT('',(-4.1,38.,0.));
#12239=VECTOR('',#12240,1.);
#12240=DIRECTION('',(-1.1842378929335E-16,0.,1.));
#12241=CARTESIAN_POINT('',(-4.1,40.,15.));
#12242=CARTESIAN_POINT('',(-4.1,38.,15.));
#12243=VECTOR('',#12244,1.);
#12244=DIRECTION('',(0.,1.,0.));
#12245=CARTESIAN_POINT('',(-4.1,40.,0.));
#12246=CARTESIAN_POINT('',(-4.1,40.,0.));
#12247=VECTOR('',#12248,1.);
#12248=DIRECTION('',(0.,0.,1.));
#12249=CARTESIAN_POINT('',(-4.1,40.5,0.));
#12250=CARTESIAN_POINT('',(-4.1,40.,-2.51052593825207E-16));
#12251=VECTOR('',#12252,1.);
#12252=DIRECTION('',(0.,1.,0.));
#12253=CARTESIAN_POINT('',(-4.1,40.5,2.));
#12254=CARTESIAN_POINT('',(-4.1,40.5,0.));
#12255=VECTOR('',#12256,1.);
#12256=DIRECTION('',(0.,0.,1.));
#12257=CARTESIAN_POINT('',(-4.1,41.25,2.));
#12258=CARTESIAN_POINT('',(-4.1,41.25,2.));
#12259=VECTOR('',#12260,1.);
#12260=DIRECTION('',(0.,-1.,0.));
#12261=CARTESIAN_POINT('',(-4.1,41.25,16.));
#12262=CARTESIAN_POINT('',(-4.1,41.25,16.));
#12263=VECTOR('',#12264,1.);
#12264=DIRECTION('',(0.,0.,-1.));
#12265=CARTESIAN_POINT('',(-4.1,37.4,16.));
#12266=CARTESIAN_POINT('',(-4.1,41.25,16.));
#12267=VECTOR('',#12268,1.);
#12268=DIRECTION('',(0.,-1.,0.));
#12269=CARTESIAN_POINT('',(-4.1,37.4,1.29264970719629));
#12270=CARTESIAN_POINT('',(-4.1,37.4,16.));
#12271=VECTOR('',#12272,1.);
#12272=DIRECTION('',(1.20780208809565E-16,0.,-1.));
#12273=CARTESIAN_POINT('',(-4.09999999999999,-37.4,1.29264970719629));
#12274=CARTESIAN_POINT('',(-4.1,37.4,1.29264970719629));
#12275=VECTOR('',#12276,1.);
#12276=DIRECTION('',(8.31183013088353E-17,-1.,0.));
#12277=CARTESIAN_POINT('',(-4.1,-37.4,0.));
#12278=CARTESIAN_POINT('',(-4.1,-37.4,0.));
#12279=VECTOR('',#12280,1.);
#12280=DIRECTION('',(0.,0.,1.));
#12281=CARTESIAN_POINT('',(-4.1,-37.4,-2.51052593825208E-16));
#12282=VECTOR('',#12283,1.);
#12283=DIRECTION('',(-1.17795546379327E-17,1.,1.37318294178061E-32));
#12284=CARTESIAN_POINT('',(-18.9,-38.,-4.77612251667468E-16));
#12285=CARTESIAN_POINT('',(-18.9,-38.,15.));
#12286=CARTESIAN_POINT('',(-18.9,-38.,-4.77612251667468E-16));
#12287=VECTOR('',#12288,1.);
#12288=DIRECTION('',(0.,0.,1.));
#12289=CARTESIAN_POINT('',(-18.9,-40.,15.));
#12290=CARTESIAN_POINT('',(-18.9,-40.,15.));
#12291=VECTOR('',#12292,1.);
#12292=DIRECTION('',(0.,1.,0.));
#12293=CARTESIAN_POINT('',(-18.9,-40.,0.));
#12294=CARTESIAN_POINT('',(-18.9,-40.,0.));
#12295=VECTOR('',#12296,1.);
#12296=DIRECTION('',(0.,0.,1.));
#12297=CARTESIAN_POINT('',(-18.9,-40.5,0.));
#12298=CARTESIAN_POINT('',(-18.9,-40.,-2.3145824503885E-15));
#12299=VECTOR('',#12300,1.);
#12300=DIRECTION('',(0.,-1.,0.));
#12301=CARTESIAN_POINT('',(-18.9,-40.5,2.));
#12302=CARTESIAN_POINT('',(-18.9,-40.5,0.));
#12303=VECTOR('',#12304,1.);
#12304=DIRECTION('',(0.,0.,1.));
#12305=CARTESIAN_POINT('',(-18.9,-41.25,2.));
#12306=CARTESIAN_POINT('',(-18.9,-40.5,2.));
#12307=VECTOR('',#12308,1.);
#12308=DIRECTION('',(0.,-1.,0.));
#12309=CARTESIAN_POINT('',(-18.9,-41.25,16.));
#12310=CARTESIAN_POINT('',(-18.9,-41.25,2.));
#12311=VECTOR('',#12312,1.);
#12312=DIRECTION('',(-5.07530525542929E-16,0.,1.));
#12313=CARTESIAN_POINT('',(-18.9,-37.4,16.));
#12314=CARTESIAN_POINT('',(-18.9,-41.25,16.));
#12315=VECTOR('',#12316,1.);
#12316=DIRECTION('',(0.,1.,0.));
#12317=CARTESIAN_POINT('',(-18.9,-37.4,1.29264970719629));
#12318=CARTESIAN_POINT('',(-18.9,-37.4,1.29264970719629));
#12319=VECTOR('',#12320,1.);
#12320=DIRECTION('',(0.,0.,1.));
#12321=CARTESIAN_POINT('',(-18.9,37.4,1.29264970719629));
#12322=CARTESIAN_POINT('',(-18.9,37.4,1.29264970719629));
#12323=VECTOR('',#12324,1.);
#12324=DIRECTION('',(1.89984688705909E-16,-1.,4.74961721764773E-17));
#12325=CARTESIAN_POINT('',(-18.9,37.4,0.));
#12326=CARTESIAN_POINT('',(-18.9,37.4,0.));
#12327=VECTOR('',#12328,1.);
#12328=DIRECTION('',(0.,0.,1.));
#12329=CARTESIAN_POINT('',(-18.9,37.4,-2.3145824503885E-15));
#12330=VECTOR('',#12331,1.);
#12331=DIRECTION('',(0.,-1.,-1.56935193346355E-32));
#12332=CARTESIAN_POINT('',(-27.1,37.4,0.));
#12333=CARTESIAN_POINT('',(-27.1,-38.,-9.30731567351989E-16));
#12334=CARTESIAN_POINT('',(-27.1,-38.,-3.43575325224491E-15));
#12335=VECTOR('',#12336,1.);
#12336=DIRECTION('',(0.,1.,1.04623462230903E-32));
#12337=CARTESIAN_POINT('',(-27.1,37.4,1.29264970719629));
#12338=CARTESIAN_POINT('',(-27.1,37.4,0.));
#12339=VECTOR('',#12340,1.);
#12340=DIRECTION('',(0.,0.,1.));
#12341=CARTESIAN_POINT('',(-27.1,8.,1.29264970719629));
#12342=CARTESIAN_POINT('',(-27.1,37.4,1.29264970719629));
#12343=VECTOR('',#12344,1.);
#12344=DIRECTION('',(1.20840601319745E-16,-1.,0.));
#12345=CARTESIAN_POINT('',(-27.1,8.,1.22214559413006));
#12346=CARTESIAN_POINT('',(-27.1,8.00000000000001,1.29264970719629));
#12347=VECTOR('',#12348,1.);
#12348=DIRECTION('',(0.,0.,-1.));
#12349=CARTESIAN_POINT('',(-27.1,-8.,1.22214559413006));
#12350=CARTESIAN_POINT('',(-27.1,8.00000000000001,1.22214559413006));
#12351=VECTOR('',#12352,1.);
#12352=DIRECTION('',(2.22044604925031E-16,-1.,0.));
#12353=CARTESIAN_POINT('',(-27.1,-7.99999999999999,1.29264970719629));
#12354=CARTESIAN_POINT('',(-27.1,-7.99999999999999,1.29264970719629));
#12355=VECTOR('',#12356,1.);
#12356=DIRECTION('',(0.,0.,-1.));
#12357=CARTESIAN_POINT('',(-27.1,-37.4,1.29264970719629));
#12358=CARTESIAN_POINT('',(-27.1,-7.99999999999997,1.29264970719629));
#12359=VECTOR('',#12360,1.);
#12360=DIRECTION('',(-2.4168120263949E-16,-1.,1.81260901979617E-16));
#12361=CARTESIAN_POINT('',(-27.1,-37.4,16.));
#12362=CARTESIAN_POINT('',(-27.1,-37.4,16.));
#12363=VECTOR('',#12364,1.);
#12364=DIRECTION('',(2.4156041761913E-16,0.,-1.));
#12365=CARTESIAN_POINT('',(-27.1,-41.25,16.));
#12366=CARTESIAN_POINT('',(-27.1,-37.4,16.));
#12367=VECTOR('',#12368,1.);
#12368=DIRECTION('',(0.,-1.,0.));
#12369=CARTESIAN_POINT('',(-27.1,-41.25,2.));
#12370=CARTESIAN_POINT('',(-27.1,-41.25,16.));
#12371=VECTOR('',#12372,1.);
#12372=DIRECTION('',(5.07530525542929E-16,0.,-1.));
#12373=CARTESIAN_POINT('',(-27.1,-40.5,2.));
#12374=CARTESIAN_POINT('',(-27.1,-40.5,2.));
#12375=VECTOR('',#12376,1.);
#12376=DIRECTION('',(0.,-1.,0.));
#12377=CARTESIAN_POINT('',(-27.1,-40.5,0.));
#12378=CARTESIAN_POINT('',(-27.1,-40.5,0.));
#12379=VECTOR('',#12380,1.);
#12380=DIRECTION('',(0.,0.,1.));
#12381=CARTESIAN_POINT('',(-27.1,-40.,0.));
#12382=CARTESIAN_POINT('',(-27.1,-40.5,-3.43575325224491E-15));
#12383=VECTOR('',#12384,1.);
#12384=DIRECTION('',(0.,1.,0.));
#12385=CARTESIAN_POINT('',(-27.1,-40.,15.));
#12386=CARTESIAN_POINT('',(-27.1,-40.,0.));
#12387=VECTOR('',#12388,1.);
#12388=DIRECTION('',(0.,0.,1.));
#12389=CARTESIAN_POINT('',(-27.1,-38.,15.));
#12390=CARTESIAN_POINT('',(-27.1,-40.,15.));
#12391=VECTOR('',#12392,1.);
#12392=DIRECTION('',(0.,1.,0.));
#12393=CARTESIAN_POINT('',(-27.1,-38.,15.));
#12394=VECTOR('',#12395,1.);
#12395=DIRECTION('',(0.,0.,-1.));
#12396=CARTESIAN_POINT('',(18.9,37.4,0.));
#12397=CARTESIAN_POINT('',(18.9,-38.,3.01875435989822E-15));
#12398=CARTESIAN_POINT('',(18.9,-38.,2.9336480645945E-15));
#12399=VECTOR('',#12400,1.);
#12400=DIRECTION('',(0.,1.,1.04623462230903E-32));
#12401=CARTESIAN_POINT('',(18.9,37.4,1.29264970719629));
#12402=CARTESIAN_POINT('',(18.9,37.4,0.));
#12403=VECTOR('',#12404,1.);
#12404=DIRECTION('',(0.,0.,1.));
#12405=CARTESIAN_POINT('',(18.9,-37.4,1.29264970719629));
#12406=CARTESIAN_POINT('',(18.9,37.4,1.29264970719629));
#12407=VECTOR('',#12408,1.);
#12408=DIRECTION('',(-4.74961721764773E-17,-1.,9.49923443529545E-17));
#12409=CARTESIAN_POINT('',(18.9,-37.4,16.));
#12410=CARTESIAN_POINT('',(18.9,-37.4,16.));
#12411=VECTOR('',#12412,1.);
#12412=DIRECTION('',(2.4156041761913E-16,0.,-1.));
#12413=CARTESIAN_POINT('',(18.9,-41.25,16.));
#12414=CARTESIAN_POINT('',(18.9,-37.4,16.));
#12415=VECTOR('',#12416,1.);
#12416=DIRECTION('',(-9.22782773714417E-16,-1.,0.));
#12417=CARTESIAN_POINT('',(18.9,-41.25,2.));
#12418=CARTESIAN_POINT('',(18.9,-41.25,16.));
#12419=VECTOR('',#12420,1.);
#12420=DIRECTION('',(5.07530525542929E-16,0.,-1.));
#12421=CARTESIAN_POINT('',(18.9,-40.5,2.));
#12422=CARTESIAN_POINT('',(18.9,-40.5,2.));
#12423=VECTOR('',#12424,1.);
#12424=DIRECTION('',(0.,-1.,0.));
#12425=CARTESIAN_POINT('',(18.9,-40.5,0.));
#12426=CARTESIAN_POINT('',(18.9,-40.5,0.));
#12427=VECTOR('',#12428,1.);
#12428=DIRECTION('',(0.,0.,1.));
#12429=CARTESIAN_POINT('',(18.9,-40.,0.));
#12430=CARTESIAN_POINT('',(18.9,-40.5,2.9336480645945E-15));
#12431=VECTOR('',#12432,1.);
#12432=DIRECTION('',(0.,1.,0.));
#12433=CARTESIAN_POINT('',(18.9,-40.,15.));
#12434=CARTESIAN_POINT('',(18.9,-40.,0.));
#12435=VECTOR('',#12436,1.);
#12436=DIRECTION('',(0.,0.,1.));
#12437=CARTESIAN_POINT('',(18.9,-38.,15.));
#12438=CARTESIAN_POINT('',(18.9,-40.,15.));
#12439=VECTOR('',#12440,1.);
#12440=DIRECTION('',(0.,1.,0.));
#12441=CARTESIAN_POINT('',(18.9,-38.,15.));
#12442=VECTOR('',#12443,1.);
#12443=DIRECTION('',(0.,0.,-1.));
#12444=CARTESIAN_POINT('',(27.1,-38.,4.02296473519905E-15));
#12445=CARTESIAN_POINT('',(27.1,-38.,15.));
#12446=CARTESIAN_POINT('',(27.1,-38.,4.02296473519905E-15));
#12447=VECTOR('',#12448,1.);
#12448=DIRECTION('',(0.,0.,1.));
#12449=CARTESIAN_POINT('',(27.1,-40.,15.));
#12450=CARTESIAN_POINT('',(27.1,-40.,15.));
#12451=VECTOR('',#12452,1.);
#12452=DIRECTION('',(0.,1.,8.88178419700125E-16));
#12453=CARTESIAN_POINT('',(27.1,-40.,0.));
#12454=CARTESIAN_POINT('',(27.1,-40.,0.));
#12455=VECTOR('',#12456,1.);
#12456=DIRECTION('',(0.,0.,1.));
#12457=CARTESIAN_POINT('',(27.1,-40.5,0.));
#12458=CARTESIAN_POINT('',(27.1,-40.,3.31879282568933E-15));
#12459=VECTOR('',#12460,1.);
#12460=DIRECTION('',(0.,-1.,0.));
#12461=CARTESIAN_POINT('',(27.1,-40.5,2.));
#12462=CARTESIAN_POINT('',(27.1,-40.5,0.));
#12463=VECTOR('',#12464,1.);
#12464=DIRECTION('',(0.,0.,1.));
#12465=CARTESIAN_POINT('',(27.1,-41.25,2.));
#12466=CARTESIAN_POINT('',(27.1,-40.5,2.));
#12467=VECTOR('',#12468,1.);
#12468=DIRECTION('',(0.,-1.,0.));
#12469=CARTESIAN_POINT('',(27.1,-41.25,16.));
#12470=CARTESIAN_POINT('',(27.1,-41.25,2.));
#12471=VECTOR('',#12472,1.);
#12472=DIRECTION('',(-5.07530525542929E-16,0.,1.));
#12473=CARTESIAN_POINT('',(27.1,-37.4,16.));
#12474=CARTESIAN_POINT('',(27.1,-41.25,16.));
#12475=VECTOR('',#12476,1.);
#12476=DIRECTION('',(9.22782773714417E-16,1.,0.));
#12477=CARTESIAN_POINT('',(27.1,-37.4,1.29264970719629));
#12478=CARTESIAN_POINT('',(27.1,-37.4,1.29264970719629));
#12479=VECTOR('',#12480,1.);
#12480=DIRECTION('',(0.,0.,1.));
#12481=CARTESIAN_POINT('',(27.1,-7.99999999999999,1.29264970719629));
#12482=CARTESIAN_POINT('',(27.1,-7.99999999999999,1.29264970719629));
#12483=VECTOR('',#12484,1.);
#12484=DIRECTION('',(2.4168120263949E-16,-1.,1.20840601319745E-16));
#12485=CARTESIAN_POINT('',(27.1,-8.,1.07561197260482));
#12486=CARTESIAN_POINT('',(27.1,-8.,1.07561197260482));
#12487=VECTOR('',#12488,1.);
#12488=DIRECTION('',(0.,0.,1.));
#12489=CARTESIAN_POINT('',(27.1,8.,1.07561197260482));
#12490=CARTESIAN_POINT('',(27.1,8.,1.07561197260481));
#12491=VECTOR('',#12492,1.);
#12492=DIRECTION('',(2.22044604925031E-16,-1.,0.));
#12493=CARTESIAN_POINT('',(27.1,8.00000000000001,1.29264970719629));
#12494=CARTESIAN_POINT('',(27.1,8.,1.07561197260482));
#12495=VECTOR('',#12496,1.);
#12496=DIRECTION('',(0.,0.,1.));
#12497=CARTESIAN_POINT('',(27.1,37.4,1.29264970719629));
#12498=CARTESIAN_POINT('',(27.1,37.4,1.29264970719629));
#12499=VECTOR('',#12500,1.);
#12500=DIRECTION('',(2.4168120263949E-16,-1.,0.));
#12501=CARTESIAN_POINT('',(27.1,37.4,0.));
#12502=CARTESIAN_POINT('',(27.1,37.4,0.));
#12503=VECTOR('',#12504,1.);
#12504=DIRECTION('',(0.,0.,1.));
#12505=CARTESIAN_POINT('',(27.1,37.4,3.31879282568933E-15));
#12506=VECTOR('',#12507,1.);
#12507=DIRECTION('',(0.,-1.,-1.56935193346355E-32));
#12508=CARTESIAN_POINT('',(18.9,37.4,4.6));
#12509=CARTESIAN_POINT('',(18.9,37.4,16.));
#12510=CARTESIAN_POINT('',(18.9,37.4,16.));
#12511=VECTOR('',#12512,1.);
#12512=DIRECTION('',(0.,0.,-1.));
#12513=CARTESIAN_POINT('',(18.9,38.,4.6));
#12514=CARTESIAN_POINT('',(18.9,37.4,4.6));
#12515=VECTOR('',#12516,1.);
#12516=DIRECTION('',(0.,1.,0.));
#12517=CARTESIAN_POINT('',(18.9,38.,15.));
#12518=CARTESIAN_POINT('',(18.9,38.,4.6));
#12519=VECTOR('',#12520,1.);
#12520=DIRECTION('',(0.,0.,1.));
#12521=CARTESIAN_POINT('',(18.9,40.,15.));
#12522=CARTESIAN_POINT('',(18.9,38.,15.));
#12523=VECTOR('',#12524,1.);
#12524=DIRECTION('',(0.,1.,0.));
#12525=CARTESIAN_POINT('',(18.9,40.,0.));
#12526=CARTESIAN_POINT('',(18.9,40.,0.));
#12527=VECTOR('',#12528,1.);
#12528=DIRECTION('',(0.,0.,1.));
#12529=CARTESIAN_POINT('',(18.9,40.5,0.));
#12530=CARTESIAN_POINT('',(18.9,40.,2.9336480645945E-15));
#12531=VECTOR('',#12532,1.);
#12532=DIRECTION('',(0.,1.,0.));
#12533=CARTESIAN_POINT('',(18.9,40.5,2.));
#12534=CARTESIAN_POINT('',(18.9,40.5,0.));
#12535=VECTOR('',#12536,1.);
#12536=DIRECTION('',(0.,0.,1.));
#12537=CARTESIAN_POINT('',(18.9,41.25,2.));
#12538=CARTESIAN_POINT('',(18.9,41.25,2.));
#12539=VECTOR('',#12540,1.);
#12540=DIRECTION('',(0.,-1.,0.));
#12541=CARTESIAN_POINT('',(18.9,41.25,16.));
#12542=CARTESIAN_POINT('',(18.9,41.25,16.));
#12543=VECTOR('',#12544,1.);
#12544=DIRECTION('',(2.53765262771464E-16,0.,-1.));
#12545=CARTESIAN_POINT('',(18.9,41.25,16.));
#12546=VECTOR('',#12547,1.);
#12547=DIRECTION('',(0.,-1.,0.));
#12548=CARTESIAN_POINT('',(-18.900000163234,38.,15.));
#12549=CARTESIAN_POINT('',(-18.9000002176454,38.,4.6));
#12550=CARTESIAN_POINT('',(-18.900000163234,38.,15.));
#12551=VECTOR('',#12552,1.);
#12552=DIRECTION('',(0.,0.,-1.));
#12553=CARTESIAN_POINT('',(-18.9000002176454,37.4,4.6));
#12554=CARTESIAN_POINT('',(-18.900000163234,37.4,4.6));
#12555=VECTOR('',#12556,1.);
#12556=DIRECTION('',(0.,1.,0.));
#12557=CARTESIAN_POINT('',(-18.9000001088227,37.4,16.));
#12558=CARTESIAN_POINT('',(-18.900000163234,37.4,4.6));
#12559=VECTOR('',#12560,1.);
#12560=DIRECTION('',(1.43187758725928E-8,0.,1.));
#12561=CARTESIAN_POINT('',(-18.9,41.25,16.));
#12562=CARTESIAN_POINT('',(-18.9,37.4,16.));
#12563=VECTOR('',#12564,1.);
#12564=DIRECTION('',(0.,1.,0.));
#12565=CARTESIAN_POINT('',(-18.9,41.25,2.));
#12566=CARTESIAN_POINT('',(-18.9,41.25,2.));
#12567=VECTOR('',#12568,1.);
#12568=DIRECTION('',(-2.53765262771464E-16,0.,1.));
#12569=CARTESIAN_POINT('',(-18.9,40.5,2.));
#12570=CARTESIAN_POINT('',(-18.9,41.25,2.));
#12571=VECTOR('',#12572,1.);
#12572=DIRECTION('',(0.,-1.,0.));
#12573=CARTESIAN_POINT('',(-18.9,40.5,0.));
#12574=CARTESIAN_POINT('',(-18.9,40.5,0.));
#12575=VECTOR('',#12576,1.);
#12576=DIRECTION('',(0.,0.,1.));
#12577=CARTESIAN_POINT('',(-18.9,40.,0.));
#12578=CARTESIAN_POINT('',(-18.9,40.5,-2.3145824503885E-15));
#12579=VECTOR('',#12580,1.);
#12580=DIRECTION('',(0.,-1.,0.));
#12581=CARTESIAN_POINT('',(-18.9,40.,15.));
#12582=CARTESIAN_POINT('',(-18.9,40.,0.));
#12583=VECTOR('',#12584,1.);
#12584=DIRECTION('',(0.,0.,1.));
#12585=CARTESIAN_POINT('',(-18.9,38.,15.));
#12586=VECTOR('',#12587,1.);
#12587=DIRECTION('',(0.,1.,0.));
#12588=CARTESIAN_POINT('',(-4.09999999999999,-37.4,16.));
#12589=CARTESIAN_POINT('',(-4.09999999999999,-37.4,4.6));
#12590=CARTESIAN_POINT('',(-4.1,-37.4,16.));
#12591=VECTOR('',#12592,1.);
#12592=DIRECTION('',(7.79103876929934E-17,0.,-1.));
#12593=CARTESIAN_POINT('',(-4.1,-41.25,16.));
#12594=CARTESIAN_POINT('',(-4.09999999999999,-37.4,16.));
#12595=VECTOR('',#12596,1.);
#12596=DIRECTION('',(-6.92087080285813E-16,-1.,0.));
#12597=CARTESIAN_POINT('',(-4.09999999999999,-41.25,2.));
#12598=CARTESIAN_POINT('',(-4.1,-41.25,16.));
#12599=VECTOR('',#12600,1.);
#12600=DIRECTION('',(3.80647894157197E-16,0.,-1.));
#12601=CARTESIAN_POINT('',(-4.1,-40.5,2.));
#12602=CARTESIAN_POINT('',(-4.09999999999999,-40.5,2.));
#12603=VECTOR('',#12604,1.);
#12604=DIRECTION('',(0.,-1.,0.));
#12605=CARTESIAN_POINT('',(-4.1,-40.5,0.));
#12606=CARTESIAN_POINT('',(-4.1,-40.5,0.));
#12607=VECTOR('',#12608,1.);
#12608=DIRECTION('',(0.,0.,1.));
#12609=CARTESIAN_POINT('',(-4.1,-40.,0.));
#12610=CARTESIAN_POINT('',(-4.1,-40.5,-2.51052593825208E-16));
#12611=VECTOR('',#12612,1.);
#12612=DIRECTION('',(0.,1.,0.));
#12613=CARTESIAN_POINT('',(-4.1,-40.,15.));
#12614=CARTESIAN_POINT('',(-4.1,-40.,0.));
#12615=VECTOR('',#12616,1.);
#12616=DIRECTION('',(0.,0.,1.));
#12617=CARTESIAN_POINT('',(-4.1,-38.,15.));
#12618=CARTESIAN_POINT('',(-4.1,-40.,15.));
#12619=VECTOR('',#12620,1.);
#12620=DIRECTION('',(0.,1.,0.));
#12621=CARTESIAN_POINT('',(-4.09999999999999,-38.,4.6));
#12622=CARTESIAN_POINT('',(-4.1,-38.,15.));
#12623=VECTOR('',#12624,1.);
#12624=DIRECTION('',(8.5401771125012E-17,0.,-1.));
#12625=CARTESIAN_POINT('',(-4.09999999999999,-37.4,4.6));
#12626=VECTOR('',#12627,1.);
#12627=DIRECTION('',(0.,-1.,0.));
#12628=CARTESIAN_POINT('',(4.09999967353191,-37.4,4.6));
#12629=CARTESIAN_POINT('',(4.09999978235461,-37.4,16.));
#12630=CARTESIAN_POINT('',(4.09999967353191,-37.4,4.6));
#12631=VECTOR('',#12632,1.);
#12632=DIRECTION('',(1.43187755609512E-8,0.,1.));
#12633=CARTESIAN_POINT('',(4.09999967353191,-38.,4.6));
#12634=CARTESIAN_POINT('',(4.09999967353191,-37.4,4.6));
#12635=VECTOR('',#12636,1.);
#12636=DIRECTION('',(0.,-1.,0.));
#12637=CARTESIAN_POINT('',(4.09999972794327,-38.,15.));
#12638=CARTESIAN_POINT('',(4.09999967353191,-38.,4.6));
#12639=VECTOR('',#12640,1.);
#12640=DIRECTION('',(-8.5401771125012E-17,0.,1.));
#12641=CARTESIAN_POINT('',(4.0999998911773,-40.,15.));
#12642=CARTESIAN_POINT('',(4.09999983676595,-40.,15.));
#12643=VECTOR('',#12644,1.);
#12644=DIRECTION('',(0.,1.,-8.88178419700125E-16));
#12645=CARTESIAN_POINT('',(4.09999989117731,-40.,3.99082330441895E-16));
#12646=CARTESIAN_POINT('',(4.09999983676596,-40.,0.));
#12647=VECTOR('',#12648,1.);
#12648=DIRECTION('',(0.,0.,1.));
#12649=CARTESIAN_POINT('',(4.09999989117731,-40.5,3.99082330441895E-16));
#12650=CARTESIAN_POINT('',(4.09999983676596,-40.,6.9514180367527E-16));
#12651=VECTOR('',#12652,1.);
#12652=DIRECTION('',(0.,-1.,0.));
#12653=CARTESIAN_POINT('',(4.09999989117731,-40.5,2.));
#12654=CARTESIAN_POINT('',(4.09999983676596,-40.5,0.));
#12655=VECTOR('',#12656,1.);
#12656=DIRECTION('',(0.,0.,1.));
#12657=CARTESIAN_POINT('',(4.09999989117731,-41.25,2.));
#12658=CARTESIAN_POINT('',(4.09999983676596,-40.5,2.));
#12659=VECTOR('',#12660,1.);
#12660=DIRECTION('',(0.,-1.,0.));
#12661=CARTESIAN_POINT('',(4.0999998911773,-41.25,16.));
#12662=CARTESIAN_POINT('',(4.09999983676596,-41.25,2.));
#12663=VECTOR('',#12664,1.);
#12664=DIRECTION('',(0.,0.,1.));
#12665=CARTESIAN_POINT('',(4.09999983676596,-41.25,16.));
#12666=VECTOR('',#12667,1.);
#12667=DIRECTION('',(-1.61486985400023E-15,1.,0.));
#12668=CARTESIAN_POINT('',(27.0999998367659,38.,15.));
#12669=CARTESIAN_POINT('',(27.0999997823546,38.,10.));
#12670=CARTESIAN_POINT('',(27.099999836766,38.,15.));
#12671=VECTOR('',#12672,1.);
#12672=DIRECTION('',(0.,0.,-1.));
#12673=CARTESIAN_POINT('',(27.0999997823546,37.4,10.));
#12674=CARTESIAN_POINT('',(27.099999836766,37.4,10.));
#12675=VECTOR('',#12676,1.);
#12676=DIRECTION('',(0.,1.,0.));
#12677=CARTESIAN_POINT('',(27.0999998911773,37.4,16.));
#12678=CARTESIAN_POINT('',(27.099999836766,37.4,10.));
#12679=VECTOR('',#12680,1.);
#12680=DIRECTION('',(2.72056741579263E-8,0.,1.));
#12681=CARTESIAN_POINT('',(27.1,41.25,16.));
#12682=CARTESIAN_POINT('',(27.1,37.4,16.));
#12683=VECTOR('',#12684,1.);
#12684=DIRECTION('',(0.,1.,0.));
#12685=CARTESIAN_POINT('',(27.1,41.25,2.));
#12686=CARTESIAN_POINT('',(27.1,41.25,2.));
#12687=VECTOR('',#12688,1.);
#12688=DIRECTION('',(-2.53765262771464E-16,0.,1.));
#12689=CARTESIAN_POINT('',(27.1,40.5,2.));
#12690=CARTESIAN_POINT('',(27.1,41.25,2.));
#12691=VECTOR('',#12692,1.);
#12692=DIRECTION('',(0.,-1.,0.));
#12693=CARTESIAN_POINT('',(27.1,40.5,0.));
#12694=CARTESIAN_POINT('',(27.1,40.5,0.));
#12695=VECTOR('',#12696,1.);
#12696=DIRECTION('',(0.,0.,1.));
#12697=CARTESIAN_POINT('',(27.1,40.,0.));
#12698=CARTESIAN_POINT('',(27.1,40.5,3.31879282568933E-15));
#12699=VECTOR('',#12700,1.);
#12700=DIRECTION('',(0.,-1.,0.));
#12701=CARTESIAN_POINT('',(27.1,40.,15.));
#12702=CARTESIAN_POINT('',(27.1,40.,0.));
#12703=VECTOR('',#12704,1.);
#12704=DIRECTION('',(0.,0.,1.));
#12705=CARTESIAN_POINT('',(27.1,38.,15.));
#12706=VECTOR('',#12707,1.);
#12707=DIRECTION('',(0.,1.,0.));
#12708=CARTESIAN_POINT('',(-27.1,37.4,10.));
#12709=CARTESIAN_POINT('',(-27.1,37.4,16.));
#12710=CARTESIAN_POINT('',(-27.1,37.4,16.));
#12711=VECTOR('',#12712,1.);
#12712=DIRECTION('',(0.,0.,-1.));
#12713=CARTESIAN_POINT('',(-27.1,38.,10.));
#12714=CARTESIAN_POINT('',(-27.1,38.,10.));
#12715=VECTOR('',#12716,1.);
#12716=DIRECTION('',(0.,-1.,0.));
#12717=CARTESIAN_POINT('',(-27.1,38.,15.));
#12718=CARTESIAN_POINT('',(-27.1,38.,10.));
#12719=VECTOR('',#12720,1.);
#12720=DIRECTION('',(0.,0.,1.));
#12721=CARTESIAN_POINT('',(-27.1,40.,15.));
#12722=CARTESIAN_POINT('',(-27.1,38.,15.));
#12723=VECTOR('',#12724,1.);
#12724=DIRECTION('',(0.,1.,0.));
#12725=CARTESIAN_POINT('',(-27.1,40.,0.));
#12726=CARTESIAN_POINT('',(-27.1,40.,0.));
#12727=VECTOR('',#12728,1.);
#12728=DIRECTION('',(0.,0.,1.));
#12729=CARTESIAN_POINT('',(-27.1,40.5,0.));
#12730=CARTESIAN_POINT('',(-27.1,40.,-3.43575325224491E-15));
#12731=VECTOR('',#12732,1.);
#12732=DIRECTION('',(0.,1.,0.));
#12733=CARTESIAN_POINT('',(-27.1,40.5,2.));
#12734=CARTESIAN_POINT('',(-27.1,40.5,0.));
#12735=VECTOR('',#12736,1.);
#12736=DIRECTION('',(0.,0.,1.));
#12737=CARTESIAN_POINT('',(-27.1,41.25,2.));
#12738=CARTESIAN_POINT('',(-27.1,41.25,2.));
#12739=VECTOR('',#12740,1.);
#12740=DIRECTION('',(0.,-1.,0.));
#12741=CARTESIAN_POINT('',(-27.1,41.25,16.));
#12742=CARTESIAN_POINT('',(-27.1,41.25,16.));
#12743=VECTOR('',#12744,1.);
#12744=DIRECTION('',(2.53765262771464E-16,0.,-1.));
#12745=CARTESIAN_POINT('',(-27.1,41.25,16.));
#12746=VECTOR('',#12747,1.);
#12747=DIRECTION('',(0.,-1.,0.));
#12748=CARTESIAN_POINT('',(26.,40.5,2.));
#12749=CARTESIAN_POINT('',(26.,40.5,2.));
#12750=VECTOR('',#12751,1.);
#12751=DIRECTION('',(1.,0.,0.));
#12752=CARTESIAN_POINT('',(26.,41.25,2.));
#12753=CARTESIAN_POINT('',(26.,41.25,2.));
#12754=VECTOR('',#12755,1.);
#12755=DIRECTION('',(1.,0.,-4.03717463500056E-16));
#12756=CARTESIAN_POINT('',(26.,41.25,2.));
#12757=VECTOR('',#12758,1.);
#12758=DIRECTION('',(0.,-1.,0.));
#12759=CARTESIAN_POINT('',(-26.,40.5,2.));
#12760=CARTESIAN_POINT('',(-27.1,40.5,2.));
#12761=VECTOR('',#12762,1.);
#12762=DIRECTION('',(1.,0.,-1.61486985400023E-15));
#12763=CARTESIAN_POINT('',(-26.,41.25,2.));
#12764=CARTESIAN_POINT('',(-26.,41.25,2.));
#12765=VECTOR('',#12766,1.);
#12766=DIRECTION('',(0.,-1.,0.));
#12767=CARTESIAN_POINT('',(-27.1,41.25,2.));
#12768=VECTOR('',#12769,1.);
#12769=DIRECTION('',(1.,0.,-1.61486985400023E-15));
#12770=CARTESIAN_POINT('',(-4.1,-40.,15.));
#12771=VECTOR('',#12772,1.);
#12772=DIRECTION('',(1.,0.,0.));
#12773=CARTESIAN_POINT('',(-4.1,-38.,15.));
#12774=VECTOR('',#12775,1.);
#12775=DIRECTION('',(1.,0.,0.));
#12776=CARTESIAN_POINT('',(-18.9,40.,15.));
#12777=VECTOR('',#12778,1.);
#12778=DIRECTION('',(-1.,0.,-4.33257765707378E-16));
#12779=CARTESIAN_POINT('',(-18.9000003264681,38.,15.));
#12780=VECTOR('',#12781,1.);
#12781=DIRECTION('',(-1.,0.,-4.33257782956747E-16));
#12782=CARTESIAN_POINT('',(27.1,40.,15.));
#12783=VECTOR('',#12784,1.);
#12784=DIRECTION('',(-1.,0.,-2.16628882853689E-16));
#12785=CARTESIAN_POINT('',(27.0999996735319,38.,15.));
#12786=VECTOR('',#12787,1.);
#12787=DIRECTION('',(-1.,0.,-4.33257782956749E-16));
#12788=CARTESIAN_POINT('',(3.,-40.5,2.));
#12789=CARTESIAN_POINT('',(4.1,-40.5,2.));
#12790=VECTOR('',#12791,1.);
#12791=DIRECTION('',(-1.,0.,-1.21115239050017E-15));
#12792=CARTESIAN_POINT('',(3.,-41.25,2.));
#12793=CARTESIAN_POINT('',(3.,-40.5,2.));
#12794=VECTOR('',#12795,1.);
#12795=DIRECTION('',(0.,-1.,0.));
#12796=CARTESIAN_POINT('',(3.,-41.25,2.));
#12797=VECTOR('',#12798,1.);
#12798=DIRECTION('',(1.,0.,1.21115239050017E-15));
#12799=CARTESIAN_POINT('',(-3.,-40.5,2.));
#12800=CARTESIAN_POINT('',(-2.99999999999999,-40.5,2.));
#12801=VECTOR('',#12802,1.);
#12802=DIRECTION('',(-1.,0.,4.03717463500057E-16));
#12803=CARTESIAN_POINT('',(-3.,-41.25,2.));
#12804=CARTESIAN_POINT('',(-4.09999999999999,-41.25,2.));
#12805=VECTOR('',#12806,1.);
#12806=DIRECTION('',(1.,0.,-4.03717463500057E-16));
#12807=CARTESIAN_POINT('',(-3.,-40.5,2.));
#12808=VECTOR('',#12809,1.);
#12809=DIRECTION('',(5.9211894646675E-16,-1.,0.));
#12810=CARTESIAN_POINT('',(-20.,40.5,2.));
#12811=CARTESIAN_POINT('',(-20.,40.5,2.));
#12812=VECTOR('',#12813,1.);
#12813=DIRECTION('',(1.,0.,8.07434927000113E-16));
#12814=CARTESIAN_POINT('',(-20.,41.25,2.));
#12815=CARTESIAN_POINT('',(-20.,41.25,2.));
#12816=VECTOR('',#12817,1.);
#12817=DIRECTION('',(1.,0.,8.07434927000113E-16));
#12818=CARTESIAN_POINT('',(-20.,41.25,2.));
#12819=VECTOR('',#12820,1.);
#12820=DIRECTION('',(0.,-1.,0.));
#12821=CARTESIAN_POINT('',(20.,40.5,2.));
#12822=CARTESIAN_POINT('',(18.9,40.5,2.));
#12823=VECTOR('',#12824,1.);
#12824=DIRECTION('',(1.,0.,4.0371746350006E-16));
#12825=CARTESIAN_POINT('',(20.,41.25,2.));
#12826=CARTESIAN_POINT('',(20.,41.25,2.));
#12827=VECTOR('',#12828,1.);
#12828=DIRECTION('',(0.,-1.,0.));
#12829=CARTESIAN_POINT('',(18.9,41.25,2.));
#12830=VECTOR('',#12831,1.);
#12831=DIRECTION('',(1.,0.,4.03717463500056E-16));
#12832=CARTESIAN_POINT('',(26.,40.5,3.30369883016706E-15));
#12833=CARTESIAN_POINT('',(26.,40.5,3.18408167778312E-15));
#12834=VECTOR('',#12835,1.);
#12835=DIRECTION('',(0.,0.,1.));
#12836=CARTESIAN_POINT('',(26.,41.25,3.18408167778312E-15));
#12837=CARTESIAN_POINT('',(26.,41.25,3.30369883016706E-15));
#12838=VECTOR('',#12839,1.);
#12839=DIRECTION('',(0.,0.,1.));
#12840=CARTESIAN_POINT('',(26.,41.25,3.18408167778312E-15));
#12841=VECTOR('',#12842,1.);
#12842=DIRECTION('',(0.,-1.,0.));
#12843=CARTESIAN_POINT('',(20.,40.5,2.57126820291591E-15));
#12844=CARTESIAN_POINT('',(20.,40.5,2.));
#12845=VECTOR('',#12846,1.);
#12846=DIRECTION('',(0.,0.,-1.));
#12847=CARTESIAN_POINT('',(20.,41.25,2.44929359829471E-15));
#12848=CARTESIAN_POINT('',(20.,40.5,2.44589212623503E-15));
#12849=VECTOR('',#12850,1.);
#12850=DIRECTION('',(0.,1.,0.));
#12851=CARTESIAN_POINT('',(20.,41.25,2.));
#12852=VECTOR('',#12853,1.);
#12853=DIRECTION('',(0.,0.,-1.));
#12854=CARTESIAN_POINT('',(3.,40.5,6.3258989113416E-16));
#12855=CARTESIAN_POINT('',(2.99999999999999,40.5,2.));
#12856=CARTESIAN_POINT('',(3.,40.5,3.67394039744206E-16));
#12857=VECTOR('',#12858,1.);
#12858=DIRECTION('',(-2.22044604925031E-16,0.,1.));
#12859=CARTESIAN_POINT('',(2.99999999999999,41.25,2.));
#12860=CARTESIAN_POINT('',(2.99999999999999,41.25,2.));
#12861=VECTOR('',#12862,1.);
#12862=DIRECTION('',(0.,-1.,0.));
#12863=CARTESIAN_POINT('',(2.99999999999999,41.25,3.67394039744206E-16));
#12864=CARTESIAN_POINT('',(2.99999999999999,41.25,6.3258989113416E-16));
#12865=VECTOR('',#12866,1.);
#12866=DIRECTION('',(0.,0.,1.));
#12867=CARTESIAN_POINT('',(2.99999999999999,41.25,3.67394039744206E-16));
#12868=VECTOR('',#12869,1.);
#12869=DIRECTION('',(0.,-1.,6.57384087684176E-32));
#12870=CARTESIAN_POINT('',(-3.00000000000001,40.5,2.));
#12871=CARTESIAN_POINT('',(-3.,40.5,-1.49903083943614E-16));
#12872=CARTESIAN_POINT('',(-3.00000000000001,40.5,2.));
#12873=VECTOR('',#12874,1.);
#12874=DIRECTION('',(0.,0.,-1.));
#12875=CARTESIAN_POINT('',(-3.00000000000001,41.25,-3.67394039744206E-16));
#12876=CARTESIAN_POINT('',(-3.00000000000001,40.5,-4.05741624797134E-16));
#12877=VECTOR('',#12878,1.);
#12878=DIRECTION('',(0.,1.,-6.57384087684176E-32));
#12879=CARTESIAN_POINT('',(-3.00000000000001,41.25,2.));
#12880=CARTESIAN_POINT('',(-3.00000000000001,41.25,2.));
#12881=VECTOR('',#12882,1.);
#12882=DIRECTION('',(0.,0.,-1.));
#12883=CARTESIAN_POINT('',(-3.00000000000001,41.25,2.));
#12884=VECTOR('',#12885,1.);
#12885=DIRECTION('',(0.,-1.,0.));
#12886=CARTESIAN_POINT('',(-20.,40.5,-2.23006791901814E-15));
#12887=CARTESIAN_POINT('',(-20.,40.5,0.));
#12888=VECTOR('',#12889,1.);
#12889=DIRECTION('',(0.,0.,1.));
#12890=CARTESIAN_POINT('',(-20.,41.25,-2.44929359829471E-15));
#12891=CARTESIAN_POINT('',(-20.,41.25,-2.23006791901814E-15));
#12892=VECTOR('',#12893,1.);
#12893=DIRECTION('',(0.,0.,1.));
#12894=CARTESIAN_POINT('',(-20.,41.25,-2.44929359829471E-15));
#12895=VECTOR('',#12896,1.);
#12896=DIRECTION('',(0.,-1.,0.));
#12897=CARTESIAN_POINT('',(-26.,40.5,-2.92972784811802E-15));
#12898=CARTESIAN_POINT('',(-26.,40.5,2.));
#12899=VECTOR('',#12900,1.);
#12900=DIRECTION('',(0.,0.,-1.));
#12901=CARTESIAN_POINT('',(-26.,41.25,-3.18408167778312E-15));
#12902=CARTESIAN_POINT('',(-26.,40.5,-3.14635307336678E-15));
#12903=VECTOR('',#12904,1.);
#12904=DIRECTION('',(0.,1.,0.));
#12905=CARTESIAN_POINT('',(-26.,41.25,2.));
#12906=VECTOR('',#12907,1.);
#12907=DIRECTION('',(0.,0.,-1.));
#12908=CARTESIAN_POINT('',(-26.,-40.5,-2.92972784811802E-15));
#12909=CARTESIAN_POINT('',(-26.,-40.5,2.));
#12910=CARTESIAN_POINT('',(-26.,-40.5,0.));
#12911=VECTOR('',#12912,1.);
#12912=DIRECTION('',(0.,0.,1.));
#12913=CARTESIAN_POINT('',(-26.,-41.25,2.));
#12914=CARTESIAN_POINT('',(-26.,-40.5,2.));
#12915=VECTOR('',#12916,1.);
#12916=DIRECTION('',(0.,-1.,0.));
#12917=CARTESIAN_POINT('',(-26.,-41.25,-3.18408167778312E-15));
#12918=CARTESIAN_POINT('',(-26.,-41.25,2.));
#12919=VECTOR('',#12920,1.);
#12920=DIRECTION('',(0.,0.,-1.));
#12921=CARTESIAN_POINT('',(-26.,-41.25,-3.14635307336678E-15));
#12922=VECTOR('',#12923,1.);
#12923=DIRECTION('',(0.,1.,0.));
#12924=CARTESIAN_POINT('',(-20.,-40.5,2.));
#12925=CARTESIAN_POINT('',(-20.,-40.5,-2.23006791901814E-15));
#12926=CARTESIAN_POINT('',(-20.,-40.5,2.));
#12927=VECTOR('',#12928,1.);
#12928=DIRECTION('',(0.,0.,-1.));
#12929=CARTESIAN_POINT('',(-20.,-41.25,-2.44929359829471E-15));
#12930=CARTESIAN_POINT('',(-20.,-40.5,-2.44929359829471E-15));
#12931=VECTOR('',#12932,1.);
#12932=DIRECTION('',(0.,-1.,0.));
#12933=CARTESIAN_POINT('',(-20.,-41.25,2.));
#12934=CARTESIAN_POINT('',(-20.,-41.25,-2.23006791901814E-15));
#12935=VECTOR('',#12936,1.);
#12936=DIRECTION('',(0.,0.,1.));
#12937=CARTESIAN_POINT('',(-20.,-40.5,2.));
#12938=VECTOR('',#12939,1.);
#12939=DIRECTION('',(0.,-1.,0.));
#12940=CARTESIAN_POINT('',(-3.,-40.5,-1.49903083943614E-16));
#12941=CARTESIAN_POINT('',(-3.,-40.5,-4.32153838740357E-63));
#12942=VECTOR('',#12943,1.);
#12943=DIRECTION('',(-2.22044604925031E-16,0.,1.));
#12944=CARTESIAN_POINT('',(-2.99999999999999,-41.25,-3.67394039744206E-16));
#12945=CARTESIAN_POINT('',(-3.,-41.25,2.));
#12946=VECTOR('',#12947,1.);
#12947=DIRECTION('',(4.44089209850063E-16,0.,-1.));
#12948=CARTESIAN_POINT('',(-2.99999999999999,-41.25,-4.05741624797134E-16));
#12949=VECTOR('',#12950,1.);
#12950=DIRECTION('',(0.,1.,-6.57384087684176E-32));
#12951=CARTESIAN_POINT('',(3.,-40.5,6.3258989113416E-16));
#12952=CARTESIAN_POINT('',(3.,-40.5,2.));
#12953=VECTOR('',#12954,1.);
#12954=DIRECTION('',(4.44089209850062E-16,0.,-1.));
#12955=CARTESIAN_POINT('',(3.00000000000001,-41.25,3.67394039744206E-16));
#12956=CARTESIAN_POINT('',(3.00000000000001,-40.5,3.67394039744205E-16));
#12957=VECTOR('',#12958,1.);
#12958=DIRECTION('',(0.,-1.,0.));
#12959=CARTESIAN_POINT('',(3.00000000000001,-41.25,6.3258989113416E-16));
#12960=VECTOR('',#12961,1.);
#12961=DIRECTION('',(-4.44089209850062E-16,0.,1.));
#12962=CARTESIAN_POINT('',(20.,-40.5,2.57126820291591E-15));
#12963=CARTESIAN_POINT('',(20.,-40.5,2.));
#12964=CARTESIAN_POINT('',(20.,-40.5,2.44249065417534E-15));
#12965=VECTOR('',#12966,1.);
#12966=DIRECTION('',(0.,0.,1.));
#12967=CARTESIAN_POINT('',(20.,-41.25,2.));
#12968=CARTESIAN_POINT('',(20.,-40.5,2.));
#12969=VECTOR('',#12970,1.);
#12970=DIRECTION('',(0.,-1.,0.));
#12971=CARTESIAN_POINT('',(20.,-41.25,2.44929359829471E-15));
#12972=CARTESIAN_POINT('',(20.,-41.25,2.));
#12973=VECTOR('',#12974,1.);
#12974=DIRECTION('',(0.,0.,-1.));
#12975=CARTESIAN_POINT('',(20.,-41.25,2.44589212623503E-15));
#12976=VECTOR('',#12977,1.);
#12977=DIRECTION('',(0.,1.,0.));
#12978=CARTESIAN_POINT('',(26.,-40.5,2.));
#12979=CARTESIAN_POINT('',(26.,-40.5,3.30369883016706E-15));
#12980=CARTESIAN_POINT('',(26.,-40.5,2.));
#12981=VECTOR('',#12982,1.);
#12982=DIRECTION('',(0.,0.,-1.));
#12983=CARTESIAN_POINT('',(26.,-41.25,3.18408167778312E-15));
#12984=CARTESIAN_POINT('',(26.,-40.5,3.18408167778312E-15));
#12985=VECTOR('',#12986,1.);
#12986=DIRECTION('',(0.,-1.,0.));
#12987=CARTESIAN_POINT('',(26.,-41.25,2.));
#12988=CARTESIAN_POINT('',(26.,-41.25,3.30369883016706E-15));
#12989=VECTOR('',#12990,1.);
#12990=DIRECTION('',(0.,0.,1.));
#12991=CARTESIAN_POINT('',(26.,-40.5,2.));
#12992=VECTOR('',#12993,1.);
#12993=DIRECTION('',(0.,-1.,0.));
#12994=CARTESIAN_POINT('',(27.1,-40.5,2.));
#12995=VECTOR('',#12996,1.);
#12996=DIRECTION('',(-1.,0.,0.));
#12997=CARTESIAN_POINT('',(26.,-41.25,2.));
#12998=VECTOR('',#12999,1.);
#12999=DIRECTION('',(1.,0.,-4.03717463500056E-16));
#13000=CARTESIAN_POINT('',(18.9,-40.,15.));
#13001=VECTOR('',#13002,1.);
#13002=DIRECTION('',(1.,0.,2.16628882853689E-16));
#13003=CARTESIAN_POINT('',(18.9,-38.,15.));
#13004=VECTOR('',#13005,1.);
#13005=DIRECTION('',(1.,0.,4.33257765707378E-16));
#13006=CARTESIAN_POINT('',(20.,-40.5,2.));
#13007=VECTOR('',#13008,1.);
#13008=DIRECTION('',(-1.,0.,-4.03717463500056E-16));
#13009=CARTESIAN_POINT('',(18.9,-41.25,2.));
#13010=VECTOR('',#13011,1.);
#13011=DIRECTION('',(1.,0.,4.03717463500056E-16));
#13012=CARTESIAN_POINT('',(18.9,-41.25,16.));
#13013=VECTOR('',#13014,1.);
#13014=DIRECTION('',(-1.,0.,0.));
#13015=CARTESIAN_POINT('',(4.09999967353192,-37.4,16.));
#13016=VECTOR('',#13017,1.);
#13017=DIRECTION('',(1.,4.80096432490868E-16,0.));
#13018=CARTESIAN_POINT('',(-26.,-40.5,2.));
#13019=VECTOR('',#13020,1.);
#13020=DIRECTION('',(-1.,0.,1.61486985400023E-15));
#13021=CARTESIAN_POINT('',(-27.1,-41.25,2.));
#13022=VECTOR('',#13023,1.);
#13023=DIRECTION('',(1.,0.,-1.61486985400023E-15));
#13024=CARTESIAN_POINT('',(-18.9,-40.5,2.));
#13025=VECTOR('',#13026,1.);
#13026=DIRECTION('',(-1.,0.,-8.07434927000113E-16));
#13027=CARTESIAN_POINT('',(-20.,-41.25,2.));
#13028=VECTOR('',#13029,1.);
#13029=DIRECTION('',(1.,0.,8.07434927000113E-16));
#13030=CARTESIAN_POINT('',(-27.1,-40.,15.));
#13031=VECTOR('',#13032,1.);
#13032=DIRECTION('',(1.,0.,4.33257765707378E-16));
#13033=CARTESIAN_POINT('',(-27.1,-38.,15.));
#13034=VECTOR('',#13035,1.);
#13035=DIRECTION('',(1.,0.,4.33257765707379E-16));
#13036=CARTESIAN_POINT('',(-4.1,40.5,2.));
#13037=VECTOR('',#13038,1.);
#13038=DIRECTION('',(1.,0.,-4.0371746350006E-16));
#13039=CARTESIAN_POINT('',(-4.1,41.25,2.));
#13040=VECTOR('',#13041,1.);
#13041=DIRECTION('',(1.,0.,-4.03717463500057E-16));
#13042=CARTESIAN_POINT('',(4.1,40.,15.));
#13043=VECTOR('',#13044,1.);
#13044=DIRECTION('',(-1.,0.,0.));
#13045=CARTESIAN_POINT('',(4.1,38.,15.));
#13046=VECTOR('',#13047,1.);
#13047=DIRECTION('',(-1.,0.,0.));
#13048=CARTESIAN_POINT('',(2.99999999999999,40.5,2.));
#13049=VECTOR('',#13050,1.);
#13050=DIRECTION('',(1.,0.,1.21115239050017E-15));
#13051=CARTESIAN_POINT('',(2.99999999999999,41.25,2.));
#13052=VECTOR('',#13053,1.);
#13053=DIRECTION('',(1.,0.,1.21115239050017E-15));
#13054=CARTESIAN_POINT('',(4.1,37.4,16.));
#13055=VECTOR('',#13056,1.);
#13056=DIRECTION('',(1.,0.,0.));
#13057=CARTESIAN_POINT('',(18.9,41.25,16.));
#13058=VECTOR('',#13059,1.);
#13059=DIRECTION('',(-1.,0.,0.));
#13060=CARTESIAN_POINT('',(-27.1,40.5,-3.31879282568933E-15));
#13061=VECTOR('',#13062,1.);
#13062=DIRECTION('',(1.,0.,1.22464679914736E-16));
#13063=CARTESIAN_POINT('',(-18.9,40.,-2.3145824503885E-15));
#13064=VECTOR('',#13065,1.);
#13065=DIRECTION('',(-1.,0.,-1.22464679914735E-16));
#13066=CARTESIAN_POINT('',(-20.,40.5,-2.44929359829471E-15));
#13067=VECTOR('',#13068,1.);
#13068=DIRECTION('',(1.,0.,1.22464679914735E-16));
#13069=CARTESIAN_POINT('',(-20.,41.25,-2.44929359829471E-15));
#13070=VECTOR('',#13071,1.);
#13071=DIRECTION('',(1.,0.,1.22464679914735E-16));
#13072=CARTESIAN_POINT('',(-4.1,40.5,-5.02105187650414E-16));
#13073=VECTOR('',#13074,1.);
#13074=DIRECTION('',(1.,0.,1.22464679914735E-16));
#13075=CARTESIAN_POINT('',(4.10000000000001,40.,5.02105187650416E-16));
#13076=VECTOR('',#13077,1.);
#13077=DIRECTION('',(-1.,0.,-1.22464679914735E-16));
#13078=CARTESIAN_POINT('',(3.,40.5,3.67394039744207E-16));
#13079=VECTOR('',#13080,1.);
#13080=DIRECTION('',(1.,0.,1.22464679914735E-16));
#13081=CARTESIAN_POINT('',(2.99999999999999,41.25,3.67394039744206E-16));
#13082=VECTOR('',#13083,1.);
#13083=DIRECTION('',(1.,0.,1.22464679914735E-16));
#13084=CARTESIAN_POINT('',(18.9,40.5,2.3145824503885E-15));
#13085=VECTOR('',#13086,1.);
#13086=DIRECTION('',(1.,0.,1.22464679914735E-16));
#13087=CARTESIAN_POINT('',(27.1,40.,3.31879282568933E-15));
#13088=VECTOR('',#13089,1.);
#13089=DIRECTION('',(-1.,0.,-1.22464679914735E-16));
#13090=CARTESIAN_POINT('',(26.,40.5,3.18408167778312E-15));
#13091=VECTOR('',#13092,1.);
#13092=DIRECTION('',(1.,0.,1.22464679914735E-16));
#13093=CARTESIAN_POINT('',(34.5,41.25,4.29698500420579E-15));
#13094=CARTESIAN_POINT('',(26.,41.25,3.18408167778312E-15));
#13095=VECTOR('',#13096,1.);
#13096=DIRECTION('',(1.,8.35932630306E-16,1.22464679914735E-16));
#13097=CARTESIAN_POINT('',(35.5,40.25,4.45264299245729E-15));
#13098=AXIS2_PLACEMENT_3D('',#13099,#13100,#13101);
#13099=CARTESIAN_POINT('',(34.5,40.25,4.22503145705837E-15));
#13100=DIRECTION('',(1.22464679914735E-16,2.10948821092366E-32,-1.));
#13101=DIRECTION('',(-2.58337798534674E-48,1.,2.10948821092366E-32));
#13102=CARTESIAN_POINT('',(35.5,4.,4.3474961369731E-15));
#13103=CARTESIAN_POINT('',(35.5,40.25,4.3474961369731E-15));
#13104=VECTOR('',#13105,1.);
#13105=DIRECTION('',(1.960117891752E-16,-1.,0.));
#13106=CARTESIAN_POINT('',(33.5,4.,4.10256677714363E-15));
#13107=CARTESIAN_POINT('',(33.5,4.,4.27172943782213E-15));
#13108=VECTOR('',#13109,1.);
#13109=DIRECTION('',(1.,0.,6.12323399573676E-17));
#13110=CARTESIAN_POINT('',(33.5,-4.,4.10256677714363E-15));
#13111=CARTESIAN_POINT('',(33.5,-4.,4.27172943782213E-15));
#13112=VECTOR('',#13113,1.);
#13113=DIRECTION('',(0.,1.,0.));
#13114=CARTESIAN_POINT('',(35.5,-4.,4.3474961369731E-15));
#13115=CARTESIAN_POINT('',(35.5,-4.,4.39419411773686E-15));
#13116=VECTOR('',#13117,1.);
#13117=DIRECTION('',(-1.,0.,-6.12323399573676E-17));
#13118=CARTESIAN_POINT('',(35.5,-40.25,4.45264299245729E-15));
#13119=CARTESIAN_POINT('',(35.5,-4.,4.3474961369731E-15));
#13120=VECTOR('',#13121,1.);
#13121=DIRECTION('',(1.960117891752E-16,-1.,0.));
#13122=CARTESIAN_POINT('',(34.5,-41.25,4.29698500420579E-15));
#13123=AXIS2_PLACEMENT_3D('',#13124,#13125,#13126);
#13124=CARTESIAN_POINT('',(34.5,-40.25,4.22503145705837E-15));
#13125=DIRECTION('',(1.22464679914735E-16,2.10948821092366E-32,-1.));
#13126=DIRECTION('',(1.,-3.64020295542376E-63,1.22464679914735E-16));
#13127=CARTESIAN_POINT('',(26.,-41.25,3.18408167778312E-15));
#13128=VECTOR('',#13129,1.);
#13129=DIRECTION('',(1.,8.35932630306E-16,1.22464679914735E-16));
#13130=CARTESIAN_POINT('',(27.1,-40.5,3.31879282568933E-15));
#13131=VECTOR('',#13132,1.);
#13132=DIRECTION('',(-1.,0.,-1.22464679914735E-16));
#13133=CARTESIAN_POINT('',(18.9,-40.,2.3145824503885E-15));
#13134=VECTOR('',#13135,1.);
#13135=DIRECTION('',(1.,0.,1.22464679914735E-16));
#13136=CARTESIAN_POINT('',(20.,-40.5,2.44929359829471E-15));
#13137=VECTOR('',#13138,1.);
#13138=DIRECTION('',(-1.,0.,-1.22464679914735E-16));
#13139=CARTESIAN_POINT('',(3.00000000000001,-41.25,3.67394039744206E-16));
#13140=VECTOR('',#13141,1.);
#13141=DIRECTION('',(1.,0.,1.22464679914735E-16));
#13142=CARTESIAN_POINT('',(4.1,-40.5,5.02105187650414E-16));
#13143=VECTOR('',#13144,1.);
#13144=DIRECTION('',(-1.,-6.45947941600094E-15,-1.22464679914735E-16));
#13145=CARTESIAN_POINT('',(-4.1,-40.,-5.02105187650416E-16));
#13146=VECTOR('',#13147,1.);
#13147=DIRECTION('',(1.,0.,1.22464679914735E-16));
#13148=CARTESIAN_POINT('',(-3.,-40.5,-3.67394039744207E-16));
#13149=VECTOR('',#13150,1.);
#13150=DIRECTION('',(-1.,0.,-1.22464679914735E-16));
#13151=CARTESIAN_POINT('',(-20.,-41.25,-2.44929359829471E-15));
#13152=VECTOR('',#13153,1.);
#13153=DIRECTION('',(1.,0.,1.22464679914735E-16));
#13154=CARTESIAN_POINT('',(-18.9,-40.5,-2.3145824503885E-15));
#13155=VECTOR('',#13156,1.);
#13156=DIRECTION('',(-1.,0.,-1.22464679914735E-16));
#13157=CARTESIAN_POINT('',(-27.1,-40.,-3.31879282568933E-15));
#13158=VECTOR('',#13159,1.);
#13159=DIRECTION('',(1.,0.,1.22464679914735E-16));
#13160=CARTESIAN_POINT('',(-26.,-40.5,-3.18408167778312E-15));
#13161=VECTOR('',#13162,1.);
#13162=DIRECTION('',(-1.,0.,-1.22464679914735E-16));
#13163=CARTESIAN_POINT('',(-34.5,-41.25,-5.77728237037266E-15));
#13164=CARTESIAN_POINT('',(-34.5,-41.25,-4.22503145705837E-15));
#13165=VECTOR('',#13166,1.);
#13166=DIRECTION('',(1.,8.35932630306001E-16,1.22464679914735E-16));
#13167=CARTESIAN_POINT('',(-35.5,-40.25,-5.00187905779153E-15));
#13168=AXIS2_PLACEMENT_3D('',#13169,#13170,#13171);
#13169=CARTESIAN_POINT('',(-34.5,-40.25,-4.22503145705837E-15));
#13170=DIRECTION('',(1.22464679914735E-16,2.10948821092366E-32,-1.));
#13171=DIRECTION('',(2.58337798534674E-48,-1.,-2.10948821092366E-32));
#13172=CARTESIAN_POINT('',(-35.5,-4.00000000000001,-3.9501049078868E-15));
#13173=CARTESIAN_POINT('',(-35.5,-4.00000000000001,-3.9501049078868E-15));
#13174=VECTOR('',#13175,1.);
#13175=DIRECTION('',(1.960117891752E-16,-1.,0.));
#13176=CARTESIAN_POINT('',(-33.5,-4.,-4.10256677714363E-15));
#13177=CARTESIAN_POINT('',(-33.5,-4.00000000000001,-4.0496848328971E-15));
#13178=VECTOR('',#13179,1.);
#13179=DIRECTION('',(-1.,0.,-6.12323399573676E-17));
#13180=CARTESIAN_POINT('',(-33.5,4.,-4.10256677714363E-15));
#13181=CARTESIAN_POINT('',(-33.5,3.99999999999999,-4.0496848328971E-15));
#13182=VECTOR('',#13183,1.);
#13183=DIRECTION('',(0.,-1.,0.));
#13184=CARTESIAN_POINT('',(-35.5,3.99999999999999,-3.9501049078868E-15));
#13185=CARTESIAN_POINT('',(-35.5,3.99999999999999,-4.39419411773686E-15));
#13186=VECTOR('',#13187,1.);
#13187=DIRECTION('',(1.,0.,1.72254642419883E-16));
#13188=CARTESIAN_POINT('',(-35.5,40.25,-3.22552221839128E-15));
#13189=CARTESIAN_POINT('',(-35.5,40.25,-3.9501049078868E-15));
#13190=VECTOR('',#13191,1.);
#13191=DIRECTION('',(1.960117891752E-16,-1.,0.));
#13192=CARTESIAN_POINT('',(-34.5,41.25,-4.37099987251413E-15));
#13193=AXIS2_PLACEMENT_3D('',#13194,#13195,#13196);
#13194=CARTESIAN_POINT('',(-34.5,40.25,-4.22503145705837E-15));
#13195=DIRECTION('',(1.22464679914735E-16,2.10948821092366E-32,-1.));
#13196=DIRECTION('',(-1.,-1.30007248407992E-62,-1.22464679914735E-16));
#13197=CARTESIAN_POINT('',(-34.5,41.25,-4.22503145705837E-15));
#13198=VECTOR('',#13199,1.);
#13199=DIRECTION('',(1.,8.35932630306E-16,1.22464679914735E-16));
#13200=CARTESIAN_POINT('',(-33.75,38.6,0.));
#13201=AXIS2_PLACEMENT_3D('',#13202,#13203,#13204);
#13202=CARTESIAN_POINT('',(-34.5,38.6,-4.22503145705837E-15));
#13203=DIRECTION('',(-1.22464679914735E-16,-2.10948821092366E-32,1.));
#13204=DIRECTION('',(1.,0.,1.22464679914735E-16));
#13205=CARTESIAN_POINT('',(-9.89999999999999,-34.,-1.21240033115588E-15));
#13206=AXIS2_PLACEMENT_3D('',#13207,#13208,#13209);
#13207=CARTESIAN_POINT('',(-11.5,-34.,-1.40834381901946E-15));
#13208=DIRECTION('',(1.22464679914735E-16,2.10948821092366E-32,-1.));
#13209=DIRECTION('',(1.,1.22464679914735E-16,1.22464679914735E-16));
#13210=CARTESIAN_POINT('',(-9.90000000000001,34.,-1.21240033115588E-15));
#13211=AXIS2_PLACEMENT_3D('',#13212,#13213,#13214);
#13212=CARTESIAN_POINT('',(-11.5,34.,-1.40834381901946E-15));
#13213=DIRECTION('',(1.22464679914735E-16,2.10948821092366E-32,-1.));
#13214=DIRECTION('',(1.,1.22464679914735E-16,1.22464679914735E-16));
#13215=CARTESIAN_POINT('',(13.1,34.,1.60428730688303E-15));
#13216=AXIS2_PLACEMENT_3D('',#13217,#13218,#13219);
#13217=CARTESIAN_POINT('',(11.5,34.,1.40834381901946E-15));
#13218=DIRECTION('',(1.22464679914735E-16,2.10948821092366E-32,-1.));
#13219=DIRECTION('',(1.,1.22464679914735E-16,1.22464679914735E-16));
#13220=CARTESIAN_POINT('',(13.1,-34.,1.60428730688303E-15));
#13221=AXIS2_PLACEMENT_3D('',#13222,#13223,#13224);
#13222=CARTESIAN_POINT('',(11.5,-34.,1.40834381901946E-15));
#13223=DIRECTION('',(1.22464679914735E-16,2.10948821092366E-32,-1.));
#13224=DIRECTION('',(1.,1.22464679914735E-16,1.22464679914735E-16));
#13225=CARTESIAN_POINT('',(18.9,37.4,2.3145824503885E-15));
#13226=VECTOR('',#13227,1.);
#13227=DIRECTION('',(1.,-8.66515531414756E-16,1.22464679914735E-16));
#13228=CARTESIAN_POINT('',(27.1,-38.,3.31879282568933E-15));
#13229=VECTOR('',#13230,1.);
#13230=DIRECTION('',(-1.,0.,-1.22464679914735E-16));
#13231=CARTESIAN_POINT('',(4.1,-37.4,5.02105187650413E-16));
#13232=VECTOR('',#13233,1.);
#13233=DIRECTION('',(-1.,0.,-1.22464679914735E-16));
#13234=CARTESIAN_POINT('',(-4.1,38.,-5.02105187650414E-16));
#13235=VECTOR('',#13236,1.);
#13236=DIRECTION('',(1.,0.,1.22464679914735E-16));
#13237=CARTESIAN_POINT('',(-27.1,37.4,-3.31879282568933E-15));
#13238=VECTOR('',#13239,1.);
#13239=DIRECTION('',(1.,-8.66515531414756E-16,1.22464679914735E-16));
#13240=CARTESIAN_POINT('',(-18.9,-38.,-2.3145824503885E-15));
#13241=VECTOR('',#13242,1.);
#13242=DIRECTION('',(-1.,0.,-1.22464679914735E-16));
#13243=CARTESIAN_POINT('',(17.4547317467953,-37.4,1.99999999999999));
#13244=AXIS2_PLACEMENT_3D('',#13245,#13246,#13247);
#13245=CARTESIAN_POINT('',(23.,-37.4,11.5));
#13246=DIRECTION('',(1.22464679914735E-16,-1.,0.));
#13247=DIRECTION('',(-0.504115295745883,-6.17363183336417E-17,-0.863636363636363));
#13248=CARTESIAN_POINT('',(5.54526825320472,-37.4,2.));
#13249=CARTESIAN_POINT('',(5.54526825320471,-37.4,2.));
#13250=VECTOR('',#13251,1.);
#13251=DIRECTION('',(1.,0.,-1.49155068182227E-16));
#13252=AXIS2_PLACEMENT_3D('',#13253,#13254,#13255);
#13253=CARTESIAN_POINT('',(3.17183520979164E-15,-37.4,11.5));
#13254=DIRECTION('',(1.22464679914735E-16,-1.,0.));
#13255=DIRECTION('',(0.372727272727273,4.56459261500378E-17,-0.927940935709428));
#13256=CARTESIAN_POINT('',(-5.54526825320471,-37.4,2.));
#13257=AXIS2_PLACEMENT_3D('',#13258,#13259,#13260);
#13258=CARTESIAN_POINT('',(3.17183520979164E-15,-37.4,11.5));
#13259=DIRECTION('',(1.22464679914735E-16,-1.,0.));
#13260=DIRECTION('',(-0.504115295745883,-6.17363183336417E-17,-0.863636363636363));
#13261=CARTESIAN_POINT('',(-17.4547317467953,-37.4,2.));
#13262=CARTESIAN_POINT('',(-17.4547317467953,-37.4,2.));
#13263=VECTOR('',#13264,1.);
#13264=DIRECTION('',(1.,0.,-1.49155068182227E-16));
#13265=AXIS2_PLACEMENT_3D('',#13266,#13267,#13268);
#13266=CARTESIAN_POINT('',(-23.,-37.4,11.5));
#13267=DIRECTION('',(1.22464679914735E-16,-1.,0.));
#13268=DIRECTION('',(0.372727272727273,4.56459261500377E-17,-0.927940935709428));
#13269=CARTESIAN_POINT('',(-18.9,-37.4,16.));
#13270=VECTOR('',#13271,1.);
#13271=DIRECTION('',(1.,0.,0.));
#13272=CARTESIAN_POINT('',(-2.49999999999999,-37.4,2.99999999999998));
#13273=AXIS2_PLACEMENT_3D('',#13274,#13275,#13276);
#13274=CARTESIAN_POINT('',(-2.49999999999997,-37.4,4.6));
#13275=DIRECTION('',(1.22464679914735E-16,-1.,0.));
#13276=DIRECTION('',(-1.,-1.22464679914735E-16,0.));
#13277=CARTESIAN_POINT('',(2.50000000000001,-37.4,3.00000000000002));
#13278=CARTESIAN_POINT('',(-2.49999999999999,-37.4,2.99999999999998));
#13279=VECTOR('',#13280,1.);
#13280=DIRECTION('',(1.,0.,4.44089209850063E-15));
#13281=AXIS2_PLACEMENT_3D('',#13282,#13283,#13284);
#13282=CARTESIAN_POINT('',(2.5,-37.4,4.59999967353198));
#13283=DIRECTION('',(1.22464679914735E-16,-1.,0.));
#13284=DIRECTION('',(4.16333719184221E-15,5.09861756576069E-31,-1.));
#13285=CARTESIAN_POINT('',(5.54526825320472,-30.,2.));
#13286=CARTESIAN_POINT('',(5.54526825320476,-30.,2.00000000000001));
#13287=VECTOR('',#13288,1.);
#13288=DIRECTION('',(0.,-1.,1.20024110770287E-16));
#13289=CARTESIAN_POINT('',(10.8972473588517,-19.,10.));
#13290=CARTESIAN_POINT('',(5.54526825320471,-30.,1.99999999999999));
#13291=CARTESIAN_POINT('',(8.51573300155525,-27.6158912825104,3.73389724908336));
#13292=CARTESIAN_POINT('',(10.4282266091121,-23.6851155324839,6.59264324910263));
#13293=CARTESIAN_POINT('',(10.8972473588517,-19.,10.));
#13294=CARTESIAN_POINT('',(10.8972473588517,19.,10.));
#13295=CARTESIAN_POINT('',(10.8972473588517,19.,9.99999999999999));
#13296=VECTOR('',#13297,1.);
#13297=DIRECTION('',(1.86984930463184E-16,-1.,9.34924652315921E-17));
#13298=CARTESIAN_POINT('',(8.80681085043682,26.,4.90909090909091));
#13299=CARTESIAN_POINT('',(8.80681085043682,26.,4.90909090909091));
#13300=CARTESIAN_POINT('',(9.92977467429118,23.9367977092814,6.40960166597717));
#13301=CARTESIAN_POINT('',(10.6416762816986,21.552936141713,8.14331916966329));
#13302=CARTESIAN_POINT('',(10.8972473588517,19.,10.));
#13303=CARTESIAN_POINT('',(5.5452682532047,26.,2.));
#13304=AXIS2_PLACEMENT_3D('',#13305,#13306,#13307);
#13305=CARTESIAN_POINT('',(-4.44089209850063E-15,26.,11.5));
#13306=DIRECTION('',(0.,-1.,0.));
#13307=DIRECTION('',(0.504115295745883,0.,-0.863636363636364));
#13308=CARTESIAN_POINT('',(5.54526825320472,37.4,2.00000000000001));
#13309=CARTESIAN_POINT('',(5.54526825320475,37.4,2.00000000000002));
#13310=VECTOR('',#13311,1.);
#13311=DIRECTION('',(-3.81760899695668E-15,-1.,-1.2076110092414E-15));
#13312=AXIS2_PLACEMENT_3D('',#13313,#13314,#13315);
#13313=CARTESIAN_POINT('',(-5.98852284783056E-15,37.4,11.5));
#13314=DIRECTION('',(1.22464679914735E-16,-1.,0.));
#13315=DIRECTION('',(0.372727272727273,4.56459261500378E-17,-0.927940935709428));
#13316=CARTESIAN_POINT('',(5.,37.4,2.));
#13317=CARTESIAN_POINT('',(5.5452682532047,37.4,2.));
#13318=VECTOR('',#13319,1.);
#13319=DIRECTION('',(-1.,0.,0.));
#13320=CARTESIAN_POINT('',(5.,37.4,10.));
#13321=CARTESIAN_POINT('',(5.,37.4,10.));
#13322=VECTOR('',#13323,1.);
#13323=DIRECTION('',(0.,0.,-1.));
#13324=CARTESIAN_POINT('',(11.,37.4,10.));
#13325=CARTESIAN_POINT('',(11.,37.4,10.));
#13326=VECTOR('',#13327,1.);
#13327=DIRECTION('',(-1.,0.,0.));
#13328=CARTESIAN_POINT('',(11.,37.4,2.));
#13329=CARTESIAN_POINT('',(11.,37.4,2.));
#13330=VECTOR('',#13331,1.);
#13331=DIRECTION('',(0.,0.,1.));
#13332=CARTESIAN_POINT('',(17.4547317467953,37.4,2.));
#13333=CARTESIAN_POINT('',(11.,37.4,2.));
#13334=VECTOR('',#13335,1.);
#13335=DIRECTION('',(1.,0.,-1.37601135808798E-16));
#13336=AXIS2_PLACEMENT_3D('',#13337,#13338,#13339);
#13337=CARTESIAN_POINT('',(23.,37.4,11.5));
#13338=DIRECTION('',(1.22464679914735E-16,-1.,0.));
#13339=DIRECTION('',(-0.504115295745883,-6.17363183336417E-17,-0.863636363636363));
#13340=CARTESIAN_POINT('',(28.5452682532047,37.4,2.));
#13341=AXIS2_PLACEMENT_3D('',#13342,#13343,#13344);
#13342=CARTESIAN_POINT('',(23.,37.4,11.5));
#13343=DIRECTION('',(1.22464679914735E-16,-1.,0.));
#13344=DIRECTION('',(0.372727272727273,4.56459261500377E-17,-0.927940935709428));
#13345=CARTESIAN_POINT('',(27.,37.4,2.));
#13346=CARTESIAN_POINT('',(28.5452682532047,37.4,2.));
#13347=VECTOR('',#13348,1.);
#13348=DIRECTION('',(-1.,-4.59818374114993E-15,0.));
#13349=CARTESIAN_POINT('',(27.,37.4,4.04322417541601));
#13350=CARTESIAN_POINT('',(27.,37.4,4.04322417541601));
#13351=VECTOR('',#13352,1.);
#13352=DIRECTION('',(0.,0.,-1.));
#13353=CARTESIAN_POINT('',(25.5,37.4,3.00000000000002));
#13354=AXIS2_PLACEMENT_3D('',#13355,#13356,#13357);
#13355=CARTESIAN_POINT('',(25.5,37.4,4.59999967353198));
#13356=DIRECTION('',(-1.22464679914735E-16,1.,0.));
#13357=DIRECTION('',(0.937500191289923,1.14810660846324E-16,-0.347984757326175));
#13358=CARTESIAN_POINT('',(20.5,37.4,2.99999999999998));
#13359=CARTESIAN_POINT('',(20.5,37.4,2.99999999999998));
#13360=VECTOR('',#13361,1.);
#13361=DIRECTION('',(1.,0.,4.61852778244065E-15));
#13362=AXIS2_PLACEMENT_3D('',#13363,#13364,#13365);
#13363=CARTESIAN_POINT('',(20.5,37.4,4.6));
#13364=DIRECTION('',(-1.22464679914735E-16,1.,0.));
#13365=DIRECTION('',(-1.33226762955017E-14,-1.63155728813625E-30,-1.));
#13366=CARTESIAN_POINT('',(-4.1,41.25,16.));
#13367=VECTOR('',#13368,1.);
#13368=DIRECTION('',(-1.,0.,0.));
#13369=CARTESIAN_POINT('',(-18.9000003264681,37.4,16.));
#13370=VECTOR('',#13371,1.);
#13371=DIRECTION('',(1.,4.80096432490867E-16,0.));
#13372=CARTESIAN_POINT('',(-20.5,37.4,3.00000000000002));
#13373=AXIS2_PLACEMENT_3D('',#13374,#13375,#13376);
#13374=CARTESIAN_POINT('',(-20.5,37.4,4.59999967353198));
#13375=DIRECTION('',(-1.22464679914735E-16,1.,0.));
#13376=DIRECTION('',(0.999999999999979,1.22464679914733E-16,2.04042553963998E-7));
#13377=CARTESIAN_POINT('',(-25.5,37.4,2.99999999999998));
#13378=CARTESIAN_POINT('',(-25.5,37.4,2.99999999999998));
#13379=VECTOR('',#13380,1.);
#13380=DIRECTION('',(1.,0.,4.61852778244065E-15));
#13381=CARTESIAN_POINT('',(-27.,37.4,4.04322356371699));
#13382=AXIS2_PLACEMENT_3D('',#13383,#13384,#13385);
#13383=CARTESIAN_POINT('',(-25.5,37.4,4.6));
#13384=DIRECTION('',(-1.22464679914735E-16,1.,0.));
#13385=DIRECTION('',(-1.33226762955017E-14,-1.63155728813625E-30,-1.));
#13386=CARTESIAN_POINT('',(-27.,37.4,2.));
#13387=CARTESIAN_POINT('',(-27.,37.4,2.));
#13388=VECTOR('',#13389,1.);
#13389=DIRECTION('',(0.,0.,1.));
#13390=CARTESIAN_POINT('',(-28.5452682532047,37.4,2.));
#13391=CARTESIAN_POINT('',(-27.,37.4,2.));
#13392=VECTOR('',#13393,1.);
#13393=DIRECTION('',(-1.,0.,0.));
#13394=AXIS2_PLACEMENT_3D('',#13395,#13396,#13397);
#13395=CARTESIAN_POINT('',(-23.,37.4,11.5));
#13396=DIRECTION('',(1.22464679914735E-16,-1.,0.));
#13397=DIRECTION('',(-0.504115295745883,-6.17363183336417E-17,-0.863636363636363));
#13398=CARTESIAN_POINT('',(-17.4547317467953,37.4,2.));
#13399=AXIS2_PLACEMENT_3D('',#13400,#13401,#13402);
#13400=CARTESIAN_POINT('',(-23.,37.4,11.5));
#13401=DIRECTION('',(1.22464679914735E-16,-1.,0.));
#13402=DIRECTION('',(0.372727272727273,4.56459261500377E-17,-0.927940935709428));
#13403=CARTESIAN_POINT('',(-5.54526825320472,37.4,2.));
#13404=CARTESIAN_POINT('',(-17.4547317467953,37.4,2.));
#13405=VECTOR('',#13406,1.);
#13406=DIRECTION('',(1.,0.,-1.11866301136671E-16));
#13407=AXIS2_PLACEMENT_3D('',#13408,#13409,#13410);
#13408=CARTESIAN_POINT('',(-5.98852284783056E-15,37.4,11.5));
#13409=DIRECTION('',(1.22464679914735E-16,-1.,0.));
#13410=DIRECTION('',(-0.504115295745883,-6.17363183336417E-17,-0.863636363636363));
#13411=CARTESIAN_POINT('',(-5.54526825320471,30.,2.));
#13412=CARTESIAN_POINT('',(-5.54526825320473,37.4,2.00000000000001));
#13413=VECTOR('',#13414,1.);
#13414=DIRECTION('',(2.40048221540574E-16,-1.,-6.00120553851436E-17));
#13415=CARTESIAN_POINT('',(-10.8972473588517,19.,10.));
#13416=CARTESIAN_POINT('',(-10.8972473588517,19.,10.));
#13417=CARTESIAN_POINT('',(-10.4282266091121,23.6851155324839,6.59264324910264));
#13418=CARTESIAN_POINT('',(-8.51573300155525,27.6158912825104,3.73389724908337));
#13419=CARTESIAN_POINT('',(-5.54526825320472,30.,2.00000000000001));
#13420=CARTESIAN_POINT('',(-10.8972473588517,-19.,10.));
#13421=CARTESIAN_POINT('',(-10.8972473588517,19.,10.));
#13422=VECTOR('',#13423,1.);
#13423=DIRECTION('',(9.34924652315921E-17,-1.,-4.6746232615796E-17));
#13424=CARTESIAN_POINT('',(-8.80681085043684,-26.,4.90909090909092));
#13425=CARTESIAN_POINT('',(-10.8972473588517,-19.,10.));
#13426=CARTESIAN_POINT('',(-10.6416762816986,-21.552936141713,8.14331916966331));
#13427=CARTESIAN_POINT('',(-9.92977467429119,-23.9367977092814,6.40960166597717));
#13428=CARTESIAN_POINT('',(-8.80681085043684,-26.,4.90909090909091));
#13429=CARTESIAN_POINT('',(-5.5452682532047,-26.,2.));
#13430=AXIS2_PLACEMENT_3D('',#13431,#13432,#13433);
#13431=CARTESIAN_POINT('',(1.77635683940025E-15,-26.,11.5));
#13432=DIRECTION('',(0.,-1.,0.));
#13433=DIRECTION('',(-0.800619168221531,0.,-0.599173553719008));
#13434=CARTESIAN_POINT('',(-5.54526825320471,-26.,2.));
#13435=VECTOR('',#13436,1.);
#13436=DIRECTION('',(0.,-1.,7.79103876929934E-17));
#13437=CARTESIAN_POINT('',(-4.1,-41.25,16.));
#13438=VECTOR('',#13439,1.);
#13439=DIRECTION('',(-1.,0.,0.));
#13440=CARTESIAN_POINT('',(-17.4547317467953,-30.,2.));
#13441=CARTESIAN_POINT('',(-17.4547317467953,-30.,2.));
#13442=VECTOR('',#13443,1.);
#13443=DIRECTION('',(0.,-1.,1.20024110770287E-16));
#13444=CARTESIAN_POINT('',(-12.1027526411483,-19.,10.));
#13445=CARTESIAN_POINT('',(-17.4547317467953,-30.,1.99999999999999));
#13446=CARTESIAN_POINT('',(-14.4842669984447,-27.6158912825104,3.73389724908335));
#13447=CARTESIAN_POINT('',(-12.5717733908879,-23.6851155324839,6.59264324910263));
#13448=CARTESIAN_POINT('',(-12.1027526411483,-19.,10.));
#13449=CARTESIAN_POINT('',(-12.1027526411483,19.,10.));
#13450=CARTESIAN_POINT('',(-12.1027526411483,19.,10.));
#13451=VECTOR('',#13452,1.);
#13452=DIRECTION('',(1.40238697847388E-16,-1.,4.6746232615796E-17));
#13453=CARTESIAN_POINT('',(-17.4547317467953,30.,2.00000000000001));
#13454=CARTESIAN_POINT('',(-17.4547317467953,30.,2.));
#13455=CARTESIAN_POINT('',(-14.4842669984448,27.6158912825104,3.73389724908336));
#13456=CARTESIAN_POINT('',(-12.5717733908879,23.6851155324839,6.59264324910263));
#13457=CARTESIAN_POINT('',(-12.1027526411483,19.,10.));
#13458=CARTESIAN_POINT('',(-17.4547317467953,37.4,2.00000000000001));
#13459=VECTOR('',#13460,1.);
#13460=DIRECTION('',(0.,-1.,-6.00120553851436E-17));
#13461=CARTESIAN_POINT('',(-28.5452682532047,30.,2.));
#13462=CARTESIAN_POINT('',(-28.5452682532048,37.4,2.00000000000001));
#13463=VECTOR('',#13464,1.);
#13464=DIRECTION('',(0.,-1.,0.));
#13465=CARTESIAN_POINT('',(-33.8972473588517,30.,10.));
#13466=AXIS2_PLACEMENT_3D('',#13467,#13468,#13469);
#13467=CARTESIAN_POINT('',(-23.,30.,11.5));
#13468=DIRECTION('',(0.,-1.,0.));
#13469=DIRECTION('',(-0.990658850804699,0.,-0.136363636363637));
#13470=CARTESIAN_POINT('',(-33.8972473588517,37.4,10.));
#13471=CARTESIAN_POINT('',(-33.8972473588517,37.4,10.));
#13472=VECTOR('',#13473,1.);
#13473=DIRECTION('',(0.,-1.,0.));
#13474=CARTESIAN_POINT('',(-34.,37.4,11.5));
#13475=AXIS2_PLACEMENT_3D('',#13476,#13477,#13478);
#13476=CARTESIAN_POINT('',(-23.,37.4,11.5));
#13477=DIRECTION('',(1.22464679914735E-16,-1.,0.));
#13478=DIRECTION('',(-1.,-1.22464679914735E-16,0.));
#13479=CARTESIAN_POINT('',(-34.,32.2,11.5));
#13480=CARTESIAN_POINT('',(-34.,37.4,11.5));
#13481=VECTOR('',#13482,1.);
#13482=DIRECTION('',(0.,-1.,0.));
#13483=CARTESIAN_POINT('',(-33.988630487918,32.,11.));
#13484=CARTESIAN_POINT('',(-34.,32.2,11.5));
#13485=CARTESIAN_POINT('',(-34.,32.1333046093315,11.3332615233287));
#13486=CARTESIAN_POINT('',(-33.9962095095848,32.0666264548458,11.1665661371145));
#13487=CARTESIAN_POINT('',(-33.988630487918,32.,11.));
#13488=CARTESIAN_POINT('',(-33.988630487918,9.,11.));
#13489=CARTESIAN_POINT('',(-33.988630487918,32.,11.));
#13490=VECTOR('',#13491,1.);
#13491=DIRECTION('',(0.,-1.,-7.72329060608805E-17));
#13492=CARTESIAN_POINT('',(-33.8972473588517,8.,10.));
#13493=CARTESIAN_POINT('',(-33.988630487918,9.00000000000001,11.));
#13494=CARTESIAN_POINT('',(-33.9734052613108,8.66539122143767,10.6653912214377));
#13495=CARTESIAN_POINT('',(-33.9429230386732,8.33182612086613,10.3318261208661));
#13496=CARTESIAN_POINT('',(-33.8972473588517,8.00000000000001,10.));
#13497=AXIS2_PLACEMENT_3D('',#13498,#13499,#13500);
#13498=CARTESIAN_POINT('',(-23.,8.,11.5));
#13499=DIRECTION('',(1.22464679914735E-16,-1.,0.));
#13500=DIRECTION('',(-0.990658850804699,-1.21320719068497E-16,-0.136363636363635));
#13501=CARTESIAN_POINT('',(-35.5,8.,10.));
#13502=CARTESIAN_POINT('',(-35.5,8.,10.));
#13503=VECTOR('',#13504,1.);
#13504=DIRECTION('',(1.,0.,0.));
#13505=CARTESIAN_POINT('',(-35.5,8.,8.00000000000001));
#13506=CARTESIAN_POINT('',(-35.5,8.,10.));
#13507=VECTOR('',#13508,1.);
#13508=DIRECTION('',(0.,0.,-1.));
#13509=CARTESIAN_POINT('',(-34.1242977306435,8.,8.00000000000001));
#13510=CARTESIAN_POINT('',(-35.5,8.,8.00000000000001));
#13511=VECTOR('',#13512,1.);
#13512=DIRECTION('',(1.,6.45618197690097E-16,0.));
#13513=AXIS2_PLACEMENT_3D('',#13514,#13515,#13516);
#13514=CARTESIAN_POINT('',(-23.,8.,12.5));
#13515=DIRECTION('',(1.22464679914735E-16,-1.,0.));
#13516=DIRECTION('',(-0.927024810886958,-1.13527796738289E-16,-0.375));
#13517=CARTESIAN_POINT('',(-34.1242977306435,-8.,8.));
#13518=CARTESIAN_POINT('',(-34.1242977306435,8.,8.));
#13519=VECTOR('',#13520,1.);
#13520=DIRECTION('',(0.,-1.,0.));
#13521=AXIS2_PLACEMENT_3D('',#13522,#13523,#13524);
#13522=CARTESIAN_POINT('',(-23.,-8.,12.5));
#13523=DIRECTION('',(1.22464679914735E-16,-1.,0.));
#13524=DIRECTION('',(-0.927024810886958,-1.13527796738289E-16,-0.375));
#13525=CARTESIAN_POINT('',(-35.5,-8.,8.));
#13526=CARTESIAN_POINT('',(-35.5,-8.,8.));
#13527=VECTOR('',#13528,1.);
#13528=DIRECTION('',(1.,0.,0.));
#13529=CARTESIAN_POINT('',(-35.5,-8.,10.));
#13530=CARTESIAN_POINT('',(-35.5,-8.,8.));
#13531=VECTOR('',#13532,1.);
#13532=DIRECTION('',(0.,0.,1.));
#13533=CARTESIAN_POINT('',(-33.8972473588517,-8.,10.));
#13534=CARTESIAN_POINT('',(-35.5,-8.,10.));
#13535=VECTOR('',#13536,1.);
#13536=DIRECTION('',(1.,0.,0.));
#13537=AXIS2_PLACEMENT_3D('',#13538,#13539,#13540);
#13538=CARTESIAN_POINT('',(-23.,-8.,11.5));
#13539=DIRECTION('',(1.22464679914735E-16,-1.,0.));
#13540=DIRECTION('',(-0.990658850804699,-1.21320719068497E-16,-0.136363636363636));
#13541=CARTESIAN_POINT('',(-33.988630487918,-9.,11.));
#13542=CARTESIAN_POINT('',(-33.988630487918,-9.,11.));
#13543=CARTESIAN_POINT('',(-33.9734052613108,-8.66539122143766,10.6653912214377));
#13544=CARTESIAN_POINT('',(-33.9429230386732,-8.33182612086613,10.3318261208661));
#13545=CARTESIAN_POINT('',(-33.8972473588517,-8.,10.));
#13546=CARTESIAN_POINT('',(-33.988630487918,-32.,11.));
#13547=CARTESIAN_POINT('',(-33.988630487918,-8.99999999999999,11.));
#13548=VECTOR('',#13549,1.);
#13549=DIRECTION('',(0.,-1.,-7.72329060608805E-17));
#13550=CARTESIAN_POINT('',(-34.,-32.2,11.5));
#13551=CARTESIAN_POINT('',(-34.,-32.2,11.5));
#13552=CARTESIAN_POINT('',(-34.,-32.1333046093315,11.3332615233287));
#13553=CARTESIAN_POINT('',(-33.9962095095848,-32.0666264548458,11.1665661371145));
#13554=CARTESIAN_POINT('',(-33.988630487918,-32.,11.));
#13555=CARTESIAN_POINT('',(-34.,-37.4,11.5));
#13556=CARTESIAN_POINT('',(-34.,-32.2,11.5));
#13557=VECTOR('',#13558,1.);
#13558=DIRECTION('',(0.,-1.,0.));
#13559=CARTESIAN_POINT('',(-33.8972473588517,-37.4,10.));
#13560=AXIS2_PLACEMENT_3D('',#13561,#13562,#13563);
#13561=CARTESIAN_POINT('',(-23.,-37.4,11.5));
#13562=DIRECTION('',(1.22464679914735E-16,-1.,0.));
#13563=DIRECTION('',(-1.,-1.22464679914735E-16,0.));
#13564=CARTESIAN_POINT('',(-33.8972473588517,-30.,10.));
#13565=CARTESIAN_POINT('',(-33.8972473588517,-30.,10.));
#13566=VECTOR('',#13567,1.);
#13567=DIRECTION('',(0.,-1.,0.));
#13568=CARTESIAN_POINT('',(-28.5452682532047,-30.,2.));
#13569=AXIS2_PLACEMENT_3D('',#13570,#13571,#13572);
#13570=CARTESIAN_POINT('',(-23.,-30.,11.5));
#13571=DIRECTION('',(0.,-1.,0.));
#13572=DIRECTION('',(-0.990658850804699,0.,-0.136363636363636));
#13573=CARTESIAN_POINT('',(-28.5452682532047,-37.4,2.00000000000001));
#13574=CARTESIAN_POINT('',(-28.5452682532047,-30.,2.00000000000001));
#13575=VECTOR('',#13576,1.);
#13576=DIRECTION('',(0.,-1.,0.));
#13577=AXIS2_PLACEMENT_3D('',#13578,#13579,#13580);
#13578=CARTESIAN_POINT('',(-23.,-37.4,11.5));
#13579=DIRECTION('',(1.22464679914735E-16,-1.,0.));
#13580=DIRECTION('',(-0.504115295745883,-6.17363183336417E-17,-0.863636363636363));
#13581=CARTESIAN_POINT('',(-34.,-37.4,2.));
#13582=CARTESIAN_POINT('',(-34.,-37.4,2.));
#13583=VECTOR('',#13584,1.);
#13584=DIRECTION('',(1.,1.30261719318746E-15,-4.0706787287108E-17));
#13585=CARTESIAN_POINT('',(-34.,-37.4,10.));
#13586=CARTESIAN_POINT('',(-34.,-37.4,2.));
#13587=VECTOR('',#13588,1.);
#13588=DIRECTION('',(0.,0.,1.));
#13589=CARTESIAN_POINT('',(-34.,-37.4,10.));
#13590=VECTOR('',#13591,1.);
#13591=DIRECTION('',(1.,0.,0.));
#13592=CARTESIAN_POINT('',(-34.,-37.4,16.));
#13593=CARTESIAN_POINT('',(-34.,-37.4,16.));
#13594=VECTOR('',#13595,1.);
#13595=DIRECTION('',(0.,0.,-1.));
#13596=CARTESIAN_POINT('',(-34.,-37.4,16.));
#13597=VECTOR('',#13598,1.);
#13598=DIRECTION('',(1.,0.,0.));
#13599=CARTESIAN_POINT('',(-34.5,-41.25,16.));
#13600=CARTESIAN_POINT('',(-35.5,-40.25,16.));
#13601=AXIS2_PLACEMENT_3D('',#13602,#13603,#13604);
#13602=CARTESIAN_POINT('',(-34.5,-40.25,16.));
#13603=DIRECTION('',(7.50573312422641E-17,1.29288342981165E-32,1.));
#13604=DIRECTION('',(-1.,9.70403798490072E-49,7.50573312422641E-17));
#13605=CARTESIAN_POINT('',(-27.1,-41.25,16.));
#13606=VECTOR('',#13607,1.);
#13607=DIRECTION('',(-1.,-9.601928861623E-16,4.8009644308115E-16));
#13608=CARTESIAN_POINT('',(-34.,-34.,16.));
#13609=CARTESIAN_POINT('',(-34.,-34.,16.));
#13610=VECTOR('',#13611,1.);
#13611=DIRECTION('',(0.,-1.,0.));
#13612=CARTESIAN_POINT('',(-35.5,-34.,16.));
#13613=CARTESIAN_POINT('',(-35.5,-34.,16.));
#13614=VECTOR('',#13615,1.);
#13615=DIRECTION('',(1.,0.,0.));
#13616=CARTESIAN_POINT('',(-35.5,-34.,16.));
#13617=VECTOR('',#13618,1.);
#13618=DIRECTION('',(0.,-1.,0.));
#13619=CARTESIAN_POINT('',(-34.5,-41.25,16.));
#13620=VECTOR('',#13621,1.);
#13621=DIRECTION('',(0.,4.44089209850062E-16,-1.));
#13622=CARTESIAN_POINT('',(17.4547317467953,30.,2.));
#13623=CARTESIAN_POINT('',(17.4547317467952,37.4,2.00000000000001));
#13624=VECTOR('',#13625,1.);
#13625=DIRECTION('',(0.,-1.,0.));
#13626=CARTESIAN_POINT('',(12.1027526411483,19.,10.));
#13627=CARTESIAN_POINT('',(12.1027526411483,19.,10.));
#13628=CARTESIAN_POINT('',(12.5717733908879,23.6851155324839,6.59264324910264));
#13629=CARTESIAN_POINT('',(14.4842669984447,27.6158912825104,3.73389724908336));
#13630=CARTESIAN_POINT('',(17.4547317467953,30.,2.));
#13631=CARTESIAN_POINT('',(12.1027526411483,-19.,10.));
#13632=CARTESIAN_POINT('',(12.1027526411483,19.,10.));
#13633=VECTOR('',#13634,1.);
#13634=DIRECTION('',(1.86984930463184E-16,-1.,-4.6746232615796E-17));
#13635=CARTESIAN_POINT('',(17.4547317467953,-30.,2.));
#13636=CARTESIAN_POINT('',(12.1027526411483,-19.,10.));
#13637=CARTESIAN_POINT('',(12.5717733908879,-23.6851155324839,6.59264324910264));
#13638=CARTESIAN_POINT('',(14.4842669984448,-27.6158912825104,3.73389724908336));
#13639=CARTESIAN_POINT('',(17.4547317467953,-30.,2.));
#13640=CARTESIAN_POINT('',(17.4547317467954,-30.,1.99999999999997));
#13641=VECTOR('',#13642,1.);
#13642=DIRECTION('',(0.,-1.,1.20024110770287E-16));
#13643=CARTESIAN_POINT('',(34.5,-41.25,16.));
#13644=CARTESIAN_POINT('',(34.5,-41.25,4.3329617777795E-15));
#13645=VECTOR('',#13646,1.);
#13646=DIRECTION('',(0.,-4.44089209850063E-16,1.));
#13647=CARTESIAN_POINT('',(34.5,-41.25,16.));
#13648=VECTOR('',#13649,1.);
#13649=DIRECTION('',(-1.,-9.60192886162294E-16,2.40048221540574E-16));
#13650=CARTESIAN_POINT('',(35.5,-40.25,16.));
#13651=AXIS2_PLACEMENT_3D('',#13652,#13653,#13654);
#13652=CARTESIAN_POINT('',(34.5,-40.25,16.));
#13653=DIRECTION('',(7.50573312422641E-17,1.29288342981165E-32,1.));
#13654=DIRECTION('',(9.70403798490072E-49,-1.,1.29288342981165E-32));
#13655=CARTESIAN_POINT('',(35.5,-34.,16.));
#13656=CARTESIAN_POINT('',(35.5,-34.,16.));
#13657=VECTOR('',#13658,1.);
#13658=DIRECTION('',(0.,-1.,-2.84217094304039E-16));
#13659=CARTESIAN_POINT('',(34.,-34.,16.));
#13660=CARTESIAN_POINT('',(34.,-34.,16.));
#13661=VECTOR('',#13662,1.);
#13662=DIRECTION('',(1.,0.,0.));
#13663=CARTESIAN_POINT('',(34.,-37.4,16.));
#13664=CARTESIAN_POINT('',(34.,-37.4,16.));
#13665=VECTOR('',#13666,1.);
#13666=DIRECTION('',(0.,1.,0.));
#13667=CARTESIAN_POINT('',(27.1,-37.4,16.));
#13668=VECTOR('',#13669,1.);
#13669=DIRECTION('',(1.,1.02977208081174E-15,0.));
#13670=CARTESIAN_POINT('',(34.,-37.4,11.5));
#13671=CARTESIAN_POINT('',(34.,-37.4,11.5));
#13672=VECTOR('',#13673,1.);
#13673=DIRECTION('',(0.,0.,1.));
#13674=CARTESIAN_POINT('',(33.8972473588517,-37.4,10.));
#13675=AXIS2_PLACEMENT_3D('',#13676,#13677,#13678);
#13676=CARTESIAN_POINT('',(23.,-37.4,11.5));
#13677=DIRECTION('',(1.22464679914735E-16,-1.,0.));
#13678=DIRECTION('',(0.990658850804699,1.21320719068497E-16,-0.136363636363636));
#13679=CARTESIAN_POINT('',(34.,-37.4,10.));
#13680=CARTESIAN_POINT('',(33.8972473588517,-37.4,10.));
#13681=VECTOR('',#13682,1.);
#13682=DIRECTION('',(1.,0.,0.));
#13683=CARTESIAN_POINT('',(34.,-37.4,2.));
#13684=CARTESIAN_POINT('',(34.,-37.4,2.));
#13685=VECTOR('',#13686,1.);
#13686=DIRECTION('',(0.,0.,1.));
#13687=CARTESIAN_POINT('',(28.5452682532047,-37.4,2.00000000000001));
#13688=CARTESIAN_POINT('',(28.5452682532047,-37.4,2.));
#13689=VECTOR('',#13690,1.);
#13690=DIRECTION('',(1.,1.30261719318746E-15,0.));
#13691=AXIS2_PLACEMENT_3D('',#13692,#13693,#13694);
#13692=CARTESIAN_POINT('',(23.,-37.4,11.5));
#13693=DIRECTION('',(1.22464679914735E-16,-1.,0.));
#13694=DIRECTION('',(0.372727272727273,4.56459261500377E-17,-0.927940935709428));
#13695=CARTESIAN_POINT('',(28.5452682532047,-30.,2.));
#13696=CARTESIAN_POINT('',(28.5452682532048,-30.,2.00000000000002));
#13697=VECTOR('',#13698,1.);
#13698=DIRECTION('',(0.,-1.,0.));
#13699=CARTESIAN_POINT('',(33.8972473588517,-30.,10.));
#13700=AXIS2_PLACEMENT_3D('',#13701,#13702,#13703);
#13701=CARTESIAN_POINT('',(23.,-30.,11.5));
#13702=DIRECTION('',(0.,-1.,0.));
#13703=DIRECTION('',(0.504115295745883,0.,-0.863636363636364));
#13704=CARTESIAN_POINT('',(33.8972473588517,-30.,10.));
#13705=VECTOR('',#13706,1.);
#13706=DIRECTION('',(0.,-1.,0.));
#13707=CARTESIAN_POINT('',(34.,-32.2,11.5));
#13708=CARTESIAN_POINT('',(34.,-32.2,11.5));
#13709=VECTOR('',#13710,1.);
#13710=DIRECTION('',(0.,-1.,0.));
#13711=CARTESIAN_POINT('',(33.988630487918,-32.,11.));
#13712=CARTESIAN_POINT('',(33.988630487918,-32.,11.));
#13713=CARTESIAN_POINT('',(33.9962095095848,-32.0666264548458,11.1665661371145));
#13714=CARTESIAN_POINT('',(34.,-32.1333046093315,11.3332615233287));
#13715=CARTESIAN_POINT('',(34.,-32.2,11.5));
#13716=CARTESIAN_POINT('',(33.988630487918,-9.,11.));
#13717=CARTESIAN_POINT('',(33.988630487918,-8.99999999999999,11.));
#13718=VECTOR('',#13719,1.);
#13719=DIRECTION('',(0.,-1.,0.));
#13720=CARTESIAN_POINT('',(33.8972473588517,-7.99999999999999,9.99999999999999));
#13721=CARTESIAN_POINT('',(33.8972473588517,-7.99999999999999,9.99999999999999));
#13722=CARTESIAN_POINT('',(33.9429230386732,-8.33182612086612,10.3318261208661));
#13723=CARTESIAN_POINT('',(33.9734052613108,-8.66539122143766,10.6653912214377));
#13724=CARTESIAN_POINT('',(33.988630487918,-9.,11.));
#13725=AXIS2_PLACEMENT_3D('',#13726,#13727,#13728);
#13726=CARTESIAN_POINT('',(23.,-8.,11.5));
#13727=DIRECTION('',(1.22464679914735E-16,-1.,0.));
#13728=DIRECTION('',(0.372727272727273,4.56459261500377E-17,-0.927940935709428));
#13729=CARTESIAN_POINT('',(35.5,-8.,9.99999999999999));
#13730=CARTESIAN_POINT('',(33.8972473588517,-8.,9.99999999999999));
#13731=VECTOR('',#13732,1.);
#13732=DIRECTION('',(1.,0.,0.));
#13733=CARTESIAN_POINT('',(35.5,-8.,7.99999999999999));
#13734=CARTESIAN_POINT('',(35.5,-8.,9.99999999999999));
#13735=VECTOR('',#13736,1.);
#13736=DIRECTION('',(0.,0.,-1.));
#13737=CARTESIAN_POINT('',(34.2836777379547,-7.99999999999999,7.99999999999999));
#13738=CARTESIAN_POINT('',(34.2836777379547,-8.,8.));
#13739=VECTOR('',#13740,1.);
#13740=DIRECTION('',(1.,0.,-1.46043272809399E-15));
#13741=AXIS2_PLACEMENT_3D('',#13742,#13743,#13744);
#13742=CARTESIAN_POINT('',(23.4719460193702,-8.,12.0280539806298));
#13743=DIRECTION('',(1.22464679914735E-16,-1.,0.));
#13744=DIRECTION('',(0.314451814966972,3.85092408685378E-17,-0.949273435878186));
#13745=CARTESIAN_POINT('',(34.2836777379547,8.,8.));
#13746=CARTESIAN_POINT('',(34.2836777379547,8.,8.));
#13747=VECTOR('',#13748,1.);
#13748=DIRECTION('',(0.,-1.,-5.55111512312578E-17));
#13749=AXIS2_PLACEMENT_3D('',#13750,#13751,#13752);
#13750=CARTESIAN_POINT('',(23.4719460193702,8.,12.0280539806298));
#13751=DIRECTION('',(1.22464679914735E-16,-1.,0.));
#13752=DIRECTION('',(0.314451814966972,3.85092408685378E-17,-0.949273435878186));
#13753=CARTESIAN_POINT('',(35.5,8.,8.));
#13754=CARTESIAN_POINT('',(34.2836777379547,8.,8.));
#13755=VECTOR('',#13756,1.);
#13756=DIRECTION('',(1.,0.,0.));
#13757=CARTESIAN_POINT('',(35.5,8.,10.));
#13758=CARTESIAN_POINT('',(35.5,8.,8.));
#13759=VECTOR('',#13760,1.);
#13760=DIRECTION('',(0.,0.,1.));
#13761=CARTESIAN_POINT('',(33.8972473588517,8.,9.99999999999999));
#13762=CARTESIAN_POINT('',(33.8972473588517,8.,10.));
#13763=VECTOR('',#13764,1.);
#13764=DIRECTION('',(1.,0.,0.));
#13765=AXIS2_PLACEMENT_3D('',#13766,#13767,#13768);
#13766=CARTESIAN_POINT('',(23.,8.,11.5));
#13767=DIRECTION('',(1.22464679914735E-16,-1.,0.));
#13768=DIRECTION('',(0.372727272727273,4.56459261500377E-17,-0.927940935709428));
#13769=CARTESIAN_POINT('',(33.988630487918,9.,11.));
#13770=CARTESIAN_POINT('',(33.8972473588517,8.,9.99999999999999));
#13771=CARTESIAN_POINT('',(33.9429230386732,8.33182612086612,10.3318261208661));
#13772=CARTESIAN_POINT('',(33.9734052613108,8.66539122143766,10.6653912214377));
#13773=CARTESIAN_POINT('',(33.988630487918,9.,11.));
#13774=CARTESIAN_POINT('',(33.988630487918,32.,11.));
#13775=CARTESIAN_POINT('',(33.988630487918,32.,11.));
#13776=VECTOR('',#13777,1.);
#13777=DIRECTION('',(3.08931624243522E-16,-1.,-7.72329060608805E-17));
#13778=CARTESIAN_POINT('',(34.,32.2,11.5));
#13779=CARTESIAN_POINT('',(33.988630487918,32.,11.));
#13780=CARTESIAN_POINT('',(33.9962095095848,32.0666264548458,11.1665661371145));
#13781=CARTESIAN_POINT('',(34.,32.1333046093315,11.3332615233287));
#13782=CARTESIAN_POINT('',(34.,32.2,11.5));
#13783=CARTESIAN_POINT('',(34.,37.4,11.5));
#13784=CARTESIAN_POINT('',(34.,37.4,11.5));
#13785=VECTOR('',#13786,1.);
#13786=DIRECTION('',(0.,-1.,0.));
#13787=CARTESIAN_POINT('',(33.8972473588517,37.4,10.));
#13788=AXIS2_PLACEMENT_3D('',#13789,#13790,#13791);
#13789=CARTESIAN_POINT('',(23.,37.4,11.5));
#13790=DIRECTION('',(1.22464679914735E-16,-1.,0.));
#13791=DIRECTION('',(0.990658850804699,1.21320719068497E-16,-0.136363636363636));
#13792=CARTESIAN_POINT('',(33.8972473588517,30.,10.));
#13793=CARTESIAN_POINT('',(33.8972473588517,37.4,10.));
#13794=VECTOR('',#13795,1.);
#13795=DIRECTION('',(0.,-1.,0.));
#13796=CARTESIAN_POINT('',(28.5452682532047,30.,2.));
#13797=AXIS2_PLACEMENT_3D('',#13798,#13799,#13800);
#13798=CARTESIAN_POINT('',(23.,30.,11.5));
#13799=DIRECTION('',(0.,-1.,0.));
#13800=DIRECTION('',(0.504115295745883,0.,-0.863636363636364));
#13801=CARTESIAN_POINT('',(28.5452682532048,37.4,2.00000000000002));
#13802=VECTOR('',#13803,1.);
#13803=DIRECTION('',(4.80096443081149E-16,-1.,0.));
#13804=CARTESIAN_POINT('',(20.5,38.,2.99999999999998));
#13805=CARTESIAN_POINT('',(20.5,37.4,2.99999999999998));
#13806=VECTOR('',#13807,1.);
#13807=DIRECTION('',(0.,1.,0.));
#13808=AXIS2_PLACEMENT_3D('',#13809,#13810,#13811);
#13809=CARTESIAN_POINT('',(20.5,38.,4.6));
#13810=DIRECTION('',(0.,1.,0.));
#13811=DIRECTION('',(-1.33226762955017E-14,0.,-1.));
#13812=CARTESIAN_POINT('',(25.5,38.,3.00000000000002));
#13813=CARTESIAN_POINT('',(25.5,38.,3.));
#13814=VECTOR('',#13815,1.);
#13815=DIRECTION('',(-1.,0.,-4.61852778244065E-15));
#13816=CARTESIAN_POINT('',(27.,38.,4.04322417541599));
#13817=AXIS2_PLACEMENT_3D('',#13818,#13819,#13820);
#13818=CARTESIAN_POINT('',(25.5,38.,4.59999967353198));
#13819=DIRECTION('',(0.,1.,0.));
#13820=DIRECTION('',(0.937500191289921,0.,-0.347984757326182));
#13821=CARTESIAN_POINT('',(27.,38.,2.));
#13822=CARTESIAN_POINT('',(27.,38.,2.));
#13823=VECTOR('',#13824,1.);
#13824=DIRECTION('',(0.,0.,1.));
#13825=CARTESIAN_POINT('',(34.,38.,2.));
#13826=CARTESIAN_POINT('',(34.,38.,2.));
#13827=VECTOR('',#13828,1.);
#13828=DIRECTION('',(-1.,0.,0.));
#13829=CARTESIAN_POINT('',(34.,38.,10.));
#13830=CARTESIAN_POINT('',(34.,38.,2.));
#13831=VECTOR('',#13832,1.);
#13832=DIRECTION('',(0.,0.,1.));
#13833=CARTESIAN_POINT('',(34.,38.,10.));
#13834=VECTOR('',#13835,1.);
#13835=DIRECTION('',(-1.,0.,0.));
#13836=CARTESIAN_POINT('',(-34.,38.,10.));
#13837=CARTESIAN_POINT('',(-27.1,38.,10.));
#13838=VECTOR('',#13839,1.);
#13839=DIRECTION('',(-1.,0.,0.));
#13840=CARTESIAN_POINT('',(-34.,38.,2.));
#13841=CARTESIAN_POINT('',(-34.,38.,2.));
#13842=VECTOR('',#13843,1.);
#13843=DIRECTION('',(0.,0.,1.));
#13844=CARTESIAN_POINT('',(-27.,38.,2.));
#13845=CARTESIAN_POINT('',(-27.,38.,2.));
#13846=VECTOR('',#13847,1.);
#13847=DIRECTION('',(-1.,0.,0.));
#13848=CARTESIAN_POINT('',(-27.,38.,4.04322356371698));
#13849=CARTESIAN_POINT('',(-27.,38.,2.));
#13850=VECTOR('',#13851,1.);
#13851=DIRECTION('',(0.,0.,1.));
#13852=CARTESIAN_POINT('',(-25.5,38.,2.99999999999998));
#13853=AXIS2_PLACEMENT_3D('',#13854,#13855,#13856);
#13854=CARTESIAN_POINT('',(-25.5,38.,4.6));
#13855=DIRECTION('',(0.,1.,0.));
#13856=DIRECTION('',(-1.33226762955017E-14,0.,-1.));
#13857=CARTESIAN_POINT('',(-20.5,38.,3.00000000000002));
#13858=CARTESIAN_POINT('',(-20.5,38.,3.));
#13859=VECTOR('',#13860,1.);
#13860=DIRECTION('',(-1.,0.,-4.61852778244065E-15));
#13861=AXIS2_PLACEMENT_3D('',#13862,#13863,#13864);
#13862=CARTESIAN_POINT('',(-20.5,38.,4.59999967353198));
#13863=DIRECTION('',(0.,1.,0.));
#13864=DIRECTION('',(0.999999999999979,0.,2.04042553963998E-7));
#13865=CARTESIAN_POINT('',(-20.5,37.4,3.00000000000002));
#13866=VECTOR('',#13867,1.);
#13867=DIRECTION('',(0.,1.,0.));
#13868=CARTESIAN_POINT('',(2.50000000000001,-38.,3.00000000000002));
#13869=AXIS2_PLACEMENT_3D('',#13870,#13871,#13872);
#13870=CARTESIAN_POINT('',(2.5,-38.,4.59999967353198));
#13871=DIRECTION('',(1.22464679914735E-16,-1.,0.));
#13872=DIRECTION('',(4.16333719184221E-15,5.09861756576069E-31,-1.));
#13873=CARTESIAN_POINT('',(-2.49999999999999,-38.,2.99999999999998));
#13874=CARTESIAN_POINT('',(-2.49999999999999,-38.,2.99999999999998));
#13875=VECTOR('',#13876,1.);
#13876=DIRECTION('',(1.,0.,4.44089209850063E-15));
#13877=AXIS2_PLACEMENT_3D('',#13878,#13879,#13880);
#13878=CARTESIAN_POINT('',(-2.49999999999997,-38.,4.6));
#13879=DIRECTION('',(1.22464679914735E-16,-1.,0.));
#13880=DIRECTION('',(-1.,-1.22464679914735E-16,0.));
#13881=CARTESIAN_POINT('',(-2.49999999999999,-37.4,2.99999999999998));
#13882=VECTOR('',#13883,1.);
#13883=DIRECTION('',(0.,-1.,0.));
#13884=CARTESIAN_POINT('',(2.50000000000001,-37.4,3.00000000000002));
#13885=VECTOR('',#13886,1.);
#13886=DIRECTION('',(0.,-1.,0.));
#13887=CARTESIAN_POINT('',(34.,30.,10.));
#13888=CARTESIAN_POINT('',(34.,30.,10.));
#13889=VECTOR('',#13890,1.);
#13890=DIRECTION('',(0.,1.,0.));
#13891=CARTESIAN_POINT('',(33.8972473588517,30.,10.));
#13892=VECTOR('',#13893,1.);
#13893=DIRECTION('',(1.,0.,0.));
#13894=CARTESIAN_POINT('',(33.8972473588517,37.4,10.));
#13895=VECTOR('',#13896,1.);
#13896=DIRECTION('',(-1.,-1.04533889105539E-15,0.));
#13897=CARTESIAN_POINT('',(34.,37.4,16.));
#13898=CARTESIAN_POINT('',(34.,37.4,11.5));
#13899=VECTOR('',#13900,1.);
#13900=DIRECTION('',(0.,0.,1.));
#13901=CARTESIAN_POINT('',(27.0999996735319,37.4,16.));
#13902=VECTOR('',#13903,1.);
#13903=DIRECTION('',(1.,0.,0.));
#13904=CARTESIAN_POINT('',(34.5,41.25,16.));
#13905=CARTESIAN_POINT('',(35.5,40.25,16.));
#13906=AXIS2_PLACEMENT_3D('',#13907,#13908,#13909);
#13907=CARTESIAN_POINT('',(34.5,40.25,16.));
#13908=DIRECTION('',(7.50573312422641E-17,1.29288342981165E-32,1.));
#13909=DIRECTION('',(1.,-9.70403798490072E-49,-7.50573312422641E-17));
#13910=CARTESIAN_POINT('',(34.5,41.25,16.));
#13911=VECTOR('',#13912,1.);
#13912=DIRECTION('',(-1.,-9.60192886162297E-16,2.40048221540574E-16));
#13913=CARTESIAN_POINT('',(34.,34.,16.));
#13914=CARTESIAN_POINT('',(34.,34.,16.));
#13915=VECTOR('',#13916,1.);
#13916=DIRECTION('',(0.,1.,0.));
#13917=CARTESIAN_POINT('',(35.5,34.,16.));
#13918=CARTESIAN_POINT('',(35.5,34.,16.));
#13919=VECTOR('',#13920,1.);
#13920=DIRECTION('',(-1.,0.,-1.1842378929335E-15));
#13921=CARTESIAN_POINT('',(35.5,40.25,16.));
#13922=VECTOR('',#13923,1.);
#13923=DIRECTION('',(0.,-1.,-2.8421709430404E-16));
#13924=CARTESIAN_POINT('',(34.5,41.25,4.3329617777795E-15));
#13925=VECTOR('',#13926,1.);
#13926=DIRECTION('',(0.,0.,1.));
#13927=CARTESIAN_POINT('',(-34.,37.4,16.));
#13928=CARTESIAN_POINT('',(-34.,37.4,16.));
#13929=VECTOR('',#13930,1.);
#13930=DIRECTION('',(1.,1.02977208081174E-15,0.));
#13931=CARTESIAN_POINT('',(-34.,37.4,16.));
#13932=VECTOR('',#13933,1.);
#13933=DIRECTION('',(0.,0.,-1.));
#13934=CARTESIAN_POINT('',(-27.1,37.4,10.));
#13935=VECTOR('',#13936,1.);
#13936=DIRECTION('',(-1.,-2.0906778825249E-15,0.));
#13937=CARTESIAN_POINT('',(-34.,30.,10.));
#13938=CARTESIAN_POINT('',(-34.,30.,10.));
#13939=VECTOR('',#13940,1.);
#13940=DIRECTION('',(1.,0.,0.));
#13941=CARTESIAN_POINT('',(-34.,38.,10.));
#13942=VECTOR('',#13943,1.);
#13943=DIRECTION('',(0.,-1.,0.));
#13944=CARTESIAN_POINT('',(-34.5,41.25,16.));
#13945=CARTESIAN_POINT('',(-34.5,41.25,16.));
#13946=VECTOR('',#13947,1.);
#13947=DIRECTION('',(0.,0.,-1.));
#13948=CARTESIAN_POINT('',(-27.1,41.25,16.));
#13949=VECTOR('',#13950,1.);
#13950=DIRECTION('',(-1.,-9.60192886162299E-16,4.80096443081149E-16));
#13951=CARTESIAN_POINT('',(-35.5,40.25,16.));
#13952=AXIS2_PLACEMENT_3D('',#13953,#13954,#13955);
#13953=CARTESIAN_POINT('',(-34.5,40.25,16.));
#13954=DIRECTION('',(7.50573312422641E-17,1.29288342981165E-32,1.));
#13955=DIRECTION('',(-9.70403798490072E-49,1.,-1.29288342981165E-32));
#13956=CARTESIAN_POINT('',(-35.5,34.,16.));
#13957=CARTESIAN_POINT('',(-35.5,40.25,16.));
#13958=VECTOR('',#13959,1.);
#13959=DIRECTION('',(0.,-1.,0.));
#13960=CARTESIAN_POINT('',(-34.,34.,16.));
#13961=CARTESIAN_POINT('',(-34.,34.,16.));
#13962=VECTOR('',#13963,1.);
#13963=DIRECTION('',(-1.,0.,0.));
#13964=CARTESIAN_POINT('',(-34.,37.4,16.));
#13965=VECTOR('',#13966,1.);
#13966=DIRECTION('',(-2.08983157576501E-15,-1.,0.));
#13967=CARTESIAN_POINT('',(35.5,40.25,4.6162387226619E-15));
#13968=VECTOR('',#13969,1.);
#13969=DIRECTION('',(0.,0.,1.));
#13970=CARTESIAN_POINT('',(35.5,32.,11.));
#13971=CARTESIAN_POINT('',(35.5,32.,11.));
#13972=VECTOR('',#13973,1.);
#13973=DIRECTION('',(0.,0.371390676354104,0.928476690885259));
#13974=CARTESIAN_POINT('',(35.5,9.,11.));
#13975=CARTESIAN_POINT('',(35.5,9.,11.));
#13976=VECTOR('',#13977,1.);
#13977=DIRECTION('',(-3.08931624243522E-16,1.,0.));
#13978=CARTESIAN_POINT('',(35.5,8.,10.));
#13979=VECTOR('',#13980,1.);
#13980=DIRECTION('',(0.,0.707106781186547,0.707106781186547));
#13981=CARTESIAN_POINT('',(35.5,-8.,7.99999999999999));
#13982=VECTOR('',#13983,1.);
#13983=DIRECTION('',(0.,1.,5.55111512312578E-17));
#13984=CARTESIAN_POINT('',(35.5,-9.,11.));
#13985=CARTESIAN_POINT('',(35.5,-9.,11.));
#13986=VECTOR('',#13987,1.);
#13987=DIRECTION('',(0.,0.707106781186547,-0.707106781186547));
#13988=CARTESIAN_POINT('',(35.5,-32.,11.));
#13989=CARTESIAN_POINT('',(35.5,-32.,11.));
#13990=VECTOR('',#13991,1.);
#13991=DIRECTION('',(-3.08931624243522E-16,1.,0.));
#13992=CARTESIAN_POINT('',(35.5,-34.,16.));
#13993=VECTOR('',#13994,1.);
#13994=DIRECTION('',(0.,0.371390676354104,-0.928476690885259));
#13995=CARTESIAN_POINT('',(35.5,-40.25,4.6162387226619E-15));
#13996=VECTOR('',#13997,1.);
#13997=DIRECTION('',(0.,-4.44089209850063E-16,1.));
#13998=CARTESIAN_POINT('',(35.5,-4.,4.));
#13999=CARTESIAN_POINT('',(35.5,-4.,4.));
#14000=VECTOR('',#14001,1.);
#14001=DIRECTION('',(0.,0.,-1.));
#14002=CARTESIAN_POINT('',(35.5,4.,4.));
#14003=CARTESIAN_POINT('',(35.5,-4.,4.));
#14004=VECTOR('',#14005,1.);
#14005=DIRECTION('',(0.,1.,0.));
#14006=CARTESIAN_POINT('',(35.5,4.,4.39419411773686E-15));
#14007=VECTOR('',#14008,1.);
#14008=DIRECTION('',(0.,0.,1.));
#14009=CARTESIAN_POINT('',(33.5,4.,4.));
#14010=CARTESIAN_POINT('',(33.5,4.,4.));
#14011=VECTOR('',#14012,1.);
#14012=DIRECTION('',(1.,0.,0.));
#14013=CARTESIAN_POINT('',(33.5,4.,4.));
#14014=VECTOR('',#14015,1.);
#14015=DIRECTION('',(0.,0.,-1.));
#14016=CARTESIAN_POINT('',(33.5,-4.,4.));
#14017=CARTESIAN_POINT('',(33.5,-4.,4.));
#14018=VECTOR('',#14019,1.);
#14019=DIRECTION('',(0.,1.,0.));
#14020=CARTESIAN_POINT('',(33.5,-4.,4.));
#14021=VECTOR('',#14022,1.);
#14022=DIRECTION('',(0.,0.,-1.));
#14023=CARTESIAN_POINT('',(35.5,-4.,4.));
#14024=VECTOR('',#14025,1.);
#14025=DIRECTION('',(-1.,0.,0.));
#14026=CARTESIAN_POINT('',(-35.5,-40.25,16.));
#14027=VECTOR('',#14028,1.);
#14028=DIRECTION('',(0.,0.,-1.));
#14029=CARTESIAN_POINT('',(-35.5,40.25,16.));
#14030=VECTOR('',#14031,1.);
#14031=DIRECTION('',(0.,0.,-1.));
#14032=CARTESIAN_POINT('',(-35.5,4.,4.));
#14033=CARTESIAN_POINT('',(-35.5,3.99999999999999,4.));
#14034=VECTOR('',#14035,1.);
#14035=DIRECTION('',(0.,0.,-1.));
#14036=CARTESIAN_POINT('',(-35.5,-4.,4.));
#14037=CARTESIAN_POINT('',(-35.5,4.,4.));
#14038=VECTOR('',#14039,1.);
#14039=DIRECTION('',(0.,-1.,0.));
#14040=CARTESIAN_POINT('',(-35.5,-4.00000000000001,-3.5527136788005E-15));
#14041=VECTOR('',#14042,1.);
#14042=DIRECTION('',(0.,0.,1.));
#14043=CARTESIAN_POINT('',(-35.5,-32.,11.));
#14044=CARTESIAN_POINT('',(-35.5,-32.,11.));
#14045=VECTOR('',#14046,1.);
#14046=DIRECTION('',(0.,-0.371390676354104,0.928476690885259));
#14047=CARTESIAN_POINT('',(-35.5,-9.,11.));
#14048=CARTESIAN_POINT('',(-35.5,-9.00000000000001,11.));
#14049=VECTOR('',#14050,1.);
#14050=DIRECTION('',(3.08931624243522E-16,-1.,-1.54465812121761E-16));
#14051=CARTESIAN_POINT('',(-35.5,-8.,10.));
#14052=VECTOR('',#14053,1.);
#14053=DIRECTION('',(0.,-0.707106781186548,0.707106781186547));
#14054=CARTESIAN_POINT('',(-35.5,8.,8.00000000000001));
#14055=VECTOR('',#14056,1.);
#14056=DIRECTION('',(0.,-1.,-2.22044604925031E-16));
#14057=CARTESIAN_POINT('',(-35.5,9.,11.));
#14058=CARTESIAN_POINT('',(-35.5,9.,11.));
#14059=VECTOR('',#14060,1.);
#14060=DIRECTION('',(0.,-0.707106781186547,-0.707106781186547));
#14061=CARTESIAN_POINT('',(-35.5,32.,11.));
#14062=CARTESIAN_POINT('',(-35.5,32.,11.));
#14063=VECTOR('',#14064,1.);
#14064=DIRECTION('',(3.08931624243522E-16,-1.,0.));
#14065=CARTESIAN_POINT('',(-35.5,34.,16.));
#14066=VECTOR('',#14067,1.);
#14067=DIRECTION('',(0.,-0.371390676354104,-0.928476690885259));
#14068=CARTESIAN_POINT('',(-33.5,-4.,4.));
#14069=CARTESIAN_POINT('',(-33.5,-4.,4.));
#14070=VECTOR('',#14071,1.);
#14071=DIRECTION('',(-1.,0.,-2.22044604925031E-16));
#14072=CARTESIAN_POINT('',(-33.5,-4.,4.));
#14073=VECTOR('',#14074,1.);
#14074=DIRECTION('',(0.,0.,-1.));
#14075=CARTESIAN_POINT('',(-33.5,4.,4.));
#14076=CARTESIAN_POINT('',(-33.5,4.,4.));
#14077=VECTOR('',#14078,1.);
#14078=DIRECTION('',(0.,-1.,0.));
#14079=CARTESIAN_POINT('',(-33.5,4.,4.));
#14080=VECTOR('',#14081,1.);
#14081=DIRECTION('',(0.,0.,-1.));
#14082=CARTESIAN_POINT('',(-35.5,4.,4.));
#14083=VECTOR('',#14084,1.);
#14084=DIRECTION('',(1.,2.22044604925031E-16,2.22044604925031E-16));
#14085=CARTESIAN_POINT('',(-33.75,38.6,-1.3));
#14086=AXIS2_PLACEMENT_3D('',#14087,#14088,#14089);
#14087=CARTESIAN_POINT('',(-34.5,38.6,-1.3));
#14088=DIRECTION('',(0.,0.,1.));
#14089=DIRECTION('',(1.,0.,0.));
#14090=CARTESIAN_POINT('',(-9.89999999999999,-34.,0.999999999999999));
#14091=AXIS2_PLACEMENT_3D('',#14092,#14093,#14094);
#14092=CARTESIAN_POINT('',(-11.5,-34.,0.999999999999999));
#14093=DIRECTION('',(-1.27675647831893E-16,6.00120553851436E-17,-1.));
#14094=DIRECTION('',(1.,1.22464679914735E-16,-1.27675647831893E-16));
#14095=CARTESIAN_POINT('',(-9.90000000000001,34.,0.999999999999999));
#14096=AXIS2_PLACEMENT_3D('',#14097,#14098,#14099);
#14097=CARTESIAN_POINT('',(-11.5,34.,1.));
#14098=DIRECTION('',(-1.27675647831893E-16,6.00120553851436E-17,-1.));
#14099=DIRECTION('',(1.,1.22464679914735E-16,-1.27675647831893E-16));
#14100=CARTESIAN_POINT('',(13.1,34.,1.));
#14101=AXIS2_PLACEMENT_3D('',#14102,#14103,#14104);
#14102=CARTESIAN_POINT('',(11.5,34.,1.));
#14103=DIRECTION('',(-1.27675647831893E-16,6.00120553851436E-17,-1.));
#14104=DIRECTION('',(1.,1.22464679914735E-16,-1.27675647831893E-16));
#14105=CARTESIAN_POINT('',(13.1,-34.,1.));
#14106=AXIS2_PLACEMENT_3D('',#14107,#14108,#14109);
#14107=CARTESIAN_POINT('',(11.5,-34.,0.999999999999996));
#14108=DIRECTION('',(-1.27675647831893E-16,6.00120553851436E-17,-1.));
#14109=DIRECTION('',(1.,1.22464679914735E-16,-1.27675647831893E-16));
#14110=CARTESIAN_POINT('',(5.54526825320472,-30.,2.));
#14111=VECTOR('',#14112,1.);
#14112=DIRECTION('',(1.,0.,-1.11866301136671E-16));
#14113=CARTESIAN_POINT('',(11.5,-31.,2.));
#14114=AXIS2_PLACEMENT_3D('',#14115,#14116,#14117);
#14115=CARTESIAN_POINT('',(11.5,-34.,2.));
#14116=DIRECTION('',(1.16573417585641E-16,2.40048221540574E-16,1.));
#14117=DIRECTION('',(6.12323399573676E-17,1.,-2.40048221540574E-16));
#14118=CARTESIAN_POINT('',(-11.,-26.,2.));
#14119=CARTESIAN_POINT('',(-5.5452682532047,-26.,2.));
#14120=VECTOR('',#14121,1.);
#14121=DIRECTION('',(-1.,0.,4.0706787287108E-17));
#14122=CARTESIAN_POINT('',(-11.,-30.,2.));
#14123=CARTESIAN_POINT('',(-11.,-26.,2.));
#14124=VECTOR('',#14125,1.);
#14125=DIRECTION('',(0.,-1.,1.11022302462516E-16));
#14126=CARTESIAN_POINT('',(-17.4547317467953,-30.,2.));
#14127=VECTOR('',#14128,1.);
#14128=DIRECTION('',(1.,0.,-1.03200851856597E-16));
#14129=CARTESIAN_POINT('',(-9.00000000000001,-29.2,2.));
#14130=CARTESIAN_POINT('',(-8.10000000000001,-29.2,2.));
#14131=CARTESIAN_POINT('',(-9.00000000000001,-29.2,2.));
#14132=VECTOR('',#14133,1.);
#14133=DIRECTION('',(1.,0.,0.));
#14134=CARTESIAN_POINT('',(-8.10000000000001,-29.8,2.));
#14135=CARTESIAN_POINT('',(-8.10000000000001,-29.2,2.));
#14136=VECTOR('',#14137,1.);
#14137=DIRECTION('',(0.,-1.,0.));
#14138=CARTESIAN_POINT('',(-9.00000000000001,-29.8,2.));
#14139=CARTESIAN_POINT('',(-8.10000000000001,-29.8,2.));
#14140=VECTOR('',#14141,1.);
#14141=DIRECTION('',(-1.,0.,0.));
#14142=CARTESIAN_POINT('',(-9.00000000000001,-30.7,2.));
#14143=CARTESIAN_POINT('',(-9.00000000000001,-29.8,2.));
#14144=VECTOR('',#14145,1.);
#14145=DIRECTION('',(0.,-1.,0.));
#14146=CARTESIAN_POINT('',(-9.59999999999999,-30.7,2.));
#14147=CARTESIAN_POINT('',(-9.00000000000001,-30.7,2.));
#14148=VECTOR('',#14149,1.);
#14149=DIRECTION('',(-1.,0.,3.70074341541729E-16));
#14150=CARTESIAN_POINT('',(-9.59999999999999,-29.8,2.));
#14151=CARTESIAN_POINT('',(-9.59999999999999,-30.7,2.));
#14152=VECTOR('',#14153,1.);
#14153=DIRECTION('',(0.,1.,0.));
#14154=CARTESIAN_POINT('',(-10.5,-29.8,2.));
#14155=CARTESIAN_POINT('',(-9.59999999999999,-29.8,2.));
#14156=VECTOR('',#14157,1.);
#14157=DIRECTION('',(-1.,0.,0.));
#14158=CARTESIAN_POINT('',(-10.5,-29.2,2.));
#14159=CARTESIAN_POINT('',(-10.5,-29.8,2.));
#14160=VECTOR('',#14161,1.);
#14161=DIRECTION('',(0.,1.,0.));
#14162=CARTESIAN_POINT('',(-9.59999999999999,-29.2,2.));
#14163=CARTESIAN_POINT('',(-10.5,-29.2,2.));
#14164=VECTOR('',#14165,1.);
#14165=DIRECTION('',(1.,0.,0.));
#14166=CARTESIAN_POINT('',(-9.59999999999999,-28.3,2.));
#14167=CARTESIAN_POINT('',(-9.59999999999999,-29.2,2.));
#14168=VECTOR('',#14169,1.);
#14169=DIRECTION('',(0.,1.,-4.93432455388955E-16));
#14170=CARTESIAN_POINT('',(-9.00000000000001,-28.3,2.));
#14171=CARTESIAN_POINT('',(-9.59999999999999,-28.3,2.));
#14172=VECTOR('',#14173,1.);
#14173=DIRECTION('',(1.,0.,-3.70074341541729E-16));
#14174=CARTESIAN_POINT('',(-9.00000000000001,-28.3,2.));
#14175=VECTOR('',#14176,1.);
#14176=DIRECTION('',(0.,-1.,4.93432455388955E-16));
#14177=CARTESIAN_POINT('',(-11.5,-31.,2.));
#14178=AXIS2_PLACEMENT_3D('',#14179,#14180,#14181);
#14179=CARTESIAN_POINT('',(-11.5,-34.,2.));
#14180=DIRECTION('',(1.16573417585641E-16,2.40048221540574E-16,1.));
#14181=DIRECTION('',(6.12323399573676E-17,1.,-2.40048221540574E-16));
#14182=CARTESIAN_POINT('',(10.8972473588517,-19.,10.));
#14183=VECTOR('',#14184,1.);
#14184=DIRECTION('',(1.,0.,-1.47353716776427E-15));
#14185=CARTESIAN_POINT('',(10.8972473588517,19.,10.));
#14186=VECTOR('',#14187,1.);
#14187=DIRECTION('',(1.,0.,0.));
#14188=CARTESIAN_POINT('',(11.,26.,4.90909090909091));
#14189=CARTESIAN_POINT('',(11.,26.,4.90909090909091));
#14190=VECTOR('',#14191,1.);
#14191=DIRECTION('',(-1.,0.,0.));
#14192=CARTESIAN_POINT('',(11.,30.,2.));
#14193=CARTESIAN_POINT('',(11.,30.,2.));
#14194=VECTOR('',#14195,1.);
#14195=DIRECTION('',(1.,0.,-2.75202271617592E-16));
#14196=CARTESIAN_POINT('',(11.,30.,2.));
#14197=VECTOR('',#14198,1.);
#14198=DIRECTION('',(0.,-0.808736084303189,0.588171697675046));
#14199=CARTESIAN_POINT('',(11.,26.,2.));
#14200=CARTESIAN_POINT('',(11.,26.,2.));
#14201=VECTOR('',#14202,1.);
#14202=DIRECTION('',(0.,0.,1.));
#14203=CARTESIAN_POINT('',(5.5452682532047,26.,2.));
#14204=VECTOR('',#14205,1.);
#14205=DIRECTION('',(1.,0.,-8.14135745742159E-17));
#14206=CARTESIAN_POINT('',(11.,26.,2.));
#14207=VECTOR('',#14208,1.);
#14208=DIRECTION('',(0.,1.,0.));
#14209=CARTESIAN_POINT('',(11.,38.,2.));
#14210=CARTESIAN_POINT('',(11.,37.4,2.));
#14211=VECTOR('',#14212,1.);
#14212=DIRECTION('',(0.,1.,0.));
#14213=CARTESIAN_POINT('',(5.,38.,2.));
#14214=CARTESIAN_POINT('',(11.,38.,2.));
#14215=VECTOR('',#14216,1.);
#14216=DIRECTION('',(-1.,0.,7.40148683083437E-17));
#14217=CARTESIAN_POINT('',(5.,38.,2.));
#14218=VECTOR('',#14219,1.);
#14219=DIRECTION('',(0.,-1.,0.));
#14220=CARTESIAN_POINT('',(9.00000000000001,30.7,2.));
#14221=CARTESIAN_POINT('',(9.60000000000001,30.7,2.));
#14222=CARTESIAN_POINT('',(9.00000000000001,30.7,2.));
#14223=VECTOR('',#14224,1.);
#14224=DIRECTION('',(1.,0.,-7.40148683083436E-16));
#14225=CARTESIAN_POINT('',(9.60000000000001,28.3,2.));
#14226=CARTESIAN_POINT('',(9.60000000000001,30.7,2.));
#14227=VECTOR('',#14228,1.);
#14228=DIRECTION('',(0.,-1.,0.));
#14229=CARTESIAN_POINT('',(9.00000000000001,28.3,2.));
#14230=CARTESIAN_POINT('',(9.60000000000001,28.3,2.));
#14231=VECTOR('',#14232,1.);
#14232=DIRECTION('',(-1.,0.,7.40148683083436E-16));
#14233=CARTESIAN_POINT('',(9.00000000000001,28.3,2.));
#14234=VECTOR('',#14235,1.);
#14235=DIRECTION('',(0.,1.,0.));
#14236=CARTESIAN_POINT('',(11.5,37.,2.));
#14237=AXIS2_PLACEMENT_3D('',#14238,#14239,#14240);
#14238=CARTESIAN_POINT('',(11.5,34.,2.));
#14239=DIRECTION('',(1.27675647831893E-16,-6.00120553851436E-17,1.));
#14240=DIRECTION('',(6.12323399573676E-17,1.,6.00120553851436E-17));
#14241=CARTESIAN_POINT('',(5.,38.,10.));
#14242=CARTESIAN_POINT('',(5.00000000000001,38.,2.));
#14243=VECTOR('',#14244,1.);
#14244=DIRECTION('',(0.,0.,1.));
#14245=CARTESIAN_POINT('',(5.,38.,10.));
#14246=VECTOR('',#14247,1.);
#14247=DIRECTION('',(0.,-1.,0.));
#14248=CARTESIAN_POINT('',(11.,38.,10.));
#14249=CARTESIAN_POINT('',(11.,38.,10.));
#14250=VECTOR('',#14251,1.);
#14251=DIRECTION('',(-1.,0.,0.));
#14252=CARTESIAN_POINT('',(11.,37.4,10.));
#14253=VECTOR('',#14254,1.);
#14254=DIRECTION('',(0.,1.,0.));
#14255=CARTESIAN_POINT('',(11.,38.,2.));
#14256=VECTOR('',#14257,1.);
#14257=DIRECTION('',(0.,0.,1.));
#14258=CARTESIAN_POINT('',(34.,30.,2.));
#14259=CARTESIAN_POINT('',(28.5452682532047,30.,2.));
#14260=VECTOR('',#14261,1.);
#14261=DIRECTION('',(1.,0.,0.));
#14262=CARTESIAN_POINT('',(34.,30.,2.));
#14263=VECTOR('',#14264,1.);
#14264=DIRECTION('',(0.,1.,0.));
#14265=CARTESIAN_POINT('',(27.,38.,2.));
#14266=VECTOR('',#14267,1.);
#14267=DIRECTION('',(0.,-1.,0.));
#14268=CARTESIAN_POINT('',(32.6,34.3,2.));
#14269=CARTESIAN_POINT('',(33.5,34.3,2.));
#14270=CARTESIAN_POINT('',(33.5,34.3,2.));
#14271=VECTOR('',#14272,1.);
#14272=DIRECTION('',(-1.,7.89491928622335E-15,0.));
#14273=CARTESIAN_POINT('',(33.5,33.7,2.));
#14274=CARTESIAN_POINT('',(33.5,33.7,2.));
#14275=VECTOR('',#14276,1.);
#14276=DIRECTION('',(0.,1.,0.));
#14277=CARTESIAN_POINT('',(32.6,33.7,2.));
#14278=CARTESIAN_POINT('',(32.6,33.7,2.));
#14279=VECTOR('',#14280,1.);
#14280=DIRECTION('',(1.,0.,0.));
#14281=CARTESIAN_POINT('',(32.6,32.8,2.));
#14282=CARTESIAN_POINT('',(32.6,32.8,2.));
#14283=VECTOR('',#14284,1.);
#14284=DIRECTION('',(0.,1.,0.));
#14285=CARTESIAN_POINT('',(31.9,32.8,2.));
#14286=CARTESIAN_POINT('',(31.9,32.8,2.));
#14287=VECTOR('',#14288,1.);
#14288=DIRECTION('',(1.,0.,0.));
#14289=CARTESIAN_POINT('',(31.9,33.7,2.));
#14290=CARTESIAN_POINT('',(31.9,33.7,2.));
#14291=VECTOR('',#14292,1.);
#14292=DIRECTION('',(0.,-1.,0.));
#14293=CARTESIAN_POINT('',(31.,33.7,2.));
#14294=CARTESIAN_POINT('',(31.,33.7,2.));
#14295=VECTOR('',#14296,1.);
#14296=DIRECTION('',(1.,0.,0.));
#14297=CARTESIAN_POINT('',(31.,34.3,2.));
#14298=CARTESIAN_POINT('',(31.,34.3,2.));
#14299=VECTOR('',#14300,1.);
#14300=DIRECTION('',(0.,-1.,0.));
#14301=CARTESIAN_POINT('',(31.9,34.3,2.));
#14302=CARTESIAN_POINT('',(31.9,34.3,2.));
#14303=VECTOR('',#14304,1.);
#14304=DIRECTION('',(-1.,0.,0.));
#14305=CARTESIAN_POINT('',(31.9,35.2,2.));
#14306=CARTESIAN_POINT('',(31.9,35.2,2.));
#14307=VECTOR('',#14308,1.);
#14308=DIRECTION('',(0.,-1.,0.));
#14309=CARTESIAN_POINT('',(32.6,35.2,2.));
#14310=CARTESIAN_POINT('',(32.6,35.2,2.));
#14311=VECTOR('',#14312,1.);
#14312=DIRECTION('',(-1.,0.,0.));
#14313=CARTESIAN_POINT('',(32.6,34.3,2.));
#14314=VECTOR('',#14315,1.);
#14315=DIRECTION('',(0.,1.,0.));
#14316=CARTESIAN_POINT('',(27.,37.4,4.043224175416));
#14317=VECTOR('',#14318,1.);
#14318=DIRECTION('',(0.,1.,0.));
#14319=CARTESIAN_POINT('',(25.5,37.4,3.00000000000002));
#14320=VECTOR('',#14321,1.);
#14321=DIRECTION('',(0.,1.,0.));
#14322=CARTESIAN_POINT('',(-25.5,37.4,2.99999999999998));
#14323=VECTOR('',#14324,1.);
#14324=DIRECTION('',(0.,1.,0.));
#14325=CARTESIAN_POINT('',(-27.,37.4,4.04322356371698));
#14326=VECTOR('',#14327,1.);
#14327=DIRECTION('',(0.,1.,0.));
#14328=CARTESIAN_POINT('',(-27.,37.4,2.));
#14329=VECTOR('',#14330,1.);
#14330=DIRECTION('',(0.,1.,0.));
#14331=CARTESIAN_POINT('',(-34.,30.,2.));
#14332=CARTESIAN_POINT('',(-34.,38.,2.));
#14333=VECTOR('',#14334,1.);
#14334=DIRECTION('',(0.,-1.,0.));
#14335=CARTESIAN_POINT('',(-34.,30.,2.));
#14336=VECTOR('',#14337,1.);
#14337=DIRECTION('',(1.,0.,0.));
#14338=CARTESIAN_POINT('',(-32.5,35.2,2.00000000000001));
#14339=CARTESIAN_POINT('',(-31.9,35.2,2.00000000000001));
#14340=CARTESIAN_POINT('',(-31.9,35.2,2.));
#14341=VECTOR('',#14342,1.);
#14342=DIRECTION('',(-1.,0.,0.));
#14343=CARTESIAN_POINT('',(-31.9,34.3,2.00000000000001));
#14344=CARTESIAN_POINT('',(-31.9,34.3,2.));
#14345=VECTOR('',#14346,1.);
#14346=DIRECTION('',(0.,1.,0.));
#14347=CARTESIAN_POINT('',(-31.,34.3,2.00000000000001));
#14348=CARTESIAN_POINT('',(-31.,34.3,2.));
#14349=VECTOR('',#14350,1.);
#14350=DIRECTION('',(-1.,0.,0.));
#14351=CARTESIAN_POINT('',(-31.,33.7,2.00000000000001));
#14352=CARTESIAN_POINT('',(-31.,33.7,2.));
#14353=VECTOR('',#14354,1.);
#14354=DIRECTION('',(0.,1.,0.));
#14355=CARTESIAN_POINT('',(-31.9,33.7,2.00000000000001));
#14356=CARTESIAN_POINT('',(-31.9,33.7,2.));
#14357=VECTOR('',#14358,1.);
#14358=DIRECTION('',(1.,0.,0.));
#14359=CARTESIAN_POINT('',(-31.9,32.8,2.00000000000001));
#14360=CARTESIAN_POINT('',(-31.9,32.8,2.));
#14361=VECTOR('',#14362,1.);
#14362=DIRECTION('',(0.,1.,0.));
#14363=CARTESIAN_POINT('',(-32.5,32.8,2.00000000000001));
#14364=CARTESIAN_POINT('',(-32.5,32.8,2.));
#14365=VECTOR('',#14366,1.);
#14366=DIRECTION('',(1.,0.,0.));
#14367=CARTESIAN_POINT('',(-32.5,33.7,2.00000000000001));
#14368=CARTESIAN_POINT('',(-32.5,33.7,2.));
#14369=VECTOR('',#14370,1.);
#14370=DIRECTION('',(0.,-1.,0.));
#14371=CARTESIAN_POINT('',(-33.4,33.7,2.00000000000001));
#14372=CARTESIAN_POINT('',(-33.4,33.7,2.));
#14373=VECTOR('',#14374,1.);
#14374=DIRECTION('',(1.,0.,0.));
#14375=CARTESIAN_POINT('',(-33.4,34.3,2.00000000000001));
#14376=CARTESIAN_POINT('',(-33.4,34.3,2.));
#14377=VECTOR('',#14378,1.);
#14378=DIRECTION('',(0.,-1.,0.));
#14379=CARTESIAN_POINT('',(-32.5,34.3,2.00000000000001));
#14380=CARTESIAN_POINT('',(-32.5,34.3,2.));
#14381=VECTOR('',#14382,1.);
#14382=DIRECTION('',(-1.,0.,0.));
#14383=CARTESIAN_POINT('',(-32.5,35.2,2.));
#14384=VECTOR('',#14385,1.);
#14385=DIRECTION('',(0.,-1.,0.));
#14386=CARTESIAN_POINT('',(-17.4547317467953,30.,2.00000000000001));
#14387=VECTOR('',#14388,1.);
#14388=DIRECTION('',(1.,0.,-1.49155068182227E-16));
#14389=CARTESIAN_POINT('',(-11.5,37.,2.));
#14390=AXIS2_PLACEMENT_3D('',#14391,#14392,#14393);
#14391=CARTESIAN_POINT('',(-11.5,34.,2.));
#14392=DIRECTION('',(1.27675647831893E-16,-6.00120553851436E-17,1.));
#14393=DIRECTION('',(6.12323399573676E-17,1.,6.00120553851436E-17));
#14394=CARTESIAN_POINT('',(-12.1027526411483,19.,10.));
#14395=VECTOR('',#14396,1.);
#14396=DIRECTION('',(1.,0.,0.));
#14397=CARTESIAN_POINT('',(-12.1027526411483,-19.,10.));
#14398=VECTOR('',#14399,1.);
#14399=DIRECTION('',(1.,0.,0.));
#14400=CARTESIAN_POINT('',(-11.,-26.,4.90909090909091));
#14401=CARTESIAN_POINT('',(-11.,-26.,4.90909090909091));
#14402=VECTOR('',#14403,1.);
#14403=DIRECTION('',(1.,0.,0.));
#14404=CARTESIAN_POINT('',(-11.,-30.,2.));
#14405=VECTOR('',#14406,1.);
#14406=DIRECTION('',(0.,0.808736084303188,0.588171697675046));
#14407=CARTESIAN_POINT('',(-11.,-26.,2.));
#14408=VECTOR('',#14409,1.);
#14409=DIRECTION('',(0.,0.,1.));
#14410=CARTESIAN_POINT('',(-34.,30.,2.));
#14411=VECTOR('',#14412,1.);
#14412=DIRECTION('',(0.,0.,1.));
#14413=CARTESIAN_POINT('',(-34.,34.,16.));
#14414=VECTOR('',#14415,1.);
#14415=DIRECTION('',(0.,-0.371390676354104,-0.928476690885259));
#14416=CARTESIAN_POINT('',(-35.5,32.,11.));
#14417=VECTOR('',#14418,1.);
#14418=DIRECTION('',(1.,0.,0.));
#14419=CARTESIAN_POINT('',(-35.5,9.,11.));
#14420=VECTOR('',#14421,1.);
#14421=DIRECTION('',(1.,0.,0.));
#14422=CARTESIAN_POINT('',(-35.5,-9.,11.));
#14423=VECTOR('',#14424,1.);
#14424=DIRECTION('',(1.,0.,0.));
#14425=CARTESIAN_POINT('',(-35.5,-32.,11.));
#14426=VECTOR('',#14427,1.);
#14427=DIRECTION('',(1.,0.,0.));
#14428=CARTESIAN_POINT('',(-34.,-32.2,11.5));
#14429=VECTOR('',#14430,1.);
#14430=DIRECTION('',(0.,-0.371390676354103,0.92847669088526));
#14431=CARTESIAN_POINT('',(-34.,-30.,10.));
#14432=CARTESIAN_POINT('',(-34.,-30.,10.));
#14433=VECTOR('',#14434,1.);
#14434=DIRECTION('',(0.,-1.,0.));
#14435=CARTESIAN_POINT('',(-33.8972473588517,-30.,10.));
#14436=VECTOR('',#14437,1.);
#14437=DIRECTION('',(-1.,0.,0.));
#14438=CARTESIAN_POINT('',(-34.,-30.,2.));
#14439=CARTESIAN_POINT('',(-34.,-30.,2.));
#14440=VECTOR('',#14441,1.);
#14441=DIRECTION('',(0.,0.,1.));
#14442=CARTESIAN_POINT('',(-28.5452682532047,-30.,2.));
#14443=VECTOR('',#14444,1.);
#14444=DIRECTION('',(-1.,0.,0.));
#14445=CARTESIAN_POINT('',(-34.,-30.,2.));
#14446=VECTOR('',#14447,1.);
#14447=DIRECTION('',(0.,-1.,0.));
#14448=CARTESIAN_POINT('',(-32.5,-35.2,2.));
#14449=CARTESIAN_POINT('',(-32.5,-32.8,2.));
#14450=CARTESIAN_POINT('',(-32.5,-32.8,2.));
#14451=VECTOR('',#14452,1.);
#14452=DIRECTION('',(0.,-1.,0.));
#14453=CARTESIAN_POINT('',(-31.9,-32.8,2.));
#14454=CARTESIAN_POINT('',(-31.9,-32.8,2.));
#14455=VECTOR('',#14456,1.);
#14456=DIRECTION('',(-1.,0.,0.));
#14457=CARTESIAN_POINT('',(-31.9,-35.2,2.));
#14458=CARTESIAN_POINT('',(-31.9,-35.2,2.));
#14459=VECTOR('',#14460,1.);
#14460=DIRECTION('',(0.,1.,0.));
#14461=CARTESIAN_POINT('',(-32.5,-35.2,2.));
#14462=VECTOR('',#14463,1.);
#14463=DIRECTION('',(1.,0.,0.));
#14464=CARTESIAN_POINT('',(33.988630487918,-32.,11.));
#14465=VECTOR('',#14466,1.);
#14466=DIRECTION('',(1.,0.,-1.17532927930587E-15));
#14467=CARTESIAN_POINT('',(34.,-34.,16.));
#14468=VECTOR('',#14469,1.);
#14469=DIRECTION('',(0.,0.371390676354104,-0.928476690885259));
#14470=CARTESIAN_POINT('',(34.,-30.,10.));
#14471=CARTESIAN_POINT('',(34.,-30.,10.));
#14472=VECTOR('',#14473,1.);
#14473=DIRECTION('',(-1.,0.,0.));
#14474=CARTESIAN_POINT('',(34.,-37.4,10.));
#14475=VECTOR('',#14476,1.);
#14476=DIRECTION('',(0.,1.,0.));
#14477=CARTESIAN_POINT('',(34.,-30.,2.));
#14478=CARTESIAN_POINT('',(34.,-30.,2.));
#14479=VECTOR('',#14480,1.);
#14480=DIRECTION('',(0.,0.,1.));
#14481=CARTESIAN_POINT('',(34.,-37.4,2.));
#14482=VECTOR('',#14483,1.);
#14483=DIRECTION('',(0.,1.,0.));
#14484=CARTESIAN_POINT('',(34.,-30.,2.));
#14485=VECTOR('',#14486,1.);
#14486=DIRECTION('',(-1.,0.,0.));
#14487=CARTESIAN_POINT('',(32.6,-32.8,1.99999999999999));
#14488=CARTESIAN_POINT('',(32.6,-35.2,1.99999999999999));
#14489=CARTESIAN_POINT('',(32.6,-35.2,2.));
#14490=VECTOR('',#14491,1.);
#14491=DIRECTION('',(0.,1.,0.));
#14492=CARTESIAN_POINT('',(31.9,-35.2,1.99999999999999));
#14493=CARTESIAN_POINT('',(31.9,-35.2,2.));
#14494=VECTOR('',#14495,1.);
#14495=DIRECTION('',(1.,0.,0.));
#14496=CARTESIAN_POINT('',(31.9,-32.8,1.99999999999999));
#14497=CARTESIAN_POINT('',(31.9,-32.8,2.));
#14498=VECTOR('',#14499,1.);
#14499=DIRECTION('',(0.,-1.,0.));
#14500=CARTESIAN_POINT('',(32.6,-32.8,2.));
#14501=VECTOR('',#14502,1.);
#14502=DIRECTION('',(-1.,0.,0.));
#14503=CARTESIAN_POINT('',(33.988630487918,-9.,11.));
#14504=VECTOR('',#14505,1.);
#14505=DIRECTION('',(1.,0.,-1.17532927930587E-15));
#14506=CARTESIAN_POINT('',(33.988630487918,9.,11.));
#14507=VECTOR('',#14508,1.);
#14508=DIRECTION('',(1.,0.,0.));
#14509=CARTESIAN_POINT('',(33.988630487918,32.,11.));
#14510=VECTOR('',#14511,1.);
#14511=DIRECTION('',(1.,0.,0.));
#14512=CARTESIAN_POINT('',(34.,32.2,11.5));
#14513=VECTOR('',#14514,1.);
#14514=DIRECTION('',(0.,0.371390676354103,0.928476690885259));
#14515=CARTESIAN_POINT('',(34.,30.,2.));
#14516=VECTOR('',#14517,1.);
#14517=DIRECTION('',(0.,0.,1.));
#14518=CARTESIAN_POINT('',(-11.5,-31.,1.));
#14519=AXIS2_PLACEMENT_3D('',#14520,#14521,#14522);
#14520=CARTESIAN_POINT('',(-11.5,-34.,0.999999999999999));
#14521=DIRECTION('',(1.27675647831893E-16,-6.00120553851436E-17,1.));
#14522=DIRECTION('',(6.12323399573677E-17,1.,6.00120553851436E-17));
#14523=CARTESIAN_POINT('',(-11.5,37.,1.));
#14524=AXIS2_PLACEMENT_3D('',#14525,#14526,#14527);
#14525=CARTESIAN_POINT('',(-11.5,34.,1.));
#14526=DIRECTION('',(1.27675647831893E-16,-6.00120553851436E-17,1.));
#14527=DIRECTION('',(6.12323399573677E-17,1.,6.00120553851436E-17));
#14528=CARTESIAN_POINT('',(11.5,37.,1.));
#14529=AXIS2_PLACEMENT_3D('',#14530,#14531,#14532);
#14530=CARTESIAN_POINT('',(11.5,34.,1.));
#14531=DIRECTION('',(1.27675647831893E-16,-6.00120553851436E-17,1.));
#14532=DIRECTION('',(6.12323399573677E-17,1.,6.00120553851436E-17));
#14533=CARTESIAN_POINT('',(11.5,-31.,0.999999999999997));
#14534=AXIS2_PLACEMENT_3D('',#14535,#14536,#14537);
#14535=CARTESIAN_POINT('',(11.5,-34.,0.999999999999996));
#14536=DIRECTION('',(1.27675647831893E-16,-6.00120553851436E-17,1.));
#14537=DIRECTION('',(6.12323399573677E-17,1.,6.00120553851436E-17));
#14538=CARTESIAN_POINT('',(-9.00000000000001,-29.2,1.5));
#14539=CARTESIAN_POINT('',(-9.00000000000001,-29.2,1.5));
#14540=VECTOR('',#14541,1.);
#14541=DIRECTION('',(0.,0.,1.));
#14542=CARTESIAN_POINT('',(-8.10000000000001,-29.2,1.5));
#14543=CARTESIAN_POINT('',(-8.10000000000001,-29.2,1.5));
#14544=VECTOR('',#14545,1.);
#14545=DIRECTION('',(-1.,0.,0.));
#14546=CARTESIAN_POINT('',(-8.10000000000001,-29.2,1.5));
#14547=VECTOR('',#14548,1.);
#14548=DIRECTION('',(0.,0.,1.));
#14549=CARTESIAN_POINT('',(-8.10000000000001,-29.8,1.5));
#14550=CARTESIAN_POINT('',(-8.10000000000001,-29.8,1.5));
#14551=VECTOR('',#14552,1.);
#14552=DIRECTION('',(0.,1.,0.));
#14553=CARTESIAN_POINT('',(-8.10000000000001,-29.8,1.5));
#14554=VECTOR('',#14555,1.);
#14555=DIRECTION('',(0.,0.,1.));
#14556=CARTESIAN_POINT('',(-9.00000000000001,-29.8,1.5));
#14557=CARTESIAN_POINT('',(-9.00000000000001,-29.8,1.5));
#14558=VECTOR('',#14559,1.);
#14559=DIRECTION('',(1.,0.,0.));
#14560=CARTESIAN_POINT('',(-9.00000000000001,-29.8,1.5));
#14561=VECTOR('',#14562,1.);
#14562=DIRECTION('',(0.,0.,1.));
#14563=CARTESIAN_POINT('',(-9.00000000000001,-30.7,1.5));
#14564=CARTESIAN_POINT('',(-9.00000000000001,-30.7,1.5));
#14565=VECTOR('',#14566,1.);
#14566=DIRECTION('',(0.,1.,0.));
#14567=CARTESIAN_POINT('',(-9.00000000000001,-30.7,1.5));
#14568=VECTOR('',#14569,1.);
#14569=DIRECTION('',(0.,0.,1.));
#14570=CARTESIAN_POINT('',(-9.59999999999999,-30.7,1.5));
#14571=CARTESIAN_POINT('',(-9.59999999999999,-30.7,1.5));
#14572=VECTOR('',#14573,1.);
#14573=DIRECTION('',(1.,0.,-3.70074341541729E-16));
#14574=CARTESIAN_POINT('',(-9.59999999999999,-30.7,1.5));
#14575=VECTOR('',#14576,1.);
#14576=DIRECTION('',(0.,0.,1.));
#14577=CARTESIAN_POINT('',(-9.59999999999999,-29.8,1.5));
#14578=CARTESIAN_POINT('',(-9.59999999999999,-29.8,1.5));
#14579=VECTOR('',#14580,1.);
#14580=DIRECTION('',(0.,-1.,0.));
#14581=CARTESIAN_POINT('',(-9.59999999999999,-29.8,1.5));
#14582=VECTOR('',#14583,1.);
#14583=DIRECTION('',(0.,0.,1.));
#14584=CARTESIAN_POINT('',(-10.5,-29.8,1.5));
#14585=CARTESIAN_POINT('',(-10.5,-29.8,1.5));
#14586=VECTOR('',#14587,1.);
#14587=DIRECTION('',(1.,0.,0.));
#14588=CARTESIAN_POINT('',(-10.5,-29.8,1.5));
#14589=VECTOR('',#14590,1.);
#14590=DIRECTION('',(0.,0.,1.));
#14591=CARTESIAN_POINT('',(-10.5,-29.2,1.5));
#14592=CARTESIAN_POINT('',(-10.5,-29.2,1.5));
#14593=VECTOR('',#14594,1.);
#14594=DIRECTION('',(0.,-1.,0.));
#14595=CARTESIAN_POINT('',(-10.5,-29.2,1.5));
#14596=VECTOR('',#14597,1.);
#14597=DIRECTION('',(0.,0.,1.));
#14598=CARTESIAN_POINT('',(-9.59999999999999,-29.2,1.5));
#14599=CARTESIAN_POINT('',(-9.59999999999999,-29.2,1.5));
#14600=VECTOR('',#14601,1.);
#14601=DIRECTION('',(-1.,0.,0.));
#14602=CARTESIAN_POINT('',(-9.59999999999999,-29.2,1.5));
#14603=VECTOR('',#14604,1.);
#14604=DIRECTION('',(0.,0.,1.));
#14605=CARTESIAN_POINT('',(-9.59999999999999,-28.3,1.5));
#14606=CARTESIAN_POINT('',(-9.59999999999999,-28.3,1.5));
#14607=VECTOR('',#14608,1.);
#14608=DIRECTION('',(0.,-1.,0.));
#14609=CARTESIAN_POINT('',(-9.59999999999999,-28.3,1.5));
#14610=VECTOR('',#14611,1.);
#14611=DIRECTION('',(0.,0.,1.));
#14612=CARTESIAN_POINT('',(-9.00000000000001,-28.3,1.5));
#14613=CARTESIAN_POINT('',(-9.00000000000001,-28.3,1.5));
#14614=VECTOR('',#14615,1.);
#14615=DIRECTION('',(-1.,0.,3.70074341541729E-16));
#14616=CARTESIAN_POINT('',(-9.00000000000001,-28.3,1.5));
#14617=VECTOR('',#14618,1.);
#14618=DIRECTION('',(0.,0.,1.));
#14619=CARTESIAN_POINT('',(-9.00000000000001,-29.2,1.5));
#14620=VECTOR('',#14621,1.);
#14621=DIRECTION('',(0.,1.,0.));
#14622=CARTESIAN_POINT('',(9.00000000000001,30.7,1.5));
#14623=CARTESIAN_POINT('',(9.00000000000001,30.7,1.5));
#14624=VECTOR('',#14625,1.);
#14625=DIRECTION('',(0.,0.,1.));
#14626=CARTESIAN_POINT('',(9.60000000000001,30.7,1.5));
#14627=CARTESIAN_POINT('',(9.60000000000001,30.7,1.5));
#14628=VECTOR('',#14629,1.);
#14629=DIRECTION('',(-1.,0.,3.70074341541719E-16));
#14630=CARTESIAN_POINT('',(9.60000000000001,30.7,1.5));
#14631=VECTOR('',#14632,1.);
#14632=DIRECTION('',(0.,0.,1.));
#14633=CARTESIAN_POINT('',(9.60000000000001,28.3,1.5));
#14634=CARTESIAN_POINT('',(9.60000000000001,28.3,1.5));
#14635=VECTOR('',#14636,1.);
#14636=DIRECTION('',(0.,1.,0.));
#14637=CARTESIAN_POINT('',(9.60000000000001,28.3,1.5));
#14638=VECTOR('',#14639,1.);
#14639=DIRECTION('',(0.,0.,1.));
#14640=CARTESIAN_POINT('',(9.00000000000001,28.3,1.5));
#14641=CARTESIAN_POINT('',(9.00000000000001,28.3,1.5));
#14642=VECTOR('',#14643,1.);
#14643=DIRECTION('',(1.,0.,-3.70074341541719E-16));
#14644=CARTESIAN_POINT('',(9.00000000000001,28.3,1.5));
#14645=VECTOR('',#14646,1.);
#14646=DIRECTION('',(0.,0.,1.));
#14647=CARTESIAN_POINT('',(9.00000000000001,30.7,1.5));
#14648=VECTOR('',#14649,1.);
#14649=DIRECTION('',(0.,-1.,0.));
#14650=CARTESIAN_POINT('',(32.6,34.3,1.5));
#14651=CARTESIAN_POINT('',(32.6,34.3,1.5));
#14652=VECTOR('',#14653,1.);
#14653=DIRECTION('',(0.,0.,1.));
#14654=CARTESIAN_POINT('',(33.5,34.3,1.5));
#14655=CARTESIAN_POINT('',(33.5,34.3,1.5));
#14656=VECTOR('',#14657,1.);
#14657=DIRECTION('',(-1.,7.89491928622335E-15,0.));
#14658=CARTESIAN_POINT('',(33.5,34.3,1.5));
#14659=VECTOR('',#14660,1.);
#14660=DIRECTION('',(0.,0.,1.));
#14661=CARTESIAN_POINT('',(33.5,33.7,1.5));
#14662=CARTESIAN_POINT('',(33.5,33.7,1.5));
#14663=VECTOR('',#14664,1.);
#14664=DIRECTION('',(0.,1.,0.));
#14665=CARTESIAN_POINT('',(33.5,33.7,1.5));
#14666=VECTOR('',#14667,1.);
#14667=DIRECTION('',(0.,0.,1.));
#14668=CARTESIAN_POINT('',(32.6,33.7,1.5));
#14669=CARTESIAN_POINT('',(32.6,33.7,1.5));
#14670=VECTOR('',#14671,1.);
#14671=DIRECTION('',(1.,0.,0.));
#14672=CARTESIAN_POINT('',(32.6,33.7,1.5));
#14673=VECTOR('',#14674,1.);
#14674=DIRECTION('',(0.,0.,1.));
#14675=CARTESIAN_POINT('',(32.6,32.8,1.5));
#14676=CARTESIAN_POINT('',(32.6,32.8,1.5));
#14677=VECTOR('',#14678,1.);
#14678=DIRECTION('',(0.,1.,0.));
#14679=CARTESIAN_POINT('',(32.6,32.8,1.5));
#14680=VECTOR('',#14681,1.);
#14681=DIRECTION('',(0.,0.,1.));
#14682=CARTESIAN_POINT('',(31.9,32.8,1.5));
#14683=CARTESIAN_POINT('',(31.9,32.8,1.5));
#14684=VECTOR('',#14685,1.);
#14685=DIRECTION('',(1.,0.,-3.17206578464331E-16));
#14686=CARTESIAN_POINT('',(31.9,32.8,1.5));
#14687=VECTOR('',#14688,1.);
#14688=DIRECTION('',(0.,0.,1.));
#14689=CARTESIAN_POINT('',(31.9,33.7,1.5));
#14690=CARTESIAN_POINT('',(31.9,33.7,1.5));
#14691=VECTOR('',#14692,1.);
#14692=DIRECTION('',(0.,-1.,0.));
#14693=CARTESIAN_POINT('',(31.9,33.7,1.5));
#14694=VECTOR('',#14695,1.);
#14695=DIRECTION('',(0.,0.,1.));
#14696=CARTESIAN_POINT('',(31.,33.7,1.5));
#14697=CARTESIAN_POINT('',(31.,33.7,1.5));
#14698=VECTOR('',#14699,1.);
#14699=DIRECTION('',(1.,0.,0.));
#14700=CARTESIAN_POINT('',(31.,33.7,1.5));
#14701=VECTOR('',#14702,1.);
#14702=DIRECTION('',(0.,0.,1.));
#14703=CARTESIAN_POINT('',(31.,34.3,1.5));
#14704=CARTESIAN_POINT('',(31.,34.3,1.5));
#14705=VECTOR('',#14706,1.);
#14706=DIRECTION('',(0.,-1.,0.));
#14707=CARTESIAN_POINT('',(31.,34.3,1.5));
#14708=VECTOR('',#14709,1.);
#14709=DIRECTION('',(0.,0.,1.));
#14710=CARTESIAN_POINT('',(31.9,34.3,1.5));
#14711=CARTESIAN_POINT('',(31.9,34.3,1.5));
#14712=VECTOR('',#14713,1.);
#14713=DIRECTION('',(-1.,0.,0.));
#14714=CARTESIAN_POINT('',(31.9,34.3,1.5));
#14715=VECTOR('',#14716,1.);
#14716=DIRECTION('',(0.,0.,1.));
#14717=CARTESIAN_POINT('',(31.9,35.2,1.5));
#14718=CARTESIAN_POINT('',(31.9,35.2,1.5));
#14719=VECTOR('',#14720,1.);
#14720=DIRECTION('',(0.,-1.,-2.46716227694478E-16));
#14721=CARTESIAN_POINT('',(31.9,35.2,1.5));
#14722=VECTOR('',#14723,1.);
#14723=DIRECTION('',(0.,0.,1.));
#14724=CARTESIAN_POINT('',(32.6,35.2,1.5));
#14725=CARTESIAN_POINT('',(32.6,35.2,1.5));
#14726=VECTOR('',#14727,1.);
#14727=DIRECTION('',(-1.,0.,3.17206578464331E-16));
#14728=CARTESIAN_POINT('',(32.6,35.2,1.5));
#14729=VECTOR('',#14730,1.);
#14730=DIRECTION('',(0.,0.,1.));
#14731=CARTESIAN_POINT('',(32.6,34.3,1.5));
#14732=VECTOR('',#14733,1.);
#14733=DIRECTION('',(0.,1.,2.4671622769448E-16));
#14734=CARTESIAN_POINT('',(-32.5,35.2,1.50000000000001));
#14735=CARTESIAN_POINT('',(-32.5,35.2,1.50000000000001));
#14736=VECTOR('',#14737,1.);
#14737=DIRECTION('',(0.,0.,1.));
#14738=CARTESIAN_POINT('',(-31.9,35.2,1.50000000000001));
#14739=CARTESIAN_POINT('',(-31.9,35.2,1.50000000000001));
#14740=VECTOR('',#14741,1.);
#14741=DIRECTION('',(-1.,0.,3.70074341541725E-16));
#14742=CARTESIAN_POINT('',(-31.9,35.2,1.50000000000001));
#14743=VECTOR('',#14744,1.);
#14744=DIRECTION('',(0.,0.,1.));
#14745=CARTESIAN_POINT('',(-31.9,34.3,1.50000000000001));
#14746=CARTESIAN_POINT('',(-31.9,34.3,1.50000000000001));
#14747=VECTOR('',#14748,1.);
#14748=DIRECTION('',(0.,1.,2.46716227694476E-16));
#14749=CARTESIAN_POINT('',(-31.9,34.3,1.50000000000001));
#14750=VECTOR('',#14751,1.);
#14751=DIRECTION('',(0.,0.,1.));
#14752=CARTESIAN_POINT('',(-31.,34.3,1.50000000000001));
#14753=CARTESIAN_POINT('',(-31.,34.3,1.50000000000001));
#14754=VECTOR('',#14755,1.);
#14755=DIRECTION('',(-1.,0.,0.));
#14756=CARTESIAN_POINT('',(-31.,34.3,1.50000000000001));
#14757=VECTOR('',#14758,1.);
#14758=DIRECTION('',(0.,0.,1.));
#14759=CARTESIAN_POINT('',(-31.,33.7,1.50000000000001));
#14760=CARTESIAN_POINT('',(-31.,33.7,1.50000000000001));
#14761=VECTOR('',#14762,1.);
#14762=DIRECTION('',(0.,1.,0.));
#14763=CARTESIAN_POINT('',(-31.,33.7,1.50000000000001));
#14764=VECTOR('',#14765,1.);
#14765=DIRECTION('',(0.,0.,1.));
#14766=CARTESIAN_POINT('',(-31.9,33.7,1.50000000000001));
#14767=CARTESIAN_POINT('',(-31.9,33.7,1.50000000000001));
#14768=VECTOR('',#14769,1.);
#14769=DIRECTION('',(1.,0.,0.));
#14770=CARTESIAN_POINT('',(-31.9,33.7,1.50000000000001));
#14771=VECTOR('',#14772,1.);
#14772=DIRECTION('',(0.,0.,1.));
#14773=CARTESIAN_POINT('',(-31.9,32.8,1.50000000000001));
#14774=CARTESIAN_POINT('',(-31.9,32.8,1.50000000000001));
#14775=VECTOR('',#14776,1.);
#14776=DIRECTION('',(0.,1.,0.));
#14777=CARTESIAN_POINT('',(-31.9,32.8,1.50000000000001));
#14778=VECTOR('',#14779,1.);
#14779=DIRECTION('',(0.,0.,1.));
#14780=CARTESIAN_POINT('',(-32.5,32.8,1.50000000000001));
#14781=CARTESIAN_POINT('',(-32.5,32.8,1.50000000000001));
#14782=VECTOR('',#14783,1.);
#14783=DIRECTION('',(1.,0.,-3.70074341541725E-16));
#14784=CARTESIAN_POINT('',(-32.5,32.8,1.50000000000001));
#14785=VECTOR('',#14786,1.);
#14786=DIRECTION('',(0.,0.,1.));
#14787=CARTESIAN_POINT('',(-32.5,33.7,1.50000000000001));
#14788=CARTESIAN_POINT('',(-32.5,33.7,1.50000000000001));
#14789=VECTOR('',#14790,1.);
#14790=DIRECTION('',(0.,-1.,0.));
#14791=CARTESIAN_POINT('',(-32.5,33.7,1.50000000000001));
#14792=VECTOR('',#14793,1.);
#14793=DIRECTION('',(0.,0.,1.));
#14794=CARTESIAN_POINT('',(-33.4,33.7,1.50000000000001));
#14795=CARTESIAN_POINT('',(-33.4,33.7,1.50000000000001));
#14796=VECTOR('',#14797,1.);
#14797=DIRECTION('',(1.,0.,0.));
#14798=CARTESIAN_POINT('',(-33.4,33.7,1.50000000000001));
#14799=VECTOR('',#14800,1.);
#14800=DIRECTION('',(0.,0.,1.));
#14801=CARTESIAN_POINT('',(-33.4,34.3,1.50000000000001));
#14802=CARTESIAN_POINT('',(-33.4,34.3,1.50000000000001));
#14803=VECTOR('',#14804,1.);
#14804=DIRECTION('',(0.,-1.,0.));
#14805=CARTESIAN_POINT('',(-33.4,34.3,1.50000000000001));
#14806=VECTOR('',#14807,1.);
#14807=DIRECTION('',(0.,0.,1.));
#14808=CARTESIAN_POINT('',(-32.5,34.3,1.50000000000001));
#14809=CARTESIAN_POINT('',(-32.5,34.3,1.50000000000001));
#14810=VECTOR('',#14811,1.);
#14811=DIRECTION('',(-1.,0.,0.));
#14812=CARTESIAN_POINT('',(-32.5,34.3,1.50000000000001));
#14813=VECTOR('',#14814,1.);
#14814=DIRECTION('',(0.,0.,1.));
#14815=CARTESIAN_POINT('',(-32.5,35.2,1.50000000000001));
#14816=VECTOR('',#14817,1.);
#14817=DIRECTION('',(0.,-1.,-2.46716227694478E-16));
#14818=CARTESIAN_POINT('',(-32.5,-35.2,1.5));
#14819=CARTESIAN_POINT('',(-32.5,-35.2,1.5));
#14820=VECTOR('',#14821,1.);
#14821=DIRECTION('',(0.,0.,1.));
#14822=CARTESIAN_POINT('',(-32.5,-32.8,1.5));
#14823=CARTESIAN_POINT('',(-32.5,-32.8,1.5));
#14824=VECTOR('',#14825,1.);
#14825=DIRECTION('',(0.,-1.,-9.25185853854295E-17));
#14826=CARTESIAN_POINT('',(-32.5,-32.8,1.5));
#14827=VECTOR('',#14828,1.);
#14828=DIRECTION('',(0.,0.,1.));
#14829=CARTESIAN_POINT('',(-31.9,-32.8,1.5));
#14830=CARTESIAN_POINT('',(-31.9,-32.8,1.5));
#14831=VECTOR('',#14832,1.);
#14832=DIRECTION('',(-1.,0.,3.7007434154172E-16));
#14833=CARTESIAN_POINT('',(-31.9,-32.8,1.5));
#14834=VECTOR('',#14835,1.);
#14835=DIRECTION('',(0.,0.,1.));
#14836=CARTESIAN_POINT('',(-31.9,-35.2,1.5));
#14837=CARTESIAN_POINT('',(-31.9,-35.2,1.5));
#14838=VECTOR('',#14839,1.);
#14839=DIRECTION('',(0.,1.,9.25185853854295E-17));
#14840=CARTESIAN_POINT('',(-31.9,-35.2,1.5));
#14841=VECTOR('',#14842,1.);
#14842=DIRECTION('',(0.,0.,1.));
#14843=CARTESIAN_POINT('',(-32.5,-35.2,1.5));
#14844=VECTOR('',#14845,1.);
#14845=DIRECTION('',(1.,0.,-3.7007434154172E-16));
#14846=CARTESIAN_POINT('',(32.6,-32.8,1.49999999999999));
#14847=CARTESIAN_POINT('',(32.6,-32.8,1.49999999999999));
#14848=VECTOR('',#14849,1.);
#14849=DIRECTION('',(0.,0.,1.));
#14850=CARTESIAN_POINT('',(32.6,-35.2,1.49999999999999));
#14851=CARTESIAN_POINT('',(32.6,-35.2,1.49999999999999));
#14852=VECTOR('',#14853,1.);
#14853=DIRECTION('',(0.,1.,9.25185853854295E-17));
#14854=CARTESIAN_POINT('',(32.6,-35.2,1.49999999999999));
#14855=VECTOR('',#14856,1.);
#14856=DIRECTION('',(0.,0.,1.));
#14857=CARTESIAN_POINT('',(31.9,-35.2,1.49999999999999));
#14858=CARTESIAN_POINT('',(31.9,-35.2,1.49999999999999));
#14859=VECTOR('',#14860,1.);
#14860=DIRECTION('',(1.,0.,-3.17206578464328E-16));
#14861=CARTESIAN_POINT('',(31.9,-35.2,1.49999999999999));
#14862=VECTOR('',#14863,1.);
#14863=DIRECTION('',(0.,0.,1.));
#14864=CARTESIAN_POINT('',(31.9,-32.8,1.49999999999999));
#14865=CARTESIAN_POINT('',(31.9,-32.8,1.49999999999999));
#14866=VECTOR('',#14867,1.);
#14867=DIRECTION('',(0.,-1.,-9.25185853854295E-17));
#14868=CARTESIAN_POINT('',(31.9,-32.8,1.49999999999999));
#14869=VECTOR('',#14870,1.);
#14870=DIRECTION('',(0.,0.,1.));
#14871=CARTESIAN_POINT('',(32.6,-32.8,1.49999999999999));
#14872=VECTOR('',#14873,1.);
#14873=DIRECTION('',(-1.,0.,3.17206578464328E-16));
#14874=CARTESIAN_POINT('',(-8.57252759403147E-15,9.29,-70.));
#14875=AXIS2_PLACEMENT_3D('',#14876,#14877,#14878);
#14876=CARTESIAN_POINT('',(-8.57252759403147E-15,8.57252759403147E-15,-70.));
#14877=DIRECTION('',(-1.22464679914735E-16,8.02143653441516E-15,-1.));
#14878=DIRECTION('',(9.82342657643516E-31,1.,8.02143653441516E-15));
#14879=CARTESIAN_POINT('',(-8.5112952540741E-15,9.29,-69.5));
#14880=AXIS2_PLACEMENT_3D('',#14881,#14882,#14883);
#14881=CARTESIAN_POINT('',(-8.51129525407411E-15,4.56180932682449E-15,-69.5000000000001));
#14882=DIRECTION('',(-1.22464679914735E-16,8.02143653441516E-15,-1.));
#14883=DIRECTION('',(1.06465611217441E-30,1.,8.02143653441516E-15));
#14884=CARTESIAN_POINT('',(-2.44929359829464E-17,9.5,-0.199999999999995));
#14885=AXIS2_PLACEMENT_3D('',#14886,#14887,#14888);
#14886=CARTESIAN_POINT('',(0.,0.,-0.199999999999999));
#14887=DIRECTION('',(0.,0.,-1.));
#14888=DIRECTION('',(-2.57820378767857E-18,1.,0.));
#14889=CARTESIAN_POINT('',(-2.44929359829471E-17,7.,-0.2));
#14890=AXIS2_PLACEMENT_3D('',#14891,#14892,#14893);
#14891=CARTESIAN_POINT('',(0.,0.,-0.199999999999999));
#14892=DIRECTION('',(0.,0.,-1.));
#14893=DIRECTION('',(-2.57820378767857E-18,1.,0.));
#14894=CARTESIAN_POINT('',(1.12481983699639E-31,8.,9.18485099360515E-16));
#14895=AXIS2_PLACEMENT_3D('',#14896,#14897,#14898);
#14896=CARTESIAN_POINT('',(0.,0.,7.19325249339923E-16));
#14897=DIRECTION('',(0.,0.,-1.));
#14898=DIRECTION('',(9.27283541210535E-33,1.,0.));
#14899=CARTESIAN_POINT('',(-1.00421037530083E-15,8.,-0.1));
#14900=AXIS2_PLACEMENT_3D('',#14901,#14902,#14903);
#14901=CARTESIAN_POINT('',(0.,0.,-0.1));
#14902=DIRECTION('',(0.,0.,-1.));
#14903=DIRECTION('',(-3.06161699786837E-18,1.,0.));
#14904=CARTESIAN_POINT('',(-1.22464679914735E-17,7.,-0.0999999999999996));
#14905=AXIS2_PLACEMENT_3D('',#14906,#14907,#14908);
#14906=CARTESIAN_POINT('',(0.,0.,-0.1));
#14907=DIRECTION('',(0.,0.,-1.));
#14908=DIRECTION('',(-1.25091603590128E-18,1.,0.));
#14909=CARTESIAN_POINT('',(-1.22464679914735E-16,10.3,-0.999999999999999));
#14910=AXIS2_PLACEMENT_3D('',#14911,#14912,#14913);
#14911=CARTESIAN_POINT('',(0.,0.,-0.999999999999999));
#14912=DIRECTION('',(0.,0.,-1.));
#14913=DIRECTION('',(-1.28910189383932E-17,1.,0.));
#14914=CARTESIAN_POINT('',(8.80919364150008E-32,9.5,7.19325249339923E-16));
#14915=AXIS2_PLACEMENT_3D('',#14916,#14917,#14918);
#14916=CARTESIAN_POINT('',(0.,0.,7.19325249339923E-16));
#14917=DIRECTION('',(0.,0.,-1.));
#14918=DIRECTION('',(9.27283541210535E-33,1.,0.));
#14919=CARTESIAN_POINT('',(-3.67394039744206E-16,10.3,-3.));
#14920=AXIS2_PLACEMENT_3D('',#14921,#14922,#14923);
#14921=CARTESIAN_POINT('',(0.,0.,-3.));
#14922=DIRECTION('',(0.,0.,-1.));
#14923=DIRECTION('',(-3.56693242470103E-17,1.,0.));
#14924=CARTESIAN_POINT('',(-1.22464679914735E-16,10.5,-0.999999999999999));
#14925=AXIS2_PLACEMENT_3D('',#14926,#14927,#14928);
#14926=CARTESIAN_POINT('',(0.,0.,-0.999999999999999));
#14927=DIRECTION('',(0.,0.,-1.));
#14928=DIRECTION('',(-1.16633028490224E-17,1.,0.));
#14929=CARTESIAN_POINT('',(-3.91886975727153E-16,10.1,-3.2));
#14930=AXIS2_PLACEMENT_3D('',#14931,#14932,#14933);
#14931=CARTESIAN_POINT('',(0.,0.,-3.2));
#14932=DIRECTION('',(0.,0.,-1.));
#14933=DIRECTION('',(-3.53824007668878E-17,1.,0.));
#14934=CARTESIAN_POINT('',(-3.91886975727153E-16,10.5,-3.2));
#14935=AXIS2_PLACEMENT_3D('',#14936,#14937,#14938);
#14936=CARTESIAN_POINT('',(0.,0.,-3.2));
#14937=DIRECTION('',(0.,0.,-1.));
#14938=DIRECTION('',(-3.72342516073919E-17,1.,0.));
#14939=CARTESIAN_POINT('',(-5.87830463590729E-16,10.1,-4.8));
#14940=AXIS2_PLACEMENT_3D('',#14941,#14942,#14943);
#14941=CARTESIAN_POINT('',(0.,0.,-4.8));
#14942=DIRECTION('',(0.,0.,-1.));
#14943=DIRECTION('',(-4.44681884714642E-17,1.,0.));
#14944=CARTESIAN_POINT('',(-4.163799117101E-16,10.3,-3.4));
#14945=AXIS2_PLACEMENT_3D('',#14946,#14947,#14948);
#14946=CARTESIAN_POINT('',(0.,0.,-3.4));
#14947=DIRECTION('',(0.,0.,-1.));
#14948=DIRECTION('',(-4.55699432565716E-17,1.,0.));
#14949=CARTESIAN_POINT('',(-6.12323399573676E-16,10.3,-5.));
#14950=AXIS2_PLACEMENT_3D('',#14951,#14952,#14953);
#14951=CARTESIAN_POINT('',(0.,0.,-5.));
#14952=DIRECTION('',(0.,0.,-1.));
#14953=DIRECTION('',(-6.34418573446529E-17,1.,0.));
#14954=CARTESIAN_POINT('',(-5.63337527607783E-16,10.3,-4.6));
#14955=AXIS2_PLACEMENT_3D('',#14956,#14957,#14958);
#14956=CARTESIAN_POINT('',(0.,0.,-4.6));
#14957=DIRECTION('',(0.,0.,-1.));
#14958=DIRECTION('',(-5.84931491798674E-17,1.,0.));
#14959=CARTESIAN_POINT('',(-8.45006291411674E-15,10.3,-69.));
#14960=AXIS2_PLACEMENT_3D('',#14961,#14962,#14963);
#14961=CARTESIAN_POINT('',(0.,0.,-69.));
#14962=DIRECTION('',(0.,0.,-1.));
#14963=DIRECTION('',(-8.20394457681236E-16,1.,0.));
#14964=CARTESIAN_POINT('',(-5.87830463590729E-16,10.5,-4.8));
#14965=AXIS2_PLACEMENT_3D('',#14966,#14967,#14968);
#14966=CARTESIAN_POINT('',(0.,0.,-4.8));
#14967=DIRECTION('',(0.,0.,-1.));
#14968=DIRECTION('',(-5.59838536753075E-17,1.,0.));
#14969=CARTESIAN_POINT('',(-8.54803465804854E-15,9.4999999999998,-69.8000000000001));
#14970=AXIS2_PLACEMENT_3D('',#14971,#14972,#14973);
#14971=CARTESIAN_POINT('',(0.,0.,-69.8000000000001));
#14972=DIRECTION('',(0.,0.,-1.));
#14973=DIRECTION('',(-8.99793121899865E-16,1.,0.));
#14974=CARTESIAN_POINT('',(-8.45006291411674E-15,10.5,-69.));
#14975=AXIS2_PLACEMENT_3D('',#14976,#14977,#14978);
#14976=CARTESIAN_POINT('',(0.,0.,-69.));
#14977=DIRECTION('',(0.,0.,-1.));
#14978=DIRECTION('',(-8.89480306749129E-16,1.,0.));
#14979=CARTESIAN_POINT('',(-8.54803465804852E-15,9.30000000000001,-69.8));
#14980=AXIS2_PLACEMENT_3D('',#14981,#14982,#14983);
#14981=CARTESIAN_POINT('',(0.,0.,-69.8000000000001));
#14982=DIRECTION('',(0.,0.,-1.));
#14983=DIRECTION('',(-8.99793121899865E-16,1.,0.));
#14984=CARTESIAN_POINT('',(-8.57252759403147E-15,9.50000000000001,-70.));
#14985=AXIS2_PLACEMENT_3D('',#14986,#14987,#14988);
#14986=CARTESIAN_POINT('',(0.,0.,-70.));
#14987=DIRECTION('',(0.,0.,-1.));
#14988=DIRECTION('',(-9.02371325687523E-16,1.,0.));
#14989=CARTESIAN_POINT('',(-8.57252759403147E-15,9.30000000000001,-70.));
#14990=AXIS2_PLACEMENT_3D('',#14991,#14992,#14993);
#14991=CARTESIAN_POINT('',(0.,0.,-70.));
#14992=DIRECTION('',(0.,0.,-1.));
#14993=DIRECTION('',(-9.02371325687523E-16,1.,0.));
#14994=CARTESIAN_POINT('',(-7.77650717458569E-15,10.,-63.5));
#14995=AXIS2_PLACEMENT_3D('',#14996,#14997,#14998);
#14996=CARTESIAN_POINT('',(0.,0.,-63.5));
#14997=DIRECTION('',(0.,0.,-1.));
#14998=DIRECTION('',(-7.77650717458569E-16,1.,0.));
#14999=CARTESIAN_POINT('',(-8.57252759403147E-17,10.,-0.699999999999999));
#15000=AXIS2_PLACEMENT_3D('',#15001,#15002,#15003);
#15001=CARTESIAN_POINT('',(0.,0.,-0.699999999999999));
#15002=DIRECTION('',(0.,0.,-1.));
#15003=DIRECTION('',(-8.57252759403147E-18,1.,0.));
#15004=CARTESIAN_POINT('',(-8.57252759403147E-17,6.9,-0.7));
#15005=AXIS2_PLACEMENT_3D('',#15006,#15007,#15008);
#15006=CARTESIAN_POINT('',(0.,0.,-0.699999999999999));
#15007=DIRECTION('',(0.,0.,-1.));
#15008=DIRECTION('',(-8.57252759403147E-18,1.,0.));
#15009=CARTESIAN_POINT('',(8.84858271770496E-32,5.9,7.22541611496938E-16));
#15010=AXIS2_PLACEMENT_3D('',#15011,#15012,#15013);
#15011=CARTESIAN_POINT('',(0.,0.,7.22541611496938E-16));
#15012=DIRECTION('',(0.,0.,-1.));
#15013=DIRECTION('',(1.49975978266186E-32,1.,0.));
#15014=CARTESIAN_POINT('',(-2.,5.5,0.2));
#15015=CARTESIAN_POINT('',(-2.29393379207701,5.54417421782245,0.2));
#15016=AXIS2_PLACEMENT_3D('',#15017,#15018,#15019);
#15017=CARTESIAN_POINT('',(-2.,6.5,0.2));
#15018=DIRECTION('',(0.,0.,1.));
#15019=DIRECTION('',(-0.293933792076941,-0.955825782177521,0.));
#15020=CARTESIAN_POINT('',(-5.54417421782246,2.29393379207698,0.2));
#15021=AXIS2_PLACEMENT_3D('',#15022,#15023,#15024);
#15022=CARTESIAN_POINT('',(0.,0.,0.2));
#15023=DIRECTION('',(0.,0.,-1.));
#15024=DIRECTION('',(-0.924029036303743,0.382322298679497,0.));
#15025=CARTESIAN_POINT('',(-5.5,2.,0.2));
#15026=AXIS2_PLACEMENT_3D('',#15027,#15028,#15029);
#15027=CARTESIAN_POINT('',(-6.5,2.,0.2));
#15028=DIRECTION('',(0.,0.,1.));
#15029=DIRECTION('',(1.,0.,0.));
#15030=CARTESIAN_POINT('',(-5.5,-2.,0.2));
#15031=CARTESIAN_POINT('',(-5.5,-2.,0.2));
#15032=VECTOR('',#15033,1.);
#15033=DIRECTION('',(0.,1.,0.));
#15034=CARTESIAN_POINT('',(-5.54417421782245,-2.29393379207701,0.2));
#15035=AXIS2_PLACEMENT_3D('',#15036,#15037,#15038);
#15036=CARTESIAN_POINT('',(-6.5,-2.,0.2));
#15037=DIRECTION('',(0.,0.,1.));
#15038=DIRECTION('',(0.955825782177521,-0.293933792076942,0.));
#15039=CARTESIAN_POINT('',(-2.29393379207698,-5.54417421782246,0.2));
#15040=AXIS2_PLACEMENT_3D('',#15041,#15042,#15043);
#15041=CARTESIAN_POINT('',(0.,0.,0.2));
#15042=DIRECTION('',(0.,0.,-1.));
#15043=DIRECTION('',(-0.382322298679497,-0.924029036303743,0.));
#15044=CARTESIAN_POINT('',(-2.,-5.5,0.2));
#15045=AXIS2_PLACEMENT_3D('',#15046,#15047,#15048);
#15046=CARTESIAN_POINT('',(-2.,-6.5,0.2));
#15047=DIRECTION('',(0.,0.,1.));
#15048=DIRECTION('',(0.,1.,0.));
#15049=CARTESIAN_POINT('',(2.,-5.5,0.2));
#15050=CARTESIAN_POINT('',(2.,-5.5,0.2));
#15051=VECTOR('',#15052,1.);
#15052=DIRECTION('',(-1.,0.,0.));
#15053=CARTESIAN_POINT('',(2.293933792077,-5.54417421782246,0.2));
#15054=AXIS2_PLACEMENT_3D('',#15055,#15056,#15057);
#15055=CARTESIAN_POINT('',(2.,-6.5,0.2));
#15056=DIRECTION('',(0.,0.,1.));
#15057=DIRECTION('',(0.293933792076943,0.95582578217752,0.));
#15058=CARTESIAN_POINT('',(5.54417421782248,-2.29393379207695,0.2));
#15059=AXIS2_PLACEMENT_3D('',#15060,#15061,#15062);
#15060=CARTESIAN_POINT('',(0.,0.,0.2));
#15061=DIRECTION('',(0.,0.,-1.));
#15062=DIRECTION('',(0.924029036303746,-0.382322298679492,0.));
#15063=CARTESIAN_POINT('',(5.5,-2.,0.2));
#15064=AXIS2_PLACEMENT_3D('',#15065,#15066,#15067);
#15065=CARTESIAN_POINT('',(6.5,-2.,0.2));
#15066=DIRECTION('',(0.,0.,1.));
#15067=DIRECTION('',(-1.,2.22044604925031E-16,0.));
#15068=CARTESIAN_POINT('',(5.5,2.,0.2));
#15069=CARTESIAN_POINT('',(5.5,2.,0.2));
#15070=VECTOR('',#15071,1.);
#15071=DIRECTION('',(0.,-1.,0.));
#15072=CARTESIAN_POINT('',(5.54417421782246,2.293933792077,0.2));
#15073=AXIS2_PLACEMENT_3D('',#15074,#15075,#15076);
#15074=CARTESIAN_POINT('',(6.5,2.,0.2));
#15075=DIRECTION('',(0.,0.,1.));
#15076=DIRECTION('',(-0.955825782177521,0.293933792076942,0.));
#15077=CARTESIAN_POINT('',(2.29393379207695,5.54417421782248,0.2));
#15078=AXIS2_PLACEMENT_3D('',#15079,#15080,#15081);
#15079=CARTESIAN_POINT('',(0.,0.,0.2));
#15080=DIRECTION('',(0.,0.,-1.));
#15081=DIRECTION('',(0.382322298679491,0.924029036303746,0.));
#15082=CARTESIAN_POINT('',(2.,5.5,0.2));
#15083=AXIS2_PLACEMENT_3D('',#15084,#15085,#15086);
#15084=CARTESIAN_POINT('',(2.,6.5,0.2));
#15085=DIRECTION('',(0.,0.,1.));
#15086=DIRECTION('',(-2.22044604925031E-16,-1.,0.));
#15087=CARTESIAN_POINT('',(-2.,5.5,0.2));
#15088=VECTOR('',#15089,1.);
#15089=DIRECTION('',(1.,0.,0.));
#15090=CARTESIAN_POINT('',(-2.98567282423141,6.33133143869803,-0.3));
#15091=CARTESIAN_POINT('',(-2.98567282484018,6.33133144225561,-0.3));
#15092=CARTESIAN_POINT('',(-2.98244248634011,6.3124515943734,-0.290773249382061));
#15093=CARTESIAN_POINT('',(-2.97263835479207,6.26365028487192,-0.266619291932069));
#15094=CARTESIAN_POINT('',(-2.9466327198849,6.17070104946205,-0.219068759301229));
#15095=CARTESIAN_POINT('',(-2.89249497193385,6.03849508845887,-0.14776043049366));
#15096=CARTESIAN_POINT('',(-2.80178501275247,5.8926598129279,-0.0623990671690083));
#15097=CARTESIAN_POINT('',(-2.6842711377488,5.76476961397866,0.0205124213879657));
#15098=CARTESIAN_POINT('',(-2.57262389078433,5.67705537042801,0.0836759411647886));
#15099=CARTESIAN_POINT('',(-2.47415120317196,5.61769161549345,0.130853579893171));
#15100=CARTESIAN_POINT('',(-2.38561354253361,5.57565101764779,0.167777025557102));
#15101=CARTESIAN_POINT('',(-2.32454797661659,5.55359005474356,0.18979636709404));
#15102=CARTESIAN_POINT('',(-2.29393379207699,5.54417421782247,0.2));
#15103=CARTESIAN_POINT('',(-6.33133143869803,2.98567282423141,-0.3));
#15104=AXIS2_PLACEMENT_3D('',#15105,#15106,#15107);
#15105=CARTESIAN_POINT('',(0.,0.,-0.3));
#15106=DIRECTION('',(0.,0.,-1.));
#15107=DIRECTION('',(-0.904475919814004,0.426524689175915,0.));
#15108=CARTESIAN_POINT('',(-5.54417421782248,2.29393379207698,0.2));
#15109=CARTESIAN_POINT('',(-5.55543305020586,2.33053378665081,0.187799397432267));
#15110=CARTESIAN_POINT('',(-5.58198850092623,2.40191014407882,0.161671802005462));
#15111=CARTESIAN_POINT('',(-5.63296343297606,2.50243605416293,0.118156822977615));
#15112=CARTESIAN_POINT('',(-5.70133870412037,2.60650519243004,0.0656032437718032));
#15113=CARTESIAN_POINT('',(-5.79014099768081,2.70948098234416,0.00366590800512863));
#15114=CARTESIAN_POINT('',(-5.9014365976178,2.80551657401507,-0.0671714933639343));
#15115=CARTESIAN_POINT('',(-6.01419948319097,2.87716036156865,-0.133491071993585));
#15116=CARTESIAN_POINT('',(-6.12336574716113,2.92845960112646,-0.193798835907262));
#15117=CARTESIAN_POINT('',(-6.22548462858372,2.96359731013036,-0.247442549956255));
#15118=CARTESIAN_POINT('',(-6.29580300235679,2.97959549463225,-0.282638751504214));
#15119=CARTESIAN_POINT('',(-6.33133143869802,2.98567282423141,-0.3));
#15120=CARTESIAN_POINT('',(2.98567282423141,6.33133143869803,-0.3));
#15121=CARTESIAN_POINT('',(2.29393379207695,5.54417421782248,0.2));
#15122=CARTESIAN_POINT('',(2.33053378665065,5.55543305020582,0.187799397432315));
#15123=CARTESIAN_POINT('',(2.40191014407845,5.58198850092609,0.161671802005604));
#15124=CARTESIAN_POINT('',(2.50243605416231,5.63296343297572,0.118156822977896));
#15125=CARTESIAN_POINT('',(2.60650519242934,5.70133870411984,0.0656032437721857));
#15126=CARTESIAN_POINT('',(2.70948098234352,5.79014099768017,0.00366590800556043));
#15127=CARTESIAN_POINT('',(2.80551657401458,5.90143659761713,-0.0671714933635272));
#15128=CARTESIAN_POINT('',(2.87716036156832,6.01419948319037,-0.133491071993242));
#15129=CARTESIAN_POINT('',(2.92845960112629,6.12336574716067,-0.193798835907016));
#15130=CARTESIAN_POINT('',(2.96359731013029,6.22548462858347,-0.247442549956126));
#15131=CARTESIAN_POINT('',(2.97959549463223,6.2958030023567,-0.282638751504168));
#15132=CARTESIAN_POINT('',(2.98567282423141,6.33133143869802,-0.3));
#15133=CARTESIAN_POINT('',(6.33133143869803,2.98567282423141,-0.3));
#15134=CARTESIAN_POINT('',(6.33133144225561,2.98567282484018,-0.3));
#15135=CARTESIAN_POINT('',(6.3124515943734,2.98244248634011,-0.29077324938206));
#15136=CARTESIAN_POINT('',(6.26365028487192,2.97263835479207,-0.266619291932068));
#15137=CARTESIAN_POINT('',(6.17070104946204,2.9466327198849,-0.219068759301228));
#15138=CARTESIAN_POINT('',(6.03849508845888,2.89249497193385,-0.14776043049366));
#15139=CARTESIAN_POINT('',(5.89265981292791,2.80178501275247,-0.0623990671690078));
#15140=CARTESIAN_POINT('',(5.76476961397866,2.6842711377488,0.0205124213879657));
#15141=CARTESIAN_POINT('',(5.67705537042801,2.57262389078433,0.0836759411647877));
#15142=CARTESIAN_POINT('',(5.61769161549345,2.47415120317197,0.130853579893171));
#15143=CARTESIAN_POINT('',(5.57565101764779,2.38561354253361,0.167777025557102));
#15144=CARTESIAN_POINT('',(5.55359005474356,2.32454797661659,0.189796367094039));
#15145=CARTESIAN_POINT('',(5.54417421782247,2.29393379207699,0.2));
#15146=AXIS2_PLACEMENT_3D('',#15147,#15148,#15149);
#15147=CARTESIAN_POINT('',(0.,0.,-0.3));
#15148=DIRECTION('',(0.,0.,-1.));
#15149=DIRECTION('',(0.426524689175915,0.904475919814004,0.));
#15150=CARTESIAN_POINT('',(-6.33133143869803,-2.98567282423141,-0.3));
#15151=CARTESIAN_POINT('',(-6.33133144225561,-2.98567282484019,-0.3));
#15152=CARTESIAN_POINT('',(-6.3124515943734,-2.98244248634011,-0.290773249382061));
#15153=CARTESIAN_POINT('',(-6.26365028487193,-2.97263835479207,-0.26661929193207));
#15154=CARTESIAN_POINT('',(-6.17070104946205,-2.9466327198849,-0.21906875930123));
#15155=CARTESIAN_POINT('',(-6.03849508845887,-2.89249497193385,-0.147760430493659));
#15156=CARTESIAN_POINT('',(-5.89265981292791,-2.80178501275247,-0.0623990671690105));
#15157=CARTESIAN_POINT('',(-5.76476961397866,-2.6842711377488,0.0205124213879653));
#15158=CARTESIAN_POINT('',(-5.67705537042801,-2.57262389078433,0.0836759411647869));
#15159=CARTESIAN_POINT('',(-5.61769161549345,-2.47415120317197,0.130853579893171));
#15160=CARTESIAN_POINT('',(-5.57565101764779,-2.38561354253362,0.167777025557101));
#15161=CARTESIAN_POINT('',(-5.55359005474356,-2.32454797661659,0.189796367094039));
#15162=CARTESIAN_POINT('',(-5.54417421782247,-2.29393379207699,0.2));
#15163=CARTESIAN_POINT('',(-2.98567282423141,-6.33133143869803,-0.3));
#15164=AXIS2_PLACEMENT_3D('',#15165,#15166,#15167);
#15165=CARTESIAN_POINT('',(0.,0.,-0.3));
#15166=DIRECTION('',(0.,0.,-1.));
#15167=DIRECTION('',(-0.426524689175915,-0.904475919814004,0.));
#15168=CARTESIAN_POINT('',(-2.29393379207698,-5.54417421782248,0.2));
#15169=CARTESIAN_POINT('',(-2.33053378665081,-5.55543305020586,0.187799397432267));
#15170=CARTESIAN_POINT('',(-2.40191014407882,-5.58198850092624,0.161671802005462));
#15171=CARTESIAN_POINT('',(-2.50243605416293,-5.63296343297606,0.118156822977614));
#15172=CARTESIAN_POINT('',(-2.60650519243004,-5.70133870412037,0.0656032437718019));
#15173=CARTESIAN_POINT('',(-2.70948098234416,-5.79014099768081,0.00366590800512921));
#15174=CARTESIAN_POINT('',(-2.80551657401507,-5.9014365976178,-0.0671714933639354));
#15175=CARTESIAN_POINT('',(-2.87716036156865,-6.01419948319097,-0.133491071993585));
#15176=CARTESIAN_POINT('',(-2.92845960112647,-6.12336574716113,-0.193798835907262));
#15177=CARTESIAN_POINT('',(-2.96359731013036,-6.22548462858372,-0.247442549956256));
#15178=CARTESIAN_POINT('',(-2.97959549463225,-6.29580300235679,-0.282638751504214));
#15179=CARTESIAN_POINT('',(-2.98567282423141,-6.33133143869802,-0.3));
#15180=CARTESIAN_POINT('',(6.33133143869803,-2.98567282423141,-0.3));
#15181=CARTESIAN_POINT('',(5.54417421782248,-2.29393379207695,0.2));
#15182=CARTESIAN_POINT('',(5.55543305020582,-2.33053378665065,0.187799397432316));
#15183=CARTESIAN_POINT('',(5.58198850092609,-2.40191014407845,0.161671802005605));
#15184=CARTESIAN_POINT('',(5.63296343297572,-2.50243605416231,0.118156822977895));
#15185=CARTESIAN_POINT('',(5.70133870411984,-2.60650519242934,0.0656032437721863));
#15186=CARTESIAN_POINT('',(5.79014099768017,-2.70948098234352,0.00366590800555894));
#15187=CARTESIAN_POINT('',(5.90143659761713,-2.80551657401458,-0.0671714933635261));
#15188=CARTESIAN_POINT('',(6.01419948319036,-2.87716036156832,-0.133491071993242));
#15189=CARTESIAN_POINT('',(6.12336574716067,-2.92845960112629,-0.193798835907016));
#15190=CARTESIAN_POINT('',(6.22548462858347,-2.96359731013029,-0.247442549956126));
#15191=CARTESIAN_POINT('',(6.2958030023567,-2.97959549463223,-0.282638751504169));
#15192=CARTESIAN_POINT('',(6.33133143869802,-2.98567282423141,-0.3));
#15193=CARTESIAN_POINT('',(2.98567282423141,-6.33133143869803,-0.3));
#15194=CARTESIAN_POINT('',(2.98567282484018,-6.33133144225561,-0.3));
#15195=CARTESIAN_POINT('',(2.98244248634011,-6.3124515943734,-0.29077324938206));
#15196=CARTESIAN_POINT('',(2.97263835479207,-6.26365028487192,-0.266619291932068));
#15197=CARTESIAN_POINT('',(2.9466327198849,-6.17070104946204,-0.219068759301228));
#15198=CARTESIAN_POINT('',(2.89249497193385,-6.03849508845887,-0.147760430493658));
#15199=CARTESIAN_POINT('',(2.80178501275247,-5.89265981292791,-0.0623990671690079));
#15200=CARTESIAN_POINT('',(2.68427113774879,-5.76476961397866,0.0205124213879666));
#15201=CARTESIAN_POINT('',(2.57262389078433,-5.67705537042801,0.0836759411647883));
#15202=CARTESIAN_POINT('',(2.47415120317196,-5.61769161549344,0.130853579893171));
#15203=CARTESIAN_POINT('',(2.38561354253362,-5.57565101764779,0.167777025557103));
#15204=CARTESIAN_POINT('',(2.32454797661659,-5.55359005474356,0.18979636709404));
#15205=CARTESIAN_POINT('',(2.29393379207699,-5.54417421782247,0.2));
#15206=AXIS2_PLACEMENT_3D('',#15207,#15208,#15209);
#15207=CARTESIAN_POINT('',(0.,0.,-0.3));
#15208=DIRECTION('',(0.,0.,-1.));
#15209=DIRECTION('',(0.904475919814004,-0.426524689175916,0.));
#15210=CARTESIAN_POINT('',(-3.,6.5,-0.3));
#15211=AXIS2_PLACEMENT_3D('',#15212,#15213,#15214);
#15212=CARTESIAN_POINT('',(-2.,6.5,-0.3));
#15213=DIRECTION('',(0.,0.,1.));
#15214=DIRECTION('',(-1.,0.,0.));
#15215=CARTESIAN_POINT('',(-3.,9.53939201416946,-0.3));
#15216=CARTESIAN_POINT('',(-3.,9.53939201416945,-0.3));
#15217=VECTOR('',#15218,1.);
#15218=DIRECTION('',(0.,-1.,0.));
#15219=CARTESIAN_POINT('',(-9.53939201416945,3.,-0.3));
#15220=AXIS2_PLACEMENT_3D('',#15221,#15222,#15223);
#15221=CARTESIAN_POINT('',(0.,0.,-0.3));
#15222=DIRECTION('',(0.,0.,-1.));
#15223=DIRECTION('',(-0.953939201416946,0.3,0.));
#15224=CARTESIAN_POINT('',(-6.5,3.,-0.3));
#15225=CARTESIAN_POINT('',(-6.5,3.,-0.3));
#15226=VECTOR('',#15227,1.);
#15227=DIRECTION('',(-1.,0.,0.));
#15228=AXIS2_PLACEMENT_3D('',#15229,#15230,#15231);
#15229=CARTESIAN_POINT('',(-6.5,2.,-0.3));
#15230=DIRECTION('',(0.,0.,1.));
#15231=DIRECTION('',(0.168668561301972,0.985672824231409,0.));
#15232=CARTESIAN_POINT('',(3.,6.5,-0.3));
#15233=AXIS2_PLACEMENT_3D('',#15234,#15235,#15236);
#15234=CARTESIAN_POINT('',(2.,6.5,-0.3));
#15235=DIRECTION('',(0.,0.,1.));
#15236=DIRECTION('',(0.985672824231409,-0.168668561301973,0.));
#15237=CARTESIAN_POINT('',(6.5,3.,-0.3));
#15238=AXIS2_PLACEMENT_3D('',#15239,#15240,#15241);
#15239=CARTESIAN_POINT('',(6.5,2.,-0.3));
#15240=DIRECTION('',(0.,0.,1.));
#15241=DIRECTION('',(0.,1.,0.));
#15242=CARTESIAN_POINT('',(9.53939201416946,3.,-0.3));
#15243=CARTESIAN_POINT('',(9.53939201416945,3.,-0.3));
#15244=VECTOR('',#15245,1.);
#15245=DIRECTION('',(-1.,0.,0.));
#15246=CARTESIAN_POINT('',(3.,9.53939201416946,-0.3));
#15247=AXIS2_PLACEMENT_3D('',#15248,#15249,#15250);
#15248=CARTESIAN_POINT('',(0.,0.,-0.3));
#15249=DIRECTION('',(0.,0.,-1.));
#15250=DIRECTION('',(0.3,0.953939201416946,0.));
#15251=CARTESIAN_POINT('',(3.,6.5,-0.3));
#15252=VECTOR('',#15253,1.);
#15253=DIRECTION('',(0.,1.,0.));
#15254=CARTESIAN_POINT('',(-6.5,-3.,-0.3));
#15255=AXIS2_PLACEMENT_3D('',#15256,#15257,#15258);
#15256=CARTESIAN_POINT('',(-6.5,-2.,-0.3));
#15257=DIRECTION('',(0.,0.,1.));
#15258=DIRECTION('',(0.,-1.,0.));
#15259=CARTESIAN_POINT('',(-9.53939201416945,-3.00000000000001,-0.3));
#15260=CARTESIAN_POINT('',(-9.53939201416945,-3.,-0.3));
#15261=VECTOR('',#15262,1.);
#15262=DIRECTION('',(1.,0.,0.));
#15263=CARTESIAN_POINT('',(-3.,-9.53939201416946,-0.3));
#15264=AXIS2_PLACEMENT_3D('',#15265,#15266,#15267);
#15265=CARTESIAN_POINT('',(0.,0.,-0.3));
#15266=DIRECTION('',(0.,0.,-1.));
#15267=DIRECTION('',(-0.3,-0.953939201416946,0.));
#15268=CARTESIAN_POINT('',(-3.,-6.5,-0.3));
#15269=CARTESIAN_POINT('',(-3.,-6.5,-0.3));
#15270=VECTOR('',#15271,1.);
#15271=DIRECTION('',(0.,-1.,0.));
#15272=AXIS2_PLACEMENT_3D('',#15273,#15274,#15275);
#15273=CARTESIAN_POINT('',(-2.,-6.5,-0.3));
#15274=DIRECTION('',(0.,0.,1.));
#15275=DIRECTION('',(-0.985672824231409,0.168668561301972,0.));
#15276=CARTESIAN_POINT('',(6.5,-3.,-0.3));
#15277=AXIS2_PLACEMENT_3D('',#15278,#15279,#15280);
#15278=CARTESIAN_POINT('',(6.5,-2.,-0.3));
#15279=DIRECTION('',(0.,0.,1.));
#15280=DIRECTION('',(-0.168668561301971,-0.98567282423141,0.));
#15281=CARTESIAN_POINT('',(3.,-6.5,-0.3));
#15282=AXIS2_PLACEMENT_3D('',#15283,#15284,#15285);
#15283=CARTESIAN_POINT('',(2.,-6.5,-0.3));
#15284=DIRECTION('',(0.,0.,1.));
#15285=DIRECTION('',(1.,0.,0.));
#15286=CARTESIAN_POINT('',(3.,-9.53939201416946,-0.3));
#15287=CARTESIAN_POINT('',(3.,-9.53939201416945,-0.3));
#15288=VECTOR('',#15289,1.);
#15289=DIRECTION('',(0.,1.,0.));
#15290=CARTESIAN_POINT('',(9.53939201416946,-3.,-0.3));
#15291=AXIS2_PLACEMENT_3D('',#15292,#15293,#15294);
#15292=CARTESIAN_POINT('',(0.,0.,-0.3));
#15293=DIRECTION('',(0.,0.,-1.));
#15294=DIRECTION('',(0.953939201416946,-0.3,0.));
#15295=CARTESIAN_POINT('',(6.5,-3.,-0.3));
#15296=VECTOR('',#15297,1.);
#15297=DIRECTION('',(1.,0.,0.));
#15298=CARTESIAN_POINT('',(3.,9.53939201416946,-0.5));
#15299=CARTESIAN_POINT('',(3.,9.53939201416946,-0.3));
#15300=VECTOR('',#15301,1.);
#15301=DIRECTION('',(0.,0.,-1.));
#15302=CARTESIAN_POINT('',(9.53939201416946,3.,-0.5));
#15303=CARTESIAN_POINT('',(9.53939201416946,3.,-0.3));
#15304=VECTOR('',#15305,1.);
#15305=DIRECTION('',(0.,0.,-1.));
#15306=AXIS2_PLACEMENT_3D('',#15307,#15308,#15309);
#15307=CARTESIAN_POINT('',(0.,0.,-0.5));
#15308=DIRECTION('',(0.,0.,-1.));
#15309=DIRECTION('',(0.3,0.953939201416946,0.));
#15310=CARTESIAN_POINT('',(-3.,9.53939201416946,-0.5));
#15311=CARTESIAN_POINT('',(-3.,9.53939201416946,-0.3));
#15312=VECTOR('',#15313,1.);
#15313=DIRECTION('',(0.,0.,-1.));
#15314=CARTESIAN_POINT('',(-9.53939201416945,3.,-0.5));
#15315=AXIS2_PLACEMENT_3D('',#15316,#15317,#15318);
#15316=CARTESIAN_POINT('',(0.,0.,-0.5));
#15317=DIRECTION('',(0.,0.,-1.));
#15318=DIRECTION('',(-0.953939201416946,0.3,0.));
#15319=CARTESIAN_POINT('',(-9.53939201416946,3.,-0.3));
#15320=VECTOR('',#15321,1.);
#15321=DIRECTION('',(0.,0.,-1.));
#15322=CARTESIAN_POINT('',(-9.53939201416946,-3.,-0.5));
#15323=CARTESIAN_POINT('',(-9.53939201416946,-3.,-0.3));
#15324=VECTOR('',#15325,1.);
#15325=DIRECTION('',(0.,0.,-1.));
#15326=CARTESIAN_POINT('',(-3.,-9.53939201416945,-0.5));
#15327=AXIS2_PLACEMENT_3D('',#15328,#15329,#15330);
#15328=CARTESIAN_POINT('',(0.,0.,-0.5));
#15329=DIRECTION('',(0.,0.,-1.));
#15330=DIRECTION('',(-0.3,-0.953939201416946,0.));
#15331=CARTESIAN_POINT('',(-3.,-9.53939201416946,-0.3));
#15332=VECTOR('',#15333,1.);
#15333=DIRECTION('',(0.,0.,-1.));
#15334=CARTESIAN_POINT('',(9.53939201416946,-3.,-0.5));
#15335=CARTESIAN_POINT('',(9.53939201416946,-3.,-0.3));
#15336=VECTOR('',#15337,1.);
#15337=DIRECTION('',(0.,0.,-1.));
#15338=CARTESIAN_POINT('',(2.99999999999999,-9.53939201416946,-0.5));
#15339=CARTESIAN_POINT('',(3.,-9.53939201416946,-0.3));
#15340=VECTOR('',#15341,1.);
#15341=DIRECTION('',(0.,0.,-1.));
#15342=AXIS2_PLACEMENT_3D('',#15343,#15344,#15345);
#15343=CARTESIAN_POINT('',(0.,0.,-0.5));
#15344=DIRECTION('',(0.,0.,-1.));
#15345=DIRECTION('',(0.953939201416946,-0.3,0.));
#15346=CARTESIAN_POINT('',(-3.,6.5,-0.5));
#15347=CARTESIAN_POINT('',(-2.96322794665525,6.2313144789973,-0.5));
#15348=AXIS2_PLACEMENT_3D('',#15349,#15350,#15351);
#15349=CARTESIAN_POINT('',(-2.,6.5,-0.5));
#15350=DIRECTION('',(0.,0.,1.));
#15351=DIRECTION('',(-1.,0.,0.));
#15352=CARTESIAN_POINT('',(-6.23131447603641,2.96322795288164,-0.5));
#15353=AXIS2_PLACEMENT_3D('',#15354,#15355,#15356);
#15354=CARTESIAN_POINT('',(0.,0.,-0.5));
#15355=DIRECTION('',(0.,0.,-1.));
#15356=DIRECTION('',(-0.90308905449803,0.429453326504585,0.));
#15357=CARTESIAN_POINT('',(-6.5,3.,-0.5));
#15358=AXIS2_PLACEMENT_3D('',#15359,#15360,#15361);
#15359=CARTESIAN_POINT('',(-6.5,2.,-0.5));
#15360=DIRECTION('',(0.,0.,1.));
#15361=DIRECTION('',(0.26868552396356,0.963227952881574,0.));
#15362=CARTESIAN_POINT('',(-9.53939201416945,3.,-0.5));
#15363=VECTOR('',#15364,1.);
#15364=DIRECTION('',(1.,0.,0.));
#15365=CARTESIAN_POINT('',(-3.,6.5,-0.5));
#15366=VECTOR('',#15367,1.);
#15367=DIRECTION('',(0.,1.,0.));
#15368=CARTESIAN_POINT('',(2.96322795288164,6.23131447603641,-0.5));
#15369=CARTESIAN_POINT('',(3.,6.5,-0.5));
#15370=AXIS2_PLACEMENT_3D('',#15371,#15372,#15373);
#15371=CARTESIAN_POINT('',(2.,6.5,-0.5));
#15372=DIRECTION('',(0.,0.,1.));
#15373=DIRECTION('',(0.963227952881574,-0.26868552396356,0.));
#15374=CARTESIAN_POINT('',(3.,9.53939201416945,-0.5));
#15375=VECTOR('',#15376,1.);
#15376=DIRECTION('',(0.,-1.,0.));
#15377=CARTESIAN_POINT('',(6.5,3.,-0.5));
#15378=CARTESIAN_POINT('',(6.5,3.,-0.5));
#15379=VECTOR('',#15380,1.);
#15380=DIRECTION('',(1.,0.,0.));
#15381=CARTESIAN_POINT('',(6.2313144760381,2.96322795287809,-0.5));
#15382=AXIS2_PLACEMENT_3D('',#15383,#15384,#15385);
#15383=CARTESIAN_POINT('',(6.5,2.,-0.5));
#15384=DIRECTION('',(0.,0.,1.));
#15385=DIRECTION('',(0.,1.,0.));
#15386=AXIS2_PLACEMENT_3D('',#15387,#15388,#15389);
#15387=CARTESIAN_POINT('',(0.,0.,-0.5));
#15388=DIRECTION('',(0.,0.,-1.));
#15389=DIRECTION('',(0.429453326504585,0.90308905449803,0.));
#15390=CARTESIAN_POINT('',(-6.5,-3.,-0.5));
#15391=CARTESIAN_POINT('',(-6.2313144789973,-2.96322794665524,-0.5));
#15392=AXIS2_PLACEMENT_3D('',#15393,#15394,#15395);
#15393=CARTESIAN_POINT('',(-6.5,-2.,-0.5));
#15394=DIRECTION('',(0.,0.,1.));
#15395=DIRECTION('',(0.,-1.,0.));
#15396=CARTESIAN_POINT('',(-2.96322795288164,-6.23131447603641,-0.5));
#15397=AXIS2_PLACEMENT_3D('',#15398,#15399,#15400);
#15398=CARTESIAN_POINT('',(0.,0.,-0.5));
#15399=DIRECTION('',(0.,0.,-1.));
#15400=DIRECTION('',(-0.429453326504585,-0.90308905449803,0.));
#15401=CARTESIAN_POINT('',(-3.,-6.5,-0.5));
#15402=AXIS2_PLACEMENT_3D('',#15403,#15404,#15405);
#15403=CARTESIAN_POINT('',(-2.,-6.5,-0.5));
#15404=DIRECTION('',(0.,0.,1.));
#15405=DIRECTION('',(-0.963227952881573,0.268685523963561,0.));
#15406=CARTESIAN_POINT('',(-3.,-9.53939201416945,-0.5));
#15407=VECTOR('',#15408,1.);
#15408=DIRECTION('',(0.,1.,0.));
#15409=CARTESIAN_POINT('',(-6.5,-3.,-0.5));
#15410=VECTOR('',#15411,1.);
#15411=DIRECTION('',(-1.,0.,0.));
#15412=CARTESIAN_POINT('',(6.23131447603641,-2.96322795288164,-0.5));
#15413=CARTESIAN_POINT('',(6.5,-3.,-0.5));
#15414=AXIS2_PLACEMENT_3D('',#15415,#15416,#15417);
#15415=CARTESIAN_POINT('',(6.5,-2.,-0.5));
#15416=DIRECTION('',(0.,0.,1.));
#15417=DIRECTION('',(-0.26868552396356,-0.963227952881574,0.));
#15418=CARTESIAN_POINT('',(9.53939201416945,-3.,-0.5));
#15419=VECTOR('',#15420,1.);
#15420=DIRECTION('',(-1.,0.,0.));
#15421=CARTESIAN_POINT('',(3.,-6.5,-0.5));
#15422=CARTESIAN_POINT('',(3.,-6.5,-0.5));
#15423=VECTOR('',#15424,1.);
#15424=DIRECTION('',(0.,-1.,0.));
#15425=CARTESIAN_POINT('',(2.96322795287809,-6.2313144760381,-0.5));
#15426=AXIS2_PLACEMENT_3D('',#15427,#15428,#15429);
#15427=CARTESIAN_POINT('',(2.,-6.5,-0.5));
#15428=DIRECTION('',(0.,0.,1.));
#15429=DIRECTION('',(1.,0.,0.));
#15430=AXIS2_PLACEMENT_3D('',#15431,#15432,#15433);
#15431=CARTESIAN_POINT('',(0.,0.,-0.5));
#15432=DIRECTION('',(0.,0.,-1.));
#15433=DIRECTION('',(0.90308905449803,-0.429453326504585,0.));
#15434=CARTESIAN_POINT('',(-2.11749051528625,5.50692599529654,0.));
#15435=CARTESIAN_POINT('',(-2.96322794976314,6.23131447749797,-0.5));
#15436=CARTESIAN_POINT('',(-2.95316619393761,6.19522951548377,-0.481548249551039));
#15437=CARTESIAN_POINT('',(-2.92899206933302,6.12426991749538,-0.444320059488021));
#15438=CARTESIAN_POINT('',(-2.8810722033794,6.02258235318408,-0.388116297557641));
#15439=CARTESIAN_POINT('',(-2.81543343959504,5.91616682703349,-0.325956484846031));
#15440=CARTESIAN_POINT('',(-2.72065294979971,5.79985318330228,-0.253099846280531));
#15441=CARTESIAN_POINT('',(-2.59070031992686,5.68614473621998,-0.174149397165613));
#15442=CARTESIAN_POINT('',(-2.4467520220257,5.60074212616383,-0.105785539676647));
#15443=CARTESIAN_POINT('',(-2.32620571010809,5.55275150606132,-0.0600710696394431));
#15444=CARTESIAN_POINT('',(-2.23875004361411,5.52808650284369,-0.0320576191095815));
#15445=CARTESIAN_POINT('',(-2.17536957535409,5.51488900925126,-0.0141760506354509));
#15446=CARTESIAN_POINT('',(-2.13572873797384,5.50908341587401,-0.00427962779973996));
#15447=CARTESIAN_POINT('',(-2.11749051528625,5.50692599529654,0.));
#15448=CARTESIAN_POINT('',(-5.50692599529654,2.11749051528625,0.));
#15449=AXIS2_PLACEMENT_3D('',#15450,#15451,#15452);
#15450=CARTESIAN_POINT('',(0.,0.,0.));
#15451=DIRECTION('',(0.,0.,-1.));
#15452=DIRECTION('',(-0.933377287338396,0.358896697506144,0.));
#15453=CARTESIAN_POINT('',(-6.23131447603642,2.9632279528816,-0.5));
#15454=CARTESIAN_POINT('',(-6.19847004861503,2.95406993064541,-0.483205843321883));
#15455=CARTESIAN_POINT('',(-6.1217523693434,2.92836629646993,-0.443048385384853));
#15456=CARTESIAN_POINT('',(-5.99386563895517,2.86749470886922,-0.372234741802812));
#15457=CARTESIAN_POINT('',(-5.84436272934686,2.76411227929004,-0.282498123346225));
#15458=CARTESIAN_POINT('',(-5.70859209036898,2.62248238265508,-0.190955230700081));
#15459=CARTESIAN_POINT('',(-5.61220985464367,2.46937003825185,-0.115583774721075));
#15460=CARTESIAN_POINT('',(-5.5599613325241,2.34684579885594,-0.0673921474190757));
#15461=CARTESIAN_POINT('',(-5.53199974891466,2.25480133201423,-0.0368836556155995));
#15462=CARTESIAN_POINT('',(-5.51630283065057,2.18411861152133,-0.0164308238290241));
#15463=CARTESIAN_POINT('',(-5.50945373966205,2.13885979242958,-0.00501431606127144));
#15464=CARTESIAN_POINT('',(-5.50692599529654,2.11749051528625,0.));
#15465=CARTESIAN_POINT('',(2.11749051528625,5.50692599529654,0.));
#15466=CARTESIAN_POINT('',(2.9632279528816,6.23131447603642,-0.5));
#15467=CARTESIAN_POINT('',(2.95406993064541,6.19847004861503,-0.483205843321883));
#15468=CARTESIAN_POINT('',(2.92836629646993,6.1217523693434,-0.443048385384853));
#15469=CARTESIAN_POINT('',(2.86749470886922,5.99386563895517,-0.372234741802812));
#15470=CARTESIAN_POINT('',(2.76411227929005,5.84436272934686,-0.282498123346226));
#15471=CARTESIAN_POINT('',(2.62248238265508,5.70859209036899,-0.190955230700081));
#15472=CARTESIAN_POINT('',(2.46937003825185,5.61220985464367,-0.115583774721075));
#15473=CARTESIAN_POINT('',(2.34684579885594,5.5599613325241,-0.0673921474190742));
#15474=CARTESIAN_POINT('',(2.25480133201422,5.53199974891466,-0.0368836556156002));
#15475=CARTESIAN_POINT('',(2.18411861152133,5.51630283065057,-0.0164308238290233));
#15476=CARTESIAN_POINT('',(2.13885979242958,5.50945373966205,-0.00501431606127078));
#15477=CARTESIAN_POINT('',(2.11749051528625,5.50692599529654,0.));
#15478=CARTESIAN_POINT('',(5.50692599529654,2.11749051528625,0.));
#15479=CARTESIAN_POINT('',(6.23131447515538,2.96322795263383,-0.5));
#15480=CARTESIAN_POINT('',(6.19522951416744,2.95316619489144,-0.481548249331527));
#15481=CARTESIAN_POINT('',(6.12426991726271,2.92899206855948,-0.444320059137952));
#15482=CARTESIAN_POINT('',(6.02258235297356,2.88107220343782,-0.388116297496089));
#15483=CARTESIAN_POINT('',(5.9161668270655,2.81543343953801,-0.325956484840583));
#15484=CARTESIAN_POINT('',(5.79985318342987,2.72065294995171,-0.253099846373568));
#15485=CARTESIAN_POINT('',(5.68614473625719,2.59070031998284,-0.174149397193222));
#15486=CARTESIAN_POINT('',(5.60074212617085,2.44675202204655,-0.105785539684097));
#15487=CARTESIAN_POINT('',(5.55275150605821,2.32620571009898,-0.0600710696362265));
#15488=CARTESIAN_POINT('',(5.52808650284135,2.23875004360436,-0.0320576191066746));
#15489=CARTESIAN_POINT('',(5.51488900925042,2.17536957534876,-0.0141760506340869));
#15490=CARTESIAN_POINT('',(5.50908341587378,2.13572873797195,-0.00427962779929583));
#15491=CARTESIAN_POINT('',(5.50692599529654,2.11749051528625,0.));
#15492=AXIS2_PLACEMENT_3D('',#15493,#15494,#15495);
#15493=CARTESIAN_POINT('',(0.,0.,0.));
#15494=DIRECTION('',(0.,0.,-1.));
#15495=DIRECTION('',(0.358896697506144,0.933377287338396,0.));
#15496=CARTESIAN_POINT('',(-5.50692599529654,-2.11749051528625,0.));
#15497=CARTESIAN_POINT('',(-6.23131447749798,-2.96322794976314,-0.5));
#15498=CARTESIAN_POINT('',(-6.19522951548377,-2.95316619393761,-0.481548249551039));
#15499=CARTESIAN_POINT('',(-6.12426991749538,-2.92899206933302,-0.444320059488022));
#15500=CARTESIAN_POINT('',(-6.02258235318407,-2.8810722033794,-0.388116297557641));
#15501=CARTESIAN_POINT('',(-5.91616682703348,-2.81543343959504,-0.32595648484603));
#15502=CARTESIAN_POINT('',(-5.79985318330228,-2.72065294979971,-0.253099846280532));
#15503=CARTESIAN_POINT('',(-5.68614473621997,-2.59070031992686,-0.174149397165615));
#15504=CARTESIAN_POINT('',(-5.60074212616383,-2.4467520220257,-0.105785539676646));
#15505=CARTESIAN_POINT('',(-5.55275150606132,-2.32620571010809,-0.0600710696394453));
#15506=CARTESIAN_POINT('',(-5.52808650284369,-2.23875004361412,-0.0320576191095801));
#15507=CARTESIAN_POINT('',(-5.51488900925126,-2.17536957535409,-0.0141760506354514));
#15508=CARTESIAN_POINT('',(-5.50908341587401,-2.13572873797384,-0.00427962779974025));
#15509=CARTESIAN_POINT('',(-5.50692599529654,-2.11749051528625,0.));
#15510=CARTESIAN_POINT('',(-2.11749051528625,-5.50692599529654,0.));
#15511=AXIS2_PLACEMENT_3D('',#15512,#15513,#15514);
#15512=CARTESIAN_POINT('',(0.,0.,0.));
#15513=DIRECTION('',(0.,0.,-1.));
#15514=DIRECTION('',(-0.358896697506144,-0.933377287338396,0.));
#15515=CARTESIAN_POINT('',(-2.9632279528816,-6.23131447603642,-0.5));
#15516=CARTESIAN_POINT('',(-2.95406993064541,-6.19847004861503,-0.483205843321883));
#15517=CARTESIAN_POINT('',(-2.92836629646993,-6.1217523693434,-0.443048385384853));
#15518=CARTESIAN_POINT('',(-2.86749470886923,-5.99386563895517,-0.372234741802812));
#15519=CARTESIAN_POINT('',(-2.76411227929004,-5.84436272934686,-0.282498123346226));
#15520=CARTESIAN_POINT('',(-2.62248238265508,-5.70859209036899,-0.19095523070008));
#15521=CARTESIAN_POINT('',(-2.46937003825185,-5.61220985464367,-0.115583774721075));
#15522=CARTESIAN_POINT('',(-2.34684579885594,-5.55996133252409,-0.0673921474190731));
#15523=CARTESIAN_POINT('',(-2.25480133201422,-5.53199974891466,-0.0368836556156009));
#15524=CARTESIAN_POINT('',(-2.18411861152133,-5.51630283065057,-0.0164308238290224));
#15525=CARTESIAN_POINT('',(-2.13885979242958,-5.50945373966205,-0.00501431606127022));
#15526=CARTESIAN_POINT('',(-2.11749051528625,-5.50692599529654,0.));
#15527=CARTESIAN_POINT('',(5.50692599529654,-2.11749051528625,0.));
#15528=CARTESIAN_POINT('',(6.23131447603642,-2.9632279528816,-0.5));
#15529=CARTESIAN_POINT('',(6.19847004861503,-2.95406993064541,-0.483205843321883));
#15530=CARTESIAN_POINT('',(6.1217523693434,-2.92836629646993,-0.443048385384854));
#15531=CARTESIAN_POINT('',(5.99386563895517,-2.86749470886922,-0.372234741802811));
#15532=CARTESIAN_POINT('',(5.84436272934686,-2.76411227929005,-0.282498123346227));
#15533=CARTESIAN_POINT('',(5.70859209036899,-2.62248238265507,-0.19095523070008));
#15534=CARTESIAN_POINT('',(5.61220985464366,-2.46937003825185,-0.115583774721075));
#15535=CARTESIAN_POINT('',(5.5599613325241,-2.34684579885594,-0.0673921474190745));
#15536=CARTESIAN_POINT('',(5.53199974891466,-2.25480133201422,-0.0368836556156005));
#15537=CARTESIAN_POINT('',(5.51630283065057,-2.18411861152133,-0.0164308238290234));
#15538=CARTESIAN_POINT('',(5.50945373966205,-2.13885979242958,-0.00501431606127087));
#15539=CARTESIAN_POINT('',(5.50692599529654,-2.11749051528625,0.));
#15540=CARTESIAN_POINT('',(2.11749051528625,-5.50692599529654,0.));
#15541=CARTESIAN_POINT('',(2.96322795263383,-6.23131447515538,-0.5));
#15542=CARTESIAN_POINT('',(2.95316619489144,-6.19522951416744,-0.481548249331528));
#15543=CARTESIAN_POINT('',(2.92899206855948,-6.12426991726271,-0.444320059137953));
#15544=CARTESIAN_POINT('',(2.88107220343782,-6.02258235297356,-0.388116297496088));
#15545=CARTESIAN_POINT('',(2.81543343953801,-5.91616682706551,-0.325956484840585));
#15546=CARTESIAN_POINT('',(2.72065294995171,-5.79985318342987,-0.253099846373568));
#15547=CARTESIAN_POINT('',(2.59070031998284,-5.68614473625719,-0.174149397193223));
#15548=CARTESIAN_POINT('',(2.44675202204655,-5.60074212617085,-0.105785539684097));
#15549=CARTESIAN_POINT('',(2.32620571009898,-5.55275150605821,-0.0600710696362258));
#15550=CARTESIAN_POINT('',(2.23875004360436,-5.52808650284136,-0.0320576191066749));
#15551=CARTESIAN_POINT('',(2.17536957534876,-5.51488900925042,-0.0141760506340863));
#15552=CARTESIAN_POINT('',(2.13572873797194,-5.50908341587378,-0.00427962779929547));
#15553=CARTESIAN_POINT('',(2.11749051528625,-5.50692599529654,0.));
#15554=AXIS2_PLACEMENT_3D('',#15555,#15556,#15557);
#15555=CARTESIAN_POINT('',(0.,0.,0.));
#15556=DIRECTION('',(0.,0.,-1.));
#15557=DIRECTION('',(0.933377287338396,-0.358896697506144,0.));
#15558=CARTESIAN_POINT('',(-2.,5.5,0.));
#15559=AXIS2_PLACEMENT_3D('',#15560,#15561,#15562);
#15560=CARTESIAN_POINT('',(-2.,6.5,0.));
#15561=DIRECTION('',(0.,0.,1.));
#15562=DIRECTION('',(-0.117490515286251,-0.993074004703462,0.));
#15563=CARTESIAN_POINT('',(2.,5.5,0.));
#15564=CARTESIAN_POINT('',(2.,5.5,0.));
#15565=VECTOR('',#15566,1.);
#15566=DIRECTION('',(-1.,0.,0.));
#15567=AXIS2_PLACEMENT_3D('',#15568,#15569,#15570);
#15568=CARTESIAN_POINT('',(2.,6.5,0.));
#15569=DIRECTION('',(0.,0.,1.));
#15570=DIRECTION('',(-2.22044604925031E-16,-1.,0.));
#15571=CARTESIAN_POINT('',(5.5,2.,0.));
#15572=AXIS2_PLACEMENT_3D('',#15573,#15574,#15575);
#15573=CARTESIAN_POINT('',(6.5,2.,0.));
#15574=DIRECTION('',(0.,0.,1.));
#15575=DIRECTION('',(-0.993074004703462,0.117490515286251,0.));
#15576=CARTESIAN_POINT('',(5.5,-2.,0.));
#15577=CARTESIAN_POINT('',(5.5,-2.,0.));
#15578=VECTOR('',#15579,1.);
#15579=DIRECTION('',(0.,1.,0.));
#15580=AXIS2_PLACEMENT_3D('',#15581,#15582,#15583);
#15581=CARTESIAN_POINT('',(6.5,-2.,0.));
#15582=DIRECTION('',(0.,0.,1.));
#15583=DIRECTION('',(-1.,2.22044604925031E-16,0.));
#15584=CARTESIAN_POINT('',(2.,-5.5,0.));
#15585=AXIS2_PLACEMENT_3D('',#15586,#15587,#15588);
#15586=CARTESIAN_POINT('',(2.,-6.5,0.));
#15587=DIRECTION('',(0.,0.,1.));
#15588=DIRECTION('',(0.117490515286252,0.993074004703462,0.));
#15589=CARTESIAN_POINT('',(-2.,-5.5,0.));
#15590=CARTESIAN_POINT('',(-2.,-5.5,0.));
#15591=VECTOR('',#15592,1.);
#15592=DIRECTION('',(1.,0.,0.));
#15593=AXIS2_PLACEMENT_3D('',#15594,#15595,#15596);
#15594=CARTESIAN_POINT('',(-2.,-6.5,0.));
#15595=DIRECTION('',(0.,0.,1.));
#15596=DIRECTION('',(0.,1.,0.));
#15597=CARTESIAN_POINT('',(-5.5,-2.,0.));
#15598=AXIS2_PLACEMENT_3D('',#15599,#15600,#15601);
#15599=CARTESIAN_POINT('',(-6.5,-2.,0.));
#15600=DIRECTION('',(0.,0.,1.));
#15601=DIRECTION('',(0.993074004703462,-0.117490515286251,0.));
#15602=CARTESIAN_POINT('',(-5.5,2.,0.));
#15603=CARTESIAN_POINT('',(-5.5,2.,0.));
#15604=VECTOR('',#15605,1.);
#15605=DIRECTION('',(0.,-1.,0.));
#15606=AXIS2_PLACEMENT_3D('',#15607,#15608,#15609);
#15607=CARTESIAN_POINT('',(-6.5,2.,0.));
#15608=DIRECTION('',(0.,0.,1.));
#15609=DIRECTION('',(1.,0.,0.));
#15610=CARTESIAN_POINT('',(3.,-6.5,-0.5));
#15611=VECTOR('',#15612,1.);
#15612=DIRECTION('',(0.,0.,1.));
#15613=CARTESIAN_POINT('',(2.,-5.5,0.));
#15614=VECTOR('',#15615,1.);
#15615=DIRECTION('',(0.,0.,1.));
#15616=CARTESIAN_POINT('',(-3.,-6.5,-0.5));
#15617=VECTOR('',#15618,1.);
#15618=DIRECTION('',(0.,0.,1.));
#15619=CARTESIAN_POINT('',(-2.,-5.5,0.));
#15620=VECTOR('',#15621,1.);
#15621=DIRECTION('',(0.,0.,1.));
#15622=CARTESIAN_POINT('',(6.5,-3.,-0.5));
#15623=VECTOR('',#15624,1.);
#15624=DIRECTION('',(0.,0.,1.));
#15625=CARTESIAN_POINT('',(5.5,-2.,0.));
#15626=VECTOR('',#15627,1.);
#15627=DIRECTION('',(0.,0.,1.));
#15628=CARTESIAN_POINT('',(5.5,2.,0.));
#15629=VECTOR('',#15630,1.);
#15630=DIRECTION('',(0.,0.,1.));
#15631=CARTESIAN_POINT('',(6.5,3.,-0.5));
#15632=VECTOR('',#15633,1.);
#15633=DIRECTION('',(0.,0.,1.));
#15634=CARTESIAN_POINT('',(-6.5,-3.,-0.5));
#15635=VECTOR('',#15636,1.);
#15636=DIRECTION('',(0.,0.,1.));
#15637=CARTESIAN_POINT('',(-6.5,3.,-0.5));
#15638=VECTOR('',#15639,1.);
#15639=DIRECTION('',(0.,0.,1.));
#15640=CARTESIAN_POINT('',(-5.5,2.,0.));
#15641=VECTOR('',#15642,1.);
#15642=DIRECTION('',(0.,0.,1.));
#15643=CARTESIAN_POINT('',(-5.5,-2.,0.));
#15644=VECTOR('',#15645,1.);
#15645=DIRECTION('',(0.,0.,1.));
#15646=CARTESIAN_POINT('',(-3.,6.5,-0.5));
#15647=VECTOR('',#15648,1.);
#15648=DIRECTION('',(0.,0.,1.));
#15649=CARTESIAN_POINT('',(3.,6.5,-0.5));
#15650=VECTOR('',#15651,1.);
#15651=DIRECTION('',(0.,0.,1.));
#15652=CARTESIAN_POINT('',(2.,5.5,0.));
#15653=VECTOR('',#15654,1.);
#15654=DIRECTION('',(0.,0.,1.));
#15655=CARTESIAN_POINT('',(-2.,5.5,0.));
#15656=VECTOR('',#15657,1.);
#15657=DIRECTION('',(0.,0.,1.));
ENDSEC;
END-ISO-10303-21;
