ISO-10303-21;
HEADER;
FILE_DESCRIPTION(('STEP AP214'),
    '1');
FILE_NAME('Hold_21700-4p_smd',
    '2025-08-04T00:41:30',
    (''),
    (''),
    'C3D Converter',
    'C3D Toolkit',
    '');
/**/
FILE_SCHEMA(('AUTOMOTIVE_DESIGN { 1 0 10303 214 3 1 1}'));
ENDSEC;

DATA;
#1=PRODUCT_DEFINITION('','UNSPECIFIED',#25,#28);
#2=SHAPE_DEFINITION_REPRESENTATION(#13,#3);
#3=SHAPE_REPRESENTATION('NONE',(#4,#50,#133,#215,#297,#323,#349,#375,#401,#427,#453,
#592,#618,#644),#8);
#4=AXIS2_PLACEMENT_3D('',#5,#6,#7);
#5=CARTESIAN_POINT('',(0.,0.,0.));
#6=DIRECTION('',(0.,0.,1.));
#7=DIRECTION('',(1.,0.,0.));
#8=(GEOMETRIC_REPRESENTATION_CONTEXT(3)GLOBAL_UNCERTAINTY_ASSIGNED_CONTEXT((#10))
GLOBAL_UNIT_ASSIGNED_CONTEXT((#9,#11,#12))REPRESENTATION_CONTEXT('NONE','NONE'));
#9=(LENGTH_UNIT()NAMED_UNIT(*)SI_UNIT(.MILLI.,.METRE.));
#10=UNCERTAINTY_MEASURE_WITH_UNIT(LENGTH_MEASURE(1.E-5),#9,'NONE','NONE');
#11=(NAMED_UNIT(*)PLANE_ANGLE_UNIT()SI_UNIT($,.RADIAN.));
#12=(NAMED_UNIT(*)SI_UNIT($,.STERADIAN.)SOLID_ANGLE_UNIT());
#13=PRODUCT_DEFINITION_SHAPE('NONE','NONE',#1);
#14=DERIVED_UNIT((#18,#15));
#15=DERIVED_UNIT_ELEMENT(#16,-1.);
#16=VOLUME_UNIT(#17);
#17=DIMENSIONAL_EXPONENTS(3.,0.,0.,0.,0.,0.,0.);
#18=(NAMED_UNIT($)MASS_UNIT()SI_UNIT($,.GRAM.));
#19=(MEASURE_REPRESENTATION_ITEM()MEASURE_WITH_UNIT(NUMERIC_MEASURE(0.00785599999999985),
#14)REPRESENTATION_ITEM(''));
#20=MATERIAL_PROPERTY('NONE','NONE',#13);
#21=MATERIAL_PROPERTY_REPRESENTATION(#20,#22,$);
#22=REPRESENTATION('NONE',(#19),#23);
#23=GLOBAL_UNIT_ASSIGNED_CONTEXT('NONE','NONE',(#9,#14));
#24=MECHANICAL_CONTEXT('NONE',#29,'mechanical');
#25=PRODUCT_DEFINITION_FORMATION_WITH_SPECIFIED_SOURCE('ANY','UNSPECIFIED',#26,.NOT_KNOWN.);
#26=PRODUCT('','Hold_21700-4p_smd','NONE',(#24));
#27=PRODUCT_RELATED_PRODUCT_CATEGORY('assembly','',(#26));
#28=DESIGN_CONTEXT('detailed design',#29,'design');
#29=APPLICATION_CONTEXT('configuration controlled 3d designs of mechanical parts and assemblies');
#30=APPLICATION_PROTOCOL_DEFINITION('international standard','config_control_design',
1994,#29);
#31=CC_DESIGN_DATE_AND_TIME_ASSIGNMENT(#32,#36,(#1));
#32=DATE_AND_TIME(#33,#34);
#33=CALENDAR_DATE(0,1,1);
#34=LOCAL_TIME(0,0,0.,#35);
#35=COORDINATED_UNIVERSAL_TIME_OFFSET(0,0,.AHEAD.);
#36=DATE_TIME_ROLE('creation_date');
#37=CC_DESIGN_APPROVAL(#38,(#1));
#38=APPROVAL(#39,'UNSPECIFIED');
#39=APPROVAL_STATUS('not_yet_approved');
#40=APPROVAL_DATE_TIME(#41,#38);
#41=DATE_AND_TIME(#42,#43);
#42=CALENDAR_DATE(0,1,1);
#43=LOCAL_TIME(0,0,0.,#44);
#44=COORDINATED_UNIVERSAL_TIME_OFFSET(0,0,.AHEAD.);
#45=PERSON('UNSPECIFIED','UNSPECIFIED','UNSPECIFIED',('UNSPECIFIED'),('UNSPECIFIED'),
('UNSPECIFIED'));
#46=ORGANIZATION('UNSPECIFIED','UNSPECIFIED','UNSPECIFIED');
#47=PERSON_AND_ORGANIZATION(#45,#46);
#48=PERSON_AND_ORGANIZATION_ROLE('creator');
#49=CC_DESIGN_PERSON_AND_ORGANIZATION_ASSIGNMENT(#47,#48,(#25,#1));
#50=AXIS2_PLACEMENT_3D('',#51,#52,#53);
#51=CARTESIAN_POINT('',(-34.5,-40.,0.8));
#52=DIRECTION('',(0.,0.,1.));
#53=DIRECTION('',(1.,0.,0.));
#54=PRODUCT_DEFINITION('','UNSPECIFIED',#86,#89);
#55=SHAPE_DEFINITION_REPRESENTATION(#79,#56);
#56=SHAPE_REPRESENTATION('NONE',(#4),#8);
#57=MANIFOLD_SOLID_BREP('',#67);
#58=(MEASURE_REPRESENTATION_ITEM()MEASURE_WITH_UNIT(NUMERIC_MEASURE(0.00781999999999988),
#14)REPRESENTATION_ITEM(''));
#59=SHAPE_ASPECT('','',#54,.F.);
#60=PROPERTY_DEFINITION('NONE','NONE',#59);
#61=PROPERTY_DEFINITION_REPRESENTATION(#60,#62);
#62=REPRESENTATION('NONE',(#57),$);
#63=MATERIAL_PROPERTY('NONE','NONE',#59);
#64=MATERIAL_PROPERTY_REPRESENTATION(#63,#65,$);
#65=REPRESENTATION('NONE',(#58),#66);
#66=GLOBAL_UNIT_ASSIGNED_CONTEXT('NONE','NONE',(#9,#14));
#67=CLOSED_SHELL('',(#670,#671,#672,#673,#674,#675,#676,#677,#678,#679,#680,#681,
#682,#683,#684,#685,#686,#687,#688,#689,#690,#691,#692,#693,#694,#695,#696,#697,
#698,#699,#700,#701,#702,#703,#704,#705,#706,#707,#708,#709,#710,#711,#712,#713,
#714,#715,#716,#717,#718,#719,#720,#721,#722,#723,#724,#725,#726,#727,#728,#729,
#730,#731,#732,#733,#734,#735,#736,#737,#738,#739,#740,#741,#742,#743,#744,#745,
#746,#747,#748,#749,#750,#751,#752,#753,#754,#755,#756,#757,#758,#759,#760,#761,
#762,#763,#764,#765,#766,#767,#768,#769,#770,#771,#772,#773,#774,#775,#776,#777,
#778,#779,#780,#781,#782,#783,#784,#785,#786,#787,#788,#789,#790,#791));
#68=COLOUR_RGB('',1.,0.8,0.6);
#69=FILL_AREA_STYLE_COLOUR('',#68);
#70=FILL_AREA_STYLE($,(#69));
#71=SURFACE_STYLE_FILL_AREA(#70);
#72=SURFACE_SIDE_STYLE('',(#71));
#73=SURFACE_STYLE_USAGE(.BOTH.,#72);
#74=PRESENTATION_STYLE_ASSIGNMENT((#73));
#75=MECHANICAL_DESIGN_GEOMETRIC_PRESENTATION_REPRESENTATION('NONE',(#76,#158,#240,
#478,#497,#516,#535,#1129,#1138,#1147,#1156,#1165,#1174,#1183,#1192,#1201,#1210,
#1219,#1228,#1237,#1246,#1255,#1264,#1273,#1282,#1291,#1300,#1309,#1318,#1327,#1336,
#1345,#1354,#1363,#1372,#1381,#1390,#1399,#1408,#1417,#1426,#1435,#1444,#1453,#1462,
#1471,#1480,#1489,#1498,#1507,#1516,#1525,#1534,#1543,#1552,#1561,#1570,#1579,#1588,
#1597,#1606,#1615,#1624,#1633,#1642,#1651,#1660,#1669,#1678,#1687,#1696,#1705,#1714,
#1723,#1732,#1741,#1750,#1759,#1768),#8);
#76=STYLED_ITEM('',(#74),#57);
#77=ADVANCED_BREP_SHAPE_REPRESENTATION('NONE',(#57),#8);
#78=SHAPE_REPRESENTATION_RELATIONSHIP('','',#56,#77);
#79=PRODUCT_DEFINITION_SHAPE('NONE','NONE',#54);
#80=(MEASURE_REPRESENTATION_ITEM()MEASURE_WITH_UNIT(NUMERIC_MEASURE(0.00781999999999989),
#14)REPRESENTATION_ITEM(''));
#81=MATERIAL_PROPERTY('NONE','NONE',#79);
#82=MATERIAL_PROPERTY_REPRESENTATION(#81,#83,$);
#83=REPRESENTATION('NONE',(#80),#84);
#84=GLOBAL_UNIT_ASSIGNED_CONTEXT('NONE','NONE',(#9,#14));
#85=MECHANICAL_CONTEXT('NONE',#90,'mechanical');
#86=PRODUCT_DEFINITION_FORMATION_WITH_SPECIFIED_SOURCE('ANY','UNSPECIFIED',#87,.NOT_KNOWN.);
#87=PRODUCT('','Hold_21700_Con_smd_m','NONE',(#85));
#88=PRODUCT_RELATED_PRODUCT_CATEGORY('detail','',(#87));
#89=DESIGN_CONTEXT('detailed design',#90,'design');
#90=APPLICATION_CONTEXT('configuration controlled 3d designs of mechanical parts and assemblies');
#91=APPLICATION_PROTOCOL_DEFINITION('international standard','config_control_design',
1994,#90);
#92=CC_DESIGN_DATE_AND_TIME_ASSIGNMENT(#93,#97,(#54));
#93=DATE_AND_TIME(#94,#95);
#94=CALENDAR_DATE(0,1,1);
#95=LOCAL_TIME(0,0,0.,#96);
#96=COORDINATED_UNIVERSAL_TIME_OFFSET(0,0,.AHEAD.);
#97=DATE_TIME_ROLE('creation_date');
#98=CC_DESIGN_APPROVAL(#99,(#54));
#99=APPROVAL(#100,'UNSPECIFIED');
#100=APPROVAL_STATUS('not_yet_approved');
#101=APPROVAL_DATE_TIME(#102,#99);
#102=DATE_AND_TIME(#103,#104);
#103=CALENDAR_DATE(0,1,1);
#104=LOCAL_TIME(0,0,0.,#105);
#105=COORDINATED_UNIVERSAL_TIME_OFFSET(0,0,.AHEAD.);
#106=PERSON('UNSPECIFIED','nick','UNSPECIFIED',('UNSPECIFIED'),('UNSPECIFIED'),(
'UNSPECIFIED'));
#107=ORGANIZATION('UNSPECIFIED','home','UNSPECIFIED');
#108=PERSON_AND_ORGANIZATION(#106,#107);
#109=PERSON_AND_ORGANIZATION_ROLE('creator');
#110=CC_DESIGN_PERSON_AND_ORGANIZATION_ASSIGNMENT(#108,#109,(#86,#54));
#111=ITEM_DEFINED_TRANSFORMATION('','',#4,#50);
#112=(REPRESENTATION_RELATIONSHIP('','',#56,#3)REPRESENTATION_RELATIONSHIP_WITH_TRANSFORMATION(
#111)SHAPE_REPRESENTATION_RELATIONSHIP());
#113=NEXT_ASSEMBLY_USAGE_OCCURRENCE('ANY','Hold_21700-4p_smd','',#1,#54,'');
#114=CC_DESIGN_SECURITY_CLASSIFICATION(#115,(#113));
#115=SECURITY_CLASSIFICATION('','',#116);
#116=SECURITY_CLASSIFICATION_LEVEL('unclassified');
#117=CC_DESIGN_DATE_AND_TIME_ASSIGNMENT(#118,#122,(#115));
#118=DATE_AND_TIME(#119,#120);
#119=CALENDAR_DATE(0,1,1);
#120=LOCAL_TIME(0,0,0.,#121);
#121=COORDINATED_UNIVERSAL_TIME_OFFSET(0,0,.AHEAD.);
#122=DATE_TIME_ROLE('classification_date');
#123=CC_DESIGN_APPROVAL(#124,(#115));
#124=APPROVAL(#125,'UNSPECIFIED');
#125=APPROVAL_STATUS('not_yet_approved');
#126=APPROVAL_DATE_TIME(#127,#124);
#127=DATE_AND_TIME(#128,#129);
#128=CALENDAR_DATE(0,1,1);
#129=LOCAL_TIME(0,0,0.,#130);
#130=COORDINATED_UNIVERSAL_TIME_OFFSET(0,0,.AHEAD.);
#131=PRODUCT_DEFINITION_SHAPE('NONE','NONE',#113);
#132=CONTEXT_DEPENDENT_SHAPE_REPRESENTATION(#112,#131);
#133=AXIS2_PLACEMENT_3D('',#134,#135,#136);
#134=CARTESIAN_POINT('',(-34.5,40.,0.8));
#135=DIRECTION('',(0.,0.,1.));
#136=DIRECTION('',(-1.,1.22464679914735E-16,0.));
#137=PRODUCT_DEFINITION('','UNSPECIFIED',#168,#171);
#138=SHAPE_DEFINITION_REPRESENTATION(#161,#139);
#139=SHAPE_REPRESENTATION('NONE',(#4),#8);
#140=MANIFOLD_SOLID_BREP('',#150);
#141=(MEASURE_REPRESENTATION_ITEM()MEASURE_WITH_UNIT(NUMERIC_MEASURE(0.00781999999999989),
#14)REPRESENTATION_ITEM(''));
#142=SHAPE_ASPECT('','',#137,.F.);
#143=PROPERTY_DEFINITION('NONE','NONE',#142);
#144=PROPERTY_DEFINITION_REPRESENTATION(#143,#145);
#145=REPRESENTATION('NONE',(#140),$);
#146=MATERIAL_PROPERTY('NONE','NONE',#142);
#147=MATERIAL_PROPERTY_REPRESENTATION(#146,#148,$);
#148=REPRESENTATION('NONE',(#141),#149);
#149=GLOBAL_UNIT_ASSIGNED_CONTEXT('NONE','NONE',(#9,#14));
#150=CLOSED_SHELL('',(#792,#793,#794,#795,#796,#797,#798,#799,#800,#801,#802,#803,
#804,#805,#806,#807,#808,#809,#810,#811,#812,#813,#814,#815,#816,#817,#818,#819,
#820,#821,#822,#823,#824,#825,#826,#827,#828,#829,#830,#831,#832,#833,#834,#835,
#836,#837,#838,#839,#840,#841,#842,#843,#844,#845,#846,#847));
#151=COLOUR_RGB('',1.,0.8,0.6);
#152=FILL_AREA_STYLE_COLOUR('',#151);
#153=FILL_AREA_STYLE($,(#152));
#154=SURFACE_STYLE_FILL_AREA(#153);
#155=SURFACE_SIDE_STYLE('',(#154));
#156=SURFACE_STYLE_USAGE(.BOTH.,#155);
#157=PRESENTATION_STYLE_ASSIGNMENT((#156));
#158=STYLED_ITEM('',(#157),#140);
#159=ADVANCED_BREP_SHAPE_REPRESENTATION('NONE',(#140),#8);
#160=SHAPE_REPRESENTATION_RELATIONSHIP('','',#139,#159);
#161=PRODUCT_DEFINITION_SHAPE('NONE','NONE',#137);
#162=(MEASURE_REPRESENTATION_ITEM()MEASURE_WITH_UNIT(NUMERIC_MEASURE(0.00781999999999989),
#14)REPRESENTATION_ITEM(''));
#163=MATERIAL_PROPERTY('NONE','NONE',#161);
#164=MATERIAL_PROPERTY_REPRESENTATION(#163,#165,$);
#165=REPRESENTATION('NONE',(#162),#166);
#166=GLOBAL_UNIT_ASSIGNED_CONTEXT('NONE','NONE',(#9,#14));
#167=MECHANICAL_CONTEXT('NONE',#172,'mechanical');
#168=PRODUCT_DEFINITION_FORMATION_WITH_SPECIFIED_SOURCE('ANY','UNSPECIFIED',#169,
.NOT_KNOWN.);
#169=PRODUCT('','Hold_21700_Con_smd_p','NONE',(#167));
#170=PRODUCT_RELATED_PRODUCT_CATEGORY('detail','',(#169));
#171=DESIGN_CONTEXT('detailed design',#172,'design');
#172=APPLICATION_CONTEXT('configuration controlled 3d designs of mechanical parts and assemblies');
#173=APPLICATION_PROTOCOL_DEFINITION('international standard','config_control_design',
1994,#172);
#174=CC_DESIGN_DATE_AND_TIME_ASSIGNMENT(#175,#179,(#137));
#175=DATE_AND_TIME(#176,#177);
#176=CALENDAR_DATE(0,1,1);
#177=LOCAL_TIME(0,0,0.,#178);
#178=COORDINATED_UNIVERSAL_TIME_OFFSET(0,0,.AHEAD.);
#179=DATE_TIME_ROLE('creation_date');
#180=CC_DESIGN_APPROVAL(#181,(#137));
#181=APPROVAL(#182,'UNSPECIFIED');
#182=APPROVAL_STATUS('not_yet_approved');
#183=APPROVAL_DATE_TIME(#184,#181);
#184=DATE_AND_TIME(#185,#186);
#185=CALENDAR_DATE(0,1,1);
#186=LOCAL_TIME(0,0,0.,#187);
#187=COORDINATED_UNIVERSAL_TIME_OFFSET(0,0,.AHEAD.);
#188=PERSON('UNSPECIFIED','nick','UNSPECIFIED',('UNSPECIFIED'),('UNSPECIFIED'),(
'UNSPECIFIED'));
#189=ORGANIZATION('UNSPECIFIED','home','UNSPECIFIED');
#190=PERSON_AND_ORGANIZATION(#188,#189);
#191=PERSON_AND_ORGANIZATION_ROLE('creator');
#192=CC_DESIGN_PERSON_AND_ORGANIZATION_ASSIGNMENT(#190,#191,(#168,#137));
#193=ITEM_DEFINED_TRANSFORMATION('','',#4,#133);
#194=(REPRESENTATION_RELATIONSHIP('','',#139,#3)REPRESENTATION_RELATIONSHIP_WITH_TRANSFORMATION(
#193)SHAPE_REPRESENTATION_RELATIONSHIP());
#195=NEXT_ASSEMBLY_USAGE_OCCURRENCE('ANY','Hold_21700-4p_smd','',#1,#137,'');
#196=CC_DESIGN_SECURITY_CLASSIFICATION(#197,(#195));
#197=SECURITY_CLASSIFICATION('','',#198);
#198=SECURITY_CLASSIFICATION_LEVEL('unclassified');
#199=CC_DESIGN_DATE_AND_TIME_ASSIGNMENT(#200,#204,(#197));
#200=DATE_AND_TIME(#201,#202);
#201=CALENDAR_DATE(0,1,1);
#202=LOCAL_TIME(0,0,0.,#203);
#203=COORDINATED_UNIVERSAL_TIME_OFFSET(0,0,.AHEAD.);
#204=DATE_TIME_ROLE('classification_date');
#205=CC_DESIGN_APPROVAL(#206,(#197));
#206=APPROVAL(#207,'UNSPECIFIED');
#207=APPROVAL_STATUS('not_yet_approved');
#208=APPROVAL_DATE_TIME(#209,#206);
#209=DATE_AND_TIME(#210,#211);
#210=CALENDAR_DATE(0,1,1);
#211=LOCAL_TIME(0,0,0.,#212);
#212=COORDINATED_UNIVERSAL_TIME_OFFSET(0,0,.AHEAD.);
#213=PRODUCT_DEFINITION_SHAPE('NONE','NONE',#195);
#214=CONTEXT_DEPENDENT_SHAPE_REPRESENTATION(#194,#213);
#215=AXIS2_PLACEMENT_3D('',#216,#217,#218);
#216=CARTESIAN_POINT('',(0.,0.,0.));
#217=DIRECTION('',(0.,0.,1.));
#218=DIRECTION('',(1.,0.,0.));
#219=PRODUCT_DEFINITION('','UNSPECIFIED',#250,#253);
#220=SHAPE_DEFINITION_REPRESENTATION(#243,#221);
#221=SHAPE_REPRESENTATION('NONE',(#4),#8);
#222=MANIFOLD_SOLID_BREP('',#232);
#223=(MEASURE_REPRESENTATION_ITEM()MEASURE_WITH_UNIT(NUMERIC_MEASURE(0.00781999999999986),
#14)REPRESENTATION_ITEM(''));
#224=SHAPE_ASPECT('','',#219,.F.);
#225=PROPERTY_DEFINITION('NONE','NONE',#224);
#226=PROPERTY_DEFINITION_REPRESENTATION(#225,#227);
#227=REPRESENTATION('NONE',(#222),$);
#228=MATERIAL_PROPERTY('NONE','NONE',#224);
#229=MATERIAL_PROPERTY_REPRESENTATION(#228,#230,$);
#230=REPRESENTATION('NONE',(#223),#231);
#231=GLOBAL_UNIT_ASSIGNED_CONTEXT('NONE','NONE',(#9,#14));
#232=CLOSED_SHELL('',(#848,#849,#850,#851,#852,#853,#854,#855,#856,#857,#858,#859,
#860,#861,#862,#863,#864,#865,#866,#867,#868,#869,#870,#871,#872,#873,#874,#875,
#876,#877,#878,#879,#880,#881,#882,#883,#884,#885,#886,#887,#888,#889,#890,#891,
#892,#893,#894,#895,#896,#897,#898,#899,#900,#901,#902,#903,#904,#905,#906,#907,
#908,#909,#910,#911,#912,#913,#914,#915,#916,#917,#918,#919,#920,#921,#922,#923,
#924,#925,#926,#927,#928,#929,#930,#931,#932,#933,#934,#935,#936,#937,#938,#939,
#940,#941,#942,#943,#944,#945,#946,#947,#948,#949,#950,#951,#952,#953,#954,#955,
#956,#957,#958,#959,#960,#961,#962,#963,#964,#965,#966,#967,#968,#969,#970,#971,
#972,#973,#974,#975,#976,#977,#978,#979,#980,#981,#982,#983,#984,#985,#986,#987,
#988,#989,#990,#991,#992,#993,#994,#995,#996,#997,#998,#999,#1000,#1001,#1002,#1003,
#1004,#1005,#1006,#1007,#1008,#1009,#1010,#1011,#1012,#1013,#1014,#1015,#1016,#1017,
#1018,#1019,#1020,#1021,#1022,#1023,#1024,#1025,#1026,#1027,#1028,#1029,#1030,#1031,
#1032,#1033,#1034,#1035,#1036,#1037,#1038,#1039,#1040,#1041,#1042,#1043,#1044,#1045,
#1046,#1047,#1048,#1049,#1050,#1051,#1052,#1053,#1054,#1055,#1056,#1057,#1058,#1059,
#1060,#1061,#1062,#1063,#1064,#1065,#1066,#1067,#1068,#1069,#1070,#1071,#1072,#1073,
#1074,#1075,#1076,#1077,#1078,#1079,#1080,#1081,#1082,#1083,#1084,#1085,#1086,#1087,
#1088,#1089,#1090,#1091,#1092,#1093,#1094,#1095,#1096,#1097,#1098,#1099,#1100,#1101,
#1102,#1103,#1104,#1105,#1106,#1107,#1108,#1109,#1110,#1111,#1112,#1113,#1114,#1115,
#1116,#1117,#1118,#1119,#1120));
#233=COLOUR_RGB('',0.141176470588235,0.141176470588235,0.141176470588235);
#234=FILL_AREA_STYLE_COLOUR('',#233);
#235=FILL_AREA_STYLE($,(#234));
#236=SURFACE_STYLE_FILL_AREA(#235);
#237=SURFACE_SIDE_STYLE('',(#236));
#238=SURFACE_STYLE_USAGE(.BOTH.,#237);
#239=PRESENTATION_STYLE_ASSIGNMENT((#238));
#240=STYLED_ITEM('',(#239),#222);
#241=ADVANCED_BREP_SHAPE_REPRESENTATION('NONE',(#222),#8);
#242=SHAPE_REPRESENTATION_RELATIONSHIP('','',#221,#241);
#243=PRODUCT_DEFINITION_SHAPE('NONE','NONE',#219);
#244=(MEASURE_REPRESENTATION_ITEM()MEASURE_WITH_UNIT(NUMERIC_MEASURE(0.00781999999999986),
#14)REPRESENTATION_ITEM(''));
#245=MATERIAL_PROPERTY('NONE','NONE',#243);
#246=MATERIAL_PROPERTY_REPRESENTATION(#245,#247,$);
#247=REPRESENTATION('NONE',(#244),#248);
#248=GLOBAL_UNIT_ASSIGNED_CONTEXT('NONE','NONE',(#9,#14));
#249=MECHANICAL_CONTEXT('NONE',#254,'mechanical');
#250=PRODUCT_DEFINITION_FORMATION_WITH_SPECIFIED_SOURCE('ANY','UNSPECIFIED',#251,
.NOT_KNOWN.);
#251=PRODUCT('','Hold_21700-4p_smd','NONE',(#249));
#252=PRODUCT_RELATED_PRODUCT_CATEGORY('detail','',(#251));
#253=DESIGN_CONTEXT('detailed design',#254,'design');
#254=APPLICATION_CONTEXT('configuration controlled 3d designs of mechanical parts and assemblies');
#255=APPLICATION_PROTOCOL_DEFINITION('international standard','config_control_design',
1994,#254);
#256=CC_DESIGN_DATE_AND_TIME_ASSIGNMENT(#257,#261,(#219));
#257=DATE_AND_TIME(#258,#259);
#258=CALENDAR_DATE(0,1,1);
#259=LOCAL_TIME(0,0,0.,#260);
#260=COORDINATED_UNIVERSAL_TIME_OFFSET(0,0,.AHEAD.);
#261=DATE_TIME_ROLE('creation_date');
#262=CC_DESIGN_APPROVAL(#263,(#219));
#263=APPROVAL(#264,'UNSPECIFIED');
#264=APPROVAL_STATUS('not_yet_approved');
#265=APPROVAL_DATE_TIME(#266,#263);
#266=DATE_AND_TIME(#267,#268);
#267=CALENDAR_DATE(0,1,1);
#268=LOCAL_TIME(0,0,0.,#269);
#269=COORDINATED_UNIVERSAL_TIME_OFFSET(0,0,.AHEAD.);
#270=PERSON('UNSPECIFIED','nick','UNSPECIFIED',('UNSPECIFIED'),('UNSPECIFIED'),(
'UNSPECIFIED'));
#271=ORGANIZATION('UNSPECIFIED','home','UNSPECIFIED');
#272=PERSON_AND_ORGANIZATION(#270,#271);
#273=PERSON_AND_ORGANIZATION_ROLE('creator');
#274=CC_DESIGN_PERSON_AND_ORGANIZATION_ASSIGNMENT(#272,#273,(#250,#219));
#275=ITEM_DEFINED_TRANSFORMATION('','',#4,#215);
#276=(REPRESENTATION_RELATIONSHIP('','',#221,#3)REPRESENTATION_RELATIONSHIP_WITH_TRANSFORMATION(
#275)SHAPE_REPRESENTATION_RELATIONSHIP());
#277=NEXT_ASSEMBLY_USAGE_OCCURRENCE('ANY','Hold_21700-4p_smd','',#1,#219,'');
#278=CC_DESIGN_SECURITY_CLASSIFICATION(#279,(#277));
#279=SECURITY_CLASSIFICATION('','',#280);
#280=SECURITY_CLASSIFICATION_LEVEL('unclassified');
#281=CC_DESIGN_DATE_AND_TIME_ASSIGNMENT(#282,#286,(#279));
#282=DATE_AND_TIME(#283,#284);
#283=CALENDAR_DATE(0,1,1);
#284=LOCAL_TIME(0,0,0.,#285);
#285=COORDINATED_UNIVERSAL_TIME_OFFSET(0,0,.AHEAD.);
#286=DATE_TIME_ROLE('classification_date');
#287=CC_DESIGN_APPROVAL(#288,(#279));
#288=APPROVAL(#289,'UNSPECIFIED');
#289=APPROVAL_STATUS('not_yet_approved');
#290=APPROVAL_DATE_TIME(#291,#288);
#291=DATE_AND_TIME(#292,#293);
#292=CALENDAR_DATE(0,1,1);
#293=LOCAL_TIME(0,0,0.,#294);
#294=COORDINATED_UNIVERSAL_TIME_OFFSET(0,0,.AHEAD.);
#295=PRODUCT_DEFINITION_SHAPE('NONE','NONE',#277);
#296=CONTEXT_DEPENDENT_SHAPE_REPRESENTATION(#276,#295);
#297=AXIS2_PLACEMENT_3D('',#298,#299,#300);
#298=CARTESIAN_POINT('',(-11.5,-40.,0.8));
#299=DIRECTION('',(0.,0.,1.));
#300=DIRECTION('',(1.,0.,0.));
#301=ITEM_DEFINED_TRANSFORMATION('','',#4,#297);
#302=(REPRESENTATION_RELATIONSHIP('','',#56,#3)REPRESENTATION_RELATIONSHIP_WITH_TRANSFORMATION(
#301)SHAPE_REPRESENTATION_RELATIONSHIP());
#303=NEXT_ASSEMBLY_USAGE_OCCURRENCE('ANY','Hold_21700-4p_smd','',#1,#54,'');
#304=CC_DESIGN_SECURITY_CLASSIFICATION(#305,(#303));
#305=SECURITY_CLASSIFICATION('','',#306);
#306=SECURITY_CLASSIFICATION_LEVEL('unclassified');
#307=CC_DESIGN_DATE_AND_TIME_ASSIGNMENT(#308,#312,(#305));
#308=DATE_AND_TIME(#309,#310);
#309=CALENDAR_DATE(0,1,1);
#310=LOCAL_TIME(0,0,0.,#311);
#311=COORDINATED_UNIVERSAL_TIME_OFFSET(0,0,.AHEAD.);
#312=DATE_TIME_ROLE('classification_date');
#313=CC_DESIGN_APPROVAL(#314,(#305));
#314=APPROVAL(#315,'UNSPECIFIED');
#315=APPROVAL_STATUS('not_yet_approved');
#316=APPROVAL_DATE_TIME(#317,#314);
#317=DATE_AND_TIME(#318,#319);
#318=CALENDAR_DATE(0,1,1);
#319=LOCAL_TIME(0,0,0.,#320);
#320=COORDINATED_UNIVERSAL_TIME_OFFSET(0,0,.AHEAD.);
#321=PRODUCT_DEFINITION_SHAPE('NONE','NONE',#303);
#322=CONTEXT_DEPENDENT_SHAPE_REPRESENTATION(#302,#321);
#323=AXIS2_PLACEMENT_3D('',#324,#325,#326);
#324=CARTESIAN_POINT('',(-11.5,40.,0.8));
#325=DIRECTION('',(0.,0.,1.));
#326=DIRECTION('',(-1.,1.22464679914735E-16,0.));
#327=ITEM_DEFINED_TRANSFORMATION('','',#4,#323);
#328=(REPRESENTATION_RELATIONSHIP('','',#139,#3)REPRESENTATION_RELATIONSHIP_WITH_TRANSFORMATION(
#327)SHAPE_REPRESENTATION_RELATIONSHIP());
#329=NEXT_ASSEMBLY_USAGE_OCCURRENCE('ANY','Hold_21700-4p_smd','',#1,#137,'');
#330=CC_DESIGN_SECURITY_CLASSIFICATION(#331,(#329));
#331=SECURITY_CLASSIFICATION('','',#332);
#332=SECURITY_CLASSIFICATION_LEVEL('unclassified');
#333=CC_DESIGN_DATE_AND_TIME_ASSIGNMENT(#334,#338,(#331));
#334=DATE_AND_TIME(#335,#336);
#335=CALENDAR_DATE(0,1,1);
#336=LOCAL_TIME(0,0,0.,#337);
#337=COORDINATED_UNIVERSAL_TIME_OFFSET(0,0,.AHEAD.);
#338=DATE_TIME_ROLE('classification_date');
#339=CC_DESIGN_APPROVAL(#340,(#331));
#340=APPROVAL(#341,'UNSPECIFIED');
#341=APPROVAL_STATUS('not_yet_approved');
#342=APPROVAL_DATE_TIME(#343,#340);
#343=DATE_AND_TIME(#344,#345);
#344=CALENDAR_DATE(0,1,1);
#345=LOCAL_TIME(0,0,0.,#346);
#346=COORDINATED_UNIVERSAL_TIME_OFFSET(0,0,.AHEAD.);
#347=PRODUCT_DEFINITION_SHAPE('NONE','NONE',#329);
#348=CONTEXT_DEPENDENT_SHAPE_REPRESENTATION(#328,#347);
#349=AXIS2_PLACEMENT_3D('',#350,#351,#352);
#350=CARTESIAN_POINT('',(11.5,-40.,0.8));
#351=DIRECTION('',(0.,0.,1.));
#352=DIRECTION('',(1.,0.,0.));
#353=ITEM_DEFINED_TRANSFORMATION('','',#4,#349);
#354=(REPRESENTATION_RELATIONSHIP('','',#56,#3)REPRESENTATION_RELATIONSHIP_WITH_TRANSFORMATION(
#353)SHAPE_REPRESENTATION_RELATIONSHIP());
#355=NEXT_ASSEMBLY_USAGE_OCCURRENCE('ANY','Hold_21700-4p_smd','',#1,#54,'');
#356=CC_DESIGN_SECURITY_CLASSIFICATION(#357,(#355));
#357=SECURITY_CLASSIFICATION('','',#358);
#358=SECURITY_CLASSIFICATION_LEVEL('unclassified');
#359=CC_DESIGN_DATE_AND_TIME_ASSIGNMENT(#360,#364,(#357));
#360=DATE_AND_TIME(#361,#362);
#361=CALENDAR_DATE(0,1,1);
#362=LOCAL_TIME(0,0,0.,#363);
#363=COORDINATED_UNIVERSAL_TIME_OFFSET(0,0,.AHEAD.);
#364=DATE_TIME_ROLE('classification_date');
#365=CC_DESIGN_APPROVAL(#366,(#357));
#366=APPROVAL(#367,'UNSPECIFIED');
#367=APPROVAL_STATUS('not_yet_approved');
#368=APPROVAL_DATE_TIME(#369,#366);
#369=DATE_AND_TIME(#370,#371);
#370=CALENDAR_DATE(0,1,1);
#371=LOCAL_TIME(0,0,0.,#372);
#372=COORDINATED_UNIVERSAL_TIME_OFFSET(0,0,.AHEAD.);
#373=PRODUCT_DEFINITION_SHAPE('NONE','NONE',#355);
#374=CONTEXT_DEPENDENT_SHAPE_REPRESENTATION(#354,#373);
#375=AXIS2_PLACEMENT_3D('',#376,#377,#378);
#376=CARTESIAN_POINT('',(34.5,-40.,0.8));
#377=DIRECTION('',(0.,0.,1.));
#378=DIRECTION('',(1.,0.,0.));
#379=ITEM_DEFINED_TRANSFORMATION('','',#4,#375);
#380=(REPRESENTATION_RELATIONSHIP('','',#56,#3)REPRESENTATION_RELATIONSHIP_WITH_TRANSFORMATION(
#379)SHAPE_REPRESENTATION_RELATIONSHIP());
#381=NEXT_ASSEMBLY_USAGE_OCCURRENCE('ANY','Hold_21700-4p_smd','',#1,#54,'');
#382=CC_DESIGN_SECURITY_CLASSIFICATION(#383,(#381));
#383=SECURITY_CLASSIFICATION('','',#384);
#384=SECURITY_CLASSIFICATION_LEVEL('unclassified');
#385=CC_DESIGN_DATE_AND_TIME_ASSIGNMENT(#386,#390,(#383));
#386=DATE_AND_TIME(#387,#388);
#387=CALENDAR_DATE(0,1,1);
#388=LOCAL_TIME(0,0,0.,#389);
#389=COORDINATED_UNIVERSAL_TIME_OFFSET(0,0,.AHEAD.);
#390=DATE_TIME_ROLE('classification_date');
#391=CC_DESIGN_APPROVAL(#392,(#383));
#392=APPROVAL(#393,'UNSPECIFIED');
#393=APPROVAL_STATUS('not_yet_approved');
#394=APPROVAL_DATE_TIME(#395,#392);
#395=DATE_AND_TIME(#396,#397);
#396=CALENDAR_DATE(0,1,1);
#397=LOCAL_TIME(0,0,0.,#398);
#398=COORDINATED_UNIVERSAL_TIME_OFFSET(0,0,.AHEAD.);
#399=PRODUCT_DEFINITION_SHAPE('NONE','NONE',#381);
#400=CONTEXT_DEPENDENT_SHAPE_REPRESENTATION(#380,#399);
#401=AXIS2_PLACEMENT_3D('',#402,#403,#404);
#402=CARTESIAN_POINT('',(11.5,40.,0.8));
#403=DIRECTION('',(0.,0.,1.));
#404=DIRECTION('',(-1.,1.22464679914735E-16,0.));
#405=ITEM_DEFINED_TRANSFORMATION('','',#4,#401);
#406=(REPRESENTATION_RELATIONSHIP('','',#139,#3)REPRESENTATION_RELATIONSHIP_WITH_TRANSFORMATION(
#405)SHAPE_REPRESENTATION_RELATIONSHIP());
#407=NEXT_ASSEMBLY_USAGE_OCCURRENCE('ANY','Hold_21700-4p_smd','',#1,#137,'');
#408=CC_DESIGN_SECURITY_CLASSIFICATION(#409,(#407));
#409=SECURITY_CLASSIFICATION('','',#410);
#410=SECURITY_CLASSIFICATION_LEVEL('unclassified');
#411=CC_DESIGN_DATE_AND_TIME_ASSIGNMENT(#412,#416,(#409));
#412=DATE_AND_TIME(#413,#414);
#413=CALENDAR_DATE(0,1,1);
#414=LOCAL_TIME(0,0,0.,#415);
#415=COORDINATED_UNIVERSAL_TIME_OFFSET(0,0,.AHEAD.);
#416=DATE_TIME_ROLE('classification_date');
#417=CC_DESIGN_APPROVAL(#418,(#409));
#418=APPROVAL(#419,'UNSPECIFIED');
#419=APPROVAL_STATUS('not_yet_approved');
#420=APPROVAL_DATE_TIME(#421,#418);
#421=DATE_AND_TIME(#422,#423);
#422=CALENDAR_DATE(0,1,1);
#423=LOCAL_TIME(0,0,0.,#424);
#424=COORDINATED_UNIVERSAL_TIME_OFFSET(0,0,.AHEAD.);
#425=PRODUCT_DEFINITION_SHAPE('NONE','NONE',#407);
#426=CONTEXT_DEPENDENT_SHAPE_REPRESENTATION(#406,#425);
#427=AXIS2_PLACEMENT_3D('',#428,#429,#430);
#428=CARTESIAN_POINT('',(34.5,40.,0.8));
#429=DIRECTION('',(0.,0.,1.));
#430=DIRECTION('',(-1.,1.22464679914735E-16,0.));
#431=ITEM_DEFINED_TRANSFORMATION('','',#4,#427);
#432=(REPRESENTATION_RELATIONSHIP('','',#139,#3)REPRESENTATION_RELATIONSHIP_WITH_TRANSFORMATION(
#431)SHAPE_REPRESENTATION_RELATIONSHIP());
#433=NEXT_ASSEMBLY_USAGE_OCCURRENCE('ANY','Hold_21700-4p_smd','',#1,#137,'');
#434=CC_DESIGN_SECURITY_CLASSIFICATION(#435,(#433));
#435=SECURITY_CLASSIFICATION('','',#436);
#436=SECURITY_CLASSIFICATION_LEVEL('unclassified');
#437=CC_DESIGN_DATE_AND_TIME_ASSIGNMENT(#438,#442,(#435));
#438=DATE_AND_TIME(#439,#440);
#439=CALENDAR_DATE(0,1,1);
#440=LOCAL_TIME(0,0,0.,#441);
#441=COORDINATED_UNIVERSAL_TIME_OFFSET(0,0,.AHEAD.);
#442=DATE_TIME_ROLE('classification_date');
#443=CC_DESIGN_APPROVAL(#444,(#435));
#444=APPROVAL(#445,'UNSPECIFIED');
#445=APPROVAL_STATUS('not_yet_approved');
#446=APPROVAL_DATE_TIME(#447,#444);
#447=DATE_AND_TIME(#448,#449);
#448=CALENDAR_DATE(0,1,1);
#449=LOCAL_TIME(0,0,0.,#450);
#450=COORDINATED_UNIVERSAL_TIME_OFFSET(0,0,.AHEAD.);
#451=PRODUCT_DEFINITION_SHAPE('NONE','NONE',#433);
#452=CONTEXT_DEPENDENT_SHAPE_REPRESENTATION(#432,#451);
#453=AXIS2_PLACEMENT_3D('',#454,#455,#456);
#454=CARTESIAN_POINT('',(-34.5,36.5,11.));
#455=DIRECTION('',(0.,1.,6.12323399573677E-17));
#456=DIRECTION('',(0.,6.12323399573677E-17,-1.));
#457=PRODUCT_DEFINITION('','UNSPECIFIED',#545,#548);
#458=SHAPE_DEFINITION_REPRESENTATION(#538,#459);
#459=SHAPE_REPRESENTATION('NONE',(#4),#8);
#460=MANIFOLD_SOLID_BREP('',#470);
#461=(MEASURE_REPRESENTATION_ITEM()MEASURE_WITH_UNIT(NUMERIC_MEASURE(0.00781999999999991),
#14)REPRESENTATION_ITEM(''));
#462=SHAPE_ASPECT('','',#457,.F.);
#463=PROPERTY_DEFINITION('NONE','NONE',#462);
#464=PROPERTY_DEFINITION_REPRESENTATION(#463,#465);
#465=REPRESENTATION('NONE',(#460),$);
#466=MATERIAL_PROPERTY('NONE','NONE',#462);
#467=MATERIAL_PROPERTY_REPRESENTATION(#466,#468,$);
#468=REPRESENTATION('NONE',(#461),#469);
#469=GLOBAL_UNIT_ASSIGNED_CONTEXT('NONE','NONE',(#9,#14));
#470=CLOSED_SHELL('',(#1121,#1130,#1139));
#471=COLOUR_RGB('',0.564705882352941,0.564705882352941,0.564705882352941);
#472=FILL_AREA_STYLE_COLOUR('',#471);
#473=FILL_AREA_STYLE($,(#472));
#474=SURFACE_STYLE_FILL_AREA(#473);
#475=SURFACE_SIDE_STYLE('',(#474));
#476=SURFACE_STYLE_USAGE(.BOTH.,#475);
#477=PRESENTATION_STYLE_ASSIGNMENT((#476));
#478=STYLED_ITEM('',(#477),#460);
#479=MANIFOLD_SOLID_BREP('',#489);
#480=(MEASURE_REPRESENTATION_ITEM()MEASURE_WITH_UNIT(NUMERIC_MEASURE(0.00781999999999991),
#14)REPRESENTATION_ITEM(''));
#481=SHAPE_ASPECT('','',#457,.F.);
#482=PROPERTY_DEFINITION('NONE','NONE',#481);
#483=PROPERTY_DEFINITION_REPRESENTATION(#482,#484);
#484=REPRESENTATION('NONE',(#479),$);
#485=MATERIAL_PROPERTY('NONE','NONE',#481);
#486=MATERIAL_PROPERTY_REPRESENTATION(#485,#487,$);
#487=REPRESENTATION('NONE',(#480),#488);
#488=GLOBAL_UNIT_ASSIGNED_CONTEXT('NONE','NONE',(#9,#14));
#489=CLOSED_SHELL('',(#1148,#1157,#1166,#1175,#1184,#1193,#1202,#1211,#1220,#1229,
#1238,#1247,#1256,#1265,#1274,#1283,#1292,#1301,#1310,#1319,#1328,#1337));
#490=COLOUR_RGB('',0.564705882352941,0.564705882352941,0.564705882352941);
#491=FILL_AREA_STYLE_COLOUR('',#490);
#492=FILL_AREA_STYLE($,(#491));
#493=SURFACE_STYLE_FILL_AREA(#492);
#494=SURFACE_SIDE_STYLE('',(#493));
#495=SURFACE_STYLE_USAGE(.BOTH.,#494);
#496=PRESENTATION_STYLE_ASSIGNMENT((#495));
#497=STYLED_ITEM('',(#496),#479);
#498=MANIFOLD_SOLID_BREP('',#508);
#499=(MEASURE_REPRESENTATION_ITEM()MEASURE_WITH_UNIT(NUMERIC_MEASURE(0.00781999999999991),
#14)REPRESENTATION_ITEM(''));
#500=SHAPE_ASPECT('','',#457,.F.);
#501=PROPERTY_DEFINITION('NONE','NONE',#500);
#502=PROPERTY_DEFINITION_REPRESENTATION(#501,#503);
#503=REPRESENTATION('NONE',(#498),$);
#504=MATERIAL_PROPERTY('NONE','NONE',#500);
#505=MATERIAL_PROPERTY_REPRESENTATION(#504,#506,$);
#506=REPRESENTATION('NONE',(#499),#507);
#507=GLOBAL_UNIT_ASSIGNED_CONTEXT('NONE','NONE',(#9,#14));
#508=CLOSED_SHELL('',(#1346,#1355,#1364,#1373,#1382));
#509=COLOUR_RGB('',0.564705882352941,0.564705882352941,0.564705882352941);
#510=FILL_AREA_STYLE_COLOUR('',#509);
#511=FILL_AREA_STYLE($,(#510));
#512=SURFACE_STYLE_FILL_AREA(#511);
#513=SURFACE_SIDE_STYLE('',(#512));
#514=SURFACE_STYLE_USAGE(.BOTH.,#513);
#515=PRESENTATION_STYLE_ASSIGNMENT((#514));
#516=STYLED_ITEM('',(#515),#498);
#517=MANIFOLD_SOLID_BREP('',#527);
#518=(MEASURE_REPRESENTATION_ITEM()MEASURE_WITH_UNIT(NUMERIC_MEASURE(0.00781999999999991),
#14)REPRESENTATION_ITEM(''));
#519=SHAPE_ASPECT('','',#457,.F.);
#520=PROPERTY_DEFINITION('NONE','NONE',#519);
#521=PROPERTY_DEFINITION_REPRESENTATION(#520,#522);
#522=REPRESENTATION('NONE',(#517),$);
#523=MATERIAL_PROPERTY('NONE','NONE',#519);
#524=MATERIAL_PROPERTY_REPRESENTATION(#523,#525,$);
#525=REPRESENTATION('NONE',(#518),#526);
#526=GLOBAL_UNIT_ASSIGNED_CONTEXT('NONE','NONE',(#9,#14));
#527=CLOSED_SHELL('',(#1391,#1400,#1409,#1418,#1427,#1436,#1445,#1454,#1463,#1472,
#1481,#1490,#1499,#1508,#1517,#1526,#1535,#1544,#1553,#1562,#1571,#1580,#1589,#1598,
#1607,#1616,#1625,#1634,#1643,#1652,#1661,#1670,#1679,#1688,#1697,#1706,#1715,#1724,
#1733,#1742,#1751,#1760));
#528=COLOUR_RGB('',0.564705882352941,0.564705882352941,0.564705882352941);
#529=FILL_AREA_STYLE_COLOUR('',#528);
#530=FILL_AREA_STYLE($,(#529));
#531=SURFACE_STYLE_FILL_AREA(#530);
#532=SURFACE_SIDE_STYLE('',(#531));
#533=SURFACE_STYLE_USAGE(.BOTH.,#532);
#534=PRESENTATION_STYLE_ASSIGNMENT((#533));
#535=STYLED_ITEM('',(#534),#517);
#536=ADVANCED_BREP_SHAPE_REPRESENTATION('NONE',(#460,#479,#498,#517),#8);
#537=SHAPE_REPRESENTATION_RELATIONSHIP('','',#459,#536);
#538=PRODUCT_DEFINITION_SHAPE('NONE','NONE',#457);
#539=(MEASURE_REPRESENTATION_ITEM()MEASURE_WITH_UNIT(NUMERIC_MEASURE(0.00781999999999992),
#14)REPRESENTATION_ITEM(''));
#540=MATERIAL_PROPERTY('NONE','NONE',#538);
#541=MATERIAL_PROPERTY_REPRESENTATION(#540,#542,$);
#542=REPRESENTATION('NONE',(#539),#543);
#543=GLOBAL_UNIT_ASSIGNED_CONTEXT('NONE','NONE',(#9,#14));
#544=MECHANICAL_CONTEXT('NONE',#549,'mechanical');
#545=PRODUCT_DEFINITION_FORMATION_WITH_SPECIFIED_SOURCE('ANY','UNSPECIFIED',#546,
.NOT_KNOWN.);
#546=PRODUCT('','21700','NONE',(#544));
#547=PRODUCT_RELATED_PRODUCT_CATEGORY('detail','',(#546));
#548=DESIGN_CONTEXT('detailed design',#549,'design');
#549=APPLICATION_CONTEXT('configuration controlled 3d designs of mechanical parts and assemblies');
#550=APPLICATION_PROTOCOL_DEFINITION('international standard','config_control_design',
1994,#549);
#551=CC_DESIGN_DATE_AND_TIME_ASSIGNMENT(#552,#556,(#457));
#552=DATE_AND_TIME(#553,#554);
#553=CALENDAR_DATE(0,1,1);
#554=LOCAL_TIME(0,0,0.,#555);
#555=COORDINATED_UNIVERSAL_TIME_OFFSET(0,0,.AHEAD.);
#556=DATE_TIME_ROLE('creation_date');
#557=CC_DESIGN_APPROVAL(#558,(#457));
#558=APPROVAL(#559,'UNSPECIFIED');
#559=APPROVAL_STATUS('not_yet_approved');
#560=APPROVAL_DATE_TIME(#561,#558);
#561=DATE_AND_TIME(#562,#563);
#562=CALENDAR_DATE(0,1,1);
#563=LOCAL_TIME(0,0,0.,#564);
#564=COORDINATED_UNIVERSAL_TIME_OFFSET(0,0,.AHEAD.);
#565=PERSON('UNSPECIFIED','nick','UNSPECIFIED',('UNSPECIFIED'),('UNSPECIFIED'),(
'UNSPECIFIED'));
#566=ORGANIZATION('UNSPECIFIED','home','UNSPECIFIED');
#567=PERSON_AND_ORGANIZATION(#565,#566);
#568=PERSON_AND_ORGANIZATION_ROLE('creator');
#569=CC_DESIGN_PERSON_AND_ORGANIZATION_ASSIGNMENT(#567,#568,(#545,#457));
#570=ITEM_DEFINED_TRANSFORMATION('','',#4,#453);
#571=(REPRESENTATION_RELATIONSHIP('','',#459,#3)REPRESENTATION_RELATIONSHIP_WITH_TRANSFORMATION(
#570)SHAPE_REPRESENTATION_RELATIONSHIP());
#572=NEXT_ASSEMBLY_USAGE_OCCURRENCE('ANY','Hold_21700-4p_smd','',#1,#457,'');
#573=CC_DESIGN_SECURITY_CLASSIFICATION(#574,(#572));
#574=SECURITY_CLASSIFICATION('','',#575);
#575=SECURITY_CLASSIFICATION_LEVEL('unclassified');
#576=CC_DESIGN_DATE_AND_TIME_ASSIGNMENT(#577,#581,(#574));
#577=DATE_AND_TIME(#578,#579);
#578=CALENDAR_DATE(0,1,1);
#579=LOCAL_TIME(0,0,0.,#580);
#580=COORDINATED_UNIVERSAL_TIME_OFFSET(0,0,.AHEAD.);
#581=DATE_TIME_ROLE('classification_date');
#582=CC_DESIGN_APPROVAL(#583,(#574));
#583=APPROVAL(#584,'UNSPECIFIED');
#584=APPROVAL_STATUS('not_yet_approved');
#585=APPROVAL_DATE_TIME(#586,#583);
#586=DATE_AND_TIME(#587,#588);
#587=CALENDAR_DATE(0,1,1);
#588=LOCAL_TIME(0,0,0.,#589);
#589=COORDINATED_UNIVERSAL_TIME_OFFSET(0,0,.AHEAD.);
#590=PRODUCT_DEFINITION_SHAPE('NONE','NONE',#572);
#591=CONTEXT_DEPENDENT_SHAPE_REPRESENTATION(#571,#590);
#592=AXIS2_PLACEMENT_3D('',#593,#594,#595);
#593=CARTESIAN_POINT('',(-11.5,36.5,11.));
#594=DIRECTION('',(0.,1.,6.12323399573677E-17));
#595=DIRECTION('',(0.,6.12323399573677E-17,-1.));
#596=ITEM_DEFINED_TRANSFORMATION('','',#4,#592);
#597=(REPRESENTATION_RELATIONSHIP('','',#459,#3)REPRESENTATION_RELATIONSHIP_WITH_TRANSFORMATION(
#596)SHAPE_REPRESENTATION_RELATIONSHIP());
#598=NEXT_ASSEMBLY_USAGE_OCCURRENCE('ANY','Hold_21700-4p_smd','',#1,#457,'');
#599=CC_DESIGN_SECURITY_CLASSIFICATION(#600,(#598));
#600=SECURITY_CLASSIFICATION('','',#601);
#601=SECURITY_CLASSIFICATION_LEVEL('unclassified');
#602=CC_DESIGN_DATE_AND_TIME_ASSIGNMENT(#603,#607,(#600));
#603=DATE_AND_TIME(#604,#605);
#604=CALENDAR_DATE(0,1,1);
#605=LOCAL_TIME(0,0,0.,#606);
#606=COORDINATED_UNIVERSAL_TIME_OFFSET(0,0,.AHEAD.);
#607=DATE_TIME_ROLE('classification_date');
#608=CC_DESIGN_APPROVAL(#609,(#600));
#609=APPROVAL(#610,'UNSPECIFIED');
#610=APPROVAL_STATUS('not_yet_approved');
#611=APPROVAL_DATE_TIME(#612,#609);
#612=DATE_AND_TIME(#613,#614);
#613=CALENDAR_DATE(0,1,1);
#614=LOCAL_TIME(0,0,0.,#615);
#615=COORDINATED_UNIVERSAL_TIME_OFFSET(0,0,.AHEAD.);
#616=PRODUCT_DEFINITION_SHAPE('NONE','NONE',#598);
#617=CONTEXT_DEPENDENT_SHAPE_REPRESENTATION(#597,#616);
#618=AXIS2_PLACEMENT_3D('',#619,#620,#621);
#619=CARTESIAN_POINT('',(11.5,36.5,11.));
#620=DIRECTION('',(0.,1.,6.12323399573677E-17));
#621=DIRECTION('',(0.,6.12323399573677E-17,-1.));
#622=ITEM_DEFINED_TRANSFORMATION('','',#4,#618);
#623=(REPRESENTATION_RELATIONSHIP('','',#459,#3)REPRESENTATION_RELATIONSHIP_WITH_TRANSFORMATION(
#622)SHAPE_REPRESENTATION_RELATIONSHIP());
#624=NEXT_ASSEMBLY_USAGE_OCCURRENCE('ANY','Hold_21700-4p_smd','',#1,#457,'');
#625=CC_DESIGN_SECURITY_CLASSIFICATION(#626,(#624));
#626=SECURITY_CLASSIFICATION('','',#627);
#627=SECURITY_CLASSIFICATION_LEVEL('unclassified');
#628=CC_DESIGN_DATE_AND_TIME_ASSIGNMENT(#629,#633,(#626));
#629=DATE_AND_TIME(#630,#631);
#630=CALENDAR_DATE(0,1,1);
#631=LOCAL_TIME(0,0,0.,#632);
#632=COORDINATED_UNIVERSAL_TIME_OFFSET(0,0,.AHEAD.);
#633=DATE_TIME_ROLE('classification_date');
#634=CC_DESIGN_APPROVAL(#635,(#626));
#635=APPROVAL(#636,'UNSPECIFIED');
#636=APPROVAL_STATUS('not_yet_approved');
#637=APPROVAL_DATE_TIME(#638,#635);
#638=DATE_AND_TIME(#639,#640);
#639=CALENDAR_DATE(0,1,1);
#640=LOCAL_TIME(0,0,0.,#641);
#641=COORDINATED_UNIVERSAL_TIME_OFFSET(0,0,.AHEAD.);
#642=PRODUCT_DEFINITION_SHAPE('NONE','NONE',#624);
#643=CONTEXT_DEPENDENT_SHAPE_REPRESENTATION(#623,#642);
#644=AXIS2_PLACEMENT_3D('',#645,#646,#647);
#645=CARTESIAN_POINT('',(34.5,36.5,11.));
#646=DIRECTION('',(0.,1.,6.12323399573677E-17));
#647=DIRECTION('',(0.,6.12323399573677E-17,-1.));
#648=ITEM_DEFINED_TRANSFORMATION('','',#4,#644);
#649=(REPRESENTATION_RELATIONSHIP('','',#459,#3)REPRESENTATION_RELATIONSHIP_WITH_TRANSFORMATION(
#648)SHAPE_REPRESENTATION_RELATIONSHIP());
#650=NEXT_ASSEMBLY_USAGE_OCCURRENCE('ANY','Hold_21700-4p_smd','',#1,#457,'');
#651=CC_DESIGN_SECURITY_CLASSIFICATION(#652,(#650));
#652=SECURITY_CLASSIFICATION('','',#653);
#653=SECURITY_CLASSIFICATION_LEVEL('unclassified');
#654=CC_DESIGN_DATE_AND_TIME_ASSIGNMENT(#655,#659,(#652));
#655=DATE_AND_TIME(#656,#657);
#656=CALENDAR_DATE(0,1,1);
#657=LOCAL_TIME(0,0,0.,#658);
#658=COORDINATED_UNIVERSAL_TIME_OFFSET(0,0,.AHEAD.);
#659=DATE_TIME_ROLE('classification_date');
#660=CC_DESIGN_APPROVAL(#661,(#652));
#661=APPROVAL(#662,'UNSPECIFIED');
#662=APPROVAL_STATUS('not_yet_approved');
#663=APPROVAL_DATE_TIME(#664,#661);
#664=DATE_AND_TIME(#665,#666);
#665=CALENDAR_DATE(0,1,1);
#666=LOCAL_TIME(0,0,0.,#667);
#667=COORDINATED_UNIVERSAL_TIME_OFFSET(0,0,.AHEAD.);
#668=PRODUCT_DEFINITION_SHAPE('NONE','NONE',#650);
#669=CONTEXT_DEPENDENT_SHAPE_REPRESENTATION(#649,#668);
#670=ADVANCED_FACE('',(#1769,#1771,#1773,#1775,#1777,#1779,#1781,#1783,#1785,#1787),
#1789,.F.);
#671=ADVANCED_FACE('',(#1794,#1796),#1798,.T.);
#672=ADVANCED_FACE('',(#1803,#1805),#1807,.T.);
#673=ADVANCED_FACE('',(#1812,#1814),#1816,.T.);
#674=ADVANCED_FACE('',(#1821,#1823),#1825,.T.);
#675=ADVANCED_FACE('',(#1830,#1832),#1834,.T.);
#676=ADVANCED_FACE('',(#1839,#1841),#1843,.T.);
#677=ADVANCED_FACE('',(#1848,#1850),#1852,.T.);
#678=ADVANCED_FACE('',(#1857,#1859),#1861,.T.);
#679=ADVANCED_FACE('',(#1866),#1868,.F.);
#680=ADVANCED_FACE('',(#1873),#1875,.T.);
#681=ADVANCED_FACE('',(#1880),#1882,.F.);
#682=ADVANCED_FACE('',(#1887),#1889,.T.);
#683=ADVANCED_FACE('',(#1894,#1896),#1898,.T.);
#684=ADVANCED_FACE('',(#1903,#1905),#1907,.F.);
#685=ADVANCED_FACE('',(#1912,#1914),#1916,.F.);
#686=ADVANCED_FACE('',(#1921,#1923),#1925,.F.);
#687=ADVANCED_FACE('',(#1930,#1932),#1934,.F.);
#688=ADVANCED_FACE('',(#1939,#1941),#1943,.F.);
#689=ADVANCED_FACE('',(#1948,#1950),#1952,.F.);
#690=ADVANCED_FACE('',(#1957,#1959),#1961,.F.);
#691=ADVANCED_FACE('',(#1966,#1968),#1970,.F.);
#692=ADVANCED_FACE('',(#1975),#1977,.T.);
#693=ADVANCED_FACE('',(#1982),#1984,.F.);
#694=ADVANCED_FACE('',(#1989),#1991,.T.);
#695=ADVANCED_FACE('',(#1996,#1998,#2000,#2002,#2004,#2006,#2008,#2010,#2012,#2014),
#2016,.T.);
#696=ADVANCED_FACE('',(#2021),#2023,.T.);
#697=ADVANCED_FACE('',(#2028),#2030,.F.);
#698=ADVANCED_FACE('',(#2035),#2037,.T.);
#699=ADVANCED_FACE('',(#2042,#2044),#2046,.F.);
#700=ADVANCED_FACE('',(#2051),#2053,.T.);
#701=ADVANCED_FACE('',(#2058),#2060,.T.);
#702=ADVANCED_FACE('',(#2065),#2067,.T.);
#703=ADVANCED_FACE('',(#2072),#2074,.T.);
#704=ADVANCED_FACE('',(#2079),#2081,.T.);
#705=ADVANCED_FACE('',(#2086),#2088,.T.);
#706=ADVANCED_FACE('',(#2093),#2095,.T.);
#707=ADVANCED_FACE('',(#2100),#2102,.T.);
#708=ADVANCED_FACE('',(#2107),#2109,.T.);
#709=ADVANCED_FACE('',(#2114),#2116,.T.);
#710=ADVANCED_FACE('',(#2121),#2123,.F.);
#711=ADVANCED_FACE('',(#2128),#2130,.T.);
#712=ADVANCED_FACE('',(#2135),#2137,.T.);
#713=ADVANCED_FACE('',(#2142,#2144),#2146,.F.);
#714=ADVANCED_FACE('',(#2151,#2153),#2155,.F.);
#715=ADVANCED_FACE('',(#2160,#2162),#2164,.F.);
#716=ADVANCED_FACE('',(#2169,#2171),#2173,.F.);
#717=ADVANCED_FACE('',(#2178,#2180),#2182,.F.);
#718=ADVANCED_FACE('',(#2187,#2189),#2191,.F.);
#719=ADVANCED_FACE('',(#2196,#2198),#2200,.F.);
#720=ADVANCED_FACE('',(#2205,#2207),#2209,.F.);
#721=ADVANCED_FACE('',(#2214,#2216),#2218,.F.);
#722=ADVANCED_FACE('',(#2223),#2225,.T.);
#723=ADVANCED_FACE('',(#2230),#2232,.T.);
#724=ADVANCED_FACE('',(#2237),#2239,.T.);
#725=ADVANCED_FACE('',(#2244),#2246,.T.);
#726=ADVANCED_FACE('',(#2251),#2253,.T.);
#727=ADVANCED_FACE('',(#2258),#2260,.T.);
#728=ADVANCED_FACE('',(#2265),#2267,.F.);
#729=ADVANCED_FACE('',(#2272),#2274,.T.);
#730=ADVANCED_FACE('',(#2279),#2281,.T.);
#731=ADVANCED_FACE('',(#2286,#2288),#2290,.T.);
#732=ADVANCED_FACE('',(#2295,#2297),#2299,.T.);
#733=ADVANCED_FACE('',(#2304,#2306),#2308,.T.);
#734=ADVANCED_FACE('',(#2313,#2315),#2317,.T.);
#735=ADVANCED_FACE('',(#2322,#2324),#2326,.T.);
#736=ADVANCED_FACE('',(#2331,#2333),#2335,.T.);
#737=ADVANCED_FACE('',(#2340,#2342),#2344,.T.);
#738=ADVANCED_FACE('',(#2349,#2351),#2353,.T.);
#739=ADVANCED_FACE('',(#2358,#2360),#2362,.T.);
#740=ADVANCED_FACE('',(#2367),#2369,.T.);
#741=ADVANCED_FACE('',(#2374),#2376,.T.);
#742=ADVANCED_FACE('',(#2381),#2383,.T.);
#743=ADVANCED_FACE('',(#2388),#2390,.T.);
#744=ADVANCED_FACE('',(#2395),#2397,.F.);
#745=ADVANCED_FACE('',(#2402),#2404,.F.);
#746=ADVANCED_FACE('',(#2409),#2411,.F.);
#747=ADVANCED_FACE('',(#2416),#2418,.F.);
#748=ADVANCED_FACE('',(#2423),#2425,.F.);
#749=ADVANCED_FACE('',(#2430),#2432,.F.);
#750=ADVANCED_FACE('',(#2437),#2439,.F.);
#751=ADVANCED_FACE('',(#2444),#2446,.F.);
#752=ADVANCED_FACE('',(#2451),#2453,.F.);
#753=ADVANCED_FACE('',(#2458),#2460,.T.);
#754=ADVANCED_FACE('',(#2465),#2467,.T.);
#755=ADVANCED_FACE('',(#2472),#2474,.F.);
#756=ADVANCED_FACE('',(#2479),#2481,.T.);
#757=ADVANCED_FACE('',(#2486),#2488,.F.);
#758=ADVANCED_FACE('',(#2493),#2495,.T.);
#759=ADVANCED_FACE('',(#2500),#2502,.T.);
#760=ADVANCED_FACE('',(#2507),#2509,.T.);
#761=ADVANCED_FACE('',(#2514),#2516,.T.);
#762=ADVANCED_FACE('',(#2521),#2523,.T.);
#763=ADVANCED_FACE('',(#2528),#2530,.F.);
#764=ADVANCED_FACE('',(#2535),#2537,.T.);
#765=ADVANCED_FACE('',(#2542),#2544,.F.);
#766=ADVANCED_FACE('',(#2549),#2551,.T.);
#767=ADVANCED_FACE('',(#2556),#2558,.F.);
#768=ADVANCED_FACE('',(#2563),#2565,.T.);
#769=ADVANCED_FACE('',(#2570),#2572,.T.);
#770=ADVANCED_FACE('',(#2577),#2579,.T.);
#771=ADVANCED_FACE('',(#2584),#2586,.T.);
#772=ADVANCED_FACE('',(#2591),#2593,.T.);
#773=ADVANCED_FACE('',(#2598),#2600,.T.);
#774=ADVANCED_FACE('',(#2605,#2607),#2609,.F.);
#775=ADVANCED_FACE('',(#2614),#2616,.T.);
#776=ADVANCED_FACE('',(#2621),#2623,.T.);
#777=ADVANCED_FACE('',(#2628),#2630,.T.);
#778=ADVANCED_FACE('',(#2635),#2637,.T.);
#779=ADVANCED_FACE('',(#2642),#2644,.T.);
#780=ADVANCED_FACE('',(#2649),#2651,.T.);
#781=ADVANCED_FACE('',(#2656),#2658,.T.);
#782=ADVANCED_FACE('',(#2663),#2665,.T.);
#783=ADVANCED_FACE('',(#2670),#2672,.T.);
#784=ADVANCED_FACE('',(#2677),#2679,.T.);
#785=ADVANCED_FACE('',(#2684),#2686,.F.);
#786=ADVANCED_FACE('',(#2691),#2693,.F.);
#787=ADVANCED_FACE('',(#2698),#2700,.F.);
#788=ADVANCED_FACE('',(#2705),#2707,.F.);
#789=ADVANCED_FACE('',(#2712,#2714),#2716,.T.);
#790=ADVANCED_FACE('',(#2721),#2723,.T.);
#791=ADVANCED_FACE('',(#2728),#2730,.T.);
#792=ADVANCED_FACE('',(#2735),#2737,.F.);
#793=ADVANCED_FACE('',(#2742),#2744,.T.);
#794=ADVANCED_FACE('',(#2749),#2751,.T.);
#795=ADVANCED_FACE('',(#2756),#2758,.T.);
#796=ADVANCED_FACE('',(#2763),#2765,.T.);
#797=ADVANCED_FACE('',(#2770),#2772,.T.);
#798=ADVANCED_FACE('',(#2777),#2779,.T.);
#799=ADVANCED_FACE('',(#2784),#2786,.T.);
#800=ADVANCED_FACE('',(#2791),#2793,.F.);
#801=ADVANCED_FACE('',(#2798),#2800,.T.);
#802=ADVANCED_FACE('',(#2805),#2807,.T.);
#803=ADVANCED_FACE('',(#2812),#2814,.T.);
#804=ADVANCED_FACE('',(#2819),#2821,.F.);
#805=ADVANCED_FACE('',(#2826,#2828),#2830,.F.);
#806=ADVANCED_FACE('',(#2835),#2837,.F.);
#807=ADVANCED_FACE('',(#2842),#2844,.T.);
#808=ADVANCED_FACE('',(#2849),#2851,.T.);
#809=ADVANCED_FACE('',(#2856),#2858,.T.);
#810=ADVANCED_FACE('',(#2863),#2865,.T.);
#811=ADVANCED_FACE('',(#2870),#2872,.T.);
#812=ADVANCED_FACE('',(#2877),#2879,.T.);
#813=ADVANCED_FACE('',(#2884),#2886,.F.);
#814=ADVANCED_FACE('',(#2891),#2893,.F.);
#815=ADVANCED_FACE('',(#2898),#2900,.F.);
#816=ADVANCED_FACE('',(#2905),#2907,.F.);
#817=ADVANCED_FACE('',(#2912),#2914,.T.);
#818=ADVANCED_FACE('',(#2919),#2921,.T.);
#819=ADVANCED_FACE('',(#2926),#2928,.T.);
#820=ADVANCED_FACE('',(#2933),#2935,.T.);
#821=ADVANCED_FACE('',(#2940),#2942,.T.);
#822=ADVANCED_FACE('',(#2947),#2949,.T.);
#823=ADVANCED_FACE('',(#2954,#2956),#2958,.T.);
#824=ADVANCED_FACE('',(#2963),#2965,.T.);
#825=ADVANCED_FACE('',(#2970),#2972,.T.);
#826=ADVANCED_FACE('',(#2977,#2979),#2981,.F.);
#827=ADVANCED_FACE('',(#2986),#2988,.F.);
#828=ADVANCED_FACE('',(#2993),#2995,.T.);
#829=ADVANCED_FACE('',(#3000),#3002,.T.);
#830=ADVANCED_FACE('',(#3007),#3009,.T.);
#831=ADVANCED_FACE('',(#3014,#3016),#3018,.T.);
#832=ADVANCED_FACE('',(#3023),#3025,.T.);
#833=ADVANCED_FACE('',(#3030),#3032,.T.);
#834=ADVANCED_FACE('',(#3037),#3039,.T.);
#835=ADVANCED_FACE('',(#3044),#3046,.T.);
#836=ADVANCED_FACE('',(#3051,#3053),#3055,.F.);
#837=ADVANCED_FACE('',(#3060,#3062),#3064,.T.);
#838=ADVANCED_FACE('',(#3069,#3071),#3073,.T.);
#839=ADVANCED_FACE('',(#3078,#3080),#3082,.F.);
#840=ADVANCED_FACE('',(#3087,#3089),#3091,.F.);
#841=ADVANCED_FACE('',(#3096,#3098),#3100,.T.);
#842=ADVANCED_FACE('',(#3105),#3107,.F.);
#843=ADVANCED_FACE('',(#3112,#3114),#3116,.T.);
#844=ADVANCED_FACE('',(#3121),#3123,.T.);
#845=ADVANCED_FACE('',(#3128,#3130),#3132,.F.);
#846=ADVANCED_FACE('',(#3137,#3139),#3141,.F.);
#847=ADVANCED_FACE('',(#3146,#3148),#3150,.T.);
#848=ADVANCED_FACE('',(#3155),#3157,.F.);
#849=ADVANCED_FACE('',(#3162),#3164,.F.);
#850=ADVANCED_FACE('',(#3169),#3171,.F.);
#851=ADVANCED_FACE('',(#3176),#3178,.F.);
#852=ADVANCED_FACE('',(#3183),#3185,.F.);
#853=ADVANCED_FACE('',(#3190),#3192,.F.);
#854=ADVANCED_FACE('',(#3197),#3199,.F.);
#855=ADVANCED_FACE('',(#3204),#3206,.F.);
#856=ADVANCED_FACE('',(#3211),#3213,.F.);
#857=ADVANCED_FACE('',(#3218),#3220,.F.);
#858=ADVANCED_FACE('',(#3225),#3227,.F.);
#859=ADVANCED_FACE('',(#3232),#3234,.F.);
#860=ADVANCED_FACE('',(#3239),#3241,.F.);
#861=ADVANCED_FACE('',(#3246),#3248,.F.);
#862=ADVANCED_FACE('',(#3253),#3255,.F.);
#863=ADVANCED_FACE('',(#3260),#3262,.F.);
#864=ADVANCED_FACE('',(#3267),#3269,.F.);
#865=ADVANCED_FACE('',(#3274),#3276,.F.);
#866=ADVANCED_FACE('',(#3281),#3283,.F.);
#867=ADVANCED_FACE('',(#3288),#3290,.F.);
#868=ADVANCED_FACE('',(#3295),#3297,.F.);
#869=ADVANCED_FACE('',(#3302),#3304,.F.);
#870=ADVANCED_FACE('',(#3309),#3311,.F.);
#871=ADVANCED_FACE('',(#3316),#3318,.F.);
#872=ADVANCED_FACE('',(#3323),#3325,.F.);
#873=ADVANCED_FACE('',(#3330),#3332,.F.);
#874=ADVANCED_FACE('',(#3337),#3339,.F.);
#875=ADVANCED_FACE('',(#3344),#3346,.F.);
#876=ADVANCED_FACE('',(#3351),#3353,.F.);
#877=ADVANCED_FACE('',(#3358),#3360,.F.);
#878=ADVANCED_FACE('',(#3365),#3367,.F.);
#879=ADVANCED_FACE('',(#3372),#3374,.F.);
#880=ADVANCED_FACE('',(#3379),#3381,.F.);
#881=ADVANCED_FACE('',(#3386),#3388,.F.);
#882=ADVANCED_FACE('',(#3393),#3395,.F.);
#883=ADVANCED_FACE('',(#3400),#3402,.F.);
#884=ADVANCED_FACE('',(#3407),#3409,.F.);
#885=ADVANCED_FACE('',(#3414),#3416,.F.);
#886=ADVANCED_FACE('',(#3421),#3423,.F.);
#887=ADVANCED_FACE('',(#3428),#3430,.F.);
#888=ADVANCED_FACE('',(#3435),#3437,.F.);
#889=ADVANCED_FACE('',(#3442),#3444,.F.);
#890=ADVANCED_FACE('',(#3449),#3451,.F.);
#891=ADVANCED_FACE('',(#3456),#3458,.F.);
#892=ADVANCED_FACE('',(#3463),#3465,.F.);
#893=ADVANCED_FACE('',(#3470),#3472,.F.);
#894=ADVANCED_FACE('',(#3477),#3479,.F.);
#895=ADVANCED_FACE('',(#3484),#3486,.T.);
#896=ADVANCED_FACE('',(#3491),#3493,.F.);
#897=ADVANCED_FACE('',(#3498),#3500,.F.);
#898=ADVANCED_FACE('',(#3505),#3507,.F.);
#899=ADVANCED_FACE('',(#3512),#3514,.F.);
#900=ADVANCED_FACE('',(#3519),#3521,.F.);
#901=ADVANCED_FACE('',(#3526),#3528,.F.);
#902=ADVANCED_FACE('',(#3533),#3535,.F.);
#903=ADVANCED_FACE('',(#3540),#3542,.F.);
#904=ADVANCED_FACE('',(#3547),#3549,.T.);
#905=ADVANCED_FACE('',(#3554),#3556,.F.);
#906=ADVANCED_FACE('',(#3561),#3563,.F.);
#907=ADVANCED_FACE('',(#3568),#3570,.F.);
#908=ADVANCED_FACE('',(#3575,#3577,#3579,#3581,#3583,#3585,#3587,#3589,#3591,#3593),
#3595,.T.);
#909=ADVANCED_FACE('',(#3600),#3602,.F.);
#910=ADVANCED_FACE('',(#3607),#3609,.F.);
#911=ADVANCED_FACE('',(#3614),#3616,.F.);
#912=ADVANCED_FACE('',(#3621),#3623,.F.);
#913=ADVANCED_FACE('',(#3628),#3630,.F.);
#914=ADVANCED_FACE('',(#3635),#3637,.F.);
#915=ADVANCED_FACE('',(#3642),#3644,.F.);
#916=ADVANCED_FACE('',(#3649),#3651,.F.);
#917=ADVANCED_FACE('',(#3656),#3658,.F.);
#918=ADVANCED_FACE('',(#3663),#3665,.F.);
#919=ADVANCED_FACE('',(#3670),#3672,.F.);
#920=ADVANCED_FACE('',(#3677),#3679,.F.);
#921=ADVANCED_FACE('',(#3684),#3686,.F.);
#922=ADVANCED_FACE('',(#3691),#3693,.F.);
#923=ADVANCED_FACE('',(#3698),#3700,.F.);
#924=ADVANCED_FACE('',(#3705),#3707,.F.);
#925=ADVANCED_FACE('',(#3712),#3714,.F.);
#926=ADVANCED_FACE('',(#3719),#3721,.F.);
#927=ADVANCED_FACE('',(#3726),#3728,.F.);
#928=ADVANCED_FACE('',(#3733),#3735,.F.);
#929=ADVANCED_FACE('',(#3740),#3742,.F.);
#930=ADVANCED_FACE('',(#3747),#3749,.F.);
#931=ADVANCED_FACE('',(#3754),#3756,.F.);
#932=ADVANCED_FACE('',(#3761),#3763,.F.);
#933=ADVANCED_FACE('',(#3768),#3770,.F.);
#934=ADVANCED_FACE('',(#3775),#3777,.T.);
#935=ADVANCED_FACE('',(#3782),#3784,.T.);
#936=ADVANCED_FACE('',(#3789),#3791,.F.);
#937=ADVANCED_FACE('',(#3796),#3798,.T.);
#938=ADVANCED_FACE('',(#3803),#3805,.F.);
#939=ADVANCED_FACE('',(#3810),#3812,.F.);
#940=ADVANCED_FACE('',(#3817),#3819,.F.);
#941=ADVANCED_FACE('',(#3824),#3826,.F.);
#942=ADVANCED_FACE('',(#3831),#3833,.T.);
#943=ADVANCED_FACE('',(#3838),#3840,.F.);
#944=ADVANCED_FACE('',(#3845),#3847,.T.);
#945=ADVANCED_FACE('',(#3852),#3854,.T.);
#946=ADVANCED_FACE('',(#3859),#3861,.F.);
#947=ADVANCED_FACE('',(#3866),#3868,.F.);
#948=ADVANCED_FACE('',(#3873),#3875,.T.);
#949=ADVANCED_FACE('',(#3880),#3882,.F.);
#950=ADVANCED_FACE('',(#3887),#3889,.F.);
#951=ADVANCED_FACE('',(#3894),#3896,.F.);
#952=ADVANCED_FACE('',(#3901),#3903,.F.);
#953=ADVANCED_FACE('',(#3908),#3910,.T.);
#954=ADVANCED_FACE('',(#3915),#3917,.T.);
#955=ADVANCED_FACE('',(#3922),#3924,.F.);
#956=ADVANCED_FACE('',(#3929),#3931,.F.);
#957=ADVANCED_FACE('',(#3936),#3938,.F.);
#958=ADVANCED_FACE('',(#3943),#3945,.T.);
#959=ADVANCED_FACE('',(#3950),#3952,.T.);
#960=ADVANCED_FACE('',(#3957),#3959,.F.);
#961=ADVANCED_FACE('',(#3964),#3966,.F.);
#962=ADVANCED_FACE('',(#3971),#3973,.T.);
#963=ADVANCED_FACE('',(#3978),#3980,.F.);
#964=ADVANCED_FACE('',(#3985),#3987,.F.);
#965=ADVANCED_FACE('',(#3992),#3994,.F.);
#966=ADVANCED_FACE('',(#3999),#4001,.F.);
#967=ADVANCED_FACE('',(#4006),#4008,.F.);
#968=ADVANCED_FACE('',(#4013),#4015,.F.);
#969=ADVANCED_FACE('',(#4020),#4022,.T.);
#970=ADVANCED_FACE('',(#4027),#4029,.F.);
#971=ADVANCED_FACE('',(#4034),#4036,.F.);
#972=ADVANCED_FACE('',(#4041),#4043,.F.);
#973=ADVANCED_FACE('',(#4048),#4050,.T.);
#974=ADVANCED_FACE('',(#4055),#4057,.F.);
#975=ADVANCED_FACE('',(#4062),#4064,.F.);
#976=ADVANCED_FACE('',(#4069),#4071,.F.);
#977=ADVANCED_FACE('',(#4076),#4078,.F.);
#978=ADVANCED_FACE('',(#4083),#4085,.F.);
#979=ADVANCED_FACE('',(#4090),#4092,.F.);
#980=ADVANCED_FACE('',(#4097),#4099,.F.);
#981=ADVANCED_FACE('',(#4104),#4106,.T.);
#982=ADVANCED_FACE('',(#4111),#4113,.F.);
#983=ADVANCED_FACE('',(#4118),#4120,.F.);
#984=ADVANCED_FACE('',(#4125),#4127,.F.);
#985=ADVANCED_FACE('',(#4132),#4134,.F.);
#986=ADVANCED_FACE('',(#4139),#4141,.T.);
#987=ADVANCED_FACE('',(#4146),#4148,.F.);
#988=ADVANCED_FACE('',(#4153),#4155,.F.);
#989=ADVANCED_FACE('',(#4160),#4162,.T.);
#990=ADVANCED_FACE('',(#4167),#4169,.T.);
#991=ADVANCED_FACE('',(#4174),#4176,.F.);
#992=ADVANCED_FACE('',(#4181),#4183,.F.);
#993=ADVANCED_FACE('',(#4188),#4190,.F.);
#994=ADVANCED_FACE('',(#4195),#4197,.T.);
#995=ADVANCED_FACE('',(#4202),#4204,.T.);
#996=ADVANCED_FACE('',(#4209),#4211,.T.);
#997=ADVANCED_FACE('',(#4216),#4218,.F.);
#998=ADVANCED_FACE('',(#4223),#4225,.F.);
#999=ADVANCED_FACE('',(#4230),#4232,.F.);
#1000=ADVANCED_FACE('',(#4237),#4239,.T.);
#1001=ADVANCED_FACE('',(#4244,#4246),#4248,.T.);
#1002=ADVANCED_FACE('',(#4253,#4255),#4257,.F.);
#1003=ADVANCED_FACE('',(#4262,#4264),#4266,.F.);
#1004=ADVANCED_FACE('',(#4271,#4273),#4275,.F.);
#1005=ADVANCED_FACE('',(#4280,#4282),#4284,.F.);
#1006=ADVANCED_FACE('',(#4289,#4291),#4293,.F.);
#1007=ADVANCED_FACE('',(#4298),#4300,.F.);
#1008=ADVANCED_FACE('',(#4305),#4307,.F.);
#1009=ADVANCED_FACE('',(#4312),#4314,.F.);
#1010=ADVANCED_FACE('',(#4319),#4321,.F.);
#1011=ADVANCED_FACE('',(#4326),#4328,.F.);
#1012=ADVANCED_FACE('',(#4333),#4335,.F.);
#1013=ADVANCED_FACE('',(#4340),#4342,.T.);
#1014=ADVANCED_FACE('',(#4347,#4349),#4351,.F.);
#1015=ADVANCED_FACE('',(#4356,#4358),#4360,.F.);
#1016=ADVANCED_FACE('',(#4365),#4367,.F.);
#1017=ADVANCED_FACE('',(#4372,#4374),#4376,.F.);
#1018=ADVANCED_FACE('',(#4381,#4383),#4385,.F.);
#1019=ADVANCED_FACE('',(#4390),#4392,.F.);
#1020=ADVANCED_FACE('',(#4397),#4399,.F.);
#1021=ADVANCED_FACE('',(#4404),#4406,.F.);
#1022=ADVANCED_FACE('',(#4411),#4413,.F.);
#1023=ADVANCED_FACE('',(#4418),#4420,.F.);
#1024=ADVANCED_FACE('',(#4425),#4427,.F.);
#1025=ADVANCED_FACE('',(#4432,#4434),#4436,.F.);
#1026=ADVANCED_FACE('',(#4441),#4443,.F.);
#1027=ADVANCED_FACE('',(#4448),#4450,.F.);
#1028=ADVANCED_FACE('',(#4455),#4457,.F.);
#1029=ADVANCED_FACE('',(#4462),#4464,.F.);
#1030=ADVANCED_FACE('',(#4469),#4471,.F.);
#1031=ADVANCED_FACE('',(#4476),#4478,.F.);
#1032=ADVANCED_FACE('',(#4483),#4485,.F.);
#1033=ADVANCED_FACE('',(#4490),#4492,.F.);
#1034=ADVANCED_FACE('',(#4497),#4499,.F.);
#1035=ADVANCED_FACE('',(#4504),#4506,.F.);
#1036=ADVANCED_FACE('',(#4511),#4513,.F.);
#1037=ADVANCED_FACE('',(#4518,#4520),#4522,.F.);
#1038=ADVANCED_FACE('',(#4527),#4529,.F.);
#1039=ADVANCED_FACE('',(#4534),#4536,.F.);
#1040=ADVANCED_FACE('',(#4541),#4543,.F.);
#1041=ADVANCED_FACE('',(#4548,#4550),#4552,.F.);
#1042=ADVANCED_FACE('',(#4557),#4559,.F.);
#1043=ADVANCED_FACE('',(#4564),#4566,.F.);
#1044=ADVANCED_FACE('',(#4571),#4573,.F.);
#1045=ADVANCED_FACE('',(#4578,#4580),#4582,.F.);
#1046=ADVANCED_FACE('',(#4587),#4589,.T.);
#1047=ADVANCED_FACE('',(#4594),#4596,.F.);
#1048=ADVANCED_FACE('',(#4601),#4603,.F.);
#1049=ADVANCED_FACE('',(#4608),#4610,.F.);
#1050=ADVANCED_FACE('',(#4615),#4617,.F.);
#1051=ADVANCED_FACE('',(#4622),#4624,.F.);
#1052=ADVANCED_FACE('',(#4629),#4631,.F.);
#1053=ADVANCED_FACE('',(#4636),#4638,.F.);
#1054=ADVANCED_FACE('',(#4643),#4645,.F.);
#1055=ADVANCED_FACE('',(#4650),#4652,.F.);
#1056=ADVANCED_FACE('',(#4657),#4659,.F.);
#1057=ADVANCED_FACE('',(#4664),#4666,.T.);
#1058=ADVANCED_FACE('',(#4671),#4673,.T.);
#1059=ADVANCED_FACE('',(#4678),#4680,.T.);
#1060=ADVANCED_FACE('',(#4685,#4687),#4689,.T.);
#1061=ADVANCED_FACE('',(#4694,#4696),#4698,.T.);
#1062=ADVANCED_FACE('',(#4703,#4705),#4707,.T.);
#1063=ADVANCED_FACE('',(#4712,#4714),#4716,.T.);
#1064=ADVANCED_FACE('',(#4721,#4723),#4725,.F.);
#1065=ADVANCED_FACE('',(#4730),#4732,.F.);
#1066=ADVANCED_FACE('',(#4737),#4739,.F.);
#1067=ADVANCED_FACE('',(#4744),#4746,.F.);
#1068=ADVANCED_FACE('',(#4751),#4753,.F.);
#1069=ADVANCED_FACE('',(#4758),#4760,.F.);
#1070=ADVANCED_FACE('',(#4765),#4767,.F.);
#1071=ADVANCED_FACE('',(#4772),#4774,.F.);
#1072=ADVANCED_FACE('',(#4779),#4781,.F.);
#1073=ADVANCED_FACE('',(#4786),#4788,.F.);
#1074=ADVANCED_FACE('',(#4793),#4795,.F.);
#1075=ADVANCED_FACE('',(#4800),#4802,.F.);
#1076=ADVANCED_FACE('',(#4807),#4809,.F.);
#1077=ADVANCED_FACE('',(#4814,#4816),#4818,.F.);
#1078=ADVANCED_FACE('',(#4823),#4825,.F.);
#1079=ADVANCED_FACE('',(#4830),#4832,.F.);
#1080=ADVANCED_FACE('',(#4837),#4839,.F.);
#1081=ADVANCED_FACE('',(#4844),#4846,.F.);
#1082=ADVANCED_FACE('',(#4851),#4853,.F.);
#1083=ADVANCED_FACE('',(#4858),#4860,.F.);
#1084=ADVANCED_FACE('',(#4865),#4867,.F.);
#1085=ADVANCED_FACE('',(#4872),#4874,.F.);
#1086=ADVANCED_FACE('',(#4879),#4881,.F.);
#1087=ADVANCED_FACE('',(#4886),#4888,.F.);
#1088=ADVANCED_FACE('',(#4893),#4895,.F.);
#1089=ADVANCED_FACE('',(#4900),#4902,.F.);
#1090=ADVANCED_FACE('',(#4907,#4909),#4911,.F.);
#1091=ADVANCED_FACE('',(#4916),#4918,.F.);
#1092=ADVANCED_FACE('',(#4923),#4925,.F.);
#1093=ADVANCED_FACE('',(#4930),#4932,.F.);
#1094=ADVANCED_FACE('',(#4937),#4939,.F.);
#1095=ADVANCED_FACE('',(#4944),#4946,.F.);
#1096=ADVANCED_FACE('',(#4951),#4953,.F.);
#1097=ADVANCED_FACE('',(#4958),#4960,.F.);
#1098=ADVANCED_FACE('',(#4965),#4967,.F.);
#1099=ADVANCED_FACE('',(#4972),#4974,.F.);
#1100=ADVANCED_FACE('',(#4979),#4981,.F.);
#1101=ADVANCED_FACE('',(#4986),#4988,.F.);
#1102=ADVANCED_FACE('',(#4993),#4995,.T.);
#1103=ADVANCED_FACE('',(#5000),#5002,.F.);
#1104=ADVANCED_FACE('',(#5007),#5009,.F.);
#1105=ADVANCED_FACE('',(#5014),#5016,.F.);
#1106=ADVANCED_FACE('',(#5021),#5023,.F.);
#1107=ADVANCED_FACE('',(#5028),#5030,.F.);
#1108=ADVANCED_FACE('',(#5035),#5037,.F.);
#1109=ADVANCED_FACE('',(#5042),#5044,.F.);
#1110=ADVANCED_FACE('',(#5049),#5051,.F.);
#1111=ADVANCED_FACE('',(#5056,#5058),#5060,.F.);
#1112=ADVANCED_FACE('',(#5065),#5067,.F.);
#1113=ADVANCED_FACE('',(#5072),#5074,.F.);
#1114=ADVANCED_FACE('',(#5079),#5081,.F.);
#1115=ADVANCED_FACE('',(#5086),#5088,.F.);
#1116=ADVANCED_FACE('',(#5093),#5095,.T.);
#1117=ADVANCED_FACE('',(#5100),#5102,.T.);
#1118=ADVANCED_FACE('',(#5107),#5109,.T.);
#1119=ADVANCED_FACE('',(#5114),#5116,.T.);
#1120=ADVANCED_FACE('',(#5121),#5123,.T.);
#1121=ADVANCED_FACE('',(#5128),#5130,.T.);
#1122=COLOUR_RGB('',1.,1.,1.);
#1123=FILL_AREA_STYLE_COLOUR('',#1122);
#1124=FILL_AREA_STYLE($,(#1123));
#1125=SURFACE_STYLE_FILL_AREA(#1124);
#1126=SURFACE_SIDE_STYLE('',(#1125));
#1127=SURFACE_STYLE_USAGE(.BOTH.,#1126);
#1128=PRESENTATION_STYLE_ASSIGNMENT((#1127));
#1129=STYLED_ITEM('',(#1128),#1121);
#1130=ADVANCED_FACE('',(#5135,#5137),#5139,.T.);
#1131=COLOUR_RGB('',1.,1.,1.);
#1132=FILL_AREA_STYLE_COLOUR('',#1131);
#1133=FILL_AREA_STYLE($,(#1132));
#1134=SURFACE_STYLE_FILL_AREA(#1133);
#1135=SURFACE_SIDE_STYLE('',(#1134));
#1136=SURFACE_STYLE_USAGE(.BOTH.,#1135);
#1137=PRESENTATION_STYLE_ASSIGNMENT((#1136));
#1138=STYLED_ITEM('',(#1137),#1130);
#1139=ADVANCED_FACE('',(#5144),#5146,.T.);
#1140=COLOUR_RGB('',1.,1.,1.);
#1141=FILL_AREA_STYLE_COLOUR('',#1140);
#1142=FILL_AREA_STYLE($,(#1141));
#1143=SURFACE_STYLE_FILL_AREA(#1142);
#1144=SURFACE_SIDE_STYLE('',(#1143));
#1145=SURFACE_STYLE_USAGE(.BOTH.,#1144);
#1146=PRESENTATION_STYLE_ASSIGNMENT((#1145));
#1147=STYLED_ITEM('',(#1146),#1139);
#1148=ADVANCED_FACE('',(#5151,#5153),#5155,.T.);
#1149=COLOUR_RGB('',0.,0.4,0.8);
#1150=FILL_AREA_STYLE_COLOUR('',#1149);
#1151=FILL_AREA_STYLE($,(#1150));
#1152=SURFACE_STYLE_FILL_AREA(#1151);
#1153=SURFACE_SIDE_STYLE('',(#1152));
#1154=SURFACE_STYLE_USAGE(.BOTH.,#1153);
#1155=PRESENTATION_STYLE_ASSIGNMENT((#1154));
#1156=STYLED_ITEM('',(#1155),#1148);
#1157=ADVANCED_FACE('',(#5160,#5162),#5164,.F.);
#1158=COLOUR_RGB('',0.,0.4,0.8);
#1159=FILL_AREA_STYLE_COLOUR('',#1158);
#1160=FILL_AREA_STYLE($,(#1159));
#1161=SURFACE_STYLE_FILL_AREA(#1160);
#1162=SURFACE_SIDE_STYLE('',(#1161));
#1163=SURFACE_STYLE_USAGE(.BOTH.,#1162);
#1164=PRESENTATION_STYLE_ASSIGNMENT((#1163));
#1165=STYLED_ITEM('',(#1164),#1157);
#1166=ADVANCED_FACE('',(#5169,#5171),#5173,.T.);
#1167=COLOUR_RGB('',0.423529411764706,0.423529411764706,0.423529411764706);
#1168=FILL_AREA_STYLE_COLOUR('',#1167);
#1169=FILL_AREA_STYLE($,(#1168));
#1170=SURFACE_STYLE_FILL_AREA(#1169);
#1171=SURFACE_SIDE_STYLE('',(#1170));
#1172=SURFACE_STYLE_USAGE(.BOTH.,#1171);
#1173=PRESENTATION_STYLE_ASSIGNMENT((#1172));
#1174=STYLED_ITEM('',(#1173),#1166);
#1175=ADVANCED_FACE('',(#5178,#5180),#5182,.F.);
#1176=COLOUR_RGB('',0.,0.4,0.8);
#1177=FILL_AREA_STYLE_COLOUR('',#1176);
#1178=FILL_AREA_STYLE($,(#1177));
#1179=SURFACE_STYLE_FILL_AREA(#1178);
#1180=SURFACE_SIDE_STYLE('',(#1179));
#1181=SURFACE_STYLE_USAGE(.BOTH.,#1180);
#1182=PRESENTATION_STYLE_ASSIGNMENT((#1181));
#1183=STYLED_ITEM('',(#1182),#1175);
#1184=ADVANCED_FACE('',(#5187,#5189),#5191,.F.);
#1185=COLOUR_RGB('',0.423529411764706,0.423529411764706,0.423529411764706);
#1186=FILL_AREA_STYLE_COLOUR('',#1185);
#1187=FILL_AREA_STYLE($,(#1186));
#1188=SURFACE_STYLE_FILL_AREA(#1187);
#1189=SURFACE_SIDE_STYLE('',(#1188));
#1190=SURFACE_STYLE_USAGE(.BOTH.,#1189);
#1191=PRESENTATION_STYLE_ASSIGNMENT((#1190));
#1192=STYLED_ITEM('',(#1191),#1184);
#1193=ADVANCED_FACE('',(#5196,#5198),#5200,.T.);
#1194=COLOUR_RGB('',0.,0.4,0.8);
#1195=FILL_AREA_STYLE_COLOUR('',#1194);
#1196=FILL_AREA_STYLE($,(#1195));
#1197=SURFACE_STYLE_FILL_AREA(#1196);
#1198=SURFACE_SIDE_STYLE('',(#1197));
#1199=SURFACE_STYLE_USAGE(.BOTH.,#1198);
#1200=PRESENTATION_STYLE_ASSIGNMENT((#1199));
#1201=STYLED_ITEM('',(#1200),#1193);
#1202=ADVANCED_FACE('',(#5205,#5207),#5209,.F.);
#1203=COLOUR_RGB('',0.,0.4,0.8);
#1204=FILL_AREA_STYLE_COLOUR('',#1203);
#1205=FILL_AREA_STYLE($,(#1204));
#1206=SURFACE_STYLE_FILL_AREA(#1205);
#1207=SURFACE_SIDE_STYLE('',(#1206));
#1208=SURFACE_STYLE_USAGE(.BOTH.,#1207);
#1209=PRESENTATION_STYLE_ASSIGNMENT((#1208));
#1210=STYLED_ITEM('',(#1209),#1202);
#1211=ADVANCED_FACE('',(#5214,#5216),#5218,.T.);
#1212=COLOUR_RGB('',0.,0.4,0.8);
#1213=FILL_AREA_STYLE_COLOUR('',#1212);
#1214=FILL_AREA_STYLE($,(#1213));
#1215=SURFACE_STYLE_FILL_AREA(#1214);
#1216=SURFACE_SIDE_STYLE('',(#1215));
#1217=SURFACE_STYLE_USAGE(.BOTH.,#1216);
#1218=PRESENTATION_STYLE_ASSIGNMENT((#1217));
#1219=STYLED_ITEM('',(#1218),#1211);
#1220=ADVANCED_FACE('',(#5223,#5225),#5227,.F.);
#1221=COLOUR_RGB('',0.,0.4,0.8);
#1222=FILL_AREA_STYLE_COLOUR('',#1221);
#1223=FILL_AREA_STYLE($,(#1222));
#1224=SURFACE_STYLE_FILL_AREA(#1223);
#1225=SURFACE_SIDE_STYLE('',(#1224));
#1226=SURFACE_STYLE_USAGE(.BOTH.,#1225);
#1227=PRESENTATION_STYLE_ASSIGNMENT((#1226));
#1228=STYLED_ITEM('',(#1227),#1220);
#1229=ADVANCED_FACE('',(#5232,#5234),#5236,.T.);
#1230=COLOUR_RGB('',0.,0.4,0.8);
#1231=FILL_AREA_STYLE_COLOUR('',#1230);
#1232=FILL_AREA_STYLE($,(#1231));
#1233=SURFACE_STYLE_FILL_AREA(#1232);
#1234=SURFACE_SIDE_STYLE('',(#1233));
#1235=SURFACE_STYLE_USAGE(.BOTH.,#1234);
#1236=PRESENTATION_STYLE_ASSIGNMENT((#1235));
#1237=STYLED_ITEM('',(#1236),#1229);
#1238=ADVANCED_FACE('',(#5241,#5243),#5245,.T.);
#1239=COLOUR_RGB('',0.,0.4,0.8);
#1240=FILL_AREA_STYLE_COLOUR('',#1239);
#1241=FILL_AREA_STYLE($,(#1240));
#1242=SURFACE_STYLE_FILL_AREA(#1241);
#1243=SURFACE_SIDE_STYLE('',(#1242));
#1244=SURFACE_STYLE_USAGE(.BOTH.,#1243);
#1245=PRESENTATION_STYLE_ASSIGNMENT((#1244));
#1246=STYLED_ITEM('',(#1245),#1238);
#1247=ADVANCED_FACE('',(#5250,#5252),#5254,.T.);
#1248=COLOUR_RGB('',0.,0.4,0.8);
#1249=FILL_AREA_STYLE_COLOUR('',#1248);
#1250=FILL_AREA_STYLE($,(#1249));
#1251=SURFACE_STYLE_FILL_AREA(#1250);
#1252=SURFACE_SIDE_STYLE('',(#1251));
#1253=SURFACE_STYLE_USAGE(.BOTH.,#1252);
#1254=PRESENTATION_STYLE_ASSIGNMENT((#1253));
#1255=STYLED_ITEM('',(#1254),#1247);
#1256=ADVANCED_FACE('',(#5259,#5261),#5263,.F.);
#1257=COLOUR_RGB('',0.,0.4,0.8);
#1258=FILL_AREA_STYLE_COLOUR('',#1257);
#1259=FILL_AREA_STYLE($,(#1258));
#1260=SURFACE_STYLE_FILL_AREA(#1259);
#1261=SURFACE_SIDE_STYLE('',(#1260));
#1262=SURFACE_STYLE_USAGE(.BOTH.,#1261);
#1263=PRESENTATION_STYLE_ASSIGNMENT((#1262));
#1264=STYLED_ITEM('',(#1263),#1256);
#1265=ADVANCED_FACE('',(#5268,#5270),#5272,.F.);
#1266=COLOUR_RGB('',0.,0.4,0.8);
#1267=FILL_AREA_STYLE_COLOUR('',#1266);
#1268=FILL_AREA_STYLE($,(#1267));
#1269=SURFACE_STYLE_FILL_AREA(#1268);
#1270=SURFACE_SIDE_STYLE('',(#1269));
#1271=SURFACE_STYLE_USAGE(.BOTH.,#1270);
#1272=PRESENTATION_STYLE_ASSIGNMENT((#1271));
#1273=STYLED_ITEM('',(#1272),#1265);
#1274=ADVANCED_FACE('',(#5277,#5279),#5281,.F.);
#1275=COLOUR_RGB('',0.,0.4,0.8);
#1276=FILL_AREA_STYLE_COLOUR('',#1275);
#1277=FILL_AREA_STYLE($,(#1276));
#1278=SURFACE_STYLE_FILL_AREA(#1277);
#1279=SURFACE_SIDE_STYLE('',(#1278));
#1280=SURFACE_STYLE_USAGE(.BOTH.,#1279);
#1281=PRESENTATION_STYLE_ASSIGNMENT((#1280));
#1282=STYLED_ITEM('',(#1281),#1274);
#1283=ADVANCED_FACE('',(#5286,#5288),#5290,.T.);
#1284=COLOUR_RGB('',0.,0.4,0.8);
#1285=FILL_AREA_STYLE_COLOUR('',#1284);
#1286=FILL_AREA_STYLE($,(#1285));
#1287=SURFACE_STYLE_FILL_AREA(#1286);
#1288=SURFACE_SIDE_STYLE('',(#1287));
#1289=SURFACE_STYLE_USAGE(.BOTH.,#1288);
#1290=PRESENTATION_STYLE_ASSIGNMENT((#1289));
#1291=STYLED_ITEM('',(#1290),#1283);
#1292=ADVANCED_FACE('',(#5295,#5297),#5299,.F.);
#1293=COLOUR_RGB('',0.,0.4,0.8);
#1294=FILL_AREA_STYLE_COLOUR('',#1293);
#1295=FILL_AREA_STYLE($,(#1294));
#1296=SURFACE_STYLE_FILL_AREA(#1295);
#1297=SURFACE_SIDE_STYLE('',(#1296));
#1298=SURFACE_STYLE_USAGE(.BOTH.,#1297);
#1299=PRESENTATION_STYLE_ASSIGNMENT((#1298));
#1300=STYLED_ITEM('',(#1299),#1292);
#1301=ADVANCED_FACE('',(#5304,#5306),#5308,.T.);
#1302=COLOUR_RGB('',0.,0.4,0.8);
#1303=FILL_AREA_STYLE_COLOUR('',#1302);
#1304=FILL_AREA_STYLE($,(#1303));
#1305=SURFACE_STYLE_FILL_AREA(#1304);
#1306=SURFACE_SIDE_STYLE('',(#1305));
#1307=SURFACE_STYLE_USAGE(.BOTH.,#1306);
#1308=PRESENTATION_STYLE_ASSIGNMENT((#1307));
#1309=STYLED_ITEM('',(#1308),#1301);
#1310=ADVANCED_FACE('',(#5313,#5315),#5317,.T.);
#1311=COLOUR_RGB('',0.,0.4,0.8);
#1312=FILL_AREA_STYLE_COLOUR('',#1311);
#1313=FILL_AREA_STYLE($,(#1312));
#1314=SURFACE_STYLE_FILL_AREA(#1313);
#1315=SURFACE_SIDE_STYLE('',(#1314));
#1316=SURFACE_STYLE_USAGE(.BOTH.,#1315);
#1317=PRESENTATION_STYLE_ASSIGNMENT((#1316));
#1318=STYLED_ITEM('',(#1317),#1310);
#1319=ADVANCED_FACE('',(#5322,#5324),#5326,.T.);
#1320=COLOUR_RGB('',0.,0.4,0.8);
#1321=FILL_AREA_STYLE_COLOUR('',#1320);
#1322=FILL_AREA_STYLE($,(#1321));
#1323=SURFACE_STYLE_FILL_AREA(#1322);
#1324=SURFACE_SIDE_STYLE('',(#1323));
#1325=SURFACE_STYLE_USAGE(.BOTH.,#1324);
#1326=PRESENTATION_STYLE_ASSIGNMENT((#1325));
#1327=STYLED_ITEM('',(#1326),#1319);
#1328=ADVANCED_FACE('',(#5331,#5333),#5335,.F.);
#1329=COLOUR_RGB('',0.,0.4,0.8);
#1330=FILL_AREA_STYLE_COLOUR('',#1329);
#1331=FILL_AREA_STYLE($,(#1330));
#1332=SURFACE_STYLE_FILL_AREA(#1331);
#1333=SURFACE_SIDE_STYLE('',(#1332));
#1334=SURFACE_STYLE_USAGE(.BOTH.,#1333);
#1335=PRESENTATION_STYLE_ASSIGNMENT((#1334));
#1336=STYLED_ITEM('',(#1335),#1328);
#1337=ADVANCED_FACE('',(#5340,#5342),#5344,.T.);
#1338=COLOUR_RGB('',0.,0.4,0.8);
#1339=FILL_AREA_STYLE_COLOUR('',#1338);
#1340=FILL_AREA_STYLE($,(#1339));
#1341=SURFACE_STYLE_FILL_AREA(#1340);
#1342=SURFACE_SIDE_STYLE('',(#1341));
#1343=SURFACE_STYLE_USAGE(.BOTH.,#1342);
#1344=PRESENTATION_STYLE_ASSIGNMENT((#1343));
#1345=STYLED_ITEM('',(#1344),#1337);
#1346=ADVANCED_FACE('',(#5349),#5351,.T.);
#1347=COLOUR_RGB('',0.282352941176471,0.282352941176471,0.282352941176471);
#1348=FILL_AREA_STYLE_COLOUR('',#1347);
#1349=FILL_AREA_STYLE($,(#1348));
#1350=SURFACE_STYLE_FILL_AREA(#1349);
#1351=SURFACE_SIDE_STYLE('',(#1350));
#1352=SURFACE_STYLE_USAGE(.BOTH.,#1351);
#1353=PRESENTATION_STYLE_ASSIGNMENT((#1352));
#1354=STYLED_ITEM('',(#1353),#1346);
#1355=ADVANCED_FACE('',(#5356,#5358),#5360,.T.);
#1356=COLOUR_RGB('',0.282352941176471,0.282352941176471,0.282352941176471);
#1357=FILL_AREA_STYLE_COLOUR('',#1356);
#1358=FILL_AREA_STYLE($,(#1357));
#1359=SURFACE_STYLE_FILL_AREA(#1358);
#1360=SURFACE_SIDE_STYLE('',(#1359));
#1361=SURFACE_STYLE_USAGE(.BOTH.,#1360);
#1362=PRESENTATION_STYLE_ASSIGNMENT((#1361));
#1363=STYLED_ITEM('',(#1362),#1355);
#1364=ADVANCED_FACE('',(#5365,#5367),#5369,.T.);
#1365=COLOUR_RGB('',0.282352941176471,0.282352941176471,0.282352941176471);
#1366=FILL_AREA_STYLE_COLOUR('',#1365);
#1367=FILL_AREA_STYLE($,(#1366));
#1368=SURFACE_STYLE_FILL_AREA(#1367);
#1369=SURFACE_SIDE_STYLE('',(#1368));
#1370=SURFACE_STYLE_USAGE(.BOTH.,#1369);
#1371=PRESENTATION_STYLE_ASSIGNMENT((#1370));
#1372=STYLED_ITEM('',(#1371),#1364);
#1373=ADVANCED_FACE('',(#5374,#5376),#5378,.T.);
#1374=COLOUR_RGB('',0.282352941176471,0.282352941176471,0.282352941176471);
#1375=FILL_AREA_STYLE_COLOUR('',#1374);
#1376=FILL_AREA_STYLE($,(#1375));
#1377=SURFACE_STYLE_FILL_AREA(#1376);
#1378=SURFACE_SIDE_STYLE('',(#1377));
#1379=SURFACE_STYLE_USAGE(.BOTH.,#1378);
#1380=PRESENTATION_STYLE_ASSIGNMENT((#1379));
#1381=STYLED_ITEM('',(#1380),#1373);
#1382=ADVANCED_FACE('',(#5383),#5385,.T.);
#1383=COLOUR_RGB('',0.282352941176471,0.282352941176471,0.282352941176471);
#1384=FILL_AREA_STYLE_COLOUR('',#1383);
#1385=FILL_AREA_STYLE($,(#1384));
#1386=SURFACE_STYLE_FILL_AREA(#1385);
#1387=SURFACE_SIDE_STYLE('',(#1386));
#1388=SURFACE_STYLE_USAGE(.BOTH.,#1387);
#1389=PRESENTATION_STYLE_ASSIGNMENT((#1388));
#1390=STYLED_ITEM('',(#1389),#1382);
#1391=ADVANCED_FACE('',(#5390),#5392,.T.);
#1392=COLOUR_RGB('',1.,1.,1.);
#1393=FILL_AREA_STYLE_COLOUR('',#1392);
#1394=FILL_AREA_STYLE($,(#1393));
#1395=SURFACE_STYLE_FILL_AREA(#1394);
#1396=SURFACE_SIDE_STYLE('',(#1395));
#1397=SURFACE_STYLE_USAGE(.BOTH.,#1396);
#1398=PRESENTATION_STYLE_ASSIGNMENT((#1397));
#1399=STYLED_ITEM('',(#1398),#1391);
#1400=ADVANCED_FACE('',(#5397),#5399,.T.);
#1401=COLOUR_RGB('',1.,1.,1.);
#1402=FILL_AREA_STYLE_COLOUR('',#1401);
#1403=FILL_AREA_STYLE($,(#1402));
#1404=SURFACE_STYLE_FILL_AREA(#1403);
#1405=SURFACE_SIDE_STYLE('',(#1404));
#1406=SURFACE_STYLE_USAGE(.BOTH.,#1405);
#1407=PRESENTATION_STYLE_ASSIGNMENT((#1406));
#1408=STYLED_ITEM('',(#1407),#1400);
#1409=ADVANCED_FACE('',(#5404),#5406,.T.);
#1410=COLOUR_RGB('',1.,1.,1.);
#1411=FILL_AREA_STYLE_COLOUR('',#1410);
#1412=FILL_AREA_STYLE($,(#1411));
#1413=SURFACE_STYLE_FILL_AREA(#1412);
#1414=SURFACE_SIDE_STYLE('',(#1413));
#1415=SURFACE_STYLE_USAGE(.BOTH.,#1414);
#1416=PRESENTATION_STYLE_ASSIGNMENT((#1415));
#1417=STYLED_ITEM('',(#1416),#1409);
#1418=ADVANCED_FACE('',(#5411),#5413,.T.);
#1419=COLOUR_RGB('',1.,1.,1.);
#1420=FILL_AREA_STYLE_COLOUR('',#1419);
#1421=FILL_AREA_STYLE($,(#1420));
#1422=SURFACE_STYLE_FILL_AREA(#1421);
#1423=SURFACE_SIDE_STYLE('',(#1422));
#1424=SURFACE_STYLE_USAGE(.BOTH.,#1423);
#1425=PRESENTATION_STYLE_ASSIGNMENT((#1424));
#1426=STYLED_ITEM('',(#1425),#1418);
#1427=ADVANCED_FACE('',(#5418),#5420,.T.);
#1428=COLOUR_RGB('',1.,1.,1.);
#1429=FILL_AREA_STYLE_COLOUR('',#1428);
#1430=FILL_AREA_STYLE($,(#1429));
#1431=SURFACE_STYLE_FILL_AREA(#1430);
#1432=SURFACE_SIDE_STYLE('',(#1431));
#1433=SURFACE_STYLE_USAGE(.BOTH.,#1432);
#1434=PRESENTATION_STYLE_ASSIGNMENT((#1433));
#1435=STYLED_ITEM('',(#1434),#1427);
#1436=ADVANCED_FACE('',(#5425),#5427,.T.);
#1437=COLOUR_RGB('',1.,1.,1.);
#1438=FILL_AREA_STYLE_COLOUR('',#1437);
#1439=FILL_AREA_STYLE($,(#1438));
#1440=SURFACE_STYLE_FILL_AREA(#1439);
#1441=SURFACE_SIDE_STYLE('',(#1440));
#1442=SURFACE_STYLE_USAGE(.BOTH.,#1441);
#1443=PRESENTATION_STYLE_ASSIGNMENT((#1442));
#1444=STYLED_ITEM('',(#1443),#1436);
#1445=ADVANCED_FACE('',(#5432),#5434,.T.);
#1446=COLOUR_RGB('',1.,1.,1.);
#1447=FILL_AREA_STYLE_COLOUR('',#1446);
#1448=FILL_AREA_STYLE($,(#1447));
#1449=SURFACE_STYLE_FILL_AREA(#1448);
#1450=SURFACE_SIDE_STYLE('',(#1449));
#1451=SURFACE_STYLE_USAGE(.BOTH.,#1450);
#1452=PRESENTATION_STYLE_ASSIGNMENT((#1451));
#1453=STYLED_ITEM('',(#1452),#1445);
#1454=ADVANCED_FACE('',(#5439),#5441,.T.);
#1455=COLOUR_RGB('',1.,1.,1.);
#1456=FILL_AREA_STYLE_COLOUR('',#1455);
#1457=FILL_AREA_STYLE($,(#1456));
#1458=SURFACE_STYLE_FILL_AREA(#1457);
#1459=SURFACE_SIDE_STYLE('',(#1458));
#1460=SURFACE_STYLE_USAGE(.BOTH.,#1459);
#1461=PRESENTATION_STYLE_ASSIGNMENT((#1460));
#1462=STYLED_ITEM('',(#1461),#1454);
#1463=ADVANCED_FACE('',(#5446),#5448,.T.);
#1464=COLOUR_RGB('',1.,1.,1.);
#1465=FILL_AREA_STYLE_COLOUR('',#1464);
#1466=FILL_AREA_STYLE($,(#1465));
#1467=SURFACE_STYLE_FILL_AREA(#1466);
#1468=SURFACE_SIDE_STYLE('',(#1467));
#1469=SURFACE_STYLE_USAGE(.BOTH.,#1468);
#1470=PRESENTATION_STYLE_ASSIGNMENT((#1469));
#1471=STYLED_ITEM('',(#1470),#1463);
#1472=ADVANCED_FACE('',(#5453),#5455,.T.);
#1473=COLOUR_RGB('',1.,1.,1.);
#1474=FILL_AREA_STYLE_COLOUR('',#1473);
#1475=FILL_AREA_STYLE($,(#1474));
#1476=SURFACE_STYLE_FILL_AREA(#1475);
#1477=SURFACE_SIDE_STYLE('',(#1476));
#1478=SURFACE_STYLE_USAGE(.BOTH.,#1477);
#1479=PRESENTATION_STYLE_ASSIGNMENT((#1478));
#1480=STYLED_ITEM('',(#1479),#1472);
#1481=ADVANCED_FACE('',(#5460),#5462,.T.);
#1482=COLOUR_RGB('',1.,1.,1.);
#1483=FILL_AREA_STYLE_COLOUR('',#1482);
#1484=FILL_AREA_STYLE($,(#1483));
#1485=SURFACE_STYLE_FILL_AREA(#1484);
#1486=SURFACE_SIDE_STYLE('',(#1485));
#1487=SURFACE_STYLE_USAGE(.BOTH.,#1486);
#1488=PRESENTATION_STYLE_ASSIGNMENT((#1487));
#1489=STYLED_ITEM('',(#1488),#1481);
#1490=ADVANCED_FACE('',(#5467),#5469,.T.);
#1491=COLOUR_RGB('',1.,1.,1.);
#1492=FILL_AREA_STYLE_COLOUR('',#1491);
#1493=FILL_AREA_STYLE($,(#1492));
#1494=SURFACE_STYLE_FILL_AREA(#1493);
#1495=SURFACE_SIDE_STYLE('',(#1494));
#1496=SURFACE_STYLE_USAGE(.BOTH.,#1495);
#1497=PRESENTATION_STYLE_ASSIGNMENT((#1496));
#1498=STYLED_ITEM('',(#1497),#1490);
#1499=ADVANCED_FACE('',(#5474),#5476,.T.);
#1500=COLOUR_RGB('',1.,1.,1.);
#1501=FILL_AREA_STYLE_COLOUR('',#1500);
#1502=FILL_AREA_STYLE($,(#1501));
#1503=SURFACE_STYLE_FILL_AREA(#1502);
#1504=SURFACE_SIDE_STYLE('',(#1503));
#1505=SURFACE_STYLE_USAGE(.BOTH.,#1504);
#1506=PRESENTATION_STYLE_ASSIGNMENT((#1505));
#1507=STYLED_ITEM('',(#1506),#1499);
#1508=ADVANCED_FACE('',(#5481),#5483,.T.);
#1509=COLOUR_RGB('',1.,1.,1.);
#1510=FILL_AREA_STYLE_COLOUR('',#1509);
#1511=FILL_AREA_STYLE($,(#1510));
#1512=SURFACE_STYLE_FILL_AREA(#1511);
#1513=SURFACE_SIDE_STYLE('',(#1512));
#1514=SURFACE_STYLE_USAGE(.BOTH.,#1513);
#1515=PRESENTATION_STYLE_ASSIGNMENT((#1514));
#1516=STYLED_ITEM('',(#1515),#1508);
#1517=ADVANCED_FACE('',(#5488),#5490,.T.);
#1518=COLOUR_RGB('',1.,1.,1.);
#1519=FILL_AREA_STYLE_COLOUR('',#1518);
#1520=FILL_AREA_STYLE($,(#1519));
#1521=SURFACE_STYLE_FILL_AREA(#1520);
#1522=SURFACE_SIDE_STYLE('',(#1521));
#1523=SURFACE_STYLE_USAGE(.BOTH.,#1522);
#1524=PRESENTATION_STYLE_ASSIGNMENT((#1523));
#1525=STYLED_ITEM('',(#1524),#1517);
#1526=ADVANCED_FACE('',(#5495),#5497,.T.);
#1527=COLOUR_RGB('',1.,1.,1.);
#1528=FILL_AREA_STYLE_COLOUR('',#1527);
#1529=FILL_AREA_STYLE($,(#1528));
#1530=SURFACE_STYLE_FILL_AREA(#1529);
#1531=SURFACE_SIDE_STYLE('',(#1530));
#1532=SURFACE_STYLE_USAGE(.BOTH.,#1531);
#1533=PRESENTATION_STYLE_ASSIGNMENT((#1532));
#1534=STYLED_ITEM('',(#1533),#1526);
#1535=ADVANCED_FACE('',(#5502),#5504,.T.);
#1536=COLOUR_RGB('',1.,1.,1.);
#1537=FILL_AREA_STYLE_COLOUR('',#1536);
#1538=FILL_AREA_STYLE($,(#1537));
#1539=SURFACE_STYLE_FILL_AREA(#1538);
#1540=SURFACE_SIDE_STYLE('',(#1539));
#1541=SURFACE_STYLE_USAGE(.BOTH.,#1540);
#1542=PRESENTATION_STYLE_ASSIGNMENT((#1541));
#1543=STYLED_ITEM('',(#1542),#1535);
#1544=ADVANCED_FACE('',(#5509),#5511,.F.);
#1545=COLOUR_RGB('',1.,1.,1.);
#1546=FILL_AREA_STYLE_COLOUR('',#1545);
#1547=FILL_AREA_STYLE($,(#1546));
#1548=SURFACE_STYLE_FILL_AREA(#1547);
#1549=SURFACE_SIDE_STYLE('',(#1548));
#1550=SURFACE_STYLE_USAGE(.BOTH.,#1549);
#1551=PRESENTATION_STYLE_ASSIGNMENT((#1550));
#1552=STYLED_ITEM('',(#1551),#1544);
#1553=ADVANCED_FACE('',(#5516),#5518,.F.);
#1554=COLOUR_RGB('',1.,1.,1.);
#1555=FILL_AREA_STYLE_COLOUR('',#1554);
#1556=FILL_AREA_STYLE($,(#1555));
#1557=SURFACE_STYLE_FILL_AREA(#1556);
#1558=SURFACE_SIDE_STYLE('',(#1557));
#1559=SURFACE_STYLE_USAGE(.BOTH.,#1558);
#1560=PRESENTATION_STYLE_ASSIGNMENT((#1559));
#1561=STYLED_ITEM('',(#1560),#1553);
#1562=ADVANCED_FACE('',(#5523),#5525,.F.);
#1563=COLOUR_RGB('',1.,1.,1.);
#1564=FILL_AREA_STYLE_COLOUR('',#1563);
#1565=FILL_AREA_STYLE($,(#1564));
#1566=SURFACE_STYLE_FILL_AREA(#1565);
#1567=SURFACE_SIDE_STYLE('',(#1566));
#1568=SURFACE_STYLE_USAGE(.BOTH.,#1567);
#1569=PRESENTATION_STYLE_ASSIGNMENT((#1568));
#1570=STYLED_ITEM('',(#1569),#1562);
#1571=ADVANCED_FACE('',(#5530),#5532,.F.);
#1572=COLOUR_RGB('',1.,1.,1.);
#1573=FILL_AREA_STYLE_COLOUR('',#1572);
#1574=FILL_AREA_STYLE($,(#1573));
#1575=SURFACE_STYLE_FILL_AREA(#1574);
#1576=SURFACE_SIDE_STYLE('',(#1575));
#1577=SURFACE_STYLE_USAGE(.BOTH.,#1576);
#1578=PRESENTATION_STYLE_ASSIGNMENT((#1577));
#1579=STYLED_ITEM('',(#1578),#1571);
#1580=ADVANCED_FACE('',(#5537),#5539,.T.);
#1581=COLOUR_RGB('',1.,1.,1.);
#1582=FILL_AREA_STYLE_COLOUR('',#1581);
#1583=FILL_AREA_STYLE($,(#1582));
#1584=SURFACE_STYLE_FILL_AREA(#1583);
#1585=SURFACE_SIDE_STYLE('',(#1584));
#1586=SURFACE_STYLE_USAGE(.BOTH.,#1585);
#1587=PRESENTATION_STYLE_ASSIGNMENT((#1586));
#1588=STYLED_ITEM('',(#1587),#1580);
#1589=ADVANCED_FACE('',(#5544),#5546,.F.);
#1590=COLOUR_RGB('',1.,1.,1.);
#1591=FILL_AREA_STYLE_COLOUR('',#1590);
#1592=FILL_AREA_STYLE($,(#1591));
#1593=SURFACE_STYLE_FILL_AREA(#1592);
#1594=SURFACE_SIDE_STYLE('',(#1593));
#1595=SURFACE_STYLE_USAGE(.BOTH.,#1594);
#1596=PRESENTATION_STYLE_ASSIGNMENT((#1595));
#1597=STYLED_ITEM('',(#1596),#1589);
#1598=ADVANCED_FACE('',(#5551),#5553,.F.);
#1599=COLOUR_RGB('',1.,1.,1.);
#1600=FILL_AREA_STYLE_COLOUR('',#1599);
#1601=FILL_AREA_STYLE($,(#1600));
#1602=SURFACE_STYLE_FILL_AREA(#1601);
#1603=SURFACE_SIDE_STYLE('',(#1602));
#1604=SURFACE_STYLE_USAGE(.BOTH.,#1603);
#1605=PRESENTATION_STYLE_ASSIGNMENT((#1604));
#1606=STYLED_ITEM('',(#1605),#1598);
#1607=ADVANCED_FACE('',(#5558),#5560,.F.);
#1608=COLOUR_RGB('',1.,1.,1.);
#1609=FILL_AREA_STYLE_COLOUR('',#1608);
#1610=FILL_AREA_STYLE($,(#1609));
#1611=SURFACE_STYLE_FILL_AREA(#1610);
#1612=SURFACE_SIDE_STYLE('',(#1611));
#1613=SURFACE_STYLE_USAGE(.BOTH.,#1612);
#1614=PRESENTATION_STYLE_ASSIGNMENT((#1613));
#1615=STYLED_ITEM('',(#1614),#1607);
#1616=ADVANCED_FACE('',(#5565),#5567,.F.);
#1617=COLOUR_RGB('',1.,1.,1.);
#1618=FILL_AREA_STYLE_COLOUR('',#1617);
#1619=FILL_AREA_STYLE($,(#1618));
#1620=SURFACE_STYLE_FILL_AREA(#1619);
#1621=SURFACE_SIDE_STYLE('',(#1620));
#1622=SURFACE_STYLE_USAGE(.BOTH.,#1621);
#1623=PRESENTATION_STYLE_ASSIGNMENT((#1622));
#1624=STYLED_ITEM('',(#1623),#1616);
#1625=ADVANCED_FACE('',(#5572),#5574,.F.);
#1626=COLOUR_RGB('',1.,1.,1.);
#1627=FILL_AREA_STYLE_COLOUR('',#1626);
#1628=FILL_AREA_STYLE($,(#1627));
#1629=SURFACE_STYLE_FILL_AREA(#1628);
#1630=SURFACE_SIDE_STYLE('',(#1629));
#1631=SURFACE_STYLE_USAGE(.BOTH.,#1630);
#1632=PRESENTATION_STYLE_ASSIGNMENT((#1631));
#1633=STYLED_ITEM('',(#1632),#1625);
#1634=ADVANCED_FACE('',(#5579),#5581,.F.);
#1635=COLOUR_RGB('',1.,1.,1.);
#1636=FILL_AREA_STYLE_COLOUR('',#1635);
#1637=FILL_AREA_STYLE($,(#1636));
#1638=SURFACE_STYLE_FILL_AREA(#1637);
#1639=SURFACE_SIDE_STYLE('',(#1638));
#1640=SURFACE_STYLE_USAGE(.BOTH.,#1639);
#1641=PRESENTATION_STYLE_ASSIGNMENT((#1640));
#1642=STYLED_ITEM('',(#1641),#1634);
#1643=ADVANCED_FACE('',(#5586),#5588,.F.);
#1644=COLOUR_RGB('',1.,1.,1.);
#1645=FILL_AREA_STYLE_COLOUR('',#1644);
#1646=FILL_AREA_STYLE($,(#1645));
#1647=SURFACE_STYLE_FILL_AREA(#1646);
#1648=SURFACE_SIDE_STYLE('',(#1647));
#1649=SURFACE_STYLE_USAGE(.BOTH.,#1648);
#1650=PRESENTATION_STYLE_ASSIGNMENT((#1649));
#1651=STYLED_ITEM('',(#1650),#1643);
#1652=ADVANCED_FACE('',(#5593),#5595,.F.);
#1653=COLOUR_RGB('',1.,1.,1.);
#1654=FILL_AREA_STYLE_COLOUR('',#1653);
#1655=FILL_AREA_STYLE($,(#1654));
#1656=SURFACE_STYLE_FILL_AREA(#1655);
#1657=SURFACE_SIDE_STYLE('',(#1656));
#1658=SURFACE_STYLE_USAGE(.BOTH.,#1657);
#1659=PRESENTATION_STYLE_ASSIGNMENT((#1658));
#1660=STYLED_ITEM('',(#1659),#1652);
#1661=ADVANCED_FACE('',(#5600),#5602,.F.);
#1662=COLOUR_RGB('',1.,1.,1.);
#1663=FILL_AREA_STYLE_COLOUR('',#1662);
#1664=FILL_AREA_STYLE($,(#1663));
#1665=SURFACE_STYLE_FILL_AREA(#1664);
#1666=SURFACE_SIDE_STYLE('',(#1665));
#1667=SURFACE_STYLE_USAGE(.BOTH.,#1666);
#1668=PRESENTATION_STYLE_ASSIGNMENT((#1667));
#1669=STYLED_ITEM('',(#1668),#1661);
#1670=ADVANCED_FACE('',(#5607),#5609,.F.);
#1671=COLOUR_RGB('',1.,1.,1.);
#1672=FILL_AREA_STYLE_COLOUR('',#1671);
#1673=FILL_AREA_STYLE($,(#1672));
#1674=SURFACE_STYLE_FILL_AREA(#1673);
#1675=SURFACE_SIDE_STYLE('',(#1674));
#1676=SURFACE_STYLE_USAGE(.BOTH.,#1675);
#1677=PRESENTATION_STYLE_ASSIGNMENT((#1676));
#1678=STYLED_ITEM('',(#1677),#1670);
#1679=ADVANCED_FACE('',(#5614),#5616,.F.);
#1680=COLOUR_RGB('',1.,1.,1.);
#1681=FILL_AREA_STYLE_COLOUR('',#1680);
#1682=FILL_AREA_STYLE($,(#1681));
#1683=SURFACE_STYLE_FILL_AREA(#1682);
#1684=SURFACE_SIDE_STYLE('',(#1683));
#1685=SURFACE_STYLE_USAGE(.BOTH.,#1684);
#1686=PRESENTATION_STYLE_ASSIGNMENT((#1685));
#1687=STYLED_ITEM('',(#1686),#1679);
#1688=ADVANCED_FACE('',(#5621),#5623,.F.);
#1689=COLOUR_RGB('',1.,1.,1.);
#1690=FILL_AREA_STYLE_COLOUR('',#1689);
#1691=FILL_AREA_STYLE($,(#1690));
#1692=SURFACE_STYLE_FILL_AREA(#1691);
#1693=SURFACE_SIDE_STYLE('',(#1692));
#1694=SURFACE_STYLE_USAGE(.BOTH.,#1693);
#1695=PRESENTATION_STYLE_ASSIGNMENT((#1694));
#1696=STYLED_ITEM('',(#1695),#1688);
#1697=ADVANCED_FACE('',(#5628),#5630,.F.);
#1698=COLOUR_RGB('',1.,1.,1.);
#1699=FILL_AREA_STYLE_COLOUR('',#1698);
#1700=FILL_AREA_STYLE($,(#1699));
#1701=SURFACE_STYLE_FILL_AREA(#1700);
#1702=SURFACE_SIDE_STYLE('',(#1701));
#1703=SURFACE_STYLE_USAGE(.BOTH.,#1702);
#1704=PRESENTATION_STYLE_ASSIGNMENT((#1703));
#1705=STYLED_ITEM('',(#1704),#1697);
#1706=ADVANCED_FACE('',(#5635),#5637,.F.);
#1707=COLOUR_RGB('',1.,1.,1.);
#1708=FILL_AREA_STYLE_COLOUR('',#1707);
#1709=FILL_AREA_STYLE($,(#1708));
#1710=SURFACE_STYLE_FILL_AREA(#1709);
#1711=SURFACE_SIDE_STYLE('',(#1710));
#1712=SURFACE_STYLE_USAGE(.BOTH.,#1711);
#1713=PRESENTATION_STYLE_ASSIGNMENT((#1712));
#1714=STYLED_ITEM('',(#1713),#1706);
#1715=ADVANCED_FACE('',(#5642),#5644,.F.);
#1716=COLOUR_RGB('',1.,1.,1.);
#1717=FILL_AREA_STYLE_COLOUR('',#1716);
#1718=FILL_AREA_STYLE($,(#1717));
#1719=SURFACE_STYLE_FILL_AREA(#1718);
#1720=SURFACE_SIDE_STYLE('',(#1719));
#1721=SURFACE_STYLE_USAGE(.BOTH.,#1720);
#1722=PRESENTATION_STYLE_ASSIGNMENT((#1721));
#1723=STYLED_ITEM('',(#1722),#1715);
#1724=ADVANCED_FACE('',(#5649),#5651,.F.);
#1725=COLOUR_RGB('',1.,1.,1.);
#1726=FILL_AREA_STYLE_COLOUR('',#1725);
#1727=FILL_AREA_STYLE($,(#1726));
#1728=SURFACE_STYLE_FILL_AREA(#1727);
#1729=SURFACE_SIDE_STYLE('',(#1728));
#1730=SURFACE_STYLE_USAGE(.BOTH.,#1729);
#1731=PRESENTATION_STYLE_ASSIGNMENT((#1730));
#1732=STYLED_ITEM('',(#1731),#1724);
#1733=ADVANCED_FACE('',(#5656),#5658,.F.);
#1734=COLOUR_RGB('',1.,1.,1.);
#1735=FILL_AREA_STYLE_COLOUR('',#1734);
#1736=FILL_AREA_STYLE($,(#1735));
#1737=SURFACE_STYLE_FILL_AREA(#1736);
#1738=SURFACE_SIDE_STYLE('',(#1737));
#1739=SURFACE_STYLE_USAGE(.BOTH.,#1738);
#1740=PRESENTATION_STYLE_ASSIGNMENT((#1739));
#1741=STYLED_ITEM('',(#1740),#1733);
#1742=ADVANCED_FACE('',(#5663),#5665,.F.);
#1743=COLOUR_RGB('',1.,1.,1.);
#1744=FILL_AREA_STYLE_COLOUR('',#1743);
#1745=FILL_AREA_STYLE($,(#1744));
#1746=SURFACE_STYLE_FILL_AREA(#1745);
#1747=SURFACE_SIDE_STYLE('',(#1746));
#1748=SURFACE_STYLE_USAGE(.BOTH.,#1747);
#1749=PRESENTATION_STYLE_ASSIGNMENT((#1748));
#1750=STYLED_ITEM('',(#1749),#1742);
#1751=ADVANCED_FACE('',(#5670),#5672,.F.);
#1752=COLOUR_RGB('',1.,1.,1.);
#1753=FILL_AREA_STYLE_COLOUR('',#1752);
#1754=FILL_AREA_STYLE($,(#1753));
#1755=SURFACE_STYLE_FILL_AREA(#1754);
#1756=SURFACE_SIDE_STYLE('',(#1755));
#1757=SURFACE_STYLE_USAGE(.BOTH.,#1756);
#1758=PRESENTATION_STYLE_ASSIGNMENT((#1757));
#1759=STYLED_ITEM('',(#1758),#1751);
#1760=ADVANCED_FACE('',(#5677),#5679,.F.);
#1761=COLOUR_RGB('',1.,1.,1.);
#1762=FILL_AREA_STYLE_COLOUR('',#1761);
#1763=FILL_AREA_STYLE($,(#1762));
#1764=SURFACE_STYLE_FILL_AREA(#1763);
#1765=SURFACE_SIDE_STYLE('',(#1764));
#1766=SURFACE_STYLE_USAGE(.BOTH.,#1765);
#1767=PRESENTATION_STYLE_ASSIGNMENT((#1766));
#1768=STYLED_ITEM('',(#1767),#1760);
#1769=FACE_BOUND('',#1770,.T.);
#1770=EDGE_LOOP('',(#5684,#5685,#5686,#5687));
#1771=FACE_BOUND('',#1772,.T.);
#1772=EDGE_LOOP('',(#5688));
#1773=FACE_BOUND('',#1774,.T.);
#1774=EDGE_LOOP('',(#5689));
#1775=FACE_BOUND('',#1776,.T.);
#1776=EDGE_LOOP('',(#5690));
#1777=FACE_BOUND('',#1778,.T.);
#1778=EDGE_LOOP('',(#5691));
#1779=FACE_BOUND('',#1780,.T.);
#1780=EDGE_LOOP('',(#5692));
#1781=FACE_BOUND('',#1782,.T.);
#1782=EDGE_LOOP('',(#5693));
#1783=FACE_BOUND('',#1784,.T.);
#1784=EDGE_LOOP('',(#5694));
#1785=FACE_BOUND('',#1786,.T.);
#1786=EDGE_LOOP('',(#5695));
#1787=FACE_BOUND('',#1788,.T.);
#1788=EDGE_LOOP('',(#5696));
#1789=PLANE('',#1790);
#1790=AXIS2_PLACEMENT_3D('',#1791,#1792,#1793);
#1791=CARTESIAN_POINT('',(0.,5.62339923155296,-26.1928867054085));
#1792=DIRECTION('',(0.,1.,3.94129173741931E-15));
#1793=DIRECTION('',(1.,0.,0.));
#1794=FACE_OUTER_BOUND('',#1795,.T.);
#1795=EDGE_LOOP('',(#5697));
#1796=FACE_OUTER_BOUND('',#1797,.T.);
#1797=EDGE_LOOP('',(#5698));
#1798=TOROIDAL_SURFACE('',#1799,0.850000000000007,0.500000000000002);
#1799=AXIS2_PLACEMENT_3D('',#1800,#1801,#1802);
#1800=CARTESIAN_POINT('',(2.,6.12339923155282,11.5));
#1801=DIRECTION('',(0.,-1.,-3.94129173741931E-15));
#1802=DIRECTION('',(1.,1.781540225128E-29,-4.52019374311662E-15));
#1803=FACE_OUTER_BOUND('',#1804,.T.);
#1804=EDGE_LOOP('',(#5699));
#1805=FACE_OUTER_BOUND('',#1806,.T.);
#1806=EDGE_LOOP('',(#5700));
#1807=TOROIDAL_SURFACE('',#1808,0.850000000000007,0.500000000000002);
#1808=AXIS2_PLACEMENT_3D('',#1809,#1810,#1811);
#1809=CARTESIAN_POINT('',(-2.,6.12339923155282,9.50000000000002));
#1810=DIRECTION('',(0.,-1.,-3.94129173741931E-15));
#1811=DIRECTION('',(1.,1.781540225128E-29,-4.52019374311662E-15));
#1812=FACE_OUTER_BOUND('',#1813,.T.);
#1813=EDGE_LOOP('',(#5701));
#1814=FACE_OUTER_BOUND('',#1815,.T.);
#1815=EDGE_LOOP('',(#5702));
#1816=TOROIDAL_SURFACE('',#1817,0.850000000000007,0.500000000000002);
#1817=AXIS2_PLACEMENT_3D('',#1818,#1819,#1820);
#1818=CARTESIAN_POINT('',(2.22044604925031E-16,6.12339923155282,9.50000000000002));
#1819=DIRECTION('',(0.,-1.,-3.94129173741931E-15));
#1820=DIRECTION('',(1.,1.781540225128E-29,-4.52019374311662E-15));
#1821=FACE_OUTER_BOUND('',#1822,.T.);
#1822=EDGE_LOOP('',(#5703));
#1823=FACE_OUTER_BOUND('',#1824,.T.);
#1824=EDGE_LOOP('',(#5704));
#1825=TOROIDAL_SURFACE('',#1826,0.850000000000007,0.500000000000002);
#1826=AXIS2_PLACEMENT_3D('',#1827,#1828,#1829);
#1827=CARTESIAN_POINT('',(2.,6.12339923155282,9.50000000000002));
#1828=DIRECTION('',(0.,-1.,-3.94129173741931E-15));
#1829=DIRECTION('',(1.,1.781540225128E-29,-4.52019374311662E-15));
#1830=FACE_OUTER_BOUND('',#1831,.T.);
#1831=EDGE_LOOP('',(#5705));
#1832=FACE_OUTER_BOUND('',#1833,.T.);
#1833=EDGE_LOOP('',(#5706));
#1834=TOROIDAL_SURFACE('',#1835,0.850000000000007,0.500000000000002);
#1835=AXIS2_PLACEMENT_3D('',#1836,#1837,#1838);
#1836=CARTESIAN_POINT('',(-2.,6.12339923155283,7.50000000000002));
#1837=DIRECTION('',(0.,-1.,-3.94129173741931E-15));
#1838=DIRECTION('',(1.,1.781540225128E-29,-4.52019374311662E-15));
#1839=FACE_OUTER_BOUND('',#1840,.T.);
#1840=EDGE_LOOP('',(#5707));
#1841=FACE_OUTER_BOUND('',#1842,.T.);
#1842=EDGE_LOOP('',(#5708));
#1843=TOROIDAL_SURFACE('',#1844,0.850000000000007,0.500000000000002);
#1844=AXIS2_PLACEMENT_3D('',#1845,#1846,#1847);
#1845=CARTESIAN_POINT('',(6.66133814775094E-16,6.12339923155283,7.50000000000002));
#1846=DIRECTION('',(0.,-1.,-3.94129173741931E-15));
#1847=DIRECTION('',(1.,1.781540225128E-29,-4.52019374311662E-15));
#1848=FACE_OUTER_BOUND('',#1849,.T.);
#1849=EDGE_LOOP('',(#5709));
#1850=FACE_OUTER_BOUND('',#1851,.T.);
#1851=EDGE_LOOP('',(#5710));
#1852=TOROIDAL_SURFACE('',#1853,0.850000000000007,0.500000000000002);
#1853=AXIS2_PLACEMENT_3D('',#1854,#1855,#1856);
#1854=CARTESIAN_POINT('',(2.,6.12339923155283,7.50000000000002));
#1855=DIRECTION('',(0.,-1.,-3.94129173741931E-15));
#1856=DIRECTION('',(1.,1.781540225128E-29,-4.52019374311662E-15));
#1857=FACE_OUTER_BOUND('',#1858,.T.);
#1858=EDGE_LOOP('',(#5711));
#1859=FACE_OUTER_BOUND('',#1860,.T.);
#1860=EDGE_LOOP('',(#5712));
#1861=TOROIDAL_SURFACE('',#1862,0.850000000000007,0.500000000000002);
#1862=AXIS2_PLACEMENT_3D('',#1863,#1864,#1865);
#1863=CARTESIAN_POINT('',(2.22044604925031E-16,6.12339923155282,11.5));
#1864=DIRECTION('',(0.,-1.,-3.94129173741931E-15));
#1865=DIRECTION('',(1.,1.781540225128E-29,-4.52019374311662E-15));
#1866=FACE_BOUND('',#1867,.T.);
#1867=EDGE_LOOP('',(#5713,#5714,#5715,#5716));
#1868=CYLINDRICAL_SURFACE('',#1869,0.5);
#1869=AXIS2_PLACEMENT_3D('',#1870,#1871,#1872);
#1870=CARTESIAN_POINT('',(-4.,5.12339923155284,6.21028435180216));
#1871=DIRECTION('',(1.,0.,0.));
#1872=DIRECTION('',(0.,0.819152044288993,-0.573576436351045));
#1873=FACE_BOUND('',#1874,.T.);
#1874=EDGE_LOOP('',(#5717,#5718,#5719,#5720));
#1875=PLANE('',#1876);
#1876=AXIS2_PLACEMENT_3D('',#1877,#1878,#1879);
#1877=CARTESIAN_POINT('',(4.,5.62339923155281,14.3071132945915));
#1878=DIRECTION('',(1.,0.,0.));
#1879=DIRECTION('',(0.,3.94129173741931E-15,-1.));
#1880=FACE_BOUND('',#1881,.T.);
#1881=EDGE_LOOP('',(#5721,#5722,#5723,#5724));
#1882=CYLINDRICAL_SURFACE('',#1883,0.5);
#1883=AXIS2_PLACEMENT_3D('',#1884,#1885,#1886);
#1884=CARTESIAN_POINT('',(-4.,5.12339923155281,12.8071132945915));
#1885=DIRECTION('',(1.,0.,0.));
#1886=DIRECTION('',(0.,1.,3.94129173741931E-15));
#1887=FACE_BOUND('',#1888,.T.);
#1888=EDGE_LOOP('',(#5725,#5726,#5727,#5728));
#1889=PLANE('',#1890);
#1890=AXIS2_PLACEMENT_3D('',#1891,#1892,#1893);
#1891=CARTESIAN_POINT('',(-4.,5.62339923155296,-25.9928867054085));
#1892=DIRECTION('',(-1.,0.,0.));
#1893=DIRECTION('',(0.,-3.94129173741931E-15,1.));
#1894=FACE_OUTER_BOUND('',#1895,.T.);
#1895=EDGE_LOOP('',(#5729));
#1896=FACE_OUTER_BOUND('',#1897,.T.);
#1897=EDGE_LOOP('',(#5730));
#1898=TOROIDAL_SURFACE('',#1899,0.850000000000007,0.500000000000002);
#1899=AXIS2_PLACEMENT_3D('',#1900,#1901,#1902);
#1900=CARTESIAN_POINT('',(-2.,6.12339923155282,11.5));
#1901=DIRECTION('',(0.,-1.,-3.94129173741931E-15));
#1902=DIRECTION('',(1.,-2.18785641682395E-30,5.55111512312591E-16));
#1903=FACE_OUTER_BOUND('',#1904,.T.);
#1904=EDGE_LOOP('',(#5731));
#1905=FACE_OUTER_BOUND('',#1906,.T.);
#1906=EDGE_LOOP('',(#5732));
#1907=TOROIDAL_SURFACE('',#1908,0.250000000000005,0.1);
#1908=AXIS2_PLACEMENT_3D('',#1909,#1910,#1911);
#1909=CARTESIAN_POINT('',(2.,6.12339923155281,11.5));
#1910=DIRECTION('',(0.,-1.,-3.94129173741931E-15));
#1911=DIRECTION('',(1.,4.43822301698555E-30,-1.12608335354835E-15));
#1912=FACE_OUTER_BOUND('',#1913,.T.);
#1913=EDGE_LOOP('',(#5733));
#1914=FACE_OUTER_BOUND('',#1915,.T.);
#1915=EDGE_LOOP('',(#5734));
#1916=TOROIDAL_SURFACE('',#1917,0.250000000000005,0.1);
#1917=AXIS2_PLACEMENT_3D('',#1918,#1919,#1920);
#1918=CARTESIAN_POINT('',(-2.,6.12339923155282,9.50000000000002));
#1919=DIRECTION('',(0.,-1.,-3.94129173741931E-15));
#1920=DIRECTION('',(1.,4.43822301698555E-30,-1.12608335354835E-15));
#1921=FACE_OUTER_BOUND('',#1922,.T.);
#1922=EDGE_LOOP('',(#5735));
#1923=FACE_OUTER_BOUND('',#1924,.T.);
#1924=EDGE_LOOP('',(#5736));
#1925=TOROIDAL_SURFACE('',#1926,0.250000000000005,0.1);
#1926=AXIS2_PLACEMENT_3D('',#1927,#1928,#1929);
#1927=CARTESIAN_POINT('',(2.22044604925031E-16,6.12339923155282,9.50000000000002));
#1928=DIRECTION('',(0.,-1.,-3.94129173741931E-15));
#1929=DIRECTION('',(1.,4.43822301698555E-30,-1.12608335354835E-15));
#1930=FACE_OUTER_BOUND('',#1931,.T.);
#1931=EDGE_LOOP('',(#5737));
#1932=FACE_OUTER_BOUND('',#1933,.T.);
#1933=EDGE_LOOP('',(#5738));
#1934=TOROIDAL_SURFACE('',#1935,0.250000000000005,0.1);
#1935=AXIS2_PLACEMENT_3D('',#1936,#1937,#1938);
#1936=CARTESIAN_POINT('',(2.,6.12339923155282,9.50000000000002));
#1937=DIRECTION('',(0.,-1.,-3.94129173741931E-15));
#1938=DIRECTION('',(1.,4.43822301698555E-30,-1.12608335354835E-15));
#1939=FACE_OUTER_BOUND('',#1940,.T.);
#1940=EDGE_LOOP('',(#5739));
#1941=FACE_OUTER_BOUND('',#1942,.T.);
#1942=EDGE_LOOP('',(#5740));
#1943=TOROIDAL_SURFACE('',#1944,0.250000000000005,0.1);
#1944=AXIS2_PLACEMENT_3D('',#1945,#1946,#1947);
#1945=CARTESIAN_POINT('',(-2.,6.12339923155283,7.50000000000002));
#1946=DIRECTION('',(0.,-1.,-3.94129173741931E-15));
#1947=DIRECTION('',(1.,4.43822301698555E-30,-1.12608335354835E-15));
#1948=FACE_OUTER_BOUND('',#1949,.T.);
#1949=EDGE_LOOP('',(#5741));
#1950=FACE_OUTER_BOUND('',#1951,.T.);
#1951=EDGE_LOOP('',(#5742));
#1952=TOROIDAL_SURFACE('',#1953,0.250000000000005,0.1);
#1953=AXIS2_PLACEMENT_3D('',#1954,#1955,#1956);
#1954=CARTESIAN_POINT('',(6.66133814775094E-16,6.12339923155283,7.50000000000002));
#1955=DIRECTION('',(0.,-1.,-3.94129173741931E-15));
#1956=DIRECTION('',(1.,4.43822301698555E-30,-1.12608335354835E-15));
#1957=FACE_OUTER_BOUND('',#1958,.T.);
#1958=EDGE_LOOP('',(#5743));
#1959=FACE_OUTER_BOUND('',#1960,.T.);
#1960=EDGE_LOOP('',(#5744));
#1961=TOROIDAL_SURFACE('',#1962,0.250000000000005,0.1);
#1962=AXIS2_PLACEMENT_3D('',#1963,#1964,#1965);
#1963=CARTESIAN_POINT('',(2.,6.12339923155283,7.50000000000002));
#1964=DIRECTION('',(0.,-1.,-3.94129173741931E-15));
#1965=DIRECTION('',(1.,4.43822301698555E-30,-1.12608335354835E-15));
#1966=FACE_OUTER_BOUND('',#1967,.T.);
#1967=EDGE_LOOP('',(#5745));
#1968=FACE_OUTER_BOUND('',#1969,.T.);
#1969=EDGE_LOOP('',(#5746));
#1970=TOROIDAL_SURFACE('',#1971,0.250000000000005,0.1);
#1971=AXIS2_PLACEMENT_3D('',#1972,#1973,#1974);
#1972=CARTESIAN_POINT('',(2.22044604925031E-16,6.12339923155281,11.5));
#1973=DIRECTION('',(0.,-1.,-3.94129173741931E-15));
#1974=DIRECTION('',(1.,4.43822301698555E-30,-1.12608335354835E-15));
#1975=FACE_BOUND('',#1976,.T.);
#1976=EDGE_LOOP('',(#5747,#5748,#5749,#5750));
#1977=PLANE('',#1978);
#1978=AXIS2_PLACEMENT_3D('',#1979,#1980,#1981);
#1979=CARTESIAN_POINT('',(-4.,5.53297525369733,5.92349613362664));
#1980=DIRECTION('',(-1.,-9.09441460238406E-16,6.36797766019376E-16));
#1981=DIRECTION('',(0.,0.573576436351045,0.819152044288993));
#1982=FACE_BOUND('',#1983,.T.);
#1983=EDGE_LOOP('',(#5751,#5752,#5753,#5754));
#1984=PLANE('',#1985);
#1985=AXIS2_PLACEMENT_3D('',#1986,#1987,#1988);
#1986=CARTESIAN_POINT('',(0.,-12.8214707095361,-20.2893692836211));
#1987=DIRECTION('',(0.,0.819152044288993,-0.573576436351045));
#1988=DIRECTION('',(1.,0.,0.));
#1989=FACE_BOUND('',#1990,.T.);
#1990=EDGE_LOOP('',(#5755,#5756,#5757,#5758));
#1991=PLANE('',#1992);
#1992=AXIS2_PLACEMENT_3D('',#1993,#1994,#1995);
#1993=CARTESIAN_POINT('',(4.,5.86063607141293,5.69406555908622));
#1994=DIRECTION('',(1.,0.,0.));
#1995=DIRECTION('',(0.,0.573576436351045,0.819152044288993));
#1996=FACE_BOUND('',#1997,.T.);
#1997=EDGE_LOOP('',(#5759,#5760,#5761,#5762));
#1998=FACE_BOUND('',#1999,.T.);
#1999=EDGE_LOOP('',(#5763));
#2000=FACE_BOUND('',#2001,.T.);
#2001=EDGE_LOOP('',(#5764));
#2002=FACE_BOUND('',#2003,.T.);
#2003=EDGE_LOOP('',(#5765));
#2004=FACE_BOUND('',#2005,.T.);
#2005=EDGE_LOOP('',(#5766));
#2006=FACE_BOUND('',#2007,.T.);
#2007=EDGE_LOOP('',(#5767));
#2008=FACE_BOUND('',#2009,.T.);
#2009=EDGE_LOOP('',(#5768));
#2010=FACE_BOUND('',#2011,.T.);
#2011=EDGE_LOOP('',(#5769));
#2012=FACE_BOUND('',#2013,.T.);
#2013=EDGE_LOOP('',(#5770));
#2014=FACE_BOUND('',#2015,.T.);
#2015=EDGE_LOOP('',(#5771));
#2016=PLANE('',#2017);
#2017=AXIS2_PLACEMENT_3D('',#2018,#2019,#2020);
#2018=CARTESIAN_POINT('',(0.,6.02339923155296,-26.1928867054085));
#2019=DIRECTION('',(0.,1.,3.94129173741931E-15));
#2020=DIRECTION('',(1.,0.,0.));
#2021=FACE_BOUND('',#2022,.T.);
#2022=EDGE_LOOP('',(#5772,#5773,#5774,#5775));
#2023=PLANE('',#2024);
#2024=AXIS2_PLACEMENT_3D('',#2025,#2026,#2027);
#2025=CARTESIAN_POINT('',(4.,6.02339923155281,12.8071132945915));
#2026=DIRECTION('',(1.,0.,0.));
#2027=DIRECTION('',(0.,-3.94129173741931E-15,1.));
#2028=FACE_BOUND('',#2029,.T.);
#2029=EDGE_LOOP('',(#5776,#5777,#5778,#5779,#5780,#5781));
#2030=PLANE('',#2031);
#2031=AXIS2_PLACEMENT_3D('',#2032,#2033,#2034);
#2032=CARTESIAN_POINT('',(0.,33.4206549308195,-14.7830356234887));
#2033=DIRECTION('',(0.,0.707106781186547,0.707106781186548));
#2034=DIRECTION('',(1.,0.,0.));
#2035=FACE_BOUND('',#2036,.T.);
#2036=EDGE_LOOP('',(#5782,#5783,#5784,#5785));
#2037=PLANE('',#2038);
#2038=AXIS2_PLACEMENT_3D('',#2039,#2040,#2041);
#2039=CARTESIAN_POINT('',(-4.,5.62339923155281,12.8071132945915));
#2040=DIRECTION('',(-1.,-1.11022302462516E-15,7.59278621275224E-30));
#2041=DIRECTION('',(1.784188618755E-45,6.82787160144471E-15,1.));
#2042=FACE_OUTER_BOUND('',#2043,.T.);
#2043=EDGE_LOOP('',(#5786));
#2044=FACE_OUTER_BOUND('',#2045,.T.);
#2045=EDGE_LOOP('',(#5787));
#2046=TOROIDAL_SURFACE('',#2047,0.250000000000005,0.1);
#2047=AXIS2_PLACEMENT_3D('',#2048,#2049,#2050);
#2048=CARTESIAN_POINT('',(-2.,6.12339923155281,11.5));
#2049=DIRECTION('',(0.,-1.,-3.94129173741931E-15));
#2050=DIRECTION('',(1.,4.43822301698555E-30,-1.12608335354835E-15));
#2051=FACE_BOUND('',#2052,.T.);
#2052=EDGE_LOOP('',(#5788));
#2053=PLANE('',#2054);
#2054=AXIS2_PLACEMENT_3D('',#2055,#2056,#2057);
#2055=CARTESIAN_POINT('',(4.,6.22339923155286,2.45282319699809E-14));
#2056=DIRECTION('',(0.,-1.,-3.94129173741931E-15));
#2057=DIRECTION('',(1.,0.,0.));
#2058=FACE_BOUND('',#2059,.T.);
#2059=EDGE_LOOP('',(#5789));
#2060=PLANE('',#2061);
#2061=AXIS2_PLACEMENT_3D('',#2062,#2063,#2064);
#2062=CARTESIAN_POINT('',(2.22044604925031E-16,6.22339923155287,-1.99999999999998));
#2063=DIRECTION('',(0.,-1.,-3.94129173741931E-15));
#2064=DIRECTION('',(1.,0.,0.));
#2065=FACE_BOUND('',#2066,.T.);
#2066=EDGE_LOOP('',(#5790));
#2067=PLANE('',#2068);
#2068=AXIS2_PLACEMENT_3D('',#2069,#2070,#2071);
#2069=CARTESIAN_POINT('',(2.,6.22339923155287,-1.99999999999998));
#2070=DIRECTION('',(0.,-1.,-3.94129173741931E-15));
#2071=DIRECTION('',(1.,0.,0.));
#2072=FACE_BOUND('',#2073,.T.);
#2073=EDGE_LOOP('',(#5791));
#2074=PLANE('',#2075);
#2075=AXIS2_PLACEMENT_3D('',#2076,#2077,#2078);
#2076=CARTESIAN_POINT('',(4.,6.22339923155287,-1.99999999999998));
#2077=DIRECTION('',(0.,-1.,-3.94129173741931E-15));
#2078=DIRECTION('',(1.,0.,0.));
#2079=FACE_BOUND('',#2080,.T.);
#2080=EDGE_LOOP('',(#5792));
#2081=PLANE('',#2082);
#2082=AXIS2_PLACEMENT_3D('',#2083,#2084,#2085);
#2083=CARTESIAN_POINT('',(2.22044604925031E-16,6.22339923155287,-3.99999999999998));
#2084=DIRECTION('',(0.,-1.,-3.94129173741931E-15));
#2085=DIRECTION('',(1.,0.,0.));
#2086=FACE_BOUND('',#2087,.T.);
#2087=EDGE_LOOP('',(#5793));
#2088=PLANE('',#2089);
#2089=AXIS2_PLACEMENT_3D('',#2090,#2091,#2092);
#2090=CARTESIAN_POINT('',(2.,6.22339923155287,-3.99999999999998));
#2091=DIRECTION('',(0.,-1.,-3.94129173741931E-15));
#2092=DIRECTION('',(1.,0.,0.));
#2093=FACE_BOUND('',#2094,.T.);
#2094=EDGE_LOOP('',(#5794));
#2095=PLANE('',#2096);
#2096=AXIS2_PLACEMENT_3D('',#2097,#2098,#2099);
#2097=CARTESIAN_POINT('',(4.,6.22339923155287,-3.99999999999998));
#2098=DIRECTION('',(0.,-1.,-3.94129173741931E-15));
#2099=DIRECTION('',(1.,0.,0.));
#2100=FACE_BOUND('',#2101,.T.);
#2101=EDGE_LOOP('',(#5795));
#2102=PLANE('',#2103);
#2103=AXIS2_PLACEMENT_3D('',#2104,#2105,#2106);
#2104=CARTESIAN_POINT('',(2.,6.22339923155286,2.45282319699809E-14));
#2105=DIRECTION('',(0.,-1.,-3.94129173741931E-15));
#2106=DIRECTION('',(1.,0.,0.));
#2107=FACE_BOUND('',#2108,.T.);
#2108=EDGE_LOOP('',(#5796,#5797,#5798,#5799));
#2109=CYLINDRICAL_SURFACE('',#2110,0.9);
#2110=AXIS2_PLACEMENT_3D('',#2111,#2112,#2113);
#2111=CARTESIAN_POINT('',(4.,5.12339923155284,6.21028435180216));
#2112=DIRECTION('',(-1.,0.,0.));
#2113=DIRECTION('',(0.,0.819152044288993,-0.573576436351045));
#2114=FACE_BOUND('',#2115,.T.);
#2115=EDGE_LOOP('',(#5800,#5801,#5802,#5803));
#2116=PLANE('',#2117);
#2117=AXIS2_PLACEMENT_3D('',#2118,#2119,#2120);
#2118=CARTESIAN_POINT('',(-4.,-12.7067554222659,-20.1255388747633));
#2119=DIRECTION('',(-1.,0.,0.));
#2120=DIRECTION('',(0.,0.573576436351045,0.819152044288993));
#2121=FACE_BOUND('',#2122,.T.);
#2122=EDGE_LOOP('',(#5804,#5805,#5806,#5807));
#2123=CYLINDRICAL_SURFACE('',#2124,0.8);
#2124=AXIS2_PLACEMENT_3D('',#2125,#2126,#2127);
#2125=CARTESIAN_POINT('',(-4.,3.40327442431537,4.27672557568463));
#2126=DIRECTION('',(1.,0.,0.));
#2127=DIRECTION('',(0.,-1.,0.));
#2128=FACE_BOUND('',#2129,.T.);
#2129=EDGE_LOOP('',(#5808,#5809,#5810,#5811));
#2130=PLANE('',#2131);
#2131=AXIS2_PLACEMENT_3D('',#2132,#2133,#2134);
#2132=CARTESIAN_POINT('',(4.,10.4083749626812,12.8862885100831));
#2133=DIRECTION('',(1.,0.,0.));
#2134=DIRECTION('',(0.,-0.573576436351045,-0.819152044288993));
#2135=FACE_BOUND('',#2136,.T.);
#2136=EDGE_LOOP('',(#5812,#5813,#5814,#5815));
#2137=CYLINDRICAL_SURFACE('',#2138,0.9);
#2138=AXIS2_PLACEMENT_3D('',#2139,#2140,#2141);
#2139=CARTESIAN_POINT('',(4.,5.12339923155281,12.8071132945915));
#2140=DIRECTION('',(-1.,0.,0.));
#2141=DIRECTION('',(0.,1.,3.94129173741931E-15));
#2142=FACE_OUTER_BOUND('',#2143,.T.);
#2143=EDGE_LOOP('',(#5816));
#2144=FACE_OUTER_BOUND('',#2145,.T.);
#2145=EDGE_LOOP('',(#5817));
#2146=TOROIDAL_SURFACE('',#2147,0.85,0.1);
#2147=AXIS2_PLACEMENT_3D('',#2148,#2149,#2150);
#2148=CARTESIAN_POINT('',(2.,6.12339923155282,11.5));
#2149=DIRECTION('',(0.,-1.,-3.94129173741931E-15));
#2150=DIRECTION('',(1.,-2.07117074125995E-30,5.25505564989239E-16));
#2151=FACE_OUTER_BOUND('',#2152,.T.);
#2152=EDGE_LOOP('',(#5818));
#2153=FACE_OUTER_BOUND('',#2154,.T.);
#2154=EDGE_LOOP('',(#5819));
#2155=TOROIDAL_SURFACE('',#2156,0.85,0.1);
#2156=AXIS2_PLACEMENT_3D('',#2157,#2158,#2159);
#2157=CARTESIAN_POINT('',(6.66133814775094E-16,6.12339923155283,7.50000000000002));
#2158=DIRECTION('',(0.,-1.,-3.94129173741931E-15));
#2159=DIRECTION('',(1.,-2.07117074125995E-30,5.25505564989239E-16));
#2160=FACE_OUTER_BOUND('',#2161,.T.);
#2161=EDGE_LOOP('',(#5820));
#2162=FACE_OUTER_BOUND('',#2163,.T.);
#2163=EDGE_LOOP('',(#5821));
#2164=TOROIDAL_SURFACE('',#2165,0.85,0.1);
#2165=AXIS2_PLACEMENT_3D('',#2166,#2167,#2168);
#2166=CARTESIAN_POINT('',(2.,6.12339923155283,7.50000000000002));
#2167=DIRECTION('',(0.,-1.,-3.94129173741931E-15));
#2168=DIRECTION('',(1.,-2.07117074125995E-30,5.25505564989239E-16));
#2169=FACE_OUTER_BOUND('',#2170,.T.);
#2170=EDGE_LOOP('',(#5822));
#2171=FACE_OUTER_BOUND('',#2172,.T.);
#2172=EDGE_LOOP('',(#5823));
#2173=TOROIDAL_SURFACE('',#2174,0.85,0.1);
#2174=AXIS2_PLACEMENT_3D('',#2175,#2176,#2177);
#2175=CARTESIAN_POINT('',(2.22044604925031E-16,6.12339923155282,9.50000000000002));
#2176=DIRECTION('',(0.,-1.,-3.94129173741931E-15));
#2177=DIRECTION('',(1.,-2.07117074125995E-30,5.25505564989239E-16));
#2178=FACE_OUTER_BOUND('',#2179,.T.);
#2179=EDGE_LOOP('',(#5824));
#2180=FACE_OUTER_BOUND('',#2181,.T.);
#2181=EDGE_LOOP('',(#5825));
#2182=TOROIDAL_SURFACE('',#2183,0.85,0.1);
#2183=AXIS2_PLACEMENT_3D('',#2184,#2185,#2186);
#2184=CARTESIAN_POINT('',(-2.,6.12339923155283,7.50000000000002));
#2185=DIRECTION('',(0.,-1.,-3.94129173741931E-15));
#2186=DIRECTION('',(1.,-2.07117074125995E-30,5.25505564989239E-16));
#2187=FACE_OUTER_BOUND('',#2188,.T.);
#2188=EDGE_LOOP('',(#5826));
#2189=FACE_OUTER_BOUND('',#2190,.T.);
#2190=EDGE_LOOP('',(#5827));
#2191=TOROIDAL_SURFACE('',#2192,0.85,0.1);
#2192=AXIS2_PLACEMENT_3D('',#2193,#2194,#2195);
#2193=CARTESIAN_POINT('',(2.,6.12339923155282,9.50000000000002));
#2194=DIRECTION('',(0.,-1.,-3.94129173741931E-15));
#2195=DIRECTION('',(1.,-2.07117074125995E-30,5.25505564989239E-16));
#2196=FACE_OUTER_BOUND('',#2197,.T.);
#2197=EDGE_LOOP('',(#5828));
#2198=FACE_OUTER_BOUND('',#2199,.T.);
#2199=EDGE_LOOP('',(#5829));
#2200=TOROIDAL_SURFACE('',#2201,0.85,0.1);
#2201=AXIS2_PLACEMENT_3D('',#2202,#2203,#2204);
#2202=CARTESIAN_POINT('',(2.22044604925031E-16,6.12339923155282,11.5));
#2203=DIRECTION('',(0.,-1.,-3.94129173741931E-15));
#2204=DIRECTION('',(1.,-2.07117074125995E-30,5.25505564989239E-16));
#2205=FACE_OUTER_BOUND('',#2206,.T.);
#2206=EDGE_LOOP('',(#5830));
#2207=FACE_OUTER_BOUND('',#2208,.T.);
#2208=EDGE_LOOP('',(#5831));
#2209=TOROIDAL_SURFACE('',#2210,0.85,0.1);
#2210=AXIS2_PLACEMENT_3D('',#2211,#2212,#2213);
#2211=CARTESIAN_POINT('',(-2.,6.12339923155282,9.50000000000002));
#2212=DIRECTION('',(0.,-1.,-3.94129173741931E-15));
#2213=DIRECTION('',(1.,-2.07117074125995E-30,5.25505564989239E-16));
#2214=FACE_OUTER_BOUND('',#2215,.T.);
#2215=EDGE_LOOP('',(#5832));
#2216=FACE_OUTER_BOUND('',#2217,.T.);
#2217=EDGE_LOOP('',(#5833));
#2218=TOROIDAL_SURFACE('',#2219,0.85,0.1);
#2219=AXIS2_PLACEMENT_3D('',#2220,#2221,#2222);
#2220=CARTESIAN_POINT('',(-2.,6.12339923155282,11.5));
#2221=DIRECTION('',(0.,-1.,-3.94129173741931E-15));
#2222=DIRECTION('',(1.,7.26368330385536E-30,-1.84297022087776E-15));
#2223=FACE_BOUND('',#2224,.T.);
#2224=EDGE_LOOP('',(#5834,#5835,#5836,#5837));
#2225=PLANE('',#2226);
#2226=AXIS2_PLACEMENT_3D('',#2227,#2228,#2229);
#2227=CARTESIAN_POINT('',(4.,4.78283029276433,13.8547890145665));
#2228=DIRECTION('',(1.,0.,0.));
#2229=DIRECTION('',(0.,0.707106781186548,-0.707106781186547));
#2230=FACE_BOUND('',#2231,.T.);
#2231=EDGE_LOOP('',(#5838,#5839,#5840,#5841));
#2232=PLANE('',#2233);
#2233=AXIS2_PLACEMENT_3D('',#2234,#2235,#2236);
#2234=CARTESIAN_POINT('',(-4.,4.78283029276433,13.8547890145665));
#2235=DIRECTION('',(0.,-0.707106781186548,0.707106781186547));
#2236=DIRECTION('',(1.,0.,0.));
#2237=FACE_BOUND('',#2238,.T.);
#2238=EDGE_LOOP('',(#5842,#5843,#5844,#5845));
#2239=PLANE('',#2240);
#2240=AXIS2_PLACEMENT_3D('',#2241,#2242,#2243);
#2241=CARTESIAN_POINT('',(-4.,33.2792335745822,-14.6416142672513));
#2242=DIRECTION('',(-1.,0.,0.));
#2243=DIRECTION('',(0.,-0.707106781186548,0.707106781186547));
#2244=FACE_BOUND('',#2245,.T.);
#2245=EDGE_LOOP('',(#5846));
#2246=PLANE('',#2247);
#2247=AXIS2_PLACEMENT_3D('',#2248,#2249,#2250);
#2248=CARTESIAN_POINT('',(0.,6.22339923155286,2.45282319699809E-14));
#2249=DIRECTION('',(0.,-1.,-3.94129173741931E-15));
#2250=DIRECTION('',(1.,0.,0.));
#2251=FACE_BOUND('',#2252,.T.);
#2252=EDGE_LOOP('',(#5847,#5848,#5849,#5850));
#2253=PLANE('',#2254);
#2254=AXIS2_PLACEMENT_3D('',#2255,#2256,#2257);
#2255=CARTESIAN_POINT('',(0.,-12.4938098918205,-20.5187998581616));
#2256=DIRECTION('',(0.,0.819152044288993,-0.573576436351045));
#2257=DIRECTION('',(1.,0.,0.));
#2258=FACE_BOUND('',#2259,.T.);
#2259=EDGE_LOOP('',(#5851,#5852,#5853,#5854));
#2260=PLANE('',#2261);
#2261=AXIS2_PLACEMENT_3D('',#2262,#2263,#2264);
#2262=CARTESIAN_POINT('',(-4.,2.60327442431537,4.27672557568463));
#2263=DIRECTION('',(-1.,-1.11022302462516E-15,0.));
#2264=DIRECTION('',(0.,0.,-1.));
#2265=FACE_BOUND('',#2266,.T.);
#2266=EDGE_LOOP('',(#5855,#5856,#5857,#5858));
#2267=PLANE('',#2268);
#2268=AXIS2_PLACEMENT_3D('',#2269,#2270,#2271);
#2269=CARTESIAN_POINT('',(0.,2.60327442431537,31.2767255756846));
#2270=DIRECTION('',(0.,-1.,0.));
#2271=DIRECTION('',(1.,0.,0.));
#2272=FACE_BOUND('',#2273,.T.);
#2273=EDGE_LOOP('',(#5859,#5860,#5861,#5862));
#2274=PLANE('',#2275);
#2275=AXIS2_PLACEMENT_3D('',#2276,#2277,#2278);
#2276=CARTESIAN_POINT('',(4.,2.20327442431537,4.27672557568463));
#2277=DIRECTION('',(1.,2.22044604925031E-15,0.));
#2278=DIRECTION('',(0.,0.,-1.));
#2279=FACE_BOUND('',#2280,.T.);
#2280=EDGE_LOOP('',(#5863,#5864,#5865,#5866,#5867,#5868));
#2281=PLANE('',#2282);
#2282=AXIS2_PLACEMENT_3D('',#2283,#2284,#2285);
#2283=CARTESIAN_POINT('',(0.,33.7034976432941,-14.500192911014));
#2284=DIRECTION('',(0.,0.707106781186547,0.707106781186548));
#2285=DIRECTION('',(1.,0.,0.));
#2286=FACE_OUTER_BOUND('',#2287,.T.);
#2287=EDGE_LOOP('',(#5869));
#2288=FACE_OUTER_BOUND('',#2289,.T.);
#2289=EDGE_LOOP('',(#5870));
#2290=DEGENERATE_TOROIDAL_SURFACE('',#2291,0.249999999999998,0.500000000000002,.T.);
#2291=AXIS2_PLACEMENT_3D('',#2292,#2293,#2294);
#2292=CARTESIAN_POINT('',(2.,6.12339923155281,11.5));
#2293=DIRECTION('',(0.,-1.,-3.94129173741931E-15));
#2294=DIRECTION('',(1.,1.03558537062998E-29,-2.62752782494621E-15));
#2295=FACE_OUTER_BOUND('',#2296,.T.);
#2296=EDGE_LOOP('',(#5871));
#2297=FACE_OUTER_BOUND('',#2298,.T.);
#2298=EDGE_LOOP('',(#5872));
#2299=DEGENERATE_TOROIDAL_SURFACE('',#2300,0.249999999999998,0.500000000000002,.T.);
#2300=AXIS2_PLACEMENT_3D('',#2301,#2302,#2303);
#2301=CARTESIAN_POINT('',(6.66133814775094E-16,6.12339923155283,7.50000000000002));
#2302=DIRECTION('',(0.,-1.,-3.94129173741931E-15));
#2303=DIRECTION('',(1.,1.03558537062998E-29,-2.62752782494621E-15));
#2304=FACE_OUTER_BOUND('',#2305,.T.);
#2305=EDGE_LOOP('',(#5873));
#2306=FACE_OUTER_BOUND('',#2307,.T.);
#2307=EDGE_LOOP('',(#5874));
#2308=DEGENERATE_TOROIDAL_SURFACE('',#2309,0.249999999999998,0.500000000000002,.T.);
#2309=AXIS2_PLACEMENT_3D('',#2310,#2311,#2312);
#2310=CARTESIAN_POINT('',(2.,6.12339923155283,7.50000000000002));
#2311=DIRECTION('',(0.,-1.,-3.94129173741931E-15));
#2312=DIRECTION('',(1.,1.03558537062998E-29,-2.62752782494621E-15));
#2313=FACE_OUTER_BOUND('',#2314,.T.);
#2314=EDGE_LOOP('',(#5875));
#2315=FACE_OUTER_BOUND('',#2316,.T.);
#2316=EDGE_LOOP('',(#5876));
#2317=DEGENERATE_TOROIDAL_SURFACE('',#2318,0.249999999999998,0.500000000000002,.T.);
#2318=AXIS2_PLACEMENT_3D('',#2319,#2320,#2321);
#2319=CARTESIAN_POINT('',(2.22044604925031E-16,6.12339923155282,9.50000000000002));
#2320=DIRECTION('',(0.,-1.,-3.94129173741931E-15));
#2321=DIRECTION('',(1.,1.03558537062998E-29,-2.62752782494621E-15));
#2322=FACE_OUTER_BOUND('',#2323,.T.);
#2323=EDGE_LOOP('',(#5877));
#2324=FACE_OUTER_BOUND('',#2325,.T.);
#2325=EDGE_LOOP('',(#5878));
#2326=DEGENERATE_TOROIDAL_SURFACE('',#2327,0.249999999999998,0.500000000000002,.T.);
#2327=AXIS2_PLACEMENT_3D('',#2328,#2329,#2330);
#2328=CARTESIAN_POINT('',(-2.,6.12339923155283,7.50000000000002));
#2329=DIRECTION('',(0.,-1.,-3.94129173741931E-15));
#2330=DIRECTION('',(1.,1.03558537062998E-29,-2.62752782494621E-15));
#2331=FACE_OUTER_BOUND('',#2332,.T.);
#2332=EDGE_LOOP('',(#5879));
#2333=FACE_OUTER_BOUND('',#2334,.T.);
#2334=EDGE_LOOP('',(#5880));
#2335=DEGENERATE_TOROIDAL_SURFACE('',#2336,0.249999999999998,0.500000000000002,.T.);
#2336=AXIS2_PLACEMENT_3D('',#2337,#2338,#2339);
#2337=CARTESIAN_POINT('',(2.,6.12339923155282,9.50000000000002));
#2338=DIRECTION('',(0.,-1.,-3.94129173741931E-15));
#2339=DIRECTION('',(1.,1.03558537062998E-29,-2.62752782494621E-15));
#2340=FACE_OUTER_BOUND('',#2341,.T.);
#2341=EDGE_LOOP('',(#5881));
#2342=FACE_OUTER_BOUND('',#2343,.T.);
#2343=EDGE_LOOP('',(#5882));
#2344=DEGENERATE_TOROIDAL_SURFACE('',#2345,0.249999999999998,0.500000000000002,.T.);
#2345=AXIS2_PLACEMENT_3D('',#2346,#2347,#2348);
#2346=CARTESIAN_POINT('',(2.22044604925031E-16,6.12339923155281,11.5));
#2347=DIRECTION('',(0.,-1.,-3.94129173741931E-15));
#2348=DIRECTION('',(1.,1.03558537062998E-29,-2.62752782494621E-15));
#2349=FACE_OUTER_BOUND('',#2350,.T.);
#2350=EDGE_LOOP('',(#5883));
#2351=FACE_OUTER_BOUND('',#2352,.T.);
#2352=EDGE_LOOP('',(#5884));
#2353=DEGENERATE_TOROIDAL_SURFACE('',#2354,0.249999999999998,0.500000000000002,.T.);
#2354=AXIS2_PLACEMENT_3D('',#2355,#2356,#2357);
#2355=CARTESIAN_POINT('',(-2.,6.12339923155282,9.50000000000002));
#2356=DIRECTION('',(0.,-1.,-3.94129173741931E-15));
#2357=DIRECTION('',(1.,1.03558537062998E-29,-2.62752782494621E-15));
#2358=FACE_OUTER_BOUND('',#2359,.T.);
#2359=EDGE_LOOP('',(#5885));
#2360=FACE_OUTER_BOUND('',#2361,.T.);
#2361=EDGE_LOOP('',(#5886));
#2362=DEGENERATE_TOROIDAL_SURFACE('',#2363,0.249999999999998,0.500000000000002,.T.);
#2363=AXIS2_PLACEMENT_3D('',#2364,#2365,#2366);
#2364=CARTESIAN_POINT('',(-2.,6.12339923155281,11.5));
#2365=DIRECTION('',(0.,-1.,-3.94129173741931E-15));
#2366=DIRECTION('',(1.,1.03558537062998E-29,-2.62752782494621E-15));
#2367=FACE_BOUND('',#2368,.T.);
#2368=EDGE_LOOP('',(#5887,#5888,#5889,#5890));
#2369=CYLINDRICAL_SURFACE('',#2370,1.2);
#2370=AXIS2_PLACEMENT_3D('',#2371,#2372,#2373);
#2371=CARTESIAN_POINT('',(4.,3.40327442431537,4.27672557568463));
#2372=DIRECTION('',(-1.,0.,0.));
#2373=DIRECTION('',(0.,-1.,0.));
#2374=FACE_BOUND('',#2375,.T.);
#2375=EDGE_LOOP('',(#5891,#5892,#5893,#5894));
#2376=PLANE('',#2377);
#2377=AXIS2_PLACEMENT_3D('',#2378,#2379,#2380);
#2378=CARTESIAN_POINT('',(-4.,2.60327442431537,31.0767255756846));
#2379=DIRECTION('',(-1.,0.,0.));
#2380=DIRECTION('',(0.,0.,-1.));
#2381=FACE_BOUND('',#2382,.T.);
#2382=EDGE_LOOP('',(#5895,#5896,#5897,#5898));
#2383=CYLINDRICAL_SURFACE('',#2384,0.9);
#2384=AXIS2_PLACEMENT_3D('',#2385,#2386,#2387);
#2385=CARTESIAN_POINT('',(-4.,1.70327442431537,14.));
#2386=DIRECTION('',(-1.,0.,0.));
#2387=DIRECTION('',(0.,0.,1.));
#2388=FACE_BOUND('',#2389,.T.);
#2389=EDGE_LOOP('',(#5899,#5900,#5901,#5902));
#2390=PLANE('',#2391);
#2391=AXIS2_PLACEMENT_3D('',#2392,#2393,#2394);
#2392=CARTESIAN_POINT('',(4.,2.60327442431537,-9.22327442431537));
#2393=DIRECTION('',(1.,0.,0.));
#2394=DIRECTION('',(0.,0.,1.));
#2395=FACE_BOUND('',#2396,.T.);
#2396=EDGE_LOOP('',(#5903));
#2397=PLANE('',#2398);
#2398=AXIS2_PLACEMENT_3D('',#2399,#2400,#2401);
#2399=CARTESIAN_POINT('',(4.,6.62339923155286,2.61047486649487E-14));
#2400=DIRECTION('',(0.,-1.,-3.94129173741931E-15));
#2401=DIRECTION('',(1.,0.,0.));
#2402=FACE_BOUND('',#2403,.T.);
#2403=EDGE_LOOP('',(#5904));
#2404=PLANE('',#2405);
#2405=AXIS2_PLACEMENT_3D('',#2406,#2407,#2408);
#2406=CARTESIAN_POINT('',(2.,6.62339923155288,-3.99999999999997));
#2407=DIRECTION('',(0.,-1.,-3.94129173741931E-15));
#2408=DIRECTION('',(1.,0.,0.));
#2409=FACE_BOUND('',#2410,.T.);
#2410=EDGE_LOOP('',(#5905));
#2411=PLANE('',#2412);
#2412=AXIS2_PLACEMENT_3D('',#2413,#2414,#2415);
#2413=CARTESIAN_POINT('',(4.,6.62339923155288,-3.99999999999997));
#2414=DIRECTION('',(0.,-1.,-3.94129173741931E-15));
#2415=DIRECTION('',(1.,0.,0.));
#2416=FACE_BOUND('',#2417,.T.);
#2417=EDGE_LOOP('',(#5906));
#2418=PLANE('',#2419);
#2419=AXIS2_PLACEMENT_3D('',#2420,#2421,#2422);
#2420=CARTESIAN_POINT('',(2.,6.62339923155287,-1.99999999999997));
#2421=DIRECTION('',(0.,-1.,-3.94129173741931E-15));
#2422=DIRECTION('',(1.,0.,0.));
#2423=FACE_BOUND('',#2424,.T.);
#2424=EDGE_LOOP('',(#5907));
#2425=PLANE('',#2426);
#2426=AXIS2_PLACEMENT_3D('',#2427,#2428,#2429);
#2427=CARTESIAN_POINT('',(2.22044604925031E-16,6.62339923155288,-3.99999999999997));
#2428=DIRECTION('',(0.,-1.,-3.94129173741931E-15));
#2429=DIRECTION('',(1.,0.,0.));
#2430=FACE_BOUND('',#2431,.T.);
#2431=EDGE_LOOP('',(#5908));
#2432=PLANE('',#2433);
#2433=AXIS2_PLACEMENT_3D('',#2434,#2435,#2436);
#2434=CARTESIAN_POINT('',(4.,6.62339923155287,-1.99999999999997));
#2435=DIRECTION('',(0.,-1.,-3.94129173741931E-15));
#2436=DIRECTION('',(1.,0.,0.));
#2437=FACE_BOUND('',#2438,.T.);
#2438=EDGE_LOOP('',(#5909));
#2439=PLANE('',#2440);
#2440=AXIS2_PLACEMENT_3D('',#2441,#2442,#2443);
#2441=CARTESIAN_POINT('',(2.,6.62339923155286,2.61047486649487E-14));
#2442=DIRECTION('',(0.,-1.,-3.94129173741931E-15));
#2443=DIRECTION('',(1.,0.,0.));
#2444=FACE_BOUND('',#2445,.T.);
#2445=EDGE_LOOP('',(#5910));
#2446=PLANE('',#2447);
#2447=AXIS2_PLACEMENT_3D('',#2448,#2449,#2450);
#2448=CARTESIAN_POINT('',(2.22044604925031E-16,6.62339923155287,-1.99999999999997));
#2449=DIRECTION('',(0.,-1.,-3.94129173741931E-15));
#2450=DIRECTION('',(1.,0.,0.));
#2451=FACE_BOUND('',#2452,.T.);
#2452=EDGE_LOOP('',(#5911));
#2453=PLANE('',#2454);
#2454=AXIS2_PLACEMENT_3D('',#2455,#2456,#2457);
#2455=CARTESIAN_POINT('',(0.,6.62339923155286,2.61047486649487E-14));
#2456=DIRECTION('',(0.,-1.,-3.94129173741931E-15));
#2457=DIRECTION('',(1.,0.,0.));
#2458=FACE_BOUND('',#2459,.T.);
#2459=EDGE_LOOP('',(#5912,#5913,#5914,#5915));
#2460=PLANE('',#2461);
#2461=AXIS2_PLACEMENT_3D('',#2462,#2463,#2464);
#2462=CARTESIAN_POINT('',(0.,2.20327442431537,31.2767255756846));
#2463=DIRECTION('',(0.,-1.,0.));
#2464=DIRECTION('',(1.,0.,0.));
#2465=FACE_BOUND('',#2466,.T.);
#2466=EDGE_LOOP('',(#5916,#5917,#5918,#5919));
#2467=PLANE('',#2468);
#2468=AXIS2_PLACEMENT_3D('',#2469,#2470,#2471);
#2469=CARTESIAN_POINT('',(-4.,1.70327442431537,14.9));
#2470=DIRECTION('',(-1.,0.,0.));
#2471=DIRECTION('',(0.,1.,0.));
#2472=FACE_BOUND('',#2473,.T.);
#2473=EDGE_LOOP('',(#5920,#5921,#5922,#5923));
#2474=PLANE('',#2475);
#2475=AXIS2_PLACEMENT_3D('',#2476,#2477,#2478);
#2476=CARTESIAN_POINT('',(0.,-14.5367255756846,14.9));
#2477=DIRECTION('',(0.,0.,-1.));
#2478=DIRECTION('',(1.,0.,0.));
#2479=FACE_BOUND('',#2480,.T.);
#2480=EDGE_LOOP('',(#5924,#5925,#5926,#5927));
#2481=PLANE('',#2482);
#2482=AXIS2_PLACEMENT_3D('',#2483,#2484,#2485);
#2483=CARTESIAN_POINT('',(4.,1.70327442431537,14.5));
#2484=DIRECTION('',(1.,0.,0.));
#2485=DIRECTION('',(0.,1.,0.));
#2486=FACE_BOUND('',#2487,.T.);
#2487=EDGE_LOOP('',(#5928,#5929,#5930,#5931));
#2488=CYLINDRICAL_SURFACE('',#2489,0.5);
#2489=AXIS2_PLACEMENT_3D('',#2490,#2491,#2492);
#2490=CARTESIAN_POINT('',(4.,1.70327442431537,14.));
#2491=DIRECTION('',(1.,0.,0.));
#2492=DIRECTION('',(0.,0.,1.));
#2493=FACE_BOUND('',#2494,.T.);
#2494=EDGE_LOOP('',(#5932,#5933,#5934,#5935));
#2495=PLANE('',#2496);
#2496=AXIS2_PLACEMENT_3D('',#2497,#2498,#2499);
#2497=CARTESIAN_POINT('',(-4.,-14.3367255756846,14.9));
#2498=DIRECTION('',(-1.,0.,0.));
#2499=DIRECTION('',(0.,1.,0.));
#2500=FACE_BOUND('',#2501,.T.);
#2501=EDGE_LOOP('',(#5936,#5937,#5938,#5939));
#2502=CYLINDRICAL_SURFACE('',#2503,0.9);
#2503=AXIS2_PLACEMENT_3D('',#2504,#2505,#2506);
#2504=CARTESIAN_POINT('',(-4.,0.5,14.));
#2505=DIRECTION('',(-1.,0.,0.));
#2506=DIRECTION('',(0.,-1.,0.));
#2507=FACE_BOUND('',#2508,.T.);
#2508=EDGE_LOOP('',(#5940,#5941,#5942,#5943));
#2509=PLANE('',#2510);
#2510=AXIS2_PLACEMENT_3D('',#2511,#2512,#2513);
#2511=CARTESIAN_POINT('',(4.,25.9632744243154,14.9));
#2512=DIRECTION('',(1.,0.,0.));
#2513=DIRECTION('',(0.,-1.,0.));
#2514=FACE_BOUND('',#2515,.T.);
#2515=EDGE_LOOP('',(#5944,#5945,#5946,#5947));
#2516=PLANE('',#2517);
#2517=AXIS2_PLACEMENT_3D('',#2518,#2519,#2520);
#2518=CARTESIAN_POINT('',(0.,-14.5367255756846,14.5));
#2519=DIRECTION('',(0.,0.,-1.));
#2520=DIRECTION('',(1.,0.,0.));
#2521=FACE_BOUND('',#2522,.T.);
#2522=EDGE_LOOP('',(#5948,#5949,#5950,#5951));
#2523=PLANE('',#2524);
#2524=AXIS2_PLACEMENT_3D('',#2525,#2526,#2527);
#2525=CARTESIAN_POINT('',(-4.,-0.4,14.));
#2526=DIRECTION('',(-1.,0.,0.));
#2527=DIRECTION('',(0.,-2.69144975666705E-15,1.));
#2528=FACE_BOUND('',#2529,.T.);
#2529=EDGE_LOOP('',(#5952,#5953,#5954,#5955,#5956,#5957,#5958,#5959));
#2530=PLANE('',#2531);
#2531=AXIS2_PLACEMENT_3D('',#2532,#2533,#2534);
#2532=CARTESIAN_POINT('',(0.,-0.4,0.));
#2533=DIRECTION('',(0.,1.,0.));
#2534=DIRECTION('',(1.,0.,0.));
#2535=FACE_BOUND('',#2536,.T.);
#2536=EDGE_LOOP('',(#5960,#5961,#5962,#5963));
#2537=PLANE('',#2538);
#2538=AXIS2_PLACEMENT_3D('',#2539,#2540,#2541);
#2539=CARTESIAN_POINT('',(4.,0.,14.));
#2540=DIRECTION('',(1.,0.,0.));
#2541=DIRECTION('',(0.,0.,1.));
#2542=FACE_BOUND('',#2543,.T.);
#2543=EDGE_LOOP('',(#5964,#5965,#5966,#5967));
#2544=CYLINDRICAL_SURFACE('',#2545,0.5);
#2545=AXIS2_PLACEMENT_3D('',#2546,#2547,#2548);
#2546=CARTESIAN_POINT('',(4.,0.5,14.));
#2547=DIRECTION('',(1.,0.,0.));
#2548=DIRECTION('',(0.,-1.,0.));
#2549=FACE_BOUND('',#2550,.T.);
#2550=EDGE_LOOP('',(#5968,#5969,#5970,#5971));
#2551=PLANE('',#2552);
#2552=AXIS2_PLACEMENT_3D('',#2553,#2554,#2555);
#2553=CARTESIAN_POINT('',(-4.,-0.4,0.2));
#2554=DIRECTION('',(-1.,0.,0.));
#2555=DIRECTION('',(0.,0.,1.));
#2556=FACE_BOUND('',#2557,.T.);
#2557=EDGE_LOOP('',(#5972,#5973,#5974,#5975));
#2558=CYLINDRICAL_SURFACE('',#2559,0.4);
#2559=AXIS2_PLACEMENT_3D('',#2560,#2561,#2562);
#2560=CARTESIAN_POINT('',(3.,-0.8,-5.1676392725965E-16));
#2561=DIRECTION('',(-1.,0.,1.72254642419883E-16));
#2562=DIRECTION('',(0.,1.,0.));
#2563=FACE_BOUND('',#2564,.T.);
#2564=EDGE_LOOP('',(#5976,#5977,#5978,#5979));
#2565=PLANE('',#2566);
#2566=AXIS2_PLACEMENT_3D('',#2567,#2568,#2569);
#2567=CARTESIAN_POINT('',(3.,-0.4,0.2));
#2568=DIRECTION('',(1.,0.,0.));
#2569=DIRECTION('',(0.,0.,-1.));
#2570=FACE_BOUND('',#2571,.T.);
#2571=EDGE_LOOP('',(#5980,#5981,#5982,#5983));
#2572=PLANE('',#2573);
#2573=AXIS2_PLACEMENT_3D('',#2574,#2575,#2576);
#2574=CARTESIAN_POINT('',(4.,-0.4,0.2));
#2575=DIRECTION('',(5.55111512312578E-17,0.,-1.));
#2576=DIRECTION('',(-1.,0.,-5.55111512312578E-17));
#2577=FACE_BOUND('',#2578,.T.);
#2578=EDGE_LOOP('',(#5984,#5985,#5986,#5987));
#2579=PLANE('',#2580);
#2580=AXIS2_PLACEMENT_3D('',#2581,#2582,#2583);
#2581=CARTESIAN_POINT('',(4.,-0.4,40.5));
#2582=DIRECTION('',(1.,0.,0.));
#2583=DIRECTION('',(0.,0.,-1.));
#2584=FACE_BOUND('',#2585,.T.);
#2585=EDGE_LOOP('',(#5988,#5989,#5990,#5991));
#2586=PLANE('',#2587);
#2587=AXIS2_PLACEMENT_3D('',#2588,#2589,#2590);
#2588=CARTESIAN_POINT('',(-3.,-0.4,0.2));
#2589=DIRECTION('',(5.55111512312578E-17,0.,-1.));
#2590=DIRECTION('',(-1.,0.,-5.55111512312578E-17));
#2591=FACE_BOUND('',#2592,.T.);
#2592=EDGE_LOOP('',(#5992,#5993,#5994,#5995));
#2593=PLANE('',#2594);
#2594=AXIS2_PLACEMENT_3D('',#2595,#2596,#2597);
#2595=CARTESIAN_POINT('',(-3.,-0.4,-1.));
#2596=DIRECTION('',(-1.,0.,0.));
#2597=DIRECTION('',(0.,0.,1.));
#2598=FACE_BOUND('',#2599,.T.);
#2599=EDGE_LOOP('',(#5996,#5997,#5998,#5999,#6000,#6001,#6002,#6003));
#2600=PLANE('',#2601);
#2601=AXIS2_PLACEMENT_3D('',#2602,#2603,#2604);
#2602=CARTESIAN_POINT('',(0.,0.,0.));
#2603=DIRECTION('',(0.,1.,0.));
#2604=DIRECTION('',(1.,0.,0.));
#2605=FACE_BOUND('',#2606,.T.);
#2606=EDGE_LOOP('',(#6004,#6005,#6006,#6007,#6008,#6009,#6010,#6011));
#2607=FACE_BOUND('',#2608,.T.);
#2608=EDGE_LOOP('',(#6012,#6013,#6014,#6015));
#2609=PLANE('',#2610);
#2610=AXIS2_PLACEMENT_3D('',#2611,#2612,#2613);
#2611=CARTESIAN_POINT('',(6.89018569679533E-17,0.0796459430051422,-0.4));
#2612=DIRECTION('',(-1.72254642419883E-16,-1.60812264967664E-16,-1.));
#2613=DIRECTION('',(1.,1.77635683940025E-16,-1.72254642419883E-16));
#2614=FACE_BOUND('',#2615,.T.);
#2615=EDGE_LOOP('',(#6016,#6017,#6018,#6019));
#2616=PLANE('',#2617);
#2617=AXIS2_PLACEMENT_3D('',#2618,#2619,#2620);
#2618=CARTESIAN_POINT('',(3.,-0.4,-5.24329648286292E-16));
#2619=DIRECTION('',(1.,1.11022302462516E-15,-8.79044571633998E-16));
#2620=DIRECTION('',(-8.79044571633998E-16,-1.89143025666057E-17,-1.));
#2621=FACE_BOUND('',#2622,.T.);
#2622=EDGE_LOOP('',(#6020,#6021,#6022,#6023));
#2623=PLANE('',#2624);
#2624=AXIS2_PLACEMENT_3D('',#2625,#2626,#2627);
#2625=CARTESIAN_POINT('',(-3.,0.,6.11197013929017E-16));
#2626=DIRECTION('',(-1.,-2.03331719710472E-32,1.72254642419883E-16));
#2627=DIRECTION('',(-1.72254642419883E-16,1.18041358336709E-16,-1.));
#2628=FACE_BOUND('',#2629,.T.);
#2629=EDGE_LOOP('',(#6024,#6025,#6026,#6027));
#2630=CYLINDRICAL_SURFACE('',#2631,0.8);
#2631=AXIS2_PLACEMENT_3D('',#2632,#2633,#2634);
#2632=CARTESIAN_POINT('',(-3.,-0.8,5.1676392725965E-16));
#2633=DIRECTION('',(1.,0.,-1.72254642419883E-16));
#2634=DIRECTION('',(0.,1.,0.));
#2635=FACE_BOUND('',#2636,.T.);
#2636=EDGE_LOOP('',(#6028,#6029,#6030,#6031));
#2637=PLANE('',#2638);
#2638=AXIS2_PLACEMENT_3D('',#2639,#2640,#2641);
#2639=CARTESIAN_POINT('',(-3.,-0.920354056994858,-0.399999999999999));
#2640=DIRECTION('',(-1.,-1.77635683940025E-16,1.72254642419883E-16));
#2641=DIRECTION('',(-1.77635683940025E-16,1.,-1.60812264967664E-16));
#2642=FACE_BOUND('',#2643,.T.);
#2643=EDGE_LOOP('',(#6032,#6033,#6034,#6035));
#2644=PLANE('',#2645);
#2645=AXIS2_PLACEMENT_3D('',#2646,#2647,#2648);
#2646=CARTESIAN_POINT('',(-4.,-0.920354056994859,-0.399999999999999));
#2647=DIRECTION('',(-3.99680288865057E-16,1.,-1.60812264967664E-16));
#2648=DIRECTION('',(1.,3.99680288865057E-16,-1.72254642419883E-16));
#2649=FACE_BOUND('',#2650,.T.);
#2650=EDGE_LOOP('',(#6036,#6037,#6038,#6039));
#2651=PLANE('',#2652);
#2652=AXIS2_PLACEMENT_3D('',#2653,#2654,#2655);
#2653=CARTESIAN_POINT('',(-4.,-6.32035405699486,-0.399999999999998));
#2654=DIRECTION('',(-1.,-1.77635683940025E-16,1.72254642419883E-16));
#2655=DIRECTION('',(-1.77635683940025E-16,1.,-1.60812264967664E-16));
#2656=FACE_BOUND('',#2657,.T.);
#2657=EDGE_LOOP('',(#6040,#6041,#6042,#6043));
#2658=PLANE('',#2659);
#2659=AXIS2_PLACEMENT_3D('',#2660,#2661,#2662);
#2660=CARTESIAN_POINT('',(4.,-6.32035405699486,-0.4));
#2661=DIRECTION('',(1.77635683940025E-16,-1.,1.60812264967664E-16));
#2662=DIRECTION('',(-1.,-1.77635683940025E-16,1.72254642419883E-16));
#2663=FACE_BOUND('',#2664,.T.);
#2664=EDGE_LOOP('',(#6044,#6045,#6046,#6047));
#2665=PLANE('',#2666);
#2666=AXIS2_PLACEMENT_3D('',#2667,#2668,#2669);
#2667=CARTESIAN_POINT('',(4.,-0.920354056994857,-0.400000000000001));
#2668=DIRECTION('',(1.,3.42113169069678E-16,-1.72254642419883E-16));
#2669=DIRECTION('',(3.42113169069678E-16,-1.,1.60812264967664E-16));
#2670=FACE_BOUND('',#2671,.T.);
#2671=EDGE_LOOP('',(#6048,#6049,#6050,#6051));
#2672=PLANE('',#2673);
#2673=AXIS2_PLACEMENT_3D('',#2674,#2675,#2676);
#2674=CARTESIAN_POINT('',(3.,-0.920354056994857,-0.4));
#2675=DIRECTION('',(-2.88657986402541E-16,1.,-1.60812264967664E-16));
#2676=DIRECTION('',(1.,2.88657986402541E-16,-1.72254642419883E-16));
#2677=FACE_BOUND('',#2678,.T.);
#2678=EDGE_LOOP('',(#6052,#6053,#6054,#6055));
#2679=PLANE('',#2680);
#2680=AXIS2_PLACEMENT_3D('',#2681,#2682,#2683);
#2681=CARTESIAN_POINT('',(3.,0.279645943005143,-0.400000000000001));
#2682=DIRECTION('',(1.,1.77635683940025E-16,-1.72254642419883E-16));
#2683=DIRECTION('',(1.77635683940025E-16,-1.,1.60812264967664E-16));
#2684=FACE_BOUND('',#2685,.T.);
#2685=EDGE_LOOP('',(#6056,#6057,#6058,#6059));
#2686=PLANE('',#2687);
#2687=AXIS2_PLACEMENT_3D('',#2688,#2689,#2690);
#2688=CARTESIAN_POINT('',(0.500000000000001,-4.62035405699486,-0.399999999999999));
#2689=DIRECTION('',(1.77635683940025E-16,-1.,1.60812264967664E-16));
#2690=DIRECTION('',(-1.,-1.77635683940025E-16,1.72254642419883E-16));
#2691=FACE_BOUND('',#2692,.T.);
#2692=EDGE_LOOP('',(#6060,#6061,#6062,#6063));
#2693=CYLINDRICAL_SURFACE('',#2694,0.7);
#2694=AXIS2_PLACEMENT_3D('',#2695,#2696,#2697);
#2695=CARTESIAN_POINT('',(-0.499999999999999,-3.92035405699486,-0.399999999999999));
#2696=DIRECTION('',(-1.72254642419883E-16,-1.60812264967664E-16,-1.));
#2697=DIRECTION('',(6.53445551636521E-16,-1.,1.60812264967664E-16));
#2698=FACE_BOUND('',#2699,.T.);
#2699=EDGE_LOOP('',(#6064,#6065,#6066,#6067));
#2700=PLANE('',#2701);
#2701=AXIS2_PLACEMENT_3D('',#2702,#2703,#2704);
#2702=CARTESIAN_POINT('',(-0.499999999999999,-3.22035405699486,-0.399999999999999));
#2703=DIRECTION('',(-1.77635683940025E-16,1.,-1.60812264967664E-16));
#2704=DIRECTION('',(1.,1.77635683940025E-16,-1.72254642419883E-16));
#2705=FACE_BOUND('',#2706,.T.);
#2706=EDGE_LOOP('',(#6068,#6069,#6070,#6071));
#2707=CYLINDRICAL_SURFACE('',#2708,0.7);
#2708=AXIS2_PLACEMENT_3D('',#2709,#2710,#2711);
#2709=CARTESIAN_POINT('',(0.500000000000001,-3.92035405699486,-0.4));
#2710=DIRECTION('',(-1.72254642419883E-16,-1.60812264967664E-16,-1.));
#2711=DIRECTION('',(-3.3623897317219E-16,1.,-1.60812264967664E-16));
#2712=FACE_BOUND('',#2713,.T.);
#2713=EDGE_LOOP('',(#6072,#6073,#6074,#6075,#6076,#6077,#6078,#6079));
#2714=FACE_BOUND('',#2715,.T.);
#2715=EDGE_LOOP('',(#6080,#6081,#6082,#6083));
#2716=PLANE('',#2717);
#2717=AXIS2_PLACEMENT_3D('',#2718,#2719,#2720);
#2718=CARTESIAN_POINT('',(0.,0.0796459430051422,-0.8));
#2719=DIRECTION('',(-1.72254642419883E-16,-1.60812264967664E-16,-1.));
#2720=DIRECTION('',(1.,1.77635683940025E-16,-1.72254642419883E-16));
#2721=FACE_BOUND('',#2722,.T.);
#2722=EDGE_LOOP('',(#6084,#6085,#6086,#6087));
#2723=CYLINDRICAL_SURFACE('',#2724,0.6);
#2724=AXIS2_PLACEMENT_3D('',#2725,#2726,#2727);
#2725=CARTESIAN_POINT('',(3.4,3.51003808662855,11.7334686710069));
#2726=DIRECTION('',(0.,-0.707106781186547,-0.707106781186548));
#2727=DIRECTION('',(1.,3.70074341541719E-16,-3.70074341541719E-16));
#2728=FACE_BOUND('',#2729,.T.);
#2729=EDGE_LOOP('',(#6088,#6089,#6090,#6091));
#2730=CYLINDRICAL_SURFACE('',#2731,0.6);
#2731=AXIS2_PLACEMENT_3D('',#2732,#2733,#2734);
#2732=CARTESIAN_POINT('',(-3.4,3.51003808662852,11.7334686710068));
#2733=DIRECTION('',(0.,-0.707106781186547,-0.707106781186548));
#2734=DIRECTION('',(7.40148683083441E-16,-0.707106781186548,0.707106781186547));
#2735=FACE_BOUND('',#2736,.T.);
#2736=EDGE_LOOP('',(#6092,#6093,#6094,#6095,#6096,#6097,#6098,#6099));
#2737=PLANE('',#2738);
#2738=AXIS2_PLACEMENT_3D('',#2739,#2740,#2741);
#2739=CARTESIAN_POINT('',(0.,-0.4,0.));
#2740=DIRECTION('',(0.,1.,0.));
#2741=DIRECTION('',(1.,0.,0.));
#2742=FACE_BOUND('',#2743,.T.);
#2743=EDGE_LOOP('',(#6100,#6101,#6102,#6103));
#2744=PLANE('',#2745);
#2745=AXIS2_PLACEMENT_3D('',#2746,#2747,#2748);
#2746=CARTESIAN_POINT('',(-3.,-0.4,-1.));
#2747=DIRECTION('',(-1.,0.,-3.70074341541719E-16));
#2748=DIRECTION('',(-3.70074341541719E-16,0.,1.));
#2749=FACE_BOUND('',#2750,.T.);
#2750=EDGE_LOOP('',(#6104,#6105,#6106,#6107));
#2751=PLANE('',#2752);
#2752=AXIS2_PLACEMENT_3D('',#2753,#2754,#2755);
#2753=CARTESIAN_POINT('',(-3.,-0.4,0.2));
#2754=DIRECTION('',(0.,0.,-1.));
#2755=DIRECTION('',(-1.,0.,0.));
#2756=FACE_BOUND('',#2757,.T.);
#2757=EDGE_LOOP('',(#6108,#6109,#6110,#6111));
#2758=PLANE('',#2759);
#2759=AXIS2_PLACEMENT_3D('',#2760,#2761,#2762);
#2760=CARTESIAN_POINT('',(-4.,-0.4,0.2));
#2761=DIRECTION('',(-1.,0.,0.));
#2762=DIRECTION('',(0.,0.,1.));
#2763=FACE_BOUND('',#2764,.T.);
#2764=EDGE_LOOP('',(#6112,#6113,#6114,#6115));
#2765=CYLINDRICAL_SURFACE('',#2766,0.9);
#2766=AXIS2_PLACEMENT_3D('',#2767,#2768,#2769);
#2767=CARTESIAN_POINT('',(-4.,0.5,14.));
#2768=DIRECTION('',(-1.,0.,0.));
#2769=DIRECTION('',(0.,-1.,0.));
#2770=FACE_BOUND('',#2771,.T.);
#2771=EDGE_LOOP('',(#6116,#6117,#6118,#6119));
#2772=PLANE('',#2773);
#2773=AXIS2_PLACEMENT_3D('',#2774,#2775,#2776);
#2774=CARTESIAN_POINT('',(4.,-0.4,28.72));
#2775=DIRECTION('',(1.,0.,0.));
#2776=DIRECTION('',(0.,0.,-1.));
#2777=FACE_BOUND('',#2778,.T.);
#2778=EDGE_LOOP('',(#6120,#6121,#6122,#6123));
#2779=PLANE('',#2780);
#2780=AXIS2_PLACEMENT_3D('',#2781,#2782,#2783);
#2781=CARTESIAN_POINT('',(4.,-0.4,0.2));
#2782=DIRECTION('',(0.,0.,-1.));
#2783=DIRECTION('',(-1.,0.,0.));
#2784=FACE_BOUND('',#2785,.T.);
#2785=EDGE_LOOP('',(#6124,#6125,#6126,#6127));
#2786=PLANE('',#2787);
#2787=AXIS2_PLACEMENT_3D('',#2788,#2789,#2790);
#2788=CARTESIAN_POINT('',(3.,-0.4,0.2));
#2789=DIRECTION('',(1.,0.,3.70074341541719E-16));
#2790=DIRECTION('',(3.70074341541719E-16,0.,-1.));
#2791=FACE_BOUND('',#2792,.T.);
#2792=EDGE_LOOP('',(#6128,#6129,#6130,#6131));
#2793=CYLINDRICAL_SURFACE('',#2794,0.4);
#2794=AXIS2_PLACEMENT_3D('',#2795,#2796,#2797);
#2795=CARTESIAN_POINT('',(3.,-0.8,-5.1676392725965E-16));
#2796=DIRECTION('',(-1.,0.,1.72254642419883E-16));
#2797=DIRECTION('',(0.,1.,0.));
#2798=FACE_BOUND('',#2799,.T.);
#2799=EDGE_LOOP('',(#6132,#6133,#6134,#6135,#6136,#6137,#6138,#6139));
#2800=PLANE('',#2801);
#2801=AXIS2_PLACEMENT_3D('',#2802,#2803,#2804);
#2802=CARTESIAN_POINT('',(0.,0.,0.));
#2803=DIRECTION('',(0.,1.,0.));
#2804=DIRECTION('',(1.,0.,0.));
#2805=FACE_BOUND('',#2806,.T.);
#2806=EDGE_LOOP('',(#6140,#6141,#6142,#6143));
#2807=PLANE('',#2808);
#2808=AXIS2_PLACEMENT_3D('',#2809,#2810,#2811);
#2809=CARTESIAN_POINT('',(-4.,-0.4,14.));
#2810=DIRECTION('',(-1.,0.,0.));
#2811=DIRECTION('',(0.,0.,1.));
#2812=FACE_BOUND('',#2813,.T.);
#2813=EDGE_LOOP('',(#6144,#6145,#6146,#6147));
#2814=PLANE('',#2815);
#2815=AXIS2_PLACEMENT_3D('',#2816,#2817,#2818);
#2816=CARTESIAN_POINT('',(4.,0.,14.));
#2817=DIRECTION('',(1.,0.,0.));
#2818=DIRECTION('',(0.,0.,1.));
#2819=FACE_BOUND('',#2820,.T.);
#2820=EDGE_LOOP('',(#6148,#6149,#6150,#6151));
#2821=PLANE('',#2822);
#2822=AXIS2_PLACEMENT_3D('',#2823,#2824,#2825);
#2823=CARTESIAN_POINT('',(0.,-14.5367255756846,14.9));
#2824=DIRECTION('',(0.,0.,-1.));
#2825=DIRECTION('',(1.,0.,0.));
#2826=FACE_BOUND('',#2827,.T.);
#2827=EDGE_LOOP('',(#6152,#6153,#6154,#6155,#6156,#6157,#6158,#6159));
#2828=FACE_BOUND('',#2829,.T.);
#2829=EDGE_LOOP('',(#6160,#6161,#6162,#6163));
#2830=PLANE('',#2831);
#2831=AXIS2_PLACEMENT_3D('',#2832,#2833,#2834);
#2832=CARTESIAN_POINT('',(6.89018569679533E-17,0.0796459430051422,-0.4));
#2833=DIRECTION('',(-1.72254642419883E-16,-1.60812264967664E-16,-1.));
#2834=DIRECTION('',(1.,1.77635683940025E-16,-1.72254642419883E-16));
#2835=FACE_BOUND('',#2836,.T.);
#2836=EDGE_LOOP('',(#6164,#6165,#6166,#6167));
#2837=CYLINDRICAL_SURFACE('',#2838,0.5);
#2838=AXIS2_PLACEMENT_3D('',#2839,#2840,#2841);
#2839=CARTESIAN_POINT('',(4.,0.5,14.));
#2840=DIRECTION('',(1.,0.,0.));
#2841=DIRECTION('',(0.,-1.,0.));
#2842=FACE_BOUND('',#2843,.T.);
#2843=EDGE_LOOP('',(#6168,#6169,#6170,#6171));
#2844=CYLINDRICAL_SURFACE('',#2845,0.8);
#2845=AXIS2_PLACEMENT_3D('',#2846,#2847,#2848);
#2846=CARTESIAN_POINT('',(-3.,-0.8,5.1676392725965E-16));
#2847=DIRECTION('',(1.,0.,-1.72254642419883E-16));
#2848=DIRECTION('',(0.,1.,0.));
#2849=FACE_BOUND('',#2850,.T.);
#2850=EDGE_LOOP('',(#6172,#6173,#6174,#6175));
#2851=PLANE('',#2852);
#2852=AXIS2_PLACEMENT_3D('',#2853,#2854,#2855);
#2853=CARTESIAN_POINT('',(-3.,-0.920354056994858,-0.399999999999999));
#2854=DIRECTION('',(-1.,-5.47710025481744E-16,1.72254642419883E-16));
#2855=DIRECTION('',(-5.47710025481744E-16,1.,-1.60812264967664E-16));
#2856=FACE_BOUND('',#2857,.T.);
#2857=EDGE_LOOP('',(#6176,#6177,#6178,#6179));
#2858=PLANE('',#2859);
#2859=AXIS2_PLACEMENT_3D('',#2860,#2861,#2862);
#2860=CARTESIAN_POINT('',(-4.,-14.3367255756846,14.9));
#2861=DIRECTION('',(-1.,0.,0.));
#2862=DIRECTION('',(0.,1.,0.));
#2863=FACE_BOUND('',#2864,.T.);
#2864=EDGE_LOOP('',(#6180,#6181,#6182,#6183));
#2865=PLANE('',#2866);
#2866=AXIS2_PLACEMENT_3D('',#2867,#2868,#2869);
#2867=CARTESIAN_POINT('',(4.,14.1832744243154,14.9));
#2868=DIRECTION('',(1.,0.,0.));
#2869=DIRECTION('',(0.,-1.,0.));
#2870=FACE_BOUND('',#2871,.T.);
#2871=EDGE_LOOP('',(#6184,#6185,#6186,#6187));
#2872=CYLINDRICAL_SURFACE('',#2873,0.9);
#2873=AXIS2_PLACEMENT_3D('',#2874,#2875,#2876);
#2874=CARTESIAN_POINT('',(-4.,1.70327442431537,14.));
#2875=DIRECTION('',(-1.,0.,0.));
#2876=DIRECTION('',(0.,0.,1.));
#2877=FACE_BOUND('',#2878,.T.);
#2878=EDGE_LOOP('',(#6188,#6189,#6190,#6191));
#2879=PLANE('',#2880);
#2880=AXIS2_PLACEMENT_3D('',#2881,#2882,#2883);
#2881=CARTESIAN_POINT('',(3.,0.279645943005143,-0.400000000000001));
#2882=DIRECTION('',(1.,5.47710025481744E-16,-1.72254642419883E-16));
#2883=DIRECTION('',(5.47710025481744E-16,-1.,1.60812264967664E-16));
#2884=FACE_BOUND('',#2885,.T.);
#2885=EDGE_LOOP('',(#6192,#6193,#6194,#6195));
#2886=CYLINDRICAL_SURFACE('',#2887,0.7);
#2887=AXIS2_PLACEMENT_3D('',#2888,#2889,#2890);
#2888=CARTESIAN_POINT('',(0.500000000000001,-3.92035405699486,-0.4));
#2889=DIRECTION('',(-1.72254642419883E-16,-1.60812264967664E-16,-1.));
#2890=DIRECTION('',(-3.3623897317219E-16,1.,-1.60812264967664E-16));
#2891=FACE_BOUND('',#2892,.T.);
#2892=EDGE_LOOP('',(#6196,#6197,#6198,#6199));
#2893=PLANE('',#2894);
#2894=AXIS2_PLACEMENT_3D('',#2895,#2896,#2897);
#2895=CARTESIAN_POINT('',(-0.499999999999999,-3.22035405699486,-0.399999999999999));
#2896=DIRECTION('',(-1.77635683940025E-16,1.,-1.60812264967664E-16));
#2897=DIRECTION('',(1.,1.77635683940025E-16,-1.72254642419883E-16));
#2898=FACE_BOUND('',#2899,.T.);
#2899=EDGE_LOOP('',(#6200,#6201,#6202,#6203));
#2900=CYLINDRICAL_SURFACE('',#2901,0.7);
#2901=AXIS2_PLACEMENT_3D('',#2902,#2903,#2904);
#2902=CARTESIAN_POINT('',(-0.499999999999999,-3.92035405699486,-0.399999999999999));
#2903=DIRECTION('',(-1.72254642419883E-16,-1.60812264967664E-16,-1.));
#2904=DIRECTION('',(6.53445551636521E-16,-1.,1.60812264967664E-16));
#2905=FACE_BOUND('',#2906,.T.);
#2906=EDGE_LOOP('',(#6204,#6205,#6206,#6207));
#2907=PLANE('',#2908);
#2908=AXIS2_PLACEMENT_3D('',#2909,#2910,#2911);
#2909=CARTESIAN_POINT('',(0.500000000000001,-4.62035405699486,-0.399999999999999));
#2910=DIRECTION('',(1.77635683940025E-16,-1.,1.60812264967664E-16));
#2911=DIRECTION('',(-1.,-1.77635683940025E-16,1.72254642419883E-16));
#2912=FACE_BOUND('',#2913,.T.);
#2913=EDGE_LOOP('',(#6208,#6209,#6210,#6211));
#2914=PLANE('',#2915);
#2915=AXIS2_PLACEMENT_3D('',#2916,#2917,#2918);
#2916=CARTESIAN_POINT('',(3.,-0.920354056994857,-0.4));
#2917=DIRECTION('',(-2.88657986402541E-16,1.,-1.60812264967664E-16));
#2918=DIRECTION('',(1.,2.88657986402541E-16,-1.72254642419883E-16));
#2919=FACE_BOUND('',#2920,.T.);
#2920=EDGE_LOOP('',(#6212,#6213,#6214,#6215));
#2921=PLANE('',#2922);
#2922=AXIS2_PLACEMENT_3D('',#2923,#2924,#2925);
#2923=CARTESIAN_POINT('',(4.,-0.920354056994857,-0.400000000000001));
#2924=DIRECTION('',(1.,3.42113169069678E-16,-1.72254642419883E-16));
#2925=DIRECTION('',(3.42113169069678E-16,-1.,1.60812264967664E-16));
#2926=FACE_BOUND('',#2927,.T.);
#2927=EDGE_LOOP('',(#6216,#6217,#6218,#6219));
#2928=PLANE('',#2929);
#2929=AXIS2_PLACEMENT_3D('',#2930,#2931,#2932);
#2930=CARTESIAN_POINT('',(4.,-6.32035405699486,-0.4));
#2931=DIRECTION('',(1.77635683940025E-16,-1.,1.60812264967664E-16));
#2932=DIRECTION('',(-1.,-1.77635683940025E-16,1.72254642419883E-16));
#2933=FACE_BOUND('',#2934,.T.);
#2934=EDGE_LOOP('',(#6220,#6221,#6222,#6223));
#2935=PLANE('',#2936);
#2936=AXIS2_PLACEMENT_3D('',#2937,#2938,#2939);
#2937=CARTESIAN_POINT('',(-4.,-6.32035405699486,-0.399999999999998));
#2938=DIRECTION('',(-1.,-1.77635683940025E-16,1.72254642419883E-16));
#2939=DIRECTION('',(-1.77635683940025E-16,1.,-1.60812264967664E-16));
#2940=FACE_BOUND('',#2941,.T.);
#2941=EDGE_LOOP('',(#6224,#6225,#6226,#6227));
#2942=PLANE('',#2943);
#2943=AXIS2_PLACEMENT_3D('',#2944,#2945,#2946);
#2944=CARTESIAN_POINT('',(-4.,-0.920354056994859,-0.399999999999999));
#2945=DIRECTION('',(-3.99680288865057E-16,1.,-1.60812264967664E-16));
#2946=DIRECTION('',(1.,3.99680288865057E-16,-1.72254642419883E-16));
#2947=FACE_BOUND('',#2948,.T.);
#2948=EDGE_LOOP('',(#6228,#6229,#6230,#6231));
#2949=PLANE('',#2950);
#2950=AXIS2_PLACEMENT_3D('',#2951,#2952,#2953);
#2951=CARTESIAN_POINT('',(0.,-14.5367255756846,14.5));
#2952=DIRECTION('',(0.,0.,-1.));
#2953=DIRECTION('',(1.,0.,0.));
#2954=FACE_BOUND('',#2955,.T.);
#2955=EDGE_LOOP('',(#6232,#6233,#6234,#6235,#6236,#6237,#6238,#6239));
#2956=FACE_BOUND('',#2957,.T.);
#2957=EDGE_LOOP('',(#6240,#6241,#6242,#6243));
#2958=PLANE('',#2959);
#2959=AXIS2_PLACEMENT_3D('',#2960,#2961,#2962);
#2960=CARTESIAN_POINT('',(0.,0.0796459430051422,-0.8));
#2961=DIRECTION('',(-1.72254642419883E-16,-1.60812264967664E-16,-1.));
#2962=DIRECTION('',(1.,1.77635683940025E-16,-1.72254642419883E-16));
#2963=FACE_BOUND('',#2964,.T.);
#2964=EDGE_LOOP('',(#6244,#6245,#6246,#6247));
#2965=PLANE('',#2966);
#2966=AXIS2_PLACEMENT_3D('',#2967,#2968,#2969);
#2967=CARTESIAN_POINT('',(-4.,1.70327442431536,14.9));
#2968=DIRECTION('',(-1.,0.,0.));
#2969=DIRECTION('',(0.,1.,5.38289951333409E-15));
#2970=FACE_BOUND('',#2971,.T.);
#2971=EDGE_LOOP('',(#6248,#6249,#6250,#6251));
#2972=PLANE('',#2973);
#2973=AXIS2_PLACEMENT_3D('',#2974,#2975,#2976);
#2974=CARTESIAN_POINT('',(4.,1.70327442431537,14.5));
#2975=DIRECTION('',(1.,0.,0.));
#2976=DIRECTION('',(0.,1.,0.));
#2977=FACE_BOUND('',#2978,.T.);
#2978=EDGE_LOOP('',(#6252,#6253,#6254,#6255,#6256,#6257));
#2979=FACE_BOUND('',#2980,.T.);
#2980=EDGE_LOOP('',(#6258));
#2981=PLANE('',#2982);
#2982=AXIS2_PLACEMENT_3D('',#2983,#2984,#2985);
#2983=CARTESIAN_POINT('',(0.,2.60327442431537,31.2767255756846));
#2984=DIRECTION('',(0.,-1.,0.));
#2985=DIRECTION('',(1.,0.,0.));
#2986=FACE_BOUND('',#2987,.T.);
#2987=EDGE_LOOP('',(#6259,#6260,#6261,#6262));
#2988=CYLINDRICAL_SURFACE('',#2989,0.5);
#2989=AXIS2_PLACEMENT_3D('',#2990,#2991,#2992);
#2990=CARTESIAN_POINT('',(4.,1.70327442431537,14.));
#2991=DIRECTION('',(1.,0.,0.));
#2992=DIRECTION('',(0.,0.,1.));
#2993=FACE_BOUND('',#2994,.T.);
#2994=EDGE_LOOP('',(#6263,#6264,#6265,#6266));
#2995=PLANE('',#2996);
#2996=AXIS2_PLACEMENT_3D('',#2997,#2998,#2999);
#2997=CARTESIAN_POINT('',(-4.,2.60327442431537,31.0767255756846));
#2998=DIRECTION('',(-1.,0.,0.));
#2999=DIRECTION('',(0.,0.,-1.));
#3000=FACE_BOUND('',#3001,.T.);
#3001=EDGE_LOOP('',(#6267,#6268,#6269,#6270));
#3002=PLANE('',#3003);
#3003=AXIS2_PLACEMENT_3D('',#3004,#3005,#3006);
#3004=CARTESIAN_POINT('',(4.,2.60327442431537,2.55672557568463));
#3005=DIRECTION('',(1.,0.,0.));
#3006=DIRECTION('',(0.,0.,1.));
#3007=FACE_BOUND('',#3008,.T.);
#3008=EDGE_LOOP('',(#6271,#6272,#6273,#6274));
#3009=PLANE('',#3010);
#3010=AXIS2_PLACEMENT_3D('',#3011,#3012,#3013);
#3011=CARTESIAN_POINT('',(-4.,2.60327442431537,2.55672557568463));
#3012=DIRECTION('',(0.,0.,-1.));
#3013=DIRECTION('',(1.,0.,0.));
#3014=FACE_BOUND('',#3015,.T.);
#3015=EDGE_LOOP('',(#6275,#6276,#6277,#6278,#6279,#6280));
#3016=FACE_BOUND('',#3017,.T.);
#3017=EDGE_LOOP('',(#6281));
#3018=PLANE('',#3019);
#3019=AXIS2_PLACEMENT_3D('',#3020,#3021,#3022);
#3020=CARTESIAN_POINT('',(0.,2.20327442431537,31.2767255756846));
#3021=DIRECTION('',(0.,-1.,0.));
#3022=DIRECTION('',(1.,0.,0.));
#3023=FACE_BOUND('',#3024,.T.);
#3024=EDGE_LOOP('',(#6282,#6283,#6284,#6285));
#3025=PLANE('',#3026);
#3026=AXIS2_PLACEMENT_3D('',#3027,#3028,#3029);
#3027=CARTESIAN_POINT('',(3.,-0.4,-5.24329648286292E-16));
#3028=DIRECTION('',(1.,-3.25807642523221E-33,-1.72254642419883E-16));
#3029=DIRECTION('',(-1.72254642419883E-16,-1.89143025666062E-17,-1.));
#3030=FACE_BOUND('',#3031,.T.);
#3031=EDGE_LOOP('',(#6286,#6287,#6288,#6289));
#3032=PLANE('',#3033);
#3033=AXIS2_PLACEMENT_3D('',#3034,#3035,#3036);
#3034=CARTESIAN_POINT('',(-3.,0.,4.92244547004894E-16));
#3035=DIRECTION('',(-1.,5.27947134767532E-33,1.72254642419883E-16));
#3036=DIRECTION('',(-1.72254642419883E-16,-3.06492253184459E-17,-1.));
#3037=FACE_BOUND('',#3038,.T.);
#3038=EDGE_LOOP('',(#6290,#6291,#6292,#6293));
#3039=CYLINDRICAL_SURFACE('',#3040,2.);
#3040=AXIS2_PLACEMENT_3D('',#3041,#3042,#3043);
#3041=CARTESIAN_POINT('',(-2.,5.40327442431537,4.55672557568463));
#3042=DIRECTION('',(0.,1.,0.));
#3043=DIRECTION('',(0.,0.,-1.));
#3044=FACE_BOUND('',#3045,.T.);
#3045=EDGE_LOOP('',(#6294,#6295,#6296,#6297));
#3046=CYLINDRICAL_SURFACE('',#3047,2.);
#3047=AXIS2_PLACEMENT_3D('',#3048,#3049,#3050);
#3048=CARTESIAN_POINT('',(2.,5.40327442431537,4.55672557568463));
#3049=DIRECTION('',(0.,1.,0.));
#3050=DIRECTION('',(1.,0.,0.));
#3051=FACE_BOUND('',#3052,.T.);
#3052=EDGE_LOOP('',(#6298));
#3053=FACE_BOUND('',#3054,.T.);
#3054=EDGE_LOOP('',(#6299));
#3055=PLANE('',#3056);
#3056=AXIS2_PLACEMENT_3D('',#3057,#3058,#3059);
#3057=CARTESIAN_POINT('',(0.,3.20327442431537,-1.24344978758017E-15));
#3058=DIRECTION('',(0.,-1.,0.));
#3059=DIRECTION('',(1.,0.,0.));
#3060=FACE_OUTER_BOUND('',#3061,.T.);
#3061=EDGE_LOOP('',(#6300));
#3062=FACE_OUTER_BOUND('',#3063,.T.);
#3063=EDGE_LOOP('',(#6301));
#3064=TOROIDAL_SURFACE('',#3065,2.27999032891962,0.899999999999999);
#3065=AXIS2_PLACEMENT_3D('',#3066,#3067,#3068);
#3066=CARTESIAN_POINT('',(3.63954851659161E-16,2.30327442431537,10.));
#3067=DIRECTION('',(0.,-1.,0.));
#3068=DIRECTION('',(1.,0.,0.));
#3069=FACE_BOUND('',#3070,.T.);
#3070=EDGE_LOOP('',(#6302));
#3071=FACE_BOUND('',#3072,.T.);
#3072=EDGE_LOOP('',(#6303));
#3073=PLANE('',#3074);
#3074=AXIS2_PLACEMENT_3D('',#3075,#3076,#3077);
#3075=CARTESIAN_POINT('',(0.,2.80327442431537,-1.24344978758017E-15));
#3076=DIRECTION('',(0.,-1.,0.));
#3077=DIRECTION('',(1.,0.,0.));
#3078=FACE_OUTER_BOUND('',#3079,.T.);
#3079=EDGE_LOOP('',(#6304));
#3080=FACE_OUTER_BOUND('',#3081,.T.);
#3081=EDGE_LOOP('',(#6305));
#3082=TOROIDAL_SURFACE('',#3083,2.27999032891961,0.5);
#3083=AXIS2_PLACEMENT_3D('',#3084,#3085,#3086);
#3084=CARTESIAN_POINT('',(3.63954851659161E-16,2.30327442431537,10.));
#3085=DIRECTION('',(0.,-1.,0.));
#3086=DIRECTION('',(1.,0.,0.));
#3087=FACE_OUTER_BOUND('',#3088,.T.);
#3088=EDGE_LOOP('',(#6306));
#3089=FACE_OUTER_BOUND('',#3090,.T.);
#3090=EDGE_LOOP('',(#6307));
#3091=TOROIDAL_SURFACE('',#3092,3.42890285822722,0.5);
#3092=AXIS2_PLACEMENT_3D('',#3093,#3094,#3095);
#3093=CARTESIAN_POINT('',(3.63954851659161E-16,3.10327442431537,10.));
#3094=DIRECTION('',(0.,-1.,0.));
#3095=DIRECTION('',(1.,0.,5.60756512438856E-16));
#3096=FACE_OUTER_BOUND('',#3097,.T.);
#3097=EDGE_LOOP('',(#6308));
#3098=FACE_OUTER_BOUND('',#3099,.T.);
#3099=EDGE_LOOP('',(#6309));
#3100=TOROIDAL_SURFACE('',#3101,3.42890285822722,0.899999999999999);
#3101=AXIS2_PLACEMENT_3D('',#3102,#3103,#3104);
#3102=CARTESIAN_POINT('',(3.63954851659161E-16,3.10327442431537,10.));
#3103=DIRECTION('',(0.,-1.,0.));
#3104=DIRECTION('',(1.,0.,6.00345036825453E-16));
#3105=FACE_BOUND('',#3106,.T.);
#3106=EDGE_LOOP('',(#6310));
#3107=PLANE('',#3108);
#3108=AXIS2_PLACEMENT_3D('',#3109,#3110,#3111);
#3109=CARTESIAN_POINT('',(0.,2.70327442431537,0.));
#3110=DIRECTION('',(0.,1.,0.));
#3111=DIRECTION('',(-1.,0.,-1.22464679914735E-16));
#3112=FACE_OUTER_BOUND('',#3113,.T.);
#3113=EDGE_LOOP('',(#6311));
#3114=FACE_OUTER_BOUND('',#3115,.T.);
#3115=EDGE_LOOP('',(#6312));
#3116=TOROIDAL_SURFACE('',#3117,1.57679491924311,0.899999999999999);
#3117=AXIS2_PLACEMENT_3D('',#3118,#3119,#3120);
#3118=CARTESIAN_POINT('',(-1.43981379871659E-15,3.60327442431537,10.));
#3119=DIRECTION('',(0.,1.,0.));
#3120=DIRECTION('',(-1.,0.,0.));
#3121=FACE_BOUND('',#3122,.T.);
#3122=EDGE_LOOP('',(#6313));
#3123=PLANE('',#3124);
#3124=AXIS2_PLACEMENT_3D('',#3125,#3126,#3127);
#3125=CARTESIAN_POINT('',(0.,3.10327442431537,0.));
#3126=DIRECTION('',(0.,1.,0.));
#3127=DIRECTION('',(-1.,0.,-1.22464679914735E-16));
#3128=FACE_OUTER_BOUND('',#3129,.T.);
#3129=EDGE_LOOP('',(#6314));
#3130=FACE_OUTER_BOUND('',#3131,.T.);
#3131=EDGE_LOOP('',(#6315));
#3132=TOROIDAL_SURFACE('',#3133,1.57679491924311,0.5);
#3133=AXIS2_PLACEMENT_3D('',#3134,#3135,#3136);
#3134=CARTESIAN_POINT('',(-1.43981379871659E-15,3.60327442431537,10.));
#3135=DIRECTION('',(0.,1.,0.));
#3136=DIRECTION('',(-1.,0.,0.));
#3137=FACE_OUTER_BOUND('',#3138,.T.);
#3138=EDGE_LOOP('',(#6316));
#3139=FACE_OUTER_BOUND('',#3140,.T.);
#3140=EDGE_LOOP('',(#6317));
#3141=TOROIDAL_SURFACE('',#3142,2.09641016151378,0.5);
#3142=AXIS2_PLACEMENT_3D('',#3143,#3144,#3145);
#3143=CARTESIAN_POINT('',(-1.43981379871659E-15,2.30327442431537,10.));
#3144=DIRECTION('',(0.,1.,0.));
#3145=DIRECTION('',(-1.,0.,0.));
#3146=FACE_OUTER_BOUND('',#3147,.T.);
#3147=EDGE_LOOP('',(#6318));
#3148=FACE_OUTER_BOUND('',#3149,.T.);
#3149=EDGE_LOOP('',(#6319));
#3150=TOROIDAL_SURFACE('',#3151,2.09641016151378,0.899999999999999);
#3151=AXIS2_PLACEMENT_3D('',#3152,#3153,#3154);
#3152=CARTESIAN_POINT('',(-1.43981379871659E-15,2.30327442431537,10.));
#3153=DIRECTION('',(0.,1.,0.));
#3154=DIRECTION('',(-1.,0.,0.));
#3155=FACE_BOUND('',#3156,.T.);
#3156=EDGE_LOOP('',(#6320,#6321,#6322,#6323,#6324,#6325,#6326,#6327,#6328,#6329,
#6330,#6331));
#3157=PLANE('',#3158);
#3158=AXIS2_PLACEMENT_3D('',#3159,#3160,#3161);
#3159=CARTESIAN_POINT('',(30.4,-37.,16.));
#3160=DIRECTION('',(-1.,0.,0.));
#3161=DIRECTION('',(0.,0.,-1.));
#3162=FACE_BOUND('',#3163,.T.);
#3163=EDGE_LOOP('',(#6332,#6333,#6334,#6335,#6336,#6337,#6338,#6339,#6340,#6341,
#6342,#6343,#6344,#6345,#6346,#6347));
#3164=PLANE('',#3165);
#3165=AXIS2_PLACEMENT_3D('',#3166,#3167,#3168);
#3166=CARTESIAN_POINT('',(38.6,-37.,4.61806672183312E-15));
#3167=DIRECTION('',(1.,0.,0.));
#3168=DIRECTION('',(0.,0.,1.));
#3169=FACE_BOUND('',#3170,.T.);
#3170=EDGE_LOOP('',(#6348,#6349,#6350,#6351,#6352,#6353,#6354,#6355,#6356,#6357,
#6358,#6359));
#3171=PLANE('',#3172);
#3172=AXIS2_PLACEMENT_3D('',#3173,#3174,#3175);
#3173=CARTESIAN_POINT('',(7.4,-37.,16.));
#3174=DIRECTION('',(-1.,0.,0.));
#3175=DIRECTION('',(0.,0.,-1.));
#3176=FACE_BOUND('',#3177,.T.);
#3177=EDGE_LOOP('',(#6360,#6361,#6362,#6363,#6364,#6365,#6366,#6367,#6368,#6369,
#6370,#6371));
#3178=PLANE('',#3179);
#3179=AXIS2_PLACEMENT_3D('',#3180,#3181,#3182);
#3180=CARTESIAN_POINT('',(15.6,-37.,1.79429838410649E-15));
#3181=DIRECTION('',(1.,0.,0.));
#3182=DIRECTION('',(0.,0.,1.));
#3183=FACE_BOUND('',#3184,.T.);
#3184=EDGE_LOOP('',(#6372,#6373,#6374,#6375,#6376,#6377,#6378,#6379,#6380,#6381,
#6382,#6383));
#3185=PLANE('',#3186);
#3186=AXIS2_PLACEMENT_3D('',#3187,#3188,#3189);
#3187=CARTESIAN_POINT('',(-15.6,-37.,16.));
#3188=DIRECTION('',(-1.,0.,0.));
#3189=DIRECTION('',(0.,0.,-1.));
#3190=FACE_BOUND('',#3191,.T.);
#3191=EDGE_LOOP('',(#6384,#6385,#6386,#6387,#6388,#6389,#6390,#6391,#6392,#6393,
#6394,#6395,#6396,#6397,#6398,#6399));
#3192=PLANE('',#3193);
#3193=AXIS2_PLACEMENT_3D('',#3194,#3195,#3196);
#3194=CARTESIAN_POINT('',(-38.6,-37.,16.));
#3195=DIRECTION('',(-1.,0.,0.));
#3196=DIRECTION('',(0.,0.,-1.));
#3197=FACE_BOUND('',#3198,.T.);
#3198=EDGE_LOOP('',(#6400,#6401,#6402,#6403,#6404,#6405,#6406,#6407,#6408,#6409,
#6410,#6411));
#3199=PLANE('',#3200);
#3200=AXIS2_PLACEMENT_3D('',#3201,#3202,#3203);
#3201=CARTESIAN_POINT('',(-30.4,-37.,-3.79113613858445E-15));
#3202=DIRECTION('',(1.,0.,0.));
#3203=DIRECTION('',(0.,0.,1.));
#3204=FACE_BOUND('',#3205,.T.);
#3205=EDGE_LOOP('',(#6412,#6413,#6414,#6415,#6416,#6417,#6418,#6419,#6420,#6421));
#3206=PLANE('',#3207);
#3207=AXIS2_PLACEMENT_3D('',#3208,#3209,#3210);
#3208=CARTESIAN_POINT('',(38.6,-37.,4.61806672183312E-15));
#3209=DIRECTION('',(1.,0.,0.));
#3210=DIRECTION('',(0.,0.,1.));
#3211=FACE_BOUND('',#3212,.T.);
#3212=EDGE_LOOP('',(#6422,#6423,#6424,#6425,#6426,#6427,#6428,#6429,#6430,#6431));
#3213=PLANE('',#3214);
#3214=AXIS2_PLACEMENT_3D('',#3215,#3216,#3217);
#3215=CARTESIAN_POINT('',(30.4,-37.,16.));
#3216=DIRECTION('',(-1.,0.,0.));
#3217=DIRECTION('',(0.,0.,-1.));
#3218=FACE_BOUND('',#3219,.T.);
#3219=EDGE_LOOP('',(#6432,#6433,#6434,#6435,#6436,#6437,#6438,#6439,#6440,#6441));
#3220=PLANE('',#3221);
#3221=AXIS2_PLACEMENT_3D('',#3222,#3223,#3224);
#3222=CARTESIAN_POINT('',(15.6,-37.,1.79429838410649E-15));
#3223=DIRECTION('',(1.,0.,0.));
#3224=DIRECTION('',(0.,0.,1.));
#3225=FACE_BOUND('',#3226,.T.);
#3226=EDGE_LOOP('',(#6442,#6443,#6444,#6445,#6446,#6447,#6448,#6449,#6450,#6451));
#3227=PLANE('',#3228);
#3228=AXIS2_PLACEMENT_3D('',#3229,#3230,#3231);
#3229=CARTESIAN_POINT('',(7.4,-37.,16.));
#3230=DIRECTION('',(-1.,0.,0.));
#3231=DIRECTION('',(0.,0.,-1.));
#3232=FACE_BOUND('',#3233,.T.);
#3233=EDGE_LOOP('',(#6452,#6453,#6454,#6455,#6456,#6457,#6458,#6459,#6460,#6461));
#3234=PLANE('',#3235);
#3235=AXIS2_PLACEMENT_3D('',#3236,#3237,#3238);
#3236=CARTESIAN_POINT('',(-15.6,-37.,16.));
#3237=DIRECTION('',(-1.,0.,0.));
#3238=DIRECTION('',(0.,0.,-1.));
#3239=FACE_BOUND('',#3240,.T.);
#3240=EDGE_LOOP('',(#6462,#6463,#6464,#6465,#6466,#6467,#6468,#6469,#6470,#6471));
#3241=PLANE('',#3242);
#3242=AXIS2_PLACEMENT_3D('',#3243,#3244,#3245);
#3243=CARTESIAN_POINT('',(-30.4,-37.,-3.79113613858445E-15));
#3244=DIRECTION('',(1.,0.,0.));
#3245=DIRECTION('',(0.,0.,1.));
#3246=FACE_BOUND('',#3247,.T.);
#3247=EDGE_LOOP('',(#6472,#6473,#6474,#6475,#6476,#6477,#6478,#6479,#6480,#6481));
#3248=PLANE('',#3249);
#3249=AXIS2_PLACEMENT_3D('',#3250,#3251,#3252);
#3250=CARTESIAN_POINT('',(-38.6,-37.,16.));
#3251=DIRECTION('',(-1.,0.,0.));
#3252=DIRECTION('',(0.,0.,-1.));
#3253=FACE_BOUND('',#3254,.T.);
#3254=EDGE_LOOP('',(#6482,#6483,#6484,#6485,#6486,#6487));
#3255=PLANE('',#3256);
#3256=AXIS2_PLACEMENT_3D('',#3257,#3258,#3259);
#3257=CARTESIAN_POINT('',(-7.4,-40.5,2.));
#3258=DIRECTION('',(1.,0.,0.));
#3259=DIRECTION('',(0.,0.,1.));
#3260=FACE_BOUND('',#3261,.T.);
#3261=EDGE_LOOP('',(#6488,#6489,#6490,#6491,#6492,#6493));
#3262=PLANE('',#3263);
#3263=AXIS2_PLACEMENT_3D('',#3264,#3265,#3266);
#3264=CARTESIAN_POINT('',(-7.40000000000001,42.,2.));
#3265=DIRECTION('',(1.,0.,0.));
#3266=DIRECTION('',(0.,0.,1.));
#3267=FACE_BOUND('',#3268,.T.);
#3268=EDGE_LOOP('',(#6494,#6495,#6496,#6497));
#3269=PLANE('',#3270);
#3270=AXIS2_PLACEMENT_3D('',#3271,#3272,#3273);
#3271=CARTESIAN_POINT('',(-8.50000000000001,42.,2.));
#3272=DIRECTION('',(0.,0.,-1.));
#3273=DIRECTION('',(1.,0.,0.));
#3274=FACE_BOUND('',#3275,.T.);
#3275=EDGE_LOOP('',(#6498,#6499,#6500,#6501));
#3276=PLANE('',#3277);
#3277=AXIS2_PLACEMENT_3D('',#3278,#3279,#3280);
#3278=CARTESIAN_POINT('',(-38.6,42.,2.));
#3279=DIRECTION('',(-1.21115239050017E-15,0.,-1.));
#3280=DIRECTION('',(1.,0.,-1.21115239050017E-15));
#3281=FACE_BOUND('',#3282,.T.);
#3282=EDGE_LOOP('',(#6502,#6503,#6504,#6505));
#3283=PLANE('',#3284);
#3284=AXIS2_PLACEMENT_3D('',#3285,#3286,#3287);
#3285=CARTESIAN_POINT('',(-30.4,-41.5,15.));
#3286=DIRECTION('',(4.33257765707378E-16,0.,-1.));
#3287=DIRECTION('',(-1.,0.,-4.33257765707378E-16));
#3288=FACE_BOUND('',#3289,.T.);
#3289=EDGE_LOOP('',(#6506,#6507,#6508,#6509));
#3290=PLANE('',#3291);
#3291=AXIS2_PLACEMENT_3D('',#3292,#3293,#3294);
#3292=CARTESIAN_POINT('',(-31.5,42.,2.));
#3293=DIRECTION('',(0.,0.,-1.));
#3294=DIRECTION('',(1.,0.,0.));
#3295=FACE_BOUND('',#3296,.T.);
#3296=EDGE_LOOP('',(#6510,#6511,#6512,#6513));
#3297=PLANE('',#3298);
#3298=AXIS2_PLACEMENT_3D('',#3299,#3300,#3301);
#3299=CARTESIAN_POINT('',(-15.6,42.,2.));
#3300=DIRECTION('',(-1.21115239050017E-15,0.,-1.));
#3301=DIRECTION('',(1.,0.,-1.21115239050017E-15));
#3302=FACE_BOUND('',#3303,.T.);
#3303=EDGE_LOOP('',(#6514,#6515,#6516,#6517));
#3304=PLANE('',#3305);
#3305=AXIS2_PLACEMENT_3D('',#3306,#3307,#3308);
#3306=CARTESIAN_POINT('',(-7.6,-41.5,15.));
#3307=DIRECTION('',(2.22044604925031E-16,0.,-1.));
#3308=DIRECTION('',(-1.,0.,-2.22044604925031E-16));
#3309=FACE_BOUND('',#3310,.T.);
#3310=EDGE_LOOP('',(#6518,#6519,#6520,#6521));
#3311=PLANE('',#3312);
#3312=AXIS2_PLACEMENT_3D('',#3313,#3314,#3315);
#3313=CARTESIAN_POINT('',(-7.6,-41.5,16.));
#3314=DIRECTION('',(1.,0.,0.));
#3315=DIRECTION('',(0.,0.,-1.));
#3316=FACE_BOUND('',#3317,.T.);
#3317=EDGE_LOOP('',(#6522,#6523,#6524,#6525));
#3318=PLANE('',#3319);
#3319=AXIS2_PLACEMENT_3D('',#3320,#3321,#3322);
#3320=CARTESIAN_POINT('',(7.4,42.,2.));
#3321=DIRECTION('',(0.,0.,-1.));
#3322=DIRECTION('',(1.,0.,0.));
#3323=FACE_BOUND('',#3324,.T.);
#3324=EDGE_LOOP('',(#6526,#6527,#6528,#6529));
#3325=PLANE('',#3326);
#3326=AXIS2_PLACEMENT_3D('',#3327,#3328,#3329);
#3327=CARTESIAN_POINT('',(15.6,-41.5,15.));
#3328=DIRECTION('',(2.16628882853689E-16,0.,-1.));
#3329=DIRECTION('',(-1.,0.,-2.16628882853689E-16));
#3330=FACE_BOUND('',#3331,.T.);
#3331=EDGE_LOOP('',(#6530,#6531,#6532,#6533));
#3332=PLANE('',#3333);
#3333=AXIS2_PLACEMENT_3D('',#3334,#3335,#3336);
#3334=CARTESIAN_POINT('',(14.5,42.,2.));
#3335=DIRECTION('',(1.21115239050017E-15,0.,-1.));
#3336=DIRECTION('',(1.,0.,1.21115239050017E-15));
#3337=FACE_BOUND('',#3338,.T.);
#3338=EDGE_LOOP('',(#6534,#6535,#6536,#6537));
#3339=PLANE('',#3340);
#3340=AXIS2_PLACEMENT_3D('',#3341,#3342,#3343);
#3341=CARTESIAN_POINT('',(30.4,42.,2.));
#3342=DIRECTION('',(4.03717463500056E-16,0.,-1.));
#3343=DIRECTION('',(1.,0.,4.03717463500056E-16));
#3344=FACE_BOUND('',#3345,.T.);
#3345=EDGE_LOOP('',(#6538,#6539,#6540,#6541));
#3346=PLANE('',#3347);
#3347=AXIS2_PLACEMENT_3D('',#3348,#3349,#3350);
#3348=CARTESIAN_POINT('',(38.6,-41.5,15.));
#3349=DIRECTION('',(2.16628882853689E-16,0.,-1.));
#3350=DIRECTION('',(-1.,0.,-2.16628882853689E-16));
#3351=FACE_BOUND('',#3352,.T.);
#3352=EDGE_LOOP('',(#6542,#6543,#6544,#6545));
#3353=PLANE('',#3354);
#3354=AXIS2_PLACEMENT_3D('',#3355,#3356,#3357);
#3355=CARTESIAN_POINT('',(37.5,42.,2.));
#3356=DIRECTION('',(0.,0.,-1.));
#3357=DIRECTION('',(1.,0.,0.));
#3358=FACE_BOUND('',#3359,.T.);
#3359=EDGE_LOOP('',(#6546,#6547,#6548,#6549));
#3360=PLANE('',#3361);
#3361=AXIS2_PLACEMENT_3D('',#3362,#3363,#3364);
#3362=CARTESIAN_POINT('',(-8.49999999999999,-40.5,2.));
#3363=DIRECTION('',(0.,0.,-1.));
#3364=DIRECTION('',(1.,0.,0.));
#3365=FACE_BOUND('',#3366,.T.);
#3366=EDGE_LOOP('',(#6550,#6551,#6552,#6553));
#3367=PLANE('',#3368);
#3368=AXIS2_PLACEMENT_3D('',#3369,#3370,#3371);
#3369=CARTESIAN_POINT('',(-7.6,-41.5,16.));
#3370=DIRECTION('',(1.,0.,0.));
#3371=DIRECTION('',(0.,0.,-1.));
#3372=FACE_BOUND('',#3373,.T.);
#3373=EDGE_LOOP('',(#6554,#6555,#6556,#6557));
#3374=PLANE('',#3375);
#3375=AXIS2_PLACEMENT_3D('',#3376,#3377,#3378);
#3376=CARTESIAN_POINT('',(37.5,42.,4.88958512972418E-15));
#3377=DIRECTION('',(1.,0.,0.));
#3378=DIRECTION('',(0.,0.,1.));
#3379=FACE_BOUND('',#3380,.T.);
#3380=EDGE_LOOP('',(#6558,#6559,#6560,#6561));
#3381=PLANE('',#3382);
#3382=AXIS2_PLACEMENT_3D('',#3383,#3384,#3385);
#3383=CARTESIAN_POINT('',(31.5,42.,2.));
#3384=DIRECTION('',(-1.,0.,0.));
#3385=DIRECTION('',(0.,0.,-1.));
#3386=FACE_BOUND('',#3387,.T.);
#3387=EDGE_LOOP('',(#6562,#6563,#6564,#6565));
#3388=PLANE('',#3389);
#3389=AXIS2_PLACEMENT_3D('',#3390,#3391,#3392);
#3390=CARTESIAN_POINT('',(14.5,42.,1.9076098447332E-15));
#3391=DIRECTION('',(1.,0.,0.));
#3392=DIRECTION('',(0.,0.,1.));
#3393=FACE_BOUND('',#3394,.T.);
#3394=EDGE_LOOP('',(#6566,#6567,#6568,#6569));
#3395=PLANE('',#3396);
#3396=AXIS2_PLACEMENT_3D('',#3397,#3398,#3399);
#3397=CARTESIAN_POINT('',(8.49999999999999,42.,2.));
#3398=DIRECTION('',(-1.,0.,0.));
#3399=DIRECTION('',(0.,0.,-1.));
#3400=FACE_BOUND('',#3401,.T.);
#3401=EDGE_LOOP('',(#6570,#6571,#6572,#6573));
#3402=PLANE('',#3403);
#3403=AXIS2_PLACEMENT_3D('',#3404,#3405,#3406);
#3404=CARTESIAN_POINT('',(-8.50000000000001,42.,-7.75753927885296E-16));
#3405=DIRECTION('',(1.,0.,0.));
#3406=DIRECTION('',(0.,0.,1.));
#3407=FACE_BOUND('',#3408,.T.);
#3408=EDGE_LOOP('',(#6574,#6575,#6576,#6577));
#3409=PLANE('',#3410);
#3410=AXIS2_PLACEMENT_3D('',#3411,#3412,#3413);
#3411=CARTESIAN_POINT('',(-14.5,42.,2.));
#3412=DIRECTION('',(-1.,0.,0.));
#3413=DIRECTION('',(0.,0.,-1.));
#3414=FACE_BOUND('',#3415,.T.);
#3415=EDGE_LOOP('',(#6578,#6579,#6580,#6581));
#3416=PLANE('',#3417);
#3417=AXIS2_PLACEMENT_3D('',#3418,#3419,#3420);
#3418=CARTESIAN_POINT('',(-31.5,42.,-3.63841173803759E-15));
#3419=DIRECTION('',(1.,0.,0.));
#3420=DIRECTION('',(0.,0.,1.));
#3421=FACE_BOUND('',#3422,.T.);
#3422=EDGE_LOOP('',(#6582,#6583,#6584,#6585));
#3423=PLANE('',#3424);
#3424=AXIS2_PLACEMENT_3D('',#3425,#3426,#3427);
#3425=CARTESIAN_POINT('',(-37.5,42.,2.));
#3426=DIRECTION('',(-1.,0.,0.));
#3427=DIRECTION('',(0.,0.,-1.));
#3428=FACE_BOUND('',#3429,.T.);
#3429=EDGE_LOOP('',(#6586,#6587,#6588,#6589));
#3430=PLANE('',#3431);
#3431=AXIS2_PLACEMENT_3D('',#3432,#3433,#3434);
#3432=CARTESIAN_POINT('',(-37.5,-40.5,2.));
#3433=DIRECTION('',(-1.,0.,0.));
#3434=DIRECTION('',(0.,0.,-1.));
#3435=FACE_BOUND('',#3436,.T.);
#3436=EDGE_LOOP('',(#6590,#6591,#6592,#6593));
#3437=PLANE('',#3438);
#3438=AXIS2_PLACEMENT_3D('',#3439,#3440,#3441);
#3439=CARTESIAN_POINT('',(-31.5,-40.5,-3.63841173803759E-15));
#3440=DIRECTION('',(1.,0.,0.));
#3441=DIRECTION('',(0.,0.,1.));
#3442=FACE_BOUND('',#3443,.T.);
#3443=EDGE_LOOP('',(#6594,#6595,#6596,#6597));
#3444=PLANE('',#3445);
#3445=AXIS2_PLACEMENT_3D('',#3446,#3447,#3448);
#3446=CARTESIAN_POINT('',(-14.5,-40.5,2.));
#3447=DIRECTION('',(-1.,0.,0.));
#3448=DIRECTION('',(0.,0.,-1.));
#3449=FACE_BOUND('',#3450,.T.);
#3450=EDGE_LOOP('',(#6598,#6599,#6600,#6601));
#3451=PLANE('',#3452);
#3452=AXIS2_PLACEMENT_3D('',#3453,#3454,#3455);
#3453=CARTESIAN_POINT('',(-8.49999999999999,-40.5,-7.75753927885296E-16));
#3454=DIRECTION('',(1.,0.,0.));
#3455=DIRECTION('',(0.,0.,1.));
#3456=FACE_BOUND('',#3457,.T.);
#3457=EDGE_LOOP('',(#6602,#6603,#6604,#6605));
#3458=PLANE('',#3459);
#3459=AXIS2_PLACEMENT_3D('',#3460,#3461,#3462);
#3460=CARTESIAN_POINT('',(8.50000000000001,-40.5,2.));
#3461=DIRECTION('',(-1.,0.,0.));
#3462=DIRECTION('',(0.,0.,-1.));
#3463=FACE_BOUND('',#3464,.T.);
#3464=EDGE_LOOP('',(#6606,#6607,#6608,#6609));
#3465=PLANE('',#3466);
#3466=AXIS2_PLACEMENT_3D('',#3467,#3468,#3469);
#3467=CARTESIAN_POINT('',(14.5,-40.5,1.9076098447332E-15));
#3468=DIRECTION('',(1.,0.,0.));
#3469=DIRECTION('',(0.,0.,1.));
#3470=FACE_BOUND('',#3471,.T.);
#3471=EDGE_LOOP('',(#6610,#6611,#6612,#6613));
#3472=PLANE('',#3473);
#3473=AXIS2_PLACEMENT_3D('',#3474,#3475,#3476);
#3474=CARTESIAN_POINT('',(31.5,-40.5,2.));
#3475=DIRECTION('',(-1.,0.,0.));
#3476=DIRECTION('',(0.,0.,-1.));
#3477=FACE_BOUND('',#3478,.T.);
#3478=EDGE_LOOP('',(#6614,#6615,#6616,#6617));
#3479=PLANE('',#3480);
#3480=AXIS2_PLACEMENT_3D('',#3481,#3482,#3483);
#3481=CARTESIAN_POINT('',(37.5,-40.5,4.88958512972418E-15));
#3482=DIRECTION('',(1.,0.,0.));
#3483=DIRECTION('',(0.,0.,1.));
#3484=FACE_BOUND('',#3485,.T.);
#3485=EDGE_LOOP('',(#6618,#6619,#6620,#6621,#6622,#6623,#6624,#6625));
#3486=PLANE('',#3487);
#3487=AXIS2_PLACEMENT_3D('',#3488,#3489,#3490);
#3488=CARTESIAN_POINT('',(47.,41.25,16.));
#3489=DIRECTION('',(0.,0.,1.));
#3490=DIRECTION('',(-1.,-1.51179305480872E-16,0.));
#3491=FACE_BOUND('',#3492,.T.);
#3492=EDGE_LOOP('',(#6626,#6627,#6628,#6629));
#3493=PLANE('',#3494);
#3494=AXIS2_PLACEMENT_3D('',#3495,#3496,#3497);
#3495=CARTESIAN_POINT('',(-31.5,-40.5,2.));
#3496=DIRECTION('',(0.,0.,-1.));
#3497=DIRECTION('',(1.,0.,0.));
#3498=FACE_BOUND('',#3499,.T.);
#3499=EDGE_LOOP('',(#6630,#6631,#6632,#6633));
#3500=PLANE('',#3501);
#3501=AXIS2_PLACEMENT_3D('',#3502,#3503,#3504);
#3502=CARTESIAN_POINT('',(-30.4,-41.5,15.));
#3503=DIRECTION('',(4.33257765707378E-16,0.,-1.));
#3504=DIRECTION('',(-1.,0.,-4.33257765707378E-16));
#3505=FACE_BOUND('',#3506,.T.);
#3506=EDGE_LOOP('',(#6634,#6635,#6636,#6637));
#3507=PLANE('',#3508);
#3508=AXIS2_PLACEMENT_3D('',#3509,#3510,#3511);
#3509=CARTESIAN_POINT('',(-38.6,-40.5,2.));
#3510=DIRECTION('',(-1.21115239050017E-15,0.,-1.));
#3511=DIRECTION('',(1.,0.,-1.21115239050017E-15));
#3512=FACE_BOUND('',#3513,.T.);
#3513=EDGE_LOOP('',(#6638,#6639,#6640,#6641));
#3514=PLANE('',#3515);
#3515=AXIS2_PLACEMENT_3D('',#3516,#3517,#3518);
#3516=CARTESIAN_POINT('',(-7.6,-41.5,15.));
#3517=DIRECTION('',(2.22044604925031E-16,0.,-1.));
#3518=DIRECTION('',(-1.,0.,-2.22044604925031E-16));
#3519=FACE_BOUND('',#3520,.T.);
#3520=EDGE_LOOP('',(#6642,#6643,#6644,#6645));
#3521=PLANE('',#3522);
#3522=AXIS2_PLACEMENT_3D('',#3523,#3524,#3525);
#3523=CARTESIAN_POINT('',(-15.6,-40.5,2.));
#3524=DIRECTION('',(-1.21115239050017E-15,0.,-1.));
#3525=DIRECTION('',(1.,0.,-1.21115239050017E-15));
#3526=FACE_BOUND('',#3527,.T.);
#3527=EDGE_LOOP('',(#6646,#6647,#6648,#6649));
#3528=PLANE('',#3529);
#3529=AXIS2_PLACEMENT_3D('',#3530,#3531,#3532);
#3530=CARTESIAN_POINT('',(14.5,-40.5,2.));
#3531=DIRECTION('',(1.21115239050017E-15,0.,-1.));
#3532=DIRECTION('',(1.,0.,1.21115239050017E-15));
#3533=FACE_BOUND('',#3534,.T.);
#3534=EDGE_LOOP('',(#6650,#6651,#6652,#6653));
#3535=PLANE('',#3536);
#3536=AXIS2_PLACEMENT_3D('',#3537,#3538,#3539);
#3537=CARTESIAN_POINT('',(15.6,-41.5,15.));
#3538=DIRECTION('',(2.16628882853689E-16,0.,-1.));
#3539=DIRECTION('',(-1.,0.,-2.16628882853689E-16));
#3540=FACE_BOUND('',#3541,.T.);
#3541=EDGE_LOOP('',(#6654,#6655,#6656,#6657));
#3542=PLANE('',#3543);
#3543=AXIS2_PLACEMENT_3D('',#3544,#3545,#3546);
#3544=CARTESIAN_POINT('',(7.40000000000001,-40.5,2.));
#3545=DIRECTION('',(0.,0.,-1.));
#3546=DIRECTION('',(1.,0.,0.));
#3547=FACE_BOUND('',#3548,.T.);
#3548=EDGE_LOOP('',(#6658,#6659,#6660,#6661,#6662,#6663,#6664,#6665));
#3549=PLANE('',#3550);
#3550=AXIS2_PLACEMENT_3D('',#3551,#3552,#3553);
#3551=CARTESIAN_POINT('',(47.,41.25,16.));
#3552=DIRECTION('',(0.,0.,1.));
#3553=DIRECTION('',(-1.,-1.51179305480872E-16,0.));
#3554=FACE_BOUND('',#3555,.T.);
#3555=EDGE_LOOP('',(#6666,#6667,#6668,#6669));
#3556=PLANE('',#3557);
#3557=AXIS2_PLACEMENT_3D('',#3558,#3559,#3560);
#3558=CARTESIAN_POINT('',(37.5,-40.5,2.));
#3559=DIRECTION('',(0.,0.,-1.));
#3560=DIRECTION('',(1.,0.,0.));
#3561=FACE_BOUND('',#3562,.T.);
#3562=EDGE_LOOP('',(#6670,#6671,#6672,#6673));
#3563=PLANE('',#3564);
#3564=AXIS2_PLACEMENT_3D('',#3565,#3566,#3567);
#3565=CARTESIAN_POINT('',(38.6,-41.5,15.));
#3566=DIRECTION('',(2.16628882853689E-16,0.,-1.));
#3567=DIRECTION('',(-1.,0.,-2.16628882853689E-16));
#3568=FACE_BOUND('',#3569,.T.);
#3569=EDGE_LOOP('',(#6674,#6675,#6676,#6677));
#3570=PLANE('',#3571);
#3571=AXIS2_PLACEMENT_3D('',#3572,#3573,#3574);
#3572=CARTESIAN_POINT('',(30.4,-40.5,2.));
#3573=DIRECTION('',(4.03717463500056E-16,0.,-1.));
#3574=DIRECTION('',(1.,0.,4.03717463500056E-16));
#3575=FACE_BOUND('',#3576,.T.);
#3576=EDGE_LOOP('',(#6678,#6679,#6680,#6681,#6682,#6683,#6684,#6685,#6686,#6687,
#6688,#6689,#6690,#6691,#6692,#6693,#6694,#6695,#6696,#6697,#6698,#6699,#6700,#6701,
#6702,#6703,#6704,#6705,#6706,#6707,#6708,#6709,#6710,#6711,#6712,#6713,#6714,#6715,
#6716,#6717,#6718,#6719,#6720,#6721,#6722,#6723,#6724,#6725,#6726,#6727,#6728,#6729,
#6730,#6731,#6732,#6733,#6734,#6735,#6736,#6737,#6738,#6739,#6740,#6741,#6742,#6743,
#6744,#6745,#6746,#6747,#6748,#6749,#6750,#6751,#6752,#6753,#6754,#6755,#6756,#6757));
#3577=FACE_BOUND('',#3578,.T.);
#3578=EDGE_LOOP('',(#6758));
#3579=FACE_BOUND('',#3580,.T.);
#3580=EDGE_LOOP('',(#6759));
#3581=FACE_BOUND('',#3582,.T.);
#3582=EDGE_LOOP('',(#6760));
#3583=FACE_BOUND('',#3584,.T.);
#3584=EDGE_LOOP('',(#6761));
#3585=FACE_BOUND('',#3586,.T.);
#3586=EDGE_LOOP('',(#6762));
#3587=FACE_BOUND('',#3588,.T.);
#3588=EDGE_LOOP('',(#6763,#6764,#6765,#6766));
#3589=FACE_BOUND('',#3590,.T.);
#3590=EDGE_LOOP('',(#6767,#6768,#6769,#6770));
#3591=FACE_BOUND('',#3592,.T.);
#3592=EDGE_LOOP('',(#6771,#6772,#6773,#6774));
#3593=FACE_BOUND('',#3594,.T.);
#3594=EDGE_LOOP('',(#6775,#6776,#6777,#6778));
#3595=PLANE('',#3596);
#3596=AXIS2_PLACEMENT_3D('',#3597,#3598,#3599);
#3597=CARTESIAN_POINT('',(-47.,41.25,0.));
#3598=DIRECTION('',(0.,0.,-1.));
#3599=DIRECTION('',(1.,1.51179305480872E-16,0.));
#3600=FACE_BOUND('',#3601,.T.);
#3601=EDGE_LOOP('',(#6779,#6780,#6781,#6782));
#3602=PLANE('',#3603);
#3603=AXIS2_PLACEMENT_3D('',#3604,#3605,#3606);
#3604=CARTESIAN_POINT('',(7.4,-40.5,0.));
#3605=DIRECTION('',(0.,-1.,0.));
#3606=DIRECTION('',(1.,0.,0.));
#3607=FACE_BOUND('',#3608,.T.);
#3608=EDGE_LOOP('',(#6783,#6784,#6785,#6786));
#3609=PLANE('',#3610);
#3610=AXIS2_PLACEMENT_3D('',#3611,#3612,#3613);
#3611=CARTESIAN_POINT('',(7.4,-40.5,0.));
#3612=DIRECTION('',(0.,-1.,0.));
#3613=DIRECTION('',(1.,0.,0.));
#3614=FACE_BOUND('',#3615,.T.);
#3615=EDGE_LOOP('',(#6787,#6788,#6789,#6790));
#3616=PLANE('',#3617);
#3617=AXIS2_PLACEMENT_3D('',#3618,#3619,#3620);
#3618=CARTESIAN_POINT('',(15.6,-40.,0.));
#3619=DIRECTION('',(0.,1.,0.));
#3620=DIRECTION('',(-1.,0.,0.));
#3621=FACE_BOUND('',#3622,.T.);
#3622=EDGE_LOOP('',(#6791,#6792,#6793,#6794));
#3623=PLANE('',#3624);
#3624=AXIS2_PLACEMENT_3D('',#3625,#3626,#3627);
#3625=CARTESIAN_POINT('',(-15.6,-40.5,0.));
#3626=DIRECTION('',(0.,-1.,0.));
#3627=DIRECTION('',(1.,0.,0.));
#3628=FACE_BOUND('',#3629,.T.);
#3629=EDGE_LOOP('',(#6795,#6796,#6797,#6798));
#3630=PLANE('',#3631);
#3631=AXIS2_PLACEMENT_3D('',#3632,#3633,#3634);
#3632=CARTESIAN_POINT('',(-15.6,-40.5,0.));
#3633=DIRECTION('',(0.,-1.,0.));
#3634=DIRECTION('',(1.,0.,0.));
#3635=FACE_BOUND('',#3636,.T.);
#3636=EDGE_LOOP('',(#6799,#6800,#6801,#6802,#6803,#6804));
#3637=PLANE('',#3638);
#3638=AXIS2_PLACEMENT_3D('',#3639,#3640,#3641);
#3639=CARTESIAN_POINT('',(-7.4,-40.,0.));
#3640=DIRECTION('',(0.,1.,0.));
#3641=DIRECTION('',(-1.,0.,0.));
#3642=FACE_BOUND('',#3643,.T.);
#3643=EDGE_LOOP('',(#6805,#6806,#6807,#6808));
#3644=PLANE('',#3645);
#3645=AXIS2_PLACEMENT_3D('',#3646,#3647,#3648);
#3646=CARTESIAN_POINT('',(-38.6,-40.5,0.));
#3647=DIRECTION('',(0.,-1.,0.));
#3648=DIRECTION('',(1.,0.,0.));
#3649=FACE_BOUND('',#3650,.T.);
#3650=EDGE_LOOP('',(#6809,#6810,#6811,#6812));
#3651=PLANE('',#3652);
#3652=AXIS2_PLACEMENT_3D('',#3653,#3654,#3655);
#3653=CARTESIAN_POINT('',(-38.6,-40.5,0.));
#3654=DIRECTION('',(0.,-1.,0.));
#3655=DIRECTION('',(1.,0.,0.));
#3656=FACE_BOUND('',#3657,.T.);
#3657=EDGE_LOOP('',(#6813,#6814,#6815,#6816));
#3658=PLANE('',#3659);
#3659=AXIS2_PLACEMENT_3D('',#3660,#3661,#3662);
#3660=CARTESIAN_POINT('',(-30.4,-40.,0.));
#3661=DIRECTION('',(0.,1.,0.));
#3662=DIRECTION('',(-1.,0.,0.));
#3663=FACE_BOUND('',#3664,.T.);
#3664=EDGE_LOOP('',(#6817,#6818,#6819,#6820));
#3665=PLANE('',#3666);
#3666=AXIS2_PLACEMENT_3D('',#3667,#3668,#3669);
#3667=CARTESIAN_POINT('',(7.40000000000001,40.,0.));
#3668=DIRECTION('',(0.,-1.,0.));
#3669=DIRECTION('',(1.,0.,0.));
#3670=FACE_BOUND('',#3671,.T.);
#3671=EDGE_LOOP('',(#6821,#6822,#6823,#6824));
#3672=PLANE('',#3673);
#3673=AXIS2_PLACEMENT_3D('',#3674,#3675,#3676);
#3674=CARTESIAN_POINT('',(15.6,40.5,0.));
#3675=DIRECTION('',(0.,1.,0.));
#3676=DIRECTION('',(-1.,0.,0.));
#3677=FACE_BOUND('',#3678,.T.);
#3678=EDGE_LOOP('',(#6825,#6826,#6827,#6828));
#3679=PLANE('',#3680);
#3680=AXIS2_PLACEMENT_3D('',#3681,#3682,#3683);
#3681=CARTESIAN_POINT('',(15.6,40.5,0.));
#3682=DIRECTION('',(0.,1.,0.));
#3683=DIRECTION('',(-1.,0.,0.));
#3684=FACE_BOUND('',#3685,.T.);
#3685=EDGE_LOOP('',(#6829,#6830,#6831,#6832));
#3686=PLANE('',#3687);
#3687=AXIS2_PLACEMENT_3D('',#3688,#3689,#3690);
#3688=CARTESIAN_POINT('',(-7.39999999999999,40.5,0.));
#3689=DIRECTION('',(0.,1.,0.));
#3690=DIRECTION('',(-1.,0.,0.));
#3691=FACE_BOUND('',#3692,.T.);
#3692=EDGE_LOOP('',(#6833,#6834,#6835,#6836));
#3693=PLANE('',#3694);
#3694=AXIS2_PLACEMENT_3D('',#3695,#3696,#3697);
#3695=CARTESIAN_POINT('',(-7.39999999999999,40.5,0.));
#3696=DIRECTION('',(0.,1.,0.));
#3697=DIRECTION('',(-1.,0.,0.));
#3698=FACE_BOUND('',#3699,.T.);
#3699=EDGE_LOOP('',(#6837,#6838,#6839,#6840,#6841,#6842));
#3700=PLANE('',#3701);
#3701=AXIS2_PLACEMENT_3D('',#3702,#3703,#3704);
#3702=CARTESIAN_POINT('',(-15.6,40.,0.));
#3703=DIRECTION('',(0.,-1.,0.));
#3704=DIRECTION('',(1.,0.,0.));
#3705=FACE_BOUND('',#3706,.T.);
#3706=EDGE_LOOP('',(#6843,#6844,#6845,#6846));
#3707=PLANE('',#3708);
#3708=AXIS2_PLACEMENT_3D('',#3709,#3710,#3711);
#3709=CARTESIAN_POINT('',(-38.6,40.,0.));
#3710=DIRECTION('',(0.,-1.,0.));
#3711=DIRECTION('',(1.,0.,0.));
#3712=FACE_BOUND('',#3713,.T.);
#3713=EDGE_LOOP('',(#6847,#6848,#6849,#6850));
#3714=PLANE('',#3715);
#3715=AXIS2_PLACEMENT_3D('',#3716,#3717,#3718);
#3716=CARTESIAN_POINT('',(-30.4,40.5,0.));
#3717=DIRECTION('',(0.,1.,0.));
#3718=DIRECTION('',(-1.,0.,0.));
#3719=FACE_BOUND('',#3720,.T.);
#3720=EDGE_LOOP('',(#6851,#6852,#6853,#6854));
#3721=PLANE('',#3722);
#3722=AXIS2_PLACEMENT_3D('',#3723,#3724,#3725);
#3723=CARTESIAN_POINT('',(-30.4,40.5,0.));
#3724=DIRECTION('',(0.,1.,0.));
#3725=DIRECTION('',(-1.,0.,0.));
#3726=FACE_BOUND('',#3727,.T.);
#3727=EDGE_LOOP('',(#6855,#6856,#6857,#6858));
#3728=PLANE('',#3729);
#3729=AXIS2_PLACEMENT_3D('',#3730,#3731,#3732);
#3730=CARTESIAN_POINT('',(30.4,-40.5,0.));
#3731=DIRECTION('',(0.,-1.,0.));
#3732=DIRECTION('',(1.,0.,0.));
#3733=FACE_BOUND('',#3734,.T.);
#3734=EDGE_LOOP('',(#6859,#6860,#6861,#6862));
#3735=PLANE('',#3736);
#3736=AXIS2_PLACEMENT_3D('',#3737,#3738,#3739);
#3737=CARTESIAN_POINT('',(30.4,-40.5,0.));
#3738=DIRECTION('',(0.,-1.,0.));
#3739=DIRECTION('',(1.,0.,0.));
#3740=FACE_BOUND('',#3741,.T.);
#3741=EDGE_LOOP('',(#6863,#6864,#6865,#6866));
#3742=PLANE('',#3743);
#3743=AXIS2_PLACEMENT_3D('',#3744,#3745,#3746);
#3744=CARTESIAN_POINT('',(38.6,-40.,0.));
#3745=DIRECTION('',(0.,1.,0.));
#3746=DIRECTION('',(-1.,0.,0.));
#3747=FACE_BOUND('',#3748,.T.);
#3748=EDGE_LOOP('',(#6867,#6868,#6869,#6870));
#3749=PLANE('',#3750);
#3750=AXIS2_PLACEMENT_3D('',#3751,#3752,#3753);
#3751=CARTESIAN_POINT('',(30.4,40.,0.));
#3752=DIRECTION('',(0.,-1.,0.));
#3753=DIRECTION('',(1.,0.,0.));
#3754=FACE_BOUND('',#3755,.T.);
#3755=EDGE_LOOP('',(#6871,#6872,#6873,#6874));
#3756=PLANE('',#3757);
#3757=AXIS2_PLACEMENT_3D('',#3758,#3759,#3760);
#3758=CARTESIAN_POINT('',(38.6,40.5,0.));
#3759=DIRECTION('',(0.,1.,0.));
#3760=DIRECTION('',(-1.,0.,0.));
#3761=FACE_BOUND('',#3762,.T.);
#3762=EDGE_LOOP('',(#6875,#6876,#6877,#6878));
#3763=PLANE('',#3764);
#3764=AXIS2_PLACEMENT_3D('',#3765,#3766,#3767);
#3765=CARTESIAN_POINT('',(38.6,40.5,0.));
#3766=DIRECTION('',(0.,1.,0.));
#3767=DIRECTION('',(-1.,0.,0.));
#3768=FACE_BOUND('',#3769,.T.);
#3769=EDGE_LOOP('',(#6879,#6880,#6881,#6882,#6883,#6884));
#3770=PLANE('',#3771);
#3771=AXIS2_PLACEMENT_3D('',#3772,#3773,#3774);
#3772=CARTESIAN_POINT('',(4.5801790288111E-15,-37.4,0.));
#3773=DIRECTION('',(1.22464679914735E-16,-1.,0.));
#3774=DIRECTION('',(1.,1.22464679914735E-16,1.22464679914735E-16));
#3775=FACE_BOUND('',#3776,.T.);
#3776=EDGE_LOOP('',(#6885,#6886,#6887,#6888));
#3777=PLANE('',#3778);
#3778=AXIS2_PLACEMENT_3D('',#3779,#3780,#3781);
#3779=CARTESIAN_POINT('',(47.,41.25,16.));
#3780=DIRECTION('',(0.,0.,1.));
#3781=DIRECTION('',(-1.,-1.51179305480872E-16,0.));
#3782=FACE_BOUND('',#3783,.T.);
#3783=EDGE_LOOP('',(#6889,#6890,#6891,#6892,#6893,#6894,#6895,#6896));
#3784=PLANE('',#3785);
#3785=AXIS2_PLACEMENT_3D('',#3786,#3787,#3788);
#3786=CARTESIAN_POINT('',(5.05166804648283E-15,-41.25,0.));
#3787=DIRECTION('',(1.22464679914735E-16,-1.,0.));
#3788=DIRECTION('',(1.,1.22464679914735E-16,1.22464679914735E-16));
#3789=FACE_BOUND('',#3790,.T.);
#3790=EDGE_LOOP('',(#6897,#6898,#6899,#6900));
#3791=PLANE('',#3792);
#3792=AXIS2_PLACEMENT_3D('',#3793,#3794,#3795);
#3793=CARTESIAN_POINT('',(4.65365783675994E-15,-38.,0.));
#3794=DIRECTION('',(1.22464679914735E-16,-1.,0.));
#3795=DIRECTION('',(1.,1.22464679914735E-16,1.22464679914735E-16));
#3796=FACE_BOUND('',#3797,.T.);
#3797=EDGE_LOOP('',(#6901,#6902,#6903,#6904,#6905,#6906,#6907,#6908,#6909,#6910,
#6911,#6912,#6913,#6914,#6915,#6916,#6917,#6918,#6919,#6920,#6921,#6922,#6923,#6924,
#6925,#6926,#6927,#6928,#6929,#6930,#6931,#6932,#6933,#6934,#6935,#6936,#6937,#6938,
#6939,#6940,#6941,#6942,#6943,#6944,#6945,#6946,#6947,#6948,#6949,#6950,#6951,#6952,
#6953,#6954,#6955,#6956));
#3798=PLANE('',#3799);
#3799=AXIS2_PLACEMENT_3D('',#3800,#3801,#3802);
#3800=CARTESIAN_POINT('',(-4.5801790288111E-15,37.4,0.));
#3801=DIRECTION('',(1.22464679914735E-16,-1.,0.));
#3802=DIRECTION('',(1.,1.22464679914735E-16,1.22464679914735E-16));
#3803=FACE_BOUND('',#3804,.T.);
#3804=EDGE_LOOP('',(#6957,#6958,#6959,#6960,#6961,#6962,#6963,#6964));
#3805=CYLINDRICAL_SURFACE('',#3806,11.);
#3806=AXIS2_PLACEMENT_3D('',#3807,#3808,#3809);
#3807=CARTESIAN_POINT('',(34.5,37.4,11.5));
#3808=DIRECTION('',(1.22464679914735E-16,-1.,0.));
#3809=DIRECTION('',(-1.,-1.22464679914735E-16,3.90223054852874E-17));
#3810=FACE_BOUND('',#3811,.T.);
#3811=EDGE_LOOP('',(#6965,#6966,#6967,#6968,#6969,#6970,#6971,#6972,#6973,#6974,
#6975));
#3812=CYLINDRICAL_SURFACE('',#3813,11.);
#3813=AXIS2_PLACEMENT_3D('',#3814,#3815,#3816);
#3814=CARTESIAN_POINT('',(34.5,37.4,11.5));
#3815=DIRECTION('',(1.22464679914735E-16,-1.,0.));
#3816=DIRECTION('',(-1.,-1.22464679914735E-16,3.90223054852874E-17));
#3817=FACE_BOUND('',#3818,.T.);
#3818=EDGE_LOOP('',(#6976,#6977,#6978,#6979,#6980,#6981));
#3819=PLANE('',#3820);
#3820=AXIS2_PLACEMENT_3D('',#3821,#3822,#3823);
#3821=CARTESIAN_POINT('',(9.79717439317883E-16,-8.,0.));
#3822=DIRECTION('',(1.22464679914735E-16,-1.,0.));
#3823=DIRECTION('',(1.,1.22464679914735E-16,1.22464679914735E-16));
#3824=FACE_BOUND('',#3825,.T.);
#3825=EDGE_LOOP('',(#6982,#6983,#6984,#6985));
#3826=CYLINDRICAL_SURFACE('',#3827,11.5377104152216);
#3827=AXIS2_PLACEMENT_3D('',#3828,#3829,#3830);
#3828=CARTESIAN_POINT('',(34.9719460193702,8.,12.0280539806298));
#3829=DIRECTION('',(1.22464679914735E-16,-1.,0.));
#3830=DIRECTION('',(-0.0409046511297058,-5.00937500762333E-18,-0.99916305451911));
#3831=FACE_BOUND('',#3832,.T.);
#3832=EDGE_LOOP('',(#6986,#6987,#6988,#6989,#6990,#6991));
#3833=PLANE('',#3834);
#3834=AXIS2_PLACEMENT_3D('',#3835,#3836,#3837);
#3835=CARTESIAN_POINT('',(-9.79717439317883E-16,8.,0.));
#3836=DIRECTION('',(1.22464679914735E-16,-1.,0.));
#3837=DIRECTION('',(1.,1.22464679914735E-16,1.22464679914735E-16));
#3838=FACE_BOUND('',#3839,.T.);
#3839=EDGE_LOOP('',(#6992,#6993,#6994,#6995,#6996,#6997,#6998,#6999,#7000,#7001,
#7002));
#3840=CYLINDRICAL_SURFACE('',#3841,11.);
#3841=AXIS2_PLACEMENT_3D('',#3842,#3843,#3844);
#3842=CARTESIAN_POINT('',(34.5,37.4,11.5));
#3843=DIRECTION('',(1.22464679914735E-16,-1.,0.));
#3844=DIRECTION('',(-1.,-1.22464679914735E-16,3.90223054852874E-17));
#3845=FACE_BOUND('',#3846,.T.);
#3846=EDGE_LOOP('',(#7003,#7004,#7005,#7006,#7007,#7008));
#3847=PLANE('',#3848);
#3848=AXIS2_PLACEMENT_3D('',#3849,#3850,#3851);
#3849=CARTESIAN_POINT('',(5.05166804648283E-15,-41.25,0.));
#3850=DIRECTION('',(1.22464679914735E-16,-1.,0.));
#3851=DIRECTION('',(1.,1.22464679914735E-16,1.22464679914735E-16));
#3852=FACE_BOUND('',#3853,.T.);
#3853=EDGE_LOOP('',(#7009,#7010,#7011,#7012,#7013,#7014,#7015));
#3854=PLANE('',#3855);
#3855=AXIS2_PLACEMENT_3D('',#3856,#3857,#3858);
#3856=CARTESIAN_POINT('',(47.,41.25,16.));
#3857=DIRECTION('',(0.,0.,1.));
#3858=DIRECTION('',(-1.,-1.51179305480872E-16,0.));
#3859=FACE_BOUND('',#3860,.T.);
#3860=EDGE_LOOP('',(#7016,#7017,#7018,#7019,#7020,#7021,#7022));
#3861=PLANE('',#3862);
#3862=AXIS2_PLACEMENT_3D('',#3863,#3864,#3865);
#3863=CARTESIAN_POINT('',(4.5801790288111E-15,-37.4,0.));
#3864=DIRECTION('',(1.22464679914735E-16,-1.,0.));
#3865=DIRECTION('',(1.,1.22464679914735E-16,1.22464679914735E-16));
#3866=FACE_BOUND('',#3867,.T.);
#3867=EDGE_LOOP('',(#7023,#7024,#7025,#7026,#7027,#7028));
#3868=PLANE('',#3869);
#3869=AXIS2_PLACEMENT_3D('',#3870,#3871,#3872);
#3870=CARTESIAN_POINT('',(4.5801790288111E-15,-37.4,0.));
#3871=DIRECTION('',(1.22464679914735E-16,-1.,0.));
#3872=DIRECTION('',(1.,1.22464679914735E-16,1.22464679914735E-16));
#3873=FACE_BOUND('',#3874,.T.);
#3874=EDGE_LOOP('',(#7029,#7030,#7031,#7032,#7033,#7034,#7035,#7036));
#3875=PLANE('',#3876);
#3876=AXIS2_PLACEMENT_3D('',#3877,#3878,#3879);
#3877=CARTESIAN_POINT('',(5.05166804648283E-15,-41.25,0.));
#3878=DIRECTION('',(1.22464679914735E-16,-1.,0.));
#3879=DIRECTION('',(1.,1.22464679914735E-16,1.22464679914735E-16));
#3880=FACE_BOUND('',#3881,.T.);
#3881=EDGE_LOOP('',(#7037,#7038,#7039,#7040));
#3882=PLANE('',#3883);
#3883=AXIS2_PLACEMENT_3D('',#3884,#3885,#3886);
#3884=CARTESIAN_POINT('',(4.65365783675994E-15,-38.,0.));
#3885=DIRECTION('',(1.22464679914735E-16,-1.,0.));
#3886=DIRECTION('',(1.,1.22464679914735E-16,1.22464679914735E-16));
#3887=FACE_BOUND('',#3888,.T.);
#3888=EDGE_LOOP('',(#7041,#7042,#7043,#7044,#7045,#7046,#7047,#7048));
#3889=CYLINDRICAL_SURFACE('',#3890,11.);
#3890=AXIS2_PLACEMENT_3D('',#3891,#3892,#3893);
#3891=CARTESIAN_POINT('',(11.5,37.4,11.5));
#3892=DIRECTION('',(1.22464679914735E-16,-1.,0.));
#3893=DIRECTION('',(-1.,-1.22464679914735E-16,3.90223054852874E-17));
#3894=FACE_BOUND('',#3895,.T.);
#3895=EDGE_LOOP('',(#7049,#7050,#7051,#7052,#7053,#7054,#7055,#7056));
#3896=CYLINDRICAL_SURFACE('',#3897,11.);
#3897=AXIS2_PLACEMENT_3D('',#3898,#3899,#3900);
#3898=CARTESIAN_POINT('',(11.5,37.4,11.5));
#3899=DIRECTION('',(1.22464679914735E-16,-1.,0.));
#3900=DIRECTION('',(-1.,-1.22464679914735E-16,3.90223054852874E-17));
#3901=FACE_BOUND('',#3902,.T.);
#3902=EDGE_LOOP('',(#7057,#7058,#7059,#7060,#7061,#7062));
#3903=PLANE('',#3904);
#3904=AXIS2_PLACEMENT_3D('',#3905,#3906,#3907);
#3905=CARTESIAN_POINT('',(4.5801790288111E-15,-37.4,0.));
#3906=DIRECTION('',(1.22464679914735E-16,-1.,0.));
#3907=DIRECTION('',(1.,1.22464679914735E-16,1.22464679914735E-16));
#3908=FACE_BOUND('',#3909,.T.);
#3909=EDGE_LOOP('',(#7063,#7064,#7065,#7066));
#3910=PLANE('',#3911);
#3911=AXIS2_PLACEMENT_3D('',#3912,#3913,#3914);
#3912=CARTESIAN_POINT('',(47.,41.25,16.));
#3913=DIRECTION('',(0.,0.,1.));
#3914=DIRECTION('',(-1.,-1.51179305480872E-16,0.));
#3915=FACE_BOUND('',#3916,.T.);
#3916=EDGE_LOOP('',(#7067,#7068,#7069,#7070,#7071,#7072,#7073,#7074));
#3917=PLANE('',#3918);
#3918=AXIS2_PLACEMENT_3D('',#3919,#3920,#3921);
#3919=CARTESIAN_POINT('',(5.05166804648283E-15,-41.25,0.));
#3920=DIRECTION('',(1.22464679914735E-16,-1.,0.));
#3921=DIRECTION('',(1.,1.22464679914735E-16,1.22464679914735E-16));
#3922=FACE_BOUND('',#3923,.T.);
#3923=EDGE_LOOP('',(#7075,#7076,#7077,#7078,#7079,#7080));
#3924=PLANE('',#3925);
#3925=AXIS2_PLACEMENT_3D('',#3926,#3927,#3928);
#3926=CARTESIAN_POINT('',(4.65365783675994E-15,-38.,0.));
#3927=DIRECTION('',(1.22464679914735E-16,-1.,0.));
#3928=DIRECTION('',(1.,1.22464679914735E-16,1.22464679914735E-16));
#3929=FACE_BOUND('',#3930,.T.);
#3930=EDGE_LOOP('',(#7081,#7082,#7083,#7084,#7085,#7086,#7087,#7088));
#3931=CYLINDRICAL_SURFACE('',#3932,11.);
#3932=AXIS2_PLACEMENT_3D('',#3933,#3934,#3935);
#3933=CARTESIAN_POINT('',(-11.5,37.4,11.5));
#3934=DIRECTION('',(1.22464679914735E-16,-1.,0.));
#3935=DIRECTION('',(-1.,-1.22464679914735E-16,3.90223054852874E-17));
#3936=FACE_BOUND('',#3937,.T.);
#3937=EDGE_LOOP('',(#7089,#7090,#7091,#7092,#7093,#7094,#7095));
#3938=PLANE('',#3939);
#3939=AXIS2_PLACEMENT_3D('',#3940,#3941,#3942);
#3940=CARTESIAN_POINT('',(4.5801790288111E-15,-37.4,0.));
#3941=DIRECTION('',(1.22464679914735E-16,-1.,0.));
#3942=DIRECTION('',(1.,1.22464679914735E-16,1.22464679914735E-16));
#3943=FACE_BOUND('',#3944,.T.);
#3944=EDGE_LOOP('',(#7096,#7097,#7098,#7099,#7100,#7101,#7102));
#3945=PLANE('',#3946);
#3946=AXIS2_PLACEMENT_3D('',#3947,#3948,#3949);
#3947=CARTESIAN_POINT('',(47.,41.25,16.));
#3948=DIRECTION('',(0.,0.,1.));
#3949=DIRECTION('',(-1.,-1.51179305480872E-16,0.));
#3950=FACE_BOUND('',#3951,.T.);
#3951=EDGE_LOOP('',(#7103,#7104,#7105,#7106,#7107,#7108));
#3952=PLANE('',#3953);
#3953=AXIS2_PLACEMENT_3D('',#3954,#3955,#3956);
#3954=CARTESIAN_POINT('',(5.05166804648283E-15,-41.25,0.));
#3955=DIRECTION('',(1.22464679914735E-16,-1.,0.));
#3956=DIRECTION('',(1.,1.22464679914735E-16,1.22464679914735E-16));
#3957=FACE_BOUND('',#3958,.T.);
#3958=EDGE_LOOP('',(#7109,#7110,#7111,#7112));
#3959=PLANE('',#3960);
#3960=AXIS2_PLACEMENT_3D('',#3961,#3962,#3963);
#3961=CARTESIAN_POINT('',(4.65365783675994E-15,-38.,0.));
#3962=DIRECTION('',(1.22464679914735E-16,-1.,0.));
#3963=DIRECTION('',(1.,1.22464679914735E-16,1.22464679914735E-16));
#3964=FACE_BOUND('',#3965,.T.);
#3965=EDGE_LOOP('',(#7113,#7114,#7115,#7116,#7117,#7118,#7119,#7120,#7121,#7122,
#7123));
#3966=CYLINDRICAL_SURFACE('',#3967,11.);
#3967=AXIS2_PLACEMENT_3D('',#3968,#3969,#3970);
#3968=CARTESIAN_POINT('',(-34.5,37.4,11.5));
#3969=DIRECTION('',(1.22464679914735E-16,-1.,0.));
#3970=DIRECTION('',(-1.,-1.22464679914735E-16,3.90223054852874E-17));
#3971=FACE_BOUND('',#3972,.T.);
#3972=EDGE_LOOP('',(#7124,#7125,#7126,#7127,#7128,#7129));
#3973=PLANE('',#3974);
#3974=AXIS2_PLACEMENT_3D('',#3975,#3976,#3977);
#3975=CARTESIAN_POINT('',(-9.79717439317883E-16,8.,0.));
#3976=DIRECTION('',(1.22464679914735E-16,-1.,0.));
#3977=DIRECTION('',(1.,1.22464679914735E-16,1.22464679914735E-16));
#3978=FACE_BOUND('',#3979,.T.);
#3979=EDGE_LOOP('',(#7130,#7131,#7132,#7133));
#3980=CYLINDRICAL_SURFACE('',#3981,12.);
#3981=AXIS2_PLACEMENT_3D('',#3982,#3983,#3984);
#3982=CARTESIAN_POINT('',(-34.5,8.,12.5));
#3983=DIRECTION('',(1.22464679914735E-16,-1.,0.));
#3984=DIRECTION('',(-1.,-1.22464679914735E-16,-4.1852415314811E-16));
#3985=FACE_BOUND('',#3986,.T.);
#3986=EDGE_LOOP('',(#7134,#7135,#7136,#7137,#7138,#7139));
#3987=PLANE('',#3988);
#3988=AXIS2_PLACEMENT_3D('',#3989,#3990,#3991);
#3989=CARTESIAN_POINT('',(9.79717439317883E-16,-8.,0.));
#3990=DIRECTION('',(1.22464679914735E-16,-1.,0.));
#3991=DIRECTION('',(1.,1.22464679914735E-16,1.22464679914735E-16));
#3992=FACE_BOUND('',#3993,.T.);
#3993=EDGE_LOOP('',(#7140,#7141,#7142,#7143,#7144,#7145,#7146,#7147,#7148,#7149,
#7150));
#3994=CYLINDRICAL_SURFACE('',#3995,11.);
#3995=AXIS2_PLACEMENT_3D('',#3996,#3997,#3998);
#3996=CARTESIAN_POINT('',(-34.5,37.4,11.5));
#3997=DIRECTION('',(1.22464679914735E-16,-1.,0.));
#3998=DIRECTION('',(-1.,-1.22464679914735E-16,3.90223054852874E-17));
#3999=FACE_BOUND('',#4000,.T.);
#4000=EDGE_LOOP('',(#7151,#7152,#7153,#7154,#7155,#7156,#7157,#7158));
#4001=CYLINDRICAL_SURFACE('',#4002,11.);
#4002=AXIS2_PLACEMENT_3D('',#4003,#4004,#4005);
#4003=CARTESIAN_POINT('',(-34.5,37.4,11.5));
#4004=DIRECTION('',(1.22464679914735E-16,-1.,0.));
#4005=DIRECTION('',(-1.,-1.22464679914735E-16,3.90223054852874E-17));
#4006=FACE_BOUND('',#4007,.T.);
#4007=EDGE_LOOP('',(#7159,#7160,#7161,#7162,#7163,#7164));
#4008=PLANE('',#4009);
#4009=AXIS2_PLACEMENT_3D('',#4010,#4011,#4012);
#4010=CARTESIAN_POINT('',(0.,38.,0.));
#4011=DIRECTION('',(0.,1.,0.));
#4012=DIRECTION('',(1.,0.,0.));
#4013=FACE_BOUND('',#4014,.T.);
#4014=EDGE_LOOP('',(#7165,#7166,#7167,#7168));
#4015=CYLINDRICAL_SURFACE('',#4016,1.59999967353195);
#4016=AXIS2_PLACEMENT_3D('',#4017,#4018,#4019);
#4017=CARTESIAN_POINT('',(37.,37.,4.59999967353198));
#4018=DIRECTION('',(0.,1.,0.));
#4019=DIRECTION('',(0.999999999999979,0.,2.04042553963998E-7));
#4020=FACE_BOUND('',#4021,.T.);
#4021=EDGE_LOOP('',(#7169,#7170,#7171,#7172,#7173,#7174,#7175));
#4022=PLANE('',#4023);
#4023=AXIS2_PLACEMENT_3D('',#4024,#4025,#4026);
#4024=CARTESIAN_POINT('',(47.,41.25,16.));
#4025=DIRECTION('',(0.,0.,1.));
#4026=DIRECTION('',(-1.,-1.51179305480872E-16,0.));
#4027=FACE_BOUND('',#4028,.T.);
#4028=EDGE_LOOP('',(#7176,#7177,#7178,#7179,#7180,#7181));
#4029=PLANE('',#4030);
#4030=AXIS2_PLACEMENT_3D('',#4031,#4032,#4033);
#4031=CARTESIAN_POINT('',(-5.05166804648283E-15,41.25,0.));
#4032=DIRECTION('',(1.22464679914735E-16,-1.,0.));
#4033=DIRECTION('',(1.,1.22464679914735E-16,1.22464679914735E-16));
#4034=FACE_BOUND('',#4035,.T.);
#4035=EDGE_LOOP('',(#7182,#7183,#7184,#7185));
#4036=CYLINDRICAL_SURFACE('',#4037,1.60000000000002);
#4037=AXIS2_PLACEMENT_3D('',#4038,#4039,#4040);
#4038=CARTESIAN_POINT('',(32.,37.,4.6));
#4039=DIRECTION('',(0.,1.,0.));
#4040=DIRECTION('',(-1.33226762955017E-14,0.,-1.));
#4041=FACE_BOUND('',#4042,.T.);
#4042=EDGE_LOOP('',(#7186,#7187,#7188,#7189,#7190,#7191,#7192,#7193));
#4043=PLANE('',#4044);
#4044=AXIS2_PLACEMENT_3D('',#4045,#4046,#4047);
#4045=CARTESIAN_POINT('',(-5.05166804648283E-15,41.25,0.));
#4046=DIRECTION('',(1.22464679914735E-16,-1.,0.));
#4047=DIRECTION('',(1.,1.22464679914735E-16,1.22464679914735E-16));
#4048=FACE_BOUND('',#4049,.T.);
#4049=EDGE_LOOP('',(#7194,#7195,#7196,#7197));
#4050=PLANE('',#4051);
#4051=AXIS2_PLACEMENT_3D('',#4052,#4053,#4054);
#4052=CARTESIAN_POINT('',(47.,41.25,16.));
#4053=DIRECTION('',(0.,0.,1.));
#4054=DIRECTION('',(-1.,-1.51179305480872E-16,0.));
#4055=FACE_BOUND('',#4056,.T.);
#4056=EDGE_LOOP('',(#7198,#7199,#7200,#7201,#7202,#7203));
#4057=PLANE('',#4058);
#4058=AXIS2_PLACEMENT_3D('',#4059,#4060,#4061);
#4059=CARTESIAN_POINT('',(0.,38.,0.));
#4060=DIRECTION('',(0.,1.,0.));
#4061=DIRECTION('',(1.,0.,0.));
#4062=FACE_BOUND('',#4063,.T.);
#4063=EDGE_LOOP('',(#7204,#7205,#7206,#7207));
#4064=CYLINDRICAL_SURFACE('',#4065,1.6);
#4065=AXIS2_PLACEMENT_3D('',#4066,#4067,#4068);
#4066=CARTESIAN_POINT('',(14.,37.,4.6));
#4067=DIRECTION('',(0.,1.,0.));
#4068=DIRECTION('',(1.,0.,0.));
#4069=FACE_BOUND('',#4070,.T.);
#4070=EDGE_LOOP('',(#7208,#7209,#7210,#7211));
#4071=CYLINDRICAL_SURFACE('',#4072,1.6);
#4072=AXIS2_PLACEMENT_3D('',#4073,#4074,#4075);
#4073=CARTESIAN_POINT('',(9.,37.,4.6));
#4074=DIRECTION('',(0.,1.,0.));
#4075=DIRECTION('',(-1.11022302462516E-15,0.,-1.));
#4076=FACE_BOUND('',#4077,.T.);
#4077=EDGE_LOOP('',(#7212,#7213,#7214,#7215,#7216,#7217,#7218,#7219));
#4078=PLANE('',#4079);
#4079=AXIS2_PLACEMENT_3D('',#4080,#4081,#4082);
#4080=CARTESIAN_POINT('',(-5.05166804648283E-15,41.25,0.));
#4081=DIRECTION('',(1.22464679914735E-16,-1.,0.));
#4082=DIRECTION('',(1.,1.22464679914735E-16,1.22464679914735E-16));
#4083=FACE_BOUND('',#4084,.T.);
#4084=EDGE_LOOP('',(#7220,#7221,#7222,#7223));
#4085=CYLINDRICAL_SURFACE('',#4086,1.60000000000002);
#4086=AXIS2_PLACEMENT_3D('',#4087,#4088,#4089);
#4087=CARTESIAN_POINT('',(-14.,37.,4.6));
#4088=DIRECTION('',(0.,1.,0.));
#4089=DIRECTION('',(-1.33226762955017E-14,0.,-1.));
#4090=FACE_BOUND('',#4091,.T.);
#4091=EDGE_LOOP('',(#7224,#7225,#7226,#7227,#7228,#7229,#7230,#7231));
#4092=PLANE('',#4093);
#4093=AXIS2_PLACEMENT_3D('',#4094,#4095,#4096);
#4094=CARTESIAN_POINT('',(0.,38.,0.));
#4095=DIRECTION('',(0.,1.,0.));
#4096=DIRECTION('',(1.,0.,0.));
#4097=FACE_BOUND('',#4098,.T.);
#4098=EDGE_LOOP('',(#7232,#7233,#7234,#7235,#7236,#7237,#7238,#7239));
#4099=PLANE('',#4100);
#4100=AXIS2_PLACEMENT_3D('',#4101,#4102,#4103);
#4101=CARTESIAN_POINT('',(-5.05166804648283E-15,41.25,0.));
#4102=DIRECTION('',(1.22464679914735E-16,-1.,0.));
#4103=DIRECTION('',(1.,1.22464679914735E-16,1.22464679914735E-16));
#4104=FACE_BOUND('',#4105,.T.);
#4105=EDGE_LOOP('',(#7240,#7241,#7242,#7243));
#4106=PLANE('',#4107);
#4107=AXIS2_PLACEMENT_3D('',#4108,#4109,#4110);
#4108=CARTESIAN_POINT('',(47.,41.25,16.));
#4109=DIRECTION('',(0.,0.,1.));
#4110=DIRECTION('',(-1.,-1.51179305480872E-16,0.));
#4111=FACE_BOUND('',#4112,.T.);
#4112=EDGE_LOOP('',(#7244,#7245,#7246,#7247,#7248,#7249));
#4113=PLANE('',#4114);
#4114=AXIS2_PLACEMENT_3D('',#4115,#4116,#4117);
#4115=CARTESIAN_POINT('',(0.,38.,0.));
#4116=DIRECTION('',(0.,1.,0.));
#4117=DIRECTION('',(1.,0.,0.));
#4118=FACE_BOUND('',#4119,.T.);
#4119=EDGE_LOOP('',(#7250,#7251,#7252,#7253));
#4120=CYLINDRICAL_SURFACE('',#4121,1.59999967353195);
#4121=AXIS2_PLACEMENT_3D('',#4122,#4123,#4124);
#4122=CARTESIAN_POINT('',(-32.,37.,4.59999967353198));
#4123=DIRECTION('',(0.,1.,0.));
#4124=DIRECTION('',(0.999999999999979,0.,2.04042553963998E-7));
#4125=FACE_BOUND('',#4126,.T.);
#4126=EDGE_LOOP('',(#7254,#7255,#7256,#7257));
#4127=CYLINDRICAL_SURFACE('',#4128,1.60000000000002);
#4128=AXIS2_PLACEMENT_3D('',#4129,#4130,#4131);
#4129=CARTESIAN_POINT('',(-37.,37.,4.6));
#4130=DIRECTION('',(0.,1.,0.));
#4131=DIRECTION('',(-1.33226762955017E-14,0.,-1.));
#4132=FACE_BOUND('',#4133,.T.);
#4133=EDGE_LOOP('',(#7258,#7259,#7260,#7261,#7262,#7263));
#4134=PLANE('',#4135);
#4135=AXIS2_PLACEMENT_3D('',#4136,#4137,#4138);
#4136=CARTESIAN_POINT('',(-5.05166804648283E-15,41.25,0.));
#4137=DIRECTION('',(1.22464679914735E-16,-1.,0.));
#4138=DIRECTION('',(1.,1.22464679914735E-16,1.22464679914735E-16));
#4139=FACE_BOUND('',#4140,.T.);
#4140=EDGE_LOOP('',(#7264,#7265,#7266,#7267,#7268,#7269,#7270));
#4141=PLANE('',#4142);
#4142=AXIS2_PLACEMENT_3D('',#4143,#4144,#4145);
#4143=CARTESIAN_POINT('',(47.,41.25,16.));
#4144=DIRECTION('',(0.,0.,1.));
#4145=DIRECTION('',(-1.,-1.51179305480872E-16,0.));
#4146=FACE_BOUND('',#4147,.T.);
#4147=EDGE_LOOP('',(#7271,#7272,#7273,#7274));
#4148=PLANE('',#4149);
#4149=AXIS2_PLACEMENT_3D('',#4150,#4151,#4152);
#4150=CARTESIAN_POINT('',(-7.4000003264681,37.,16.));
#4151=DIRECTION('',(1.,0.,0.));
#4152=DIRECTION('',(0.,0.,-1.));
#4153=FACE_BOUND('',#4154,.T.);
#4154=EDGE_LOOP('',(#7275,#7276,#7277,#7278,#7279,#7280));
#4155=PLANE('',#4156);
#4156=AXIS2_PLACEMENT_3D('',#4157,#4158,#4159);
#4157=CARTESIAN_POINT('',(-7.4,-37.,-9.42667824364554E-16));
#4158=DIRECTION('',(1.,0.,0.));
#4159=DIRECTION('',(0.,0.,1.));
#4160=FACE_BOUND('',#4161,.T.);
#4161=EDGE_LOOP('',(#7281,#7282,#7283,#7284));
#4162=CYLINDRICAL_SURFACE('',#4163,1.);
#4163=AXIS2_PLACEMENT_3D('',#4164,#4165,#4166);
#4164=CARTESIAN_POINT('',(46.,40.25,-4.));
#4165=DIRECTION('',(0.,0.,-1.));
#4166=DIRECTION('',(0.,1.,0.));
#4167=FACE_BOUND('',#4168,.T.);
#4168=EDGE_LOOP('',(#7285,#7286,#7287,#7288,#7289,#7290,#7291,#7292,#7293,#7294,
#7295,#7296,#7297,#7298,#7299,#7300,#7301,#7302));
#4169=PLANE('',#4170);
#4170=AXIS2_PLACEMENT_3D('',#4171,#4172,#4173);
#4171=CARTESIAN_POINT('',(47.,41.25,0.));
#4172=DIRECTION('',(1.,1.72252784426691E-16,0.));
#4173=DIRECTION('',(0.,0.,1.));
#4174=FACE_BOUND('',#4175,.T.);
#4175=EDGE_LOOP('',(#7303,#7304,#7305,#7306));
#4176=PLANE('',#4177);
#4177=AXIS2_PLACEMENT_3D('',#4178,#4179,#4180);
#4178=CARTESIAN_POINT('',(45.,4.,4.));
#4179=DIRECTION('',(0.,1.,0.));
#4180=DIRECTION('',(1.,0.,0.));
#4181=FACE_BOUND('',#4182,.T.);
#4182=EDGE_LOOP('',(#7307,#7308,#7309,#7310));
#4183=PLANE('',#4184);
#4184=AXIS2_PLACEMENT_3D('',#4185,#4186,#4187);
#4185=CARTESIAN_POINT('',(45.,-4.,4.));
#4186=DIRECTION('',(-1.,0.,0.));
#4187=DIRECTION('',(0.,1.,0.));
#4188=FACE_BOUND('',#4189,.T.);
#4189=EDGE_LOOP('',(#7311,#7312,#7313,#7314));
#4190=PLANE('',#4191);
#4191=AXIS2_PLACEMENT_3D('',#4192,#4193,#4194);
#4192=CARTESIAN_POINT('',(47.,-4.,4.));
#4193=DIRECTION('',(0.,-1.,0.));
#4194=DIRECTION('',(-1.,0.,0.));
#4195=FACE_BOUND('',#4196,.T.);
#4196=EDGE_LOOP('',(#7315,#7316,#7317,#7318));
#4197=CYLINDRICAL_SURFACE('',#4198,1.);
#4198=AXIS2_PLACEMENT_3D('',#4199,#4200,#4201);
#4199=CARTESIAN_POINT('',(46.,-40.25,-4.));
#4200=DIRECTION('',(0.,0.,1.));
#4201=DIRECTION('',(0.,-1.,0.));
#4202=FACE_BOUND('',#4203,.T.);
#4203=EDGE_LOOP('',(#7319,#7320,#7321,#7322));
#4204=CYLINDRICAL_SURFACE('',#4205,1.);
#4205=AXIS2_PLACEMENT_3D('',#4206,#4207,#4208);
#4206=CARTESIAN_POINT('',(-46.,-40.25,20.));
#4207=DIRECTION('',(0.,0.,-1.));
#4208=DIRECTION('',(0.,-1.,0.));
#4209=FACE_BOUND('',#4210,.T.);
#4210=EDGE_LOOP('',(#7323,#7324,#7325,#7326,#7327,#7328,#7329,#7330,#7331,#7332,
#7333,#7334,#7335,#7336,#7337,#7338,#7339,#7340));
#4211=PLANE('',#4212);
#4212=AXIS2_PLACEMENT_3D('',#4213,#4214,#4215);
#4213=CARTESIAN_POINT('',(-47.,41.25,16.));
#4214=DIRECTION('',(-1.,-1.72252784426691E-16,0.));
#4215=DIRECTION('',(0.,0.,-1.));
#4216=FACE_BOUND('',#4217,.T.);
#4217=EDGE_LOOP('',(#7341,#7342,#7343,#7344));
#4218=PLANE('',#4219);
#4219=AXIS2_PLACEMENT_3D('',#4220,#4221,#4222);
#4220=CARTESIAN_POINT('',(-45.,-4.,4.));
#4221=DIRECTION('',(0.,-1.,0.));
#4222=DIRECTION('',(-1.,0.,0.));
#4223=FACE_BOUND('',#4224,.T.);
#4224=EDGE_LOOP('',(#7345,#7346,#7347,#7348));
#4225=PLANE('',#4226);
#4226=AXIS2_PLACEMENT_3D('',#4227,#4228,#4229);
#4227=CARTESIAN_POINT('',(-45.,4.,4.));
#4228=DIRECTION('',(1.,0.,0.));
#4229=DIRECTION('',(0.,-1.,0.));
#4230=FACE_BOUND('',#4231,.T.);
#4231=EDGE_LOOP('',(#7349,#7350,#7351,#7352));
#4232=PLANE('',#4233);
#4233=AXIS2_PLACEMENT_3D('',#4234,#4235,#4236);
#4234=CARTESIAN_POINT('',(-47.,4.,4.));
#4235=DIRECTION('',(0.,1.,0.));
#4236=DIRECTION('',(1.,0.,0.));
#4237=FACE_BOUND('',#4238,.T.);
#4238=EDGE_LOOP('',(#7353,#7354,#7355,#7356));
#4239=CYLINDRICAL_SURFACE('',#4240,1.);
#4240=AXIS2_PLACEMENT_3D('',#4241,#4242,#4243);
#4241=CARTESIAN_POINT('',(-46.,40.25,20.));
#4242=DIRECTION('',(0.,0.,1.));
#4243=DIRECTION('',(0.,1.,0.));
#4244=FACE_OUTER_BOUND('',#4245,.T.);
#4245=EDGE_LOOP('',(#7357));
#4246=FACE_OUTER_BOUND('',#4247,.T.);
#4247=EDGE_LOOP('',(#7358));
#4248=CYLINDRICAL_SURFACE('',#4249,0.75);
#4249=AXIS2_PLACEMENT_3D('',#4250,#4251,#4252);
#4250=CARTESIAN_POINT('',(-46.,38.6,-5.63337527607782E-15));
#4251=DIRECTION('',(1.22464679914735E-16,0.,-1.));
#4252=DIRECTION('',(-1.,0.,-1.22464679914735E-16));
#4253=FACE_OUTER_BOUND('',#4254,.T.);
#4254=EDGE_LOOP('',(#7359));
#4255=FACE_OUTER_BOUND('',#4256,.T.);
#4256=EDGE_LOOP('',(#7360));
#4257=CYLINDRICAL_SURFACE('',#4258,1.6);
#4258=AXIS2_PLACEMENT_3D('',#4259,#4260,#4261);
#4259=CARTESIAN_POINT('',(23.,-34.,2.));
#4260=DIRECTION('',(0.,0.,-1.));
#4261=DIRECTION('',(1.,1.22464679914735E-16,0.));
#4262=FACE_OUTER_BOUND('',#4263,.T.);
#4263=EDGE_LOOP('',(#7361));
#4264=FACE_OUTER_BOUND('',#4265,.T.);
#4265=EDGE_LOOP('',(#7362));
#4266=CYLINDRICAL_SURFACE('',#4267,1.6);
#4267=AXIS2_PLACEMENT_3D('',#4268,#4269,#4270);
#4268=CARTESIAN_POINT('',(23.,34.,2.));
#4269=DIRECTION('',(0.,0.,-1.));
#4270=DIRECTION('',(1.,1.22464679914735E-16,0.));
#4271=FACE_OUTER_BOUND('',#4272,.T.);
#4272=EDGE_LOOP('',(#7363));
#4273=FACE_OUTER_BOUND('',#4274,.T.);
#4274=EDGE_LOOP('',(#7364));
#4275=CYLINDRICAL_SURFACE('',#4276,1.6);
#4276=AXIS2_PLACEMENT_3D('',#4277,#4278,#4279);
#4277=CARTESIAN_POINT('',(-23.,34.,2.));
#4278=DIRECTION('',(0.,0.,-1.));
#4279=DIRECTION('',(1.,1.22464679914735E-16,0.));
#4280=FACE_OUTER_BOUND('',#4281,.T.);
#4281=EDGE_LOOP('',(#7365));
#4282=FACE_OUTER_BOUND('',#4283,.T.);
#4283=EDGE_LOOP('',(#7366));
#4284=CYLINDRICAL_SURFACE('',#4285,1.6);
#4285=AXIS2_PLACEMENT_3D('',#4286,#4287,#4288);
#4286=CARTESIAN_POINT('',(-23.,-34.,2.));
#4287=DIRECTION('',(0.,0.,-1.));
#4288=DIRECTION('',(1.,1.22464679914735E-16,0.));
#4289=FACE_BOUND('',#4290,.T.);
#4290=EDGE_LOOP('',(#7367,#7368,#7369,#7370));
#4291=FACE_BOUND('',#4292,.T.);
#4292=EDGE_LOOP('',(#7371));
#4293=PLANE('',#4294);
#4294=AXIS2_PLACEMENT_3D('',#4295,#4296,#4297);
#4295=CARTESIAN_POINT('',(-45.,-37.4,2.00000000000001));
#4296=DIRECTION('',(-1.20890951570295E-16,-2.40048221540574E-16,-1.));
#4297=DIRECTION('',(0.,1.,-2.40048221540574E-16));
#4298=FACE_BOUND('',#4299,.T.);
#4299=EDGE_LOOP('',(#7372,#7373,#7374,#7375));
#4300=PLANE('',#4301);
#4301=AXIS2_PLACEMENT_3D('',#4302,#4303,#4304);
#4302=CARTESIAN_POINT('',(37.,37.,3.));
#4303=DIRECTION('',(4.61852778244065E-15,0.,-1.));
#4304=DIRECTION('',(-1.,0.,-4.61852778244065E-15));
#4305=FACE_BOUND('',#4306,.T.);
#4306=EDGE_LOOP('',(#7376,#7377,#7378,#7379));
#4307=PLANE('',#4308);
#4308=AXIS2_PLACEMENT_3D('',#4309,#4310,#4311);
#4309=CARTESIAN_POINT('',(14.,37.,3.));
#4310=DIRECTION('',(1.77635683940025E-16,0.,-1.));
#4311=DIRECTION('',(-1.,0.,-1.77635683940025E-16));
#4312=FACE_BOUND('',#4313,.T.);
#4313=EDGE_LOOP('',(#7380,#7381,#7382,#7383));
#4314=CYLINDRICAL_SURFACE('',#4315,1.59999967353195);
#4315=AXIS2_PLACEMENT_3D('',#4316,#4317,#4318);
#4316=CARTESIAN_POINT('',(-9.00000000000001,37.,4.59999967353198));
#4317=DIRECTION('',(0.,1.,0.));
#4318=DIRECTION('',(0.999999999999979,0.,2.04042553963997E-7));
#4319=FACE_BOUND('',#4320,.T.);
#4320=EDGE_LOOP('',(#7384,#7385,#7386,#7387));
#4321=PLANE('',#4322);
#4322=AXIS2_PLACEMENT_3D('',#4323,#4324,#4325);
#4323=CARTESIAN_POINT('',(-9.,37.,3.));
#4324=DIRECTION('',(4.61852778244065E-15,0.,-1.));
#4325=DIRECTION('',(-1.,0.,-4.61852778244065E-15));
#4326=FACE_BOUND('',#4327,.T.);
#4327=EDGE_LOOP('',(#7388,#7389,#7390,#7391));
#4328=PLANE('',#4329);
#4329=AXIS2_PLACEMENT_3D('',#4330,#4331,#4332);
#4330=CARTESIAN_POINT('',(-32.,37.,3.));
#4331=DIRECTION('',(4.61852778244065E-15,0.,-1.));
#4332=DIRECTION('',(-1.,0.,-4.61852778244065E-15));
#4333=FACE_BOUND('',#4334,.T.);
#4334=EDGE_LOOP('',(#7392,#7393,#7394,#7395));
#4335=PLANE('',#4336);
#4336=AXIS2_PLACEMENT_3D('',#4337,#4338,#4339);
#4337=CARTESIAN_POINT('',(-45.5,37.4,17.5));
#4338=DIRECTION('',(-1.,-1.89984688705909E-16,0.));
#4339=DIRECTION('',(0.,0.,-1.));
#4340=FACE_BOUND('',#4341,.T.);
#4341=EDGE_LOOP('',(#7396,#7397,#7398,#7399));
#4342=PLANE('',#4343);
#4343=AXIS2_PLACEMENT_3D('',#4344,#4345,#4346);
#4344=CARTESIAN_POINT('',(-45.,0.,5.51091059616309E-15));
#4345=DIRECTION('',(1.,0.,-1.22464679914735E-16));
#4346=DIRECTION('',(7.49879891330929E-33,1.,6.12323399573677E-17));
#4347=FACE_BOUND('',#4348,.T.);
#4348=EDGE_LOOP('',(#7400,#7401,#7402,#7403));
#4349=FACE_BOUND('',#4350,.T.);
#4350=EDGE_LOOP('',(#7404,#7405,#7406,#7407,#7408,#7409,#7410,#7411,#7412,#7413,
#7414,#7415));
#4351=PLANE('',#4352);
#4352=AXIS2_PLACEMENT_3D('',#4353,#4354,#4355);
#4353=CARTESIAN_POINT('',(-45.,30.,2.00000000000001));
#4354=DIRECTION('',(-1.25825276124184E-16,6.00120553851436E-17,-1.));
#4355=DIRECTION('',(0.,1.,6.00120553851436E-17));
#4356=FACE_BOUND('',#4357,.T.);
#4357=EDGE_LOOP('',(#7416,#7417,#7418,#7419));
#4358=FACE_BOUND('',#4359,.T.);
#4359=EDGE_LOOP('',(#7420));
#4360=PLANE('',#4361);
#4361=AXIS2_PLACEMENT_3D('',#4362,#4363,#4364);
#4362=CARTESIAN_POINT('',(-45.,30.,2.00000000000001));
#4363=DIRECTION('',(-1.25825276124184E-16,6.00120553851436E-17,-1.));
#4364=DIRECTION('',(0.,1.,6.00120553851436E-17));
#4365=FACE_BOUND('',#4366,.T.);
#4366=EDGE_LOOP('',(#7421,#7422,#7423,#7424,#7425,#7426,#7427,#7428));
#4367=CYLINDRICAL_SURFACE('',#4368,11.);
#4368=AXIS2_PLACEMENT_3D('',#4369,#4370,#4371);
#4369=CARTESIAN_POINT('',(-11.5,37.4,11.5));
#4370=DIRECTION('',(1.22464679914735E-16,-1.,0.));
#4371=DIRECTION('',(-1.,-1.22464679914735E-16,3.90223054852874E-17));
#4372=FACE_BOUND('',#4373,.T.);
#4373=EDGE_LOOP('',(#7429,#7430,#7431,#7432));
#4374=FACE_BOUND('',#4375,.T.);
#4375=EDGE_LOOP('',(#7433,#7434,#7435,#7436,#7437,#7438,#7439,#7440,#7441,#7442,
#7443,#7444));
#4376=PLANE('',#4377);
#4377=AXIS2_PLACEMENT_3D('',#4378,#4379,#4380);
#4378=CARTESIAN_POINT('',(-45.,30.,2.00000000000001));
#4379=DIRECTION('',(-1.25825276124184E-16,6.00120553851436E-17,-1.));
#4380=DIRECTION('',(0.,1.,6.00120553851436E-17));
#4381=FACE_BOUND('',#4382,.T.);
#4382=EDGE_LOOP('',(#7445,#7446,#7447,#7448));
#4383=FACE_BOUND('',#4384,.T.);
#4384=EDGE_LOOP('',(#7449));
#4385=PLANE('',#4386);
#4386=AXIS2_PLACEMENT_3D('',#4387,#4388,#4389);
#4387=CARTESIAN_POINT('',(-45.,30.,2.00000000000001));
#4388=DIRECTION('',(-1.25825276124184E-16,6.00120553851436E-17,-1.));
#4389=DIRECTION('',(0.,1.,6.00120553851436E-17));
#4390=FACE_BOUND('',#4391,.T.);
#4391=EDGE_LOOP('',(#7450,#7451,#7452,#7453,#7454,#7455,#7456,#7457,#7458,#7459,
#7460,#7461,#7462,#7463,#7464,#7465));
#4392=PLANE('',#4393);
#4393=AXIS2_PLACEMENT_3D('',#4394,#4395,#4396);
#4394=CARTESIAN_POINT('',(-45.,30.,2.00000000000001));
#4395=DIRECTION('',(-1.25825276124184E-16,6.00120553851436E-17,-1.));
#4396=DIRECTION('',(0.,1.,6.00120553851436E-17));
#4397=FACE_BOUND('',#4398,.T.);
#4398=EDGE_LOOP('',(#7466,#7467,#7468,#7469,#7470,#7471,#7472,#7473));
#4399=PLANE('',#4400);
#4400=AXIS2_PLACEMENT_3D('',#4401,#4402,#4403);
#4401=CARTESIAN_POINT('',(45.,0.,-5.51091059616309E-15));
#4402=DIRECTION('',(1.,0.,-1.22464679914735E-16));
#4403=DIRECTION('',(7.49879891330929E-33,1.,6.12323399573677E-17));
#4404=FACE_BOUND('',#4405,.T.);
#4405=EDGE_LOOP('',(#7474,#7475,#7476,#7477));
#4406=PLANE('',#4407);
#4407=AXIS2_PLACEMENT_3D('',#4408,#4409,#4410);
#4408=CARTESIAN_POINT('',(45.5,37.4,11.5));
#4409=DIRECTION('',(1.,1.89984688705909E-16,0.));
#4410=DIRECTION('',(0.,0.,1.));
#4411=FACE_BOUND('',#4412,.T.);
#4412=EDGE_LOOP('',(#7478,#7479,#7480,#7481));
#4413=PLANE('',#4414);
#4414=AXIS2_PLACEMENT_3D('',#4415,#4416,#4417);
#4415=CARTESIAN_POINT('',(-45.,19.,10.));
#4416=DIRECTION('',(-9.57735916414498E-17,-0.588171697675046,-0.808736084303188));
#4417=DIRECTION('',(0.,0.808736084303188,-0.588171697675046));
#4418=FACE_BOUND('',#4419,.T.);
#4419=EDGE_LOOP('',(#7482,#7483,#7484,#7485));
#4420=PLANE('',#4421);
#4421=AXIS2_PLACEMENT_3D('',#4422,#4423,#4424);
#4422=CARTESIAN_POINT('',(-45.,-19.,10.));
#4423=DIRECTION('',(-1.1842378929335E-16,9.34924652315921E-17,-1.));
#4424=DIRECTION('',(0.,1.,9.34924652315921E-17));
#4425=FACE_BOUND('',#4426,.T.);
#4426=EDGE_LOOP('',(#7486,#7487,#7488,#7489));
#4427=PLANE('',#4428);
#4428=AXIS2_PLACEMENT_3D('',#4429,#4430,#4431);
#4429=CARTESIAN_POINT('',(-45.,-30.,2.));
#4430=DIRECTION('',(-9.77688748006466E-17,0.588171697675046,-0.808736084303188));
#4431=DIRECTION('',(0.,0.808736084303188,0.588171697675046));
#4432=FACE_BOUND('',#4433,.T.);
#4433=EDGE_LOOP('',(#7490,#7491,#7492,#7493));
#4434=FACE_BOUND('',#4435,.T.);
#4435=EDGE_LOOP('',(#7494,#7495,#7496,#7497));
#4436=PLANE('',#4437);
#4437=AXIS2_PLACEMENT_3D('',#4438,#4439,#4440);
#4438=CARTESIAN_POINT('',(-45.,-37.4,2.00000000000001));
#4439=DIRECTION('',(-1.20890951570295E-16,-2.40048221540574E-16,-1.));
#4440=DIRECTION('',(0.,1.,-2.40048221540574E-16));
#4441=FACE_BOUND('',#4442,.T.);
#4442=EDGE_LOOP('',(#7498,#7499,#7500));
#4443=PLANE('',#4444);
#4444=AXIS2_PLACEMENT_3D('',#4445,#4446,#4447);
#4445=CARTESIAN_POINT('',(-45.,-30.,2.));
#4446=DIRECTION('',(-9.77688748006466E-17,0.588171697675046,-0.808736084303188));
#4447=DIRECTION('',(0.,0.808736084303188,0.588171697675046));
#4448=FACE_BOUND('',#4449,.T.);
#4449=EDGE_LOOP('',(#7501,#7502,#7503,#7504));
#4450=PLANE('',#4451);
#4451=AXIS2_PLACEMENT_3D('',#4452,#4453,#4454);
#4452=CARTESIAN_POINT('',(45.,0.,-5.51091059616309E-15));
#4453=DIRECTION('',(1.,0.,-1.22464679914735E-16));
#4454=DIRECTION('',(7.49879891330929E-33,1.,6.12323399573677E-17));
#4455=FACE_BOUND('',#4456,.T.);
#4456=EDGE_LOOP('',(#7505,#7506,#7507,#7508));
#4457=PLANE('',#4458);
#4458=AXIS2_PLACEMENT_3D('',#4459,#4460,#4461);
#4459=CARTESIAN_POINT('',(45.5,37.4,11.5));
#4460=DIRECTION('',(1.,1.89984688705909E-16,0.));
#4461=DIRECTION('',(0.,0.,1.));
#4462=FACE_BOUND('',#4463,.T.);
#4463=EDGE_LOOP('',(#7509,#7510,#7511,#7512,#7513));
#4464=PLANE('',#4465);
#4465=AXIS2_PLACEMENT_3D('',#4466,#4467,#4468);
#4466=CARTESIAN_POINT('',(45.,-34.,16.));
#4467=DIRECTION('',(0.,-0.928476690885259,-0.371390676354104));
#4468=DIRECTION('',(0.,0.371390676354104,-0.928476690885259));
#4469=FACE_BOUND('',#4470,.T.);
#4470=EDGE_LOOP('',(#7514,#7515,#7516,#7517));
#4471=PLANE('',#4472);
#4472=AXIS2_PLACEMENT_3D('',#4473,#4474,#4475);
#4473=CARTESIAN_POINT('',(45.,-32.,11.));
#4474=DIRECTION('',(0.,7.72329060608805E-17,-1.));
#4475=DIRECTION('',(0.,1.,7.72329060608805E-17));
#4476=FACE_BOUND('',#4477,.T.);
#4477=EDGE_LOOP('',(#7518,#7519,#7520,#7521));
#4478=PLANE('',#4479);
#4479=AXIS2_PLACEMENT_3D('',#4480,#4481,#4482);
#4480=CARTESIAN_POINT('',(45.,-9.,11.));
#4481=DIRECTION('',(-4.18691322315674E-16,-0.707106781186547,-0.707106781186548));
#4482=DIRECTION('',(0.,0.707106781186548,-0.707106781186547));
#4483=FACE_BOUND('',#4484,.T.);
#4484=EDGE_LOOP('',(#7522,#7523,#7524,#7525));
#4485=PLANE('',#4486);
#4486=AXIS2_PLACEMENT_3D('',#4487,#4488,#4489);
#4487=CARTESIAN_POINT('',(45.,-8.,7.99999999999999));
#4488=DIRECTION('',(0.,5.55111512312578E-17,-1.));
#4489=DIRECTION('',(0.,1.,5.55111512312578E-17));
#4490=FACE_BOUND('',#4491,.T.);
#4491=EDGE_LOOP('',(#7526,#7527,#7528,#7529));
#4492=PLANE('',#4493);
#4493=AXIS2_PLACEMENT_3D('',#4494,#4495,#4496);
#4494=CARTESIAN_POINT('',(45.,8.,9.99999999999999));
#4495=DIRECTION('',(0.,0.707106781186547,-0.707106781186548));
#4496=DIRECTION('',(0.,0.707106781186548,0.707106781186547));
#4497=FACE_BOUND('',#4498,.T.);
#4498=EDGE_LOOP('',(#7530,#7531,#7532,#7533));
#4499=PLANE('',#4500);
#4500=AXIS2_PLACEMENT_3D('',#4501,#4502,#4503);
#4501=CARTESIAN_POINT('',(45.,9.,11.));
#4502=DIRECTION('',(0.,7.72329060608805E-17,-1.));
#4503=DIRECTION('',(0.,1.,7.72329060608805E-17));
#4504=FACE_BOUND('',#4505,.T.);
#4505=EDGE_LOOP('',(#7534,#7535,#7536,#7537,#7538));
#4506=PLANE('',#4507);
#4507=AXIS2_PLACEMENT_3D('',#4508,#4509,#4510);
#4508=CARTESIAN_POINT('',(45.,32.,11.));
#4509=DIRECTION('',(0.,0.928476690885259,-0.371390676354104));
#4510=DIRECTION('',(0.,0.371390676354104,0.928476690885259));
#4511=FACE_BOUND('',#4512,.T.);
#4512=EDGE_LOOP('',(#7539,#7540,#7541));
#4513=PLANE('',#4514);
#4514=AXIS2_PLACEMENT_3D('',#4515,#4516,#4517);
#4515=CARTESIAN_POINT('',(-45.,19.,10.));
#4516=DIRECTION('',(-9.57735916414498E-17,-0.588171697675046,-0.808736084303188));
#4517=DIRECTION('',(0.,0.808736084303188,-0.588171697675046));
#4518=FACE_BOUND('',#4519,.T.);
#4519=EDGE_LOOP('',(#7542,#7543,#7544,#7545));
#4520=FACE_BOUND('',#4521,.T.);
#4521=EDGE_LOOP('',(#7546,#7547,#7548,#7549));
#4522=PLANE('',#4523);
#4523=AXIS2_PLACEMENT_3D('',#4524,#4525,#4526);
#4524=CARTESIAN_POINT('',(-45.,-37.4,2.00000000000001));
#4525=DIRECTION('',(-1.20890951570295E-16,-2.40048221540574E-16,-1.));
#4526=DIRECTION('',(0.,1.,-2.40048221540574E-16));
#4527=FACE_BOUND('',#4528,.T.);
#4528=EDGE_LOOP('',(#7550,#7551,#7552,#7553));
#4529=PLANE('',#4530);
#4530=AXIS2_PLACEMENT_3D('',#4531,#4532,#4533);
#4531=CARTESIAN_POINT('',(-45.,19.,10.));
#4532=DIRECTION('',(-9.57735916414498E-17,-0.588171697675046,-0.808736084303188));
#4533=DIRECTION('',(0.,0.808736084303188,-0.588171697675046));
#4534=FACE_BOUND('',#4535,.T.);
#4535=EDGE_LOOP('',(#7554,#7555,#7556,#7557));
#4536=PLANE('',#4537);
#4537=AXIS2_PLACEMENT_3D('',#4538,#4539,#4540);
#4538=CARTESIAN_POINT('',(-45.,-19.,10.));
#4539=DIRECTION('',(-1.1842378929335E-16,9.34924652315921E-17,-1.));
#4540=DIRECTION('',(0.,1.,9.34924652315921E-17));
#4541=FACE_BOUND('',#4542,.T.);
#4542=EDGE_LOOP('',(#7558,#7559,#7560,#7561));
#4543=PLANE('',#4544);
#4544=AXIS2_PLACEMENT_3D('',#4545,#4546,#4547);
#4545=CARTESIAN_POINT('',(-45.,-30.,2.));
#4546=DIRECTION('',(-9.77688748006466E-17,0.588171697675046,-0.808736084303188));
#4547=DIRECTION('',(0.,0.808736084303188,0.588171697675046));
#4548=FACE_BOUND('',#4549,.T.);
#4549=EDGE_LOOP('',(#7562,#7563,#7564,#7565));
#4550=FACE_BOUND('',#4551,.T.);
#4551=EDGE_LOOP('',(#7566));
#4552=PLANE('',#4553);
#4553=AXIS2_PLACEMENT_3D('',#4554,#4555,#4556);
#4554=CARTESIAN_POINT('',(-45.,-37.4,2.00000000000001));
#4555=DIRECTION('',(-1.20890951570295E-16,-2.40048221540574E-16,-1.));
#4556=DIRECTION('',(0.,1.,-2.40048221540574E-16));
#4557=FACE_BOUND('',#4558,.T.);
#4558=EDGE_LOOP('',(#7567,#7568,#7569,#7570));
#4559=PLANE('',#4560);
#4560=AXIS2_PLACEMENT_3D('',#4561,#4562,#4563);
#4561=CARTESIAN_POINT('',(-45.,19.,10.));
#4562=DIRECTION('',(-9.57735916414498E-17,-0.588171697675046,-0.808736084303188));
#4563=DIRECTION('',(0.,0.808736084303188,-0.588171697675046));
#4564=FACE_BOUND('',#4565,.T.);
#4565=EDGE_LOOP('',(#7571,#7572,#7573,#7574));
#4566=PLANE('',#4567);
#4567=AXIS2_PLACEMENT_3D('',#4568,#4569,#4570);
#4568=CARTESIAN_POINT('',(-45.,-19.,10.));
#4569=DIRECTION('',(-1.1842378929335E-16,9.34924652315921E-17,-1.));
#4570=DIRECTION('',(0.,1.,9.34924652315921E-17));
#4571=FACE_BOUND('',#4572,.T.);
#4572=EDGE_LOOP('',(#7575,#7576,#7577,#7578));
#4573=PLANE('',#4574);
#4574=AXIS2_PLACEMENT_3D('',#4575,#4576,#4577);
#4575=CARTESIAN_POINT('',(-45.,-30.,2.));
#4576=DIRECTION('',(-9.77688748006466E-17,0.588171697675046,-0.808736084303188));
#4577=DIRECTION('',(0.,0.808736084303188,0.588171697675046));
#4578=FACE_BOUND('',#4579,.T.);
#4579=EDGE_LOOP('',(#7579,#7580,#7581,#7582));
#4580=FACE_BOUND('',#4581,.T.);
#4581=EDGE_LOOP('',(#7583,#7584,#7585,#7586));
#4582=PLANE('',#4583);
#4583=AXIS2_PLACEMENT_3D('',#4584,#4585,#4586);
#4584=CARTESIAN_POINT('',(-45.,-37.4,2.00000000000001));
#4585=DIRECTION('',(-1.20890951570295E-16,-2.40048221540574E-16,-1.));
#4586=DIRECTION('',(0.,1.,-2.40048221540574E-16));
#4587=FACE_BOUND('',#4588,.T.);
#4588=EDGE_LOOP('',(#7587,#7588,#7589,#7590));
#4589=PLANE('',#4590);
#4590=AXIS2_PLACEMENT_3D('',#4591,#4592,#4593);
#4591=CARTESIAN_POINT('',(-45.,0.,5.51091059616309E-15));
#4592=DIRECTION('',(1.,0.,-1.22464679914735E-16));
#4593=DIRECTION('',(7.49879891330929E-33,1.,6.12323399573677E-17));
#4594=FACE_BOUND('',#4595,.T.);
#4595=EDGE_LOOP('',(#7591,#7592,#7593,#7594));
#4596=PLANE('',#4597);
#4597=AXIS2_PLACEMENT_3D('',#4598,#4599,#4600);
#4598=CARTESIAN_POINT('',(-45.5,37.4,17.5));
#4599=DIRECTION('',(-1.,-1.89984688705909E-16,0.));
#4600=DIRECTION('',(0.,0.,-1.));
#4601=FACE_BOUND('',#4602,.T.);
#4602=EDGE_LOOP('',(#7595,#7596,#7597,#7598,#7599));
#4603=PLANE('',#4604);
#4604=AXIS2_PLACEMENT_3D('',#4605,#4606,#4607);
#4605=CARTESIAN_POINT('',(-48.,-34.,16.));
#4606=DIRECTION('',(0.,-0.928476690885259,-0.371390676354104));
#4607=DIRECTION('',(0.,0.371390676354104,-0.928476690885259));
#4608=FACE_BOUND('',#4609,.T.);
#4609=EDGE_LOOP('',(#7600,#7601,#7602));
#4610=PLANE('',#4611);
#4611=AXIS2_PLACEMENT_3D('',#4612,#4613,#4614);
#4612=CARTESIAN_POINT('',(-45.,19.,10.));
#4613=DIRECTION('',(-9.57735916414498E-17,-0.588171697675046,-0.808736084303188));
#4614=DIRECTION('',(0.,0.808736084303188,-0.588171697675046));
#4615=FACE_BOUND('',#4616,.T.);
#4616=EDGE_LOOP('',(#7603,#7604,#7605,#7606,#7607));
#4617=PLANE('',#4618);
#4618=AXIS2_PLACEMENT_3D('',#4619,#4620,#4621);
#4619=CARTESIAN_POINT('',(-48.,32.,11.));
#4620=DIRECTION('',(0.,0.928476690885259,-0.371390676354104));
#4621=DIRECTION('',(0.,0.371390676354104,0.928476690885259));
#4622=FACE_BOUND('',#4623,.T.);
#4623=EDGE_LOOP('',(#7608,#7609,#7610,#7611));
#4624=PLANE('',#4625);
#4625=AXIS2_PLACEMENT_3D('',#4626,#4627,#4628);
#4626=CARTESIAN_POINT('',(-48.,9.,11.));
#4627=DIRECTION('',(-5.9211894646675E-16,0.,-1.));
#4628=DIRECTION('',(0.,1.,0.));
#4629=FACE_BOUND('',#4630,.T.);
#4630=EDGE_LOOP('',(#7612,#7613,#7614,#7615));
#4631=PLANE('',#4632);
#4632=AXIS2_PLACEMENT_3D('',#4633,#4634,#4635);
#4633=CARTESIAN_POINT('',(-48.,8.,10.));
#4634=DIRECTION('',(-4.18691322315674E-16,0.707106781186547,-0.707106781186548));
#4635=DIRECTION('',(0.,0.707106781186548,0.707106781186547));
#4636=FACE_BOUND('',#4637,.T.);
#4637=EDGE_LOOP('',(#7616,#7617,#7618,#7619));
#4638=PLANE('',#4639);
#4639=AXIS2_PLACEMENT_3D('',#4640,#4641,#4642);
#4640=CARTESIAN_POINT('',(-48.,-8.,8.00000000000001));
#4641=DIRECTION('',(0.,1.11022302462516E-16,-1.));
#4642=DIRECTION('',(0.,1.,1.11022302462516E-16));
#4643=FACE_BOUND('',#4644,.T.);
#4644=EDGE_LOOP('',(#7620,#7621,#7622,#7623));
#4645=PLANE('',#4646);
#4646=AXIS2_PLACEMENT_3D('',#4647,#4648,#4649);
#4647=CARTESIAN_POINT('',(-48.,-9.,11.));
#4648=DIRECTION('',(0.,-0.707106781186547,-0.707106781186548));
#4649=DIRECTION('',(0.,0.707106781186548,-0.707106781186547));
#4650=FACE_BOUND('',#4651,.T.);
#4651=EDGE_LOOP('',(#7624,#7625,#7626,#7627));
#4652=PLANE('',#4653);
#4653=AXIS2_PLACEMENT_3D('',#4654,#4655,#4656);
#4654=CARTESIAN_POINT('',(-48.,-32.,11.));
#4655=DIRECTION('',(0.,7.72329060608805E-17,-1.));
#4656=DIRECTION('',(0.,1.,7.72329060608805E-17));
#4657=FACE_BOUND('',#4658,.T.);
#4658=EDGE_LOOP('',(#7628,#7629,#7630));
#4659=PLANE('',#4660);
#4660=AXIS2_PLACEMENT_3D('',#4661,#4662,#4663);
#4661=CARTESIAN_POINT('',(-45.,-30.,2.));
#4662=DIRECTION('',(-9.77688748006466E-17,0.588171697675046,-0.808736084303188));
#4663=DIRECTION('',(0.,0.808736084303188,0.588171697675046));
#4664=FACE_BOUND('',#4665,.T.);
#4665=EDGE_LOOP('',(#7631,#7632,#7633,#7634));
#4666=PLANE('',#4667);
#4667=AXIS2_PLACEMENT_3D('',#4668,#4669,#4670);
#4668=CARTESIAN_POINT('',(0.,0.,4.));
#4669=DIRECTION('',(0.,0.,-1.));
#4670=DIRECTION('',(-6.12323399573677E-17,-1.,0.));
#4671=FACE_BOUND('',#4672,.T.);
#4672=EDGE_LOOP('',(#7635,#7636,#7637,#7638));
#4673=PLANE('',#4674);
#4674=AXIS2_PLACEMENT_3D('',#4675,#4676,#4677);
#4675=CARTESIAN_POINT('',(0.,0.,4.));
#4676=DIRECTION('',(0.,0.,-1.));
#4677=DIRECTION('',(-6.12323399573677E-17,-1.,0.));
#4678=FACE_BOUND('',#4679,.T.);
#4679=EDGE_LOOP('',(#7639));
#4680=PLANE('',#4681);
#4681=AXIS2_PLACEMENT_3D('',#4682,#4683,#4684);
#4682=CARTESIAN_POINT('',(1.59204083889156E-16,0.,-1.3));
#4683=DIRECTION('',(1.22464679914735E-16,0.,-1.));
#4684=DIRECTION('',(-1.,0.,-1.22464679914735E-16));
#4685=FACE_BOUND('',#4686,.T.);
#4686=EDGE_LOOP('',(#7640));
#4687=FACE_BOUND('',#4688,.T.);
#4688=EDGE_LOOP('',(#7641));
#4689=PLANE('',#4690);
#4690=AXIS2_PLACEMENT_3D('',#4691,#4692,#4693);
#4691=CARTESIAN_POINT('',(-1.25825276124184E-16,6.00120553851436E-17,1.));
#4692=DIRECTION('',(1.25825276124184E-16,-6.00120553851436E-17,1.));
#4693=DIRECTION('',(6.12323399573677E-17,1.,6.00120553851436E-17));
#4694=FACE_BOUND('',#4695,.T.);
#4695=EDGE_LOOP('',(#7642));
#4696=FACE_BOUND('',#4697,.T.);
#4697=EDGE_LOOP('',(#7643));
#4698=PLANE('',#4699);
#4699=AXIS2_PLACEMENT_3D('',#4700,#4701,#4702);
#4700=CARTESIAN_POINT('',(-1.25825276124184E-16,6.00120553851436E-17,1.));
#4701=DIRECTION('',(1.25825276124184E-16,-6.00120553851436E-17,1.));
#4702=DIRECTION('',(6.12323399573677E-17,1.,6.00120553851436E-17));
#4703=FACE_BOUND('',#4704,.T.);
#4704=EDGE_LOOP('',(#7644));
#4705=FACE_BOUND('',#4706,.T.);
#4706=EDGE_LOOP('',(#7645));
#4707=PLANE('',#4708);
#4708=AXIS2_PLACEMENT_3D('',#4709,#4710,#4711);
#4709=CARTESIAN_POINT('',(-1.25825276124184E-16,6.00120553851436E-17,1.));
#4710=DIRECTION('',(1.25825276124184E-16,-6.00120553851436E-17,1.));
#4711=DIRECTION('',(6.12323399573677E-17,1.,6.00120553851436E-17));
#4712=FACE_BOUND('',#4713,.T.);
#4713=EDGE_LOOP('',(#7646));
#4714=FACE_BOUND('',#4715,.T.);
#4715=EDGE_LOOP('',(#7647));
#4716=PLANE('',#4717);
#4717=AXIS2_PLACEMENT_3D('',#4718,#4719,#4720);
#4718=CARTESIAN_POINT('',(-1.25825276124184E-16,6.00120553851436E-17,1.));
#4719=DIRECTION('',(1.25825276124184E-16,-6.00120553851436E-17,1.));
#4720=DIRECTION('',(6.12323399573677E-17,1.,6.00120553851436E-17));
#4721=FACE_OUTER_BOUND('',#4722,.T.);
#4722=EDGE_LOOP('',(#7648));
#4723=FACE_OUTER_BOUND('',#4724,.T.);
#4724=EDGE_LOOP('',(#7649));
#4725=CYLINDRICAL_SURFACE('',#4726,3.);
#4726=AXIS2_PLACEMENT_3D('',#4727,#4728,#4729);
#4727=CARTESIAN_POINT('',(23.,-34.,0.999999999999995));
#4728=DIRECTION('',(1.25825276124184E-16,-6.00120553851436E-17,1.));
#4729=DIRECTION('',(6.12323399573676E-17,1.,6.00120553851436E-17));
#4730=FACE_BOUND('',#4731,.T.);
#4731=EDGE_LOOP('',(#7650,#7651,#7652,#7653));
#4732=PLANE('',#4733);
#4733=AXIS2_PLACEMENT_3D('',#4734,#4735,#4736);
#4734=CARTESIAN_POINT('',(-44.9,33.7,1.50000000000001));
#4735=DIRECTION('',(0.,-1.,0.));
#4736=DIRECTION('',(1.,0.,0.));
#4737=FACE_BOUND('',#4738,.T.);
#4738=EDGE_LOOP('',(#7654,#7655,#7656,#7657));
#4739=PLANE('',#4740);
#4740=AXIS2_PLACEMENT_3D('',#4741,#4742,#4743);
#4741=CARTESIAN_POINT('',(-44.9,34.3,1.50000000000001));
#4742=DIRECTION('',(-1.,0.,0.));
#4743=DIRECTION('',(0.,-1.,0.));
#4744=FACE_BOUND('',#4745,.T.);
#4745=EDGE_LOOP('',(#7658,#7659,#7660,#7661));
#4746=PLANE('',#4747);
#4747=AXIS2_PLACEMENT_3D('',#4748,#4749,#4750);
#4748=CARTESIAN_POINT('',(-44.,34.3,1.50000000000001));
#4749=DIRECTION('',(0.,1.,0.));
#4750=DIRECTION('',(-1.,0.,0.));
#4751=FACE_BOUND('',#4752,.T.);
#4752=EDGE_LOOP('',(#7662,#7663,#7664,#7665));
#4753=PLANE('',#4754);
#4754=AXIS2_PLACEMENT_3D('',#4755,#4756,#4757);
#4755=CARTESIAN_POINT('',(-44.,35.2,1.50000000000001));
#4756=DIRECTION('',(-1.,0.,0.));
#4757=DIRECTION('',(0.,-1.,-2.46716227694478E-16));
#4758=FACE_BOUND('',#4759,.T.);
#4759=EDGE_LOOP('',(#7666,#7667,#7668,#7669));
#4760=PLANE('',#4761);
#4761=AXIS2_PLACEMENT_3D('',#4762,#4763,#4764);
#4762=CARTESIAN_POINT('',(-43.4,35.2,1.50000000000001));
#4763=DIRECTION('',(0.,1.,0.));
#4764=DIRECTION('',(-1.,0.,0.));
#4765=FACE_BOUND('',#4766,.T.);
#4766=EDGE_LOOP('',(#7670,#7671,#7672,#7673));
#4767=PLANE('',#4768);
#4768=AXIS2_PLACEMENT_3D('',#4769,#4770,#4771);
#4769=CARTESIAN_POINT('',(-43.4,34.3,1.50000000000001));
#4770=DIRECTION('',(1.,0.,0.));
#4771=DIRECTION('',(0.,1.,2.46716227694476E-16));
#4772=FACE_BOUND('',#4773,.T.);
#4773=EDGE_LOOP('',(#7674,#7675,#7676,#7677));
#4774=PLANE('',#4775);
#4775=AXIS2_PLACEMENT_3D('',#4776,#4777,#4778);
#4776=CARTESIAN_POINT('',(-42.5,34.3,1.50000000000001));
#4777=DIRECTION('',(0.,1.,0.));
#4778=DIRECTION('',(-1.,0.,2.4671622769448E-16));
#4779=FACE_BOUND('',#4780,.T.);
#4780=EDGE_LOOP('',(#7678,#7679,#7680,#7681));
#4781=PLANE('',#4782);
#4782=AXIS2_PLACEMENT_3D('',#4783,#4784,#4785);
#4783=CARTESIAN_POINT('',(-42.5,33.7,1.50000000000001));
#4784=DIRECTION('',(1.,0.,0.));
#4785=DIRECTION('',(0.,1.,0.));
#4786=FACE_BOUND('',#4787,.T.);
#4787=EDGE_LOOP('',(#7682,#7683,#7684,#7685));
#4788=PLANE('',#4789);
#4789=AXIS2_PLACEMENT_3D('',#4790,#4791,#4792);
#4790=CARTESIAN_POINT('',(-43.4,33.7,1.50000000000001));
#4791=DIRECTION('',(0.,-1.,0.));
#4792=DIRECTION('',(1.,0.,-2.46716227694482E-16));
#4793=FACE_BOUND('',#4794,.T.);
#4794=EDGE_LOOP('',(#7686,#7687,#7688,#7689));
#4795=PLANE('',#4796);
#4796=AXIS2_PLACEMENT_3D('',#4797,#4798,#4799);
#4797=CARTESIAN_POINT('',(-43.4,32.8,1.50000000000001));
#4798=DIRECTION('',(1.,0.,0.));
#4799=DIRECTION('',(0.,1.,0.));
#4800=FACE_BOUND('',#4801,.T.);
#4801=EDGE_LOOP('',(#7690,#7691,#7692,#7693));
#4802=PLANE('',#4803);
#4803=AXIS2_PLACEMENT_3D('',#4804,#4805,#4806);
#4804=CARTESIAN_POINT('',(-44.,32.8,1.50000000000001));
#4805=DIRECTION('',(0.,-1.,0.));
#4806=DIRECTION('',(1.,0.,0.));
#4807=FACE_BOUND('',#4808,.T.);
#4808=EDGE_LOOP('',(#7694,#7695,#7696,#7697));
#4809=PLANE('',#4810);
#4810=AXIS2_PLACEMENT_3D('',#4811,#4812,#4813);
#4811=CARTESIAN_POINT('',(-44.,33.7,1.50000000000001));
#4812=DIRECTION('',(-1.,0.,0.));
#4813=DIRECTION('',(0.,-1.,0.));
#4814=FACE_OUTER_BOUND('',#4815,.T.);
#4815=EDGE_LOOP('',(#7698));
#4816=FACE_OUTER_BOUND('',#4817,.T.);
#4817=EDGE_LOOP('',(#7699));
#4818=CYLINDRICAL_SURFACE('',#4819,3.);
#4819=AXIS2_PLACEMENT_3D('',#4820,#4821,#4822);
#4820=CARTESIAN_POINT('',(-23.,34.,1.));
#4821=DIRECTION('',(1.25825276124184E-16,-6.00120553851436E-17,1.));
#4822=DIRECTION('',(6.12323399573676E-17,1.,6.00120553851436E-17));
#4823=FACE_BOUND('',#4824,.T.);
#4824=EDGE_LOOP('',(#7700,#7701,#7702,#7703));
#4825=PLANE('',#4826);
#4826=AXIS2_PLACEMENT_3D('',#4827,#4828,#4829);
#4827=CARTESIAN_POINT('',(-1.2,33.7,1.5));
#4828=DIRECTION('',(0.,-1.,0.));
#4829=DIRECTION('',(1.,0.,-2.46716227694479E-16));
#4830=FACE_BOUND('',#4831,.T.);
#4831=EDGE_LOOP('',(#7704,#7705,#7706,#7707));
#4832=PLANE('',#4833);
#4833=AXIS2_PLACEMENT_3D('',#4834,#4835,#4836);
#4834=CARTESIAN_POINT('',(-1.2,34.3,1.5));
#4835=DIRECTION('',(-1.,0.,0.));
#4836=DIRECTION('',(0.,-1.,0.));
#4837=FACE_BOUND('',#4838,.T.);
#4838=EDGE_LOOP('',(#7708,#7709,#7710,#7711));
#4839=PLANE('',#4840);
#4840=AXIS2_PLACEMENT_3D('',#4841,#4842,#4843);
#4841=CARTESIAN_POINT('',(-0.299999999999996,34.3,1.5));
#4842=DIRECTION('',(0.,1.,0.));
#4843=DIRECTION('',(-1.,0.,2.46716227694479E-16));
#4844=FACE_BOUND('',#4845,.T.);
#4845=EDGE_LOOP('',(#7712,#7713,#7714,#7715));
#4846=PLANE('',#4847);
#4847=AXIS2_PLACEMENT_3D('',#4848,#4849,#4850);
#4848=CARTESIAN_POINT('',(-0.299999999999996,35.2,1.5));
#4849=DIRECTION('',(-1.,1.23358113847239E-16,1.11022302462516E-16));
#4850=DIRECTION('',(-1.23358113847239E-16,-1.,-2.46716227694478E-16));
#4851=FACE_BOUND('',#4852,.T.);
#4852=EDGE_LOOP('',(#7716,#7717,#7718,#7719));
#4853=PLANE('',#4854);
#4854=AXIS2_PLACEMENT_3D('',#4855,#4856,#4857);
#4855=CARTESIAN_POINT('',(0.300000000000004,35.2,1.5));
#4856=DIRECTION('',(0.,1.,0.));
#4857=DIRECTION('',(-1.,0.,0.));
#4858=FACE_BOUND('',#4859,.T.);
#4859=EDGE_LOOP('',(#7720,#7721,#7722,#7723));
#4860=PLANE('',#4861);
#4861=AXIS2_PLACEMENT_3D('',#4862,#4863,#4864);
#4862=CARTESIAN_POINT('',(0.300000000000004,34.3,1.5));
#4863=DIRECTION('',(1.,-1.23358113847239E-16,-1.11022302462516E-16));
#4864=DIRECTION('',(1.23358113847239E-16,1.,2.46716227694478E-16));
#4865=FACE_BOUND('',#4866,.T.);
#4866=EDGE_LOOP('',(#7724,#7725,#7726,#7727));
#4867=PLANE('',#4868);
#4868=AXIS2_PLACEMENT_3D('',#4869,#4870,#4871);
#4869=CARTESIAN_POINT('',(1.2,34.3,1.5));
#4870=DIRECTION('',(0.,1.,0.));
#4871=DIRECTION('',(-1.,0.,2.46716227694479E-16));
#4872=FACE_BOUND('',#4873,.T.);
#4873=EDGE_LOOP('',(#7728,#7729,#7730,#7731));
#4874=PLANE('',#4875);
#4875=AXIS2_PLACEMENT_3D('',#4876,#4877,#4878);
#4876=CARTESIAN_POINT('',(1.2,33.7,1.5));
#4877=DIRECTION('',(1.,0.,0.));
#4878=DIRECTION('',(0.,1.,0.));
#4879=FACE_BOUND('',#4880,.T.);
#4880=EDGE_LOOP('',(#7732,#7733,#7734,#7735));
#4881=PLANE('',#4882);
#4882=AXIS2_PLACEMENT_3D('',#4883,#4884,#4885);
#4883=CARTESIAN_POINT('',(0.300000000000004,33.7,1.5));
#4884=DIRECTION('',(0.,-1.,0.));
#4885=DIRECTION('',(1.,0.,-2.46716227694479E-16));
#4886=FACE_BOUND('',#4887,.T.);
#4887=EDGE_LOOP('',(#7736,#7737,#7738,#7739));
#4888=PLANE('',#4889);
#4889=AXIS2_PLACEMENT_3D('',#4890,#4891,#4892);
#4890=CARTESIAN_POINT('',(0.300000000000004,32.8,1.5));
#4891=DIRECTION('',(1.,-1.23358113847239E-16,-1.11022302462516E-16));
#4892=DIRECTION('',(1.23358113847239E-16,1.,0.));
#4893=FACE_BOUND('',#4894,.T.);
#4894=EDGE_LOOP('',(#7740,#7741,#7742,#7743));
#4895=PLANE('',#4896);
#4896=AXIS2_PLACEMENT_3D('',#4897,#4898,#4899);
#4897=CARTESIAN_POINT('',(-0.299999999999996,32.8,1.5));
#4898=DIRECTION('',(0.,-1.,0.));
#4899=DIRECTION('',(1.,0.,0.));
#4900=FACE_BOUND('',#4901,.T.);
#4901=EDGE_LOOP('',(#7744,#7745,#7746,#7747));
#4902=PLANE('',#4903);
#4903=AXIS2_PLACEMENT_3D('',#4904,#4905,#4906);
#4904=CARTESIAN_POINT('',(-0.299999999999996,33.7,1.5));
#4905=DIRECTION('',(-1.,1.23358113847239E-16,1.11022302462516E-16));
#4906=DIRECTION('',(-1.23358113847239E-16,-1.,0.));
#4907=FACE_OUTER_BOUND('',#4908,.T.);
#4908=EDGE_LOOP('',(#7748));
#4909=FACE_OUTER_BOUND('',#4910,.T.);
#4910=EDGE_LOOP('',(#7749));
#4911=CYLINDRICAL_SURFACE('',#4912,3.);
#4912=AXIS2_PLACEMENT_3D('',#4913,#4914,#4915);
#4913=CARTESIAN_POINT('',(23.,34.,0.999999999999999));
#4914=DIRECTION('',(1.25825276124184E-16,-6.00120553851436E-17,1.));
#4915=DIRECTION('',(6.12323399573676E-17,1.,6.00120553851436E-17));
#4916=FACE_BOUND('',#4917,.T.);
#4917=EDGE_LOOP('',(#7750,#7751,#7752,#7753));
#4918=PLANE('',#4919);
#4919=AXIS2_PLACEMENT_3D('',#4920,#4921,#4922);
#4920=CARTESIAN_POINT('',(42.5,34.3,1.5));
#4921=DIRECTION('',(-1.,0.,0.));
#4922=DIRECTION('',(0.,-1.,0.));
#4923=FACE_BOUND('',#4924,.T.);
#4924=EDGE_LOOP('',(#7754,#7755,#7756,#7757));
#4925=PLANE('',#4926);
#4926=AXIS2_PLACEMENT_3D('',#4927,#4928,#4929);
#4927=CARTESIAN_POINT('',(43.4,34.3,1.5));
#4928=DIRECTION('',(0.,1.,0.));
#4929=DIRECTION('',(-1.,0.,2.4671622769448E-16));
#4930=FACE_BOUND('',#4931,.T.);
#4931=EDGE_LOOP('',(#7758,#7759,#7760,#7761));
#4932=PLANE('',#4933);
#4933=AXIS2_PLACEMENT_3D('',#4934,#4935,#4936);
#4934=CARTESIAN_POINT('',(43.4,35.2,1.5));
#4935=DIRECTION('',(-1.,0.,0.));
#4936=DIRECTION('',(0.,-1.,-2.46716227694478E-16));
#4937=FACE_BOUND('',#4938,.T.);
#4938=EDGE_LOOP('',(#7762,#7763,#7764,#7765));
#4939=PLANE('',#4940);
#4940=AXIS2_PLACEMENT_3D('',#4941,#4942,#4943);
#4941=CARTESIAN_POINT('',(44.1,35.2,1.5));
#4942=DIRECTION('',(0.,1.,0.));
#4943=DIRECTION('',(-1.,0.,0.));
#4944=FACE_BOUND('',#4945,.T.);
#4945=EDGE_LOOP('',(#7766,#7767,#7768,#7769));
#4946=PLANE('',#4947);
#4947=AXIS2_PLACEMENT_3D('',#4948,#4949,#4950);
#4948=CARTESIAN_POINT('',(44.1,34.3,1.5));
#4949=DIRECTION('',(1.,0.,0.));
#4950=DIRECTION('',(0.,1.,2.46716227694478E-16));
#4951=FACE_BOUND('',#4952,.T.);
#4952=EDGE_LOOP('',(#7770,#7771,#7772,#7773));
#4953=PLANE('',#4954);
#4954=AXIS2_PLACEMENT_3D('',#4955,#4956,#4957);
#4955=CARTESIAN_POINT('',(45.,34.3,1.5));
#4956=DIRECTION('',(0.,1.,0.));
#4957=DIRECTION('',(-1.,0.,0.));
#4958=FACE_BOUND('',#4959,.T.);
#4959=EDGE_LOOP('',(#7774,#7775,#7776,#7777));
#4960=PLANE('',#4961);
#4961=AXIS2_PLACEMENT_3D('',#4962,#4963,#4964);
#4962=CARTESIAN_POINT('',(44.1,33.7,1.5));
#4963=DIRECTION('',(0.,-1.,0.));
#4964=DIRECTION('',(1.,0.,0.));
#4965=FACE_BOUND('',#4966,.T.);
#4966=EDGE_LOOP('',(#7778,#7779,#7780,#7781));
#4967=PLANE('',#4968);
#4968=AXIS2_PLACEMENT_3D('',#4969,#4970,#4971);
#4969=CARTESIAN_POINT('',(44.1,32.8,1.5));
#4970=DIRECTION('',(1.,0.,0.));
#4971=DIRECTION('',(0.,1.,0.));
#4972=FACE_BOUND('',#4973,.T.);
#4973=EDGE_LOOP('',(#7782,#7783,#7784,#7785));
#4974=PLANE('',#4975);
#4975=AXIS2_PLACEMENT_3D('',#4976,#4977,#4978);
#4976=CARTESIAN_POINT('',(43.4,32.8,1.5));
#4977=DIRECTION('',(0.,-1.,0.));
#4978=DIRECTION('',(1.,0.,0.));
#4979=FACE_BOUND('',#4980,.T.);
#4980=EDGE_LOOP('',(#7786,#7787,#7788,#7789));
#4981=PLANE('',#4982);
#4982=AXIS2_PLACEMENT_3D('',#4983,#4984,#4985);
#4983=CARTESIAN_POINT('',(43.4,33.7,1.5));
#4984=DIRECTION('',(-1.,0.,0.));
#4985=DIRECTION('',(0.,-1.,0.));
#4986=FACE_BOUND('',#4987,.T.);
#4987=EDGE_LOOP('',(#7790,#7791,#7792,#7793));
#4988=PLANE('',#4989);
#4989=AXIS2_PLACEMENT_3D('',#4990,#4991,#4992);
#4990=CARTESIAN_POINT('',(42.5,33.7,1.5));
#4991=DIRECTION('',(0.,-1.,0.));
#4992=DIRECTION('',(1.,0.,-2.4671622769448E-16));
#4993=FACE_BOUND('',#4994,.T.);
#4994=EDGE_LOOP('',(#7794,#7795,#7796,#7797,#7798,#7799,#7800,#7801,#7802,#7803,
#7804,#7805));
#4995=PLANE('',#4996);
#4996=AXIS2_PLACEMENT_3D('',#4997,#4998,#4999);
#4997=CARTESIAN_POINT('',(-6.29126380620922E-17,3.00060276925718E-17,1.5));
#4998=DIRECTION('',(1.25825276124184E-16,-6.00120553851436E-17,1.));
#4999=DIRECTION('',(6.12323399573677E-17,1.,6.00120553851436E-17));
#5000=FACE_BOUND('',#5001,.T.);
#5001=EDGE_LOOP('',(#7806,#7807,#7808,#7809));
#5002=PLANE('',#5003);
#5003=AXIS2_PLACEMENT_3D('',#5004,#5005,#5006);
#5004=CARTESIAN_POINT('',(43.4,-32.8,1.49999999999999));
#5005=DIRECTION('',(-1.,0.,0.));
#5006=DIRECTION('',(0.,-1.,-9.25185853854295E-17));
#5007=FACE_BOUND('',#5008,.T.);
#5008=EDGE_LOOP('',(#7810,#7811,#7812,#7813));
#5009=PLANE('',#5010);
#5010=AXIS2_PLACEMENT_3D('',#5011,#5012,#5013);
#5011=CARTESIAN_POINT('',(44.1,-32.8,1.49999999999999));
#5012=DIRECTION('',(0.,1.,0.));
#5013=DIRECTION('',(-1.,0.,0.));
#5014=FACE_BOUND('',#5015,.T.);
#5015=EDGE_LOOP('',(#7814,#7815,#7816,#7817));
#5016=PLANE('',#5017);
#5017=AXIS2_PLACEMENT_3D('',#5018,#5019,#5020);
#5018=CARTESIAN_POINT('',(44.1,-35.2,1.49999999999999));
#5019=DIRECTION('',(1.,0.,0.));
#5020=DIRECTION('',(0.,1.,9.25185853854295E-17));
#5021=FACE_BOUND('',#5022,.T.);
#5022=EDGE_LOOP('',(#7818,#7819,#7820,#7821));
#5023=PLANE('',#5024);
#5024=AXIS2_PLACEMENT_3D('',#5025,#5026,#5027);
#5025=CARTESIAN_POINT('',(43.4,-35.2,1.49999999999999));
#5026=DIRECTION('',(0.,-1.,0.));
#5027=DIRECTION('',(1.,0.,0.));
#5028=FACE_BOUND('',#5029,.T.);
#5029=EDGE_LOOP('',(#7822,#7823,#7824,#7825));
#5030=PLANE('',#5031);
#5031=AXIS2_PLACEMENT_3D('',#5032,#5033,#5034);
#5032=CARTESIAN_POINT('',(-0.300000000000004,-32.8,1.5));
#5033=DIRECTION('',(-1.,1.38777878078144E-16,1.11022302462516E-16));
#5034=DIRECTION('',(-1.38777878078144E-16,-1.,-9.25185853854295E-17));
#5035=FACE_BOUND('',#5036,.T.);
#5036=EDGE_LOOP('',(#7826,#7827,#7828,#7829));
#5037=PLANE('',#5038);
#5038=AXIS2_PLACEMENT_3D('',#5039,#5040,#5041);
#5039=CARTESIAN_POINT('',(0.299999999999996,-32.8,1.5));
#5040=DIRECTION('',(0.,1.,0.));
#5041=DIRECTION('',(-1.,0.,0.));
#5042=FACE_BOUND('',#5043,.T.);
#5043=EDGE_LOOP('',(#7830,#7831,#7832,#7833));
#5044=PLANE('',#5045);
#5045=AXIS2_PLACEMENT_3D('',#5046,#5047,#5048);
#5046=CARTESIAN_POINT('',(0.299999999999996,-35.2,1.5));
#5047=DIRECTION('',(1.,-1.38777878078144E-16,-1.11022302462516E-16));
#5048=DIRECTION('',(1.38777878078144E-16,1.,9.25185853854295E-17));
#5049=FACE_BOUND('',#5050,.T.);
#5050=EDGE_LOOP('',(#7834,#7835,#7836,#7837));
#5051=PLANE('',#5052);
#5052=AXIS2_PLACEMENT_3D('',#5053,#5054,#5055);
#5053=CARTESIAN_POINT('',(-0.300000000000004,-35.2,1.5));
#5054=DIRECTION('',(0.,-1.,0.));
#5055=DIRECTION('',(1.,0.,0.));
#5056=FACE_OUTER_BOUND('',#5057,.T.);
#5057=EDGE_LOOP('',(#7838));
#5058=FACE_OUTER_BOUND('',#5059,.T.);
#5059=EDGE_LOOP('',(#7839));
#5060=CYLINDRICAL_SURFACE('',#5061,3.);
#5061=AXIS2_PLACEMENT_3D('',#5062,#5063,#5064);
#5062=CARTESIAN_POINT('',(-23.,-34.,1.));
#5063=DIRECTION('',(1.25825276124184E-16,-6.00120553851436E-17,1.));
#5064=DIRECTION('',(6.12323399573676E-17,1.,6.00120553851436E-17));
#5065=FACE_BOUND('',#5066,.T.);
#5066=EDGE_LOOP('',(#7840,#7841,#7842,#7843));
#5067=PLANE('',#5068);
#5068=AXIS2_PLACEMENT_3D('',#5069,#5070,#5071);
#5069=CARTESIAN_POINT('',(-44.,-32.8,1.5));
#5070=DIRECTION('',(-1.,0.,0.));
#5071=DIRECTION('',(0.,-1.,-9.25185853854295E-17));
#5072=FACE_BOUND('',#5073,.T.);
#5073=EDGE_LOOP('',(#7844,#7845,#7846,#7847));
#5074=PLANE('',#5075);
#5075=AXIS2_PLACEMENT_3D('',#5076,#5077,#5078);
#5076=CARTESIAN_POINT('',(-43.4,-32.8,1.5));
#5077=DIRECTION('',(0.,1.,0.));
#5078=DIRECTION('',(-1.,0.,0.));
#5079=FACE_BOUND('',#5080,.T.);
#5080=EDGE_LOOP('',(#7848,#7849,#7850,#7851));
#5081=PLANE('',#5082);
#5082=AXIS2_PLACEMENT_3D('',#5083,#5084,#5085);
#5083=CARTESIAN_POINT('',(-43.4,-35.2,1.5));
#5084=DIRECTION('',(1.,0.,0.));
#5085=DIRECTION('',(0.,1.,9.25185853854295E-17));
#5086=FACE_BOUND('',#5087,.T.);
#5087=EDGE_LOOP('',(#7852,#7853,#7854,#7855));
#5088=PLANE('',#5089);
#5089=AXIS2_PLACEMENT_3D('',#5090,#5091,#5092);
#5090=CARTESIAN_POINT('',(-44.,-35.2,1.5));
#5091=DIRECTION('',(0.,-1.,0.));
#5092=DIRECTION('',(1.,0.,0.));
#5093=FACE_BOUND('',#5094,.T.);
#5094=EDGE_LOOP('',(#7856,#7857,#7858,#7859,#7860,#7861,#7862,#7863,#7864,#7865,
#7866,#7867));
#5095=PLANE('',#5096);
#5096=AXIS2_PLACEMENT_3D('',#5097,#5098,#5099);
#5097=CARTESIAN_POINT('',(-6.29126380620922E-17,3.00060276925718E-17,1.5));
#5098=DIRECTION('',(1.25825276124184E-16,-6.00120553851436E-17,1.));
#5099=DIRECTION('',(6.12323399573677E-17,1.,6.00120553851436E-17));
#5100=FACE_BOUND('',#5101,.T.);
#5101=EDGE_LOOP('',(#7868,#7869,#7870,#7871,#7872,#7873,#7874,#7875,#7876,#7877,
#7878,#7879));
#5102=PLANE('',#5103);
#5103=AXIS2_PLACEMENT_3D('',#5104,#5105,#5106);
#5104=CARTESIAN_POINT('',(-6.29126380620922E-17,3.00060276925718E-17,1.5));
#5105=DIRECTION('',(1.25825276124184E-16,-6.00120553851436E-17,1.));
#5106=DIRECTION('',(6.12323399573677E-17,1.,6.00120553851436E-17));
#5107=FACE_BOUND('',#5108,.T.);
#5108=EDGE_LOOP('',(#7880,#7881,#7882,#7883));
#5109=PLANE('',#5110);
#5110=AXIS2_PLACEMENT_3D('',#5111,#5112,#5113);
#5111=CARTESIAN_POINT('',(-6.29126380620922E-17,3.00060276925718E-17,1.5));
#5112=DIRECTION('',(1.25825276124184E-16,-6.00120553851436E-17,1.));
#5113=DIRECTION('',(6.12323399573677E-17,1.,6.00120553851436E-17));
#5114=FACE_BOUND('',#5115,.T.);
#5115=EDGE_LOOP('',(#7884,#7885,#7886,#7887));
#5116=PLANE('',#5117);
#5117=AXIS2_PLACEMENT_3D('',#5118,#5119,#5120);
#5118=CARTESIAN_POINT('',(-6.29126380620922E-17,3.00060276925718E-17,1.5));
#5119=DIRECTION('',(1.25825276124184E-16,-6.00120553851436E-17,1.));
#5120=DIRECTION('',(6.12323399573677E-17,1.,6.00120553851436E-17));
#5121=FACE_BOUND('',#5122,.T.);
#5122=EDGE_LOOP('',(#7888,#7889,#7890,#7891));
#5123=PLANE('',#5124);
#5124=AXIS2_PLACEMENT_3D('',#5125,#5126,#5127);
#5125=CARTESIAN_POINT('',(-6.29126380620922E-17,3.00060276925718E-17,1.5));
#5126=DIRECTION('',(1.25825276124184E-16,-6.00120553851436E-17,1.));
#5127=DIRECTION('',(6.12323399573677E-17,1.,6.00120553851436E-17));
#5128=FACE_BOUND('',#5129,.T.);
#5129=EDGE_LOOP('',(#7892));
#5130=PLANE('',#5131);
#5131=AXIS2_PLACEMENT_3D('',#5132,#5133,#5134);
#5132=CARTESIAN_POINT('',(-8.57252759403147E-15,8.57252759403147E-15,-70.));
#5133=DIRECTION('',(-1.22464679914735E-16,8.02143653441516E-15,-1.));
#5134=DIRECTION('',(9.82342657643516E-31,1.,8.02143653441516E-15));
#5135=FACE_OUTER_BOUND('',#5136,.T.);
#5136=EDGE_LOOP('',(#7893));
#5137=FACE_OUTER_BOUND('',#5138,.T.);
#5138=EDGE_LOOP('',(#7894));
#5139=CYLINDRICAL_SURFACE('',#5140,9.29);
#5140=AXIS2_PLACEMENT_3D('',#5141,#5142,#5143);
#5141=CARTESIAN_POINT('',(-8.51129525407411E-15,4.56180932682449E-15,-69.5000000000001));
#5142=DIRECTION('',(-1.22464679914735E-16,8.02143653441516E-15,-1.));
#5143=DIRECTION('',(1.06465611217441E-30,1.,8.02143653441516E-15));
#5144=FACE_BOUND('',#5145,.T.);
#5145=EDGE_LOOP('',(#7895));
#5146=PLANE('',#5147);
#5147=AXIS2_PLACEMENT_3D('',#5148,#5149,#5150);
#5148=CARTESIAN_POINT('',(-8.51129525407411E-15,4.56180932682449E-15,-69.5000000000001));
#5149=DIRECTION('',(1.22464679914735E-16,-8.02143653441516E-15,1.));
#5150=DIRECTION('',(1.06465611217441E-30,1.,8.02143653441516E-15));
#5151=FACE_BOUND('',#5152,.T.);
#5152=EDGE_LOOP('',(#7896));
#5153=FACE_BOUND('',#5154,.T.);
#5154=EDGE_LOOP('',(#7897));
#5155=PLANE('',#5156);
#5156=AXIS2_PLACEMENT_3D('',#5157,#5158,#5159);
#5157=CARTESIAN_POINT('',(0.,0.,-0.199999999999999));
#5158=DIRECTION('',(0.,0.,-1.));
#5159=DIRECTION('',(-2.57820378767857E-18,1.,0.));
#5160=FACE_OUTER_BOUND('',#5161,.T.);
#5161=EDGE_LOOP('',(#7898));
#5162=FACE_OUTER_BOUND('',#5163,.T.);
#5163=EDGE_LOOP('',(#7899));
#5164=CYLINDRICAL_SURFACE('',#5165,8.);
#5165=AXIS2_PLACEMENT_3D('',#5166,#5167,#5168);
#5166=CARTESIAN_POINT('',(0.,0.,-0.199999999999999));
#5167=DIRECTION('',(0.,0.,-1.));
#5168=DIRECTION('',(-3.06161699786837E-18,1.,0.));
#5169=FACE_BOUND('',#5170,.T.);
#5170=EDGE_LOOP('',(#7900));
#5171=FACE_BOUND('',#5172,.T.);
#5172=EDGE_LOOP('',(#7901));
#5173=PLANE('',#5174);
#5174=AXIS2_PLACEMENT_3D('',#5175,#5176,#5177);
#5175=CARTESIAN_POINT('',(0.,0.,-0.1));
#5176=DIRECTION('',(0.,0.,1.));
#5177=DIRECTION('',(-1.25091603590128E-18,1.,0.));
#5178=FACE_OUTER_BOUND('',#5179,.T.);
#5179=EDGE_LOOP('',(#7902));
#5180=FACE_OUTER_BOUND('',#5181,.T.);
#5181=EDGE_LOOP('',(#7903));
#5182=TOROIDAL_SURFACE('',#5183,9.5,0.800000000000004);
#5183=AXIS2_PLACEMENT_3D('',#5184,#5185,#5186);
#5184=CARTESIAN_POINT('',(0.,0.,-0.999999999999999));
#5185=DIRECTION('',(0.,0.,-1.));
#5186=DIRECTION('',(-1.28910189383932E-17,1.,0.));
#5187=FACE_OUTER_BOUND('',#5188,.T.);
#5188=EDGE_LOOP('',(#7904));
#5189=FACE_OUTER_BOUND('',#5190,.T.);
#5190=EDGE_LOOP('',(#7905));
#5191=CYLINDRICAL_SURFACE('',#5192,7.);
#5192=AXIS2_PLACEMENT_3D('',#5193,#5194,#5195);
#5193=CARTESIAN_POINT('',(0.,0.,-0.2));
#5194=DIRECTION('',(0.,0.,-1.));
#5195=DIRECTION('',(-3.49899085470672E-18,1.,0.));
#5196=FACE_BOUND('',#5197,.T.);
#5197=EDGE_LOOP('',(#7906));
#5198=FACE_BOUND('',#5199,.T.);
#5199=EDGE_LOOP('',(#7907));
#5200=PLANE('',#5201);
#5201=AXIS2_PLACEMENT_3D('',#5202,#5203,#5204);
#5202=CARTESIAN_POINT('',(0.,0.,7.19325249339923E-16));
#5203=DIRECTION('',(0.,0.,1.));
#5204=DIRECTION('',(9.27283541210535E-33,1.,0.));
#5205=FACE_OUTER_BOUND('',#5206,.T.);
#5206=EDGE_LOOP('',(#7908));
#5207=FACE_OUTER_BOUND('',#5208,.T.);
#5208=EDGE_LOOP('',(#7909));
#5209=CYLINDRICAL_SURFACE('',#5210,10.3);
#5210=AXIS2_PLACEMENT_3D('',#5211,#5212,#5213);
#5211=CARTESIAN_POINT('',(0.,0.,-3.));
#5212=DIRECTION('',(0.,0.,-1.));
#5213=DIRECTION('',(-3.56693242470103E-17,1.,0.));
#5214=FACE_OUTER_BOUND('',#5215,.T.);
#5215=EDGE_LOOP('',(#7910));
#5216=FACE_OUTER_BOUND('',#5217,.T.);
#5217=EDGE_LOOP('',(#7911));
#5218=TOROIDAL_SURFACE('',#5219,9.5,1.);
#5219=AXIS2_PLACEMENT_3D('',#5220,#5221,#5222);
#5220=CARTESIAN_POINT('',(0.,0.,-0.999999999999999));
#5221=DIRECTION('',(0.,0.,-1.));
#5222=DIRECTION('',(-1.28910189383932E-17,1.,0.));
#5223=FACE_OUTER_BOUND('',#5224,.T.);
#5224=EDGE_LOOP('',(#7912));
#5225=FACE_OUTER_BOUND('',#5226,.T.);
#5226=EDGE_LOOP('',(#7913));
#5227=TOROIDAL_SURFACE('',#5228,9.9848009939932,0.335590858595157);
#5228=AXIS2_PLACEMENT_3D('',#5229,#5230,#5231);
#5229=CARTESIAN_POINT('',(0.,0.,-2.88480099399319));
#5230=DIRECTION('',(0.,0.,-1.));
#5231=DIRECTION('',(-3.53824007668878E-17,1.,0.));
#5232=FACE_OUTER_BOUND('',#5233,.T.);
#5233=EDGE_LOOP('',(#7914));
#5234=FACE_OUTER_BOUND('',#5235,.T.);
#5235=EDGE_LOOP('',(#7915));
#5236=CYLINDRICAL_SURFACE('',#5237,10.5);
#5237=AXIS2_PLACEMENT_3D('',#5238,#5239,#5240);
#5238=CARTESIAN_POINT('',(0.,0.,-0.999999999999999));
#5239=DIRECTION('',(0.,0.,-1.));
#5240=DIRECTION('',(-1.16633028490224E-17,1.,0.));
#5241=FACE_OUTER_BOUND('',#5242,.T.);
#5242=EDGE_LOOP('',(#7916));
#5243=FACE_OUTER_BOUND('',#5244,.T.);
#5244=EDGE_LOOP('',(#7917));
#5245=TOROIDAL_SURFACE('',#5246,11.0159360319634,1.21611628335814);
#5246=AXIS2_PLACEMENT_3D('',#5247,#5248,#5249);
#5247=CARTESIAN_POINT('',(0.,0.,-4.));
#5248=DIRECTION('',(0.,0.,-1.));
#5249=DIRECTION('',(-4.44681884714642E-17,1.,0.));
#5250=FACE_OUTER_BOUND('',#5251,.T.);
#5251=EDGE_LOOP('',(#7918));
#5252=FACE_OUTER_BOUND('',#5253,.T.);
#5253=EDGE_LOOP('',(#7919));
#5254=TOROIDAL_SURFACE('',#5255,10.2017465436074,0.314020486502403);
#5255=AXIS2_PLACEMENT_3D('',#5256,#5257,#5258);
#5256=CARTESIAN_POINT('',(0.,0.,-3.10174654360742));
#5257=DIRECTION('',(0.,0.,-1.));
#5258=DIRECTION('',(-3.72342516073919E-17,1.,0.));
#5259=FACE_OUTER_BOUND('',#5260,.T.);
#5260=EDGE_LOOP('',(#7920));
#5261=FACE_OUTER_BOUND('',#5262,.T.);
#5262=EDGE_LOOP('',(#7921));
#5263=TOROIDAL_SURFACE('',#5264,9.9470233482557,0.384700367371165);
#5264=AXIS2_PLACEMENT_3D('',#5265,#5266,#5267);
#5265=CARTESIAN_POINT('',(0.,0.,-5.1529766517443));
#5266=DIRECTION('',(0.,0.,-1.));
#5267=DIRECTION('',(-6.34418573446528E-17,1.,0.));
#5268=FACE_OUTER_BOUND('',#5269,.T.);
#5269=EDGE_LOOP('',(#7922));
#5270=FACE_OUTER_BOUND('',#5271,.T.);
#5271=EDGE_LOOP('',(#7923));
#5272=TOROIDAL_SURFACE('',#5273,10.7496012646077,0.749760826621938);
#5273=AXIS2_PLACEMENT_3D('',#5274,#5275,#5276);
#5274=CARTESIAN_POINT('',(0.,0.,-4.));
#5275=DIRECTION('',(0.,0.,-1.));
#5276=DIRECTION('',(-4.55699432565716E-17,1.,0.));
#5277=FACE_OUTER_BOUND('',#5278,.T.);
#5278=EDGE_LOOP('',(#7924));
#5279=FACE_OUTER_BOUND('',#5280,.T.);
#5280=EDGE_LOOP('',(#7925));
#5281=CYLINDRICAL_SURFACE('',#5282,10.3);
#5282=AXIS2_PLACEMENT_3D('',#5283,#5284,#5285);
#5283=CARTESIAN_POINT('',(0.,0.,-69.));
#5284=DIRECTION('',(0.,0.,-1.));
#5285=DIRECTION('',(-8.20394457681236E-16,1.,0.));
#5286=FACE_OUTER_BOUND('',#5287,.T.);
#5287=EDGE_LOOP('',(#7926));
#5288=FACE_OUTER_BOUND('',#5289,.T.);
#5289=EDGE_LOOP('',(#7927));
#5290=TOROIDAL_SURFACE('',#5291,10.2190475867488,0.292382543464649);
#5291=AXIS2_PLACEMENT_3D('',#5292,#5293,#5294);
#5292=CARTESIAN_POINT('',(0.,0.,-4.88095241325119));
#5293=DIRECTION('',(0.,0.,-1.));
#5294=DIRECTION('',(-5.84931491798674E-17,1.,0.));
#5295=FACE_OUTER_BOUND('',#5296,.T.);
#5296=EDGE_LOOP('',(#7928));
#5297=FACE_OUTER_BOUND('',#5298,.T.);
#5298=EDGE_LOOP('',(#7929));
#5299=TOROIDAL_SURFACE('',#5300,9.4999999999998,0.80000000000021);
#5300=AXIS2_PLACEMENT_3D('',#5301,#5302,#5303);
#5301=CARTESIAN_POINT('',(0.,0.,-69.));
#5302=DIRECTION('',(0.,0.,-1.));
#5303=DIRECTION('',(-8.89480306749149E-16,1.,0.));
#5304=FACE_OUTER_BOUND('',#5305,.T.);
#5305=EDGE_LOOP('',(#7930));
#5306=FACE_OUTER_BOUND('',#5307,.T.);
#5307=EDGE_LOOP('',(#7931));
#5308=CYLINDRICAL_SURFACE('',#5309,10.5);
#5309=AXIS2_PLACEMENT_3D('',#5310,#5311,#5312);
#5310=CARTESIAN_POINT('',(0.,0.,-4.8));
#5311=DIRECTION('',(0.,0.,-1.));
#5312=DIRECTION('',(-5.59838536753075E-17,1.,0.));
#5313=FACE_BOUND('',#5314,.T.);
#5314=EDGE_LOOP('',(#7932));
#5315=FACE_BOUND('',#5316,.T.);
#5316=EDGE_LOOP('',(#7933));
#5317=PLANE('',#5318);
#5318=AXIS2_PLACEMENT_3D('',#5319,#5320,#5321);
#5319=CARTESIAN_POINT('',(0.,0.,-69.8000000000001));
#5320=DIRECTION('',(0.,0.,1.));
#5321=DIRECTION('',(-8.99793121899865E-16,1.,0.));
#5322=FACE_OUTER_BOUND('',#5323,.T.);
#5323=EDGE_LOOP('',(#7934));
#5324=FACE_OUTER_BOUND('',#5325,.T.);
#5325=EDGE_LOOP('',(#7935));
#5326=TOROIDAL_SURFACE('',#5327,9.50000000000001,1.);
#5327=AXIS2_PLACEMENT_3D('',#5328,#5329,#5330);
#5328=CARTESIAN_POINT('',(0.,0.,-69.));
#5329=DIRECTION('',(0.,0.,-1.));
#5330=DIRECTION('',(-8.89480306749129E-16,1.,0.));
#5331=FACE_OUTER_BOUND('',#5332,.T.);
#5332=EDGE_LOOP('',(#7936));
#5333=FACE_OUTER_BOUND('',#5334,.T.);
#5334=EDGE_LOOP('',(#7937));
#5335=CYLINDRICAL_SURFACE('',#5336,9.30000000000001);
#5336=AXIS2_PLACEMENT_3D('',#5337,#5338,#5339);
#5337=CARTESIAN_POINT('',(0.,0.,-70.));
#5338=DIRECTION('',(0.,0.,-1.));
#5339=DIRECTION('',(-9.21777160648545E-16,1.,0.));
#5340=FACE_BOUND('',#5341,.T.);
#5341=EDGE_LOOP('',(#7938));
#5342=FACE_BOUND('',#5343,.T.);
#5343=EDGE_LOOP('',(#7939));
#5344=PLANE('',#5345);
#5345=AXIS2_PLACEMENT_3D('',#5346,#5347,#5348);
#5346=CARTESIAN_POINT('',(0.,0.,-70.));
#5347=DIRECTION('',(0.,0.,-1.));
#5348=DIRECTION('',(-9.02371325687523E-16,1.,0.));
#5349=FACE_BOUND('',#5350,.T.);
#5350=EDGE_LOOP('',(#7940));
#5351=PLANE('',#5352);
#5352=AXIS2_PLACEMENT_3D('',#5353,#5354,#5355);
#5353=CARTESIAN_POINT('',(0.,0.,-63.5));
#5354=DIRECTION('',(0.,0.,-1.));
#5355=DIRECTION('',(-7.77650717458569E-16,1.,0.));
#5356=FACE_OUTER_BOUND('',#5357,.T.);
#5357=EDGE_LOOP('',(#7941));
#5358=FACE_OUTER_BOUND('',#5359,.T.);
#5359=EDGE_LOOP('',(#7942));
#5360=CYLINDRICAL_SURFACE('',#5361,10.);
#5361=AXIS2_PLACEMENT_3D('',#5362,#5363,#5364);
#5362=CARTESIAN_POINT('',(0.,0.,-0.699999999999999));
#5363=DIRECTION('',(0.,0.,-1.));
#5364=DIRECTION('',(-8.57252759403147E-18,1.,0.));
#5365=FACE_BOUND('',#5366,.T.);
#5366=EDGE_LOOP('',(#7943));
#5367=FACE_BOUND('',#5368,.T.);
#5368=EDGE_LOOP('',(#7944));
#5369=PLANE('',#5370);
#5370=AXIS2_PLACEMENT_3D('',#5371,#5372,#5373);
#5371=CARTESIAN_POINT('',(0.,0.,-0.699999999999999));
#5372=DIRECTION('',(0.,0.,1.));
#5373=DIRECTION('',(-8.57252759403147E-18,1.,0.));
#5374=FACE_OUTER_BOUND('',#5375,.T.);
#5375=EDGE_LOOP('',(#7945));
#5376=FACE_OUTER_BOUND('',#5377,.T.);
#5377=EDGE_LOOP('',(#7946));
#5378=CONICAL_SURFACE('',#5379,6.4,0.960070362405688);
#5379=AXIS2_PLACEMENT_3D('',#5380,#5381,#5382);
#5380=CARTESIAN_POINT('',(0.,0.,-0.35));
#5381=DIRECTION('',(0.,0.,-1.));
#5382=DIRECTION('',(-2.54196573332518E-33,1.,0.));
#5383=FACE_BOUND('',#5384,.T.);
#5384=EDGE_LOOP('',(#7947));
#5385=PLANE('',#5386);
#5386=AXIS2_PLACEMENT_3D('',#5387,#5388,#5389);
#5387=CARTESIAN_POINT('',(0.,0.,7.22541611496938E-16));
#5388=DIRECTION('',(0.,0.,1.));
#5389=DIRECTION('',(1.49975978266186E-32,1.,0.));
#5390=FACE_BOUND('',#5391,.T.);
#5391=EDGE_LOOP('',(#7948,#7949,#7950,#7951,#7952,#7953,#7954,#7955,#7956,#7957,
#7958,#7959,#7960,#7961,#7962,#7963));
#5392=PLANE('',#5393);
#5393=AXIS2_PLACEMENT_3D('',#5394,#5395,#5396);
#5394=CARTESIAN_POINT('',(0.,0.,0.2));
#5395=DIRECTION('',(0.,0.,1.));
#5396=DIRECTION('',(4.08215599715784E-18,1.,0.));
#5397=FACE_BOUND('',#5398,.T.);
#5398=EDGE_LOOP('',(#7964,#7965,#7966,#7967));
#5399=CONICAL_SURFACE('',#5400,6.5,1.10714871779409);
#5400=AXIS2_PLACEMENT_3D('',#5401,#5402,#5403);
#5401=CARTESIAN_POINT('',(0.,0.,-0.0500000000000001));
#5402=DIRECTION('',(0.,0.,-1.));
#5403=DIRECTION('',(4.08215599715784E-18,1.,0.));
#5404=FACE_BOUND('',#5405,.T.);
#5405=EDGE_LOOP('',(#7968,#7969,#7970,#7971));
#5406=CONICAL_SURFACE('',#5407,6.5,1.10714871779409);
#5407=AXIS2_PLACEMENT_3D('',#5408,#5409,#5410);
#5408=CARTESIAN_POINT('',(0.,0.,-0.0500000000000001));
#5409=DIRECTION('',(0.,0.,-1.));
#5410=DIRECTION('',(4.08215599715784E-18,1.,0.));
#5411=FACE_BOUND('',#5412,.T.);
#5412=EDGE_LOOP('',(#7972,#7973,#7974,#7975));
#5413=CONICAL_SURFACE('',#5414,6.5,1.10714871779409);
#5414=AXIS2_PLACEMENT_3D('',#5415,#5416,#5417);
#5415=CARTESIAN_POINT('',(0.,0.,-0.0500000000000001));
#5416=DIRECTION('',(0.,0.,-1.));
#5417=DIRECTION('',(4.08215599715784E-18,1.,0.));
#5418=FACE_BOUND('',#5419,.T.);
#5419=EDGE_LOOP('',(#7976,#7977,#7978,#7979));
#5420=CONICAL_SURFACE('',#5421,6.5,1.10714871779409);
#5421=AXIS2_PLACEMENT_3D('',#5422,#5423,#5424);
#5422=CARTESIAN_POINT('',(0.,0.,-0.0500000000000001));
#5423=DIRECTION('',(0.,0.,-1.));
#5424=DIRECTION('',(4.08215599715784E-18,1.,0.));
#5425=FACE_BOUND('',#5426,.T.);
#5426=EDGE_LOOP('',(#7980,#7981,#7982,#7983,#7984,#7985));
#5427=PLANE('',#5428);
#5428=AXIS2_PLACEMENT_3D('',#5429,#5430,#5431);
#5429=CARTESIAN_POINT('',(0.,0.,-0.3));
#5430=DIRECTION('',(0.,0.,1.));
#5431=DIRECTION('',(-3.67394039744206E-18,1.,0.));
#5432=FACE_BOUND('',#5433,.T.);
#5433=EDGE_LOOP('',(#7986,#7987,#7988,#7989,#7990,#7991));
#5434=PLANE('',#5435);
#5435=AXIS2_PLACEMENT_3D('',#5436,#5437,#5438);
#5436=CARTESIAN_POINT('',(0.,0.,-0.3));
#5437=DIRECTION('',(0.,0.,1.));
#5438=DIRECTION('',(-3.67394039744206E-18,1.,0.));
#5439=FACE_BOUND('',#5440,.T.);
#5440=EDGE_LOOP('',(#7992,#7993,#7994,#7995,#7996,#7997));
#5441=PLANE('',#5442);
#5442=AXIS2_PLACEMENT_3D('',#5443,#5444,#5445);
#5443=CARTESIAN_POINT('',(0.,0.,-0.3));
#5444=DIRECTION('',(0.,0.,1.));
#5445=DIRECTION('',(-3.67394039744206E-18,1.,0.));
#5446=FACE_BOUND('',#5447,.T.);
#5447=EDGE_LOOP('',(#7998,#7999,#8000,#8001,#8002,#8003));
#5448=PLANE('',#5449);
#5449=AXIS2_PLACEMENT_3D('',#5450,#5451,#5452);
#5450=CARTESIAN_POINT('',(0.,0.,-0.3));
#5451=DIRECTION('',(0.,0.,1.));
#5452=DIRECTION('',(-3.67394039744206E-18,1.,0.));
#5453=FACE_BOUND('',#5454,.T.);
#5454=EDGE_LOOP('',(#8004,#8005,#8006,#8007));
#5455=CYLINDRICAL_SURFACE('',#5456,10.);
#5456=AXIS2_PLACEMENT_3D('',#5457,#5458,#5459);
#5457=CARTESIAN_POINT('',(0.,0.,-0.3));
#5458=DIRECTION('',(0.,0.,-1.));
#5459=DIRECTION('',(-3.67394039744206E-18,1.,0.));
#5460=FACE_BOUND('',#5461,.T.);
#5461=EDGE_LOOP('',(#8008,#8009,#8010,#8011));
#5462=CYLINDRICAL_SURFACE('',#5463,10.);
#5463=AXIS2_PLACEMENT_3D('',#5464,#5465,#5466);
#5464=CARTESIAN_POINT('',(0.,0.,-0.3));
#5465=DIRECTION('',(0.,0.,-1.));
#5466=DIRECTION('',(-3.67394039744206E-18,1.,0.));
#5467=FACE_BOUND('',#5468,.T.);
#5468=EDGE_LOOP('',(#8012,#8013,#8014,#8015));
#5469=CYLINDRICAL_SURFACE('',#5470,10.);
#5470=AXIS2_PLACEMENT_3D('',#5471,#5472,#5473);
#5471=CARTESIAN_POINT('',(0.,0.,-0.3));
#5472=DIRECTION('',(0.,0.,-1.));
#5473=DIRECTION('',(-3.67394039744206E-18,1.,0.));
#5474=FACE_BOUND('',#5475,.T.);
#5475=EDGE_LOOP('',(#8016,#8017,#8018,#8019));
#5476=CYLINDRICAL_SURFACE('',#5477,10.);
#5477=AXIS2_PLACEMENT_3D('',#5478,#5479,#5480);
#5478=CARTESIAN_POINT('',(0.,0.,-0.3));
#5479=DIRECTION('',(0.,0.,-1.));
#5480=DIRECTION('',(-3.67394039744206E-18,1.,0.));
#5481=FACE_BOUND('',#5482,.T.);
#5482=EDGE_LOOP('',(#8020,#8021,#8022,#8023,#8024,#8025));
#5483=PLANE('',#5484);
#5484=AXIS2_PLACEMENT_3D('',#5485,#5486,#5487);
#5485=CARTESIAN_POINT('',(0.,0.,-0.5));
#5486=DIRECTION('',(0.,0.,-1.));
#5487=DIRECTION('',(-6.12323399573676E-18,1.,0.));
#5488=FACE_BOUND('',#5489,.T.);
#5489=EDGE_LOOP('',(#8026,#8027,#8028,#8029,#8030,#8031));
#5490=PLANE('',#5491);
#5491=AXIS2_PLACEMENT_3D('',#5492,#5493,#5494);
#5492=CARTESIAN_POINT('',(0.,0.,-0.5));
#5493=DIRECTION('',(0.,0.,-1.));
#5494=DIRECTION('',(-6.12323399573676E-18,1.,0.));
#5495=FACE_BOUND('',#5496,.T.);
#5496=EDGE_LOOP('',(#8032,#8033,#8034,#8035,#8036,#8037));
#5497=PLANE('',#5498);
#5498=AXIS2_PLACEMENT_3D('',#5499,#5500,#5501);
#5499=CARTESIAN_POINT('',(0.,0.,-0.5));
#5500=DIRECTION('',(0.,0.,-1.));
#5501=DIRECTION('',(-6.12323399573676E-18,1.,0.));
#5502=FACE_BOUND('',#5503,.T.);
#5503=EDGE_LOOP('',(#8038,#8039,#8040,#8041,#8042,#8043));
#5504=PLANE('',#5505);
#5505=AXIS2_PLACEMENT_3D('',#5506,#5507,#5508);
#5506=CARTESIAN_POINT('',(0.,0.,-0.5));
#5507=DIRECTION('',(0.,0.,-1.));
#5508=DIRECTION('',(-6.12323399573676E-18,1.,0.));
#5509=FACE_BOUND('',#5510,.T.);
#5510=EDGE_LOOP('',(#8044,#8045,#8046,#8047));
#5511=CONICAL_SURFACE('',#5512,6.4,1.10714871779409);
#5512=AXIS2_PLACEMENT_3D('',#5513,#5514,#5515);
#5513=CARTESIAN_POINT('',(0.,0.,-0.25));
#5514=DIRECTION('',(0.,0.,-1.));
#5515=DIRECTION('',(-8.87425216773445E-18,1.,0.));
#5516=FACE_BOUND('',#5517,.T.);
#5517=EDGE_LOOP('',(#8048,#8049,#8050,#8051));
#5518=CONICAL_SURFACE('',#5519,6.4,1.10714871779409);
#5519=AXIS2_PLACEMENT_3D('',#5520,#5521,#5522);
#5520=CARTESIAN_POINT('',(0.,0.,-0.25));
#5521=DIRECTION('',(0.,0.,-1.));
#5522=DIRECTION('',(-8.87425216773445E-18,1.,0.));
#5523=FACE_BOUND('',#5524,.T.);
#5524=EDGE_LOOP('',(#8052,#8053,#8054,#8055));
#5525=CONICAL_SURFACE('',#5526,6.4,1.10714871779409);
#5526=AXIS2_PLACEMENT_3D('',#5527,#5528,#5529);
#5527=CARTESIAN_POINT('',(0.,0.,-0.25));
#5528=DIRECTION('',(0.,0.,-1.));
#5529=DIRECTION('',(-8.87425216773445E-18,1.,0.));
#5530=FACE_BOUND('',#5531,.T.);
#5531=EDGE_LOOP('',(#8056,#8057,#8058,#8059));
#5532=CONICAL_SURFACE('',#5533,6.4,1.10714871779409);
#5533=AXIS2_PLACEMENT_3D('',#5534,#5535,#5536);
#5534=CARTESIAN_POINT('',(0.,0.,-0.25));
#5535=DIRECTION('',(0.,0.,-1.));
#5536=DIRECTION('',(-8.87425216773445E-18,1.,0.));
#5537=FACE_BOUND('',#5538,.T.);
#5538=EDGE_LOOP('',(#8060,#8061,#8062,#8063,#8064,#8065,#8066,#8067,#8068,#8069,
#8070,#8071,#8072,#8073,#8074,#8075));
#5539=PLANE('',#5540);
#5540=AXIS2_PLACEMENT_3D('',#5541,#5542,#5543);
#5541=CARTESIAN_POINT('',(0.,0.,0.));
#5542=DIRECTION('',(0.,0.,-1.));
#5543=DIRECTION('',(1.49975978266186E-32,1.,0.));
#5544=FACE_BOUND('',#5545,.T.);
#5545=EDGE_LOOP('',(#8076,#8077,#8078,#8079,#8080,#8081,#8082,#8083));
#5546=CYLINDRICAL_SURFACE('',#5547,1.);
#5547=AXIS2_PLACEMENT_3D('',#5548,#5549,#5550);
#5548=CARTESIAN_POINT('',(2.,-6.5,-1.));
#5549=DIRECTION('',(0.,0.,1.));
#5550=DIRECTION('',(1.,0.,0.));
#5551=FACE_BOUND('',#5552,.T.);
#5552=EDGE_LOOP('',(#8084,#8085,#8086,#8087));
#5553=PLANE('',#5554);
#5554=AXIS2_PLACEMENT_3D('',#5555,#5556,#5557);
#5555=CARTESIAN_POINT('',(3.,-10.,-1.));
#5556=DIRECTION('',(1.,0.,0.));
#5557=DIRECTION('',(0.,1.,0.));
#5558=FACE_BOUND('',#5559,.T.);
#5559=EDGE_LOOP('',(#8088,#8089,#8090,#8091));
#5560=PLANE('',#5561);
#5561=AXIS2_PLACEMENT_3D('',#5562,#5563,#5564);
#5562=CARTESIAN_POINT('',(-3.,-6.5,-1.));
#5563=DIRECTION('',(-1.,0.,0.));
#5564=DIRECTION('',(0.,-1.,0.));
#5565=FACE_BOUND('',#5566,.T.);
#5566=EDGE_LOOP('',(#8092,#8093,#8094,#8095,#8096,#8097,#8098,#8099));
#5567=CYLINDRICAL_SURFACE('',#5568,1.);
#5568=AXIS2_PLACEMENT_3D('',#5569,#5570,#5571);
#5569=CARTESIAN_POINT('',(-2.,-6.5,-1.));
#5570=DIRECTION('',(0.,0.,1.));
#5571=DIRECTION('',(0.,1.,0.));
#5572=FACE_BOUND('',#5573,.T.);
#5573=EDGE_LOOP('',(#8100,#8101,#8102,#8103));
#5574=PLANE('',#5575);
#5575=AXIS2_PLACEMENT_3D('',#5576,#5577,#5578);
#5576=CARTESIAN_POINT('',(2.,-5.5,-1.));
#5577=DIRECTION('',(0.,1.,0.));
#5578=DIRECTION('',(-1.,0.,0.));
#5579=FACE_BOUND('',#5580,.T.);
#5580=EDGE_LOOP('',(#8104,#8105,#8106,#8107));
#5581=PLANE('',#5582);
#5582=AXIS2_PLACEMENT_3D('',#5583,#5584,#5585);
#5583=CARTESIAN_POINT('',(6.5,-3.,-1.));
#5584=DIRECTION('',(0.,-1.,0.));
#5585=DIRECTION('',(1.,0.,0.));
#5586=FACE_BOUND('',#5587,.T.);
#5587=EDGE_LOOP('',(#8108,#8109,#8110,#8111,#8112,#8113,#8114,#8115));
#5588=CYLINDRICAL_SURFACE('',#5589,1.);
#5589=AXIS2_PLACEMENT_3D('',#5590,#5591,#5592);
#5590=CARTESIAN_POINT('',(6.5,-2.,-1.));
#5591=DIRECTION('',(0.,0.,1.));
#5592=DIRECTION('',(-1.,2.22044604925031E-16,0.));
#5593=FACE_BOUND('',#5594,.T.);
#5594=EDGE_LOOP('',(#8116,#8117,#8118,#8119));
#5595=PLANE('',#5596);
#5596=AXIS2_PLACEMENT_3D('',#5597,#5598,#5599);
#5597=CARTESIAN_POINT('',(5.5,2.,-1.));
#5598=DIRECTION('',(-1.,0.,0.));
#5599=DIRECTION('',(0.,-1.,0.));
#5600=FACE_BOUND('',#5601,.T.);
#5601=EDGE_LOOP('',(#8120,#8121,#8122,#8123,#8124,#8125,#8126,#8127));
#5602=CYLINDRICAL_SURFACE('',#5603,1.);
#5603=AXIS2_PLACEMENT_3D('',#5604,#5605,#5606);
#5604=CARTESIAN_POINT('',(6.5,2.,-1.));
#5605=DIRECTION('',(0.,0.,1.));
#5606=DIRECTION('',(0.,1.,0.));
#5607=FACE_BOUND('',#5608,.T.);
#5608=EDGE_LOOP('',(#8128,#8129,#8130,#8131));
#5609=PLANE('',#5610);
#5610=AXIS2_PLACEMENT_3D('',#5611,#5612,#5613);
#5611=CARTESIAN_POINT('',(10.,3.,-1.));
#5612=DIRECTION('',(0.,1.,0.));
#5613=DIRECTION('',(-1.,0.,0.));
#5614=FACE_BOUND('',#5615,.T.);
#5615=EDGE_LOOP('',(#8132,#8133,#8134,#8135));
#5616=PLANE('',#5617);
#5617=AXIS2_PLACEMENT_3D('',#5618,#5619,#5620);
#5618=CARTESIAN_POINT('',(-10.,-3.,-1.));
#5619=DIRECTION('',(0.,-1.,0.));
#5620=DIRECTION('',(1.,0.,0.));
#5621=FACE_BOUND('',#5622,.T.);
#5622=EDGE_LOOP('',(#8136,#8137,#8138,#8139));
#5623=PLANE('',#5624);
#5624=AXIS2_PLACEMENT_3D('',#5625,#5626,#5627);
#5625=CARTESIAN_POINT('',(-6.5,3.,-1.));
#5626=DIRECTION('',(0.,1.,0.));
#5627=DIRECTION('',(-1.,0.,0.));
#5628=FACE_BOUND('',#5629,.T.);
#5629=EDGE_LOOP('',(#8140,#8141,#8142,#8143,#8144,#8145,#8146,#8147));
#5630=CYLINDRICAL_SURFACE('',#5631,1.);
#5631=AXIS2_PLACEMENT_3D('',#5632,#5633,#5634);
#5632=CARTESIAN_POINT('',(-6.5,2.,-1.));
#5633=DIRECTION('',(0.,0.,1.));
#5634=DIRECTION('',(1.,0.,0.));
#5635=FACE_BOUND('',#5636,.T.);
#5636=EDGE_LOOP('',(#8148,#8149,#8150,#8151));
#5637=PLANE('',#5638);
#5638=AXIS2_PLACEMENT_3D('',#5639,#5640,#5641);
#5639=CARTESIAN_POINT('',(-5.5,-2.,-1.));
#5640=DIRECTION('',(1.,0.,0.));
#5641=DIRECTION('',(0.,1.,0.));
#5642=FACE_BOUND('',#5643,.T.);
#5643=EDGE_LOOP('',(#8152,#8153,#8154,#8155,#8156,#8157,#8158,#8159));
#5644=CYLINDRICAL_SURFACE('',#5645,1.);
#5645=AXIS2_PLACEMENT_3D('',#5646,#5647,#5648);
#5646=CARTESIAN_POINT('',(-6.5,-2.,-1.));
#5647=DIRECTION('',(0.,0.,1.));
#5648=DIRECTION('',(0.,-1.,0.));
#5649=FACE_BOUND('',#5650,.T.);
#5650=EDGE_LOOP('',(#8160,#8161,#8162,#8163));
#5651=PLANE('',#5652);
#5652=AXIS2_PLACEMENT_3D('',#5653,#5654,#5655);
#5653=CARTESIAN_POINT('',(-3.,10.,-1.));
#5654=DIRECTION('',(-1.,0.,0.));
#5655=DIRECTION('',(0.,-1.,0.));
#5656=FACE_BOUND('',#5657,.T.);
#5657=EDGE_LOOP('',(#8164,#8165,#8166,#8167));
#5658=PLANE('',#5659);
#5659=AXIS2_PLACEMENT_3D('',#5660,#5661,#5662);
#5660=CARTESIAN_POINT('',(3.,6.5,-1.));
#5661=DIRECTION('',(1.,0.,0.));
#5662=DIRECTION('',(0.,1.,0.));
#5663=FACE_BOUND('',#5664,.T.);
#5664=EDGE_LOOP('',(#8168,#8169,#8170,#8171,#8172,#8173,#8174,#8175));
#5665=CYLINDRICAL_SURFACE('',#5666,1.);
#5666=AXIS2_PLACEMENT_3D('',#5667,#5668,#5669);
#5667=CARTESIAN_POINT('',(2.,6.5,-1.));
#5668=DIRECTION('',(0.,0.,1.));
#5669=DIRECTION('',(-2.22044604925031E-16,-1.,0.));
#5670=FACE_BOUND('',#5671,.T.);
#5671=EDGE_LOOP('',(#8176,#8177,#8178,#8179));
#5672=PLANE('',#5673);
#5673=AXIS2_PLACEMENT_3D('',#5674,#5675,#5676);
#5674=CARTESIAN_POINT('',(-2.,5.5,-1.));
#5675=DIRECTION('',(0.,-1.,0.));
#5676=DIRECTION('',(1.,0.,0.));
#5677=FACE_BOUND('',#5678,.T.);
#5678=EDGE_LOOP('',(#8180,#8181,#8182,#8183,#8184,#8185,#8186,#8187));
#5679=CYLINDRICAL_SURFACE('',#5680,1.);
#5680=AXIS2_PLACEMENT_3D('',#5681,#5682,#5683);
#5681=CARTESIAN_POINT('',(-2.,6.5,-1.));
#5682=DIRECTION('',(0.,0.,1.));
#5683=DIRECTION('',(-1.,0.,0.));
#5684=ORIENTED_EDGE('',*,*,#8188,.F.);
#5685=ORIENTED_EDGE('',*,*,#8189,.F.);
#5686=ORIENTED_EDGE('',*,*,#8190,.T.);
#5687=ORIENTED_EDGE('',*,*,#8191,.F.);
#5688=ORIENTED_EDGE('',*,*,#8192,.T.);
#5689=ORIENTED_EDGE('',*,*,#8193,.T.);
#5690=ORIENTED_EDGE('',*,*,#8194,.T.);
#5691=ORIENTED_EDGE('',*,*,#8195,.T.);
#5692=ORIENTED_EDGE('',*,*,#8196,.T.);
#5693=ORIENTED_EDGE('',*,*,#8197,.T.);
#5694=ORIENTED_EDGE('',*,*,#8198,.T.);
#5695=ORIENTED_EDGE('',*,*,#8199,.T.);
#5696=ORIENTED_EDGE('',*,*,#8200,.F.);
#5697=ORIENTED_EDGE('',*,*,#8199,.F.);
#5698=ORIENTED_EDGE('',*,*,#8201,.F.);
#5699=ORIENTED_EDGE('',*,*,#8198,.F.);
#5700=ORIENTED_EDGE('',*,*,#8202,.F.);
#5701=ORIENTED_EDGE('',*,*,#8197,.F.);
#5702=ORIENTED_EDGE('',*,*,#8203,.F.);
#5703=ORIENTED_EDGE('',*,*,#8196,.F.);
#5704=ORIENTED_EDGE('',*,*,#8204,.F.);
#5705=ORIENTED_EDGE('',*,*,#8195,.F.);
#5706=ORIENTED_EDGE('',*,*,#8205,.F.);
#5707=ORIENTED_EDGE('',*,*,#8194,.F.);
#5708=ORIENTED_EDGE('',*,*,#8206,.F.);
#5709=ORIENTED_EDGE('',*,*,#8193,.F.);
#5710=ORIENTED_EDGE('',*,*,#8207,.F.);
#5711=ORIENTED_EDGE('',*,*,#8192,.F.);
#5712=ORIENTED_EDGE('',*,*,#8208,.F.);
#5713=ORIENTED_EDGE('',*,*,#8188,.T.);
#5714=ORIENTED_EDGE('',*,*,#8209,.F.);
#5715=ORIENTED_EDGE('',*,*,#8210,.F.);
#5716=ORIENTED_EDGE('',*,*,#8211,.F.);
#5717=ORIENTED_EDGE('',*,*,#8212,.F.);
#5718=ORIENTED_EDGE('',*,*,#8213,.F.);
#5719=ORIENTED_EDGE('',*,*,#8214,.T.);
#5720=ORIENTED_EDGE('',*,*,#8189,.T.);
#5721=ORIENTED_EDGE('',*,*,#8215,.T.);
#5722=ORIENTED_EDGE('',*,*,#8216,.F.);
#5723=ORIENTED_EDGE('',*,*,#8190,.F.);
#5724=ORIENTED_EDGE('',*,*,#8217,.F.);
#5725=ORIENTED_EDGE('',*,*,#8218,.T.);
#5726=ORIENTED_EDGE('',*,*,#8191,.T.);
#5727=ORIENTED_EDGE('',*,*,#8219,.F.);
#5728=ORIENTED_EDGE('',*,*,#8220,.F.);
#5729=ORIENTED_EDGE('',*,*,#8200,.T.);
#5730=ORIENTED_EDGE('',*,*,#8221,.F.);
#5731=ORIENTED_EDGE('',*,*,#8201,.T.);
#5732=ORIENTED_EDGE('',*,*,#8222,.F.);
#5733=ORIENTED_EDGE('',*,*,#8202,.T.);
#5734=ORIENTED_EDGE('',*,*,#8223,.F.);
#5735=ORIENTED_EDGE('',*,*,#8203,.T.);
#5736=ORIENTED_EDGE('',*,*,#8224,.F.);
#5737=ORIENTED_EDGE('',*,*,#8204,.T.);
#5738=ORIENTED_EDGE('',*,*,#8225,.F.);
#5739=ORIENTED_EDGE('',*,*,#8205,.T.);
#5740=ORIENTED_EDGE('',*,*,#8226,.F.);
#5741=ORIENTED_EDGE('',*,*,#8206,.T.);
#5742=ORIENTED_EDGE('',*,*,#8227,.F.);
#5743=ORIENTED_EDGE('',*,*,#8207,.T.);
#5744=ORIENTED_EDGE('',*,*,#8228,.F.);
#5745=ORIENTED_EDGE('',*,*,#8208,.T.);
#5746=ORIENTED_EDGE('',*,*,#8229,.F.);
#5747=ORIENTED_EDGE('',*,*,#8209,.T.);
#5748=ORIENTED_EDGE('',*,*,#8218,.F.);
#5749=ORIENTED_EDGE('',*,*,#8230,.F.);
#5750=ORIENTED_EDGE('',*,*,#8231,.T.);
#5751=ORIENTED_EDGE('',*,*,#8232,.F.);
#5752=ORIENTED_EDGE('',*,*,#8233,.F.);
#5753=ORIENTED_EDGE('',*,*,#8210,.T.);
#5754=ORIENTED_EDGE('',*,*,#8234,.F.);
#5755=ORIENTED_EDGE('',*,*,#8235,.F.);
#5756=ORIENTED_EDGE('',*,*,#8212,.T.);
#5757=ORIENTED_EDGE('',*,*,#8211,.T.);
#5758=ORIENTED_EDGE('',*,*,#8236,.F.);
#5759=ORIENTED_EDGE('',*,*,#8237,.T.);
#5760=ORIENTED_EDGE('',*,*,#8220,.T.);
#5761=ORIENTED_EDGE('',*,*,#8238,.F.);
#5762=ORIENTED_EDGE('',*,*,#8213,.T.);
#5763=ORIENTED_EDGE('',*,*,#8239,.F.);
#5764=ORIENTED_EDGE('',*,*,#8240,.F.);
#5765=ORIENTED_EDGE('',*,*,#8241,.F.);
#5766=ORIENTED_EDGE('',*,*,#8242,.F.);
#5767=ORIENTED_EDGE('',*,*,#8243,.F.);
#5768=ORIENTED_EDGE('',*,*,#8244,.F.);
#5769=ORIENTED_EDGE('',*,*,#8245,.F.);
#5770=ORIENTED_EDGE('',*,*,#8246,.F.);
#5771=ORIENTED_EDGE('',*,*,#8247,.T.);
#5772=ORIENTED_EDGE('',*,*,#8248,.F.);
#5773=ORIENTED_EDGE('',*,*,#8249,.T.);
#5774=ORIENTED_EDGE('',*,*,#8217,.T.);
#5775=ORIENTED_EDGE('',*,*,#8214,.F.);
#5776=ORIENTED_EDGE('',*,*,#8250,.F.);
#5777=ORIENTED_EDGE('',*,*,#8251,.F.);
#5778=ORIENTED_EDGE('',*,*,#8215,.F.);
#5779=ORIENTED_EDGE('',*,*,#8252,.F.);
#5780=ORIENTED_EDGE('',*,*,#8253,.F.);
#5781=ORIENTED_EDGE('',*,*,#8254,.F.);
#5782=ORIENTED_EDGE('',*,*,#8216,.T.);
#5783=ORIENTED_EDGE('',*,*,#8255,.F.);
#5784=ORIENTED_EDGE('',*,*,#8256,.F.);
#5785=ORIENTED_EDGE('',*,*,#8219,.T.);
#5786=ORIENTED_EDGE('',*,*,#8221,.T.);
#5787=ORIENTED_EDGE('',*,*,#8257,.F.);
#5788=ORIENTED_EDGE('',*,*,#8222,.T.);
#5789=ORIENTED_EDGE('',*,*,#8223,.T.);
#5790=ORIENTED_EDGE('',*,*,#8224,.T.);
#5791=ORIENTED_EDGE('',*,*,#8225,.T.);
#5792=ORIENTED_EDGE('',*,*,#8226,.T.);
#5793=ORIENTED_EDGE('',*,*,#8227,.T.);
#5794=ORIENTED_EDGE('',*,*,#8228,.T.);
#5795=ORIENTED_EDGE('',*,*,#8229,.T.);
#5796=ORIENTED_EDGE('',*,*,#8237,.F.);
#5797=ORIENTED_EDGE('',*,*,#8235,.T.);
#5798=ORIENTED_EDGE('',*,*,#8258,.T.);
#5799=ORIENTED_EDGE('',*,*,#8230,.T.);
#5800=ORIENTED_EDGE('',*,*,#8259,.T.);
#5801=ORIENTED_EDGE('',*,*,#8234,.T.);
#5802=ORIENTED_EDGE('',*,*,#8231,.F.);
#5803=ORIENTED_EDGE('',*,*,#8260,.F.);
#5804=ORIENTED_EDGE('',*,*,#8232,.T.);
#5805=ORIENTED_EDGE('',*,*,#8261,.F.);
#5806=ORIENTED_EDGE('',*,*,#8262,.F.);
#5807=ORIENTED_EDGE('',*,*,#8263,.F.);
#5808=ORIENTED_EDGE('',*,*,#8264,.F.);
#5809=ORIENTED_EDGE('',*,*,#8265,.F.);
#5810=ORIENTED_EDGE('',*,*,#8236,.T.);
#5811=ORIENTED_EDGE('',*,*,#8233,.T.);
#5812=ORIENTED_EDGE('',*,*,#8266,.F.);
#5813=ORIENTED_EDGE('',*,*,#8248,.T.);
#5814=ORIENTED_EDGE('',*,*,#8238,.T.);
#5815=ORIENTED_EDGE('',*,*,#8256,.T.);
#5816=ORIENTED_EDGE('',*,*,#8239,.T.);
#5817=ORIENTED_EDGE('',*,*,#8267,.T.);
#5818=ORIENTED_EDGE('',*,*,#8240,.T.);
#5819=ORIENTED_EDGE('',*,*,#8268,.T.);
#5820=ORIENTED_EDGE('',*,*,#8241,.T.);
#5821=ORIENTED_EDGE('',*,*,#8269,.T.);
#5822=ORIENTED_EDGE('',*,*,#8242,.T.);
#5823=ORIENTED_EDGE('',*,*,#8270,.T.);
#5824=ORIENTED_EDGE('',*,*,#8243,.T.);
#5825=ORIENTED_EDGE('',*,*,#8271,.T.);
#5826=ORIENTED_EDGE('',*,*,#8244,.T.);
#5827=ORIENTED_EDGE('',*,*,#8272,.T.);
#5828=ORIENTED_EDGE('',*,*,#8245,.T.);
#5829=ORIENTED_EDGE('',*,*,#8273,.T.);
#5830=ORIENTED_EDGE('',*,*,#8246,.T.);
#5831=ORIENTED_EDGE('',*,*,#8274,.T.);
#5832=ORIENTED_EDGE('',*,*,#8247,.F.);
#5833=ORIENTED_EDGE('',*,*,#8275,.T.);
#5834=ORIENTED_EDGE('',*,*,#8276,.F.);
#5835=ORIENTED_EDGE('',*,*,#8252,.T.);
#5836=ORIENTED_EDGE('',*,*,#8249,.F.);
#5837=ORIENTED_EDGE('',*,*,#8277,.F.);
#5838=ORIENTED_EDGE('',*,*,#8278,.F.);
#5839=ORIENTED_EDGE('',*,*,#8254,.T.);
#5840=ORIENTED_EDGE('',*,*,#8279,.T.);
#5841=ORIENTED_EDGE('',*,*,#8280,.F.);
#5842=ORIENTED_EDGE('',*,*,#8281,.T.);
#5843=ORIENTED_EDGE('',*,*,#8282,.F.);
#5844=ORIENTED_EDGE('',*,*,#8255,.T.);
#5845=ORIENTED_EDGE('',*,*,#8251,.T.);
#5846=ORIENTED_EDGE('',*,*,#8257,.T.);
#5847=ORIENTED_EDGE('',*,*,#8283,.T.);
#5848=ORIENTED_EDGE('',*,*,#8260,.T.);
#5849=ORIENTED_EDGE('',*,*,#8258,.F.);
#5850=ORIENTED_EDGE('',*,*,#8265,.T.);
#5851=ORIENTED_EDGE('',*,*,#8261,.T.);
#5852=ORIENTED_EDGE('',*,*,#8259,.F.);
#5853=ORIENTED_EDGE('',*,*,#8284,.F.);
#5854=ORIENTED_EDGE('',*,*,#8285,.T.);
#5855=ORIENTED_EDGE('',*,*,#8286,.T.);
#5856=ORIENTED_EDGE('',*,*,#8287,.F.);
#5857=ORIENTED_EDGE('',*,*,#8262,.T.);
#5858=ORIENTED_EDGE('',*,*,#8288,.F.);
#5859=ORIENTED_EDGE('',*,*,#8289,.F.);
#5860=ORIENTED_EDGE('',*,*,#8264,.T.);
#5861=ORIENTED_EDGE('',*,*,#8263,.T.);
#5862=ORIENTED_EDGE('',*,*,#8290,.F.);
#5863=ORIENTED_EDGE('',*,*,#8291,.F.);
#5864=ORIENTED_EDGE('',*,*,#8280,.T.);
#5865=ORIENTED_EDGE('',*,*,#8292,.F.);
#5866=ORIENTED_EDGE('',*,*,#8277,.T.);
#5867=ORIENTED_EDGE('',*,*,#8266,.T.);
#5868=ORIENTED_EDGE('',*,*,#8282,.T.);
#5869=ORIENTED_EDGE('',*,*,#8267,.F.);
#5870=ORIENTED_EDGE('',*,*,#8293,.T.);
#5871=ORIENTED_EDGE('',*,*,#8268,.F.);
#5872=ORIENTED_EDGE('',*,*,#8294,.T.);
#5873=ORIENTED_EDGE('',*,*,#8269,.F.);
#5874=ORIENTED_EDGE('',*,*,#8295,.T.);
#5875=ORIENTED_EDGE('',*,*,#8270,.F.);
#5876=ORIENTED_EDGE('',*,*,#8296,.T.);
#5877=ORIENTED_EDGE('',*,*,#8271,.F.);
#5878=ORIENTED_EDGE('',*,*,#8297,.T.);
#5879=ORIENTED_EDGE('',*,*,#8272,.F.);
#5880=ORIENTED_EDGE('',*,*,#8298,.T.);
#5881=ORIENTED_EDGE('',*,*,#8273,.F.);
#5882=ORIENTED_EDGE('',*,*,#8299,.T.);
#5883=ORIENTED_EDGE('',*,*,#8274,.F.);
#5884=ORIENTED_EDGE('',*,*,#8300,.T.);
#5885=ORIENTED_EDGE('',*,*,#8275,.F.);
#5886=ORIENTED_EDGE('',*,*,#8301,.T.);
#5887=ORIENTED_EDGE('',*,*,#8283,.F.);
#5888=ORIENTED_EDGE('',*,*,#8289,.T.);
#5889=ORIENTED_EDGE('',*,*,#8302,.T.);
#5890=ORIENTED_EDGE('',*,*,#8284,.T.);
#5891=ORIENTED_EDGE('',*,*,#8303,.T.);
#5892=ORIENTED_EDGE('',*,*,#8288,.T.);
#5893=ORIENTED_EDGE('',*,*,#8285,.F.);
#5894=ORIENTED_EDGE('',*,*,#8304,.F.);
#5895=ORIENTED_EDGE('',*,*,#8286,.F.);
#5896=ORIENTED_EDGE('',*,*,#8305,.F.);
#5897=ORIENTED_EDGE('',*,*,#8306,.T.);
#5898=ORIENTED_EDGE('',*,*,#8307,.F.);
#5899=ORIENTED_EDGE('',*,*,#8308,.F.);
#5900=ORIENTED_EDGE('',*,*,#8309,.F.);
#5901=ORIENTED_EDGE('',*,*,#8290,.T.);
#5902=ORIENTED_EDGE('',*,*,#8287,.T.);
#5903=ORIENTED_EDGE('',*,*,#8293,.F.);
#5904=ORIENTED_EDGE('',*,*,#8294,.F.);
#5905=ORIENTED_EDGE('',*,*,#8295,.F.);
#5906=ORIENTED_EDGE('',*,*,#8296,.F.);
#5907=ORIENTED_EDGE('',*,*,#8297,.F.);
#5908=ORIENTED_EDGE('',*,*,#8298,.F.);
#5909=ORIENTED_EDGE('',*,*,#8299,.F.);
#5910=ORIENTED_EDGE('',*,*,#8300,.F.);
#5911=ORIENTED_EDGE('',*,*,#8301,.F.);
#5912=ORIENTED_EDGE('',*,*,#8310,.F.);
#5913=ORIENTED_EDGE('',*,*,#8304,.T.);
#5914=ORIENTED_EDGE('',*,*,#8302,.F.);
#5915=ORIENTED_EDGE('',*,*,#8309,.T.);
#5916=ORIENTED_EDGE('',*,*,#8305,.T.);
#5917=ORIENTED_EDGE('',*,*,#8303,.F.);
#5918=ORIENTED_EDGE('',*,*,#8311,.F.);
#5919=ORIENTED_EDGE('',*,*,#8312,.T.);
#5920=ORIENTED_EDGE('',*,*,#8313,.F.);
#5921=ORIENTED_EDGE('',*,*,#8314,.F.);
#5922=ORIENTED_EDGE('',*,*,#8306,.F.);
#5923=ORIENTED_EDGE('',*,*,#8315,.F.);
#5924=ORIENTED_EDGE('',*,*,#8316,.F.);
#5925=ORIENTED_EDGE('',*,*,#8308,.T.);
#5926=ORIENTED_EDGE('',*,*,#8307,.T.);
#5927=ORIENTED_EDGE('',*,*,#8317,.F.);
#5928=ORIENTED_EDGE('',*,*,#8310,.T.);
#5929=ORIENTED_EDGE('',*,*,#8316,.T.);
#5930=ORIENTED_EDGE('',*,*,#8318,.F.);
#5931=ORIENTED_EDGE('',*,*,#8311,.T.);
#5932=ORIENTED_EDGE('',*,*,#8319,.T.);
#5933=ORIENTED_EDGE('',*,*,#8315,.T.);
#5934=ORIENTED_EDGE('',*,*,#8312,.F.);
#5935=ORIENTED_EDGE('',*,*,#8320,.F.);
#5936=ORIENTED_EDGE('',*,*,#8313,.T.);
#5937=ORIENTED_EDGE('',*,*,#8321,.F.);
#5938=ORIENTED_EDGE('',*,*,#8322,.F.);
#5939=ORIENTED_EDGE('',*,*,#8323,.F.);
#5940=ORIENTED_EDGE('',*,*,#8324,.F.);
#5941=ORIENTED_EDGE('',*,*,#8325,.F.);
#5942=ORIENTED_EDGE('',*,*,#8317,.T.);
#5943=ORIENTED_EDGE('',*,*,#8314,.T.);
#5944=ORIENTED_EDGE('',*,*,#8326,.T.);
#5945=ORIENTED_EDGE('',*,*,#8320,.T.);
#5946=ORIENTED_EDGE('',*,*,#8318,.T.);
#5947=ORIENTED_EDGE('',*,*,#8325,.T.);
#5948=ORIENTED_EDGE('',*,*,#8321,.T.);
#5949=ORIENTED_EDGE('',*,*,#8319,.F.);
#5950=ORIENTED_EDGE('',*,*,#8327,.F.);
#5951=ORIENTED_EDGE('',*,*,#8328,.T.);
#5952=ORIENTED_EDGE('',*,*,#8329,.F.);
#5953=ORIENTED_EDGE('',*,*,#8330,.F.);
#5954=ORIENTED_EDGE('',*,*,#8331,.F.);
#5955=ORIENTED_EDGE('',*,*,#8332,.F.);
#5956=ORIENTED_EDGE('',*,*,#8322,.T.);
#5957=ORIENTED_EDGE('',*,*,#8333,.F.);
#5958=ORIENTED_EDGE('',*,*,#8334,.F.);
#5959=ORIENTED_EDGE('',*,*,#8335,.F.);
#5960=ORIENTED_EDGE('',*,*,#8336,.F.);
#5961=ORIENTED_EDGE('',*,*,#8324,.T.);
#5962=ORIENTED_EDGE('',*,*,#8323,.T.);
#5963=ORIENTED_EDGE('',*,*,#8337,.F.);
#5964=ORIENTED_EDGE('',*,*,#8326,.F.);
#5965=ORIENTED_EDGE('',*,*,#8336,.T.);
#5966=ORIENTED_EDGE('',*,*,#8338,.T.);
#5967=ORIENTED_EDGE('',*,*,#8327,.T.);
#5968=ORIENTED_EDGE('',*,*,#8328,.F.);
#5969=ORIENTED_EDGE('',*,*,#8339,.F.);
#5970=ORIENTED_EDGE('',*,*,#8340,.F.);
#5971=ORIENTED_EDGE('',*,*,#8333,.T.);
#5972=ORIENTED_EDGE('',*,*,#8341,.F.);
#5973=ORIENTED_EDGE('',*,*,#8342,.F.);
#5974=ORIENTED_EDGE('',*,*,#8329,.T.);
#5975=ORIENTED_EDGE('',*,*,#8343,.F.);
#5976=ORIENTED_EDGE('',*,*,#8344,.F.);
#5977=ORIENTED_EDGE('',*,*,#8345,.F.);
#5978=ORIENTED_EDGE('',*,*,#8346,.F.);
#5979=ORIENTED_EDGE('',*,*,#8330,.T.);
#5980=ORIENTED_EDGE('',*,*,#8331,.T.);
#5981=ORIENTED_EDGE('',*,*,#8346,.T.);
#5982=ORIENTED_EDGE('',*,*,#8347,.F.);
#5983=ORIENTED_EDGE('',*,*,#8348,.F.);
#5984=ORIENTED_EDGE('',*,*,#8337,.T.);
#5985=ORIENTED_EDGE('',*,*,#8332,.T.);
#5986=ORIENTED_EDGE('',*,*,#8348,.T.);
#5987=ORIENTED_EDGE('',*,*,#8349,.F.);
#5988=ORIENTED_EDGE('',*,*,#8334,.T.);
#5989=ORIENTED_EDGE('',*,*,#8340,.T.);
#5990=ORIENTED_EDGE('',*,*,#8350,.F.);
#5991=ORIENTED_EDGE('',*,*,#8351,.F.);
#5992=ORIENTED_EDGE('',*,*,#8352,.T.);
#5993=ORIENTED_EDGE('',*,*,#8335,.T.);
#5994=ORIENTED_EDGE('',*,*,#8351,.T.);
#5995=ORIENTED_EDGE('',*,*,#8353,.F.);
#5996=ORIENTED_EDGE('',*,*,#8354,.T.);
#5997=ORIENTED_EDGE('',*,*,#8353,.T.);
#5998=ORIENTED_EDGE('',*,*,#8350,.T.);
#5999=ORIENTED_EDGE('',*,*,#8339,.T.);
#6000=ORIENTED_EDGE('',*,*,#8338,.F.);
#6001=ORIENTED_EDGE('',*,*,#8349,.T.);
#6002=ORIENTED_EDGE('',*,*,#8347,.T.);
#6003=ORIENTED_EDGE('',*,*,#8345,.T.);
#6004=ORIENTED_EDGE('',*,*,#8341,.T.);
#6005=ORIENTED_EDGE('',*,*,#8355,.F.);
#6006=ORIENTED_EDGE('',*,*,#8356,.F.);
#6007=ORIENTED_EDGE('',*,*,#8357,.F.);
#6008=ORIENTED_EDGE('',*,*,#8358,.F.);
#6009=ORIENTED_EDGE('',*,*,#8359,.F.);
#6010=ORIENTED_EDGE('',*,*,#8360,.F.);
#6011=ORIENTED_EDGE('',*,*,#8361,.F.);
#6012=ORIENTED_EDGE('',*,*,#8362,.T.);
#6013=ORIENTED_EDGE('',*,*,#8363,.T.);
#6014=ORIENTED_EDGE('',*,*,#8364,.T.);
#6015=ORIENTED_EDGE('',*,*,#8365,.T.);
#6016=ORIENTED_EDGE('',*,*,#8342,.T.);
#6017=ORIENTED_EDGE('',*,*,#8366,.F.);
#6018=ORIENTED_EDGE('',*,*,#8367,.F.);
#6019=ORIENTED_EDGE('',*,*,#8344,.T.);
#6020=ORIENTED_EDGE('',*,*,#8368,.F.);
#6021=ORIENTED_EDGE('',*,*,#8369,.T.);
#6022=ORIENTED_EDGE('',*,*,#8343,.T.);
#6023=ORIENTED_EDGE('',*,*,#8352,.F.);
#6024=ORIENTED_EDGE('',*,*,#8370,.T.);
#6025=ORIENTED_EDGE('',*,*,#8368,.T.);
#6026=ORIENTED_EDGE('',*,*,#8354,.F.);
#6027=ORIENTED_EDGE('',*,*,#8367,.T.);
#6028=ORIENTED_EDGE('',*,*,#8369,.F.);
#6029=ORIENTED_EDGE('',*,*,#8371,.F.);
#6030=ORIENTED_EDGE('',*,*,#8372,.F.);
#6031=ORIENTED_EDGE('',*,*,#8355,.T.);
#6032=ORIENTED_EDGE('',*,*,#8356,.T.);
#6033=ORIENTED_EDGE('',*,*,#8372,.T.);
#6034=ORIENTED_EDGE('',*,*,#8373,.F.);
#6035=ORIENTED_EDGE('',*,*,#8374,.F.);
#6036=ORIENTED_EDGE('',*,*,#8357,.T.);
#6037=ORIENTED_EDGE('',*,*,#8374,.T.);
#6038=ORIENTED_EDGE('',*,*,#8375,.F.);
#6039=ORIENTED_EDGE('',*,*,#8376,.F.);
#6040=ORIENTED_EDGE('',*,*,#8358,.T.);
#6041=ORIENTED_EDGE('',*,*,#8376,.T.);
#6042=ORIENTED_EDGE('',*,*,#8377,.F.);
#6043=ORIENTED_EDGE('',*,*,#8378,.F.);
#6044=ORIENTED_EDGE('',*,*,#8359,.T.);
#6045=ORIENTED_EDGE('',*,*,#8378,.T.);
#6046=ORIENTED_EDGE('',*,*,#8379,.F.);
#6047=ORIENTED_EDGE('',*,*,#8380,.F.);
#6048=ORIENTED_EDGE('',*,*,#8360,.T.);
#6049=ORIENTED_EDGE('',*,*,#8380,.T.);
#6050=ORIENTED_EDGE('',*,*,#8381,.F.);
#6051=ORIENTED_EDGE('',*,*,#8382,.F.);
#6052=ORIENTED_EDGE('',*,*,#8366,.T.);
#6053=ORIENTED_EDGE('',*,*,#8361,.T.);
#6054=ORIENTED_EDGE('',*,*,#8382,.T.);
#6055=ORIENTED_EDGE('',*,*,#8383,.F.);
#6056=ORIENTED_EDGE('',*,*,#8384,.F.);
#6057=ORIENTED_EDGE('',*,*,#8385,.F.);
#6058=ORIENTED_EDGE('',*,*,#8362,.F.);
#6059=ORIENTED_EDGE('',*,*,#8386,.T.);
#6060=ORIENTED_EDGE('',*,*,#8387,.F.);
#6061=ORIENTED_EDGE('',*,*,#8388,.F.);
#6062=ORIENTED_EDGE('',*,*,#8363,.F.);
#6063=ORIENTED_EDGE('',*,*,#8385,.T.);
#6064=ORIENTED_EDGE('',*,*,#8389,.F.);
#6065=ORIENTED_EDGE('',*,*,#8390,.F.);
#6066=ORIENTED_EDGE('',*,*,#8364,.F.);
#6067=ORIENTED_EDGE('',*,*,#8388,.T.);
#6068=ORIENTED_EDGE('',*,*,#8391,.F.);
#6069=ORIENTED_EDGE('',*,*,#8386,.F.);
#6070=ORIENTED_EDGE('',*,*,#8365,.F.);
#6071=ORIENTED_EDGE('',*,*,#8390,.T.);
#6072=ORIENTED_EDGE('',*,*,#8370,.F.);
#6073=ORIENTED_EDGE('',*,*,#8383,.T.);
#6074=ORIENTED_EDGE('',*,*,#8381,.T.);
#6075=ORIENTED_EDGE('',*,*,#8379,.T.);
#6076=ORIENTED_EDGE('',*,*,#8377,.T.);
#6077=ORIENTED_EDGE('',*,*,#8375,.T.);
#6078=ORIENTED_EDGE('',*,*,#8373,.T.);
#6079=ORIENTED_EDGE('',*,*,#8371,.T.);
#6080=ORIENTED_EDGE('',*,*,#8384,.T.);
#6081=ORIENTED_EDGE('',*,*,#8391,.T.);
#6082=ORIENTED_EDGE('',*,*,#8389,.T.);
#6083=ORIENTED_EDGE('',*,*,#8387,.T.);
#6084=ORIENTED_EDGE('',*,*,#8279,.F.);
#6085=ORIENTED_EDGE('',*,*,#8253,.T.);
#6086=ORIENTED_EDGE('',*,*,#8276,.T.);
#6087=ORIENTED_EDGE('',*,*,#8292,.T.);
#6088=ORIENTED_EDGE('',*,*,#8281,.F.);
#6089=ORIENTED_EDGE('',*,*,#8250,.T.);
#6090=ORIENTED_EDGE('',*,*,#8278,.T.);
#6091=ORIENTED_EDGE('',*,*,#8291,.T.);
#6092=ORIENTED_EDGE('',*,*,#8392,.F.);
#6093=ORIENTED_EDGE('',*,*,#8393,.F.);
#6094=ORIENTED_EDGE('',*,*,#8394,.F.);
#6095=ORIENTED_EDGE('',*,*,#8395,.F.);
#6096=ORIENTED_EDGE('',*,*,#8396,.T.);
#6097=ORIENTED_EDGE('',*,*,#8397,.F.);
#6098=ORIENTED_EDGE('',*,*,#8398,.F.);
#6099=ORIENTED_EDGE('',*,*,#8399,.F.);
#6100=ORIENTED_EDGE('',*,*,#8400,.T.);
#6101=ORIENTED_EDGE('',*,*,#8399,.T.);
#6102=ORIENTED_EDGE('',*,*,#8401,.T.);
#6103=ORIENTED_EDGE('',*,*,#8402,.F.);
#6104=ORIENTED_EDGE('',*,*,#8398,.T.);
#6105=ORIENTED_EDGE('',*,*,#8403,.T.);
#6106=ORIENTED_EDGE('',*,*,#8404,.F.);
#6107=ORIENTED_EDGE('',*,*,#8401,.F.);
#6108=ORIENTED_EDGE('',*,*,#8405,.F.);
#6109=ORIENTED_EDGE('',*,*,#8406,.F.);
#6110=ORIENTED_EDGE('',*,*,#8403,.F.);
#6111=ORIENTED_EDGE('',*,*,#8397,.T.);
#6112=ORIENTED_EDGE('',*,*,#8407,.T.);
#6113=ORIENTED_EDGE('',*,*,#8408,.F.);
#6114=ORIENTED_EDGE('',*,*,#8396,.F.);
#6115=ORIENTED_EDGE('',*,*,#8409,.F.);
#6116=ORIENTED_EDGE('',*,*,#8410,.T.);
#6117=ORIENTED_EDGE('',*,*,#8395,.T.);
#6118=ORIENTED_EDGE('',*,*,#8411,.T.);
#6119=ORIENTED_EDGE('',*,*,#8412,.F.);
#6120=ORIENTED_EDGE('',*,*,#8394,.T.);
#6121=ORIENTED_EDGE('',*,*,#8413,.T.);
#6122=ORIENTED_EDGE('',*,*,#8414,.F.);
#6123=ORIENTED_EDGE('',*,*,#8411,.F.);
#6124=ORIENTED_EDGE('',*,*,#8415,.F.);
#6125=ORIENTED_EDGE('',*,*,#8416,.F.);
#6126=ORIENTED_EDGE('',*,*,#8413,.F.);
#6127=ORIENTED_EDGE('',*,*,#8393,.T.);
#6128=ORIENTED_EDGE('',*,*,#8417,.F.);
#6129=ORIENTED_EDGE('',*,*,#8418,.F.);
#6130=ORIENTED_EDGE('',*,*,#8392,.T.);
#6131=ORIENTED_EDGE('',*,*,#8419,.F.);
#6132=ORIENTED_EDGE('',*,*,#8420,.T.);
#6133=ORIENTED_EDGE('',*,*,#8402,.T.);
#6134=ORIENTED_EDGE('',*,*,#8404,.T.);
#6135=ORIENTED_EDGE('',*,*,#8406,.T.);
#6136=ORIENTED_EDGE('',*,*,#8421,.F.);
#6137=ORIENTED_EDGE('',*,*,#8412,.T.);
#6138=ORIENTED_EDGE('',*,*,#8414,.T.);
#6139=ORIENTED_EDGE('',*,*,#8416,.T.);
#6140=ORIENTED_EDGE('',*,*,#8408,.T.);
#6141=ORIENTED_EDGE('',*,*,#8422,.F.);
#6142=ORIENTED_EDGE('',*,*,#8423,.F.);
#6143=ORIENTED_EDGE('',*,*,#8405,.T.);
#6144=ORIENTED_EDGE('',*,*,#8424,.F.);
#6145=ORIENTED_EDGE('',*,*,#8425,.T.);
#6146=ORIENTED_EDGE('',*,*,#8409,.T.);
#6147=ORIENTED_EDGE('',*,*,#8410,.F.);
#6148=ORIENTED_EDGE('',*,*,#8407,.F.);
#6149=ORIENTED_EDGE('',*,*,#8426,.F.);
#6150=ORIENTED_EDGE('',*,*,#8427,.F.);
#6151=ORIENTED_EDGE('',*,*,#8428,.F.);
#6152=ORIENTED_EDGE('',*,*,#8417,.T.);
#6153=ORIENTED_EDGE('',*,*,#8429,.F.);
#6154=ORIENTED_EDGE('',*,*,#8430,.F.);
#6155=ORIENTED_EDGE('',*,*,#8431,.F.);
#6156=ORIENTED_EDGE('',*,*,#8432,.F.);
#6157=ORIENTED_EDGE('',*,*,#8433,.F.);
#6158=ORIENTED_EDGE('',*,*,#8434,.F.);
#6159=ORIENTED_EDGE('',*,*,#8435,.F.);
#6160=ORIENTED_EDGE('',*,*,#8436,.T.);
#6161=ORIENTED_EDGE('',*,*,#8437,.T.);
#6162=ORIENTED_EDGE('',*,*,#8438,.T.);
#6163=ORIENTED_EDGE('',*,*,#8439,.T.);
#6164=ORIENTED_EDGE('',*,*,#8440,.F.);
#6165=ORIENTED_EDGE('',*,*,#8424,.T.);
#6166=ORIENTED_EDGE('',*,*,#8421,.T.);
#6167=ORIENTED_EDGE('',*,*,#8423,.T.);
#6168=ORIENTED_EDGE('',*,*,#8441,.T.);
#6169=ORIENTED_EDGE('',*,*,#8442,.T.);
#6170=ORIENTED_EDGE('',*,*,#8420,.F.);
#6171=ORIENTED_EDGE('',*,*,#8443,.T.);
#6172=ORIENTED_EDGE('',*,*,#8444,.F.);
#6173=ORIENTED_EDGE('',*,*,#8445,.F.);
#6174=ORIENTED_EDGE('',*,*,#8446,.F.);
#6175=ORIENTED_EDGE('',*,*,#8429,.T.);
#6176=ORIENTED_EDGE('',*,*,#8422,.T.);
#6177=ORIENTED_EDGE('',*,*,#8428,.T.);
#6178=ORIENTED_EDGE('',*,*,#8447,.F.);
#6179=ORIENTED_EDGE('',*,*,#8448,.F.);
#6180=ORIENTED_EDGE('',*,*,#8425,.F.);
#6181=ORIENTED_EDGE('',*,*,#8449,.F.);
#6182=ORIENTED_EDGE('',*,*,#8450,.T.);
#6183=ORIENTED_EDGE('',*,*,#8426,.T.);
#6184=ORIENTED_EDGE('',*,*,#8451,.F.);
#6185=ORIENTED_EDGE('',*,*,#8452,.F.);
#6186=ORIENTED_EDGE('',*,*,#8427,.T.);
#6187=ORIENTED_EDGE('',*,*,#8453,.F.);
#6188=ORIENTED_EDGE('',*,*,#8454,.T.);
#6189=ORIENTED_EDGE('',*,*,#8435,.T.);
#6190=ORIENTED_EDGE('',*,*,#8455,.T.);
#6191=ORIENTED_EDGE('',*,*,#8456,.F.);
#6192=ORIENTED_EDGE('',*,*,#8457,.F.);
#6193=ORIENTED_EDGE('',*,*,#8458,.F.);
#6194=ORIENTED_EDGE('',*,*,#8439,.F.);
#6195=ORIENTED_EDGE('',*,*,#8459,.T.);
#6196=ORIENTED_EDGE('',*,*,#8460,.F.);
#6197=ORIENTED_EDGE('',*,*,#8459,.F.);
#6198=ORIENTED_EDGE('',*,*,#8438,.F.);
#6199=ORIENTED_EDGE('',*,*,#8461,.T.);
#6200=ORIENTED_EDGE('',*,*,#8462,.F.);
#6201=ORIENTED_EDGE('',*,*,#8461,.F.);
#6202=ORIENTED_EDGE('',*,*,#8437,.F.);
#6203=ORIENTED_EDGE('',*,*,#8463,.T.);
#6204=ORIENTED_EDGE('',*,*,#8464,.F.);
#6205=ORIENTED_EDGE('',*,*,#8463,.F.);
#6206=ORIENTED_EDGE('',*,*,#8436,.F.);
#6207=ORIENTED_EDGE('',*,*,#8458,.T.);
#6208=ORIENTED_EDGE('',*,*,#8434,.T.);
#6209=ORIENTED_EDGE('',*,*,#8465,.T.);
#6210=ORIENTED_EDGE('',*,*,#8466,.F.);
#6211=ORIENTED_EDGE('',*,*,#8455,.F.);
#6212=ORIENTED_EDGE('',*,*,#8433,.T.);
#6213=ORIENTED_EDGE('',*,*,#8467,.T.);
#6214=ORIENTED_EDGE('',*,*,#8468,.F.);
#6215=ORIENTED_EDGE('',*,*,#8465,.F.);
#6216=ORIENTED_EDGE('',*,*,#8432,.T.);
#6217=ORIENTED_EDGE('',*,*,#8469,.T.);
#6218=ORIENTED_EDGE('',*,*,#8470,.F.);
#6219=ORIENTED_EDGE('',*,*,#8467,.F.);
#6220=ORIENTED_EDGE('',*,*,#8431,.T.);
#6221=ORIENTED_EDGE('',*,*,#8471,.T.);
#6222=ORIENTED_EDGE('',*,*,#8472,.F.);
#6223=ORIENTED_EDGE('',*,*,#8469,.F.);
#6224=ORIENTED_EDGE('',*,*,#8430,.T.);
#6225=ORIENTED_EDGE('',*,*,#8446,.T.);
#6226=ORIENTED_EDGE('',*,*,#8473,.F.);
#6227=ORIENTED_EDGE('',*,*,#8471,.F.);
#6228=ORIENTED_EDGE('',*,*,#8440,.T.);
#6229=ORIENTED_EDGE('',*,*,#8448,.T.);
#6230=ORIENTED_EDGE('',*,*,#8474,.T.);
#6231=ORIENTED_EDGE('',*,*,#8449,.T.);
#6232=ORIENTED_EDGE('',*,*,#8441,.F.);
#6233=ORIENTED_EDGE('',*,*,#8456,.T.);
#6234=ORIENTED_EDGE('',*,*,#8466,.T.);
#6235=ORIENTED_EDGE('',*,*,#8468,.T.);
#6236=ORIENTED_EDGE('',*,*,#8470,.T.);
#6237=ORIENTED_EDGE('',*,*,#8472,.T.);
#6238=ORIENTED_EDGE('',*,*,#8473,.T.);
#6239=ORIENTED_EDGE('',*,*,#8445,.T.);
#6240=ORIENTED_EDGE('',*,*,#8464,.T.);
#6241=ORIENTED_EDGE('',*,*,#8457,.T.);
#6242=ORIENTED_EDGE('',*,*,#8460,.T.);
#6243=ORIENTED_EDGE('',*,*,#8462,.T.);
#6244=ORIENTED_EDGE('',*,*,#8452,.T.);
#6245=ORIENTED_EDGE('',*,*,#8475,.F.);
#6246=ORIENTED_EDGE('',*,*,#8476,.F.);
#6247=ORIENTED_EDGE('',*,*,#8447,.T.);
#6248=ORIENTED_EDGE('',*,*,#8477,.F.);
#6249=ORIENTED_EDGE('',*,*,#8478,.T.);
#6250=ORIENTED_EDGE('',*,*,#8453,.T.);
#6251=ORIENTED_EDGE('',*,*,#8450,.F.);
#6252=ORIENTED_EDGE('',*,*,#8479,.F.);
#6253=ORIENTED_EDGE('',*,*,#8480,.F.);
#6254=ORIENTED_EDGE('',*,*,#8481,.F.);
#6255=ORIENTED_EDGE('',*,*,#8482,.F.);
#6256=ORIENTED_EDGE('',*,*,#8451,.T.);
#6257=ORIENTED_EDGE('',*,*,#8483,.F.);
#6258=ORIENTED_EDGE('',*,*,#8484,.T.);
#6259=ORIENTED_EDGE('',*,*,#8485,.T.);
#6260=ORIENTED_EDGE('',*,*,#8477,.T.);
#6261=ORIENTED_EDGE('',*,*,#8474,.F.);
#6262=ORIENTED_EDGE('',*,*,#8476,.T.);
#6263=ORIENTED_EDGE('',*,*,#8486,.T.);
#6264=ORIENTED_EDGE('',*,*,#8487,.F.);
#6265=ORIENTED_EDGE('',*,*,#8475,.T.);
#6266=ORIENTED_EDGE('',*,*,#8482,.T.);
#6267=ORIENTED_EDGE('',*,*,#8488,.F.);
#6268=ORIENTED_EDGE('',*,*,#8483,.T.);
#6269=ORIENTED_EDGE('',*,*,#8478,.F.);
#6270=ORIENTED_EDGE('',*,*,#8489,.F.);
#6271=ORIENTED_EDGE('',*,*,#8490,.T.);
#6272=ORIENTED_EDGE('',*,*,#8491,.F.);
#6273=ORIENTED_EDGE('',*,*,#8492,.F.);
#6274=ORIENTED_EDGE('',*,*,#8480,.T.);
#6275=ORIENTED_EDGE('',*,*,#8493,.F.);
#6276=ORIENTED_EDGE('',*,*,#8489,.T.);
#6277=ORIENTED_EDGE('',*,*,#8485,.F.);
#6278=ORIENTED_EDGE('',*,*,#8487,.T.);
#6279=ORIENTED_EDGE('',*,*,#8494,.F.);
#6280=ORIENTED_EDGE('',*,*,#8491,.T.);
#6281=ORIENTED_EDGE('',*,*,#8495,.F.);
#6282=ORIENTED_EDGE('',*,*,#8418,.T.);
#6283=ORIENTED_EDGE('',*,*,#8454,.F.);
#6284=ORIENTED_EDGE('',*,*,#8443,.F.);
#6285=ORIENTED_EDGE('',*,*,#8415,.T.);
#6286=ORIENTED_EDGE('',*,*,#8442,.F.);
#6287=ORIENTED_EDGE('',*,*,#8444,.T.);
#6288=ORIENTED_EDGE('',*,*,#8419,.T.);
#6289=ORIENTED_EDGE('',*,*,#8400,.F.);
#6290=ORIENTED_EDGE('',*,*,#8486,.F.);
#6291=ORIENTED_EDGE('',*,*,#8481,.T.);
#6292=ORIENTED_EDGE('',*,*,#8492,.T.);
#6293=ORIENTED_EDGE('',*,*,#8494,.T.);
#6294=ORIENTED_EDGE('',*,*,#8490,.F.);
#6295=ORIENTED_EDGE('',*,*,#8479,.T.);
#6296=ORIENTED_EDGE('',*,*,#8488,.T.);
#6297=ORIENTED_EDGE('',*,*,#8493,.T.);
#6298=ORIENTED_EDGE('',*,*,#8496,.F.);
#6299=ORIENTED_EDGE('',*,*,#8497,.F.);
#6300=ORIENTED_EDGE('',*,*,#8498,.F.);
#6301=ORIENTED_EDGE('',*,*,#8496,.T.);
#6302=ORIENTED_EDGE('',*,*,#8499,.T.);
#6303=ORIENTED_EDGE('',*,*,#8500,.T.);
#6304=ORIENTED_EDGE('',*,*,#8501,.T.);
#6305=ORIENTED_EDGE('',*,*,#8499,.F.);
#6306=ORIENTED_EDGE('',*,*,#8484,.F.);
#6307=ORIENTED_EDGE('',*,*,#8498,.T.);
#6308=ORIENTED_EDGE('',*,*,#8495,.T.);
#6309=ORIENTED_EDGE('',*,*,#8501,.F.);
#6310=ORIENTED_EDGE('',*,*,#8502,.F.);
#6311=ORIENTED_EDGE('',*,*,#8502,.T.);
#6312=ORIENTED_EDGE('',*,*,#8503,.F.);
#6313=ORIENTED_EDGE('',*,*,#8504,.T.);
#6314=ORIENTED_EDGE('',*,*,#8504,.F.);
#6315=ORIENTED_EDGE('',*,*,#8505,.T.);
#6316=ORIENTED_EDGE('',*,*,#8503,.T.);
#6317=ORIENTED_EDGE('',*,*,#8500,.F.);
#6318=ORIENTED_EDGE('',*,*,#8505,.F.);
#6319=ORIENTED_EDGE('',*,*,#8497,.T.);
#6320=ORIENTED_EDGE('',*,*,#8506,.F.);
#6321=ORIENTED_EDGE('',*,*,#8507,.F.);
#6322=ORIENTED_EDGE('',*,*,#8508,.F.);
#6323=ORIENTED_EDGE('',*,*,#8509,.F.);
#6324=ORIENTED_EDGE('',*,*,#8510,.F.);
#6325=ORIENTED_EDGE('',*,*,#8511,.F.);
#6326=ORIENTED_EDGE('',*,*,#8512,.T.);
#6327=ORIENTED_EDGE('',*,*,#8513,.T.);
#6328=ORIENTED_EDGE('',*,*,#8514,.T.);
#6329=ORIENTED_EDGE('',*,*,#8515,.F.);
#6330=ORIENTED_EDGE('',*,*,#8516,.T.);
#6331=ORIENTED_EDGE('',*,*,#8517,.F.);
#6332=ORIENTED_EDGE('',*,*,#8518,.F.);
#6333=ORIENTED_EDGE('',*,*,#8519,.F.);
#6334=ORIENTED_EDGE('',*,*,#8520,.F.);
#6335=ORIENTED_EDGE('',*,*,#8521,.F.);
#6336=ORIENTED_EDGE('',*,*,#8522,.F.);
#6337=ORIENTED_EDGE('',*,*,#8523,.F.);
#6338=ORIENTED_EDGE('',*,*,#8524,.F.);
#6339=ORIENTED_EDGE('',*,*,#8525,.T.);
#6340=ORIENTED_EDGE('',*,*,#8526,.F.);
#6341=ORIENTED_EDGE('',*,*,#8527,.F.);
#6342=ORIENTED_EDGE('',*,*,#8528,.F.);
#6343=ORIENTED_EDGE('',*,*,#8529,.T.);
#6344=ORIENTED_EDGE('',*,*,#8530,.T.);
#6345=ORIENTED_EDGE('',*,*,#8531,.F.);
#6346=ORIENTED_EDGE('',*,*,#8532,.F.);
#6347=ORIENTED_EDGE('',*,*,#8533,.F.);
#6348=ORIENTED_EDGE('',*,*,#8534,.F.);
#6349=ORIENTED_EDGE('',*,*,#8535,.F.);
#6350=ORIENTED_EDGE('',*,*,#8536,.F.);
#6351=ORIENTED_EDGE('',*,*,#8537,.F.);
#6352=ORIENTED_EDGE('',*,*,#8538,.F.);
#6353=ORIENTED_EDGE('',*,*,#8539,.F.);
#6354=ORIENTED_EDGE('',*,*,#8540,.T.);
#6355=ORIENTED_EDGE('',*,*,#8541,.T.);
#6356=ORIENTED_EDGE('',*,*,#8542,.T.);
#6357=ORIENTED_EDGE('',*,*,#8543,.F.);
#6358=ORIENTED_EDGE('',*,*,#8544,.T.);
#6359=ORIENTED_EDGE('',*,*,#8545,.F.);
#6360=ORIENTED_EDGE('',*,*,#8546,.F.);
#6361=ORIENTED_EDGE('',*,*,#8547,.F.);
#6362=ORIENTED_EDGE('',*,*,#8548,.F.);
#6363=ORIENTED_EDGE('',*,*,#8549,.T.);
#6364=ORIENTED_EDGE('',*,*,#8550,.F.);
#6365=ORIENTED_EDGE('',*,*,#8551,.F.);
#6366=ORIENTED_EDGE('',*,*,#8552,.F.);
#6367=ORIENTED_EDGE('',*,*,#8553,.T.);
#6368=ORIENTED_EDGE('',*,*,#8554,.T.);
#6369=ORIENTED_EDGE('',*,*,#8555,.F.);
#6370=ORIENTED_EDGE('',*,*,#8556,.F.);
#6371=ORIENTED_EDGE('',*,*,#8557,.F.);
#6372=ORIENTED_EDGE('',*,*,#8558,.F.);
#6373=ORIENTED_EDGE('',*,*,#8559,.F.);
#6374=ORIENTED_EDGE('',*,*,#8560,.F.);
#6375=ORIENTED_EDGE('',*,*,#8561,.F.);
#6376=ORIENTED_EDGE('',*,*,#8562,.F.);
#6377=ORIENTED_EDGE('',*,*,#8563,.F.);
#6378=ORIENTED_EDGE('',*,*,#8564,.T.);
#6379=ORIENTED_EDGE('',*,*,#8565,.T.);
#6380=ORIENTED_EDGE('',*,*,#8566,.T.);
#6381=ORIENTED_EDGE('',*,*,#8567,.F.);
#6382=ORIENTED_EDGE('',*,*,#8568,.T.);
#6383=ORIENTED_EDGE('',*,*,#8569,.F.);
#6384=ORIENTED_EDGE('',*,*,#8570,.F.);
#6385=ORIENTED_EDGE('',*,*,#8571,.F.);
#6386=ORIENTED_EDGE('',*,*,#8572,.F.);
#6387=ORIENTED_EDGE('',*,*,#8573,.F.);
#6388=ORIENTED_EDGE('',*,*,#8574,.F.);
#6389=ORIENTED_EDGE('',*,*,#8575,.F.);
#6390=ORIENTED_EDGE('',*,*,#8576,.T.);
#6391=ORIENTED_EDGE('',*,*,#8577,.T.);
#6392=ORIENTED_EDGE('',*,*,#8578,.T.);
#6393=ORIENTED_EDGE('',*,*,#8579,.F.);
#6394=ORIENTED_EDGE('',*,*,#8580,.T.);
#6395=ORIENTED_EDGE('',*,*,#8581,.F.);
#6396=ORIENTED_EDGE('',*,*,#8582,.F.);
#6397=ORIENTED_EDGE('',*,*,#8583,.F.);
#6398=ORIENTED_EDGE('',*,*,#8584,.F.);
#6399=ORIENTED_EDGE('',*,*,#8585,.F.);
#6400=ORIENTED_EDGE('',*,*,#8586,.F.);
#6401=ORIENTED_EDGE('',*,*,#8587,.F.);
#6402=ORIENTED_EDGE('',*,*,#8588,.F.);
#6403=ORIENTED_EDGE('',*,*,#8589,.T.);
#6404=ORIENTED_EDGE('',*,*,#8590,.F.);
#6405=ORIENTED_EDGE('',*,*,#8591,.F.);
#6406=ORIENTED_EDGE('',*,*,#8592,.F.);
#6407=ORIENTED_EDGE('',*,*,#8593,.T.);
#6408=ORIENTED_EDGE('',*,*,#8594,.T.);
#6409=ORIENTED_EDGE('',*,*,#8595,.F.);
#6410=ORIENTED_EDGE('',*,*,#8596,.F.);
#6411=ORIENTED_EDGE('',*,*,#8597,.F.);
#6412=ORIENTED_EDGE('',*,*,#8598,.T.);
#6413=ORIENTED_EDGE('',*,*,#8599,.F.);
#6414=ORIENTED_EDGE('',*,*,#8600,.F.);
#6415=ORIENTED_EDGE('',*,*,#8601,.F.);
#6416=ORIENTED_EDGE('',*,*,#8602,.F.);
#6417=ORIENTED_EDGE('',*,*,#8603,.T.);
#6418=ORIENTED_EDGE('',*,*,#8604,.F.);
#6419=ORIENTED_EDGE('',*,*,#8605,.F.);
#6420=ORIENTED_EDGE('',*,*,#8606,.T.);
#6421=ORIENTED_EDGE('',*,*,#8607,.F.);
#6422=ORIENTED_EDGE('',*,*,#8608,.F.);
#6423=ORIENTED_EDGE('',*,*,#8609,.T.);
#6424=ORIENTED_EDGE('',*,*,#8610,.T.);
#6425=ORIENTED_EDGE('',*,*,#8611,.T.);
#6426=ORIENTED_EDGE('',*,*,#8612,.F.);
#6427=ORIENTED_EDGE('',*,*,#8613,.F.);
#6428=ORIENTED_EDGE('',*,*,#8614,.T.);
#6429=ORIENTED_EDGE('',*,*,#8615,.F.);
#6430=ORIENTED_EDGE('',*,*,#8616,.F.);
#6431=ORIENTED_EDGE('',*,*,#8617,.F.);
#6432=ORIENTED_EDGE('',*,*,#8618,.F.);
#6433=ORIENTED_EDGE('',*,*,#8619,.F.);
#6434=ORIENTED_EDGE('',*,*,#8620,.T.);
#6435=ORIENTED_EDGE('',*,*,#8621,.F.);
#6436=ORIENTED_EDGE('',*,*,#8622,.F.);
#6437=ORIENTED_EDGE('',*,*,#8623,.T.);
#6438=ORIENTED_EDGE('',*,*,#8624,.F.);
#6439=ORIENTED_EDGE('',*,*,#8625,.T.);
#6440=ORIENTED_EDGE('',*,*,#8626,.F.);
#6441=ORIENTED_EDGE('',*,*,#8627,.F.);
#6442=ORIENTED_EDGE('',*,*,#8628,.F.);
#6443=ORIENTED_EDGE('',*,*,#8629,.T.);
#6444=ORIENTED_EDGE('',*,*,#8630,.T.);
#6445=ORIENTED_EDGE('',*,*,#8631,.T.);
#6446=ORIENTED_EDGE('',*,*,#8632,.F.);
#6447=ORIENTED_EDGE('',*,*,#8633,.F.);
#6448=ORIENTED_EDGE('',*,*,#8634,.T.);
#6449=ORIENTED_EDGE('',*,*,#8635,.F.);
#6450=ORIENTED_EDGE('',*,*,#8636,.F.);
#6451=ORIENTED_EDGE('',*,*,#8637,.F.);
#6452=ORIENTED_EDGE('',*,*,#8638,.F.);
#6453=ORIENTED_EDGE('',*,*,#8639,.T.);
#6454=ORIENTED_EDGE('',*,*,#8640,.T.);
#6455=ORIENTED_EDGE('',*,*,#8641,.T.);
#6456=ORIENTED_EDGE('',*,*,#8642,.F.);
#6457=ORIENTED_EDGE('',*,*,#8643,.F.);
#6458=ORIENTED_EDGE('',*,*,#8644,.T.);
#6459=ORIENTED_EDGE('',*,*,#8645,.F.);
#6460=ORIENTED_EDGE('',*,*,#8646,.F.);
#6461=ORIENTED_EDGE('',*,*,#8647,.F.);
#6462=ORIENTED_EDGE('',*,*,#8648,.T.);
#6463=ORIENTED_EDGE('',*,*,#8649,.F.);
#6464=ORIENTED_EDGE('',*,*,#8650,.F.);
#6465=ORIENTED_EDGE('',*,*,#8651,.F.);
#6466=ORIENTED_EDGE('',*,*,#8652,.F.);
#6467=ORIENTED_EDGE('',*,*,#8653,.T.);
#6468=ORIENTED_EDGE('',*,*,#8654,.F.);
#6469=ORIENTED_EDGE('',*,*,#8655,.F.);
#6470=ORIENTED_EDGE('',*,*,#8656,.T.);
#6471=ORIENTED_EDGE('',*,*,#8657,.F.);
#6472=ORIENTED_EDGE('',*,*,#8658,.F.);
#6473=ORIENTED_EDGE('',*,*,#8659,.T.);
#6474=ORIENTED_EDGE('',*,*,#8660,.T.);
#6475=ORIENTED_EDGE('',*,*,#8661,.T.);
#6476=ORIENTED_EDGE('',*,*,#8662,.F.);
#6477=ORIENTED_EDGE('',*,*,#8663,.F.);
#6478=ORIENTED_EDGE('',*,*,#8664,.T.);
#6479=ORIENTED_EDGE('',*,*,#8665,.F.);
#6480=ORIENTED_EDGE('',*,*,#8666,.F.);
#6481=ORIENTED_EDGE('',*,*,#8667,.F.);
#6482=ORIENTED_EDGE('',*,*,#8668,.F.);
#6483=ORIENTED_EDGE('',*,*,#8669,.F.);
#6484=ORIENTED_EDGE('',*,*,#8670,.F.);
#6485=ORIENTED_EDGE('',*,*,#8671,.F.);
#6486=ORIENTED_EDGE('',*,*,#8672,.T.);
#6487=ORIENTED_EDGE('',*,*,#8673,.T.);
#6488=ORIENTED_EDGE('',*,*,#8674,.F.);
#6489=ORIENTED_EDGE('',*,*,#8675,.F.);
#6490=ORIENTED_EDGE('',*,*,#8676,.T.);
#6491=ORIENTED_EDGE('',*,*,#8677,.F.);
#6492=ORIENTED_EDGE('',*,*,#8678,.F.);
#6493=ORIENTED_EDGE('',*,*,#8679,.T.);
#6494=ORIENTED_EDGE('',*,*,#8680,.T.);
#6495=ORIENTED_EDGE('',*,*,#8676,.F.);
#6496=ORIENTED_EDGE('',*,*,#8681,.F.);
#6497=ORIENTED_EDGE('',*,*,#8682,.T.);
#6498=ORIENTED_EDGE('',*,*,#8683,.T.);
#6499=ORIENTED_EDGE('',*,*,#8684,.F.);
#6500=ORIENTED_EDGE('',*,*,#8685,.F.);
#6501=ORIENTED_EDGE('',*,*,#8665,.T.);
#6502=ORIENTED_EDGE('',*,*,#8686,.T.);
#6503=ORIENTED_EDGE('',*,*,#8661,.F.);
#6504=ORIENTED_EDGE('',*,*,#8687,.F.);
#6505=ORIENTED_EDGE('',*,*,#8657,.T.);
#6506=ORIENTED_EDGE('',*,*,#8688,.T.);
#6507=ORIENTED_EDGE('',*,*,#8653,.F.);
#6508=ORIENTED_EDGE('',*,*,#8689,.F.);
#6509=ORIENTED_EDGE('',*,*,#8690,.T.);
#6510=ORIENTED_EDGE('',*,*,#8691,.T.);
#6511=ORIENTED_EDGE('',*,*,#8692,.F.);
#6512=ORIENTED_EDGE('',*,*,#8693,.F.);
#6513=ORIENTED_EDGE('',*,*,#8645,.T.);
#6514=ORIENTED_EDGE('',*,*,#8694,.T.);
#6515=ORIENTED_EDGE('',*,*,#8641,.F.);
#6516=ORIENTED_EDGE('',*,*,#8695,.F.);
#6517=ORIENTED_EDGE('',*,*,#8696,.T.);
#6518=ORIENTED_EDGE('',*,*,#8697,.T.);
#6519=ORIENTED_EDGE('',*,*,#8696,.F.);
#6520=ORIENTED_EDGE('',*,*,#8698,.F.);
#6521=ORIENTED_EDGE('',*,*,#8699,.F.);
#6522=ORIENTED_EDGE('',*,*,#8700,.T.);
#6523=ORIENTED_EDGE('',*,*,#8701,.F.);
#6524=ORIENTED_EDGE('',*,*,#8702,.F.);
#6525=ORIENTED_EDGE('',*,*,#8635,.T.);
#6526=ORIENTED_EDGE('',*,*,#8703,.T.);
#6527=ORIENTED_EDGE('',*,*,#8631,.F.);
#6528=ORIENTED_EDGE('',*,*,#8704,.F.);
#6529=ORIENTED_EDGE('',*,*,#8624,.T.);
#6530=ORIENTED_EDGE('',*,*,#8705,.T.);
#6531=ORIENTED_EDGE('',*,*,#8620,.F.);
#6532=ORIENTED_EDGE('',*,*,#8706,.F.);
#6533=ORIENTED_EDGE('',*,*,#8707,.T.);
#6534=ORIENTED_EDGE('',*,*,#8708,.T.);
#6535=ORIENTED_EDGE('',*,*,#8709,.F.);
#6536=ORIENTED_EDGE('',*,*,#8710,.F.);
#6537=ORIENTED_EDGE('',*,*,#8615,.T.);
#6538=ORIENTED_EDGE('',*,*,#8711,.T.);
#6539=ORIENTED_EDGE('',*,*,#8611,.F.);
#6540=ORIENTED_EDGE('',*,*,#8712,.F.);
#6541=ORIENTED_EDGE('',*,*,#8607,.T.);
#6542=ORIENTED_EDGE('',*,*,#8713,.T.);
#6543=ORIENTED_EDGE('',*,*,#8603,.F.);
#6544=ORIENTED_EDGE('',*,*,#8714,.F.);
#6545=ORIENTED_EDGE('',*,*,#8715,.T.);
#6546=ORIENTED_EDGE('',*,*,#8716,.T.);
#6547=ORIENTED_EDGE('',*,*,#8717,.T.);
#6548=ORIENTED_EDGE('',*,*,#8718,.F.);
#6549=ORIENTED_EDGE('',*,*,#8673,.F.);
#6550=ORIENTED_EDGE('',*,*,#8719,.T.);
#6551=ORIENTED_EDGE('',*,*,#8720,.F.);
#6552=ORIENTED_EDGE('',*,*,#8721,.F.);
#6553=ORIENTED_EDGE('',*,*,#8722,.F.);
#6554=ORIENTED_EDGE('',*,*,#8723,.T.);
#6555=ORIENTED_EDGE('',*,*,#8715,.F.);
#6556=ORIENTED_EDGE('',*,*,#8724,.F.);
#6557=ORIENTED_EDGE('',*,*,#8725,.F.);
#6558=ORIENTED_EDGE('',*,*,#8726,.T.);
#6559=ORIENTED_EDGE('',*,*,#8727,.F.);
#6560=ORIENTED_EDGE('',*,*,#8728,.F.);
#6561=ORIENTED_EDGE('',*,*,#8709,.T.);
#6562=ORIENTED_EDGE('',*,*,#8729,.T.);
#6563=ORIENTED_EDGE('',*,*,#8707,.F.);
#6564=ORIENTED_EDGE('',*,*,#8730,.F.);
#6565=ORIENTED_EDGE('',*,*,#8731,.F.);
#6566=ORIENTED_EDGE('',*,*,#8732,.T.);
#6567=ORIENTED_EDGE('',*,*,#8733,.F.);
#6568=ORIENTED_EDGE('',*,*,#8734,.F.);
#6569=ORIENTED_EDGE('',*,*,#8701,.T.);
#6570=ORIENTED_EDGE('',*,*,#8735,.T.);
#6571=ORIENTED_EDGE('',*,*,#8682,.F.);
#6572=ORIENTED_EDGE('',*,*,#8736,.F.);
#6573=ORIENTED_EDGE('',*,*,#8737,.F.);
#6574=ORIENTED_EDGE('',*,*,#8738,.T.);
#6575=ORIENTED_EDGE('',*,*,#8739,.F.);
#6576=ORIENTED_EDGE('',*,*,#8740,.F.);
#6577=ORIENTED_EDGE('',*,*,#8692,.T.);
#6578=ORIENTED_EDGE('',*,*,#8741,.T.);
#6579=ORIENTED_EDGE('',*,*,#8690,.F.);
#6580=ORIENTED_EDGE('',*,*,#8742,.F.);
#6581=ORIENTED_EDGE('',*,*,#8743,.F.);
#6582=ORIENTED_EDGE('',*,*,#8744,.T.);
#6583=ORIENTED_EDGE('',*,*,#8745,.F.);
#6584=ORIENTED_EDGE('',*,*,#8746,.F.);
#6585=ORIENTED_EDGE('',*,*,#8684,.T.);
#6586=ORIENTED_EDGE('',*,*,#8747,.T.);
#6587=ORIENTED_EDGE('',*,*,#8748,.T.);
#6588=ORIENTED_EDGE('',*,*,#8749,.F.);
#6589=ORIENTED_EDGE('',*,*,#8750,.F.);
#6590=ORIENTED_EDGE('',*,*,#8751,.T.);
#6591=ORIENTED_EDGE('',*,*,#8752,.F.);
#6592=ORIENTED_EDGE('',*,*,#8753,.F.);
#6593=ORIENTED_EDGE('',*,*,#8754,.F.);
#6594=ORIENTED_EDGE('',*,*,#8755,.T.);
#6595=ORIENTED_EDGE('',*,*,#8756,.T.);
#6596=ORIENTED_EDGE('',*,*,#8757,.F.);
#6597=ORIENTED_EDGE('',*,*,#8758,.F.);
#6598=ORIENTED_EDGE('',*,*,#8759,.T.);
#6599=ORIENTED_EDGE('',*,*,#8760,.F.);
#6600=ORIENTED_EDGE('',*,*,#8761,.F.);
#6601=ORIENTED_EDGE('',*,*,#8717,.F.);
#6602=ORIENTED_EDGE('',*,*,#8762,.T.);
#6603=ORIENTED_EDGE('',*,*,#8763,.T.);
#6604=ORIENTED_EDGE('',*,*,#8764,.F.);
#6605=ORIENTED_EDGE('',*,*,#8765,.F.);
#6606=ORIENTED_EDGE('',*,*,#8766,.T.);
#6607=ORIENTED_EDGE('',*,*,#8767,.F.);
#6608=ORIENTED_EDGE('',*,*,#8768,.F.);
#6609=ORIENTED_EDGE('',*,*,#8769,.F.);
#6610=ORIENTED_EDGE('',*,*,#8770,.T.);
#6611=ORIENTED_EDGE('',*,*,#8771,.T.);
#6612=ORIENTED_EDGE('',*,*,#8772,.F.);
#6613=ORIENTED_EDGE('',*,*,#8773,.F.);
#6614=ORIENTED_EDGE('',*,*,#8774,.T.);
#6615=ORIENTED_EDGE('',*,*,#8775,.F.);
#6616=ORIENTED_EDGE('',*,*,#8776,.F.);
#6617=ORIENTED_EDGE('',*,*,#8777,.F.);
#6618=ORIENTED_EDGE('',*,*,#8778,.T.);
#6619=ORIENTED_EDGE('',*,*,#8699,.T.);
#6620=ORIENTED_EDGE('',*,*,#8779,.T.);
#6621=ORIENTED_EDGE('',*,*,#8780,.T.);
#6622=ORIENTED_EDGE('',*,*,#8781,.T.);
#6623=ORIENTED_EDGE('',*,*,#8637,.T.);
#6624=ORIENTED_EDGE('',*,*,#8782,.T.);
#6625=ORIENTED_EDGE('',*,*,#8674,.T.);
#6626=ORIENTED_EDGE('',*,*,#8783,.T.);
#6627=ORIENTED_EDGE('',*,*,#8754,.T.);
#6628=ORIENTED_EDGE('',*,*,#8784,.F.);
#6629=ORIENTED_EDGE('',*,*,#8594,.F.);
#6630=ORIENTED_EDGE('',*,*,#8785,.T.);
#6631=ORIENTED_EDGE('',*,*,#8590,.T.);
#6632=ORIENTED_EDGE('',*,*,#8786,.F.);
#6633=ORIENTED_EDGE('',*,*,#8577,.F.);
#6634=ORIENTED_EDGE('',*,*,#8787,.T.);
#6635=ORIENTED_EDGE('',*,*,#8573,.T.);
#6636=ORIENTED_EDGE('',*,*,#8788,.F.);
#6637=ORIENTED_EDGE('',*,*,#8748,.F.);
#6638=ORIENTED_EDGE('',*,*,#8789,.T.);
#6639=ORIENTED_EDGE('',*,*,#8722,.T.);
#6640=ORIENTED_EDGE('',*,*,#8790,.F.);
#6641=ORIENTED_EDGE('',*,*,#8565,.F.);
#6642=ORIENTED_EDGE('',*,*,#8791,.T.);
#6643=ORIENTED_EDGE('',*,*,#8561,.T.);
#6644=ORIENTED_EDGE('',*,*,#8792,.F.);
#6645=ORIENTED_EDGE('',*,*,#8756,.F.);
#6646=ORIENTED_EDGE('',*,*,#8793,.T.);
#6647=ORIENTED_EDGE('',*,*,#8769,.T.);
#6648=ORIENTED_EDGE('',*,*,#8794,.F.);
#6649=ORIENTED_EDGE('',*,*,#8554,.F.);
#6650=ORIENTED_EDGE('',*,*,#8795,.T.);
#6651=ORIENTED_EDGE('',*,*,#8550,.T.);
#6652=ORIENTED_EDGE('',*,*,#8796,.F.);
#6653=ORIENTED_EDGE('',*,*,#8541,.F.);
#6654=ORIENTED_EDGE('',*,*,#8797,.T.);
#6655=ORIENTED_EDGE('',*,*,#8537,.T.);
#6656=ORIENTED_EDGE('',*,*,#8798,.F.);
#6657=ORIENTED_EDGE('',*,*,#8763,.F.);
#6658=ORIENTED_EDGE('',*,*,#8799,.T.);
#6659=ORIENTED_EDGE('',*,*,#8669,.T.);
#6660=ORIENTED_EDGE('',*,*,#8800,.F.);
#6661=ORIENTED_EDGE('',*,*,#8535,.T.);
#6662=ORIENTED_EDGE('',*,*,#8801,.T.);
#6663=ORIENTED_EDGE('',*,*,#8802,.T.);
#6664=ORIENTED_EDGE('',*,*,#8803,.T.);
#6665=ORIENTED_EDGE('',*,*,#8720,.T.);
#6666=ORIENTED_EDGE('',*,*,#8804,.T.);
#6667=ORIENTED_EDGE('',*,*,#8777,.T.);
#6668=ORIENTED_EDGE('',*,*,#8805,.F.);
#6669=ORIENTED_EDGE('',*,*,#8530,.F.);
#6670=ORIENTED_EDGE('',*,*,#8806,.T.);
#6671=ORIENTED_EDGE('',*,*,#8526,.T.);
#6672=ORIENTED_EDGE('',*,*,#8807,.F.);
#6673=ORIENTED_EDGE('',*,*,#8513,.F.);
#6674=ORIENTED_EDGE('',*,*,#8808,.T.);
#6675=ORIENTED_EDGE('',*,*,#8509,.T.);
#6676=ORIENTED_EDGE('',*,*,#8809,.F.);
#6677=ORIENTED_EDGE('',*,*,#8771,.F.);
#6678=ORIENTED_EDGE('',*,*,#8810,.T.);
#6679=ORIENTED_EDGE('',*,*,#8613,.T.);
#6680=ORIENTED_EDGE('',*,*,#8811,.T.);
#6681=ORIENTED_EDGE('',*,*,#8605,.T.);
#6682=ORIENTED_EDGE('',*,*,#8812,.T.);
#6683=ORIENTED_EDGE('',*,*,#8725,.T.);
#6684=ORIENTED_EDGE('',*,*,#8813,.T.);
#6685=ORIENTED_EDGE('',*,*,#8814,.F.);
#6686=ORIENTED_EDGE('',*,*,#8815,.T.);
#6687=ORIENTED_EDGE('',*,*,#8816,.T.);
#6688=ORIENTED_EDGE('',*,*,#8817,.T.);
#6689=ORIENTED_EDGE('',*,*,#8818,.T.);
#6690=ORIENTED_EDGE('',*,*,#8819,.T.);
#6691=ORIENTED_EDGE('',*,*,#8820,.F.);
#6692=ORIENTED_EDGE('',*,*,#8821,.F.);
#6693=ORIENTED_EDGE('',*,*,#8775,.T.);
#6694=ORIENTED_EDGE('',*,*,#8822,.T.);
#6695=ORIENTED_EDGE('',*,*,#8528,.T.);
#6696=ORIENTED_EDGE('',*,*,#8823,.T.);
#6697=ORIENTED_EDGE('',*,*,#8511,.T.);
#6698=ORIENTED_EDGE('',*,*,#8824,.T.);
#6699=ORIENTED_EDGE('',*,*,#8773,.T.);
#6700=ORIENTED_EDGE('',*,*,#8825,.F.);
#6701=ORIENTED_EDGE('',*,*,#8767,.T.);
#6702=ORIENTED_EDGE('',*,*,#8826,.T.);
#6703=ORIENTED_EDGE('',*,*,#8552,.T.);
#6704=ORIENTED_EDGE('',*,*,#8827,.T.);
#6705=ORIENTED_EDGE('',*,*,#8539,.T.);
#6706=ORIENTED_EDGE('',*,*,#8828,.T.);
#6707=ORIENTED_EDGE('',*,*,#8765,.T.);
#6708=ORIENTED_EDGE('',*,*,#8829,.F.);
#6709=ORIENTED_EDGE('',*,*,#8760,.T.);
#6710=ORIENTED_EDGE('',*,*,#8830,.T.);
#6711=ORIENTED_EDGE('',*,*,#8671,.T.);
#6712=ORIENTED_EDGE('',*,*,#8831,.T.);
#6713=ORIENTED_EDGE('',*,*,#8563,.T.);
#6714=ORIENTED_EDGE('',*,*,#8832,.T.);
#6715=ORIENTED_EDGE('',*,*,#8758,.T.);
#6716=ORIENTED_EDGE('',*,*,#8833,.F.);
#6717=ORIENTED_EDGE('',*,*,#8752,.T.);
#6718=ORIENTED_EDGE('',*,*,#8834,.T.);
#6719=ORIENTED_EDGE('',*,*,#8592,.T.);
#6720=ORIENTED_EDGE('',*,*,#8835,.T.);
#6721=ORIENTED_EDGE('',*,*,#8575,.T.);
#6722=ORIENTED_EDGE('',*,*,#8836,.T.);
#6723=ORIENTED_EDGE('',*,*,#8750,.T.);
#6724=ORIENTED_EDGE('',*,*,#8837,.F.);
#6725=ORIENTED_EDGE('',*,*,#8838,.F.);
#6726=ORIENTED_EDGE('',*,*,#8839,.F.);
#6727=ORIENTED_EDGE('',*,*,#8840,.T.);
#6728=ORIENTED_EDGE('',*,*,#8841,.T.);
#6729=ORIENTED_EDGE('',*,*,#8842,.T.);
#6730=ORIENTED_EDGE('',*,*,#8843,.F.);
#6731=ORIENTED_EDGE('',*,*,#8844,.F.);
#6732=ORIENTED_EDGE('',*,*,#8845,.T.);
#6733=ORIENTED_EDGE('',*,*,#8745,.T.);
#6734=ORIENTED_EDGE('',*,*,#8846,.T.);
#6735=ORIENTED_EDGE('',*,*,#8663,.T.);
#6736=ORIENTED_EDGE('',*,*,#8847,.T.);
#6737=ORIENTED_EDGE('',*,*,#8655,.T.);
#6738=ORIENTED_EDGE('',*,*,#8848,.T.);
#6739=ORIENTED_EDGE('',*,*,#8743,.T.);
#6740=ORIENTED_EDGE('',*,*,#8849,.T.);
#6741=ORIENTED_EDGE('',*,*,#8739,.T.);
#6742=ORIENTED_EDGE('',*,*,#8850,.T.);
#6743=ORIENTED_EDGE('',*,*,#8643,.T.);
#6744=ORIENTED_EDGE('',*,*,#8851,.T.);
#6745=ORIENTED_EDGE('',*,*,#8678,.T.);
#6746=ORIENTED_EDGE('',*,*,#8852,.T.);
#6747=ORIENTED_EDGE('',*,*,#8737,.T.);
#6748=ORIENTED_EDGE('',*,*,#8853,.T.);
#6749=ORIENTED_EDGE('',*,*,#8733,.T.);
#6750=ORIENTED_EDGE('',*,*,#8854,.T.);
#6751=ORIENTED_EDGE('',*,*,#8633,.T.);
#6752=ORIENTED_EDGE('',*,*,#8855,.T.);
#6753=ORIENTED_EDGE('',*,*,#8622,.T.);
#6754=ORIENTED_EDGE('',*,*,#8856,.T.);
#6755=ORIENTED_EDGE('',*,*,#8731,.T.);
#6756=ORIENTED_EDGE('',*,*,#8857,.T.);
#6757=ORIENTED_EDGE('',*,*,#8727,.T.);
#6758=ORIENTED_EDGE('',*,*,#8858,.F.);
#6759=ORIENTED_EDGE('',*,*,#8859,.T.);
#6760=ORIENTED_EDGE('',*,*,#8860,.T.);
#6761=ORIENTED_EDGE('',*,*,#8861,.T.);
#6762=ORIENTED_EDGE('',*,*,#8862,.T.);
#6763=ORIENTED_EDGE('',*,*,#8863,.T.);
#6764=ORIENTED_EDGE('',*,*,#8515,.T.);
#6765=ORIENTED_EDGE('',*,*,#8864,.T.);
#6766=ORIENTED_EDGE('',*,*,#8524,.T.);
#6767=ORIENTED_EDGE('',*,*,#8865,.T.);
#6768=ORIENTED_EDGE('',*,*,#8543,.T.);
#6769=ORIENTED_EDGE('',*,*,#8866,.T.);
#6770=ORIENTED_EDGE('',*,*,#8548,.T.);
#6771=ORIENTED_EDGE('',*,*,#8867,.T.);
#6772=ORIENTED_EDGE('',*,*,#8567,.T.);
#6773=ORIENTED_EDGE('',*,*,#8868,.T.);
#6774=ORIENTED_EDGE('',*,*,#8869,.T.);
#6775=ORIENTED_EDGE('',*,*,#8870,.T.);
#6776=ORIENTED_EDGE('',*,*,#8579,.T.);
#6777=ORIENTED_EDGE('',*,*,#8871,.T.);
#6778=ORIENTED_EDGE('',*,*,#8588,.T.);
#6779=ORIENTED_EDGE('',*,*,#8826,.F.);
#6780=ORIENTED_EDGE('',*,*,#8766,.F.);
#6781=ORIENTED_EDGE('',*,*,#8793,.F.);
#6782=ORIENTED_EDGE('',*,*,#8553,.F.);
#6783=ORIENTED_EDGE('',*,*,#8828,.F.);
#6784=ORIENTED_EDGE('',*,*,#8538,.T.);
#6785=ORIENTED_EDGE('',*,*,#8797,.F.);
#6786=ORIENTED_EDGE('',*,*,#8762,.F.);
#6787=ORIENTED_EDGE('',*,*,#8827,.F.);
#6788=ORIENTED_EDGE('',*,*,#8551,.T.);
#6789=ORIENTED_EDGE('',*,*,#8795,.F.);
#6790=ORIENTED_EDGE('',*,*,#8540,.F.);
#6791=ORIENTED_EDGE('',*,*,#8830,.F.);
#6792=ORIENTED_EDGE('',*,*,#8759,.F.);
#6793=ORIENTED_EDGE('',*,*,#8716,.F.);
#6794=ORIENTED_EDGE('',*,*,#8672,.F.);
#6795=ORIENTED_EDGE('',*,*,#8832,.F.);
#6796=ORIENTED_EDGE('',*,*,#8562,.T.);
#6797=ORIENTED_EDGE('',*,*,#8791,.F.);
#6798=ORIENTED_EDGE('',*,*,#8755,.F.);
#6799=ORIENTED_EDGE('',*,*,#8831,.F.);
#6800=ORIENTED_EDGE('',*,*,#8670,.T.);
#6801=ORIENTED_EDGE('',*,*,#8799,.F.);
#6802=ORIENTED_EDGE('',*,*,#8719,.F.);
#6803=ORIENTED_EDGE('',*,*,#8789,.F.);
#6804=ORIENTED_EDGE('',*,*,#8564,.F.);
#6805=ORIENTED_EDGE('',*,*,#8834,.F.);
#6806=ORIENTED_EDGE('',*,*,#8751,.F.);
#6807=ORIENTED_EDGE('',*,*,#8783,.F.);
#6808=ORIENTED_EDGE('',*,*,#8593,.F.);
#6809=ORIENTED_EDGE('',*,*,#8836,.F.);
#6810=ORIENTED_EDGE('',*,*,#8574,.T.);
#6811=ORIENTED_EDGE('',*,*,#8787,.F.);
#6812=ORIENTED_EDGE('',*,*,#8747,.F.);
#6813=ORIENTED_EDGE('',*,*,#8835,.F.);
#6814=ORIENTED_EDGE('',*,*,#8591,.T.);
#6815=ORIENTED_EDGE('',*,*,#8785,.F.);
#6816=ORIENTED_EDGE('',*,*,#8576,.F.);
#6817=ORIENTED_EDGE('',*,*,#8855,.F.);
#6818=ORIENTED_EDGE('',*,*,#8632,.T.);
#6819=ORIENTED_EDGE('',*,*,#8703,.F.);
#6820=ORIENTED_EDGE('',*,*,#8623,.F.);
#6821=ORIENTED_EDGE('',*,*,#8854,.F.);
#6822=ORIENTED_EDGE('',*,*,#8732,.F.);
#6823=ORIENTED_EDGE('',*,*,#8700,.F.);
#6824=ORIENTED_EDGE('',*,*,#8634,.F.);
#6825=ORIENTED_EDGE('',*,*,#8856,.F.);
#6826=ORIENTED_EDGE('',*,*,#8621,.T.);
#6827=ORIENTED_EDGE('',*,*,#8705,.F.);
#6828=ORIENTED_EDGE('',*,*,#8729,.F.);
#6829=ORIENTED_EDGE('',*,*,#8850,.F.);
#6830=ORIENTED_EDGE('',*,*,#8738,.F.);
#6831=ORIENTED_EDGE('',*,*,#8691,.F.);
#6832=ORIENTED_EDGE('',*,*,#8644,.F.);
#6833=ORIENTED_EDGE('',*,*,#8852,.F.);
#6834=ORIENTED_EDGE('',*,*,#8677,.T.);
#6835=ORIENTED_EDGE('',*,*,#8680,.F.);
#6836=ORIENTED_EDGE('',*,*,#8735,.F.);
#6837=ORIENTED_EDGE('',*,*,#8851,.F.);
#6838=ORIENTED_EDGE('',*,*,#8642,.T.);
#6839=ORIENTED_EDGE('',*,*,#8694,.F.);
#6840=ORIENTED_EDGE('',*,*,#8697,.F.);
#6841=ORIENTED_EDGE('',*,*,#8778,.F.);
#6842=ORIENTED_EDGE('',*,*,#8679,.F.);
#6843=ORIENTED_EDGE('',*,*,#8847,.F.);
#6844=ORIENTED_EDGE('',*,*,#8662,.T.);
#6845=ORIENTED_EDGE('',*,*,#8686,.F.);
#6846=ORIENTED_EDGE('',*,*,#8656,.F.);
#6847=ORIENTED_EDGE('',*,*,#8846,.F.);
#6848=ORIENTED_EDGE('',*,*,#8744,.F.);
#6849=ORIENTED_EDGE('',*,*,#8683,.F.);
#6850=ORIENTED_EDGE('',*,*,#8664,.F.);
#6851=ORIENTED_EDGE('',*,*,#8848,.F.);
#6852=ORIENTED_EDGE('',*,*,#8654,.T.);
#6853=ORIENTED_EDGE('',*,*,#8688,.F.);
#6854=ORIENTED_EDGE('',*,*,#8741,.F.);
#6855=ORIENTED_EDGE('',*,*,#8822,.F.);
#6856=ORIENTED_EDGE('',*,*,#8774,.F.);
#6857=ORIENTED_EDGE('',*,*,#8804,.F.);
#6858=ORIENTED_EDGE('',*,*,#8529,.F.);
#6859=ORIENTED_EDGE('',*,*,#8824,.F.);
#6860=ORIENTED_EDGE('',*,*,#8510,.T.);
#6861=ORIENTED_EDGE('',*,*,#8808,.F.);
#6862=ORIENTED_EDGE('',*,*,#8770,.F.);
#6863=ORIENTED_EDGE('',*,*,#8823,.F.);
#6864=ORIENTED_EDGE('',*,*,#8527,.T.);
#6865=ORIENTED_EDGE('',*,*,#8806,.F.);
#6866=ORIENTED_EDGE('',*,*,#8512,.F.);
#6867=ORIENTED_EDGE('',*,*,#8811,.F.);
#6868=ORIENTED_EDGE('',*,*,#8612,.T.);
#6869=ORIENTED_EDGE('',*,*,#8711,.F.);
#6870=ORIENTED_EDGE('',*,*,#8606,.F.);
#6871=ORIENTED_EDGE('',*,*,#8810,.F.);
#6872=ORIENTED_EDGE('',*,*,#8726,.F.);
#6873=ORIENTED_EDGE('',*,*,#8708,.F.);
#6874=ORIENTED_EDGE('',*,*,#8614,.F.);
#6875=ORIENTED_EDGE('',*,*,#8812,.F.);
#6876=ORIENTED_EDGE('',*,*,#8604,.T.);
#6877=ORIENTED_EDGE('',*,*,#8713,.F.);
#6878=ORIENTED_EDGE('',*,*,#8723,.F.);
#6879=ORIENTED_EDGE('',*,*,#8557,.T.);
#6880=ORIENTED_EDGE('',*,*,#8872,.F.);
#6881=ORIENTED_EDGE('',*,*,#8506,.T.);
#6882=ORIENTED_EDGE('',*,*,#8873,.F.);
#6883=ORIENTED_EDGE('',*,*,#8874,.F.);
#6884=ORIENTED_EDGE('',*,*,#8875,.F.);
#6885=ORIENTED_EDGE('',*,*,#8507,.T.);
#6886=ORIENTED_EDGE('',*,*,#8872,.T.);
#6887=ORIENTED_EDGE('',*,*,#8556,.T.);
#6888=ORIENTED_EDGE('',*,*,#8876,.F.);
#6889=ORIENTED_EDGE('',*,*,#8768,.T.);
#6890=ORIENTED_EDGE('',*,*,#8825,.T.);
#6891=ORIENTED_EDGE('',*,*,#8772,.T.);
#6892=ORIENTED_EDGE('',*,*,#8809,.T.);
#6893=ORIENTED_EDGE('',*,*,#8508,.T.);
#6894=ORIENTED_EDGE('',*,*,#8876,.T.);
#6895=ORIENTED_EDGE('',*,*,#8555,.T.);
#6896=ORIENTED_EDGE('',*,*,#8794,.T.);
#6897=ORIENTED_EDGE('',*,*,#8807,.T.);
#6898=ORIENTED_EDGE('',*,*,#8525,.F.);
#6899=ORIENTED_EDGE('',*,*,#8864,.F.);
#6900=ORIENTED_EDGE('',*,*,#8514,.F.);
#6901=ORIENTED_EDGE('',*,*,#8600,.T.);
#6902=ORIENTED_EDGE('',*,*,#8877,.T.);
#6903=ORIENTED_EDGE('',*,*,#8878,.T.);
#6904=ORIENTED_EDGE('',*,*,#8879,.T.);
#6905=ORIENTED_EDGE('',*,*,#8608,.T.);
#6906=ORIENTED_EDGE('',*,*,#8880,.F.);
#6907=ORIENTED_EDGE('',*,*,#8627,.T.);
#6908=ORIENTED_EDGE('',*,*,#8881,.T.);
#6909=ORIENTED_EDGE('',*,*,#8882,.T.);
#6910=ORIENTED_EDGE('',*,*,#8883,.T.);
#6911=ORIENTED_EDGE('',*,*,#8628,.T.);
#6912=ORIENTED_EDGE('',*,*,#8781,.F.);
#6913=ORIENTED_EDGE('',*,*,#8884,.T.);
#6914=ORIENTED_EDGE('',*,*,#8885,.T.);
#6915=ORIENTED_EDGE('',*,*,#8886,.T.);
#6916=ORIENTED_EDGE('',*,*,#8887,.T.);
#6917=ORIENTED_EDGE('',*,*,#8638,.T.);
#6918=ORIENTED_EDGE('',*,*,#8888,.F.);
#6919=ORIENTED_EDGE('',*,*,#8650,.T.);
#6920=ORIENTED_EDGE('',*,*,#8889,.T.);
#6921=ORIENTED_EDGE('',*,*,#8890,.T.);
#6922=ORIENTED_EDGE('',*,*,#8891,.T.);
#6923=ORIENTED_EDGE('',*,*,#8658,.T.);
#6924=ORIENTED_EDGE('',*,*,#8892,.F.);
#6925=ORIENTED_EDGE('',*,*,#8893,.T.);
#6926=ORIENTED_EDGE('',*,*,#8894,.T.);
#6927=ORIENTED_EDGE('',*,*,#8895,.F.);
#6928=ORIENTED_EDGE('',*,*,#8896,.T.);
#6929=ORIENTED_EDGE('',*,*,#8897,.T.);
#6930=ORIENTED_EDGE('',*,*,#8580,.F.);
#6931=ORIENTED_EDGE('',*,*,#8870,.F.);
#6932=ORIENTED_EDGE('',*,*,#8587,.T.);
#6933=ORIENTED_EDGE('',*,*,#8898,.T.);
#6934=ORIENTED_EDGE('',*,*,#8899,.T.);
#6935=ORIENTED_EDGE('',*,*,#8900,.T.);
#6936=ORIENTED_EDGE('',*,*,#8568,.F.);
#6937=ORIENTED_EDGE('',*,*,#8867,.F.);
#6938=ORIENTED_EDGE('',*,*,#8901,.T.);
#6939=ORIENTED_EDGE('',*,*,#8902,.T.);
#6940=ORIENTED_EDGE('',*,*,#8903,.T.);
#6941=ORIENTED_EDGE('',*,*,#8904,.T.);
#6942=ORIENTED_EDGE('',*,*,#8544,.F.);
#6943=ORIENTED_EDGE('',*,*,#8865,.F.);
#6944=ORIENTED_EDGE('',*,*,#8547,.T.);
#6945=ORIENTED_EDGE('',*,*,#8905,.T.);
#6946=ORIENTED_EDGE('',*,*,#8906,.T.);
#6947=ORIENTED_EDGE('',*,*,#8907,.T.);
#6948=ORIENTED_EDGE('',*,*,#8516,.F.);
#6949=ORIENTED_EDGE('',*,*,#8863,.F.);
#6950=ORIENTED_EDGE('',*,*,#8523,.T.);
#6951=ORIENTED_EDGE('',*,*,#8908,.T.);
#6952=ORIENTED_EDGE('',*,*,#8909,.T.);
#6953=ORIENTED_EDGE('',*,*,#8910,.T.);
#6954=ORIENTED_EDGE('',*,*,#8911,.T.);
#6955=ORIENTED_EDGE('',*,*,#8912,.T.);
#6956=ORIENTED_EDGE('',*,*,#8913,.F.);
#6957=ORIENTED_EDGE('',*,*,#8517,.T.);
#6958=ORIENTED_EDGE('',*,*,#8907,.F.);
#6959=ORIENTED_EDGE('',*,*,#8914,.T.);
#6960=ORIENTED_EDGE('',*,*,#8915,.T.);
#6961=ORIENTED_EDGE('',*,*,#8916,.T.);
#6962=ORIENTED_EDGE('',*,*,#8917,.T.);
#6963=ORIENTED_EDGE('',*,*,#8918,.T.);
#6964=ORIENTED_EDGE('',*,*,#8873,.T.);
#6965=ORIENTED_EDGE('',*,*,#8518,.T.);
#6966=ORIENTED_EDGE('',*,*,#8919,.T.);
#6967=ORIENTED_EDGE('',*,*,#8920,.T.);
#6968=ORIENTED_EDGE('',*,*,#8921,.T.);
#6969=ORIENTED_EDGE('',*,*,#8922,.T.);
#6970=ORIENTED_EDGE('',*,*,#8923,.T.);
#6971=ORIENTED_EDGE('',*,*,#8924,.F.);
#6972=ORIENTED_EDGE('',*,*,#8925,.T.);
#6973=ORIENTED_EDGE('',*,*,#8926,.T.);
#6974=ORIENTED_EDGE('',*,*,#8927,.T.);
#6975=ORIENTED_EDGE('',*,*,#8928,.T.);
#6976=ORIENTED_EDGE('',*,*,#8519,.T.);
#6977=ORIENTED_EDGE('',*,*,#8928,.F.);
#6978=ORIENTED_EDGE('',*,*,#8929,.T.);
#6979=ORIENTED_EDGE('',*,*,#8930,.F.);
#6980=ORIENTED_EDGE('',*,*,#8931,.F.);
#6981=ORIENTED_EDGE('',*,*,#8932,.F.);
#6982=ORIENTED_EDGE('',*,*,#8520,.T.);
#6983=ORIENTED_EDGE('',*,*,#8932,.T.);
#6984=ORIENTED_EDGE('',*,*,#8933,.T.);
#6985=ORIENTED_EDGE('',*,*,#8934,.F.);
#6986=ORIENTED_EDGE('',*,*,#8521,.T.);
#6987=ORIENTED_EDGE('',*,*,#8934,.T.);
#6988=ORIENTED_EDGE('',*,*,#8935,.T.);
#6989=ORIENTED_EDGE('',*,*,#8936,.F.);
#6990=ORIENTED_EDGE('',*,*,#8937,.F.);
#6991=ORIENTED_EDGE('',*,*,#8938,.F.);
#6992=ORIENTED_EDGE('',*,*,#8522,.T.);
#6993=ORIENTED_EDGE('',*,*,#8938,.T.);
#6994=ORIENTED_EDGE('',*,*,#8939,.T.);
#6995=ORIENTED_EDGE('',*,*,#8940,.T.);
#6996=ORIENTED_EDGE('',*,*,#8941,.T.);
#6997=ORIENTED_EDGE('',*,*,#8942,.F.);
#6998=ORIENTED_EDGE('',*,*,#8911,.F.);
#6999=ORIENTED_EDGE('',*,*,#8943,.T.);
#7000=ORIENTED_EDGE('',*,*,#8944,.T.);
#7001=ORIENTED_EDGE('',*,*,#8945,.T.);
#7002=ORIENTED_EDGE('',*,*,#8908,.F.);
#7003=ORIENTED_EDGE('',*,*,#8946,.T.);
#7004=ORIENTED_EDGE('',*,*,#8947,.T.);
#7005=ORIENTED_EDGE('',*,*,#8531,.T.);
#7006=ORIENTED_EDGE('',*,*,#8805,.T.);
#7007=ORIENTED_EDGE('',*,*,#8776,.T.);
#7008=ORIENTED_EDGE('',*,*,#8821,.T.);
#7009=ORIENTED_EDGE('',*,*,#8948,.F.);
#7010=ORIENTED_EDGE('',*,*,#8949,.F.);
#7011=ORIENTED_EDGE('',*,*,#8950,.T.);
#7012=ORIENTED_EDGE('',*,*,#8951,.T.);
#7013=ORIENTED_EDGE('',*,*,#8952,.T.);
#7014=ORIENTED_EDGE('',*,*,#8532,.T.);
#7015=ORIENTED_EDGE('',*,*,#8947,.F.);
#7016=ORIENTED_EDGE('',*,*,#8533,.T.);
#7017=ORIENTED_EDGE('',*,*,#8952,.F.);
#7018=ORIENTED_EDGE('',*,*,#8953,.F.);
#7019=ORIENTED_EDGE('',*,*,#8923,.F.);
#7020=ORIENTED_EDGE('',*,*,#8954,.T.);
#7021=ORIENTED_EDGE('',*,*,#8955,.F.);
#7022=ORIENTED_EDGE('',*,*,#8919,.F.);
#7023=ORIENTED_EDGE('',*,*,#8956,.T.);
#7024=ORIENTED_EDGE('',*,*,#8801,.F.);
#7025=ORIENTED_EDGE('',*,*,#8534,.T.);
#7026=ORIENTED_EDGE('',*,*,#8957,.F.);
#7027=ORIENTED_EDGE('',*,*,#8958,.F.);
#7028=ORIENTED_EDGE('',*,*,#8959,.F.);
#7029=ORIENTED_EDGE('',*,*,#8761,.T.);
#7030=ORIENTED_EDGE('',*,*,#8829,.T.);
#7031=ORIENTED_EDGE('',*,*,#8764,.T.);
#7032=ORIENTED_EDGE('',*,*,#8798,.T.);
#7033=ORIENTED_EDGE('',*,*,#8536,.T.);
#7034=ORIENTED_EDGE('',*,*,#8800,.T.);
#7035=ORIENTED_EDGE('',*,*,#8668,.T.);
#7036=ORIENTED_EDGE('',*,*,#8718,.T.);
#7037=ORIENTED_EDGE('',*,*,#8796,.T.);
#7038=ORIENTED_EDGE('',*,*,#8549,.F.);
#7039=ORIENTED_EDGE('',*,*,#8866,.F.);
#7040=ORIENTED_EDGE('',*,*,#8542,.F.);
#7041=ORIENTED_EDGE('',*,*,#8545,.T.);
#7042=ORIENTED_EDGE('',*,*,#8904,.F.);
#7043=ORIENTED_EDGE('',*,*,#8960,.T.);
#7044=ORIENTED_EDGE('',*,*,#8961,.T.);
#7045=ORIENTED_EDGE('',*,*,#8962,.T.);
#7046=ORIENTED_EDGE('',*,*,#8963,.T.);
#7047=ORIENTED_EDGE('',*,*,#8964,.T.);
#7048=ORIENTED_EDGE('',*,*,#8957,.T.);
#7049=ORIENTED_EDGE('',*,*,#8546,.T.);
#7050=ORIENTED_EDGE('',*,*,#8875,.T.);
#7051=ORIENTED_EDGE('',*,*,#8965,.T.);
#7052=ORIENTED_EDGE('',*,*,#8966,.T.);
#7053=ORIENTED_EDGE('',*,*,#8967,.T.);
#7054=ORIENTED_EDGE('',*,*,#8968,.T.);
#7055=ORIENTED_EDGE('',*,*,#8969,.T.);
#7056=ORIENTED_EDGE('',*,*,#8905,.F.);
#7057=ORIENTED_EDGE('',*,*,#8597,.T.);
#7058=ORIENTED_EDGE('',*,*,#8970,.F.);
#7059=ORIENTED_EDGE('',*,*,#8558,.T.);
#7060=ORIENTED_EDGE('',*,*,#8971,.F.);
#7061=ORIENTED_EDGE('',*,*,#8972,.F.);
#7062=ORIENTED_EDGE('',*,*,#8973,.F.);
#7063=ORIENTED_EDGE('',*,*,#8596,.T.);
#7064=ORIENTED_EDGE('',*,*,#8974,.F.);
#7065=ORIENTED_EDGE('',*,*,#8559,.T.);
#7066=ORIENTED_EDGE('',*,*,#8970,.T.);
#7067=ORIENTED_EDGE('',*,*,#8753,.T.);
#7068=ORIENTED_EDGE('',*,*,#8833,.T.);
#7069=ORIENTED_EDGE('',*,*,#8757,.T.);
#7070=ORIENTED_EDGE('',*,*,#8792,.T.);
#7071=ORIENTED_EDGE('',*,*,#8560,.T.);
#7072=ORIENTED_EDGE('',*,*,#8974,.T.);
#7073=ORIENTED_EDGE('',*,*,#8595,.T.);
#7074=ORIENTED_EDGE('',*,*,#8784,.T.);
#7075=ORIENTED_EDGE('',*,*,#8721,.T.);
#7076=ORIENTED_EDGE('',*,*,#8803,.F.);
#7077=ORIENTED_EDGE('',*,*,#8975,.F.);
#7078=ORIENTED_EDGE('',*,*,#8868,.F.);
#7079=ORIENTED_EDGE('',*,*,#8566,.F.);
#7080=ORIENTED_EDGE('',*,*,#8790,.T.);
#7081=ORIENTED_EDGE('',*,*,#8569,.T.);
#7082=ORIENTED_EDGE('',*,*,#8900,.F.);
#7083=ORIENTED_EDGE('',*,*,#8976,.T.);
#7084=ORIENTED_EDGE('',*,*,#8977,.T.);
#7085=ORIENTED_EDGE('',*,*,#8978,.T.);
#7086=ORIENTED_EDGE('',*,*,#8979,.T.);
#7087=ORIENTED_EDGE('',*,*,#8980,.T.);
#7088=ORIENTED_EDGE('',*,*,#8971,.T.);
#7089=ORIENTED_EDGE('',*,*,#8570,.T.);
#7090=ORIENTED_EDGE('',*,*,#8981,.F.);
#7091=ORIENTED_EDGE('',*,*,#8982,.F.);
#7092=ORIENTED_EDGE('',*,*,#8983,.F.);
#7093=ORIENTED_EDGE('',*,*,#8984,.F.);
#7094=ORIENTED_EDGE('',*,*,#8985,.F.);
#7095=ORIENTED_EDGE('',*,*,#8986,.F.);
#7096=ORIENTED_EDGE('',*,*,#8987,.F.);
#7097=ORIENTED_EDGE('',*,*,#8988,.F.);
#7098=ORIENTED_EDGE('',*,*,#8571,.T.);
#7099=ORIENTED_EDGE('',*,*,#8986,.T.);
#7100=ORIENTED_EDGE('',*,*,#8989,.T.);
#7101=ORIENTED_EDGE('',*,*,#8990,.T.);
#7102=ORIENTED_EDGE('',*,*,#8991,.T.);
#7103=ORIENTED_EDGE('',*,*,#8992,.T.);
#7104=ORIENTED_EDGE('',*,*,#8837,.T.);
#7105=ORIENTED_EDGE('',*,*,#8749,.T.);
#7106=ORIENTED_EDGE('',*,*,#8788,.T.);
#7107=ORIENTED_EDGE('',*,*,#8572,.T.);
#7108=ORIENTED_EDGE('',*,*,#8988,.T.);
#7109=ORIENTED_EDGE('',*,*,#8786,.T.);
#7110=ORIENTED_EDGE('',*,*,#8589,.F.);
#7111=ORIENTED_EDGE('',*,*,#8871,.F.);
#7112=ORIENTED_EDGE('',*,*,#8578,.F.);
#7113=ORIENTED_EDGE('',*,*,#8581,.T.);
#7114=ORIENTED_EDGE('',*,*,#8897,.F.);
#7115=ORIENTED_EDGE('',*,*,#8993,.T.);
#7116=ORIENTED_EDGE('',*,*,#8994,.T.);
#7117=ORIENTED_EDGE('',*,*,#8995,.T.);
#7118=ORIENTED_EDGE('',*,*,#8894,.F.);
#7119=ORIENTED_EDGE('',*,*,#8996,.T.);
#7120=ORIENTED_EDGE('',*,*,#8997,.T.);
#7121=ORIENTED_EDGE('',*,*,#8998,.T.);
#7122=ORIENTED_EDGE('',*,*,#8999,.T.);
#7123=ORIENTED_EDGE('',*,*,#9000,.T.);
#7124=ORIENTED_EDGE('',*,*,#8582,.T.);
#7125=ORIENTED_EDGE('',*,*,#9000,.F.);
#7126=ORIENTED_EDGE('',*,*,#9001,.F.);
#7127=ORIENTED_EDGE('',*,*,#9002,.F.);
#7128=ORIENTED_EDGE('',*,*,#9003,.T.);
#7129=ORIENTED_EDGE('',*,*,#9004,.T.);
#7130=ORIENTED_EDGE('',*,*,#8583,.T.);
#7131=ORIENTED_EDGE('',*,*,#9004,.F.);
#7132=ORIENTED_EDGE('',*,*,#9005,.T.);
#7133=ORIENTED_EDGE('',*,*,#9006,.T.);
#7134=ORIENTED_EDGE('',*,*,#8584,.T.);
#7135=ORIENTED_EDGE('',*,*,#9006,.F.);
#7136=ORIENTED_EDGE('',*,*,#9007,.F.);
#7137=ORIENTED_EDGE('',*,*,#9008,.F.);
#7138=ORIENTED_EDGE('',*,*,#9009,.T.);
#7139=ORIENTED_EDGE('',*,*,#9010,.F.);
#7140=ORIENTED_EDGE('',*,*,#8585,.T.);
#7141=ORIENTED_EDGE('',*,*,#9010,.T.);
#7142=ORIENTED_EDGE('',*,*,#9011,.T.);
#7143=ORIENTED_EDGE('',*,*,#9012,.T.);
#7144=ORIENTED_EDGE('',*,*,#9013,.T.);
#7145=ORIENTED_EDGE('',*,*,#9014,.T.);
#7146=ORIENTED_EDGE('',*,*,#8984,.T.);
#7147=ORIENTED_EDGE('',*,*,#9015,.T.);
#7148=ORIENTED_EDGE('',*,*,#9016,.T.);
#7149=ORIENTED_EDGE('',*,*,#9017,.T.);
#7150=ORIENTED_EDGE('',*,*,#8981,.T.);
#7151=ORIENTED_EDGE('',*,*,#8586,.T.);
#7152=ORIENTED_EDGE('',*,*,#8973,.T.);
#7153=ORIENTED_EDGE('',*,*,#9018,.T.);
#7154=ORIENTED_EDGE('',*,*,#9019,.T.);
#7155=ORIENTED_EDGE('',*,*,#9020,.T.);
#7156=ORIENTED_EDGE('',*,*,#9021,.T.);
#7157=ORIENTED_EDGE('',*,*,#9022,.T.);
#7158=ORIENTED_EDGE('',*,*,#8898,.F.);
#7159=ORIENTED_EDGE('',*,*,#8712,.T.);
#7160=ORIENTED_EDGE('',*,*,#8610,.F.);
#7161=ORIENTED_EDGE('',*,*,#9023,.F.);
#7162=ORIENTED_EDGE('',*,*,#9024,.F.);
#7163=ORIENTED_EDGE('',*,*,#9025,.F.);
#7164=ORIENTED_EDGE('',*,*,#8598,.F.);
#7165=ORIENTED_EDGE('',*,*,#8877,.F.);
#7166=ORIENTED_EDGE('',*,*,#8599,.T.);
#7167=ORIENTED_EDGE('',*,*,#9025,.T.);
#7168=ORIENTED_EDGE('',*,*,#9026,.F.);
#7169=ORIENTED_EDGE('',*,*,#9027,.F.);
#7170=ORIENTED_EDGE('',*,*,#9028,.T.);
#7171=ORIENTED_EDGE('',*,*,#8601,.T.);
#7172=ORIENTED_EDGE('',*,*,#8913,.T.);
#7173=ORIENTED_EDGE('',*,*,#9029,.T.);
#7174=ORIENTED_EDGE('',*,*,#9030,.T.);
#7175=ORIENTED_EDGE('',*,*,#9031,.F.);
#7176=ORIENTED_EDGE('',*,*,#9032,.F.);
#7177=ORIENTED_EDGE('',*,*,#8813,.F.);
#7178=ORIENTED_EDGE('',*,*,#8724,.T.);
#7179=ORIENTED_EDGE('',*,*,#8714,.T.);
#7180=ORIENTED_EDGE('',*,*,#8602,.T.);
#7181=ORIENTED_EDGE('',*,*,#9028,.F.);
#7182=ORIENTED_EDGE('',*,*,#8879,.F.);
#7183=ORIENTED_EDGE('',*,*,#9033,.T.);
#7184=ORIENTED_EDGE('',*,*,#9023,.T.);
#7185=ORIENTED_EDGE('',*,*,#8609,.F.);
#7186=ORIENTED_EDGE('',*,*,#8730,.T.);
#7187=ORIENTED_EDGE('',*,*,#8706,.T.);
#7188=ORIENTED_EDGE('',*,*,#8619,.T.);
#7189=ORIENTED_EDGE('',*,*,#9034,.F.);
#7190=ORIENTED_EDGE('',*,*,#8616,.T.);
#7191=ORIENTED_EDGE('',*,*,#8710,.T.);
#7192=ORIENTED_EDGE('',*,*,#8728,.T.);
#7193=ORIENTED_EDGE('',*,*,#8857,.F.);
#7194=ORIENTED_EDGE('',*,*,#8617,.T.);
#7195=ORIENTED_EDGE('',*,*,#9034,.T.);
#7196=ORIENTED_EDGE('',*,*,#8618,.T.);
#7197=ORIENTED_EDGE('',*,*,#8880,.T.);
#7198=ORIENTED_EDGE('',*,*,#8704,.T.);
#7199=ORIENTED_EDGE('',*,*,#8630,.F.);
#7200=ORIENTED_EDGE('',*,*,#9035,.F.);
#7201=ORIENTED_EDGE('',*,*,#9036,.F.);
#7202=ORIENTED_EDGE('',*,*,#9037,.F.);
#7203=ORIENTED_EDGE('',*,*,#8625,.F.);
#7204=ORIENTED_EDGE('',*,*,#8881,.F.);
#7205=ORIENTED_EDGE('',*,*,#8626,.T.);
#7206=ORIENTED_EDGE('',*,*,#9037,.T.);
#7207=ORIENTED_EDGE('',*,*,#9038,.F.);
#7208=ORIENTED_EDGE('',*,*,#8883,.F.);
#7209=ORIENTED_EDGE('',*,*,#9039,.T.);
#7210=ORIENTED_EDGE('',*,*,#9035,.T.);
#7211=ORIENTED_EDGE('',*,*,#8629,.F.);
#7212=ORIENTED_EDGE('',*,*,#8736,.T.);
#7213=ORIENTED_EDGE('',*,*,#8681,.T.);
#7214=ORIENTED_EDGE('',*,*,#8675,.T.);
#7215=ORIENTED_EDGE('',*,*,#8782,.F.);
#7216=ORIENTED_EDGE('',*,*,#8636,.T.);
#7217=ORIENTED_EDGE('',*,*,#8702,.T.);
#7218=ORIENTED_EDGE('',*,*,#8734,.T.);
#7219=ORIENTED_EDGE('',*,*,#8853,.F.);
#7220=ORIENTED_EDGE('',*,*,#8887,.F.);
#7221=ORIENTED_EDGE('',*,*,#9040,.T.);
#7222=ORIENTED_EDGE('',*,*,#9041,.T.);
#7223=ORIENTED_EDGE('',*,*,#8639,.F.);
#7224=ORIENTED_EDGE('',*,*,#8698,.T.);
#7225=ORIENTED_EDGE('',*,*,#8695,.T.);
#7226=ORIENTED_EDGE('',*,*,#8640,.F.);
#7227=ORIENTED_EDGE('',*,*,#9041,.F.);
#7228=ORIENTED_EDGE('',*,*,#9042,.F.);
#7229=ORIENTED_EDGE('',*,*,#9043,.F.);
#7230=ORIENTED_EDGE('',*,*,#9044,.F.);
#7231=ORIENTED_EDGE('',*,*,#8779,.F.);
#7232=ORIENTED_EDGE('',*,*,#8742,.T.);
#7233=ORIENTED_EDGE('',*,*,#8689,.T.);
#7234=ORIENTED_EDGE('',*,*,#8652,.T.);
#7235=ORIENTED_EDGE('',*,*,#9045,.F.);
#7236=ORIENTED_EDGE('',*,*,#8646,.T.);
#7237=ORIENTED_EDGE('',*,*,#8693,.T.);
#7238=ORIENTED_EDGE('',*,*,#8740,.T.);
#7239=ORIENTED_EDGE('',*,*,#8849,.F.);
#7240=ORIENTED_EDGE('',*,*,#8888,.T.);
#7241=ORIENTED_EDGE('',*,*,#8647,.T.);
#7242=ORIENTED_EDGE('',*,*,#9045,.T.);
#7243=ORIENTED_EDGE('',*,*,#8651,.T.);
#7244=ORIENTED_EDGE('',*,*,#8687,.T.);
#7245=ORIENTED_EDGE('',*,*,#8660,.F.);
#7246=ORIENTED_EDGE('',*,*,#9046,.F.);
#7247=ORIENTED_EDGE('',*,*,#9047,.F.);
#7248=ORIENTED_EDGE('',*,*,#9048,.F.);
#7249=ORIENTED_EDGE('',*,*,#8648,.F.);
#7250=ORIENTED_EDGE('',*,*,#8889,.F.);
#7251=ORIENTED_EDGE('',*,*,#8649,.T.);
#7252=ORIENTED_EDGE('',*,*,#9048,.T.);
#7253=ORIENTED_EDGE('',*,*,#9049,.F.);
#7254=ORIENTED_EDGE('',*,*,#8891,.F.);
#7255=ORIENTED_EDGE('',*,*,#9050,.T.);
#7256=ORIENTED_EDGE('',*,*,#9046,.T.);
#7257=ORIENTED_EDGE('',*,*,#8659,.F.);
#7258=ORIENTED_EDGE('',*,*,#9051,.F.);
#7259=ORIENTED_EDGE('',*,*,#9052,.F.);
#7260=ORIENTED_EDGE('',*,*,#8666,.T.);
#7261=ORIENTED_EDGE('',*,*,#8685,.T.);
#7262=ORIENTED_EDGE('',*,*,#8746,.T.);
#7263=ORIENTED_EDGE('',*,*,#8845,.F.);
#7264=ORIENTED_EDGE('',*,*,#9053,.F.);
#7265=ORIENTED_EDGE('',*,*,#9054,.T.);
#7266=ORIENTED_EDGE('',*,*,#9055,.T.);
#7267=ORIENTED_EDGE('',*,*,#9056,.T.);
#7268=ORIENTED_EDGE('',*,*,#8892,.T.);
#7269=ORIENTED_EDGE('',*,*,#8667,.T.);
#7270=ORIENTED_EDGE('',*,*,#9052,.T.);
#7271=ORIENTED_EDGE('',*,*,#8780,.F.);
#7272=ORIENTED_EDGE('',*,*,#9044,.T.);
#7273=ORIENTED_EDGE('',*,*,#9057,.F.);
#7274=ORIENTED_EDGE('',*,*,#8884,.F.);
#7275=ORIENTED_EDGE('',*,*,#9058,.F.);
#7276=ORIENTED_EDGE('',*,*,#8901,.F.);
#7277=ORIENTED_EDGE('',*,*,#8869,.F.);
#7278=ORIENTED_EDGE('',*,*,#8975,.T.);
#7279=ORIENTED_EDGE('',*,*,#8802,.F.);
#7280=ORIENTED_EDGE('',*,*,#8956,.F.);
#7281=ORIENTED_EDGE('',*,*,#9059,.F.);
#7282=ORIENTED_EDGE('',*,*,#8814,.T.);
#7283=ORIENTED_EDGE('',*,*,#9032,.T.);
#7284=ORIENTED_EDGE('',*,*,#9027,.T.);
#7285=ORIENTED_EDGE('',*,*,#9059,.T.);
#7286=ORIENTED_EDGE('',*,*,#9031,.T.);
#7287=ORIENTED_EDGE('',*,*,#9060,.T.);
#7288=ORIENTED_EDGE('',*,*,#9061,.T.);
#7289=ORIENTED_EDGE('',*,*,#9062,.T.);
#7290=ORIENTED_EDGE('',*,*,#8936,.T.);
#7291=ORIENTED_EDGE('',*,*,#9063,.T.);
#7292=ORIENTED_EDGE('',*,*,#8930,.T.);
#7293=ORIENTED_EDGE('',*,*,#9064,.T.);
#7294=ORIENTED_EDGE('',*,*,#9065,.T.);
#7295=ORIENTED_EDGE('',*,*,#9066,.T.);
#7296=ORIENTED_EDGE('',*,*,#8949,.T.);
#7297=ORIENTED_EDGE('',*,*,#9067,.F.);
#7298=ORIENTED_EDGE('',*,*,#8819,.F.);
#7299=ORIENTED_EDGE('',*,*,#9068,.T.);
#7300=ORIENTED_EDGE('',*,*,#9069,.T.);
#7301=ORIENTED_EDGE('',*,*,#9070,.T.);
#7302=ORIENTED_EDGE('',*,*,#8815,.F.);
#7303=ORIENTED_EDGE('',*,*,#9070,.F.);
#7304=ORIENTED_EDGE('',*,*,#9071,.F.);
#7305=ORIENTED_EDGE('',*,*,#9072,.T.);
#7306=ORIENTED_EDGE('',*,*,#8816,.F.);
#7307=ORIENTED_EDGE('',*,*,#8817,.F.);
#7308=ORIENTED_EDGE('',*,*,#9072,.F.);
#7309=ORIENTED_EDGE('',*,*,#9073,.F.);
#7310=ORIENTED_EDGE('',*,*,#9074,.T.);
#7311=ORIENTED_EDGE('',*,*,#9068,.F.);
#7312=ORIENTED_EDGE('',*,*,#8818,.F.);
#7313=ORIENTED_EDGE('',*,*,#9074,.F.);
#7314=ORIENTED_EDGE('',*,*,#9075,.F.);
#7315=ORIENTED_EDGE('',*,*,#9067,.T.);
#7316=ORIENTED_EDGE('',*,*,#8948,.T.);
#7317=ORIENTED_EDGE('',*,*,#8946,.F.);
#7318=ORIENTED_EDGE('',*,*,#8820,.T.);
#7319=ORIENTED_EDGE('',*,*,#9076,.T.);
#7320=ORIENTED_EDGE('',*,*,#8838,.T.);
#7321=ORIENTED_EDGE('',*,*,#8992,.F.);
#7322=ORIENTED_EDGE('',*,*,#8987,.T.);
#7323=ORIENTED_EDGE('',*,*,#9077,.T.);
#7324=ORIENTED_EDGE('',*,*,#8843,.T.);
#7325=ORIENTED_EDGE('',*,*,#9078,.T.);
#7326=ORIENTED_EDGE('',*,*,#9079,.T.);
#7327=ORIENTED_EDGE('',*,*,#9080,.T.);
#7328=ORIENTED_EDGE('',*,*,#8839,.T.);
#7329=ORIENTED_EDGE('',*,*,#9076,.F.);
#7330=ORIENTED_EDGE('',*,*,#8991,.F.);
#7331=ORIENTED_EDGE('',*,*,#9081,.T.);
#7332=ORIENTED_EDGE('',*,*,#9082,.T.);
#7333=ORIENTED_EDGE('',*,*,#9083,.T.);
#7334=ORIENTED_EDGE('',*,*,#9008,.T.);
#7335=ORIENTED_EDGE('',*,*,#9084,.T.);
#7336=ORIENTED_EDGE('',*,*,#9002,.T.);
#7337=ORIENTED_EDGE('',*,*,#9085,.T.);
#7338=ORIENTED_EDGE('',*,*,#9086,.T.);
#7339=ORIENTED_EDGE('',*,*,#9087,.T.);
#7340=ORIENTED_EDGE('',*,*,#9054,.F.);
#7341=ORIENTED_EDGE('',*,*,#8840,.F.);
#7342=ORIENTED_EDGE('',*,*,#9080,.F.);
#7343=ORIENTED_EDGE('',*,*,#9088,.F.);
#7344=ORIENTED_EDGE('',*,*,#9089,.T.);
#7345=ORIENTED_EDGE('',*,*,#8841,.F.);
#7346=ORIENTED_EDGE('',*,*,#9089,.F.);
#7347=ORIENTED_EDGE('',*,*,#9090,.F.);
#7348=ORIENTED_EDGE('',*,*,#9091,.T.);
#7349=ORIENTED_EDGE('',*,*,#8842,.F.);
#7350=ORIENTED_EDGE('',*,*,#9091,.F.);
#7351=ORIENTED_EDGE('',*,*,#9092,.F.);
#7352=ORIENTED_EDGE('',*,*,#9078,.F.);
#7353=ORIENTED_EDGE('',*,*,#9077,.F.);
#7354=ORIENTED_EDGE('',*,*,#9053,.T.);
#7355=ORIENTED_EDGE('',*,*,#9051,.T.);
#7356=ORIENTED_EDGE('',*,*,#8844,.T.);
#7357=ORIENTED_EDGE('',*,*,#8858,.T.);
#7358=ORIENTED_EDGE('',*,*,#9093,.F.);
#7359=ORIENTED_EDGE('',*,*,#9094,.T.);
#7360=ORIENTED_EDGE('',*,*,#8859,.F.);
#7361=ORIENTED_EDGE('',*,*,#9095,.T.);
#7362=ORIENTED_EDGE('',*,*,#8860,.F.);
#7363=ORIENTED_EDGE('',*,*,#9096,.T.);
#7364=ORIENTED_EDGE('',*,*,#8861,.F.);
#7365=ORIENTED_EDGE('',*,*,#9097,.T.);
#7366=ORIENTED_EDGE('',*,*,#8862,.F.);
#7367=ORIENTED_EDGE('',*,*,#8965,.F.);
#7368=ORIENTED_EDGE('',*,*,#8874,.T.);
#7369=ORIENTED_EDGE('',*,*,#8918,.F.);
#7370=ORIENTED_EDGE('',*,*,#9098,.F.);
#7371=ORIENTED_EDGE('',*,*,#9099,.T.);
#7372=ORIENTED_EDGE('',*,*,#8878,.F.);
#7373=ORIENTED_EDGE('',*,*,#9026,.T.);
#7374=ORIENTED_EDGE('',*,*,#9024,.T.);
#7375=ORIENTED_EDGE('',*,*,#9033,.F.);
#7376=ORIENTED_EDGE('',*,*,#8882,.F.);
#7377=ORIENTED_EDGE('',*,*,#9038,.T.);
#7378=ORIENTED_EDGE('',*,*,#9036,.T.);
#7379=ORIENTED_EDGE('',*,*,#9039,.F.);
#7380=ORIENTED_EDGE('',*,*,#8885,.F.);
#7381=ORIENTED_EDGE('',*,*,#9057,.T.);
#7382=ORIENTED_EDGE('',*,*,#9043,.T.);
#7383=ORIENTED_EDGE('',*,*,#9100,.F.);
#7384=ORIENTED_EDGE('',*,*,#8886,.F.);
#7385=ORIENTED_EDGE('',*,*,#9100,.T.);
#7386=ORIENTED_EDGE('',*,*,#9042,.T.);
#7387=ORIENTED_EDGE('',*,*,#9040,.F.);
#7388=ORIENTED_EDGE('',*,*,#8890,.F.);
#7389=ORIENTED_EDGE('',*,*,#9049,.T.);
#7390=ORIENTED_EDGE('',*,*,#9047,.T.);
#7391=ORIENTED_EDGE('',*,*,#9050,.F.);
#7392=ORIENTED_EDGE('',*,*,#9101,.T.);
#7393=ORIENTED_EDGE('',*,*,#8996,.F.);
#7394=ORIENTED_EDGE('',*,*,#8893,.F.);
#7395=ORIENTED_EDGE('',*,*,#9056,.F.);
#7396=ORIENTED_EDGE('',*,*,#8995,.F.);
#7397=ORIENTED_EDGE('',*,*,#9102,.T.);
#7398=ORIENTED_EDGE('',*,*,#9103,.T.);
#7399=ORIENTED_EDGE('',*,*,#8895,.T.);
#7400=ORIENTED_EDGE('',*,*,#8993,.F.);
#7401=ORIENTED_EDGE('',*,*,#8896,.F.);
#7402=ORIENTED_EDGE('',*,*,#9103,.F.);
#7403=ORIENTED_EDGE('',*,*,#9104,.T.);
#7404=ORIENTED_EDGE('',*,*,#9105,.T.);
#7405=ORIENTED_EDGE('',*,*,#9106,.T.);
#7406=ORIENTED_EDGE('',*,*,#9107,.T.);
#7407=ORIENTED_EDGE('',*,*,#9108,.T.);
#7408=ORIENTED_EDGE('',*,*,#9109,.T.);
#7409=ORIENTED_EDGE('',*,*,#9110,.T.);
#7410=ORIENTED_EDGE('',*,*,#9111,.T.);
#7411=ORIENTED_EDGE('',*,*,#9112,.T.);
#7412=ORIENTED_EDGE('',*,*,#9113,.T.);
#7413=ORIENTED_EDGE('',*,*,#9114,.T.);
#7414=ORIENTED_EDGE('',*,*,#9115,.T.);
#7415=ORIENTED_EDGE('',*,*,#9116,.T.);
#7416=ORIENTED_EDGE('',*,*,#9022,.F.);
#7417=ORIENTED_EDGE('',*,*,#9117,.T.);
#7418=ORIENTED_EDGE('',*,*,#8976,.F.);
#7419=ORIENTED_EDGE('',*,*,#8899,.F.);
#7420=ORIENTED_EDGE('',*,*,#9118,.T.);
#7421=ORIENTED_EDGE('',*,*,#9058,.T.);
#7422=ORIENTED_EDGE('',*,*,#8959,.T.);
#7423=ORIENTED_EDGE('',*,*,#9119,.T.);
#7424=ORIENTED_EDGE('',*,*,#9120,.T.);
#7425=ORIENTED_EDGE('',*,*,#9121,.T.);
#7426=ORIENTED_EDGE('',*,*,#9122,.T.);
#7427=ORIENTED_EDGE('',*,*,#9123,.T.);
#7428=ORIENTED_EDGE('',*,*,#8902,.F.);
#7429=ORIENTED_EDGE('',*,*,#9123,.F.);
#7430=ORIENTED_EDGE('',*,*,#9124,.T.);
#7431=ORIENTED_EDGE('',*,*,#8960,.F.);
#7432=ORIENTED_EDGE('',*,*,#8903,.F.);
#7433=ORIENTED_EDGE('',*,*,#9125,.T.);
#7434=ORIENTED_EDGE('',*,*,#9126,.T.);
#7435=ORIENTED_EDGE('',*,*,#9127,.T.);
#7436=ORIENTED_EDGE('',*,*,#9128,.T.);
#7437=ORIENTED_EDGE('',*,*,#9129,.T.);
#7438=ORIENTED_EDGE('',*,*,#9130,.T.);
#7439=ORIENTED_EDGE('',*,*,#9131,.T.);
#7440=ORIENTED_EDGE('',*,*,#9132,.T.);
#7441=ORIENTED_EDGE('',*,*,#9133,.T.);
#7442=ORIENTED_EDGE('',*,*,#9134,.T.);
#7443=ORIENTED_EDGE('',*,*,#9135,.T.);
#7444=ORIENTED_EDGE('',*,*,#9136,.T.);
#7445=ORIENTED_EDGE('',*,*,#8969,.F.);
#7446=ORIENTED_EDGE('',*,*,#9137,.T.);
#7447=ORIENTED_EDGE('',*,*,#8914,.F.);
#7448=ORIENTED_EDGE('',*,*,#8906,.F.);
#7449=ORIENTED_EDGE('',*,*,#9138,.T.);
#7450=ORIENTED_EDGE('',*,*,#9139,.T.);
#7451=ORIENTED_EDGE('',*,*,#9140,.T.);
#7452=ORIENTED_EDGE('',*,*,#9141,.T.);
#7453=ORIENTED_EDGE('',*,*,#9142,.T.);
#7454=ORIENTED_EDGE('',*,*,#9143,.T.);
#7455=ORIENTED_EDGE('',*,*,#9144,.T.);
#7456=ORIENTED_EDGE('',*,*,#9145,.T.);
#7457=ORIENTED_EDGE('',*,*,#8909,.F.);
#7458=ORIENTED_EDGE('',*,*,#8945,.F.);
#7459=ORIENTED_EDGE('',*,*,#9146,.T.);
#7460=ORIENTED_EDGE('',*,*,#9147,.T.);
#7461=ORIENTED_EDGE('',*,*,#9148,.T.);
#7462=ORIENTED_EDGE('',*,*,#9149,.T.);
#7463=ORIENTED_EDGE('',*,*,#9150,.T.);
#7464=ORIENTED_EDGE('',*,*,#9151,.T.);
#7465=ORIENTED_EDGE('',*,*,#9152,.T.);
#7466=ORIENTED_EDGE('',*,*,#8943,.F.);
#7467=ORIENTED_EDGE('',*,*,#8910,.F.);
#7468=ORIENTED_EDGE('',*,*,#9145,.F.);
#7469=ORIENTED_EDGE('',*,*,#9153,.F.);
#7470=ORIENTED_EDGE('',*,*,#9154,.F.);
#7471=ORIENTED_EDGE('',*,*,#9155,.T.);
#7472=ORIENTED_EDGE('',*,*,#9147,.F.);
#7473=ORIENTED_EDGE('',*,*,#9156,.F.);
#7474=ORIENTED_EDGE('',*,*,#9157,.T.);
#7475=ORIENTED_EDGE('',*,*,#9029,.F.);
#7476=ORIENTED_EDGE('',*,*,#8912,.F.);
#7477=ORIENTED_EDGE('',*,*,#8942,.T.);
#7478=ORIENTED_EDGE('',*,*,#8968,.F.);
#7479=ORIENTED_EDGE('',*,*,#9158,.T.);
#7480=ORIENTED_EDGE('',*,*,#8915,.F.);
#7481=ORIENTED_EDGE('',*,*,#9137,.F.);
#7482=ORIENTED_EDGE('',*,*,#8967,.F.);
#7483=ORIENTED_EDGE('',*,*,#9159,.T.);
#7484=ORIENTED_EDGE('',*,*,#8916,.F.);
#7485=ORIENTED_EDGE('',*,*,#9158,.F.);
#7486=ORIENTED_EDGE('',*,*,#8966,.F.);
#7487=ORIENTED_EDGE('',*,*,#9098,.T.);
#7488=ORIENTED_EDGE('',*,*,#8917,.F.);
#7489=ORIENTED_EDGE('',*,*,#9159,.F.);
#7490=ORIENTED_EDGE('',*,*,#8920,.F.);
#7491=ORIENTED_EDGE('',*,*,#8955,.T.);
#7492=ORIENTED_EDGE('',*,*,#9160,.T.);
#7493=ORIENTED_EDGE('',*,*,#9161,.F.);
#7494=ORIENTED_EDGE('',*,*,#9162,.T.);
#7495=ORIENTED_EDGE('',*,*,#9163,.T.);
#7496=ORIENTED_EDGE('',*,*,#9164,.T.);
#7497=ORIENTED_EDGE('',*,*,#9165,.T.);
#7498=ORIENTED_EDGE('',*,*,#8921,.F.);
#7499=ORIENTED_EDGE('',*,*,#9161,.T.);
#7500=ORIENTED_EDGE('',*,*,#9166,.T.);
#7501=ORIENTED_EDGE('',*,*,#8922,.F.);
#7502=ORIENTED_EDGE('',*,*,#9166,.F.);
#7503=ORIENTED_EDGE('',*,*,#9160,.F.);
#7504=ORIENTED_EDGE('',*,*,#8954,.F.);
#7505=ORIENTED_EDGE('',*,*,#9167,.T.);
#7506=ORIENTED_EDGE('',*,*,#8924,.T.);
#7507=ORIENTED_EDGE('',*,*,#8953,.T.);
#7508=ORIENTED_EDGE('',*,*,#8951,.F.);
#7509=ORIENTED_EDGE('',*,*,#8950,.F.);
#7510=ORIENTED_EDGE('',*,*,#9066,.F.);
#7511=ORIENTED_EDGE('',*,*,#9168,.F.);
#7512=ORIENTED_EDGE('',*,*,#8925,.F.);
#7513=ORIENTED_EDGE('',*,*,#9167,.F.);
#7514=ORIENTED_EDGE('',*,*,#9065,.F.);
#7515=ORIENTED_EDGE('',*,*,#9169,.F.);
#7516=ORIENTED_EDGE('',*,*,#8926,.F.);
#7517=ORIENTED_EDGE('',*,*,#9168,.T.);
#7518=ORIENTED_EDGE('',*,*,#9064,.F.);
#7519=ORIENTED_EDGE('',*,*,#8929,.F.);
#7520=ORIENTED_EDGE('',*,*,#8927,.F.);
#7521=ORIENTED_EDGE('',*,*,#9169,.T.);
#7522=ORIENTED_EDGE('',*,*,#9063,.F.);
#7523=ORIENTED_EDGE('',*,*,#8935,.F.);
#7524=ORIENTED_EDGE('',*,*,#8933,.F.);
#7525=ORIENTED_EDGE('',*,*,#8931,.T.);
#7526=ORIENTED_EDGE('',*,*,#9062,.F.);
#7527=ORIENTED_EDGE('',*,*,#9170,.F.);
#7528=ORIENTED_EDGE('',*,*,#8939,.F.);
#7529=ORIENTED_EDGE('',*,*,#8937,.T.);
#7530=ORIENTED_EDGE('',*,*,#9061,.F.);
#7531=ORIENTED_EDGE('',*,*,#9171,.F.);
#7532=ORIENTED_EDGE('',*,*,#8940,.F.);
#7533=ORIENTED_EDGE('',*,*,#9170,.T.);
#7534=ORIENTED_EDGE('',*,*,#9030,.F.);
#7535=ORIENTED_EDGE('',*,*,#9157,.F.);
#7536=ORIENTED_EDGE('',*,*,#8941,.F.);
#7537=ORIENTED_EDGE('',*,*,#9171,.T.);
#7538=ORIENTED_EDGE('',*,*,#9060,.F.);
#7539=ORIENTED_EDGE('',*,*,#8944,.F.);
#7540=ORIENTED_EDGE('',*,*,#9156,.T.);
#7541=ORIENTED_EDGE('',*,*,#9146,.F.);
#7542=ORIENTED_EDGE('',*,*,#9119,.F.);
#7543=ORIENTED_EDGE('',*,*,#8958,.T.);
#7544=ORIENTED_EDGE('',*,*,#8964,.F.);
#7545=ORIENTED_EDGE('',*,*,#9172,.F.);
#7546=ORIENTED_EDGE('',*,*,#9173,.T.);
#7547=ORIENTED_EDGE('',*,*,#9174,.T.);
#7548=ORIENTED_EDGE('',*,*,#9175,.T.);
#7549=ORIENTED_EDGE('',*,*,#9176,.T.);
#7550=ORIENTED_EDGE('',*,*,#9122,.F.);
#7551=ORIENTED_EDGE('',*,*,#9177,.T.);
#7552=ORIENTED_EDGE('',*,*,#8961,.F.);
#7553=ORIENTED_EDGE('',*,*,#9124,.F.);
#7554=ORIENTED_EDGE('',*,*,#9121,.F.);
#7555=ORIENTED_EDGE('',*,*,#9178,.T.);
#7556=ORIENTED_EDGE('',*,*,#8962,.F.);
#7557=ORIENTED_EDGE('',*,*,#9177,.F.);
#7558=ORIENTED_EDGE('',*,*,#9120,.F.);
#7559=ORIENTED_EDGE('',*,*,#9172,.T.);
#7560=ORIENTED_EDGE('',*,*,#8963,.F.);
#7561=ORIENTED_EDGE('',*,*,#9178,.F.);
#7562=ORIENTED_EDGE('',*,*,#9018,.F.);
#7563=ORIENTED_EDGE('',*,*,#8972,.T.);
#7564=ORIENTED_EDGE('',*,*,#8980,.F.);
#7565=ORIENTED_EDGE('',*,*,#9179,.F.);
#7566=ORIENTED_EDGE('',*,*,#9180,.T.);
#7567=ORIENTED_EDGE('',*,*,#9021,.F.);
#7568=ORIENTED_EDGE('',*,*,#9181,.T.);
#7569=ORIENTED_EDGE('',*,*,#8977,.F.);
#7570=ORIENTED_EDGE('',*,*,#9117,.F.);
#7571=ORIENTED_EDGE('',*,*,#9020,.F.);
#7572=ORIENTED_EDGE('',*,*,#9182,.T.);
#7573=ORIENTED_EDGE('',*,*,#8978,.F.);
#7574=ORIENTED_EDGE('',*,*,#9181,.F.);
#7575=ORIENTED_EDGE('',*,*,#9019,.F.);
#7576=ORIENTED_EDGE('',*,*,#9179,.T.);
#7577=ORIENTED_EDGE('',*,*,#8979,.F.);
#7578=ORIENTED_EDGE('',*,*,#9182,.F.);
#7579=ORIENTED_EDGE('',*,*,#9017,.F.);
#7580=ORIENTED_EDGE('',*,*,#9183,.F.);
#7581=ORIENTED_EDGE('',*,*,#9184,.F.);
#7582=ORIENTED_EDGE('',*,*,#8982,.T.);
#7583=ORIENTED_EDGE('',*,*,#9185,.T.);
#7584=ORIENTED_EDGE('',*,*,#9186,.T.);
#7585=ORIENTED_EDGE('',*,*,#9187,.T.);
#7586=ORIENTED_EDGE('',*,*,#9188,.T.);
#7587=ORIENTED_EDGE('',*,*,#9015,.F.);
#7588=ORIENTED_EDGE('',*,*,#8983,.T.);
#7589=ORIENTED_EDGE('',*,*,#9184,.T.);
#7590=ORIENTED_EDGE('',*,*,#9189,.T.);
#7591=ORIENTED_EDGE('',*,*,#9190,.T.);
#7592=ORIENTED_EDGE('',*,*,#8989,.F.);
#7593=ORIENTED_EDGE('',*,*,#8985,.T.);
#7594=ORIENTED_EDGE('',*,*,#9014,.F.);
#7595=ORIENTED_EDGE('',*,*,#9190,.F.);
#7596=ORIENTED_EDGE('',*,*,#9013,.F.);
#7597=ORIENTED_EDGE('',*,*,#9191,.F.);
#7598=ORIENTED_EDGE('',*,*,#9081,.F.);
#7599=ORIENTED_EDGE('',*,*,#8990,.F.);
#7600=ORIENTED_EDGE('',*,*,#8994,.F.);
#7601=ORIENTED_EDGE('',*,*,#9104,.F.);
#7602=ORIENTED_EDGE('',*,*,#9102,.F.);
#7603=ORIENTED_EDGE('',*,*,#9101,.F.);
#7604=ORIENTED_EDGE('',*,*,#9055,.F.);
#7605=ORIENTED_EDGE('',*,*,#9087,.F.);
#7606=ORIENTED_EDGE('',*,*,#9192,.T.);
#7607=ORIENTED_EDGE('',*,*,#8997,.F.);
#7608=ORIENTED_EDGE('',*,*,#8998,.F.);
#7609=ORIENTED_EDGE('',*,*,#9192,.F.);
#7610=ORIENTED_EDGE('',*,*,#9086,.F.);
#7611=ORIENTED_EDGE('',*,*,#9193,.T.);
#7612=ORIENTED_EDGE('',*,*,#8999,.F.);
#7613=ORIENTED_EDGE('',*,*,#9193,.F.);
#7614=ORIENTED_EDGE('',*,*,#9085,.F.);
#7615=ORIENTED_EDGE('',*,*,#9001,.T.);
#7616=ORIENTED_EDGE('',*,*,#9005,.F.);
#7617=ORIENTED_EDGE('',*,*,#9003,.F.);
#7618=ORIENTED_EDGE('',*,*,#9084,.F.);
#7619=ORIENTED_EDGE('',*,*,#9007,.T.);
#7620=ORIENTED_EDGE('',*,*,#9011,.F.);
#7621=ORIENTED_EDGE('',*,*,#9009,.F.);
#7622=ORIENTED_EDGE('',*,*,#9083,.F.);
#7623=ORIENTED_EDGE('',*,*,#9194,.T.);
#7624=ORIENTED_EDGE('',*,*,#9012,.F.);
#7625=ORIENTED_EDGE('',*,*,#9194,.F.);
#7626=ORIENTED_EDGE('',*,*,#9082,.F.);
#7627=ORIENTED_EDGE('',*,*,#9191,.T.);
#7628=ORIENTED_EDGE('',*,*,#9016,.F.);
#7629=ORIENTED_EDGE('',*,*,#9189,.F.);
#7630=ORIENTED_EDGE('',*,*,#9183,.T.);
#7631=ORIENTED_EDGE('',*,*,#9069,.F.);
#7632=ORIENTED_EDGE('',*,*,#9075,.T.);
#7633=ORIENTED_EDGE('',*,*,#9073,.T.);
#7634=ORIENTED_EDGE('',*,*,#9071,.T.);
#7635=ORIENTED_EDGE('',*,*,#9079,.F.);
#7636=ORIENTED_EDGE('',*,*,#9092,.T.);
#7637=ORIENTED_EDGE('',*,*,#9090,.T.);
#7638=ORIENTED_EDGE('',*,*,#9088,.T.);
#7639=ORIENTED_EDGE('',*,*,#9093,.T.);
#7640=ORIENTED_EDGE('',*,*,#9195,.T.);
#7641=ORIENTED_EDGE('',*,*,#9094,.F.);
#7642=ORIENTED_EDGE('',*,*,#9196,.T.);
#7643=ORIENTED_EDGE('',*,*,#9095,.F.);
#7644=ORIENTED_EDGE('',*,*,#9197,.T.);
#7645=ORIENTED_EDGE('',*,*,#9096,.F.);
#7646=ORIENTED_EDGE('',*,*,#9198,.T.);
#7647=ORIENTED_EDGE('',*,*,#9097,.F.);
#7648=ORIENTED_EDGE('',*,*,#9099,.F.);
#7649=ORIENTED_EDGE('',*,*,#9195,.F.);
#7650=ORIENTED_EDGE('',*,*,#9105,.F.);
#7651=ORIENTED_EDGE('',*,*,#9199,.F.);
#7652=ORIENTED_EDGE('',*,*,#9200,.F.);
#7653=ORIENTED_EDGE('',*,*,#9201,.T.);
#7654=ORIENTED_EDGE('',*,*,#9106,.F.);
#7655=ORIENTED_EDGE('',*,*,#9201,.F.);
#7656=ORIENTED_EDGE('',*,*,#9202,.F.);
#7657=ORIENTED_EDGE('',*,*,#9203,.T.);
#7658=ORIENTED_EDGE('',*,*,#9107,.F.);
#7659=ORIENTED_EDGE('',*,*,#9203,.F.);
#7660=ORIENTED_EDGE('',*,*,#9204,.F.);
#7661=ORIENTED_EDGE('',*,*,#9205,.T.);
#7662=ORIENTED_EDGE('',*,*,#9108,.F.);
#7663=ORIENTED_EDGE('',*,*,#9205,.F.);
#7664=ORIENTED_EDGE('',*,*,#9206,.F.);
#7665=ORIENTED_EDGE('',*,*,#9207,.T.);
#7666=ORIENTED_EDGE('',*,*,#9109,.F.);
#7667=ORIENTED_EDGE('',*,*,#9207,.F.);
#7668=ORIENTED_EDGE('',*,*,#9208,.F.);
#7669=ORIENTED_EDGE('',*,*,#9209,.T.);
#7670=ORIENTED_EDGE('',*,*,#9110,.F.);
#7671=ORIENTED_EDGE('',*,*,#9209,.F.);
#7672=ORIENTED_EDGE('',*,*,#9210,.F.);
#7673=ORIENTED_EDGE('',*,*,#9211,.T.);
#7674=ORIENTED_EDGE('',*,*,#9111,.F.);
#7675=ORIENTED_EDGE('',*,*,#9211,.F.);
#7676=ORIENTED_EDGE('',*,*,#9212,.F.);
#7677=ORIENTED_EDGE('',*,*,#9213,.T.);
#7678=ORIENTED_EDGE('',*,*,#9112,.F.);
#7679=ORIENTED_EDGE('',*,*,#9213,.F.);
#7680=ORIENTED_EDGE('',*,*,#9214,.F.);
#7681=ORIENTED_EDGE('',*,*,#9215,.T.);
#7682=ORIENTED_EDGE('',*,*,#9113,.F.);
#7683=ORIENTED_EDGE('',*,*,#9215,.F.);
#7684=ORIENTED_EDGE('',*,*,#9216,.F.);
#7685=ORIENTED_EDGE('',*,*,#9217,.T.);
#7686=ORIENTED_EDGE('',*,*,#9114,.F.);
#7687=ORIENTED_EDGE('',*,*,#9217,.F.);
#7688=ORIENTED_EDGE('',*,*,#9218,.F.);
#7689=ORIENTED_EDGE('',*,*,#9219,.T.);
#7690=ORIENTED_EDGE('',*,*,#9115,.F.);
#7691=ORIENTED_EDGE('',*,*,#9219,.F.);
#7692=ORIENTED_EDGE('',*,*,#9220,.F.);
#7693=ORIENTED_EDGE('',*,*,#9221,.T.);
#7694=ORIENTED_EDGE('',*,*,#9116,.F.);
#7695=ORIENTED_EDGE('',*,*,#9221,.F.);
#7696=ORIENTED_EDGE('',*,*,#9222,.F.);
#7697=ORIENTED_EDGE('',*,*,#9199,.T.);
#7698=ORIENTED_EDGE('',*,*,#9118,.F.);
#7699=ORIENTED_EDGE('',*,*,#9197,.F.);
#7700=ORIENTED_EDGE('',*,*,#9125,.F.);
#7701=ORIENTED_EDGE('',*,*,#9223,.F.);
#7702=ORIENTED_EDGE('',*,*,#9224,.F.);
#7703=ORIENTED_EDGE('',*,*,#9225,.T.);
#7704=ORIENTED_EDGE('',*,*,#9126,.F.);
#7705=ORIENTED_EDGE('',*,*,#9225,.F.);
#7706=ORIENTED_EDGE('',*,*,#9226,.F.);
#7707=ORIENTED_EDGE('',*,*,#9227,.T.);
#7708=ORIENTED_EDGE('',*,*,#9127,.F.);
#7709=ORIENTED_EDGE('',*,*,#9227,.F.);
#7710=ORIENTED_EDGE('',*,*,#9228,.F.);
#7711=ORIENTED_EDGE('',*,*,#9229,.T.);
#7712=ORIENTED_EDGE('',*,*,#9128,.F.);
#7713=ORIENTED_EDGE('',*,*,#9229,.F.);
#7714=ORIENTED_EDGE('',*,*,#9230,.F.);
#7715=ORIENTED_EDGE('',*,*,#9231,.T.);
#7716=ORIENTED_EDGE('',*,*,#9129,.F.);
#7717=ORIENTED_EDGE('',*,*,#9231,.F.);
#7718=ORIENTED_EDGE('',*,*,#9232,.F.);
#7719=ORIENTED_EDGE('',*,*,#9233,.T.);
#7720=ORIENTED_EDGE('',*,*,#9130,.F.);
#7721=ORIENTED_EDGE('',*,*,#9233,.F.);
#7722=ORIENTED_EDGE('',*,*,#9234,.F.);
#7723=ORIENTED_EDGE('',*,*,#9235,.T.);
#7724=ORIENTED_EDGE('',*,*,#9131,.F.);
#7725=ORIENTED_EDGE('',*,*,#9235,.F.);
#7726=ORIENTED_EDGE('',*,*,#9236,.F.);
#7727=ORIENTED_EDGE('',*,*,#9237,.T.);
#7728=ORIENTED_EDGE('',*,*,#9132,.F.);
#7729=ORIENTED_EDGE('',*,*,#9237,.F.);
#7730=ORIENTED_EDGE('',*,*,#9238,.F.);
#7731=ORIENTED_EDGE('',*,*,#9239,.T.);
#7732=ORIENTED_EDGE('',*,*,#9133,.F.);
#7733=ORIENTED_EDGE('',*,*,#9239,.F.);
#7734=ORIENTED_EDGE('',*,*,#9240,.F.);
#7735=ORIENTED_EDGE('',*,*,#9241,.T.);
#7736=ORIENTED_EDGE('',*,*,#9134,.F.);
#7737=ORIENTED_EDGE('',*,*,#9241,.F.);
#7738=ORIENTED_EDGE('',*,*,#9242,.F.);
#7739=ORIENTED_EDGE('',*,*,#9243,.T.);
#7740=ORIENTED_EDGE('',*,*,#9135,.F.);
#7741=ORIENTED_EDGE('',*,*,#9243,.F.);
#7742=ORIENTED_EDGE('',*,*,#9244,.F.);
#7743=ORIENTED_EDGE('',*,*,#9245,.T.);
#7744=ORIENTED_EDGE('',*,*,#9136,.F.);
#7745=ORIENTED_EDGE('',*,*,#9245,.F.);
#7746=ORIENTED_EDGE('',*,*,#9246,.F.);
#7747=ORIENTED_EDGE('',*,*,#9223,.T.);
#7748=ORIENTED_EDGE('',*,*,#9138,.F.);
#7749=ORIENTED_EDGE('',*,*,#9196,.F.);
#7750=ORIENTED_EDGE('',*,*,#9139,.F.);
#7751=ORIENTED_EDGE('',*,*,#9247,.F.);
#7752=ORIENTED_EDGE('',*,*,#9248,.F.);
#7753=ORIENTED_EDGE('',*,*,#9249,.T.);
#7754=ORIENTED_EDGE('',*,*,#9140,.F.);
#7755=ORIENTED_EDGE('',*,*,#9249,.F.);
#7756=ORIENTED_EDGE('',*,*,#9250,.F.);
#7757=ORIENTED_EDGE('',*,*,#9251,.T.);
#7758=ORIENTED_EDGE('',*,*,#9141,.F.);
#7759=ORIENTED_EDGE('',*,*,#9251,.F.);
#7760=ORIENTED_EDGE('',*,*,#9252,.F.);
#7761=ORIENTED_EDGE('',*,*,#9253,.T.);
#7762=ORIENTED_EDGE('',*,*,#9142,.F.);
#7763=ORIENTED_EDGE('',*,*,#9253,.F.);
#7764=ORIENTED_EDGE('',*,*,#9254,.F.);
#7765=ORIENTED_EDGE('',*,*,#9255,.T.);
#7766=ORIENTED_EDGE('',*,*,#9143,.F.);
#7767=ORIENTED_EDGE('',*,*,#9255,.F.);
#7768=ORIENTED_EDGE('',*,*,#9256,.F.);
#7769=ORIENTED_EDGE('',*,*,#9257,.T.);
#7770=ORIENTED_EDGE('',*,*,#9144,.F.);
#7771=ORIENTED_EDGE('',*,*,#9257,.F.);
#7772=ORIENTED_EDGE('',*,*,#9258,.F.);
#7773=ORIENTED_EDGE('',*,*,#9153,.T.);
#7774=ORIENTED_EDGE('',*,*,#9148,.F.);
#7775=ORIENTED_EDGE('',*,*,#9155,.F.);
#7776=ORIENTED_EDGE('',*,*,#9259,.F.);
#7777=ORIENTED_EDGE('',*,*,#9260,.T.);
#7778=ORIENTED_EDGE('',*,*,#9149,.F.);
#7779=ORIENTED_EDGE('',*,*,#9260,.F.);
#7780=ORIENTED_EDGE('',*,*,#9261,.F.);
#7781=ORIENTED_EDGE('',*,*,#9262,.T.);
#7782=ORIENTED_EDGE('',*,*,#9150,.F.);
#7783=ORIENTED_EDGE('',*,*,#9262,.F.);
#7784=ORIENTED_EDGE('',*,*,#9263,.F.);
#7785=ORIENTED_EDGE('',*,*,#9264,.T.);
#7786=ORIENTED_EDGE('',*,*,#9151,.F.);
#7787=ORIENTED_EDGE('',*,*,#9264,.F.);
#7788=ORIENTED_EDGE('',*,*,#9265,.F.);
#7789=ORIENTED_EDGE('',*,*,#9266,.T.);
#7790=ORIENTED_EDGE('',*,*,#9152,.F.);
#7791=ORIENTED_EDGE('',*,*,#9266,.F.);
#7792=ORIENTED_EDGE('',*,*,#9267,.F.);
#7793=ORIENTED_EDGE('',*,*,#9247,.T.);
#7794=ORIENTED_EDGE('',*,*,#9248,.T.);
#7795=ORIENTED_EDGE('',*,*,#9267,.T.);
#7796=ORIENTED_EDGE('',*,*,#9265,.T.);
#7797=ORIENTED_EDGE('',*,*,#9263,.T.);
#7798=ORIENTED_EDGE('',*,*,#9261,.T.);
#7799=ORIENTED_EDGE('',*,*,#9259,.T.);
#7800=ORIENTED_EDGE('',*,*,#9154,.T.);
#7801=ORIENTED_EDGE('',*,*,#9258,.T.);
#7802=ORIENTED_EDGE('',*,*,#9256,.T.);
#7803=ORIENTED_EDGE('',*,*,#9254,.T.);
#7804=ORIENTED_EDGE('',*,*,#9252,.T.);
#7805=ORIENTED_EDGE('',*,*,#9250,.T.);
#7806=ORIENTED_EDGE('',*,*,#9162,.F.);
#7807=ORIENTED_EDGE('',*,*,#9268,.F.);
#7808=ORIENTED_EDGE('',*,*,#9269,.F.);
#7809=ORIENTED_EDGE('',*,*,#9270,.T.);
#7810=ORIENTED_EDGE('',*,*,#9163,.F.);
#7811=ORIENTED_EDGE('',*,*,#9270,.F.);
#7812=ORIENTED_EDGE('',*,*,#9271,.F.);
#7813=ORIENTED_EDGE('',*,*,#9272,.T.);
#7814=ORIENTED_EDGE('',*,*,#9164,.F.);
#7815=ORIENTED_EDGE('',*,*,#9272,.F.);
#7816=ORIENTED_EDGE('',*,*,#9273,.F.);
#7817=ORIENTED_EDGE('',*,*,#9274,.T.);
#7818=ORIENTED_EDGE('',*,*,#9165,.F.);
#7819=ORIENTED_EDGE('',*,*,#9274,.F.);
#7820=ORIENTED_EDGE('',*,*,#9275,.F.);
#7821=ORIENTED_EDGE('',*,*,#9268,.T.);
#7822=ORIENTED_EDGE('',*,*,#9173,.F.);
#7823=ORIENTED_EDGE('',*,*,#9276,.F.);
#7824=ORIENTED_EDGE('',*,*,#9277,.F.);
#7825=ORIENTED_EDGE('',*,*,#9278,.T.);
#7826=ORIENTED_EDGE('',*,*,#9174,.F.);
#7827=ORIENTED_EDGE('',*,*,#9278,.F.);
#7828=ORIENTED_EDGE('',*,*,#9279,.F.);
#7829=ORIENTED_EDGE('',*,*,#9280,.T.);
#7830=ORIENTED_EDGE('',*,*,#9175,.F.);
#7831=ORIENTED_EDGE('',*,*,#9280,.F.);
#7832=ORIENTED_EDGE('',*,*,#9281,.F.);
#7833=ORIENTED_EDGE('',*,*,#9282,.T.);
#7834=ORIENTED_EDGE('',*,*,#9176,.F.);
#7835=ORIENTED_EDGE('',*,*,#9282,.F.);
#7836=ORIENTED_EDGE('',*,*,#9283,.F.);
#7837=ORIENTED_EDGE('',*,*,#9276,.T.);
#7838=ORIENTED_EDGE('',*,*,#9180,.F.);
#7839=ORIENTED_EDGE('',*,*,#9198,.F.);
#7840=ORIENTED_EDGE('',*,*,#9185,.F.);
#7841=ORIENTED_EDGE('',*,*,#9284,.F.);
#7842=ORIENTED_EDGE('',*,*,#9285,.F.);
#7843=ORIENTED_EDGE('',*,*,#9286,.T.);
#7844=ORIENTED_EDGE('',*,*,#9186,.F.);
#7845=ORIENTED_EDGE('',*,*,#9286,.F.);
#7846=ORIENTED_EDGE('',*,*,#9287,.F.);
#7847=ORIENTED_EDGE('',*,*,#9288,.T.);
#7848=ORIENTED_EDGE('',*,*,#9187,.F.);
#7849=ORIENTED_EDGE('',*,*,#9288,.F.);
#7850=ORIENTED_EDGE('',*,*,#9289,.F.);
#7851=ORIENTED_EDGE('',*,*,#9290,.T.);
#7852=ORIENTED_EDGE('',*,*,#9188,.F.);
#7853=ORIENTED_EDGE('',*,*,#9290,.F.);
#7854=ORIENTED_EDGE('',*,*,#9291,.F.);
#7855=ORIENTED_EDGE('',*,*,#9284,.T.);
#7856=ORIENTED_EDGE('',*,*,#9200,.T.);
#7857=ORIENTED_EDGE('',*,*,#9222,.T.);
#7858=ORIENTED_EDGE('',*,*,#9220,.T.);
#7859=ORIENTED_EDGE('',*,*,#9218,.T.);
#7860=ORIENTED_EDGE('',*,*,#9216,.T.);
#7861=ORIENTED_EDGE('',*,*,#9214,.T.);
#7862=ORIENTED_EDGE('',*,*,#9212,.T.);
#7863=ORIENTED_EDGE('',*,*,#9210,.T.);
#7864=ORIENTED_EDGE('',*,*,#9208,.T.);
#7865=ORIENTED_EDGE('',*,*,#9206,.T.);
#7866=ORIENTED_EDGE('',*,*,#9204,.T.);
#7867=ORIENTED_EDGE('',*,*,#9202,.T.);
#7868=ORIENTED_EDGE('',*,*,#9224,.T.);
#7869=ORIENTED_EDGE('',*,*,#9246,.T.);
#7870=ORIENTED_EDGE('',*,*,#9244,.T.);
#7871=ORIENTED_EDGE('',*,*,#9242,.T.);
#7872=ORIENTED_EDGE('',*,*,#9240,.T.);
#7873=ORIENTED_EDGE('',*,*,#9238,.T.);
#7874=ORIENTED_EDGE('',*,*,#9236,.T.);
#7875=ORIENTED_EDGE('',*,*,#9234,.T.);
#7876=ORIENTED_EDGE('',*,*,#9232,.T.);
#7877=ORIENTED_EDGE('',*,*,#9230,.T.);
#7878=ORIENTED_EDGE('',*,*,#9228,.T.);
#7879=ORIENTED_EDGE('',*,*,#9226,.T.);
#7880=ORIENTED_EDGE('',*,*,#9269,.T.);
#7881=ORIENTED_EDGE('',*,*,#9275,.T.);
#7882=ORIENTED_EDGE('',*,*,#9273,.T.);
#7883=ORIENTED_EDGE('',*,*,#9271,.T.);
#7884=ORIENTED_EDGE('',*,*,#9277,.T.);
#7885=ORIENTED_EDGE('',*,*,#9283,.T.);
#7886=ORIENTED_EDGE('',*,*,#9281,.T.);
#7887=ORIENTED_EDGE('',*,*,#9279,.T.);
#7888=ORIENTED_EDGE('',*,*,#9285,.T.);
#7889=ORIENTED_EDGE('',*,*,#9291,.T.);
#7890=ORIENTED_EDGE('',*,*,#9289,.T.);
#7891=ORIENTED_EDGE('',*,*,#9287,.T.);
#7892=ORIENTED_EDGE('',*,*,#9292,.T.);
#7893=ORIENTED_EDGE('',*,*,#9293,.T.);
#7894=ORIENTED_EDGE('',*,*,#9292,.F.);
#7895=ORIENTED_EDGE('',*,*,#9293,.F.);
#7896=ORIENTED_EDGE('',*,*,#9294,.T.);
#7897=ORIENTED_EDGE('',*,*,#9295,.F.);
#7898=ORIENTED_EDGE('',*,*,#9296,.F.);
#7899=ORIENTED_EDGE('',*,*,#9297,.F.);
#7900=ORIENTED_EDGE('',*,*,#9297,.T.);
#7901=ORIENTED_EDGE('',*,*,#9298,.T.);
#7902=ORIENTED_EDGE('',*,*,#9299,.T.);
#7903=ORIENTED_EDGE('',*,*,#9294,.F.);
#7904=ORIENTED_EDGE('',*,*,#9298,.F.);
#7905=ORIENTED_EDGE('',*,*,#9295,.T.);
#7906=ORIENTED_EDGE('',*,*,#9300,.F.);
#7907=ORIENTED_EDGE('',*,*,#9296,.T.);
#7908=ORIENTED_EDGE('',*,*,#9299,.F.);
#7909=ORIENTED_EDGE('',*,*,#9301,.T.);
#7910=ORIENTED_EDGE('',*,*,#9302,.F.);
#7911=ORIENTED_EDGE('',*,*,#9300,.T.);
#7912=ORIENTED_EDGE('',*,*,#9301,.F.);
#7913=ORIENTED_EDGE('',*,*,#9303,.T.);
#7914=ORIENTED_EDGE('',*,*,#9302,.T.);
#7915=ORIENTED_EDGE('',*,*,#9304,.F.);
#7916=ORIENTED_EDGE('',*,*,#9303,.F.);
#7917=ORIENTED_EDGE('',*,*,#9305,.T.);
#7918=ORIENTED_EDGE('',*,*,#9304,.T.);
#7919=ORIENTED_EDGE('',*,*,#9306,.F.);
#7920=ORIENTED_EDGE('',*,*,#9307,.T.);
#7921=ORIENTED_EDGE('',*,*,#9305,.F.);
#7922=ORIENTED_EDGE('',*,*,#9306,.T.);
#7923=ORIENTED_EDGE('',*,*,#9308,.F.);
#7924=ORIENTED_EDGE('',*,*,#9307,.F.);
#7925=ORIENTED_EDGE('',*,*,#9309,.T.);
#7926=ORIENTED_EDGE('',*,*,#9310,.F.);
#7927=ORIENTED_EDGE('',*,*,#9308,.T.);
#7928=ORIENTED_EDGE('',*,*,#9309,.F.);
#7929=ORIENTED_EDGE('',*,*,#9311,.T.);
#7930=ORIENTED_EDGE('',*,*,#9310,.T.);
#7931=ORIENTED_EDGE('',*,*,#9312,.F.);
#7932=ORIENTED_EDGE('',*,*,#9311,.F.);
#7933=ORIENTED_EDGE('',*,*,#9313,.T.);
#7934=ORIENTED_EDGE('',*,*,#9312,.T.);
#7935=ORIENTED_EDGE('',*,*,#9314,.F.);
#7936=ORIENTED_EDGE('',*,*,#9313,.F.);
#7937=ORIENTED_EDGE('',*,*,#9315,.T.);
#7938=ORIENTED_EDGE('',*,*,#9314,.T.);
#7939=ORIENTED_EDGE('',*,*,#9315,.F.);
#7940=ORIENTED_EDGE('',*,*,#9316,.T.);
#7941=ORIENTED_EDGE('',*,*,#9317,.T.);
#7942=ORIENTED_EDGE('',*,*,#9316,.F.);
#7943=ORIENTED_EDGE('',*,*,#9317,.F.);
#7944=ORIENTED_EDGE('',*,*,#9318,.T.);
#7945=ORIENTED_EDGE('',*,*,#9318,.F.);
#7946=ORIENTED_EDGE('',*,*,#9319,.T.);
#7947=ORIENTED_EDGE('',*,*,#9319,.F.);
#7948=ORIENTED_EDGE('',*,*,#9320,.T.);
#7949=ORIENTED_EDGE('',*,*,#9321,.F.);
#7950=ORIENTED_EDGE('',*,*,#9322,.T.);
#7951=ORIENTED_EDGE('',*,*,#9323,.T.);
#7952=ORIENTED_EDGE('',*,*,#9324,.T.);
#7953=ORIENTED_EDGE('',*,*,#9325,.F.);
#7954=ORIENTED_EDGE('',*,*,#9326,.T.);
#7955=ORIENTED_EDGE('',*,*,#9327,.T.);
#7956=ORIENTED_EDGE('',*,*,#9328,.T.);
#7957=ORIENTED_EDGE('',*,*,#9329,.F.);
#7958=ORIENTED_EDGE('',*,*,#9330,.T.);
#7959=ORIENTED_EDGE('',*,*,#9331,.T.);
#7960=ORIENTED_EDGE('',*,*,#9332,.T.);
#7961=ORIENTED_EDGE('',*,*,#9333,.F.);
#7962=ORIENTED_EDGE('',*,*,#9334,.T.);
#7963=ORIENTED_EDGE('',*,*,#9335,.T.);
#7964=ORIENTED_EDGE('',*,*,#9336,.T.);
#7965=ORIENTED_EDGE('',*,*,#9337,.F.);
#7966=ORIENTED_EDGE('',*,*,#9338,.T.);
#7967=ORIENTED_EDGE('',*,*,#9321,.T.);
#7968=ORIENTED_EDGE('',*,*,#9339,.T.);
#7969=ORIENTED_EDGE('',*,*,#9333,.T.);
#7970=ORIENTED_EDGE('',*,*,#9340,.T.);
#7971=ORIENTED_EDGE('',*,*,#9341,.F.);
#7972=ORIENTED_EDGE('',*,*,#9342,.T.);
#7973=ORIENTED_EDGE('',*,*,#9343,.F.);
#7974=ORIENTED_EDGE('',*,*,#9344,.T.);
#7975=ORIENTED_EDGE('',*,*,#9325,.T.);
#7976=ORIENTED_EDGE('',*,*,#9345,.T.);
#7977=ORIENTED_EDGE('',*,*,#9329,.T.);
#7978=ORIENTED_EDGE('',*,*,#9346,.T.);
#7979=ORIENTED_EDGE('',*,*,#9347,.F.);
#7980=ORIENTED_EDGE('',*,*,#9348,.T.);
#7981=ORIENTED_EDGE('',*,*,#9349,.T.);
#7982=ORIENTED_EDGE('',*,*,#9350,.F.);
#7983=ORIENTED_EDGE('',*,*,#9351,.T.);
#7984=ORIENTED_EDGE('',*,*,#9352,.T.);
#7985=ORIENTED_EDGE('',*,*,#9337,.T.);
#7986=ORIENTED_EDGE('',*,*,#9353,.T.);
#7987=ORIENTED_EDGE('',*,*,#9341,.T.);
#7988=ORIENTED_EDGE('',*,*,#9354,.T.);
#7989=ORIENTED_EDGE('',*,*,#9355,.T.);
#7990=ORIENTED_EDGE('',*,*,#9356,.F.);
#7991=ORIENTED_EDGE('',*,*,#9357,.T.);
#7992=ORIENTED_EDGE('',*,*,#9358,.T.);
#7993=ORIENTED_EDGE('',*,*,#9359,.T.);
#7994=ORIENTED_EDGE('',*,*,#9360,.F.);
#7995=ORIENTED_EDGE('',*,*,#9361,.T.);
#7996=ORIENTED_EDGE('',*,*,#9362,.T.);
#7997=ORIENTED_EDGE('',*,*,#9343,.T.);
#7998=ORIENTED_EDGE('',*,*,#9363,.T.);
#7999=ORIENTED_EDGE('',*,*,#9347,.T.);
#8000=ORIENTED_EDGE('',*,*,#9364,.T.);
#8001=ORIENTED_EDGE('',*,*,#9365,.T.);
#8002=ORIENTED_EDGE('',*,*,#9366,.F.);
#8003=ORIENTED_EDGE('',*,*,#9367,.T.);
#8004=ORIENTED_EDGE('',*,*,#9368,.T.);
#8005=ORIENTED_EDGE('',*,*,#9356,.T.);
#8006=ORIENTED_EDGE('',*,*,#9369,.T.);
#8007=ORIENTED_EDGE('',*,*,#9370,.F.);
#8008=ORIENTED_EDGE('',*,*,#9371,.T.);
#8009=ORIENTED_EDGE('',*,*,#9372,.F.);
#8010=ORIENTED_EDGE('',*,*,#9373,.T.);
#8011=ORIENTED_EDGE('',*,*,#9350,.T.);
#8012=ORIENTED_EDGE('',*,*,#9374,.T.);
#8013=ORIENTED_EDGE('',*,*,#9375,.F.);
#8014=ORIENTED_EDGE('',*,*,#9376,.T.);
#8015=ORIENTED_EDGE('',*,*,#9360,.T.);
#8016=ORIENTED_EDGE('',*,*,#9377,.T.);
#8017=ORIENTED_EDGE('',*,*,#9366,.T.);
#8018=ORIENTED_EDGE('',*,*,#9378,.T.);
#8019=ORIENTED_EDGE('',*,*,#9379,.F.);
#8020=ORIENTED_EDGE('',*,*,#9380,.T.);
#8021=ORIENTED_EDGE('',*,*,#9381,.F.);
#8022=ORIENTED_EDGE('',*,*,#9382,.T.);
#8023=ORIENTED_EDGE('',*,*,#9383,.T.);
#8024=ORIENTED_EDGE('',*,*,#9372,.T.);
#8025=ORIENTED_EDGE('',*,*,#9384,.T.);
#8026=ORIENTED_EDGE('',*,*,#9385,.T.);
#8027=ORIENTED_EDGE('',*,*,#9386,.T.);
#8028=ORIENTED_EDGE('',*,*,#9370,.T.);
#8029=ORIENTED_EDGE('',*,*,#9387,.T.);
#8030=ORIENTED_EDGE('',*,*,#9388,.T.);
#8031=ORIENTED_EDGE('',*,*,#9389,.F.);
#8032=ORIENTED_EDGE('',*,*,#9390,.T.);
#8033=ORIENTED_EDGE('',*,*,#9391,.F.);
#8034=ORIENTED_EDGE('',*,*,#9392,.T.);
#8035=ORIENTED_EDGE('',*,*,#9393,.T.);
#8036=ORIENTED_EDGE('',*,*,#9375,.T.);
#8037=ORIENTED_EDGE('',*,*,#9394,.T.);
#8038=ORIENTED_EDGE('',*,*,#9395,.T.);
#8039=ORIENTED_EDGE('',*,*,#9396,.T.);
#8040=ORIENTED_EDGE('',*,*,#9379,.T.);
#8041=ORIENTED_EDGE('',*,*,#9397,.T.);
#8042=ORIENTED_EDGE('',*,*,#9398,.T.);
#8043=ORIENTED_EDGE('',*,*,#9399,.F.);
#8044=ORIENTED_EDGE('',*,*,#9400,.T.);
#8045=ORIENTED_EDGE('',*,*,#9401,.F.);
#8046=ORIENTED_EDGE('',*,*,#9402,.T.);
#8047=ORIENTED_EDGE('',*,*,#9381,.T.);
#8048=ORIENTED_EDGE('',*,*,#9403,.T.);
#8049=ORIENTED_EDGE('',*,*,#9389,.T.);
#8050=ORIENTED_EDGE('',*,*,#9404,.T.);
#8051=ORIENTED_EDGE('',*,*,#9405,.F.);
#8052=ORIENTED_EDGE('',*,*,#9406,.T.);
#8053=ORIENTED_EDGE('',*,*,#9407,.F.);
#8054=ORIENTED_EDGE('',*,*,#9408,.T.);
#8055=ORIENTED_EDGE('',*,*,#9391,.T.);
#8056=ORIENTED_EDGE('',*,*,#9409,.T.);
#8057=ORIENTED_EDGE('',*,*,#9399,.T.);
#8058=ORIENTED_EDGE('',*,*,#9410,.T.);
#8059=ORIENTED_EDGE('',*,*,#9411,.F.);
#8060=ORIENTED_EDGE('',*,*,#9412,.T.);
#8061=ORIENTED_EDGE('',*,*,#9413,.T.);
#8062=ORIENTED_EDGE('',*,*,#9414,.T.);
#8063=ORIENTED_EDGE('',*,*,#9405,.T.);
#8064=ORIENTED_EDGE('',*,*,#9415,.T.);
#8065=ORIENTED_EDGE('',*,*,#9416,.T.);
#8066=ORIENTED_EDGE('',*,*,#9417,.T.);
#8067=ORIENTED_EDGE('',*,*,#9411,.T.);
#8068=ORIENTED_EDGE('',*,*,#9418,.T.);
#8069=ORIENTED_EDGE('',*,*,#9419,.T.);
#8070=ORIENTED_EDGE('',*,*,#9420,.T.);
#8071=ORIENTED_EDGE('',*,*,#9407,.T.);
#8072=ORIENTED_EDGE('',*,*,#9421,.T.);
#8073=ORIENTED_EDGE('',*,*,#9422,.T.);
#8074=ORIENTED_EDGE('',*,*,#9423,.T.);
#8075=ORIENTED_EDGE('',*,*,#9401,.T.);
#8076=ORIENTED_EDGE('',*,*,#9418,.F.);
#8077=ORIENTED_EDGE('',*,*,#9410,.F.);
#8078=ORIENTED_EDGE('',*,*,#9398,.F.);
#8079=ORIENTED_EDGE('',*,*,#9424,.T.);
#8080=ORIENTED_EDGE('',*,*,#9364,.F.);
#8081=ORIENTED_EDGE('',*,*,#9346,.F.);
#8082=ORIENTED_EDGE('',*,*,#9328,.F.);
#8083=ORIENTED_EDGE('',*,*,#9425,.F.);
#8084=ORIENTED_EDGE('',*,*,#9397,.F.);
#8085=ORIENTED_EDGE('',*,*,#9378,.F.);
#8086=ORIENTED_EDGE('',*,*,#9365,.F.);
#8087=ORIENTED_EDGE('',*,*,#9424,.F.);
#8088=ORIENTED_EDGE('',*,*,#9393,.F.);
#8089=ORIENTED_EDGE('',*,*,#9426,.T.);
#8090=ORIENTED_EDGE('',*,*,#9361,.F.);
#8091=ORIENTED_EDGE('',*,*,#9376,.F.);
#8092=ORIENTED_EDGE('',*,*,#9420,.F.);
#8093=ORIENTED_EDGE('',*,*,#9427,.T.);
#8094=ORIENTED_EDGE('',*,*,#9326,.F.);
#8095=ORIENTED_EDGE('',*,*,#9344,.F.);
#8096=ORIENTED_EDGE('',*,*,#9362,.F.);
#8097=ORIENTED_EDGE('',*,*,#9426,.F.);
#8098=ORIENTED_EDGE('',*,*,#9392,.F.);
#8099=ORIENTED_EDGE('',*,*,#9408,.F.);
#8100=ORIENTED_EDGE('',*,*,#9419,.F.);
#8101=ORIENTED_EDGE('',*,*,#9425,.T.);
#8102=ORIENTED_EDGE('',*,*,#9327,.F.);
#8103=ORIENTED_EDGE('',*,*,#9427,.F.);
#8104=ORIENTED_EDGE('',*,*,#9396,.F.);
#8105=ORIENTED_EDGE('',*,*,#9428,.T.);
#8106=ORIENTED_EDGE('',*,*,#9367,.F.);
#8107=ORIENTED_EDGE('',*,*,#9377,.F.);
#8108=ORIENTED_EDGE('',*,*,#9417,.F.);
#8109=ORIENTED_EDGE('',*,*,#9429,.T.);
#8110=ORIENTED_EDGE('',*,*,#9330,.F.);
#8111=ORIENTED_EDGE('',*,*,#9345,.F.);
#8112=ORIENTED_EDGE('',*,*,#9363,.F.);
#8113=ORIENTED_EDGE('',*,*,#9428,.F.);
#8114=ORIENTED_EDGE('',*,*,#9395,.F.);
#8115=ORIENTED_EDGE('',*,*,#9409,.F.);
#8116=ORIENTED_EDGE('',*,*,#9416,.F.);
#8117=ORIENTED_EDGE('',*,*,#9430,.T.);
#8118=ORIENTED_EDGE('',*,*,#9331,.F.);
#8119=ORIENTED_EDGE('',*,*,#9429,.F.);
#8120=ORIENTED_EDGE('',*,*,#9415,.F.);
#8121=ORIENTED_EDGE('',*,*,#9404,.F.);
#8122=ORIENTED_EDGE('',*,*,#9388,.F.);
#8123=ORIENTED_EDGE('',*,*,#9431,.T.);
#8124=ORIENTED_EDGE('',*,*,#9354,.F.);
#8125=ORIENTED_EDGE('',*,*,#9340,.F.);
#8126=ORIENTED_EDGE('',*,*,#9332,.F.);
#8127=ORIENTED_EDGE('',*,*,#9430,.F.);
#8128=ORIENTED_EDGE('',*,*,#9387,.F.);
#8129=ORIENTED_EDGE('',*,*,#9369,.F.);
#8130=ORIENTED_EDGE('',*,*,#9355,.F.);
#8131=ORIENTED_EDGE('',*,*,#9431,.F.);
#8132=ORIENTED_EDGE('',*,*,#9394,.F.);
#8133=ORIENTED_EDGE('',*,*,#9374,.F.);
#8134=ORIENTED_EDGE('',*,*,#9359,.F.);
#8135=ORIENTED_EDGE('',*,*,#9432,.F.);
#8136=ORIENTED_EDGE('',*,*,#9383,.F.);
#8137=ORIENTED_EDGE('',*,*,#9433,.T.);
#8138=ORIENTED_EDGE('',*,*,#9351,.F.);
#8139=ORIENTED_EDGE('',*,*,#9373,.F.);
#8140=ORIENTED_EDGE('',*,*,#9423,.F.);
#8141=ORIENTED_EDGE('',*,*,#9434,.T.);
#8142=ORIENTED_EDGE('',*,*,#9322,.F.);
#8143=ORIENTED_EDGE('',*,*,#9338,.F.);
#8144=ORIENTED_EDGE('',*,*,#9352,.F.);
#8145=ORIENTED_EDGE('',*,*,#9433,.F.);
#8146=ORIENTED_EDGE('',*,*,#9382,.F.);
#8147=ORIENTED_EDGE('',*,*,#9402,.F.);
#8148=ORIENTED_EDGE('',*,*,#9422,.F.);
#8149=ORIENTED_EDGE('',*,*,#9435,.T.);
#8150=ORIENTED_EDGE('',*,*,#9323,.F.);
#8151=ORIENTED_EDGE('',*,*,#9434,.F.);
#8152=ORIENTED_EDGE('',*,*,#9421,.F.);
#8153=ORIENTED_EDGE('',*,*,#9406,.F.);
#8154=ORIENTED_EDGE('',*,*,#9390,.F.);
#8155=ORIENTED_EDGE('',*,*,#9432,.T.);
#8156=ORIENTED_EDGE('',*,*,#9358,.F.);
#8157=ORIENTED_EDGE('',*,*,#9342,.F.);
#8158=ORIENTED_EDGE('',*,*,#9324,.F.);
#8159=ORIENTED_EDGE('',*,*,#9435,.F.);
#8160=ORIENTED_EDGE('',*,*,#9384,.F.);
#8161=ORIENTED_EDGE('',*,*,#9371,.F.);
#8162=ORIENTED_EDGE('',*,*,#9349,.F.);
#8163=ORIENTED_EDGE('',*,*,#9436,.F.);
#8164=ORIENTED_EDGE('',*,*,#9386,.F.);
#8165=ORIENTED_EDGE('',*,*,#9437,.T.);
#8166=ORIENTED_EDGE('',*,*,#9357,.F.);
#8167=ORIENTED_EDGE('',*,*,#9368,.F.);
#8168=ORIENTED_EDGE('',*,*,#9414,.F.);
#8169=ORIENTED_EDGE('',*,*,#9438,.T.);
#8170=ORIENTED_EDGE('',*,*,#9334,.F.);
#8171=ORIENTED_EDGE('',*,*,#9339,.F.);
#8172=ORIENTED_EDGE('',*,*,#9353,.F.);
#8173=ORIENTED_EDGE('',*,*,#9437,.F.);
#8174=ORIENTED_EDGE('',*,*,#9385,.F.);
#8175=ORIENTED_EDGE('',*,*,#9403,.F.);
#8176=ORIENTED_EDGE('',*,*,#9413,.F.);
#8177=ORIENTED_EDGE('',*,*,#9439,.T.);
#8178=ORIENTED_EDGE('',*,*,#9335,.F.);
#8179=ORIENTED_EDGE('',*,*,#9438,.F.);
#8180=ORIENTED_EDGE('',*,*,#9412,.F.);
#8181=ORIENTED_EDGE('',*,*,#9400,.F.);
#8182=ORIENTED_EDGE('',*,*,#9380,.F.);
#8183=ORIENTED_EDGE('',*,*,#9436,.T.);
#8184=ORIENTED_EDGE('',*,*,#9348,.F.);
#8185=ORIENTED_EDGE('',*,*,#9336,.F.);
#8186=ORIENTED_EDGE('',*,*,#9320,.F.);
#8187=ORIENTED_EDGE('',*,*,#9439,.F.);
#8188=EDGE_CURVE('',#9440,#9441,#9442,.T.);
#8189=EDGE_CURVE('',#9443,#9440,#9444,.T.);
#8190=EDGE_CURVE('',#9443,#9445,#9446,.T.);
#8191=EDGE_CURVE('',#9441,#9445,#9447,.T.);
#8192=EDGE_CURVE('',#9448,#9448,#9449,.F.);
#8193=EDGE_CURVE('',#9450,#9450,#9451,.F.);
#8194=EDGE_CURVE('',#9452,#9452,#9453,.F.);
#8195=EDGE_CURVE('',#9454,#9454,#9455,.F.);
#8196=EDGE_CURVE('',#9456,#9456,#9457,.F.);
#8197=EDGE_CURVE('',#9458,#9458,#9459,.F.);
#8198=EDGE_CURVE('',#9460,#9460,#9461,.F.);
#8199=EDGE_CURVE('',#9462,#9462,#9463,.F.);
#8200=EDGE_CURVE('',#9464,#9464,#9465,.T.);
#8201=EDGE_CURVE('',#9466,#9466,#9467,.T.);
#8202=EDGE_CURVE('',#9468,#9468,#9469,.T.);
#8203=EDGE_CURVE('',#9470,#9470,#9471,.T.);
#8204=EDGE_CURVE('',#9472,#9472,#9473,.T.);
#8205=EDGE_CURVE('',#9474,#9474,#9475,.T.);
#8206=EDGE_CURVE('',#9476,#9476,#9477,.T.);
#8207=EDGE_CURVE('',#9478,#9478,#9479,.T.);
#8208=EDGE_CURVE('',#9480,#9480,#9481,.T.);
#8209=EDGE_CURVE('',#9482,#9441,#9483,.T.);
#8210=EDGE_CURVE('',#9484,#9482,#9485,.T.);
#8211=EDGE_CURVE('',#9440,#9484,#9486,.T.);
#8212=EDGE_CURVE('',#9487,#9440,#9488,.T.);
#8213=EDGE_CURVE('',#9489,#9487,#9490,.T.);
#8214=EDGE_CURVE('',#9489,#9443,#9491,.T.);
#8215=EDGE_CURVE('',#9492,#9493,#9494,.T.);
#8216=EDGE_CURVE('',#9445,#9493,#9495,.T.);
#8217=EDGE_CURVE('',#9492,#9443,#9496,.T.);
#8218=EDGE_CURVE('',#9497,#9441,#9498,.T.);
#8219=EDGE_CURVE('',#9499,#9445,#9500,.T.);
#8220=EDGE_CURVE('',#9497,#9499,#9501,.T.);
#8221=EDGE_CURVE('',#9502,#9502,#9503,.T.);
#8222=EDGE_CURVE('',#9504,#9504,#9505,.T.);
#8223=EDGE_CURVE('',#9506,#9506,#9507,.T.);
#8224=EDGE_CURVE('',#9508,#9508,#9509,.T.);
#8225=EDGE_CURVE('',#9510,#9510,#9511,.T.);
#8226=EDGE_CURVE('',#9512,#9512,#9513,.T.);
#8227=EDGE_CURVE('',#9514,#9514,#9515,.T.);
#8228=EDGE_CURVE('',#9516,#9516,#9517,.T.);
#8229=EDGE_CURVE('',#9518,#9518,#9519,.T.);
#8230=EDGE_CURVE('',#9520,#9497,#9521,.T.);
#8231=EDGE_CURVE('',#9520,#9482,#9522,.T.);
#8232=EDGE_CURVE('',#9523,#9524,#9525,.T.);
#8233=EDGE_CURVE('',#9484,#9523,#9526,.T.);
#8234=EDGE_CURVE('',#9524,#9482,#9527,.T.);
#8235=EDGE_CURVE('',#9487,#9528,#9529,.T.);
#8236=EDGE_CURVE('',#9528,#9484,#9530,.T.);
#8237=EDGE_CURVE('',#9487,#9497,#9531,.T.);
#8238=EDGE_CURVE('',#9489,#9499,#9532,.T.);
#8239=EDGE_CURVE('',#9533,#9533,#9534,.F.);
#8240=EDGE_CURVE('',#9535,#9535,#9536,.F.);
#8241=EDGE_CURVE('',#9537,#9537,#9538,.F.);
#8242=EDGE_CURVE('',#9539,#9539,#9540,.F.);
#8243=EDGE_CURVE('',#9541,#9541,#9542,.F.);
#8244=EDGE_CURVE('',#9543,#9543,#9544,.F.);
#8245=EDGE_CURVE('',#9545,#9545,#9546,.F.);
#8246=EDGE_CURVE('',#9547,#9547,#9548,.F.);
#8247=EDGE_CURVE('',#9549,#9549,#9550,.T.);
#8248=EDGE_CURVE('',#9551,#9489,#9552,.T.);
#8249=EDGE_CURVE('',#9551,#9492,#9553,.T.);
#8250=EDGE_CURVE('',#9554,#9555,#9556,.F.);
#8251=EDGE_CURVE('',#9493,#9554,#9557,.T.);
#8252=EDGE_CURVE('',#9558,#9492,#9559,.T.);
#8253=EDGE_CURVE('',#9560,#9558,#9561,.F.);
#8254=EDGE_CURVE('',#9555,#9560,#9562,.T.);
#8255=EDGE_CURVE('',#9563,#9493,#9564,.T.);
#8256=EDGE_CURVE('',#9499,#9563,#9565,.T.);
#8257=EDGE_CURVE('',#9566,#9566,#9567,.T.);
#8258=EDGE_CURVE('',#9528,#9520,#9568,.T.);
#8259=EDGE_CURVE('',#9569,#9524,#9570,.T.);
#8260=EDGE_CURVE('',#9569,#9520,#9571,.T.);
#8261=EDGE_CURVE('',#9572,#9524,#9573,.T.);
#8262=EDGE_CURVE('',#9574,#9572,#9575,.T.);
#8263=EDGE_CURVE('',#9523,#9574,#9576,.T.);
#8264=EDGE_CURVE('',#9577,#9523,#9578,.T.);
#8265=EDGE_CURVE('',#9528,#9577,#9579,.T.);
#8266=EDGE_CURVE('',#9551,#9563,#9580,.T.);
#8267=EDGE_CURVE('',#9581,#9581,#9582,.T.);
#8268=EDGE_CURVE('',#9583,#9583,#9584,.T.);
#8269=EDGE_CURVE('',#9585,#9585,#9586,.T.);
#8270=EDGE_CURVE('',#9587,#9587,#9588,.T.);
#8271=EDGE_CURVE('',#9589,#9589,#9590,.T.);
#8272=EDGE_CURVE('',#9591,#9591,#9592,.T.);
#8273=EDGE_CURVE('',#9593,#9593,#9594,.T.);
#8274=EDGE_CURVE('',#9595,#9595,#9596,.T.);
#8275=EDGE_CURVE('',#9597,#9597,#9598,.T.);
#8276=EDGE_CURVE('',#9558,#9599,#9600,.T.);
#8277=EDGE_CURVE('',#9599,#9551,#9601,.T.);
#8278=EDGE_CURVE('',#9555,#9602,#9603,.T.);
#8279=EDGE_CURVE('',#9560,#9604,#9605,.T.);
#8280=EDGE_CURVE('',#9602,#9604,#9606,.T.);
#8281=EDGE_CURVE('',#9554,#9607,#9608,.T.);
#8282=EDGE_CURVE('',#9563,#9607,#9609,.T.);
#8283=EDGE_CURVE('',#9577,#9569,#9610,.T.);
#8284=EDGE_CURVE('',#9611,#9569,#9612,.T.);
#8285=EDGE_CURVE('',#9611,#9572,#9613,.T.);
#8286=EDGE_CURVE('',#9614,#9615,#9616,.T.);
#8287=EDGE_CURVE('',#9574,#9615,#9617,.T.);
#8288=EDGE_CURVE('',#9614,#9572,#9618,.T.);
#8289=EDGE_CURVE('',#9577,#9619,#9620,.T.);
#8290=EDGE_CURVE('',#9619,#9574,#9621,.T.);
#8291=EDGE_CURVE('',#9602,#9607,#9622,.F.);
#8292=EDGE_CURVE('',#9599,#9604,#9623,.F.);
#8293=EDGE_CURVE('',#9624,#9624,#9625,.T.);
#8294=EDGE_CURVE('',#9626,#9626,#9627,.T.);
#8295=EDGE_CURVE('',#9628,#9628,#9629,.T.);
#8296=EDGE_CURVE('',#9630,#9630,#9631,.T.);
#8297=EDGE_CURVE('',#9632,#9632,#9633,.T.);
#8298=EDGE_CURVE('',#9634,#9634,#9635,.T.);
#8299=EDGE_CURVE('',#9636,#9636,#9637,.T.);
#8300=EDGE_CURVE('',#9638,#9638,#9639,.T.);
#8301=EDGE_CURVE('',#9640,#9640,#9641,.T.);
#8302=EDGE_CURVE('',#9619,#9611,#9642,.T.);
#8303=EDGE_CURVE('',#9643,#9614,#9644,.T.);
#8304=EDGE_CURVE('',#9643,#9611,#9645,.T.);
#8305=EDGE_CURVE('',#9646,#9614,#9647,.T.);
#8306=EDGE_CURVE('',#9646,#9648,#9649,.T.);
#8307=EDGE_CURVE('',#9615,#9648,#9650,.T.);
#8308=EDGE_CURVE('',#9651,#9615,#9652,.T.);
#8309=EDGE_CURVE('',#9619,#9651,#9653,.T.);
#8310=EDGE_CURVE('',#9643,#9651,#9654,.T.);
#8311=EDGE_CURVE('',#9655,#9643,#9656,.T.);
#8312=EDGE_CURVE('',#9655,#9646,#9657,.T.);
#8313=EDGE_CURVE('',#9658,#9659,#9660,.T.);
#8314=EDGE_CURVE('',#9648,#9658,#9661,.T.);
#8315=EDGE_CURVE('',#9659,#9646,#9662,.T.);
#8316=EDGE_CURVE('',#9651,#9663,#9664,.T.);
#8317=EDGE_CURVE('',#9663,#9648,#9665,.T.);
#8318=EDGE_CURVE('',#9655,#9663,#9666,.T.);
#8319=EDGE_CURVE('',#9667,#9659,#9668,.T.);
#8320=EDGE_CURVE('',#9667,#9655,#9669,.T.);
#8321=EDGE_CURVE('',#9670,#9659,#9671,.T.);
#8322=EDGE_CURVE('',#9672,#9670,#9673,.T.);
#8323=EDGE_CURVE('',#9658,#9672,#9674,.T.);
#8324=EDGE_CURVE('',#9675,#9658,#9676,.T.);
#8325=EDGE_CURVE('',#9663,#9675,#9677,.T.);
#8326=EDGE_CURVE('',#9675,#9667,#9678,.T.);
#8327=EDGE_CURVE('',#9679,#9667,#9680,.T.);
#8328=EDGE_CURVE('',#9679,#9670,#9681,.T.);
#8329=EDGE_CURVE('',#9682,#9683,#9684,.T.);
#8330=EDGE_CURVE('',#9685,#9682,#9686,.T.);
#8331=EDGE_CURVE('',#9687,#9685,#9688,.T.);
#8332=EDGE_CURVE('',#9672,#9687,#9689,.T.);
#8333=EDGE_CURVE('',#9690,#9670,#9691,.T.);
#8334=EDGE_CURVE('',#9692,#9690,#9693,.T.);
#8335=EDGE_CURVE('',#9683,#9692,#9694,.T.);
#8336=EDGE_CURVE('',#9675,#9695,#9696,.T.);
#8337=EDGE_CURVE('',#9695,#9672,#9697,.T.);
#8338=EDGE_CURVE('',#9695,#9679,#9698,.T.);
#8339=EDGE_CURVE('',#9699,#9679,#9700,.T.);
#8340=EDGE_CURVE('',#9690,#9699,#9701,.T.);
#8341=EDGE_CURVE('',#9702,#9703,#9704,.T.);
#8342=EDGE_CURVE('',#9682,#9702,#9705,.T.);
#8343=EDGE_CURVE('',#9703,#9683,#9706,.T.);
#8344=EDGE_CURVE('',#9707,#9682,#9708,.T.);
#8345=EDGE_CURVE('',#9709,#9707,#9710,.T.);
#8346=EDGE_CURVE('',#9685,#9709,#9711,.T.);
#8347=EDGE_CURVE('',#9712,#9709,#9713,.T.);
#8348=EDGE_CURVE('',#9687,#9712,#9714,.T.);
#8349=EDGE_CURVE('',#9695,#9712,#9715,.T.);
#8350=EDGE_CURVE('',#9716,#9699,#9717,.T.);
#8351=EDGE_CURVE('',#9692,#9716,#9718,.T.);
#8352=EDGE_CURVE('',#9719,#9683,#9720,.T.);
#8353=EDGE_CURVE('',#9719,#9716,#9721,.T.);
#8354=EDGE_CURVE('',#9707,#9719,#9722,.T.);
#8355=EDGE_CURVE('',#9723,#9703,#9724,.T.);
#8356=EDGE_CURVE('',#9725,#9723,#9726,.T.);
#8357=EDGE_CURVE('',#9727,#9725,#9728,.T.);
#8358=EDGE_CURVE('',#9729,#9727,#9730,.T.);
#8359=EDGE_CURVE('',#9731,#9729,#9732,.T.);
#8360=EDGE_CURVE('',#9733,#9731,#9734,.T.);
#8361=EDGE_CURVE('',#9702,#9733,#9735,.T.);
#8362=EDGE_CURVE('',#9736,#9737,#9738,.T.);
#8363=EDGE_CURVE('',#9737,#9739,#9740,.T.);
#8364=EDGE_CURVE('',#9739,#9741,#9742,.T.);
#8365=EDGE_CURVE('',#9741,#9736,#9743,.T.);
#8366=EDGE_CURVE('',#9744,#9702,#9745,.T.);
#8367=EDGE_CURVE('',#9707,#9744,#9746,.T.);
#8368=EDGE_CURVE('',#9747,#9719,#9748,.T.);
#8369=EDGE_CURVE('',#9747,#9703,#9749,.T.);
#8370=EDGE_CURVE('',#9744,#9747,#9750,.T.);
#8371=EDGE_CURVE('',#9751,#9747,#9752,.T.);
#8372=EDGE_CURVE('',#9723,#9751,#9753,.T.);
#8373=EDGE_CURVE('',#9754,#9751,#9755,.T.);
#8374=EDGE_CURVE('',#9725,#9754,#9756,.T.);
#8375=EDGE_CURVE('',#9757,#9754,#9758,.T.);
#8376=EDGE_CURVE('',#9727,#9757,#9759,.T.);
#8377=EDGE_CURVE('',#9760,#9757,#9761,.T.);
#8378=EDGE_CURVE('',#9729,#9760,#9762,.T.);
#8379=EDGE_CURVE('',#9763,#9760,#9764,.T.);
#8380=EDGE_CURVE('',#9731,#9763,#9765,.T.);
#8381=EDGE_CURVE('',#9766,#9763,#9767,.T.);
#8382=EDGE_CURVE('',#9733,#9766,#9768,.T.);
#8383=EDGE_CURVE('',#9744,#9766,#9769,.T.);
#8384=EDGE_CURVE('',#9770,#9771,#9772,.F.);
#8385=EDGE_CURVE('',#9737,#9770,#9773,.T.);
#8386=EDGE_CURVE('',#9736,#9771,#9774,.T.);
#8387=EDGE_CURVE('',#9775,#9770,#9776,.F.);
#8388=EDGE_CURVE('',#9739,#9775,#9777,.T.);
#8389=EDGE_CURVE('',#9778,#9775,#9779,.F.);
#8390=EDGE_CURVE('',#9741,#9778,#9780,.T.);
#8391=EDGE_CURVE('',#9771,#9778,#9781,.F.);
#8392=EDGE_CURVE('',#9782,#9783,#9784,.T.);
#8393=EDGE_CURVE('',#9785,#9782,#9786,.T.);
#8394=EDGE_CURVE('',#9787,#9785,#9788,.T.);
#8395=EDGE_CURVE('',#9789,#9787,#9790,.T.);
#8396=EDGE_CURVE('',#9789,#9791,#9792,.T.);
#8397=EDGE_CURVE('',#9793,#9791,#9794,.T.);
#8398=EDGE_CURVE('',#9795,#9793,#9796,.T.);
#8399=EDGE_CURVE('',#9783,#9795,#9797,.T.);
#8400=EDGE_CURVE('',#9798,#9783,#9799,.T.);
#8401=EDGE_CURVE('',#9795,#9800,#9801,.T.);
#8402=EDGE_CURVE('',#9798,#9800,#9802,.T.);
#8403=EDGE_CURVE('',#9793,#9803,#9804,.T.);
#8404=EDGE_CURVE('',#9800,#9803,#9805,.T.);
#8405=EDGE_CURVE('',#9806,#9791,#9807,.T.);
#8406=EDGE_CURVE('',#9803,#9806,#9808,.T.);
#8407=EDGE_CURVE('',#9809,#9810,#9811,.T.);
#8408=EDGE_CURVE('',#9791,#9810,#9812,.T.);
#8409=EDGE_CURVE('',#9809,#9789,#9813,.T.);
#8410=EDGE_CURVE('',#9814,#9789,#9815,.T.);
#8411=EDGE_CURVE('',#9787,#9816,#9817,.T.);
#8412=EDGE_CURVE('',#9814,#9816,#9818,.T.);
#8413=EDGE_CURVE('',#9785,#9819,#9820,.T.);
#8414=EDGE_CURVE('',#9816,#9819,#9821,.T.);
#8415=EDGE_CURVE('',#9822,#9782,#9823,.T.);
#8416=EDGE_CURVE('',#9819,#9822,#9824,.T.);
#8417=EDGE_CURVE('',#9825,#9826,#9827,.T.);
#8418=EDGE_CURVE('',#9782,#9825,#9828,.T.);
#8419=EDGE_CURVE('',#9826,#9783,#9829,.T.);
#8420=EDGE_CURVE('',#9822,#9798,#9830,.T.);
#8421=EDGE_CURVE('',#9814,#9806,#9831,.T.);
#8422=EDGE_CURVE('',#9832,#9810,#9833,.T.);
#8423=EDGE_CURVE('',#9806,#9832,#9834,.T.);
#8424=EDGE_CURVE('',#9835,#9814,#9836,.T.);
#8425=EDGE_CURVE('',#9835,#9809,#9837,.T.);
#8426=EDGE_CURVE('',#9838,#9809,#9839,.T.);
#8427=EDGE_CURVE('',#9840,#9838,#9841,.T.);
#8428=EDGE_CURVE('',#9810,#9840,#9842,.T.);
#8429=EDGE_CURVE('',#9843,#9826,#9844,.T.);
#8430=EDGE_CURVE('',#9845,#9843,#9846,.T.);
#8431=EDGE_CURVE('',#9847,#9845,#9848,.T.);
#8432=EDGE_CURVE('',#9849,#9847,#9850,.T.);
#8433=EDGE_CURVE('',#9851,#9849,#9852,.T.);
#8434=EDGE_CURVE('',#9853,#9851,#9854,.T.);
#8435=EDGE_CURVE('',#9825,#9853,#9855,.T.);
#8436=EDGE_CURVE('',#9856,#9857,#9858,.T.);
#8437=EDGE_CURVE('',#9857,#9859,#9860,.T.);
#8438=EDGE_CURVE('',#9859,#9861,#9862,.T.);
#8439=EDGE_CURVE('',#9861,#9856,#9863,.T.);
#8440=EDGE_CURVE('',#9835,#9832,#9864,.T.);
#8441=EDGE_CURVE('',#9865,#9866,#9867,.T.);
#8442=EDGE_CURVE('',#9866,#9798,#9868,.T.);
#8443=EDGE_CURVE('',#9822,#9865,#9869,.T.);
#8444=EDGE_CURVE('',#9866,#9826,#9870,.T.);
#8445=EDGE_CURVE('',#9871,#9866,#9872,.T.);
#8446=EDGE_CURVE('',#9843,#9871,#9873,.T.);
#8447=EDGE_CURVE('',#9874,#9840,#9875,.T.);
#8448=EDGE_CURVE('',#9832,#9874,#9876,.T.);
#8449=EDGE_CURVE('',#9877,#9835,#9878,.T.);
#8450=EDGE_CURVE('',#9877,#9838,#9879,.T.);
#8451=EDGE_CURVE('',#9880,#9881,#9882,.T.);
#8452=EDGE_CURVE('',#9840,#9880,#9883,.T.);
#8453=EDGE_CURVE('',#9881,#9838,#9884,.T.);
#8454=EDGE_CURVE('',#9865,#9825,#9885,.T.);
#8455=EDGE_CURVE('',#9853,#9886,#9887,.T.);
#8456=EDGE_CURVE('',#9865,#9886,#9888,.T.);
#8457=EDGE_CURVE('',#9889,#9890,#9891,.F.);
#8458=EDGE_CURVE('',#9856,#9889,#9892,.T.);
#8459=EDGE_CURVE('',#9861,#9890,#9893,.T.);
#8460=EDGE_CURVE('',#9890,#9894,#9895,.F.);
#8461=EDGE_CURVE('',#9859,#9894,#9896,.T.);
#8462=EDGE_CURVE('',#9894,#9897,#9898,.F.);
#8463=EDGE_CURVE('',#9857,#9897,#9899,.T.);
#8464=EDGE_CURVE('',#9897,#9889,#9900,.F.);
#8465=EDGE_CURVE('',#9851,#9901,#9902,.T.);
#8466=EDGE_CURVE('',#9886,#9901,#9903,.T.);
#8467=EDGE_CURVE('',#9849,#9904,#9905,.T.);
#8468=EDGE_CURVE('',#9901,#9904,#9906,.T.);
#8469=EDGE_CURVE('',#9847,#9907,#9908,.T.);
#8470=EDGE_CURVE('',#9904,#9907,#9909,.T.);
#8471=EDGE_CURVE('',#9845,#9910,#9911,.T.);
#8472=EDGE_CURVE('',#9907,#9910,#9912,.T.);
#8473=EDGE_CURVE('',#9910,#9871,#9913,.T.);
#8474=EDGE_CURVE('',#9874,#9877,#9914,.T.);
#8475=EDGE_CURVE('',#9915,#9880,#9916,.T.);
#8476=EDGE_CURVE('',#9874,#9915,#9917,.T.);
#8477=EDGE_CURVE('',#9918,#9877,#9919,.T.);
#8478=EDGE_CURVE('',#9918,#9881,#9920,.T.);
#8479=EDGE_CURVE('',#9921,#9922,#9923,.F.);
#8480=EDGE_CURVE('',#9924,#9921,#9925,.T.);
#8481=EDGE_CURVE('',#9926,#9924,#9927,.F.);
#8482=EDGE_CURVE('',#9880,#9926,#9928,.T.);
#8483=EDGE_CURVE('',#9922,#9881,#9929,.T.);
#8484=EDGE_CURVE('',#9930,#9930,#9931,.T.);
#8485=EDGE_CURVE('',#9915,#9918,#9932,.T.);
#8486=EDGE_CURVE('',#9926,#9933,#9934,.T.);
#8487=EDGE_CURVE('',#9915,#9933,#9935,.T.);
#8488=EDGE_CURVE('',#9922,#9936,#9937,.T.);
#8489=EDGE_CURVE('',#9936,#9918,#9938,.T.);
#8490=EDGE_CURVE('',#9921,#9939,#9940,.T.);
#8491=EDGE_CURVE('',#9941,#9939,#9942,.T.);
#8492=EDGE_CURVE('',#9924,#9941,#9943,.T.);
#8493=EDGE_CURVE('',#9936,#9939,#9944,.F.);
#8494=EDGE_CURVE('',#9941,#9933,#9945,.F.);
#8495=EDGE_CURVE('',#9946,#9946,#9947,.T.);
#8496=EDGE_CURVE('',#9948,#9948,#9949,.T.);
#8497=EDGE_CURVE('',#9950,#9950,#9951,.T.);
#8498=EDGE_CURVE('',#9952,#9952,#9953,.T.);
#8499=EDGE_CURVE('',#9954,#9954,#9955,.T.);
#8500=EDGE_CURVE('',#9956,#9956,#9957,.T.);
#8501=EDGE_CURVE('',#9958,#9958,#9959,.T.);
#8502=EDGE_CURVE('',#9960,#9960,#9961,.T.);
#8503=EDGE_CURVE('',#9962,#9962,#9963,.T.);
#8504=EDGE_CURVE('',#9964,#9964,#9965,.T.);
#8505=EDGE_CURVE('',#9966,#9966,#9967,.T.);
#8506=EDGE_CURVE('',#9968,#9969,#9970,.T.);
#8507=EDGE_CURVE('',#9971,#9968,#9972,.F.);
#8508=EDGE_CURVE('',#9973,#9971,#9974,.F.);
#8509=EDGE_CURVE('',#9975,#9973,#9976,.T.);
#8510=EDGE_CURVE('',#9977,#9975,#9978,.T.);
#8511=EDGE_CURVE('',#9979,#9977,#9980,.F.);
#8512=EDGE_CURVE('',#9979,#9981,#9982,.T.);
#8513=EDGE_CURVE('',#9981,#9983,#9984,.T.);
#8514=EDGE_CURVE('',#9983,#9985,#9986,.T.);
#8515=EDGE_CURVE('',#9987,#9985,#9988,.F.);
#8516=EDGE_CURVE('',#9987,#9989,#9990,.T.);
#8517=EDGE_CURVE('',#9969,#9989,#9991,.F.);
#8518=EDGE_CURVE('',#9992,#9993,#9994,.T.);
#8519=EDGE_CURVE('',#9995,#9992,#9996,.T.);
#8520=EDGE_CURVE('',#9997,#9995,#9998,.T.);
#8521=EDGE_CURVE('',#9999,#9997,#10000,.F.);
#8522=EDGE_CURVE('',#10001,#9999,#10002,.T.);
#8523=EDGE_CURVE('',#10003,#10001,#10004,.T.);
#8524=EDGE_CURVE('',#10005,#10003,#10006,.F.);
#8525=EDGE_CURVE('',#10005,#10007,#10008,.T.);
#8526=EDGE_CURVE('',#10009,#10007,#10010,.T.);
#8527=EDGE_CURVE('',#10011,#10009,#10012,.T.);
#8528=EDGE_CURVE('',#10013,#10011,#10014,.F.);
#8529=EDGE_CURVE('',#10013,#10015,#10016,.T.);
#8530=EDGE_CURVE('',#10015,#10017,#10018,.T.);
#8531=EDGE_CURVE('',#10019,#10017,#10020,.F.);
#8532=EDGE_CURVE('',#10021,#10019,#10022,.F.);
#8533=EDGE_CURVE('',#9993,#10021,#10023,.T.);
#8534=EDGE_CURVE('',#10024,#10025,#10026,.T.);
#8535=EDGE_CURVE('',#10027,#10024,#10028,.F.);
#8536=EDGE_CURVE('',#10029,#10027,#10030,.F.);
#8537=EDGE_CURVE('',#10031,#10029,#10032,.T.);
#8538=EDGE_CURVE('',#10033,#10031,#10034,.T.);
#8539=EDGE_CURVE('',#10035,#10033,#10036,.F.);
#8540=EDGE_CURVE('',#10035,#10037,#10038,.T.);
#8541=EDGE_CURVE('',#10037,#10039,#10040,.T.);
#8542=EDGE_CURVE('',#10039,#10041,#10042,.T.);
#8543=EDGE_CURVE('',#10043,#10041,#10044,.F.);
#8544=EDGE_CURVE('',#10043,#10045,#10046,.T.);
#8545=EDGE_CURVE('',#10025,#10045,#10047,.F.);
#8546=EDGE_CURVE('',#10048,#10049,#10050,.T.);
#8547=EDGE_CURVE('',#10051,#10048,#10052,.T.);
#8548=EDGE_CURVE('',#10053,#10051,#10054,.F.);
#8549=EDGE_CURVE('',#10053,#10055,#10056,.T.);
#8550=EDGE_CURVE('',#10057,#10055,#10058,.T.);
#8551=EDGE_CURVE('',#10059,#10057,#10060,.T.);
#8552=EDGE_CURVE('',#10061,#10059,#10062,.F.);
#8553=EDGE_CURVE('',#10061,#10063,#10064,.T.);
#8554=EDGE_CURVE('',#10063,#10065,#10066,.T.);
#8555=EDGE_CURVE('',#10067,#10065,#10068,.F.);
#8556=EDGE_CURVE('',#10069,#10067,#10070,.F.);
#8557=EDGE_CURVE('',#10049,#10069,#10071,.T.);
#8558=EDGE_CURVE('',#10072,#10073,#10074,.T.);
#8559=EDGE_CURVE('',#10075,#10072,#10076,.F.);
#8560=EDGE_CURVE('',#10077,#10075,#10078,.F.);
#8561=EDGE_CURVE('',#10079,#10077,#10080,.T.);
#8562=EDGE_CURVE('',#10081,#10079,#10082,.T.);
#8563=EDGE_CURVE('',#10083,#10081,#10084,.F.);
#8564=EDGE_CURVE('',#10083,#10085,#10086,.T.);
#8565=EDGE_CURVE('',#10085,#10087,#10088,.T.);
#8566=EDGE_CURVE('',#10087,#10089,#10090,.T.);
#8567=EDGE_CURVE('',#10091,#10089,#10092,.F.);
#8568=EDGE_CURVE('',#10091,#10093,#10094,.T.);
#8569=EDGE_CURVE('',#10073,#10093,#10095,.F.);
#8570=EDGE_CURVE('',#10096,#10097,#10098,.T.);
#8571=EDGE_CURVE('',#10099,#10096,#10100,.F.);
#8572=EDGE_CURVE('',#10101,#10099,#10102,.F.);
#8573=EDGE_CURVE('',#10103,#10101,#10104,.T.);
#8574=EDGE_CURVE('',#10105,#10103,#10106,.T.);
#8575=EDGE_CURVE('',#10107,#10105,#10108,.F.);
#8576=EDGE_CURVE('',#10107,#10109,#10110,.T.);
#8577=EDGE_CURVE('',#10109,#10111,#10112,.T.);
#8578=EDGE_CURVE('',#10111,#10113,#10114,.T.);
#8579=EDGE_CURVE('',#10115,#10113,#10116,.F.);
#8580=EDGE_CURVE('',#10115,#10117,#10118,.T.);
#8581=EDGE_CURVE('',#10119,#10117,#10120,.F.);
#8582=EDGE_CURVE('',#10121,#10119,#10122,.F.);
#8583=EDGE_CURVE('',#10123,#10121,#10124,.F.);
#8584=EDGE_CURVE('',#10125,#10123,#10126,.T.);
#8585=EDGE_CURVE('',#10097,#10125,#10127,.F.);
#8586=EDGE_CURVE('',#10128,#10129,#10130,.T.);
#8587=EDGE_CURVE('',#10131,#10128,#10132,.T.);
#8588=EDGE_CURVE('',#10133,#10131,#10134,.F.);
#8589=EDGE_CURVE('',#10133,#10135,#10136,.T.);
#8590=EDGE_CURVE('',#10137,#10135,#10138,.T.);
#8591=EDGE_CURVE('',#10139,#10137,#10140,.T.);
#8592=EDGE_CURVE('',#10141,#10139,#10142,.F.);
#8593=EDGE_CURVE('',#10141,#10143,#10144,.T.);
#8594=EDGE_CURVE('',#10143,#10145,#10146,.T.);
#8595=EDGE_CURVE('',#10147,#10145,#10148,.F.);
#8596=EDGE_CURVE('',#10149,#10147,#10150,.F.);
#8597=EDGE_CURVE('',#10129,#10149,#10151,.T.);
#8598=EDGE_CURVE('',#10152,#10153,#10154,.T.);
#8599=EDGE_CURVE('',#10155,#10153,#10156,.T.);
#8600=EDGE_CURVE('',#10157,#10155,#10158,.F.);
#8601=EDGE_CURVE('',#10159,#10157,#10160,.F.);
#8602=EDGE_CURVE('',#10161,#10159,#10162,.T.);
#8603=EDGE_CURVE('',#10161,#10163,#10164,.T.);
#8604=EDGE_CURVE('',#10165,#10163,#10166,.T.);
#8605=EDGE_CURVE('',#10167,#10165,#10168,.F.);
#8606=EDGE_CURVE('',#10167,#10169,#10170,.T.);
#8607=EDGE_CURVE('',#10152,#10169,#10171,.T.);
#8608=EDGE_CURVE('',#10172,#10173,#10174,.F.);
#8609=EDGE_CURVE('',#10172,#10175,#10176,.T.);
#8610=EDGE_CURVE('',#10175,#10177,#10178,.T.);
#8611=EDGE_CURVE('',#10177,#10179,#10180,.T.);
#8612=EDGE_CURVE('',#10181,#10179,#10182,.T.);
#8613=EDGE_CURVE('',#10183,#10181,#10184,.F.);
#8614=EDGE_CURVE('',#10183,#10185,#10186,.T.);
#8615=EDGE_CURVE('',#10187,#10185,#10188,.T.);
#8616=EDGE_CURVE('',#10189,#10187,#10190,.T.);
#8617=EDGE_CURVE('',#10173,#10189,#10191,.F.);
#8618=EDGE_CURVE('',#10192,#10193,#10194,.F.);
#8619=EDGE_CURVE('',#10195,#10192,#10196,.T.);
#8620=EDGE_CURVE('',#10195,#10197,#10198,.T.);
#8621=EDGE_CURVE('',#10199,#10197,#10200,.T.);
#8622=EDGE_CURVE('',#10201,#10199,#10202,.F.);
#8623=EDGE_CURVE('',#10201,#10203,#10204,.T.);
#8624=EDGE_CURVE('',#10205,#10203,#10206,.T.);
#8625=EDGE_CURVE('',#10205,#10207,#10208,.T.);
#8626=EDGE_CURVE('',#10209,#10207,#10210,.T.);
#8627=EDGE_CURVE('',#10193,#10209,#10211,.F.);
#8628=EDGE_CURVE('',#10212,#10213,#10214,.F.);
#8629=EDGE_CURVE('',#10212,#10215,#10216,.T.);
#8630=EDGE_CURVE('',#10215,#10217,#10218,.T.);
#8631=EDGE_CURVE('',#10217,#10219,#10220,.T.);
#8632=EDGE_CURVE('',#10221,#10219,#10222,.T.);
#8633=EDGE_CURVE('',#10223,#10221,#10224,.F.);
#8634=EDGE_CURVE('',#10223,#10225,#10226,.T.);
#8635=EDGE_CURVE('',#10227,#10225,#10228,.T.);
#8636=EDGE_CURVE('',#10229,#10227,#10230,.T.);
#8637=EDGE_CURVE('',#10213,#10229,#10231,.F.);
#8638=EDGE_CURVE('',#10232,#10233,#10234,.F.);
#8639=EDGE_CURVE('',#10232,#10235,#10236,.T.);
#8640=EDGE_CURVE('',#10235,#10237,#10238,.T.);
#8641=EDGE_CURVE('',#10237,#10239,#10240,.T.);
#8642=EDGE_CURVE('',#10241,#10239,#10242,.T.);
#8643=EDGE_CURVE('',#10243,#10241,#10244,.F.);
#8644=EDGE_CURVE('',#10243,#10245,#10246,.T.);
#8645=EDGE_CURVE('',#10247,#10245,#10248,.T.);
#8646=EDGE_CURVE('',#10249,#10247,#10250,.T.);
#8647=EDGE_CURVE('',#10233,#10249,#10251,.F.);
#8648=EDGE_CURVE('',#10252,#10253,#10254,.T.);
#8649=EDGE_CURVE('',#10255,#10253,#10256,.T.);
#8650=EDGE_CURVE('',#10257,#10255,#10258,.F.);
#8651=EDGE_CURVE('',#10259,#10257,#10260,.F.);
#8652=EDGE_CURVE('',#10261,#10259,#10262,.T.);
#8653=EDGE_CURVE('',#10261,#10263,#10264,.T.);
#8654=EDGE_CURVE('',#10265,#10263,#10266,.T.);
#8655=EDGE_CURVE('',#10267,#10265,#10268,.F.);
#8656=EDGE_CURVE('',#10267,#10269,#10270,.T.);
#8657=EDGE_CURVE('',#10252,#10269,#10271,.T.);
#8658=EDGE_CURVE('',#10272,#10273,#10274,.F.);
#8659=EDGE_CURVE('',#10272,#10275,#10276,.T.);
#8660=EDGE_CURVE('',#10275,#10277,#10278,.T.);
#8661=EDGE_CURVE('',#10277,#10279,#10280,.T.);
#8662=EDGE_CURVE('',#10281,#10279,#10282,.T.);
#8663=EDGE_CURVE('',#10283,#10281,#10284,.F.);
#8664=EDGE_CURVE('',#10283,#10285,#10286,.T.);
#8665=EDGE_CURVE('',#10287,#10285,#10288,.T.);
#8666=EDGE_CURVE('',#10289,#10287,#10290,.T.);
#8667=EDGE_CURVE('',#10273,#10289,#10291,.F.);
#8668=EDGE_CURVE('',#10292,#10293,#10294,.F.);
#8669=EDGE_CURVE('',#10295,#10292,#10296,.F.);
#8670=EDGE_CURVE('',#10297,#10295,#10298,.T.);
#8671=EDGE_CURVE('',#10299,#10297,#10300,.F.);
#8672=EDGE_CURVE('',#10299,#10301,#10302,.T.);
#8673=EDGE_CURVE('',#10301,#10293,#10303,.T.);
#8674=EDGE_CURVE('',#10304,#10305,#10306,.F.);
#8675=EDGE_CURVE('',#10307,#10304,#10308,.T.);
#8676=EDGE_CURVE('',#10307,#10309,#10310,.T.);
#8677=EDGE_CURVE('',#10311,#10309,#10312,.T.);
#8678=EDGE_CURVE('',#10313,#10311,#10314,.F.);
#8679=EDGE_CURVE('',#10313,#10305,#10315,.T.);
#8680=EDGE_CURVE('',#10316,#10309,#10317,.T.);
#8681=EDGE_CURVE('',#10318,#10307,#10319,.T.);
#8682=EDGE_CURVE('',#10318,#10316,#10320,.T.);
#8683=EDGE_CURVE('',#10285,#10321,#10322,.T.);
#8684=EDGE_CURVE('',#10323,#10321,#10324,.T.);
#8685=EDGE_CURVE('',#10287,#10323,#10325,.T.);
#8686=EDGE_CURVE('',#10269,#10279,#10326,.T.);
#8687=EDGE_CURVE('',#10252,#10277,#10327,.T.);
#8688=EDGE_CURVE('',#10328,#10263,#10329,.T.);
#8689=EDGE_CURVE('',#10330,#10261,#10331,.T.);
#8690=EDGE_CURVE('',#10330,#10328,#10332,.T.);
#8691=EDGE_CURVE('',#10245,#10333,#10334,.T.);
#8692=EDGE_CURVE('',#10335,#10333,#10336,.T.);
#8693=EDGE_CURVE('',#10247,#10335,#10337,.T.);
#8694=EDGE_CURVE('',#10338,#10239,#10339,.T.);
#8695=EDGE_CURVE('',#10340,#10237,#10341,.T.);
#8696=EDGE_CURVE('',#10340,#10338,#10342,.T.);
#8697=EDGE_CURVE('',#10343,#10338,#10344,.T.);
#8698=EDGE_CURVE('',#10345,#10340,#10346,.T.);
#8699=EDGE_CURVE('',#10343,#10345,#10347,.F.);
#8700=EDGE_CURVE('',#10225,#10348,#10349,.T.);
#8701=EDGE_CURVE('',#10350,#10348,#10351,.T.);
#8702=EDGE_CURVE('',#10227,#10350,#10352,.T.);
#8703=EDGE_CURVE('',#10203,#10219,#10353,.T.);
#8704=EDGE_CURVE('',#10205,#10217,#10354,.T.);
#8705=EDGE_CURVE('',#10355,#10197,#10356,.T.);
#8706=EDGE_CURVE('',#10357,#10195,#10358,.T.);
#8707=EDGE_CURVE('',#10357,#10355,#10359,.T.);
#8708=EDGE_CURVE('',#10185,#10360,#10361,.T.);
#8709=EDGE_CURVE('',#10362,#10360,#10363,.T.);
#8710=EDGE_CURVE('',#10187,#10362,#10364,.T.);
#8711=EDGE_CURVE('',#10169,#10179,#10365,.T.);
#8712=EDGE_CURVE('',#10152,#10177,#10366,.T.);
#8713=EDGE_CURVE('',#10367,#10163,#10368,.T.);
#8714=EDGE_CURVE('',#10369,#10161,#10370,.T.);
#8715=EDGE_CURVE('',#10369,#10367,#10371,.T.);
#8716=EDGE_CURVE('',#10301,#10372,#10373,.T.);
#8717=EDGE_CURVE('',#10372,#10374,#10375,.T.);
#8718=EDGE_CURVE('',#10293,#10374,#10376,.F.);
#8719=EDGE_CURVE('',#10377,#10378,#10379,.T.);
#8720=EDGE_CURVE('',#10380,#10378,#10381,.F.);
#8721=EDGE_CURVE('',#10382,#10380,#10383,.T.);
#8722=EDGE_CURVE('',#10377,#10382,#10384,.T.);
#8723=EDGE_CURVE('',#10385,#10367,#10386,.T.);
#8724=EDGE_CURVE('',#10387,#10369,#10388,.T.);
#8725=EDGE_CURVE('',#10385,#10387,#10389,.F.);
#8726=EDGE_CURVE('',#10360,#10390,#10391,.T.);
#8727=EDGE_CURVE('',#10392,#10390,#10393,.F.);
#8728=EDGE_CURVE('',#10362,#10392,#10394,.T.);
#8729=EDGE_CURVE('',#10395,#10355,#10396,.T.);
#8730=EDGE_CURVE('',#10397,#10357,#10398,.T.);
#8731=EDGE_CURVE('',#10395,#10397,#10399,.F.);
#8732=EDGE_CURVE('',#10348,#10400,#10401,.T.);
#8733=EDGE_CURVE('',#10402,#10400,#10403,.F.);
#8734=EDGE_CURVE('',#10350,#10402,#10404,.T.);
#8735=EDGE_CURVE('',#10405,#10316,#10406,.T.);
#8736=EDGE_CURVE('',#10407,#10318,#10408,.T.);
#8737=EDGE_CURVE('',#10405,#10407,#10409,.F.);
#8738=EDGE_CURVE('',#10333,#10410,#10411,.T.);
#8739=EDGE_CURVE('',#10412,#10410,#10413,.F.);
#8740=EDGE_CURVE('',#10335,#10412,#10414,.T.);
#8741=EDGE_CURVE('',#10415,#10328,#10416,.T.);
#8742=EDGE_CURVE('',#10417,#10330,#10418,.T.);
#8743=EDGE_CURVE('',#10415,#10417,#10419,.F.);
#8744=EDGE_CURVE('',#10321,#10420,#10421,.T.);
#8745=EDGE_CURVE('',#10422,#10420,#10423,.F.);
#8746=EDGE_CURVE('',#10323,#10422,#10424,.T.);
#8747=EDGE_CURVE('',#10425,#10426,#10427,.T.);
#8748=EDGE_CURVE('',#10426,#10428,#10429,.T.);
#8749=EDGE_CURVE('',#10430,#10428,#10431,.F.);
#8750=EDGE_CURVE('',#10425,#10430,#10432,.F.);
#8751=EDGE_CURVE('',#10433,#10434,#10435,.T.);
#8752=EDGE_CURVE('',#10436,#10434,#10437,.F.);
#8753=EDGE_CURVE('',#10438,#10436,#10439,.F.);
#8754=EDGE_CURVE('',#10433,#10438,#10440,.T.);
#8755=EDGE_CURVE('',#10441,#10442,#10443,.T.);
#8756=EDGE_CURVE('',#10442,#10444,#10445,.T.);
#8757=EDGE_CURVE('',#10446,#10444,#10447,.F.);
#8758=EDGE_CURVE('',#10441,#10446,#10448,.F.);
#8759=EDGE_CURVE('',#10372,#10449,#10450,.T.);
#8760=EDGE_CURVE('',#10451,#10449,#10452,.F.);
#8761=EDGE_CURVE('',#10374,#10451,#10453,.F.);
#8762=EDGE_CURVE('',#10454,#10455,#10456,.T.);
#8763=EDGE_CURVE('',#10455,#10457,#10458,.T.);
#8764=EDGE_CURVE('',#10459,#10457,#10460,.F.);
#8765=EDGE_CURVE('',#10454,#10459,#10461,.F.);
#8766=EDGE_CURVE('',#10462,#10463,#10464,.T.);
#8767=EDGE_CURVE('',#10465,#10463,#10466,.F.);
#8768=EDGE_CURVE('',#10467,#10465,#10468,.F.);
#8769=EDGE_CURVE('',#10462,#10467,#10469,.T.);
#8770=EDGE_CURVE('',#10470,#10471,#10472,.T.);
#8771=EDGE_CURVE('',#10471,#10473,#10474,.T.);
#8772=EDGE_CURVE('',#10475,#10473,#10476,.F.);
#8773=EDGE_CURVE('',#10470,#10475,#10477,.F.);
#8774=EDGE_CURVE('',#10478,#10479,#10480,.T.);
#8775=EDGE_CURVE('',#10481,#10479,#10482,.F.);
#8776=EDGE_CURVE('',#10483,#10481,#10484,.F.);
#8777=EDGE_CURVE('',#10478,#10483,#10485,.T.);
#8778=EDGE_CURVE('',#10305,#10343,#10486,.F.);
#8779=EDGE_CURVE('',#10345,#10487,#10488,.F.);
#8780=EDGE_CURVE('',#10487,#10489,#10490,.F.);
#8781=EDGE_CURVE('',#10489,#10213,#10491,.T.);
#8782=EDGE_CURVE('',#10229,#10304,#10492,.T.);
#8783=EDGE_CURVE('',#10143,#10433,#10493,.T.);
#8784=EDGE_CURVE('',#10145,#10438,#10494,.F.);
#8785=EDGE_CURVE('',#10109,#10137,#10495,.T.);
#8786=EDGE_CURVE('',#10111,#10135,#10496,.T.);
#8787=EDGE_CURVE('',#10426,#10103,#10497,.T.);
#8788=EDGE_CURVE('',#10428,#10101,#10498,.F.);
#8789=EDGE_CURVE('',#10085,#10377,#10499,.T.);
#8790=EDGE_CURVE('',#10087,#10382,#10500,.T.);
#8791=EDGE_CURVE('',#10442,#10079,#10501,.T.);
#8792=EDGE_CURVE('',#10444,#10077,#10502,.F.);
#8793=EDGE_CURVE('',#10063,#10462,#10503,.T.);
#8794=EDGE_CURVE('',#10065,#10467,#10504,.F.);
#8795=EDGE_CURVE('',#10037,#10057,#10505,.T.);
#8796=EDGE_CURVE('',#10039,#10055,#10506,.T.);
#8797=EDGE_CURVE('',#10455,#10031,#10507,.T.);
#8798=EDGE_CURVE('',#10457,#10029,#10508,.F.);
#8799=EDGE_CURVE('',#10378,#10295,#10509,.F.);
#8800=EDGE_CURVE('',#10027,#10292,#10510,.T.);
#8801=EDGE_CURVE('',#10024,#10511,#10512,.F.);
#8802=EDGE_CURVE('',#10511,#10513,#10514,.F.);
#8803=EDGE_CURVE('',#10513,#10380,#10515,.F.);
#8804=EDGE_CURVE('',#10015,#10478,#10516,.T.);
#8805=EDGE_CURVE('',#10017,#10483,#10517,.F.);
#8806=EDGE_CURVE('',#9981,#10009,#10518,.T.);
#8807=EDGE_CURVE('',#9983,#10007,#10519,.T.);
#8808=EDGE_CURVE('',#10471,#9975,#10520,.T.);
#8809=EDGE_CURVE('',#10473,#9973,#10521,.F.);
#8810=EDGE_CURVE('',#10390,#10183,#10522,.F.);
#8811=EDGE_CURVE('',#10181,#10167,#10523,.F.);
#8812=EDGE_CURVE('',#10165,#10385,#10524,.F.);
#8813=EDGE_CURVE('',#10387,#10525,#10526,.T.);
#8814=EDGE_CURVE('',#10527,#10525,#10528,.F.);
#8815=EDGE_CURVE('',#10527,#10529,#10530,.T.);
#8816=EDGE_CURVE('',#10529,#10531,#10532,.F.);
#8817=EDGE_CURVE('',#10531,#10533,#10534,.F.);
#8818=EDGE_CURVE('',#10533,#10535,#10536,.F.);
#8819=EDGE_CURVE('',#10535,#10537,#10538,.T.);
#8820=EDGE_CURVE('',#10539,#10537,#10540,.F.);
#8821=EDGE_CURVE('',#10481,#10539,#10541,.T.);
#8822=EDGE_CURVE('',#10479,#10013,#10542,.F.);
#8823=EDGE_CURVE('',#10011,#9979,#10543,.F.);
#8824=EDGE_CURVE('',#9977,#10470,#10544,.F.);
#8825=EDGE_CURVE('',#10465,#10475,#10545,.T.);
#8826=EDGE_CURVE('',#10463,#10061,#10546,.F.);
#8827=EDGE_CURVE('',#10059,#10035,#10547,.F.);
#8828=EDGE_CURVE('',#10033,#10454,#10548,.F.);
#8829=EDGE_CURVE('',#10451,#10459,#10549,.T.);
#8830=EDGE_CURVE('',#10449,#10299,#10550,.F.);
#8831=EDGE_CURVE('',#10297,#10083,#10551,.F.);
#8832=EDGE_CURVE('',#10081,#10441,#10552,.F.);
#8833=EDGE_CURVE('',#10436,#10446,#10553,.T.);
#8834=EDGE_CURVE('',#10434,#10141,#10554,.F.);
#8835=EDGE_CURVE('',#10139,#10107,#10555,.F.);
#8836=EDGE_CURVE('',#10105,#10425,#10556,.F.);
#8837=EDGE_CURVE('',#10557,#10430,#10558,.T.);
#8838=EDGE_CURVE('',#10559,#10557,#10560,.F.);
#8839=EDGE_CURVE('',#10561,#10559,#10562,.T.);
#8840=EDGE_CURVE('',#10561,#10563,#10564,.F.);
#8841=EDGE_CURVE('',#10563,#10565,#10566,.F.);
#8842=EDGE_CURVE('',#10565,#10567,#10568,.F.);
#8843=EDGE_CURVE('',#10569,#10567,#10570,.T.);
#8844=EDGE_CURVE('',#10571,#10569,#10572,.F.);
#8845=EDGE_CURVE('',#10571,#10422,#10573,.T.);
#8846=EDGE_CURVE('',#10420,#10283,#10574,.F.);
#8847=EDGE_CURVE('',#10281,#10267,#10575,.F.);
#8848=EDGE_CURVE('',#10265,#10415,#10576,.F.);
#8849=EDGE_CURVE('',#10417,#10412,#10577,.T.);
#8850=EDGE_CURVE('',#10410,#10243,#10578,.F.);
#8851=EDGE_CURVE('',#10241,#10313,#10579,.F.);
#8852=EDGE_CURVE('',#10311,#10405,#10580,.F.);
#8853=EDGE_CURVE('',#10407,#10402,#10581,.T.);
#8854=EDGE_CURVE('',#10400,#10223,#10582,.F.);
#8855=EDGE_CURVE('',#10221,#10201,#10583,.F.);
#8856=EDGE_CURVE('',#10199,#10395,#10584,.F.);
#8857=EDGE_CURVE('',#10397,#10392,#10585,.T.);
#8858=EDGE_CURVE('',#10586,#10586,#10587,.T.);
#8859=EDGE_CURVE('',#10588,#10588,#10589,.F.);
#8860=EDGE_CURVE('',#10590,#10590,#10591,.F.);
#8861=EDGE_CURVE('',#10592,#10592,#10593,.F.);
#8862=EDGE_CURVE('',#10594,#10594,#10595,.F.);
#8863=EDGE_CURVE('',#10003,#9987,#10596,.F.);
#8864=EDGE_CURVE('',#9985,#10005,#10597,.F.);
#8865=EDGE_CURVE('',#10051,#10043,#10598,.F.);
#8866=EDGE_CURVE('',#10041,#10053,#10599,.F.);
#8867=EDGE_CURVE('',#10600,#10091,#10601,.F.);
#8868=EDGE_CURVE('',#10089,#10602,#10603,.F.);
#8869=EDGE_CURVE('',#10602,#10600,#10604,.F.);
#8870=EDGE_CURVE('',#10131,#10115,#10605,.F.);
#8871=EDGE_CURVE('',#10113,#10133,#10606,.F.);
#8872=EDGE_CURVE('',#9968,#10069,#10607,.F.);
#8873=EDGE_CURVE('',#10608,#9969,#10609,.T.);
#8874=EDGE_CURVE('',#10610,#10608,#10611,.T.);
#8875=EDGE_CURVE('',#10049,#10610,#10612,.T.);
#8876=EDGE_CURVE('',#9971,#10067,#10613,.T.);
#8877=EDGE_CURVE('',#10155,#10614,#10615,.T.);
#8878=EDGE_CURVE('',#10614,#10616,#10617,.F.);
#8879=EDGE_CURVE('',#10616,#10172,#10618,.T.);
#8880=EDGE_CURVE('',#10193,#10173,#10619,.T.);
#8881=EDGE_CURVE('',#10209,#10620,#10621,.T.);
#8882=EDGE_CURVE('',#10620,#10622,#10623,.F.);
#8883=EDGE_CURVE('',#10622,#10212,#10624,.T.);
#8884=EDGE_CURVE('',#10489,#10625,#10626,.F.);
#8885=EDGE_CURVE('',#10625,#10627,#10628,.T.);
#8886=EDGE_CURVE('',#10627,#10629,#10630,.F.);
#8887=EDGE_CURVE('',#10629,#10232,#10631,.T.);
#8888=EDGE_CURVE('',#10257,#10233,#10632,.T.);
#8889=EDGE_CURVE('',#10255,#10633,#10634,.T.);
#8890=EDGE_CURVE('',#10633,#10635,#10636,.F.);
#8891=EDGE_CURVE('',#10635,#10272,#10637,.T.);
#8892=EDGE_CURVE('',#10638,#10273,#10639,.T.);
#8893=EDGE_CURVE('',#10638,#10640,#10641,.T.);
#8894=EDGE_CURVE('',#10640,#10642,#10643,.T.);
#8895=EDGE_CURVE('',#10644,#10642,#10645,.T.);
#8896=EDGE_CURVE('',#10644,#10646,#10647,.T.);
#8897=EDGE_CURVE('',#10646,#10117,#10648,.T.);
#8898=EDGE_CURVE('',#10128,#10649,#10650,.T.);
#8899=EDGE_CURVE('',#10649,#10651,#10652,.T.);
#8900=EDGE_CURVE('',#10651,#10093,#10653,.T.);
#8901=EDGE_CURVE('',#10600,#10654,#10655,.T.);
#8902=EDGE_CURVE('',#10654,#10656,#10657,.T.);
#8903=EDGE_CURVE('',#10656,#10658,#10659,.T.);
#8904=EDGE_CURVE('',#10658,#10045,#10660,.T.);
#8905=EDGE_CURVE('',#10048,#10661,#10662,.T.);
#8906=EDGE_CURVE('',#10661,#10663,#10664,.T.);
#8907=EDGE_CURVE('',#10663,#9989,#10665,.T.);
#8908=EDGE_CURVE('',#10001,#10666,#10667,.T.);
#8909=EDGE_CURVE('',#10666,#10668,#10669,.T.);
#8910=EDGE_CURVE('',#10668,#10670,#10671,.T.);
#8911=EDGE_CURVE('',#10670,#10672,#10673,.T.);
#8912=EDGE_CURVE('',#10672,#10674,#10675,.T.);
#8913=EDGE_CURVE('',#10157,#10674,#10676,.T.);
#8914=EDGE_CURVE('',#10663,#10677,#10678,.T.);
#8915=EDGE_CURVE('',#10677,#10679,#10680,.F.);
#8916=EDGE_CURVE('',#10679,#10681,#10682,.T.);
#8917=EDGE_CURVE('',#10681,#10683,#10684,.T.);
#8918=EDGE_CURVE('',#10683,#10608,#10685,.T.);
#8919=EDGE_CURVE('',#9993,#10686,#10687,.T.);
#8920=EDGE_CURVE('',#10686,#10688,#10689,.F.);
#8921=EDGE_CURVE('',#10688,#10690,#10691,.T.);
#8922=EDGE_CURVE('',#10690,#10692,#10693,.T.);
#8923=EDGE_CURVE('',#10692,#10694,#10695,.T.);
#8924=EDGE_CURVE('',#10696,#10694,#10697,.T.);
#8925=EDGE_CURVE('',#10696,#10698,#10699,.F.);
#8926=EDGE_CURVE('',#10698,#10700,#10701,.F.);
#8927=EDGE_CURVE('',#10700,#10702,#10703,.F.);
#8928=EDGE_CURVE('',#10702,#9992,#10704,.F.);
#8929=EDGE_CURVE('',#10702,#10705,#10706,.T.);
#8930=EDGE_CURVE('',#10707,#10705,#10708,.F.);
#8931=EDGE_CURVE('',#10709,#10707,#10710,.T.);
#8932=EDGE_CURVE('',#9995,#10709,#10711,.T.);
#8933=EDGE_CURVE('',#10709,#10712,#10713,.F.);
#8934=EDGE_CURVE('',#9997,#10712,#10714,.T.);
#8935=EDGE_CURVE('',#10712,#10715,#10716,.T.);
#8936=EDGE_CURVE('',#10717,#10715,#10718,.F.);
#8937=EDGE_CURVE('',#10719,#10717,#10720,.T.);
#8938=EDGE_CURVE('',#9999,#10719,#10721,.T.);
#8939=EDGE_CURVE('',#10719,#10722,#10723,.T.);
#8940=EDGE_CURVE('',#10722,#10724,#10725,.F.);
#8941=EDGE_CURVE('',#10724,#10726,#10727,.T.);
#8942=EDGE_CURVE('',#10672,#10726,#10728,.T.);
#8943=EDGE_CURVE('',#10670,#10729,#10730,.T.);
#8944=EDGE_CURVE('',#10729,#10731,#10732,.F.);
#8945=EDGE_CURVE('',#10731,#10666,#10733,.F.);
#8946=EDGE_CURVE('',#10539,#10734,#10735,.T.);
#8947=EDGE_CURVE('',#10734,#10019,#10736,.T.);
#8948=EDGE_CURVE('',#10737,#10734,#10738,.F.);
#8949=EDGE_CURVE('',#10739,#10737,#10740,.T.);
#8950=EDGE_CURVE('',#10739,#10741,#10742,.F.);
#8951=EDGE_CURVE('',#10741,#10743,#10744,.F.);
#8952=EDGE_CURVE('',#10743,#10021,#10745,.F.);
#8953=EDGE_CURVE('',#10694,#10743,#10746,.T.);
#8954=EDGE_CURVE('',#10692,#10747,#10748,.T.);
#8955=EDGE_CURVE('',#10686,#10747,#10749,.T.);
#8956=EDGE_CURVE('',#10750,#10511,#10751,.T.);
#8957=EDGE_CURVE('',#10752,#10025,#10753,.T.);
#8958=EDGE_CURVE('',#10754,#10752,#10755,.T.);
#8959=EDGE_CURVE('',#10750,#10754,#10756,.T.);
#8960=EDGE_CURVE('',#10658,#10757,#10758,.T.);
#8961=EDGE_CURVE('',#10757,#10759,#10760,.F.);
#8962=EDGE_CURVE('',#10759,#10761,#10762,.T.);
#8963=EDGE_CURVE('',#10761,#10763,#10764,.T.);
#8964=EDGE_CURVE('',#10763,#10752,#10765,.T.);
#8965=EDGE_CURVE('',#10610,#10766,#10767,.F.);
#8966=EDGE_CURVE('',#10766,#10768,#10769,.T.);
#8967=EDGE_CURVE('',#10768,#10770,#10771,.F.);
#8968=EDGE_CURVE('',#10770,#10772,#10773,.F.);
#8969=EDGE_CURVE('',#10772,#10661,#10774,.F.);
#8970=EDGE_CURVE('',#10072,#10149,#10775,.F.);
#8971=EDGE_CURVE('',#10776,#10073,#10777,.T.);
#8972=EDGE_CURVE('',#10778,#10776,#10779,.T.);
#8973=EDGE_CURVE('',#10129,#10778,#10780,.T.);
#8974=EDGE_CURVE('',#10075,#10147,#10781,.T.);
#8975=EDGE_CURVE('',#10602,#10513,#10782,.T.);
#8976=EDGE_CURVE('',#10651,#10783,#10784,.T.);
#8977=EDGE_CURVE('',#10783,#10785,#10786,.F.);
#8978=EDGE_CURVE('',#10785,#10787,#10788,.T.);
#8979=EDGE_CURVE('',#10787,#10789,#10790,.T.);
#8980=EDGE_CURVE('',#10789,#10776,#10791,.T.);
#8981=EDGE_CURVE('',#10792,#10097,#10793,.T.);
#8982=EDGE_CURVE('',#10794,#10792,#10795,.T.);
#8983=EDGE_CURVE('',#10796,#10794,#10797,.T.);
#8984=EDGE_CURVE('',#10798,#10796,#10799,.T.);
#8985=EDGE_CURVE('',#10800,#10798,#10801,.T.);
#8986=EDGE_CURVE('',#10096,#10800,#10802,.F.);
#8987=EDGE_CURVE('',#10803,#10804,#10805,.F.);
#8988=EDGE_CURVE('',#10099,#10803,#10806,.T.);
#8989=EDGE_CURVE('',#10800,#10807,#10808,.F.);
#8990=EDGE_CURVE('',#10807,#10809,#10810,.F.);
#8991=EDGE_CURVE('',#10809,#10804,#10811,.T.);
#8992=EDGE_CURVE('',#10803,#10557,#10812,.T.);
#8993=EDGE_CURVE('',#10646,#10813,#10814,.T.);
#8994=EDGE_CURVE('',#10813,#10815,#10816,.F.);
#8995=EDGE_CURVE('',#10815,#10642,#10817,.F.);
#8996=EDGE_CURVE('',#10640,#10818,#10819,.T.);
#8997=EDGE_CURVE('',#10818,#10820,#10821,.T.);
#8998=EDGE_CURVE('',#10820,#10822,#10823,.T.);
#8999=EDGE_CURVE('',#10822,#10824,#10825,.T.);
#9000=EDGE_CURVE('',#10824,#10119,#10826,.T.);
#9001=EDGE_CURVE('',#10827,#10824,#10828,.T.);
#9002=EDGE_CURVE('',#10829,#10827,#10830,.F.);
#9003=EDGE_CURVE('',#10829,#10831,#10832,.T.);
#9004=EDGE_CURVE('',#10831,#10121,#10833,.T.);
#9005=EDGE_CURVE('',#10831,#10834,#10835,.T.);
#9006=EDGE_CURVE('',#10834,#10123,#10836,.T.);
#9007=EDGE_CURVE('',#10837,#10834,#10838,.T.);
#9008=EDGE_CURVE('',#10839,#10837,#10840,.F.);
#9009=EDGE_CURVE('',#10839,#10841,#10842,.T.);
#9010=EDGE_CURVE('',#10125,#10841,#10843,.F.);
#9011=EDGE_CURVE('',#10841,#10844,#10845,.F.);
#9012=EDGE_CURVE('',#10844,#10846,#10847,.T.);
#9013=EDGE_CURVE('',#10846,#10848,#10849,.F.);
#9014=EDGE_CURVE('',#10848,#10798,#10850,.T.);
#9015=EDGE_CURVE('',#10796,#10851,#10852,.F.);
#9016=EDGE_CURVE('',#10851,#10853,#10854,.T.);
#9017=EDGE_CURVE('',#10853,#10792,#10855,.T.);
#9018=EDGE_CURVE('',#10778,#10856,#10857,.F.);
#9019=EDGE_CURVE('',#10856,#10858,#10859,.T.);
#9020=EDGE_CURVE('',#10858,#10860,#10861,.F.);
#9021=EDGE_CURVE('',#10860,#10862,#10863,.F.);
#9022=EDGE_CURVE('',#10862,#10649,#10864,.F.);
#9023=EDGE_CURVE('',#10865,#10175,#10866,.T.);
#9024=EDGE_CURVE('',#10867,#10865,#10868,.T.);
#9025=EDGE_CURVE('',#10153,#10867,#10869,.T.);
#9026=EDGE_CURVE('',#10614,#10867,#10870,.T.);
#9027=EDGE_CURVE('',#10871,#10872,#10873,.F.);
#9028=EDGE_CURVE('',#10871,#10159,#10874,.T.);
#9029=EDGE_CURVE('',#10674,#10875,#10876,.F.);
#9030=EDGE_CURVE('',#10875,#10877,#10878,.F.);
#9031=EDGE_CURVE('',#10872,#10877,#10879,.T.);
#9032=EDGE_CURVE('',#10525,#10871,#10880,.T.);
#9033=EDGE_CURVE('',#10616,#10865,#10881,.T.);
#9034=EDGE_CURVE('',#10189,#10192,#10882,.T.);
#9035=EDGE_CURVE('',#10883,#10215,#10884,.T.);
#9036=EDGE_CURVE('',#10885,#10883,#10886,.T.);
#9037=EDGE_CURVE('',#10207,#10885,#10887,.T.);
#9038=EDGE_CURVE('',#10620,#10885,#10888,.T.);
#9039=EDGE_CURVE('',#10622,#10883,#10889,.T.);
#9040=EDGE_CURVE('',#10629,#10890,#10891,.T.);
#9041=EDGE_CURVE('',#10890,#10235,#10892,.T.);
#9042=EDGE_CURVE('',#10893,#10890,#10894,.T.);
#9043=EDGE_CURVE('',#10895,#10893,#10896,.T.);
#9044=EDGE_CURVE('',#10487,#10895,#10897,.T.);
#9045=EDGE_CURVE('',#10249,#10259,#10898,.T.);
#9046=EDGE_CURVE('',#10899,#10275,#10900,.T.);
#9047=EDGE_CURVE('',#10901,#10899,#10902,.T.);
#9048=EDGE_CURVE('',#10253,#10901,#10903,.T.);
#9049=EDGE_CURVE('',#10633,#10901,#10904,.T.);
#9050=EDGE_CURVE('',#10635,#10899,#10905,.T.);
#9051=EDGE_CURVE('',#10906,#10571,#10907,.T.);
#9052=EDGE_CURVE('',#10289,#10906,#10908,.T.);
#9053=EDGE_CURVE('',#10909,#10906,#10910,.F.);
#9054=EDGE_CURVE('',#10909,#10911,#10912,.T.);
#9055=EDGE_CURVE('',#10911,#10913,#10914,.F.);
#9056=EDGE_CURVE('',#10913,#10638,#10915,.F.);
#9057=EDGE_CURVE('',#10625,#10895,#10916,.T.);
#9058=EDGE_CURVE('',#10654,#10750,#10917,.T.);
#9059=EDGE_CURVE('',#10527,#10872,#10918,.T.);
#9060=EDGE_CURVE('',#10877,#10919,#10920,.F.);
#9061=EDGE_CURVE('',#10919,#10921,#10922,.F.);
#9062=EDGE_CURVE('',#10921,#10717,#10923,.F.);
#9063=EDGE_CURVE('',#10715,#10707,#10924,.F.);
#9064=EDGE_CURVE('',#10705,#10925,#10926,.F.);
#9065=EDGE_CURVE('',#10925,#10927,#10928,.F.);
#9066=EDGE_CURVE('',#10927,#10739,#10929,.F.);
#9067=EDGE_CURVE('',#10537,#10737,#10930,.T.);
#9068=EDGE_CURVE('',#10535,#10931,#10932,.F.);
#9069=EDGE_CURVE('',#10931,#10933,#10934,.T.);
#9070=EDGE_CURVE('',#10933,#10529,#10935,.F.);
#9071=EDGE_CURVE('',#10936,#10933,#10937,.T.);
#9072=EDGE_CURVE('',#10936,#10531,#10938,.T.);
#9073=EDGE_CURVE('',#10939,#10936,#10940,.T.);
#9074=EDGE_CURVE('',#10939,#10533,#10941,.T.);
#9075=EDGE_CURVE('',#10931,#10939,#10942,.T.);
#9076=EDGE_CURVE('',#10804,#10559,#10943,.T.);
#9077=EDGE_CURVE('',#10909,#10569,#10944,.T.);
#9078=EDGE_CURVE('',#10567,#10945,#10946,.F.);
#9079=EDGE_CURVE('',#10945,#10947,#10948,.T.);
#9080=EDGE_CURVE('',#10947,#10561,#10949,.F.);
#9081=EDGE_CURVE('',#10809,#10950,#10951,.F.);
#9082=EDGE_CURVE('',#10950,#10952,#10953,.F.);
#9083=EDGE_CURVE('',#10952,#10839,#10954,.F.);
#9084=EDGE_CURVE('',#10837,#10829,#10955,.F.);
#9085=EDGE_CURVE('',#10827,#10956,#10957,.F.);
#9086=EDGE_CURVE('',#10956,#10958,#10959,.F.);
#9087=EDGE_CURVE('',#10958,#10911,#10960,.F.);
#9088=EDGE_CURVE('',#10961,#10947,#10962,.T.);
#9089=EDGE_CURVE('',#10961,#10563,#10963,.T.);
#9090=EDGE_CURVE('',#10964,#10961,#10965,.T.);
#9091=EDGE_CURVE('',#10964,#10565,#10966,.T.);
#9092=EDGE_CURVE('',#10945,#10964,#10967,.T.);
#9093=EDGE_CURVE('',#10968,#10968,#10969,.T.);
#9094=EDGE_CURVE('',#10970,#10970,#10971,.F.);
#9095=EDGE_CURVE('',#10972,#10972,#10973,.F.);
#9096=EDGE_CURVE('',#10974,#10974,#10975,.F.);
#9097=EDGE_CURVE('',#10976,#10976,#10977,.F.);
#9098=EDGE_CURVE('',#10766,#10683,#10978,.T.);
#9099=EDGE_CURVE('',#10979,#10979,#10980,.F.);
#9100=EDGE_CURVE('',#10627,#10893,#10981,.T.);
#9101=EDGE_CURVE('',#10913,#10818,#10982,.T.);
#9102=EDGE_CURVE('',#10815,#10983,#10984,.T.);
#9103=EDGE_CURVE('',#10983,#10644,#10985,.T.);
#9104=EDGE_CURVE('',#10983,#10813,#10986,.T.);
#9105=EDGE_CURVE('',#10987,#10988,#10989,.T.);
#9106=EDGE_CURVE('',#10988,#10990,#10991,.T.);
#9107=EDGE_CURVE('',#10990,#10992,#10993,.T.);
#9108=EDGE_CURVE('',#10992,#10994,#10995,.T.);
#9109=EDGE_CURVE('',#10994,#10996,#10997,.T.);
#9110=EDGE_CURVE('',#10996,#10998,#10999,.T.);
#9111=EDGE_CURVE('',#10998,#11000,#11001,.T.);
#9112=EDGE_CURVE('',#11000,#11002,#11003,.T.);
#9113=EDGE_CURVE('',#11002,#11004,#11005,.T.);
#9114=EDGE_CURVE('',#11004,#11006,#11007,.T.);
#9115=EDGE_CURVE('',#11006,#11008,#11009,.T.);
#9116=EDGE_CURVE('',#11008,#10987,#11010,.T.);
#9117=EDGE_CURVE('',#10862,#10783,#11011,.T.);
#9118=EDGE_CURVE('',#11012,#11012,#11013,.F.);
#9119=EDGE_CURVE('',#10754,#11014,#11015,.F.);
#9120=EDGE_CURVE('',#11014,#11016,#11017,.T.);
#9121=EDGE_CURVE('',#11016,#11018,#11019,.F.);
#9122=EDGE_CURVE('',#11018,#11020,#11021,.F.);
#9123=EDGE_CURVE('',#11020,#10656,#11022,.F.);
#9124=EDGE_CURVE('',#11020,#10757,#11023,.T.);
#9125=EDGE_CURVE('',#11024,#11025,#11026,.T.);
#9126=EDGE_CURVE('',#11025,#11027,#11028,.T.);
#9127=EDGE_CURVE('',#11027,#11029,#11030,.T.);
#9128=EDGE_CURVE('',#11029,#11031,#11032,.T.);
#9129=EDGE_CURVE('',#11031,#11033,#11034,.T.);
#9130=EDGE_CURVE('',#11033,#11035,#11036,.T.);
#9131=EDGE_CURVE('',#11035,#11037,#11038,.T.);
#9132=EDGE_CURVE('',#11037,#11039,#11040,.T.);
#9133=EDGE_CURVE('',#11039,#11041,#11042,.T.);
#9134=EDGE_CURVE('',#11041,#11043,#11044,.T.);
#9135=EDGE_CURVE('',#11043,#11045,#11046,.T.);
#9136=EDGE_CURVE('',#11045,#11024,#11047,.T.);
#9137=EDGE_CURVE('',#10772,#10677,#11048,.T.);
#9138=EDGE_CURVE('',#11049,#11049,#11050,.F.);
#9139=EDGE_CURVE('',#11051,#11052,#11053,.T.);
#9140=EDGE_CURVE('',#11052,#11054,#11055,.T.);
#9141=EDGE_CURVE('',#11054,#11056,#11057,.T.);
#9142=EDGE_CURVE('',#11056,#11058,#11059,.T.);
#9143=EDGE_CURVE('',#11058,#11060,#11061,.T.);
#9144=EDGE_CURVE('',#11060,#11062,#11063,.T.);
#9145=EDGE_CURVE('',#11062,#10668,#11064,.T.);
#9146=EDGE_CURVE('',#10731,#11065,#11066,.T.);
#9147=EDGE_CURVE('',#11065,#11067,#11068,.T.);
#9148=EDGE_CURVE('',#11067,#11069,#11070,.T.);
#9149=EDGE_CURVE('',#11069,#11071,#11072,.T.);
#9150=EDGE_CURVE('',#11071,#11073,#11074,.T.);
#9151=EDGE_CURVE('',#11073,#11075,#11076,.T.);
#9152=EDGE_CURVE('',#11075,#11051,#11077,.T.);
#9153=EDGE_CURVE('',#11078,#11062,#11079,.T.);
#9154=EDGE_CURVE('',#11080,#11078,#11081,.T.);
#9155=EDGE_CURVE('',#11080,#11067,#11082,.T.);
#9156=EDGE_CURVE('',#10729,#11065,#11083,.T.);
#9157=EDGE_CURVE('',#10726,#10875,#11084,.T.);
#9158=EDGE_CURVE('',#10770,#10679,#11085,.T.);
#9159=EDGE_CURVE('',#10768,#10681,#11086,.T.);
#9160=EDGE_CURVE('',#10747,#11087,#11088,.T.);
#9161=EDGE_CURVE('',#10688,#11087,#11089,.T.);
#9162=EDGE_CURVE('',#11090,#11091,#11092,.T.);
#9163=EDGE_CURVE('',#11091,#11093,#11094,.T.);
#9164=EDGE_CURVE('',#11093,#11095,#11096,.T.);
#9165=EDGE_CURVE('',#11095,#11090,#11097,.T.);
#9166=EDGE_CURVE('',#11087,#10690,#11098,.T.);
#9167=EDGE_CURVE('',#10741,#10696,#11099,.T.);
#9168=EDGE_CURVE('',#10698,#10927,#11100,.T.);
#9169=EDGE_CURVE('',#10700,#10925,#11101,.T.);
#9170=EDGE_CURVE('',#10722,#10921,#11102,.T.);
#9171=EDGE_CURVE('',#10724,#10919,#11103,.T.);
#9172=EDGE_CURVE('',#11014,#10763,#11104,.T.);
#9173=EDGE_CURVE('',#11105,#11106,#11107,.T.);
#9174=EDGE_CURVE('',#11106,#11108,#11109,.T.);
#9175=EDGE_CURVE('',#11108,#11110,#11111,.T.);
#9176=EDGE_CURVE('',#11110,#11105,#11112,.T.);
#9177=EDGE_CURVE('',#11018,#10759,#11113,.T.);
#9178=EDGE_CURVE('',#11016,#10761,#11114,.T.);
#9179=EDGE_CURVE('',#10856,#10789,#11115,.T.);
#9180=EDGE_CURVE('',#11116,#11116,#11117,.F.);
#9181=EDGE_CURVE('',#10860,#10785,#11118,.T.);
#9182=EDGE_CURVE('',#10858,#10787,#11119,.T.);
#9183=EDGE_CURVE('',#11120,#10853,#11121,.T.);
#9184=EDGE_CURVE('',#10794,#11120,#11122,.T.);
#9185=EDGE_CURVE('',#11123,#11124,#11125,.T.);
#9186=EDGE_CURVE('',#11124,#11126,#11127,.T.);
#9187=EDGE_CURVE('',#11126,#11128,#11129,.T.);
#9188=EDGE_CURVE('',#11128,#11123,#11130,.T.);
#9189=EDGE_CURVE('',#11120,#10851,#11131,.T.);
#9190=EDGE_CURVE('',#10848,#10807,#11132,.T.);
#9191=EDGE_CURVE('',#10950,#10846,#11133,.T.);
#9192=EDGE_CURVE('',#10958,#10820,#11134,.T.);
#9193=EDGE_CURVE('',#10956,#10822,#11135,.T.);
#9194=EDGE_CURVE('',#10952,#10844,#11136,.T.);
#9195=EDGE_CURVE('',#11137,#11137,#11138,.T.);
#9196=EDGE_CURVE('',#11139,#11139,#11140,.T.);
#9197=EDGE_CURVE('',#11141,#11141,#11142,.T.);
#9198=EDGE_CURVE('',#11143,#11143,#11144,.T.);
#9199=EDGE_CURVE('',#11145,#10987,#11146,.T.);
#9200=EDGE_CURVE('',#11147,#11145,#11148,.T.);
#9201=EDGE_CURVE('',#11147,#10988,#11149,.T.);
#9202=EDGE_CURVE('',#11150,#11147,#11151,.T.);
#9203=EDGE_CURVE('',#11150,#10990,#11152,.T.);
#9204=EDGE_CURVE('',#11153,#11150,#11154,.T.);
#9205=EDGE_CURVE('',#11153,#10992,#11155,.T.);
#9206=EDGE_CURVE('',#11156,#11153,#11157,.T.);
#9207=EDGE_CURVE('',#11156,#10994,#11158,.T.);
#9208=EDGE_CURVE('',#11159,#11156,#11160,.T.);
#9209=EDGE_CURVE('',#11159,#10996,#11161,.T.);
#9210=EDGE_CURVE('',#11162,#11159,#11163,.T.);
#9211=EDGE_CURVE('',#11162,#10998,#11164,.T.);
#9212=EDGE_CURVE('',#11165,#11162,#11166,.T.);
#9213=EDGE_CURVE('',#11165,#11000,#11167,.T.);
#9214=EDGE_CURVE('',#11168,#11165,#11169,.T.);
#9215=EDGE_CURVE('',#11168,#11002,#11170,.T.);
#9216=EDGE_CURVE('',#11171,#11168,#11172,.T.);
#9217=EDGE_CURVE('',#11171,#11004,#11173,.T.);
#9218=EDGE_CURVE('',#11174,#11171,#11175,.T.);
#9219=EDGE_CURVE('',#11174,#11006,#11176,.T.);
#9220=EDGE_CURVE('',#11177,#11174,#11178,.T.);
#9221=EDGE_CURVE('',#11177,#11008,#11179,.T.);
#9222=EDGE_CURVE('',#11145,#11177,#11180,.T.);
#9223=EDGE_CURVE('',#11181,#11024,#11182,.T.);
#9224=EDGE_CURVE('',#11183,#11181,#11184,.T.);
#9225=EDGE_CURVE('',#11183,#11025,#11185,.T.);
#9226=EDGE_CURVE('',#11186,#11183,#11187,.T.);
#9227=EDGE_CURVE('',#11186,#11027,#11188,.T.);
#9228=EDGE_CURVE('',#11189,#11186,#11190,.T.);
#9229=EDGE_CURVE('',#11189,#11029,#11191,.T.);
#9230=EDGE_CURVE('',#11192,#11189,#11193,.T.);
#9231=EDGE_CURVE('',#11192,#11031,#11194,.T.);
#9232=EDGE_CURVE('',#11195,#11192,#11196,.T.);
#9233=EDGE_CURVE('',#11195,#11033,#11197,.T.);
#9234=EDGE_CURVE('',#11198,#11195,#11199,.T.);
#9235=EDGE_CURVE('',#11198,#11035,#11200,.T.);
#9236=EDGE_CURVE('',#11201,#11198,#11202,.T.);
#9237=EDGE_CURVE('',#11201,#11037,#11203,.T.);
#9238=EDGE_CURVE('',#11204,#11201,#11205,.T.);
#9239=EDGE_CURVE('',#11204,#11039,#11206,.T.);
#9240=EDGE_CURVE('',#11207,#11204,#11208,.T.);
#9241=EDGE_CURVE('',#11207,#11041,#11209,.T.);
#9242=EDGE_CURVE('',#11210,#11207,#11211,.T.);
#9243=EDGE_CURVE('',#11210,#11043,#11212,.T.);
#9244=EDGE_CURVE('',#11213,#11210,#11214,.T.);
#9245=EDGE_CURVE('',#11213,#11045,#11215,.T.);
#9246=EDGE_CURVE('',#11181,#11213,#11216,.T.);
#9247=EDGE_CURVE('',#11217,#11051,#11218,.T.);
#9248=EDGE_CURVE('',#11219,#11217,#11220,.T.);
#9249=EDGE_CURVE('',#11219,#11052,#11221,.T.);
#9250=EDGE_CURVE('',#11222,#11219,#11223,.T.);
#9251=EDGE_CURVE('',#11222,#11054,#11224,.T.);
#9252=EDGE_CURVE('',#11225,#11222,#11226,.T.);
#9253=EDGE_CURVE('',#11225,#11056,#11227,.T.);
#9254=EDGE_CURVE('',#11228,#11225,#11229,.T.);
#9255=EDGE_CURVE('',#11228,#11058,#11230,.T.);
#9256=EDGE_CURVE('',#11231,#11228,#11232,.T.);
#9257=EDGE_CURVE('',#11231,#11060,#11233,.T.);
#9258=EDGE_CURVE('',#11078,#11231,#11234,.T.);
#9259=EDGE_CURVE('',#11235,#11080,#11236,.T.);
#9260=EDGE_CURVE('',#11235,#11069,#11237,.T.);
#9261=EDGE_CURVE('',#11238,#11235,#11239,.T.);
#9262=EDGE_CURVE('',#11238,#11071,#11240,.T.);
#9263=EDGE_CURVE('',#11241,#11238,#11242,.T.);
#9264=EDGE_CURVE('',#11241,#11073,#11243,.T.);
#9265=EDGE_CURVE('',#11244,#11241,#11245,.T.);
#9266=EDGE_CURVE('',#11244,#11075,#11246,.T.);
#9267=EDGE_CURVE('',#11217,#11244,#11247,.T.);
#9268=EDGE_CURVE('',#11248,#11090,#11249,.T.);
#9269=EDGE_CURVE('',#11250,#11248,#11251,.T.);
#9270=EDGE_CURVE('',#11250,#11091,#11252,.T.);
#9271=EDGE_CURVE('',#11253,#11250,#11254,.T.);
#9272=EDGE_CURVE('',#11253,#11093,#11255,.T.);
#9273=EDGE_CURVE('',#11256,#11253,#11257,.T.);
#9274=EDGE_CURVE('',#11256,#11095,#11258,.T.);
#9275=EDGE_CURVE('',#11248,#11256,#11259,.T.);
#9276=EDGE_CURVE('',#11260,#11105,#11261,.T.);
#9277=EDGE_CURVE('',#11262,#11260,#11263,.T.);
#9278=EDGE_CURVE('',#11262,#11106,#11264,.T.);
#9279=EDGE_CURVE('',#11265,#11262,#11266,.T.);
#9280=EDGE_CURVE('',#11265,#11108,#11267,.T.);
#9281=EDGE_CURVE('',#11268,#11265,#11269,.T.);
#9282=EDGE_CURVE('',#11268,#11110,#11270,.T.);
#9283=EDGE_CURVE('',#11260,#11268,#11271,.T.);
#9284=EDGE_CURVE('',#11272,#11123,#11273,.T.);
#9285=EDGE_CURVE('',#11274,#11272,#11275,.T.);
#9286=EDGE_CURVE('',#11274,#11124,#11276,.T.);
#9287=EDGE_CURVE('',#11277,#11274,#11278,.T.);
#9288=EDGE_CURVE('',#11277,#11126,#11279,.T.);
#9289=EDGE_CURVE('',#11280,#11277,#11281,.T.);
#9290=EDGE_CURVE('',#11280,#11128,#11282,.T.);
#9291=EDGE_CURVE('',#11272,#11280,#11283,.T.);
#9292=EDGE_CURVE('',#11284,#11284,#11285,.T.);
#9293=EDGE_CURVE('',#11286,#11286,#11287,.T.);
#9294=EDGE_CURVE('',#11288,#11288,#11289,.T.);
#9295=EDGE_CURVE('',#11290,#11290,#11291,.T.);
#9296=EDGE_CURVE('',#11292,#11292,#11293,.T.);
#9297=EDGE_CURVE('',#11294,#11294,#11295,.F.);
#9298=EDGE_CURVE('',#11296,#11296,#11297,.T.);
#9299=EDGE_CURVE('',#11298,#11298,#11299,.T.);
#9300=EDGE_CURVE('',#11300,#11300,#11301,.T.);
#9301=EDGE_CURVE('',#11302,#11302,#11303,.T.);
#9302=EDGE_CURVE('',#11304,#11304,#11305,.T.);
#9303=EDGE_CURVE('',#11306,#11306,#11307,.T.);
#9304=EDGE_CURVE('',#11308,#11308,#11309,.T.);
#9305=EDGE_CURVE('',#11310,#11310,#11311,.T.);
#9306=EDGE_CURVE('',#11312,#11312,#11313,.T.);
#9307=EDGE_CURVE('',#11314,#11314,#11315,.T.);
#9308=EDGE_CURVE('',#11316,#11316,#11317,.T.);
#9309=EDGE_CURVE('',#11318,#11318,#11319,.T.);
#9310=EDGE_CURVE('',#11320,#11320,#11321,.T.);
#9311=EDGE_CURVE('',#11322,#11322,#11323,.T.);
#9312=EDGE_CURVE('',#11324,#11324,#11325,.T.);
#9313=EDGE_CURVE('',#11326,#11326,#11327,.T.);
#9314=EDGE_CURVE('',#11328,#11328,#11329,.T.);
#9315=EDGE_CURVE('',#11330,#11330,#11331,.T.);
#9316=EDGE_CURVE('',#11332,#11332,#11333,.T.);
#9317=EDGE_CURVE('',#11334,#11334,#11335,.T.);
#9318=EDGE_CURVE('',#11336,#11336,#11337,.T.);
#9319=EDGE_CURVE('',#11338,#11338,#11339,.T.);
#9320=EDGE_CURVE('',#11340,#11341,#11342,.F.);
#9321=EDGE_CURVE('',#11343,#11341,#11344,.T.);
#9322=EDGE_CURVE('',#11343,#11345,#11346,.F.);
#9323=EDGE_CURVE('',#11345,#11347,#11348,.F.);
#9324=EDGE_CURVE('',#11347,#11349,#11350,.F.);
#9325=EDGE_CURVE('',#11351,#11349,#11352,.T.);
#9326=EDGE_CURVE('',#11351,#11353,#11354,.F.);
#9327=EDGE_CURVE('',#11353,#11355,#11356,.F.);
#9328=EDGE_CURVE('',#11355,#11357,#11358,.F.);
#9329=EDGE_CURVE('',#11359,#11357,#11360,.T.);
#9330=EDGE_CURVE('',#11359,#11361,#11362,.F.);
#9331=EDGE_CURVE('',#11361,#11363,#11364,.F.);
#9332=EDGE_CURVE('',#11363,#11365,#11366,.F.);
#9333=EDGE_CURVE('',#11367,#11365,#11368,.T.);
#9334=EDGE_CURVE('',#11367,#11369,#11370,.F.);
#9335=EDGE_CURVE('',#11369,#11340,#11371,.F.);
#9336=EDGE_CURVE('',#11341,#11372,#11373,.F.);
#9337=EDGE_CURVE('',#11374,#11372,#11375,.T.);
#9338=EDGE_CURVE('',#11374,#11343,#11376,.F.);
#9339=EDGE_CURVE('',#11377,#11367,#11378,.F.);
#9340=EDGE_CURVE('',#11365,#11379,#11380,.F.);
#9341=EDGE_CURVE('',#11377,#11379,#11381,.T.);
#9342=EDGE_CURVE('',#11349,#11382,#11383,.F.);
#9343=EDGE_CURVE('',#11384,#11382,#11385,.T.);
#9344=EDGE_CURVE('',#11384,#11351,#11386,.F.);
#9345=EDGE_CURVE('',#11387,#11359,#11388,.F.);
#9346=EDGE_CURVE('',#11357,#11389,#11390,.F.);
#9347=EDGE_CURVE('',#11387,#11389,#11391,.T.);
#9348=EDGE_CURVE('',#11372,#11392,#11393,.F.);
#9349=EDGE_CURVE('',#11392,#11394,#11395,.F.);
#9350=EDGE_CURVE('',#11396,#11394,#11397,.T.);
#9351=EDGE_CURVE('',#11396,#11398,#11399,.F.);
#9352=EDGE_CURVE('',#11398,#11374,#11400,.F.);
#9353=EDGE_CURVE('',#11401,#11377,#11402,.F.);
#9354=EDGE_CURVE('',#11379,#11403,#11404,.F.);
#9355=EDGE_CURVE('',#11403,#11405,#11406,.F.);
#9356=EDGE_CURVE('',#11407,#11405,#11408,.T.);
#9357=EDGE_CURVE('',#11407,#11401,#11409,.F.);
#9358=EDGE_CURVE('',#11382,#11410,#11411,.F.);
#9359=EDGE_CURVE('',#11410,#11412,#11413,.F.);
#9360=EDGE_CURVE('',#11414,#11412,#11415,.T.);
#9361=EDGE_CURVE('',#11414,#11416,#11417,.F.);
#9362=EDGE_CURVE('',#11416,#11384,#11418,.F.);
#9363=EDGE_CURVE('',#11419,#11387,#11420,.F.);
#9364=EDGE_CURVE('',#11389,#11421,#11422,.F.);
#9365=EDGE_CURVE('',#11421,#11423,#11424,.F.);
#9366=EDGE_CURVE('',#11425,#11423,#11426,.T.);
#9367=EDGE_CURVE('',#11425,#11419,#11427,.F.);
#9368=EDGE_CURVE('',#11428,#11407,#11429,.F.);
#9369=EDGE_CURVE('',#11405,#11430,#11431,.T.);
#9370=EDGE_CURVE('',#11428,#11430,#11432,.T.);
#9371=EDGE_CURVE('',#11394,#11433,#11434,.T.);
#9372=EDGE_CURVE('',#11435,#11433,#11436,.T.);
#9373=EDGE_CURVE('',#11435,#11396,#11437,.F.);
#9374=EDGE_CURVE('',#11412,#11438,#11439,.T.);
#9375=EDGE_CURVE('',#11440,#11438,#11441,.T.);
#9376=EDGE_CURVE('',#11440,#11414,#11442,.F.);
#9377=EDGE_CURVE('',#11443,#11425,#11444,.F.);
#9378=EDGE_CURVE('',#11423,#11445,#11446,.T.);
#9379=EDGE_CURVE('',#11443,#11445,#11447,.T.);
#9380=EDGE_CURVE('',#11448,#11449,#11450,.T.);
#9381=EDGE_CURVE('',#11451,#11449,#11452,.T.);
#9382=EDGE_CURVE('',#11451,#11453,#11454,.T.);
#9383=EDGE_CURVE('',#11453,#11435,#11455,.F.);
#9384=EDGE_CURVE('',#11433,#11448,#11456,.F.);
#9385=EDGE_CURVE('',#11457,#11458,#11459,.T.);
#9386=EDGE_CURVE('',#11458,#11428,#11460,.F.);
#9387=EDGE_CURVE('',#11430,#11461,#11462,.F.);
#9388=EDGE_CURVE('',#11461,#11463,#11464,.T.);
#9389=EDGE_CURVE('',#11457,#11463,#11465,.T.);
#9390=EDGE_CURVE('',#11466,#11467,#11468,.T.);
#9391=EDGE_CURVE('',#11469,#11467,#11470,.T.);
#9392=EDGE_CURVE('',#11469,#11471,#11472,.T.);
#9393=EDGE_CURVE('',#11471,#11440,#11473,.F.);
#9394=EDGE_CURVE('',#11438,#11466,#11474,.F.);
#9395=EDGE_CURVE('',#11475,#11476,#11477,.T.);
#9396=EDGE_CURVE('',#11476,#11443,#11478,.F.);
#9397=EDGE_CURVE('',#11445,#11479,#11480,.F.);
#9398=EDGE_CURVE('',#11479,#11481,#11482,.T.);
#9399=EDGE_CURVE('',#11475,#11481,#11483,.T.);
#9400=EDGE_CURVE('',#11449,#11484,#11485,.T.);
#9401=EDGE_CURVE('',#11486,#11484,#11487,.T.);
#9402=EDGE_CURVE('',#11486,#11451,#11488,.F.);
#9403=EDGE_CURVE('',#11489,#11457,#11490,.F.);
#9404=EDGE_CURVE('',#11463,#11491,#11492,.T.);
#9405=EDGE_CURVE('',#11489,#11491,#11493,.T.);
#9406=EDGE_CURVE('',#11467,#11494,#11495,.T.);
#9407=EDGE_CURVE('',#11496,#11494,#11497,.T.);
#9408=EDGE_CURVE('',#11496,#11469,#11498,.F.);
#9409=EDGE_CURVE('',#11499,#11475,#11500,.F.);
#9410=EDGE_CURVE('',#11481,#11501,#11502,.T.);
#9411=EDGE_CURVE('',#11499,#11501,#11503,.T.);
#9412=EDGE_CURVE('',#11484,#11504,#11505,.T.);
#9413=EDGE_CURVE('',#11504,#11506,#11507,.F.);
#9414=EDGE_CURVE('',#11506,#11489,#11508,.T.);
#9415=EDGE_CURVE('',#11491,#11509,#11510,.T.);
#9416=EDGE_CURVE('',#11509,#11511,#11512,.F.);
#9417=EDGE_CURVE('',#11511,#11499,#11513,.T.);
#9418=EDGE_CURVE('',#11501,#11514,#11515,.T.);
#9419=EDGE_CURVE('',#11514,#11516,#11517,.F.);
#9420=EDGE_CURVE('',#11516,#11496,#11518,.T.);
#9421=EDGE_CURVE('',#11494,#11519,#11520,.T.);
#9422=EDGE_CURVE('',#11519,#11521,#11522,.F.);
#9423=EDGE_CURVE('',#11521,#11486,#11523,.T.);
#9424=EDGE_CURVE('',#11479,#11421,#11524,.T.);
#9425=EDGE_CURVE('',#11514,#11355,#11525,.T.);
#9426=EDGE_CURVE('',#11471,#11416,#11526,.T.);
#9427=EDGE_CURVE('',#11516,#11353,#11527,.T.);
#9428=EDGE_CURVE('',#11476,#11419,#11528,.T.);
#9429=EDGE_CURVE('',#11511,#11361,#11529,.T.);
#9430=EDGE_CURVE('',#11509,#11363,#11530,.T.);
#9431=EDGE_CURVE('',#11461,#11403,#11531,.T.);
#9432=EDGE_CURVE('',#11466,#11410,#11532,.T.);
#9433=EDGE_CURVE('',#11453,#11398,#11533,.T.);
#9434=EDGE_CURVE('',#11521,#11345,#11534,.T.);
#9435=EDGE_CURVE('',#11519,#11347,#11535,.T.);
#9436=EDGE_CURVE('',#11448,#11392,#11536,.T.);
#9437=EDGE_CURVE('',#11458,#11401,#11537,.T.);
#9438=EDGE_CURVE('',#11506,#11369,#11538,.T.);
#9439=EDGE_CURVE('',#11504,#11340,#11539,.T.);
#9440=VERTEX_POINT('',#11540);
#9441=VERTEX_POINT('',#11541);
#9442=LINE('',#11542,#11543);
#9443=VERTEX_POINT('',#11545);
#9444=LINE('',#11546,#11547);
#9445=VERTEX_POINT('',#11549);
#9446=LINE('',#11550,#11551);
#9447=LINE('',#11553,#11554);
#9448=VERTEX_POINT('',#11556);
#9449=CIRCLE('',#11557,0.850000000000007);
#9450=VERTEX_POINT('',#11561);
#9451=CIRCLE('',#11562,0.850000000000007);
#9452=VERTEX_POINT('',#11566);
#9453=CIRCLE('',#11567,0.850000000000007);
#9454=VERTEX_POINT('',#11571);
#9455=CIRCLE('',#11572,0.850000000000007);
#9456=VERTEX_POINT('',#11576);
#9457=CIRCLE('',#11577,0.850000000000007);
#9458=VERTEX_POINT('',#11581);
#9459=CIRCLE('',#11582,0.850000000000007);
#9460=VERTEX_POINT('',#11586);
#9461=CIRCLE('',#11587,0.850000000000007);
#9462=VERTEX_POINT('',#11591);
#9463=CIRCLE('',#11592,0.850000000000007);
#9464=VERTEX_POINT('',#11596);
#9465=CIRCLE('',#11597,0.850000000000007);
#9466=VERTEX_POINT('',#11601);
#9467=CIRCLE('',#11602,0.350000000000005);
#9468=VERTEX_POINT('',#11606);
#9469=CIRCLE('',#11607,0.350000000000005);
#9470=VERTEX_POINT('',#11611);
#9471=CIRCLE('',#11612,0.350000000000005);
#9472=VERTEX_POINT('',#11616);
#9473=CIRCLE('',#11617,0.350000000000005);
#9474=VERTEX_POINT('',#11621);
#9475=CIRCLE('',#11622,0.350000000000005);
#9476=VERTEX_POINT('',#11626);
#9477=CIRCLE('',#11627,0.350000000000005);
#9478=VERTEX_POINT('',#11631);
#9479=CIRCLE('',#11632,0.350000000000005);
#9480=VERTEX_POINT('',#11636);
#9481=CIRCLE('',#11637,0.350000000000005);
#9482=VERTEX_POINT('',#11641);
#9483=CIRCLE('',#11642,0.5);
#9484=VERTEX_POINT('',#11646);
#9485=LINE('',#11647,#11648);
#9486=CIRCLE('',#11650,0.499999999999998);
#9487=VERTEX_POINT('',#11654);
#9488=LINE('',#11655,#11656);
#9489=VERTEX_POINT('',#11658);
#9490=LINE('',#11659,#11660);
#9491=LINE('',#11662,#11663);
#9492=VERTEX_POINT('',#11665);
#9493=VERTEX_POINT('',#11666);
#9494=LINE('',#11667,#11668);
#9495=CIRCLE('',#11670,0.5);
#9496=CIRCLE('',#11674,0.5);
#9497=VERTEX_POINT('',#11678);
#9498=LINE('',#11679,#11680);
#9499=VERTEX_POINT('',#11682);
#9500=LINE('',#11683,#11684);
#9501=LINE('',#11686,#11687);
#9502=VERTEX_POINT('',#11689);
#9503=CIRCLE('',#11690,0.350000000000005);
#9504=VERTEX_POINT('',#11694);
#9505=CIRCLE('',#11695,0.250000000000005);
#9506=VERTEX_POINT('',#11699);
#9507=CIRCLE('',#11700,0.250000000000005);
#9508=VERTEX_POINT('',#11704);
#9509=CIRCLE('',#11705,0.250000000000005);
#9510=VERTEX_POINT('',#11709);
#9511=CIRCLE('',#11710,0.250000000000005);
#9512=VERTEX_POINT('',#11714);
#9513=CIRCLE('',#11715,0.250000000000005);
#9514=VERTEX_POINT('',#11719);
#9515=CIRCLE('',#11720,0.250000000000005);
#9516=VERTEX_POINT('',#11724);
#9517=CIRCLE('',#11725,0.250000000000005);
#9518=VERTEX_POINT('',#11729);
#9519=CIRCLE('',#11730,0.250000000000005);
#9520=VERTEX_POINT('',#11734);
#9521=CIRCLE('',#11735,0.900000000000009);
#9522=LINE('',#11739,#11740);
#9523=VERTEX_POINT('',#11742);
#9524=VERTEX_POINT('',#11743);
#9525=LINE('',#11744,#11745);
#9526=LINE('',#11747,#11748);
#9527=LINE('',#11750,#11751);
#9528=VERTEX_POINT('',#11753);
#9529=CIRCLE('',#11754,0.899999999999998);
#9530=LINE('',#11758,#11759);
#9531=LINE('',#11761,#11762);
#9532=LINE('',#11764,#11765);
#9533=VERTEX_POINT('',#11767);
#9534=CIRCLE('',#11768,0.85);
#9535=VERTEX_POINT('',#11772);
#9536=CIRCLE('',#11773,0.85);
#9537=VERTEX_POINT('',#11777);
#9538=CIRCLE('',#11778,0.85);
#9539=VERTEX_POINT('',#11782);
#9540=CIRCLE('',#11783,0.85);
#9541=VERTEX_POINT('',#11787);
#9542=CIRCLE('',#11788,0.85);
#9543=VERTEX_POINT('',#11792);
#9544=CIRCLE('',#11793,0.85);
#9545=VERTEX_POINT('',#11797);
#9546=CIRCLE('',#11798,0.85);
#9547=VERTEX_POINT('',#11802);
#9548=CIRCLE('',#11803,0.85);
#9549=VERTEX_POINT('',#11807);
#9550=CIRCLE('',#11808,0.85);
#9551=VERTEX_POINT('',#11812);
#9552=CIRCLE('',#11813,0.899999999999998);
#9553=LINE('',#11817,#11818);
#9554=VERTEX_POINT('',#11820);
#9555=VERTEX_POINT('',#11821);
#9556=CIRCLE('',#11822,0.59999999999998);
#9557=LINE('',#11826,#11827);
#9558=VERTEX_POINT('',#11829);
#9559=LINE('',#11830,#11831);
#9560=VERTEX_POINT('',#11833);
#9561=CIRCLE('',#11834,0.600000000000001);
#9562=LINE('',#11838,#11839);
#9563=VERTEX_POINT('',#11841);
#9564=LINE('',#11842,#11843);
#9565=CIRCLE('',#11845,0.900000000000009);
#9566=VERTEX_POINT('',#11849);
#9567=CIRCLE('',#11850,0.250000000000005);
#9568=LINE('',#11854,#11855);
#9569=VERTEX_POINT('',#11857);
#9570=LINE('',#11858,#11859);
#9571=LINE('',#11861,#11862);
#9572=VERTEX_POINT('',#11864);
#9573=CIRCLE('',#11865,0.8);
#9574=VERTEX_POINT('',#11869);
#9575=LINE('',#11870,#11871);
#9576=CIRCLE('',#11873,0.799999999999985);
#9577=VERTEX_POINT('',#11877);
#9578=LINE('',#11878,#11879);
#9579=LINE('',#11881,#11882);
#9580=LINE('',#11884,#11885);
#9581=VERTEX_POINT('',#11887);
#9582=CIRCLE('',#11888,0.75);
#9583=VERTEX_POINT('',#11892);
#9584=CIRCLE('',#11893,0.75);
#9585=VERTEX_POINT('',#11897);
#9586=CIRCLE('',#11898,0.75);
#9587=VERTEX_POINT('',#11902);
#9588=CIRCLE('',#11903,0.75);
#9589=VERTEX_POINT('',#11907);
#9590=CIRCLE('',#11908,0.75);
#9591=VERTEX_POINT('',#11912);
#9592=CIRCLE('',#11913,0.75);
#9593=VERTEX_POINT('',#11917);
#9594=CIRCLE('',#11918,0.75);
#9595=VERTEX_POINT('',#11922);
#9596=CIRCLE('',#11923,0.75);
#9597=VERTEX_POINT('',#11927);
#9598=CIRCLE('',#11928,0.75);
#9599=VERTEX_POINT('',#11932);
#9600=LINE('',#11933,#11934);
#9601=LINE('',#11936,#11937);
#9602=VERTEX_POINT('',#11939);
#9603=LINE('',#11940,#11941);
#9604=VERTEX_POINT('',#11943);
#9605=LINE('',#11944,#11945);
#9606=LINE('',#11947,#11948);
#9607=VERTEX_POINT('',#11950);
#9608=LINE('',#11951,#11952);
#9609=LINE('',#11954,#11955);
#9610=LINE('',#11957,#11958);
#9611=VERTEX_POINT('',#11960);
#9612=CIRCLE('',#11961,1.19999999999999);
#9613=LINE('',#11965,#11966);
#9614=VERTEX_POINT('',#11968);
#9615=VERTEX_POINT('',#11969);
#9616=LINE('',#11970,#11971);
#9617=LINE('',#11973,#11974);
#9618=LINE('',#11976,#11977);
#9619=VERTEX_POINT('',#11979);
#9620=CIRCLE('',#11980,1.2);
#9621=LINE('',#11984,#11985);
#9622=CIRCLE('',#11987,0.6);
#9623=CIRCLE('',#11991,0.599999999999994);
#9624=VERTEX_POINT('',#11995);
#9625=CIRCLE('',#11996,0.249999999999998);
#9626=VERTEX_POINT('',#12000);
#9627=CIRCLE('',#12001,0.249999999999998);
#9628=VERTEX_POINT('',#12005);
#9629=CIRCLE('',#12006,0.249999999999998);
#9630=VERTEX_POINT('',#12010);
#9631=CIRCLE('',#12011,0.249999999999998);
#9632=VERTEX_POINT('',#12015);
#9633=CIRCLE('',#12016,0.249999999999998);
#9634=VERTEX_POINT('',#12020);
#9635=CIRCLE('',#12021,0.249999999999998);
#9636=VERTEX_POINT('',#12025);
#9637=CIRCLE('',#12026,0.249999999999998);
#9638=VERTEX_POINT('',#12030);
#9639=CIRCLE('',#12031,0.249999999999998);
#9640=VERTEX_POINT('',#12035);
#9641=CIRCLE('',#12036,0.249999999999998);
#9642=LINE('',#12040,#12041);
#9643=VERTEX_POINT('',#12043);
#9644=LINE('',#12044,#12045);
#9645=LINE('',#12047,#12048);
#9646=VERTEX_POINT('',#12050);
#9647=CIRCLE('',#12051,0.9);
#9648=VERTEX_POINT('',#12055);
#9649=LINE('',#12056,#12057);
#9650=CIRCLE('',#12059,0.899999999999999);
#9651=VERTEX_POINT('',#12063);
#9652=LINE('',#12064,#12065);
#9653=LINE('',#12067,#12068);
#9654=LINE('',#12070,#12071);
#9655=VERTEX_POINT('',#12073);
#9656=CIRCLE('',#12074,0.5);
#9657=LINE('',#12078,#12079);
#9658=VERTEX_POINT('',#12081);
#9659=VERTEX_POINT('',#12082);
#9660=LINE('',#12083,#12084);
#9661=LINE('',#12086,#12087);
#9662=LINE('',#12089,#12090);
#9663=VERTEX_POINT('',#12092);
#9664=CIRCLE('',#12093,0.5);
#9665=LINE('',#12097,#12098);
#9666=LINE('',#12100,#12101);
#9667=VERTEX_POINT('',#12103);
#9668=LINE('',#12104,#12105);
#9669=LINE('',#12107,#12108);
#9670=VERTEX_POINT('',#12110);
#9671=CIRCLE('',#12111,0.9);
#9672=VERTEX_POINT('',#12115);
#9673=LINE('',#12116,#12117);
#9674=CIRCLE('',#12119,0.9);
#9675=VERTEX_POINT('',#12123);
#9676=LINE('',#12124,#12125);
#9677=LINE('',#12127,#12128);
#9678=LINE('',#12130,#12131);
#9679=VERTEX_POINT('',#12133);
#9680=CIRCLE('',#12134,0.5);
#9681=LINE('',#12138,#12139);
#9682=VERTEX_POINT('',#12141);
#9683=VERTEX_POINT('',#12142);
#9684=LINE('',#12143,#12144);
#9685=VERTEX_POINT('',#12146);
#9686=LINE('',#12147,#12148);
#9687=VERTEX_POINT('',#12150);
#9688=LINE('',#12151,#12152);
#9689=LINE('',#12154,#12155);
#9690=VERTEX_POINT('',#12157);
#9691=LINE('',#12158,#12159);
#9692=VERTEX_POINT('',#12161);
#9693=LINE('',#12162,#12163);
#9694=LINE('',#12165,#12166);
#9695=VERTEX_POINT('',#12168);
#9696=CIRCLE('',#12169,0.5);
#9697=LINE('',#12173,#12174);
#9698=LINE('',#12176,#12177);
#9699=VERTEX_POINT('',#12179);
#9700=LINE('',#12180,#12181);
#9701=LINE('',#12183,#12184);
#9702=VERTEX_POINT('',#12186);
#9703=VERTEX_POINT('',#12187);
#9704=LINE('',#12188,#12189);
#9705=CIRCLE('',#12191,0.4);
#9706=CIRCLE('',#12195,0.4);
#9707=VERTEX_POINT('',#12199);
#9708=LINE('',#12200,#12201);
#9709=VERTEX_POINT('',#12203);
#9710=LINE('',#12204,#12205);
#9711=LINE('',#12207,#12208);
#9712=VERTEX_POINT('',#12210);
#9713=LINE('',#12211,#12212);
#9714=LINE('',#12214,#12215);
#9715=LINE('',#12217,#12218);
#9716=VERTEX_POINT('',#12220);
#9717=LINE('',#12221,#12222);
#9718=LINE('',#12224,#12225);
#9719=VERTEX_POINT('',#12227);
#9720=LINE('',#12228,#12229);
#9721=LINE('',#12231,#12232);
#9722=LINE('',#12234,#12235);
#9723=VERTEX_POINT('',#12237);
#9724=LINE('',#12238,#12239);
#9725=VERTEX_POINT('',#12241);
#9726=LINE('',#12242,#12243);
#9727=VERTEX_POINT('',#12245);
#9728=LINE('',#12246,#12247);
#9729=VERTEX_POINT('',#12249);
#9730=LINE('',#12250,#12251);
#9731=VERTEX_POINT('',#12253);
#9732=LINE('',#12254,#12255);
#9733=VERTEX_POINT('',#12257);
#9734=LINE('',#12258,#12259);
#9735=LINE('',#12261,#12262);
#9736=VERTEX_POINT('',#12264);
#9737=VERTEX_POINT('',#12265);
#9738=LINE('',#12266,#12267);
#9739=VERTEX_POINT('',#12269);
#9740=CIRCLE('',#12270,0.7);
#9741=VERTEX_POINT('',#12274);
#9742=LINE('',#12275,#12276);
#9743=CIRCLE('',#12278,0.7);
#9744=VERTEX_POINT('',#12282);
#9745=LINE('',#12283,#12284);
#9746=CIRCLE('',#12286,0.799999999999993);
#9747=VERTEX_POINT('',#12290);
#9748=CIRCLE('',#12291,0.8);
#9749=LINE('',#12295,#12296);
#9750=LINE('',#12298,#12299);
#9751=VERTEX_POINT('',#12301);
#9752=LINE('',#12302,#12303);
#9753=LINE('',#12305,#12306);
#9754=VERTEX_POINT('',#12308);
#9755=LINE('',#12309,#12310);
#9756=LINE('',#12312,#12313);
#9757=VERTEX_POINT('',#12315);
#9758=LINE('',#12316,#12317);
#9759=LINE('',#12319,#12320);
#9760=VERTEX_POINT('',#12322);
#9761=LINE('',#12323,#12324);
#9762=LINE('',#12326,#12327);
#9763=VERTEX_POINT('',#12329);
#9764=LINE('',#12330,#12331);
#9765=LINE('',#12333,#12334);
#9766=VERTEX_POINT('',#12336);
#9767=LINE('',#12337,#12338);
#9768=LINE('',#12340,#12341);
#9769=LINE('',#12343,#12344);
#9770=VERTEX_POINT('',#12346);
#9771=VERTEX_POINT('',#12347);
#9772=LINE('',#12348,#12349);
#9773=LINE('',#12351,#12352);
#9774=LINE('',#12354,#12355);
#9775=VERTEX_POINT('',#12357);
#9776=CIRCLE('',#12358,0.7);
#9777=LINE('',#12362,#12363);
#9778=VERTEX_POINT('',#12365);
#9779=LINE('',#12366,#12367);
#9780=LINE('',#12369,#12370);
#9781=CIRCLE('',#12372,0.7);
#9782=VERTEX_POINT('',#12376);
#9783=VERTEX_POINT('',#12377);
#9784=LINE('',#12378,#12379);
#9785=VERTEX_POINT('',#12381);
#9786=LINE('',#12382,#12383);
#9787=VERTEX_POINT('',#12385);
#9788=LINE('',#12386,#12387);
#9789=VERTEX_POINT('',#12389);
#9790=LINE('',#12390,#12391);
#9791=VERTEX_POINT('',#12393);
#9792=LINE('',#12394,#12395);
#9793=VERTEX_POINT('',#12397);
#9794=LINE('',#12398,#12399);
#9795=VERTEX_POINT('',#12401);
#9796=LINE('',#12402,#12403);
#9797=LINE('',#12405,#12406);
#9798=VERTEX_POINT('',#12408);
#9799=LINE('',#12409,#12410);
#9800=VERTEX_POINT('',#12412);
#9801=LINE('',#12413,#12414);
#9802=LINE('',#12416,#12417);
#9803=VERTEX_POINT('',#12419);
#9804=LINE('',#12420,#12421);
#9805=LINE('',#12423,#12424);
#9806=VERTEX_POINT('',#12426);
#9807=LINE('',#12427,#12428);
#9808=LINE('',#12430,#12431);
#9809=VERTEX_POINT('',#12433);
#9810=VERTEX_POINT('',#12434);
#9811=LINE('',#12435,#12436);
#9812=CIRCLE('',#12438,0.9);
#9813=CIRCLE('',#12442,0.9);
#9814=VERTEX_POINT('',#12446);
#9815=LINE('',#12447,#12448);
#9816=VERTEX_POINT('',#12450);
#9817=LINE('',#12451,#12452);
#9818=LINE('',#12454,#12455);
#9819=VERTEX_POINT('',#12457);
#9820=LINE('',#12458,#12459);
#9821=LINE('',#12461,#12462);
#9822=VERTEX_POINT('',#12464);
#9823=LINE('',#12465,#12466);
#9824=LINE('',#12468,#12469);
#9825=VERTEX_POINT('',#12471);
#9826=VERTEX_POINT('',#12472);
#9827=LINE('',#12473,#12474);
#9828=CIRCLE('',#12476,0.4);
#9829=CIRCLE('',#12480,0.4);
#9830=LINE('',#12484,#12485);
#9831=LINE('',#12487,#12488);
#9832=VERTEX_POINT('',#12490);
#9833=LINE('',#12491,#12492);
#9834=CIRCLE('',#12494,0.5);
#9835=VERTEX_POINT('',#12498);
#9836=CIRCLE('',#12499,0.5);
#9837=LINE('',#12503,#12504);
#9838=VERTEX_POINT('',#12506);
#9839=LINE('',#12507,#12508);
#9840=VERTEX_POINT('',#12510);
#9841=LINE('',#12511,#12512);
#9842=LINE('',#12514,#12515);
#9843=VERTEX_POINT('',#12517);
#9844=LINE('',#12518,#12519);
#9845=VERTEX_POINT('',#12521);
#9846=LINE('',#12522,#12523);
#9847=VERTEX_POINT('',#12525);
#9848=LINE('',#12526,#12527);
#9849=VERTEX_POINT('',#12529);
#9850=LINE('',#12530,#12531);
#9851=VERTEX_POINT('',#12533);
#9852=LINE('',#12534,#12535);
#9853=VERTEX_POINT('',#12537);
#9854=LINE('',#12538,#12539);
#9855=LINE('',#12541,#12542);
#9856=VERTEX_POINT('',#12544);
#9857=VERTEX_POINT('',#12545);
#9858=LINE('',#12546,#12547);
#9859=VERTEX_POINT('',#12549);
#9860=CIRCLE('',#12550,0.7);
#9861=VERTEX_POINT('',#12554);
#9862=LINE('',#12555,#12556);
#9863=CIRCLE('',#12558,0.7);
#9864=LINE('',#12562,#12563);
#9865=VERTEX_POINT('',#12565);
#9866=VERTEX_POINT('',#12566);
#9867=LINE('',#12567,#12568);
#9868=CIRCLE('',#12570,0.8);
#9869=CIRCLE('',#12574,0.8);
#9870=LINE('',#12578,#12579);
#9871=VERTEX_POINT('',#12581);
#9872=LINE('',#12582,#12583);
#9873=LINE('',#12585,#12586);
#9874=VERTEX_POINT('',#12588);
#9875=LINE('',#12589,#12590);
#9876=LINE('',#12592,#12593);
#9877=VERTEX_POINT('',#12595);
#9878=LINE('',#12596,#12597);
#9879=LINE('',#12599,#12600);
#9880=VERTEX_POINT('',#12602);
#9881=VERTEX_POINT('',#12603);
#9882=LINE('',#12604,#12605);
#9883=CIRCLE('',#12607,0.9);
#9884=CIRCLE('',#12611,0.899999999999999);
#9885=LINE('',#12615,#12616);
#9886=VERTEX_POINT('',#12618);
#9887=LINE('',#12619,#12620);
#9888=LINE('',#12622,#12623);
#9889=VERTEX_POINT('',#12625);
#9890=VERTEX_POINT('',#12626);
#9891=CIRCLE('',#12627,0.7);
#9892=LINE('',#12631,#12632);
#9893=LINE('',#12634,#12635);
#9894=VERTEX_POINT('',#12637);
#9895=LINE('',#12638,#12639);
#9896=LINE('',#12641,#12642);
#9897=VERTEX_POINT('',#12644);
#9898=CIRCLE('',#12645,0.7);
#9899=LINE('',#12649,#12650);
#9900=LINE('',#12652,#12653);
#9901=VERTEX_POINT('',#12655);
#9902=LINE('',#12656,#12657);
#9903=LINE('',#12659,#12660);
#9904=VERTEX_POINT('',#12662);
#9905=LINE('',#12663,#12664);
#9906=LINE('',#12666,#12667);
#9907=VERTEX_POINT('',#12669);
#9908=LINE('',#12670,#12671);
#9909=LINE('',#12673,#12674);
#9910=VERTEX_POINT('',#12676);
#9911=LINE('',#12677,#12678);
#9912=LINE('',#12680,#12681);
#9913=LINE('',#12683,#12684);
#9914=LINE('',#12686,#12687);
#9915=VERTEX_POINT('',#12689);
#9916=LINE('',#12690,#12691);
#9917=CIRCLE('',#12693,0.5);
#9918=VERTEX_POINT('',#12697);
#9919=CIRCLE('',#12698,0.5);
#9920=LINE('',#12702,#12703);
#9921=VERTEX_POINT('',#12705);
#9922=VERTEX_POINT('',#12706);
#9923=CIRCLE('',#12707,2.);
#9924=VERTEX_POINT('',#12711);
#9925=LINE('',#12712,#12713);
#9926=VERTEX_POINT('',#12715);
#9927=CIRCLE('',#12716,1.99999999999999);
#9928=LINE('',#12720,#12721);
#9929=LINE('',#12723,#12724);
#9930=VERTEX_POINT('',#12726);
#9931=CIRCLE('',#12727,3.42890285822722);
#9932=LINE('',#12731,#12732);
#9933=VERTEX_POINT('',#12734);
#9934=LINE('',#12735,#12736);
#9935=LINE('',#12738,#12739);
#9936=VERTEX_POINT('',#12741);
#9937=LINE('',#12742,#12743);
#9938=LINE('',#12745,#12746);
#9939=VERTEX_POINT('',#12748);
#9940=LINE('',#12749,#12750);
#9941=VERTEX_POINT('',#12752);
#9942=LINE('',#12753,#12754);
#9943=LINE('',#12756,#12757);
#9944=CIRCLE('',#12759,2.);
#9945=CIRCLE('',#12763,2.);
#9946=VERTEX_POINT('',#12767);
#9947=CIRCLE('',#12768,3.42890285822722);
#9948=VERTEX_POINT('',#12772);
#9949=CIRCLE('',#12773,2.27999032891962);
#9950=VERTEX_POINT('',#12777);
#9951=CIRCLE('',#12778,2.09641016151378);
#9952=VERTEX_POINT('',#12782);
#9953=CIRCLE('',#12783,3.01857695490308);
#9954=VERTEX_POINT('',#12787);
#9955=CIRCLE('',#12788,2.27999032891961);
#9956=VERTEX_POINT('',#12792);
#9957=CIRCLE('',#12793,2.09641016151378);
#9958=VERTEX_POINT('',#12797);
#9959=CIRCLE('',#12798,2.69031623224376);
#9960=VERTEX_POINT('',#12802);
#9961=CIRCLE('',#12803,1.57679491924311);
#9962=VERTEX_POINT('',#12807);
#9963=CIRCLE('',#12808,1.91083328927425);
#9964=VERTEX_POINT('',#12812);
#9965=CIRCLE('',#12813,1.57679491924311);
#9966=VERTEX_POINT('',#12817);
#9967=CIRCLE('',#12818,1.76237179148264);
#9968=VERTEX_POINT('',#12822);
#9969=VERTEX_POINT('',#12823);
#9970=LINE('',#12824,#12825);
#9971=VERTEX_POINT('',#12827);
#9972=LINE('',#12828,#12829);
#9973=VERTEX_POINT('',#12831);
#9974=LINE('',#12832,#12833);
#9975=VERTEX_POINT('',#12835);
#9976=LINE('',#12836,#12837);
#9977=VERTEX_POINT('',#12839);
#9978=LINE('',#12840,#12841);
#9979=VERTEX_POINT('',#12843);
#9980=LINE('',#12844,#12845);
#9981=VERTEX_POINT('',#12847);
#9982=LINE('',#12848,#12849);
#9983=VERTEX_POINT('',#12851);
#9984=LINE('',#12852,#12853);
#9985=VERTEX_POINT('',#12855);
#9986=LINE('',#12856,#12857);
#9987=VERTEX_POINT('',#12859);
#9988=LINE('',#12860,#12861);
#9989=VERTEX_POINT('',#12863);
#9990=LINE('',#12864,#12865);
#9991=LINE('',#12867,#12868);
#9992=VERTEX_POINT('',#12870);
#9993=VERTEX_POINT('',#12871);
#9994=LINE('',#12872,#12873);
#9995=VERTEX_POINT('',#12875);
#9996=LINE('',#12876,#12877);
#9997=VERTEX_POINT('',#12879);
#9998=LINE('',#12880,#12881);
#9999=VERTEX_POINT('',#12883);
#10000=LINE('',#12884,#12885);
#10001=VERTEX_POINT('',#12887);
#10002=LINE('',#12888,#12889);
#10003=VERTEX_POINT('',#12891);
#10004=LINE('',#12892,#12893);
#10005=VERTEX_POINT('',#12895);
#10006=LINE('',#12896,#12897);
#10007=VERTEX_POINT('',#12899);
#10008=LINE('',#12900,#12901);
#10009=VERTEX_POINT('',#12903);
#10010=LINE('',#12904,#12905);
#10011=VERTEX_POINT('',#12907);
#10012=LINE('',#12908,#12909);
#10013=VERTEX_POINT('',#12911);
#10014=LINE('',#12912,#12913);
#10015=VERTEX_POINT('',#12915);
#10016=LINE('',#12916,#12917);
#10017=VERTEX_POINT('',#12919);
#10018=LINE('',#12920,#12921);
#10019=VERTEX_POINT('',#12923);
#10020=LINE('',#12924,#12925);
#10021=VERTEX_POINT('',#12927);
#10022=LINE('',#12928,#12929);
#10023=LINE('',#12931,#12932);
#10024=VERTEX_POINT('',#12934);
#10025=VERTEX_POINT('',#12935);
#10026=LINE('',#12936,#12937);
#10027=VERTEX_POINT('',#12939);
#10028=LINE('',#12940,#12941);
#10029=VERTEX_POINT('',#12943);
#10030=LINE('',#12944,#12945);
#10031=VERTEX_POINT('',#12947);
#10032=LINE('',#12948,#12949);
#10033=VERTEX_POINT('',#12951);
#10034=LINE('',#12952,#12953);
#10035=VERTEX_POINT('',#12955);
#10036=LINE('',#12956,#12957);
#10037=VERTEX_POINT('',#12959);
#10038=LINE('',#12960,#12961);
#10039=VERTEX_POINT('',#12963);
#10040=LINE('',#12964,#12965);
#10041=VERTEX_POINT('',#12967);
#10042=LINE('',#12968,#12969);
#10043=VERTEX_POINT('',#12971);
#10044=LINE('',#12972,#12973);
#10045=VERTEX_POINT('',#12975);
#10046=LINE('',#12976,#12977);
#10047=LINE('',#12979,#12980);
#10048=VERTEX_POINT('',#12982);
#10049=VERTEX_POINT('',#12983);
#10050=LINE('',#12984,#12985);
#10051=VERTEX_POINT('',#12987);
#10052=LINE('',#12988,#12989);
#10053=VERTEX_POINT('',#12991);
#10054=LINE('',#12992,#12993);
#10055=VERTEX_POINT('',#12995);
#10056=LINE('',#12996,#12997);
#10057=VERTEX_POINT('',#12999);
#10058=LINE('',#13000,#13001);
#10059=VERTEX_POINT('',#13003);
#10060=LINE('',#13004,#13005);
#10061=VERTEX_POINT('',#13007);
#10062=LINE('',#13008,#13009);
#10063=VERTEX_POINT('',#13011);
#10064=LINE('',#13012,#13013);
#10065=VERTEX_POINT('',#13015);
#10066=LINE('',#13016,#13017);
#10067=VERTEX_POINT('',#13019);
#10068=LINE('',#13020,#13021);
#10069=VERTEX_POINT('',#13023);
#10070=LINE('',#13024,#13025);
#10071=LINE('',#13027,#13028);
#10072=VERTEX_POINT('',#13030);
#10073=VERTEX_POINT('',#13031);
#10074=LINE('',#13032,#13033);
#10075=VERTEX_POINT('',#13035);
#10076=LINE('',#13036,#13037);
#10077=VERTEX_POINT('',#13039);
#10078=LINE('',#13040,#13041);
#10079=VERTEX_POINT('',#13043);
#10080=LINE('',#13044,#13045);
#10081=VERTEX_POINT('',#13047);
#10082=LINE('',#13048,#13049);
#10083=VERTEX_POINT('',#13051);
#10084=LINE('',#13052,#13053);
#10085=VERTEX_POINT('',#13055);
#10086=LINE('',#13056,#13057);
#10087=VERTEX_POINT('',#13059);
#10088=LINE('',#13060,#13061);
#10089=VERTEX_POINT('',#13063);
#10090=LINE('',#13064,#13065);
#10091=VERTEX_POINT('',#13067);
#10092=LINE('',#13068,#13069);
#10093=VERTEX_POINT('',#13071);
#10094=LINE('',#13072,#13073);
#10095=LINE('',#13075,#13076);
#10096=VERTEX_POINT('',#13078);
#10097=VERTEX_POINT('',#13079);
#10098=LINE('',#13080,#13081);
#10099=VERTEX_POINT('',#13083);
#10100=LINE('',#13084,#13085);
#10101=VERTEX_POINT('',#13087);
#10102=LINE('',#13088,#13089);
#10103=VERTEX_POINT('',#13091);
#10104=LINE('',#13092,#13093);
#10105=VERTEX_POINT('',#13095);
#10106=LINE('',#13096,#13097);
#10107=VERTEX_POINT('',#13099);
#10108=LINE('',#13100,#13101);
#10109=VERTEX_POINT('',#13103);
#10110=LINE('',#13104,#13105);
#10111=VERTEX_POINT('',#13107);
#10112=LINE('',#13108,#13109);
#10113=VERTEX_POINT('',#13111);
#10114=LINE('',#13112,#13113);
#10115=VERTEX_POINT('',#13115);
#10116=LINE('',#13116,#13117);
#10117=VERTEX_POINT('',#13119);
#10118=LINE('',#13120,#13121);
#10119=VERTEX_POINT('',#13123);
#10120=LINE('',#13124,#13125);
#10121=VERTEX_POINT('',#13127);
#10122=LINE('',#13128,#13129);
#10123=VERTEX_POINT('',#13131);
#10124=LINE('',#13132,#13133);
#10125=VERTEX_POINT('',#13135);
#10126=LINE('',#13136,#13137);
#10127=LINE('',#13139,#13140);
#10128=VERTEX_POINT('',#13142);
#10129=VERTEX_POINT('',#13143);
#10130=LINE('',#13144,#13145);
#10131=VERTEX_POINT('',#13147);
#10132=LINE('',#13148,#13149);
#10133=VERTEX_POINT('',#13151);
#10134=LINE('',#13152,#13153);
#10135=VERTEX_POINT('',#13155);
#10136=LINE('',#13156,#13157);
#10137=VERTEX_POINT('',#13159);
#10138=LINE('',#13160,#13161);
#10139=VERTEX_POINT('',#13163);
#10140=LINE('',#13164,#13165);
#10141=VERTEX_POINT('',#13167);
#10142=LINE('',#13168,#13169);
#10143=VERTEX_POINT('',#13171);
#10144=LINE('',#13172,#13173);
#10145=VERTEX_POINT('',#13175);
#10146=LINE('',#13176,#13177);
#10147=VERTEX_POINT('',#13179);
#10148=LINE('',#13180,#13181);
#10149=VERTEX_POINT('',#13183);
#10150=LINE('',#13184,#13185);
#10151=LINE('',#13187,#13188);
#10152=VERTEX_POINT('',#13190);
#10153=VERTEX_POINT('',#13191);
#10154=LINE('',#13192,#13193);
#10155=VERTEX_POINT('',#13195);
#10156=LINE('',#13196,#13197);
#10157=VERTEX_POINT('',#13199);
#10158=LINE('',#13200,#13201);
#10159=VERTEX_POINT('',#13203);
#10160=LINE('',#13204,#13205);
#10161=VERTEX_POINT('',#13207);
#10162=LINE('',#13208,#13209);
#10163=VERTEX_POINT('',#13211);
#10164=LINE('',#13212,#13213);
#10165=VERTEX_POINT('',#13215);
#10166=LINE('',#13216,#13217);
#10167=VERTEX_POINT('',#13219);
#10168=LINE('',#13220,#13221);
#10169=VERTEX_POINT('',#13223);
#10170=LINE('',#13224,#13225);
#10171=LINE('',#13227,#13228);
#10172=VERTEX_POINT('',#13230);
#10173=VERTEX_POINT('',#13231);
#10174=LINE('',#13232,#13233);
#10175=VERTEX_POINT('',#13235);
#10176=LINE('',#13236,#13237);
#10177=VERTEX_POINT('',#13239);
#10178=LINE('',#13240,#13241);
#10179=VERTEX_POINT('',#13243);
#10180=LINE('',#13244,#13245);
#10181=VERTEX_POINT('',#13247);
#10182=LINE('',#13248,#13249);
#10183=VERTEX_POINT('',#13251);
#10184=LINE('',#13252,#13253);
#10185=VERTEX_POINT('',#13255);
#10186=LINE('',#13256,#13257);
#10187=VERTEX_POINT('',#13259);
#10188=LINE('',#13260,#13261);
#10189=VERTEX_POINT('',#13263);
#10190=LINE('',#13264,#13265);
#10191=LINE('',#13267,#13268);
#10192=VERTEX_POINT('',#13270);
#10193=VERTEX_POINT('',#13271);
#10194=LINE('',#13272,#13273);
#10195=VERTEX_POINT('',#13275);
#10196=LINE('',#13276,#13277);
#10197=VERTEX_POINT('',#13279);
#10198=LINE('',#13280,#13281);
#10199=VERTEX_POINT('',#13283);
#10200=LINE('',#13284,#13285);
#10201=VERTEX_POINT('',#13287);
#10202=LINE('',#13288,#13289);
#10203=VERTEX_POINT('',#13291);
#10204=LINE('',#13292,#13293);
#10205=VERTEX_POINT('',#13295);
#10206=LINE('',#13296,#13297);
#10207=VERTEX_POINT('',#13299);
#10208=LINE('',#13300,#13301);
#10209=VERTEX_POINT('',#13303);
#10210=LINE('',#13304,#13305);
#10211=LINE('',#13307,#13308);
#10212=VERTEX_POINT('',#13310);
#10213=VERTEX_POINT('',#13311);
#10214=LINE('',#13312,#13313);
#10215=VERTEX_POINT('',#13315);
#10216=LINE('',#13316,#13317);
#10217=VERTEX_POINT('',#13319);
#10218=LINE('',#13320,#13321);
#10219=VERTEX_POINT('',#13323);
#10220=LINE('',#13324,#13325);
#10221=VERTEX_POINT('',#13327);
#10222=LINE('',#13328,#13329);
#10223=VERTEX_POINT('',#13331);
#10224=LINE('',#13332,#13333);
#10225=VERTEX_POINT('',#13335);
#10226=LINE('',#13336,#13337);
#10227=VERTEX_POINT('',#13339);
#10228=LINE('',#13340,#13341);
#10229=VERTEX_POINT('',#13343);
#10230=LINE('',#13344,#13345);
#10231=LINE('',#13347,#13348);
#10232=VERTEX_POINT('',#13350);
#10233=VERTEX_POINT('',#13351);
#10234=LINE('',#13352,#13353);
#10235=VERTEX_POINT('',#13355);
#10236=LINE('',#13356,#13357);
#10237=VERTEX_POINT('',#13359);
#10238=LINE('',#13360,#13361);
#10239=VERTEX_POINT('',#13363);
#10240=LINE('',#13364,#13365);
#10241=VERTEX_POINT('',#13367);
#10242=LINE('',#13368,#13369);
#10243=VERTEX_POINT('',#13371);
#10244=LINE('',#13372,#13373);
#10245=VERTEX_POINT('',#13375);
#10246=LINE('',#13376,#13377);
#10247=VERTEX_POINT('',#13379);
#10248=LINE('',#13380,#13381);
#10249=VERTEX_POINT('',#13383);
#10250=LINE('',#13384,#13385);
#10251=LINE('',#13387,#13388);
#10252=VERTEX_POINT('',#13390);
#10253=VERTEX_POINT('',#13391);
#10254=LINE('',#13392,#13393);
#10255=VERTEX_POINT('',#13395);
#10256=LINE('',#13396,#13397);
#10257=VERTEX_POINT('',#13399);
#10258=LINE('',#13400,#13401);
#10259=VERTEX_POINT('',#13403);
#10260=LINE('',#13404,#13405);
#10261=VERTEX_POINT('',#13407);
#10262=LINE('',#13408,#13409);
#10263=VERTEX_POINT('',#13411);
#10264=LINE('',#13412,#13413);
#10265=VERTEX_POINT('',#13415);
#10266=LINE('',#13416,#13417);
#10267=VERTEX_POINT('',#13419);
#10268=LINE('',#13420,#13421);
#10269=VERTEX_POINT('',#13423);
#10270=LINE('',#13424,#13425);
#10271=LINE('',#13427,#13428);
#10272=VERTEX_POINT('',#13430);
#10273=VERTEX_POINT('',#13431);
#10274=LINE('',#13432,#13433);
#10275=VERTEX_POINT('',#13435);
#10276=LINE('',#13436,#13437);
#10277=VERTEX_POINT('',#13439);
#10278=LINE('',#13440,#13441);
#10279=VERTEX_POINT('',#13443);
#10280=LINE('',#13444,#13445);
#10281=VERTEX_POINT('',#13447);
#10282=LINE('',#13448,#13449);
#10283=VERTEX_POINT('',#13451);
#10284=LINE('',#13452,#13453);
#10285=VERTEX_POINT('',#13455);
#10286=LINE('',#13456,#13457);
#10287=VERTEX_POINT('',#13459);
#10288=LINE('',#13460,#13461);
#10289=VERTEX_POINT('',#13463);
#10290=LINE('',#13464,#13465);
#10291=LINE('',#13467,#13468);
#10292=VERTEX_POINT('',#13470);
#10293=VERTEX_POINT('',#13471);
#10294=LINE('',#13472,#13473);
#10295=VERTEX_POINT('',#13475);
#10296=LINE('',#13476,#13477);
#10297=VERTEX_POINT('',#13479);
#10298=LINE('',#13480,#13481);
#10299=VERTEX_POINT('',#13483);
#10300=LINE('',#13484,#13485);
#10301=VERTEX_POINT('',#13487);
#10302=LINE('',#13488,#13489);
#10303=LINE('',#13491,#13492);
#10304=VERTEX_POINT('',#13494);
#10305=VERTEX_POINT('',#13495);
#10306=LINE('',#13496,#13497);
#10307=VERTEX_POINT('',#13499);
#10308=LINE('',#13500,#13501);
#10309=VERTEX_POINT('',#13503);
#10310=LINE('',#13504,#13505);
#10311=VERTEX_POINT('',#13507);
#10312=LINE('',#13508,#13509);
#10313=VERTEX_POINT('',#13511);
#10314=LINE('',#13512,#13513);
#10315=LINE('',#13515,#13516);
#10316=VERTEX_POINT('',#13518);
#10317=LINE('',#13519,#13520);
#10318=VERTEX_POINT('',#13522);
#10319=LINE('',#13523,#13524);
#10320=LINE('',#13526,#13527);
#10321=VERTEX_POINT('',#13529);
#10322=LINE('',#13530,#13531);
#10323=VERTEX_POINT('',#13533);
#10324=LINE('',#13534,#13535);
#10325=LINE('',#13537,#13538);
#10326=LINE('',#13540,#13541);
#10327=LINE('',#13543,#13544);
#10328=VERTEX_POINT('',#13546);
#10329=LINE('',#13547,#13548);
#10330=VERTEX_POINT('',#13550);
#10331=LINE('',#13551,#13552);
#10332=LINE('',#13554,#13555);
#10333=VERTEX_POINT('',#13557);
#10334=LINE('',#13558,#13559);
#10335=VERTEX_POINT('',#13561);
#10336=LINE('',#13562,#13563);
#10337=LINE('',#13565,#13566);
#10338=VERTEX_POINT('',#13568);
#10339=LINE('',#13569,#13570);
#10340=VERTEX_POINT('',#13572);
#10341=LINE('',#13573,#13574);
#10342=LINE('',#13576,#13577);
#10343=VERTEX_POINT('',#13579);
#10344=LINE('',#13580,#13581);
#10345=VERTEX_POINT('',#13583);
#10346=LINE('',#13584,#13585);
#10347=LINE('',#13587,#13588);
#10348=VERTEX_POINT('',#13590);
#10349=LINE('',#13591,#13592);
#10350=VERTEX_POINT('',#13594);
#10351=LINE('',#13595,#13596);
#10352=LINE('',#13598,#13599);
#10353=LINE('',#13601,#13602);
#10354=LINE('',#13604,#13605);
#10355=VERTEX_POINT('',#13607);
#10356=LINE('',#13608,#13609);
#10357=VERTEX_POINT('',#13611);
#10358=LINE('',#13612,#13613);
#10359=LINE('',#13615,#13616);
#10360=VERTEX_POINT('',#13618);
#10361=LINE('',#13619,#13620);
#10362=VERTEX_POINT('',#13622);
#10363=LINE('',#13623,#13624);
#10364=LINE('',#13626,#13627);
#10365=LINE('',#13629,#13630);
#10366=LINE('',#13632,#13633);
#10367=VERTEX_POINT('',#13635);
#10368=LINE('',#13636,#13637);
#10369=VERTEX_POINT('',#13639);
#10370=LINE('',#13640,#13641);
#10371=LINE('',#13643,#13644);
#10372=VERTEX_POINT('',#13646);
#10373=LINE('',#13647,#13648);
#10374=VERTEX_POINT('',#13650);
#10375=LINE('',#13651,#13652);
#10376=LINE('',#13654,#13655);
#10377=VERTEX_POINT('',#13657);
#10378=VERTEX_POINT('',#13658);
#10379=LINE('',#13659,#13660);
#10380=VERTEX_POINT('',#13662);
#10381=LINE('',#13663,#13664);
#10382=VERTEX_POINT('',#13666);
#10383=LINE('',#13667,#13668);
#10384=LINE('',#13670,#13671);
#10385=VERTEX_POINT('',#13673);
#10386=LINE('',#13674,#13675);
#10387=VERTEX_POINT('',#13677);
#10388=LINE('',#13678,#13679);
#10389=LINE('',#13681,#13682);
#10390=VERTEX_POINT('',#13684);
#10391=LINE('',#13685,#13686);
#10392=VERTEX_POINT('',#13688);
#10393=LINE('',#13689,#13690);
#10394=LINE('',#13692,#13693);
#10395=VERTEX_POINT('',#13695);
#10396=LINE('',#13696,#13697);
#10397=VERTEX_POINT('',#13699);
#10398=LINE('',#13700,#13701);
#10399=LINE('',#13703,#13704);
#10400=VERTEX_POINT('',#13706);
#10401=LINE('',#13707,#13708);
#10402=VERTEX_POINT('',#13710);
#10403=LINE('',#13711,#13712);
#10404=LINE('',#13714,#13715);
#10405=VERTEX_POINT('',#13717);
#10406=LINE('',#13718,#13719);
#10407=VERTEX_POINT('',#13721);
#10408=LINE('',#13722,#13723);
#10409=LINE('',#13725,#13726);
#10410=VERTEX_POINT('',#13728);
#10411=LINE('',#13729,#13730);
#10412=VERTEX_POINT('',#13732);
#10413=LINE('',#13733,#13734);
#10414=LINE('',#13736,#13737);
#10415=VERTEX_POINT('',#13739);
#10416=LINE('',#13740,#13741);
#10417=VERTEX_POINT('',#13743);
#10418=LINE('',#13744,#13745);
#10419=LINE('',#13747,#13748);
#10420=VERTEX_POINT('',#13750);
#10421=LINE('',#13751,#13752);
#10422=VERTEX_POINT('',#13754);
#10423=LINE('',#13755,#13756);
#10424=LINE('',#13758,#13759);
#10425=VERTEX_POINT('',#13761);
#10426=VERTEX_POINT('',#13762);
#10427=LINE('',#13763,#13764);
#10428=VERTEX_POINT('',#13766);
#10429=LINE('',#13767,#13768);
#10430=VERTEX_POINT('',#13770);
#10431=LINE('',#13771,#13772);
#10432=LINE('',#13774,#13775);
#10433=VERTEX_POINT('',#13777);
#10434=VERTEX_POINT('',#13778);
#10435=LINE('',#13779,#13780);
#10436=VERTEX_POINT('',#13782);
#10437=LINE('',#13783,#13784);
#10438=VERTEX_POINT('',#13786);
#10439=LINE('',#13787,#13788);
#10440=LINE('',#13790,#13791);
#10441=VERTEX_POINT('',#13793);
#10442=VERTEX_POINT('',#13794);
#10443=LINE('',#13795,#13796);
#10444=VERTEX_POINT('',#13798);
#10445=LINE('',#13799,#13800);
#10446=VERTEX_POINT('',#13802);
#10447=LINE('',#13803,#13804);
#10448=LINE('',#13806,#13807);
#10449=VERTEX_POINT('',#13809);
#10450=LINE('',#13810,#13811);
#10451=VERTEX_POINT('',#13813);
#10452=LINE('',#13814,#13815);
#10453=LINE('',#13817,#13818);
#10454=VERTEX_POINT('',#13820);
#10455=VERTEX_POINT('',#13821);
#10456=LINE('',#13822,#13823);
#10457=VERTEX_POINT('',#13825);
#10458=LINE('',#13826,#13827);
#10459=VERTEX_POINT('',#13829);
#10460=LINE('',#13830,#13831);
#10461=LINE('',#13833,#13834);
#10462=VERTEX_POINT('',#13836);
#10463=VERTEX_POINT('',#13837);
#10464=LINE('',#13838,#13839);
#10465=VERTEX_POINT('',#13841);
#10466=LINE('',#13842,#13843);
#10467=VERTEX_POINT('',#13845);
#10468=LINE('',#13846,#13847);
#10469=LINE('',#13849,#13850);
#10470=VERTEX_POINT('',#13852);
#10471=VERTEX_POINT('',#13853);
#10472=LINE('',#13854,#13855);
#10473=VERTEX_POINT('',#13857);
#10474=LINE('',#13858,#13859);
#10475=VERTEX_POINT('',#13861);
#10476=LINE('',#13862,#13863);
#10477=LINE('',#13865,#13866);
#10478=VERTEX_POINT('',#13868);
#10479=VERTEX_POINT('',#13869);
#10480=LINE('',#13870,#13871);
#10481=VERTEX_POINT('',#13873);
#10482=LINE('',#13874,#13875);
#10483=VERTEX_POINT('',#13877);
#10484=LINE('',#13878,#13879);
#10485=LINE('',#13881,#13882);
#10486=LINE('',#13884,#13885);
#10487=VERTEX_POINT('',#13887);
#10488=LINE('',#13888,#13889);
#10489=VERTEX_POINT('',#13891);
#10490=LINE('',#13892,#13893);
#10491=LINE('',#13895,#13896);
#10492=LINE('',#13898,#13899);
#10493=LINE('',#13901,#13902);
#10494=LINE('',#13904,#13905);
#10495=LINE('',#13907,#13908);
#10496=LINE('',#13910,#13911);
#10497=LINE('',#13913,#13914);
#10498=LINE('',#13916,#13917);
#10499=LINE('',#13919,#13920);
#10500=LINE('',#13922,#13923);
#10501=LINE('',#13925,#13926);
#10502=LINE('',#13928,#13929);
#10503=LINE('',#13931,#13932);
#10504=LINE('',#13934,#13935);
#10505=LINE('',#13937,#13938);
#10506=LINE('',#13940,#13941);
#10507=LINE('',#13943,#13944);
#10508=LINE('',#13946,#13947);
#10509=LINE('',#13949,#13950);
#10510=LINE('',#13952,#13953);
#10511=VERTEX_POINT('',#13955);
#10512=LINE('',#13956,#13957);
#10513=VERTEX_POINT('',#13959);
#10514=LINE('',#13960,#13961);
#10515=LINE('',#13963,#13964);
#10516=LINE('',#13966,#13967);
#10517=LINE('',#13969,#13970);
#10518=LINE('',#13972,#13973);
#10519=LINE('',#13975,#13976);
#10520=LINE('',#13978,#13979);
#10521=LINE('',#13981,#13982);
#10522=LINE('',#13984,#13985);
#10523=LINE('',#13987,#13988);
#10524=LINE('',#13990,#13991);
#10525=VERTEX_POINT('',#13993);
#10526=LINE('',#13994,#13995);
#10527=VERTEX_POINT('',#13997);
#10528=CIRCLE('',#13998,1.);
#10529=VERTEX_POINT('',#14002);
#10530=LINE('',#14003,#14004);
#10531=VERTEX_POINT('',#14006);
#10532=LINE('',#14007,#14008);
#10533=VERTEX_POINT('',#14010);
#10534=LINE('',#14011,#14012);
#10535=VERTEX_POINT('',#14014);
#10536=LINE('',#14015,#14016);
#10537=VERTEX_POINT('',#14018);
#10538=LINE('',#14019,#14020);
#10539=VERTEX_POINT('',#14022);
#10540=CIRCLE('',#14023,1.);
#10541=LINE('',#14027,#14028);
#10542=LINE('',#14030,#14031);
#10543=LINE('',#14033,#14034);
#10544=LINE('',#14036,#14037);
#10545=LINE('',#14039,#14040);
#10546=LINE('',#14042,#14043);
#10547=LINE('',#14045,#14046);
#10548=LINE('',#14048,#14049);
#10549=LINE('',#14051,#14052);
#10550=LINE('',#14054,#14055);
#10551=LINE('',#14057,#14058);
#10552=LINE('',#14060,#14061);
#10553=LINE('',#14063,#14064);
#10554=LINE('',#14066,#14067);
#10555=LINE('',#14069,#14070);
#10556=LINE('',#14072,#14073);
#10557=VERTEX_POINT('',#14075);
#10558=LINE('',#14076,#14077);
#10559=VERTEX_POINT('',#14079);
#10560=CIRCLE('',#14080,1.);
#10561=VERTEX_POINT('',#14084);
#10562=LINE('',#14085,#14086);
#10563=VERTEX_POINT('',#14088);
#10564=LINE('',#14089,#14090);
#10565=VERTEX_POINT('',#14092);
#10566=LINE('',#14093,#14094);
#10567=VERTEX_POINT('',#14096);
#10568=LINE('',#14097,#14098);
#10569=VERTEX_POINT('',#14100);
#10570=LINE('',#14101,#14102);
#10571=VERTEX_POINT('',#14104);
#10572=CIRCLE('',#14105,1.);
#10573=LINE('',#14109,#14110);
#10574=LINE('',#14112,#14113);
#10575=LINE('',#14115,#14116);
#10576=LINE('',#14118,#14119);
#10577=LINE('',#14121,#14122);
#10578=LINE('',#14124,#14125);
#10579=LINE('',#14127,#14128);
#10580=LINE('',#14130,#14131);
#10581=LINE('',#14133,#14134);
#10582=LINE('',#14136,#14137);
#10583=LINE('',#14139,#14140);
#10584=LINE('',#14142,#14143);
#10585=LINE('',#14145,#14146);
#10586=VERTEX_POINT('',#14148);
#10587=CIRCLE('',#14149,0.75);
#10588=VERTEX_POINT('',#14153);
#10589=CIRCLE('',#14154,1.6);
#10590=VERTEX_POINT('',#14158);
#10591=CIRCLE('',#14159,1.6);
#10592=VERTEX_POINT('',#14163);
#10593=CIRCLE('',#14164,1.6);
#10594=VERTEX_POINT('',#14168);
#10595=CIRCLE('',#14169,1.6);
#10596=LINE('',#14173,#14174);
#10597=LINE('',#14176,#14177);
#10598=LINE('',#14179,#14180);
#10599=LINE('',#14182,#14183);
#10600=VERTEX_POINT('',#14185);
#10601=LINE('',#14186,#14187);
#10602=VERTEX_POINT('',#14189);
#10603=LINE('',#14190,#14191);
#10604=LINE('',#14193,#14194);
#10605=LINE('',#14196,#14197);
#10606=LINE('',#14199,#14200);
#10607=LINE('',#14202,#14203);
#10608=VERTEX_POINT('',#14205);
#10609=CIRCLE('',#14206,11.);
#10610=VERTEX_POINT('',#14210);
#10611=LINE('',#14211,#14212);
#10612=CIRCLE('',#14214,11.);
#10613=LINE('',#14218,#14219);
#10614=VERTEX_POINT('',#14221);
#10615=CIRCLE('',#14222,1.59999967353195);
#10616=VERTEX_POINT('',#14226);
#10617=LINE('',#14227,#14228);
#10618=CIRCLE('',#14230,1.60000000000002);
#10619=LINE('',#14234,#14235);
#10620=VERTEX_POINT('',#14237);
#10621=CIRCLE('',#14238,1.6);
#10622=VERTEX_POINT('',#14242);
#10623=LINE('',#14243,#14244);
#10624=CIRCLE('',#14246,1.6);
#10625=VERTEX_POINT('',#14250);
#10626=LINE('',#14251,#14252);
#10627=VERTEX_POINT('',#14254);
#10628=CIRCLE('',#14255,1.59999967353195);
#10629=VERTEX_POINT('',#14259);
#10630=LINE('',#14260,#14261);
#10631=CIRCLE('',#14263,1.60000000000002);
#10632=LINE('',#14267,#14268);
#10633=VERTEX_POINT('',#14270);
#10634=CIRCLE('',#14271,1.59999967353195);
#10635=VERTEX_POINT('',#14275);
#10636=LINE('',#14276,#14277);
#10637=CIRCLE('',#14279,1.60000000000002);
#10638=VERTEX_POINT('',#14283);
#10639=LINE('',#14284,#14285);
#10640=VERTEX_POINT('',#14287);
#10641=LINE('',#14288,#14289);
#10642=VERTEX_POINT('',#14291);
#10643=CIRCLE('',#14292,11.);
#10644=VERTEX_POINT('',#14296);
#10645=LINE('',#14297,#14298);
#10646=VERTEX_POINT('',#14300);
#10647=LINE('',#14301,#14302);
#10648=CIRCLE('',#14304,11.);
#10649=VERTEX_POINT('',#14308);
#10650=CIRCLE('',#14309,11.);
#10651=VERTEX_POINT('',#14313);
#10652=LINE('',#14314,#14315);
#10653=CIRCLE('',#14317,11.);
#10654=VERTEX_POINT('',#14321);
#10655=LINE('',#14322,#14323);
#10656=VERTEX_POINT('',#14325);
#10657=CIRCLE('',#14326,11.);
#10658=VERTEX_POINT('',#14330);
#10659=LINE('',#14331,#14332);
#10660=CIRCLE('',#14334,11.);
#10661=VERTEX_POINT('',#14338);
#10662=CIRCLE('',#14339,11.);
#10663=VERTEX_POINT('',#14343);
#10664=LINE('',#14344,#14345);
#10665=CIRCLE('',#14347,11.);
#10666=VERTEX_POINT('',#14351);
#10667=CIRCLE('',#14352,11.);
#10668=VERTEX_POINT('',#14356);
#10669=LINE('',#14357,#14358);
#10670=VERTEX_POINT('',#14360);
#10671=LINE('',#14361,#14362);
#10672=VERTEX_POINT('',#14364);
#10673=CIRCLE('',#14365,11.);
#10674=VERTEX_POINT('',#14369);
#10675=LINE('',#14370,#14371);
#10676=LINE('',#14373,#14374);
#10677=VERTEX_POINT('',#14376);
#10678=LINE('',#14377,#14378);
#10679=VERTEX_POINT('',#14380);
#10680=(BOUNDED_CURVE()B_SPLINE_CURVE(3,
(#14381,#14382,#14383,#14384),
.UNSPECIFIED.,.F.,.F.)B_SPLINE_CURVE_WITH_KNOTS((4,4),
(0.,1.),
.UNSPECIFIED.)CURVE()GEOMETRIC_REPRESENTATION_ITEM()RATIONAL_B_SPLINE_CURVE((1.,
0.932809933673257,0.932809933673257,1.))REPRESENTATION_ITEM(''));
#10681=VERTEX_POINT('',#14385);
#10682=LINE('',#14386,#14387);
#10683=VERTEX_POINT('',#14389);
#10684=(BOUNDED_CURVE()B_SPLINE_CURVE(3,
(#14390,#14391,#14392,#14393),
.UNSPECIFIED.,.F.,.F.)B_SPLINE_CURVE_WITH_KNOTS((4,4),
(0.,1.),
.UNSPECIFIED.)CURVE()GEOMETRIC_REPRESENTATION_ITEM()RATIONAL_B_SPLINE_CURVE((1.,
0.932809933673257,0.932809933673257,1.))REPRESENTATION_ITEM(''));
#10685=LINE('',#14394,#14395);
#10686=VERTEX_POINT('',#14397);
#10687=CIRCLE('',#14398,11.);
#10688=VERTEX_POINT('',#14402);
#10689=LINE('',#14403,#14404);
#10690=VERTEX_POINT('',#14406);
#10691=(BOUNDED_CURVE()B_SPLINE_CURVE(3,
(#14407,#14408,#14409,#14410),
.UNSPECIFIED.,.F.,.F.)B_SPLINE_CURVE_WITH_KNOTS((4,4),
(0.,1.),
.UNSPECIFIED.)CURVE()GEOMETRIC_REPRESENTATION_ITEM()RATIONAL_B_SPLINE_CURVE((1.,
0.954912160278617,0.954912160278617,1.))REPRESENTATION_ITEM(''));
#10692=VERTEX_POINT('',#14411);
#10693=LINE('',#14412,#14413);
#10694=VERTEX_POINT('',#14415);
#10695=CIRCLE('',#14416,11.);
#10696=VERTEX_POINT('',#14420);
#10697=LINE('',#14421,#14422);
#10698=VERTEX_POINT('',#14424);
#10699=(BOUNDED_CURVE()B_SPLINE_CURVE(3,
(#14425,#14426,#14427,#14428),
.UNSPECIFIED.,.F.,.F.)B_SPLINE_CURVE_WITH_KNOTS((4,4),
(0.,1.),
.UNSPECIFIED.)CURVE()GEOMETRIC_REPRESENTATION_ITEM()RATIONAL_B_SPLINE_CURVE((1.,
0.999827712403161,0.999827712403161,1.))REPRESENTATION_ITEM(''));
#10700=VERTEX_POINT('',#14429);
#10701=LINE('',#14430,#14431);
#10702=VERTEX_POINT('',#14433);
#10703=(BOUNDED_CURVE()B_SPLINE_CURVE(3,
(#14434,#14435,#14436,#14437),
.UNSPECIFIED.,.F.,.F.)B_SPLINE_CURVE_WITH_KNOTS((4,4),
(0.,1.),
.UNSPECIFIED.)CURVE()GEOMETRIC_REPRESENTATION_ITEM()RATIONAL_B_SPLINE_CURVE((1.,
0.999305181393966,0.999305181393966,1.))REPRESENTATION_ITEM(''));
#10704=CIRCLE('',#14438,11.);
#10705=VERTEX_POINT('',#14442);
#10706=LINE('',#14443,#14444);
#10707=VERTEX_POINT('',#14446);
#10708=LINE('',#14447,#14448);
#10709=VERTEX_POINT('',#14450);
#10710=LINE('',#14451,#14452);
#10711=CIRCLE('',#14454,11.5377104152216);
#10712=VERTEX_POINT('',#14458);
#10713=LINE('',#14459,#14460);
#10714=CIRCLE('',#14462,11.5377104152216);
#10715=VERTEX_POINT('',#14466);
#10716=LINE('',#14467,#14468);
#10717=VERTEX_POINT('',#14470);
#10718=LINE('',#14471,#14472);
#10719=VERTEX_POINT('',#14474);
#10720=LINE('',#14475,#14476);
#10721=CIRCLE('',#14478,11.);
#10722=VERTEX_POINT('',#14482);
#10723=(BOUNDED_CURVE()B_SPLINE_CURVE(3,
(#14483,#14484,#14485,#14486),
.UNSPECIFIED.,.F.,.F.)B_SPLINE_CURVE_WITH_KNOTS((4,4),
(0.,1.),
.UNSPECIFIED.)CURVE()GEOMETRIC_REPRESENTATION_ITEM()RATIONAL_B_SPLINE_CURVE((1.,
0.999305181393966,0.999305181393966,1.))REPRESENTATION_ITEM(''));
#10724=VERTEX_POINT('',#14487);
#10725=LINE('',#14488,#14489);
#10726=VERTEX_POINT('',#14491);
#10727=(BOUNDED_CURVE()B_SPLINE_CURVE(3,
(#14492,#14493,#14494,#14495),
.UNSPECIFIED.,.F.,.F.)B_SPLINE_CURVE_WITH_KNOTS((4,4),
(0.,1.),
.UNSPECIFIED.)CURVE()GEOMETRIC_REPRESENTATION_ITEM()RATIONAL_B_SPLINE_CURVE((1.,
0.999827712403161,0.999827712403161,1.))REPRESENTATION_ITEM(''));
#10728=LINE('',#14496,#14497);
#10729=VERTEX_POINT('',#14499);
#10730=LINE('',#14500,#14501);
#10731=VERTEX_POINT('',#14503);
#10732=(BOUNDED_CURVE()B_SPLINE_CURVE(3,
(#14504,#14505,#14506,#14507),
.UNSPECIFIED.,.F.,.F.)B_SPLINE_CURVE_WITH_KNOTS((4,4),
(0.,1.),
.UNSPECIFIED.)CURVE()GEOMETRIC_REPRESENTATION_ITEM()RATIONAL_B_SPLINE_CURVE((1.,
0.954912160278616,0.954912160278616,1.))REPRESENTATION_ITEM(''));
#10733=LINE('',#14508,#14509);
#10734=VERTEX_POINT('',#14511);
#10735=LINE('',#14512,#14513);
#10736=LINE('',#14515,#14516);
#10737=VERTEX_POINT('',#14518);
#10738=CIRCLE('',#14519,1.);
#10739=VERTEX_POINT('',#14523);
#10740=LINE('',#14524,#14525);
#10741=VERTEX_POINT('',#14527);
#10742=LINE('',#14528,#14529);
#10743=VERTEX_POINT('',#14531);
#10744=LINE('',#14532,#14533);
#10745=LINE('',#14535,#14536);
#10746=LINE('',#14538,#14539);
#10747=VERTEX_POINT('',#14541);
#10748=LINE('',#14542,#14543);
#10749=LINE('',#14545,#14546);
#10750=VERTEX_POINT('',#14548);
#10751=LINE('',#14549,#14550);
#10752=VERTEX_POINT('',#14552);
#10753=CIRCLE('',#14553,11.);
#10754=VERTEX_POINT('',#14557);
#10755=LINE('',#14558,#14559);
#10756=CIRCLE('',#14561,11.);
#10757=VERTEX_POINT('',#14565);
#10758=LINE('',#14566,#14567);
#10759=VERTEX_POINT('',#14569);
#10760=(BOUNDED_CURVE()B_SPLINE_CURVE(3,
(#14570,#14571,#14572,#14573),
.UNSPECIFIED.,.F.,.F.)B_SPLINE_CURVE_WITH_KNOTS((4,4),
(0.,1.),
.UNSPECIFIED.)CURVE()GEOMETRIC_REPRESENTATION_ITEM()RATIONAL_B_SPLINE_CURVE((1.,
0.932809933673258,0.932809933673258,1.))REPRESENTATION_ITEM(''));
#10761=VERTEX_POINT('',#14574);
#10762=LINE('',#14575,#14576);
#10763=VERTEX_POINT('',#14578);
#10764=(BOUNDED_CURVE()B_SPLINE_CURVE(3,
(#14579,#14580,#14581,#14582),
.UNSPECIFIED.,.F.,.F.)B_SPLINE_CURVE_WITH_KNOTS((4,4),
(0.,1.),
.UNSPECIFIED.)CURVE()GEOMETRIC_REPRESENTATION_ITEM()RATIONAL_B_SPLINE_CURVE((1.,
0.932809933673257,0.932809933673257,1.))REPRESENTATION_ITEM(''));
#10765=LINE('',#14583,#14584);
#10766=VERTEX_POINT('',#14586);
#10767=LINE('',#14587,#14588);
#10768=VERTEX_POINT('',#14590);
#10769=(BOUNDED_CURVE()B_SPLINE_CURVE(3,
(#14591,#14592,#14593,#14594),
.UNSPECIFIED.,.F.,.F.)B_SPLINE_CURVE_WITH_KNOTS((4,4),
(0.,1.),
.UNSPECIFIED.)CURVE()GEOMETRIC_REPRESENTATION_ITEM()RATIONAL_B_SPLINE_CURVE((1.,
0.932809933673258,0.932809933673258,1.))REPRESENTATION_ITEM(''));
#10770=VERTEX_POINT('',#14595);
#10771=LINE('',#14596,#14597);
#10772=VERTEX_POINT('',#14599);
#10773=(BOUNDED_CURVE()B_SPLINE_CURVE(3,
(#14600,#14601,#14602,#14603),
.UNSPECIFIED.,.F.,.F.)B_SPLINE_CURVE_WITH_KNOTS((4,4),
(0.,1.),
.UNSPECIFIED.)CURVE()GEOMETRIC_REPRESENTATION_ITEM()RATIONAL_B_SPLINE_CURVE((1.,
0.932809933673257,0.932809933673257,1.))REPRESENTATION_ITEM(''));
#10774=LINE('',#14604,#14605);
#10775=LINE('',#14607,#14608);
#10776=VERTEX_POINT('',#14610);
#10777=CIRCLE('',#14611,11.);
#10778=VERTEX_POINT('',#14615);
#10779=LINE('',#14616,#14617);
#10780=CIRCLE('',#14619,11.);
#10781=LINE('',#14623,#14624);
#10782=LINE('',#14626,#14627);
#10783=VERTEX_POINT('',#14629);
#10784=LINE('',#14630,#14631);
#10785=VERTEX_POINT('',#14633);
#10786=(BOUNDED_CURVE()B_SPLINE_CURVE(3,
(#14634,#14635,#14636,#14637),
.UNSPECIFIED.,.F.,.F.)B_SPLINE_CURVE_WITH_KNOTS((4,4),
(0.,1.),
.UNSPECIFIED.)CURVE()GEOMETRIC_REPRESENTATION_ITEM()RATIONAL_B_SPLINE_CURVE((1.,
0.932809933673258,0.932809933673258,1.))REPRESENTATION_ITEM(''));
#10787=VERTEX_POINT('',#14638);
#10788=LINE('',#14639,#14640);
#10789=VERTEX_POINT('',#14642);
#10790=(BOUNDED_CURVE()B_SPLINE_CURVE(3,
(#14643,#14644,#14645,#14646),
.UNSPECIFIED.,.F.,.F.)B_SPLINE_CURVE_WITH_KNOTS((4,4),
(0.,1.),
.UNSPECIFIED.)CURVE()GEOMETRIC_REPRESENTATION_ITEM()RATIONAL_B_SPLINE_CURVE((1.,
0.932809933673257,0.932809933673257,1.))REPRESENTATION_ITEM(''));
#10791=LINE('',#14647,#14648);
#10792=VERTEX_POINT('',#14650);
#10793=CIRCLE('',#14651,11.);
#10794=VERTEX_POINT('',#14655);
#10795=LINE('',#14656,#14657);
#10796=VERTEX_POINT('',#14659);
#10797=LINE('',#14660,#14661);
#10798=VERTEX_POINT('',#14663);
#10799=CIRCLE('',#14664,11.);
#10800=VERTEX_POINT('',#14668);
#10801=LINE('',#14669,#14670);
#10802=LINE('',#14672,#14673);
#10803=VERTEX_POINT('',#14675);
#10804=VERTEX_POINT('',#14676);
#10805=CIRCLE('',#14677,1.);
#10806=LINE('',#14681,#14682);
#10807=VERTEX_POINT('',#14684);
#10808=LINE('',#14685,#14686);
#10809=VERTEX_POINT('',#14688);
#10810=LINE('',#14689,#14690);
#10811=LINE('',#14692,#14693);
#10812=LINE('',#14695,#14696);
#10813=VERTEX_POINT('',#14698);
#10814=LINE('',#14699,#14700);
#10815=VERTEX_POINT('',#14702);
#10816=(BOUNDED_CURVE()B_SPLINE_CURVE(3,
(#14703,#14704,#14705,#14706),
.UNSPECIFIED.,.F.,.F.)B_SPLINE_CURVE_WITH_KNOTS((4,4),
(0.,1.),
.UNSPECIFIED.)CURVE()GEOMETRIC_REPRESENTATION_ITEM()RATIONAL_B_SPLINE_CURVE((1.,
0.954912160278617,0.954912160278617,1.))REPRESENTATION_ITEM(''));
#10817=LINE('',#14707,#14708);
#10818=VERTEX_POINT('',#14710);
#10819=LINE('',#14711,#14712);
#10820=VERTEX_POINT('',#14714);
#10821=(BOUNDED_CURVE()B_SPLINE_CURVE(3,
(#14715,#14716,#14717,#14718),
.UNSPECIFIED.,.F.,.F.)B_SPLINE_CURVE_WITH_KNOTS((4,4),
(0.,1.),
.UNSPECIFIED.)CURVE()GEOMETRIC_REPRESENTATION_ITEM()RATIONAL_B_SPLINE_CURVE((1.,
0.999827712403161,0.999827712403161,1.))REPRESENTATION_ITEM(''));
#10822=VERTEX_POINT('',#14719);
#10823=LINE('',#14720,#14721);
#10824=VERTEX_POINT('',#14723);
#10825=(BOUNDED_CURVE()B_SPLINE_CURVE(3,
(#14724,#14725,#14726,#14727),
.UNSPECIFIED.,.F.,.F.)B_SPLINE_CURVE_WITH_KNOTS((4,4),
(0.,1.),
.UNSPECIFIED.)CURVE()GEOMETRIC_REPRESENTATION_ITEM()RATIONAL_B_SPLINE_CURVE((1.,
0.999305181393966,0.999305181393966,1.))REPRESENTATION_ITEM(''));
#10826=CIRCLE('',#14728,11.);
#10827=VERTEX_POINT('',#14732);
#10828=LINE('',#14733,#14734);
#10829=VERTEX_POINT('',#14736);
#10830=LINE('',#14737,#14738);
#10831=VERTEX_POINT('',#14740);
#10832=LINE('',#14741,#14742);
#10833=CIRCLE('',#14744,12.);
#10834=VERTEX_POINT('',#14748);
#10835=LINE('',#14749,#14750);
#10836=CIRCLE('',#14752,12.);
#10837=VERTEX_POINT('',#14756);
#10838=LINE('',#14757,#14758);
#10839=VERTEX_POINT('',#14760);
#10840=LINE('',#14761,#14762);
#10841=VERTEX_POINT('',#14764);
#10842=LINE('',#14765,#14766);
#10843=CIRCLE('',#14768,11.);
#10844=VERTEX_POINT('',#14772);
#10845=(BOUNDED_CURVE()B_SPLINE_CURVE(3,
(#14773,#14774,#14775,#14776),
.UNSPECIFIED.,.F.,.F.)B_SPLINE_CURVE_WITH_KNOTS((4,4),
(0.,1.),
.UNSPECIFIED.)CURVE()GEOMETRIC_REPRESENTATION_ITEM()RATIONAL_B_SPLINE_CURVE((1.,
0.999305181393966,0.999305181393966,1.))REPRESENTATION_ITEM(''));
#10846=VERTEX_POINT('',#14777);
#10847=LINE('',#14778,#14779);
#10848=VERTEX_POINT('',#14781);
#10849=(BOUNDED_CURVE()B_SPLINE_CURVE(3,
(#14782,#14783,#14784,#14785),
.UNSPECIFIED.,.F.,.F.)B_SPLINE_CURVE_WITH_KNOTS((4,4),
(0.,1.),
.UNSPECIFIED.)CURVE()GEOMETRIC_REPRESENTATION_ITEM()RATIONAL_B_SPLINE_CURVE((1.,
0.999827712403161,0.999827712403161,1.))REPRESENTATION_ITEM(''));
#10850=LINE('',#14786,#14787);
#10851=VERTEX_POINT('',#14789);
#10852=LINE('',#14790,#14791);
#10853=VERTEX_POINT('',#14793);
#10854=(BOUNDED_CURVE()B_SPLINE_CURVE(3,
(#14794,#14795,#14796,#14797),
.UNSPECIFIED.,.F.,.F.)B_SPLINE_CURVE_WITH_KNOTS((4,4),
(0.,1.),
.UNSPECIFIED.)CURVE()GEOMETRIC_REPRESENTATION_ITEM()RATIONAL_B_SPLINE_CURVE((1.,
0.954912160278616,0.954912160278616,1.))REPRESENTATION_ITEM(''));
#10855=LINE('',#14798,#14799);
#10856=VERTEX_POINT('',#14801);
#10857=LINE('',#14802,#14803);
#10858=VERTEX_POINT('',#14805);
#10859=(BOUNDED_CURVE()B_SPLINE_CURVE(3,
(#14806,#14807,#14808,#14809),
.UNSPECIFIED.,.F.,.F.)B_SPLINE_CURVE_WITH_KNOTS((4,4),
(0.,1.),
.UNSPECIFIED.)CURVE()GEOMETRIC_REPRESENTATION_ITEM()RATIONAL_B_SPLINE_CURVE((1.,
0.932809933673257,0.932809933673257,1.))REPRESENTATION_ITEM(''));
#10860=VERTEX_POINT('',#14810);
#10861=LINE('',#14811,#14812);
#10862=VERTEX_POINT('',#14814);
#10863=(BOUNDED_CURVE()B_SPLINE_CURVE(3,
(#14815,#14816,#14817,#14818),
.UNSPECIFIED.,.F.,.F.)B_SPLINE_CURVE_WITH_KNOTS((4,4),
(0.,1.),
.UNSPECIFIED.)CURVE()GEOMETRIC_REPRESENTATION_ITEM()RATIONAL_B_SPLINE_CURVE((1.,
0.932809933673257,0.932809933673257,1.))REPRESENTATION_ITEM(''));
#10864=LINE('',#14819,#14820);
#10865=VERTEX_POINT('',#14822);
#10866=CIRCLE('',#14823,1.60000000000002);
#10867=VERTEX_POINT('',#14827);
#10868=LINE('',#14828,#14829);
#10869=CIRCLE('',#14831,1.59999967353195);
#10870=LINE('',#14835,#14836);
#10871=VERTEX_POINT('',#14838);
#10872=VERTEX_POINT('',#14839);
#10873=CIRCLE('',#14840,1.);
#10874=LINE('',#14844,#14845);
#10875=VERTEX_POINT('',#14847);
#10876=LINE('',#14848,#14849);
#10877=VERTEX_POINT('',#14851);
#10878=LINE('',#14852,#14853);
#10879=LINE('',#14855,#14856);
#10880=LINE('',#14858,#14859);
#10881=LINE('',#14861,#14862);
#10882=LINE('',#14864,#14865);
#10883=VERTEX_POINT('',#14867);
#10884=CIRCLE('',#14868,1.6);
#10885=VERTEX_POINT('',#14872);
#10886=LINE('',#14873,#14874);
#10887=CIRCLE('',#14876,1.6);
#10888=LINE('',#14880,#14881);
#10889=LINE('',#14883,#14884);
#10890=VERTEX_POINT('',#14886);
#10891=LINE('',#14887,#14888);
#10892=CIRCLE('',#14890,1.60000000000002);
#10893=VERTEX_POINT('',#14894);
#10894=LINE('',#14895,#14896);
#10895=VERTEX_POINT('',#14898);
#10896=CIRCLE('',#14899,1.59999967353195);
#10897=LINE('',#14903,#14904);
#10898=LINE('',#14906,#14907);
#10899=VERTEX_POINT('',#14909);
#10900=CIRCLE('',#14910,1.60000000000002);
#10901=VERTEX_POINT('',#14914);
#10902=LINE('',#14915,#14916);
#10903=CIRCLE('',#14918,1.59999967353195);
#10904=LINE('',#14922,#14923);
#10905=LINE('',#14925,#14926);
#10906=VERTEX_POINT('',#14928);
#10907=LINE('',#14929,#14930);
#10908=LINE('',#14932,#14933);
#10909=VERTEX_POINT('',#14935);
#10910=CIRCLE('',#14936,1.);
#10911=VERTEX_POINT('',#14940);
#10912=LINE('',#14941,#14942);
#10913=VERTEX_POINT('',#14944);
#10914=LINE('',#14945,#14946);
#10915=LINE('',#14948,#14949);
#10916=LINE('',#14951,#14952);
#10917=LINE('',#14954,#14955);
#10918=LINE('',#14957,#14958);
#10919=VERTEX_POINT('',#14960);
#10920=LINE('',#14961,#14962);
#10921=VERTEX_POINT('',#14964);
#10922=LINE('',#14965,#14966);
#10923=LINE('',#14968,#14969);
#10924=LINE('',#14971,#14972);
#10925=VERTEX_POINT('',#14974);
#10926=LINE('',#14975,#14976);
#10927=VERTEX_POINT('',#14978);
#10928=LINE('',#14979,#14980);
#10929=LINE('',#14982,#14983);
#10930=LINE('',#14985,#14986);
#10931=VERTEX_POINT('',#14988);
#10932=LINE('',#14989,#14990);
#10933=VERTEX_POINT('',#14992);
#10934=LINE('',#14993,#14994);
#10935=LINE('',#14996,#14997);
#10936=VERTEX_POINT('',#14999);
#10937=LINE('',#15000,#15001);
#10938=LINE('',#15003,#15004);
#10939=VERTEX_POINT('',#15006);
#10940=LINE('',#15007,#15008);
#10941=LINE('',#15010,#15011);
#10942=LINE('',#15013,#15014);
#10943=LINE('',#15016,#15017);
#10944=LINE('',#15019,#15020);
#10945=VERTEX_POINT('',#15022);
#10946=LINE('',#15023,#15024);
#10947=VERTEX_POINT('',#15026);
#10948=LINE('',#15027,#15028);
#10949=LINE('',#15030,#15031);
#10950=VERTEX_POINT('',#15033);
#10951=LINE('',#15034,#15035);
#10952=VERTEX_POINT('',#15037);
#10953=LINE('',#15038,#15039);
#10954=LINE('',#15041,#15042);
#10955=LINE('',#15044,#15045);
#10956=VERTEX_POINT('',#15047);
#10957=LINE('',#15048,#15049);
#10958=VERTEX_POINT('',#15051);
#10959=LINE('',#15052,#15053);
#10960=LINE('',#15055,#15056);
#10961=VERTEX_POINT('',#15058);
#10962=LINE('',#15059,#15060);
#10963=LINE('',#15062,#15063);
#10964=VERTEX_POINT('',#15065);
#10965=LINE('',#15066,#15067);
#10966=LINE('',#15069,#15070);
#10967=LINE('',#15072,#15073);
#10968=VERTEX_POINT('',#15075);
#10969=CIRCLE('',#15076,0.75);
#10970=VERTEX_POINT('',#15080);
#10971=CIRCLE('',#15081,1.6);
#10972=VERTEX_POINT('',#15085);
#10973=CIRCLE('',#15086,1.6);
#10974=VERTEX_POINT('',#15090);
#10975=CIRCLE('',#15091,1.6);
#10976=VERTEX_POINT('',#15095);
#10977=CIRCLE('',#15096,1.6);
#10978=LINE('',#15100,#15101);
#10979=VERTEX_POINT('',#15103);
#10980=CIRCLE('',#15104,3.);
#10981=LINE('',#15108,#15109);
#10982=LINE('',#15111,#15112);
#10983=VERTEX_POINT('',#15114);
#10984=LINE('',#15115,#15116);
#10985=LINE('',#15118,#15119);
#10986=LINE('',#15121,#15122);
#10987=VERTEX_POINT('',#15124);
#10988=VERTEX_POINT('',#15125);
#10989=LINE('',#15126,#15127);
#10990=VERTEX_POINT('',#15129);
#10991=LINE('',#15130,#15131);
#10992=VERTEX_POINT('',#15133);
#10993=LINE('',#15134,#15135);
#10994=VERTEX_POINT('',#15137);
#10995=LINE('',#15138,#15139);
#10996=VERTEX_POINT('',#15141);
#10997=LINE('',#15142,#15143);
#10998=VERTEX_POINT('',#15145);
#10999=LINE('',#15146,#15147);
#11000=VERTEX_POINT('',#15149);
#11001=LINE('',#15150,#15151);
#11002=VERTEX_POINT('',#15153);
#11003=LINE('',#15154,#15155);
#11004=VERTEX_POINT('',#15157);
#11005=LINE('',#15158,#15159);
#11006=VERTEX_POINT('',#15161);
#11007=LINE('',#15162,#15163);
#11008=VERTEX_POINT('',#15165);
#11009=LINE('',#15166,#15167);
#11010=LINE('',#15169,#15170);
#11011=LINE('',#15172,#15173);
#11012=VERTEX_POINT('',#15175);
#11013=CIRCLE('',#15176,3.);
#11014=VERTEX_POINT('',#15180);
#11015=LINE('',#15181,#15182);
#11016=VERTEX_POINT('',#15184);
#11017=(BOUNDED_CURVE()B_SPLINE_CURVE(3,
(#15185,#15186,#15187,#15188),
.UNSPECIFIED.,.F.,.F.)B_SPLINE_CURVE_WITH_KNOTS((4,4),
(0.,1.),
.UNSPECIFIED.)CURVE()GEOMETRIC_REPRESENTATION_ITEM()RATIONAL_B_SPLINE_CURVE((1.,
0.932809933673257,0.932809933673257,1.))REPRESENTATION_ITEM(''));
#11018=VERTEX_POINT('',#15189);
#11019=LINE('',#15190,#15191);
#11020=VERTEX_POINT('',#15193);
#11021=(BOUNDED_CURVE()B_SPLINE_CURVE(3,
(#15194,#15195,#15196,#15197),
.UNSPECIFIED.,.F.,.F.)B_SPLINE_CURVE_WITH_KNOTS((4,4),
(0.,1.),
.UNSPECIFIED.)CURVE()GEOMETRIC_REPRESENTATION_ITEM()RATIONAL_B_SPLINE_CURVE((1.,
0.932809933673257,0.932809933673257,1.))REPRESENTATION_ITEM(''));
#11022=LINE('',#15198,#15199);
#11023=LINE('',#15201,#15202);
#11024=VERTEX_POINT('',#15204);
#11025=VERTEX_POINT('',#15205);
#11026=LINE('',#15206,#15207);
#11027=VERTEX_POINT('',#15209);
#11028=LINE('',#15210,#15211);
#11029=VERTEX_POINT('',#15213);
#11030=LINE('',#15214,#15215);
#11031=VERTEX_POINT('',#15217);
#11032=LINE('',#15218,#15219);
#11033=VERTEX_POINT('',#15221);
#11034=LINE('',#15222,#15223);
#11035=VERTEX_POINT('',#15225);
#11036=LINE('',#15226,#15227);
#11037=VERTEX_POINT('',#15229);
#11038=LINE('',#15230,#15231);
#11039=VERTEX_POINT('',#15233);
#11040=LINE('',#15234,#15235);
#11041=VERTEX_POINT('',#15237);
#11042=LINE('',#15238,#15239);
#11043=VERTEX_POINT('',#15241);
#11044=LINE('',#15242,#15243);
#11045=VERTEX_POINT('',#15245);
#11046=LINE('',#15246,#15247);
#11047=LINE('',#15249,#15250);
#11048=LINE('',#15252,#15253);
#11049=VERTEX_POINT('',#15255);
#11050=CIRCLE('',#15256,3.);
#11051=VERTEX_POINT('',#15260);
#11052=VERTEX_POINT('',#15261);
#11053=LINE('',#15262,#15263);
#11054=VERTEX_POINT('',#15265);
#11055=LINE('',#15266,#15267);
#11056=VERTEX_POINT('',#15269);
#11057=LINE('',#15270,#15271);
#11058=VERTEX_POINT('',#15273);
#11059=LINE('',#15274,#15275);
#11060=VERTEX_POINT('',#15277);
#11061=LINE('',#15278,#15279);
#11062=VERTEX_POINT('',#15281);
#11063=LINE('',#15282,#15283);
#11064=LINE('',#15285,#15286);
#11065=VERTEX_POINT('',#15288);
#11066=LINE('',#15289,#15290);
#11067=VERTEX_POINT('',#15292);
#11068=LINE('',#15293,#15294);
#11069=VERTEX_POINT('',#15296);
#11070=LINE('',#15297,#15298);
#11071=VERTEX_POINT('',#15300);
#11072=LINE('',#15301,#15302);
#11073=VERTEX_POINT('',#15304);
#11074=LINE('',#15305,#15306);
#11075=VERTEX_POINT('',#15308);
#11076=LINE('',#15309,#15310);
#11077=LINE('',#15312,#15313);
#11078=VERTEX_POINT('',#15315);
#11079=LINE('',#15316,#15317);
#11080=VERTEX_POINT('',#15319);
#11081=LINE('',#15320,#15321);
#11082=LINE('',#15323,#15324);
#11083=LINE('',#15326,#15327);
#11084=LINE('',#15329,#15330);
#11085=LINE('',#15332,#15333);
#11086=LINE('',#15335,#15336);
#11087=VERTEX_POINT('',#15338);
#11088=LINE('',#15339,#15340);
#11089=LINE('',#15342,#15343);
#11090=VERTEX_POINT('',#15345);
#11091=VERTEX_POINT('',#15346);
#11092=LINE('',#15347,#15348);
#11093=VERTEX_POINT('',#15350);
#11094=LINE('',#15351,#15352);
#11095=VERTEX_POINT('',#15354);
#11096=LINE('',#15355,#15356);
#11097=LINE('',#15358,#15359);
#11098=LINE('',#15361,#15362);
#11099=LINE('',#15364,#15365);
#11100=LINE('',#15367,#15368);
#11101=LINE('',#15370,#15371);
#11102=LINE('',#15373,#15374);
#11103=LINE('',#15376,#15377);
#11104=LINE('',#15379,#15380);
#11105=VERTEX_POINT('',#15382);
#11106=VERTEX_POINT('',#15383);
#11107=LINE('',#15384,#15385);
#11108=VERTEX_POINT('',#15387);
#11109=LINE('',#15388,#15389);
#11110=VERTEX_POINT('',#15391);
#11111=LINE('',#15392,#15393);
#11112=LINE('',#15395,#15396);
#11113=LINE('',#15398,#15399);
#11114=LINE('',#15401,#15402);
#11115=LINE('',#15404,#15405);
#11116=VERTEX_POINT('',#15407);
#11117=CIRCLE('',#15408,3.);
#11118=LINE('',#15412,#15413);
#11119=LINE('',#15415,#15416);
#11120=VERTEX_POINT('',#15418);
#11121=LINE('',#15419,#15420);
#11122=LINE('',#15422,#15423);
#11123=VERTEX_POINT('',#15425);
#11124=VERTEX_POINT('',#15426);
#11125=LINE('',#15427,#15428);
#11126=VERTEX_POINT('',#15430);
#11127=LINE('',#15431,#15432);
#11128=VERTEX_POINT('',#15434);
#11129=LINE('',#15435,#15436);
#11130=LINE('',#15438,#15439);
#11131=LINE('',#15441,#15442);
#11132=LINE('',#15444,#15445);
#11133=LINE('',#15447,#15448);
#11134=LINE('',#15450,#15451);
#11135=LINE('',#15453,#15454);
#11136=LINE('',#15456,#15457);
#11137=VERTEX_POINT('',#15459);
#11138=CIRCLE('',#15460,3.);
#11139=VERTEX_POINT('',#15464);
#11140=CIRCLE('',#15465,3.);
#11141=VERTEX_POINT('',#15469);
#11142=CIRCLE('',#15470,3.);
#11143=VERTEX_POINT('',#15474);
#11144=CIRCLE('',#15475,3.);
#11145=VERTEX_POINT('',#15479);
#11146=LINE('',#15480,#15481);
#11147=VERTEX_POINT('',#15483);
#11148=LINE('',#15484,#15485);
#11149=LINE('',#15487,#15488);
#11150=VERTEX_POINT('',#15490);
#11151=LINE('',#15491,#15492);
#11152=LINE('',#15494,#15495);
#11153=VERTEX_POINT('',#15497);
#11154=LINE('',#15498,#15499);
#11155=LINE('',#15501,#15502);
#11156=VERTEX_POINT('',#15504);
#11157=LINE('',#15505,#15506);
#11158=LINE('',#15508,#15509);
#11159=VERTEX_POINT('',#15511);
#11160=LINE('',#15512,#15513);
#11161=LINE('',#15515,#15516);
#11162=VERTEX_POINT('',#15518);
#11163=LINE('',#15519,#15520);
#11164=LINE('',#15522,#15523);
#11165=VERTEX_POINT('',#15525);
#11166=LINE('',#15526,#15527);
#11167=LINE('',#15529,#15530);
#11168=VERTEX_POINT('',#15532);
#11169=LINE('',#15533,#15534);
#11170=LINE('',#15536,#15537);
#11171=VERTEX_POINT('',#15539);
#11172=LINE('',#15540,#15541);
#11173=LINE('',#15543,#15544);
#11174=VERTEX_POINT('',#15546);
#11175=LINE('',#15547,#15548);
#11176=LINE('',#15550,#15551);
#11177=VERTEX_POINT('',#15553);
#11178=LINE('',#15554,#15555);
#11179=LINE('',#15557,#15558);
#11180=LINE('',#15560,#15561);
#11181=VERTEX_POINT('',#15563);
#11182=LINE('',#15564,#15565);
#11183=VERTEX_POINT('',#15567);
#11184=LINE('',#15568,#15569);
#11185=LINE('',#15571,#15572);
#11186=VERTEX_POINT('',#15574);
#11187=LINE('',#15575,#15576);
#11188=LINE('',#15578,#15579);
#11189=VERTEX_POINT('',#15581);
#11190=LINE('',#15582,#15583);
#11191=LINE('',#15585,#15586);
#11192=VERTEX_POINT('',#15588);
#11193=LINE('',#15589,#15590);
#11194=LINE('',#15592,#15593);
#11195=VERTEX_POINT('',#15595);
#11196=LINE('',#15596,#15597);
#11197=LINE('',#15599,#15600);
#11198=VERTEX_POINT('',#15602);
#11199=LINE('',#15603,#15604);
#11200=LINE('',#15606,#15607);
#11201=VERTEX_POINT('',#15609);
#11202=LINE('',#15610,#15611);
#11203=LINE('',#15613,#15614);
#11204=VERTEX_POINT('',#15616);
#11205=LINE('',#15617,#15618);
#11206=LINE('',#15620,#15621);
#11207=VERTEX_POINT('',#15623);
#11208=LINE('',#15624,#15625);
#11209=LINE('',#15627,#15628);
#11210=VERTEX_POINT('',#15630);
#11211=LINE('',#15631,#15632);
#11212=LINE('',#15634,#15635);
#11213=VERTEX_POINT('',#15637);
#11214=LINE('',#15638,#15639);
#11215=LINE('',#15641,#15642);
#11216=LINE('',#15644,#15645);
#11217=VERTEX_POINT('',#15647);
#11218=LINE('',#15648,#15649);
#11219=VERTEX_POINT('',#15651);
#11220=LINE('',#15652,#15653);
#11221=LINE('',#15655,#15656);
#11222=VERTEX_POINT('',#15658);
#11223=LINE('',#15659,#15660);
#11224=LINE('',#15662,#15663);
#11225=VERTEX_POINT('',#15665);
#11226=LINE('',#15666,#15667);
#11227=LINE('',#15669,#15670);
#11228=VERTEX_POINT('',#15672);
#11229=LINE('',#15673,#15674);
#11230=LINE('',#15676,#15677);
#11231=VERTEX_POINT('',#15679);
#11232=LINE('',#15680,#15681);
#11233=LINE('',#15683,#15684);
#11234=LINE('',#15686,#15687);
#11235=VERTEX_POINT('',#15689);
#11236=LINE('',#15690,#15691);
#11237=LINE('',#15693,#15694);
#11238=VERTEX_POINT('',#15696);
#11239=LINE('',#15697,#15698);
#11240=LINE('',#15700,#15701);
#11241=VERTEX_POINT('',#15703);
#11242=LINE('',#15704,#15705);
#11243=LINE('',#15707,#15708);
#11244=VERTEX_POINT('',#15710);
#11245=LINE('',#15711,#15712);
#11246=LINE('',#15714,#15715);
#11247=LINE('',#15717,#15718);
#11248=VERTEX_POINT('',#15720);
#11249=LINE('',#15721,#15722);
#11250=VERTEX_POINT('',#15724);
#11251=LINE('',#15725,#15726);
#11252=LINE('',#15728,#15729);
#11253=VERTEX_POINT('',#15731);
#11254=LINE('',#15732,#15733);
#11255=LINE('',#15735,#15736);
#11256=VERTEX_POINT('',#15738);
#11257=LINE('',#15739,#15740);
#11258=LINE('',#15742,#15743);
#11259=LINE('',#15745,#15746);
#11260=VERTEX_POINT('',#15748);
#11261=LINE('',#15749,#15750);
#11262=VERTEX_POINT('',#15752);
#11263=LINE('',#15753,#15754);
#11264=LINE('',#15756,#15757);
#11265=VERTEX_POINT('',#15759);
#11266=LINE('',#15760,#15761);
#11267=LINE('',#15763,#15764);
#11268=VERTEX_POINT('',#15766);
#11269=LINE('',#15767,#15768);
#11270=LINE('',#15770,#15771);
#11271=LINE('',#15773,#15774);
#11272=VERTEX_POINT('',#15776);
#11273=LINE('',#15777,#15778);
#11274=VERTEX_POINT('',#15780);
#11275=LINE('',#15781,#15782);
#11276=LINE('',#15784,#15785);
#11277=VERTEX_POINT('',#15787);
#11278=LINE('',#15788,#15789);
#11279=LINE('',#15791,#15792);
#11280=VERTEX_POINT('',#15794);
#11281=LINE('',#15795,#15796);
#11282=LINE('',#15798,#15799);
#11283=LINE('',#15801,#15802);
#11284=VERTEX_POINT('',#15804);
#11285=CIRCLE('',#15805,9.29);
#11286=VERTEX_POINT('',#15809);
#11287=CIRCLE('',#15810,9.29);
#11288=VERTEX_POINT('',#15814);
#11289=CIRCLE('',#15815,9.5);
#11290=VERTEX_POINT('',#15819);
#11291=CIRCLE('',#15820,7.);
#11292=VERTEX_POINT('',#15824);
#11293=CIRCLE('',#15825,8.);
#11294=VERTEX_POINT('',#15829);
#11295=CIRCLE('',#15830,8.);
#11296=VERTEX_POINT('',#15834);
#11297=CIRCLE('',#15835,7.);
#11298=VERTEX_POINT('',#15839);
#11299=CIRCLE('',#15840,10.3);
#11300=VERTEX_POINT('',#15844);
#11301=CIRCLE('',#15845,9.5);
#11302=VERTEX_POINT('',#15849);
#11303=CIRCLE('',#15850,10.3);
#11304=VERTEX_POINT('',#15854);
#11305=CIRCLE('',#15855,10.5);
#11306=VERTEX_POINT('',#15859);
#11307=CIRCLE('',#15860,10.1);
#11308=VERTEX_POINT('',#15864);
#11309=CIRCLE('',#15865,10.5);
#11310=VERTEX_POINT('',#15869);
#11311=CIRCLE('',#15870,10.1);
#11312=VERTEX_POINT('',#15874);
#11313=CIRCLE('',#15875,10.3);
#11314=VERTEX_POINT('',#15879);
#11315=CIRCLE('',#15880,10.3);
#11316=VERTEX_POINT('',#15884);
#11317=CIRCLE('',#15885,10.3);
#11318=VERTEX_POINT('',#15889);
#11319=CIRCLE('',#15890,10.3);
#11320=VERTEX_POINT('',#15894);
#11321=CIRCLE('',#15895,10.5);
#11322=VERTEX_POINT('',#15899);
#11323=CIRCLE('',#15900,9.4999999999998);
#11324=VERTEX_POINT('',#15904);
#11325=CIRCLE('',#15905,10.5);
#11326=VERTEX_POINT('',#15909);
#11327=CIRCLE('',#15910,9.30000000000001);
#11328=VERTEX_POINT('',#15914);
#11329=CIRCLE('',#15915,9.50000000000001);
#11330=VERTEX_POINT('',#15919);
#11331=CIRCLE('',#15920,9.30000000000001);
#11332=VERTEX_POINT('',#15924);
#11333=CIRCLE('',#15925,10.);
#11334=VERTEX_POINT('',#15929);
#11335=CIRCLE('',#15930,10.);
#11336=VERTEX_POINT('',#15934);
#11337=CIRCLE('',#15935,6.9);
#11338=VERTEX_POINT('',#15939);
#11339=CIRCLE('',#15940,5.9);
#11340=VERTEX_POINT('',#15944);
#11341=VERTEX_POINT('',#15945);
#11342=CIRCLE('',#15946,1.);
#11343=VERTEX_POINT('',#15950);
#11344=CIRCLE('',#15951,6.);
#11345=VERTEX_POINT('',#15955);
#11346=CIRCLE('',#15956,1.);
#11347=VERTEX_POINT('',#15960);
#11348=LINE('',#15961,#15962);
#11349=VERTEX_POINT('',#15964);
#11350=CIRCLE('',#15965,1.);
#11351=VERTEX_POINT('',#15969);
#11352=CIRCLE('',#15970,6.);
#11353=VERTEX_POINT('',#15974);
#11354=CIRCLE('',#15975,1.);
#11355=VERTEX_POINT('',#15979);
#11356=LINE('',#15980,#15981);
#11357=VERTEX_POINT('',#15983);
#11358=CIRCLE('',#15984,1.);
#11359=VERTEX_POINT('',#15988);
#11360=CIRCLE('',#15989,6.);
#11361=VERTEX_POINT('',#15993);
#11362=CIRCLE('',#15994,1.);
#11363=VERTEX_POINT('',#15998);
#11364=LINE('',#15999,#16000);
#11365=VERTEX_POINT('',#16002);
#11366=CIRCLE('',#16003,1.);
#11367=VERTEX_POINT('',#16007);
#11368=CIRCLE('',#16008,6.);
#11369=VERTEX_POINT('',#16012);
#11370=CIRCLE('',#16013,1.);
#11371=LINE('',#16017,#16018);
#11372=VERTEX_POINT('',#16020);
#11373=B_SPLINE_CURVE_WITH_KNOTS('',3,
(#16021,#16022,#16023,#16024,#16025,#16026,#16027,#16028,#16029,#16030,#16031,#16032),
.UNSPECIFIED.,.F.,.F.,
(4,1,1,1,1,1,1,1,1,4),
(0.,0.0526176700382408,0.136891266689994,0.266084046947188,0.446996523220188,0.609709585701115,
0.740881990740687,0.83054064086874,0.916954759633419,1.),
.UNSPECIFIED.);
#11374=VERTEX_POINT('',#16033);
#11375=CIRCLE('',#16034,7.);
#11376=B_SPLINE_CURVE_WITH_KNOTS('',3,
(#16038,#16039,#16040,#16041,#16042,#16043,#16044,#16045,#16046,#16047,#16048,#16049),
.UNSPECIFIED.,.F.,.F.,
(4,1,1,1,1,1,1,1,1,4),
(0.,0.0991923727511762,0.198882187501719,0.298869624724026,0.433263892351632,0.567630620335461,
0.701897829579917,0.801614250137695,0.900989177586327,1.),
.UNSPECIFIED.);
#11377=VERTEX_POINT('',#16050);
#11378=B_SPLINE_CURVE_WITH_KNOTS('',3,
(#16051,#16052,#16053,#16054,#16055,#16056,#16057,#16058,#16059,#16060,#16061,#16062),
.UNSPECIFIED.,.F.,.F.,
(4,1,1,1,1,1,1,1,1,4),
(0.,0.0991923727508238,0.198882187501089,0.298869624723193,0.433263892350786,0.567630620334682,
0.701897829579287,0.801614250137232,0.900989177586072,1.),
.UNSPECIFIED.);
#11379=VERTEX_POINT('',#16063);
#11380=B_SPLINE_CURVE_WITH_KNOTS('',3,
(#16064,#16065,#16066,#16067,#16068,#16069,#16070,#16071,#16072,#16073,#16074,#16075),
.UNSPECIFIED.,.F.,.F.,
(4,1,1,1,1,1,1,1,1,4),
(0.,0.0526176700382414,0.136891266689993,0.266084046947186,0.446996523220184,0.609709585701116,
0.740881990740685,0.830540640868737,0.916954759633417,1.),
.UNSPECIFIED.);
#11381=CIRCLE('',#16076,7.);
#11382=VERTEX_POINT('',#16080);
#11383=B_SPLINE_CURVE_WITH_KNOTS('',3,
(#16081,#16082,#16083,#16084,#16085,#16086,#16087,#16088,#16089,#16090,#16091,#16092),
.UNSPECIFIED.,.F.,.F.,
(4,1,1,1,1,1,1,1,1,4),
(0.,0.0526176700382418,0.136891266689993,0.266084046947185,0.446996523220185,0.609709585701115,
0.740881990740683,0.830540640868734,0.916954759633419,1.),
.UNSPECIFIED.);
#11384=VERTEX_POINT('',#16093);
#11385=CIRCLE('',#16094,7.);
#11386=B_SPLINE_CURVE_WITH_KNOTS('',3,
(#16098,#16099,#16100,#16101,#16102,#16103,#16104,#16105,#16106,#16107,#16108,#16109),
.UNSPECIFIED.,.F.,.F.,
(4,1,1,1,1,1,1,1,1,4),
(0.,0.0991923727511786,0.198882187501721,0.298869624724027,0.433263892351634,0.567630620335461,
0.701897829579917,0.801614250137697,0.900989177586325,1.),
.UNSPECIFIED.);
#11387=VERTEX_POINT('',#16110);
#11388=B_SPLINE_CURVE_WITH_KNOTS('',3,
(#16111,#16112,#16113,#16114,#16115,#16116,#16117,#16118,#16119,#16120,#16121,#16122),
.UNSPECIFIED.,.F.,.F.,
(4,1,1,1,1,1,1,1,1,4),
(0.,0.0991923727508251,0.198882187501089,0.298869624723195,0.433263892350786,0.567630620334682,
0.701897829579287,0.801614250137231,0.900989177586072,1.),
.UNSPECIFIED.);
#11389=VERTEX_POINT('',#16123);
#11390=B_SPLINE_CURVE_WITH_KNOTS('',3,
(#16124,#16125,#16126,#16127,#16128,#16129,#16130,#16131,#16132,#16133,#16134,#16135),
.UNSPECIFIED.,.F.,.F.,
(4,1,1,1,1,1,1,1,1,4),
(0.,0.0526176700382435,0.136891266689997,0.266084046947189,0.446996523220187,0.609709585701117,
0.740881990740685,0.830540640868738,0.916954759633419,1.),
.UNSPECIFIED.);
#11391=CIRCLE('',#16136,7.);
#11392=VERTEX_POINT('',#16140);
#11393=CIRCLE('',#16141,1.);
#11394=VERTEX_POINT('',#16145);
#11395=LINE('',#16146,#16147);
#11396=VERTEX_POINT('',#16149);
#11397=CIRCLE('',#16150,10.);
#11398=VERTEX_POINT('',#16154);
#11399=LINE('',#16155,#16156);
#11400=CIRCLE('',#16158,1.);
#11401=VERTEX_POINT('',#16162);
#11402=CIRCLE('',#16163,1.);
#11403=VERTEX_POINT('',#16167);
#11404=CIRCLE('',#16168,1.);
#11405=VERTEX_POINT('',#16172);
#11406=LINE('',#16173,#16174);
#11407=VERTEX_POINT('',#16176);
#11408=CIRCLE('',#16177,10.);
#11409=LINE('',#16181,#16182);
#11410=VERTEX_POINT('',#16184);
#11411=CIRCLE('',#16185,1.);
#11412=VERTEX_POINT('',#16189);
#11413=LINE('',#16190,#16191);
#11414=VERTEX_POINT('',#16193);
#11415=CIRCLE('',#16194,10.);
#11416=VERTEX_POINT('',#16198);
#11417=LINE('',#16199,#16200);
#11418=CIRCLE('',#16202,1.);
#11419=VERTEX_POINT('',#16206);
#11420=CIRCLE('',#16207,1.);
#11421=VERTEX_POINT('',#16211);
#11422=CIRCLE('',#16212,1.);
#11423=VERTEX_POINT('',#16216);
#11424=LINE('',#16217,#16218);
#11425=VERTEX_POINT('',#16220);
#11426=CIRCLE('',#16221,10.);
#11427=LINE('',#16225,#16226);
#11428=VERTEX_POINT('',#16228);
#11429=LINE('',#16229,#16230);
#11430=VERTEX_POINT('',#16232);
#11431=LINE('',#16233,#16234);
#11432=CIRCLE('',#16236,10.);
#11433=VERTEX_POINT('',#16240);
#11434=LINE('',#16241,#16242);
#11435=VERTEX_POINT('',#16244);
#11436=CIRCLE('',#16245,10.);
#11437=LINE('',#16249,#16250);
#11438=VERTEX_POINT('',#16252);
#11439=LINE('',#16253,#16254);
#11440=VERTEX_POINT('',#16256);
#11441=CIRCLE('',#16257,10.);
#11442=LINE('',#16261,#16262);
#11443=VERTEX_POINT('',#16264);
#11444=LINE('',#16265,#16266);
#11445=VERTEX_POINT('',#16268);
#11446=LINE('',#16269,#16270);
#11447=CIRCLE('',#16272,10.);
#11448=VERTEX_POINT('',#16276);
#11449=VERTEX_POINT('',#16277);
#11450=CIRCLE('',#16278,1.);
#11451=VERTEX_POINT('',#16282);
#11452=CIRCLE('',#16283,6.9);
#11453=VERTEX_POINT('',#16287);
#11454=CIRCLE('',#16288,1.);
#11455=LINE('',#16292,#16293);
#11456=LINE('',#16295,#16296);
#11457=VERTEX_POINT('',#16298);
#11458=VERTEX_POINT('',#16299);
#11459=CIRCLE('',#16300,1.);
#11460=LINE('',#16304,#16305);
#11461=VERTEX_POINT('',#16307);
#11462=LINE('',#16308,#16309);
#11463=VERTEX_POINT('',#16311);
#11464=CIRCLE('',#16312,1.);
#11465=CIRCLE('',#16316,6.9);
#11466=VERTEX_POINT('',#16320);
#11467=VERTEX_POINT('',#16321);
#11468=CIRCLE('',#16322,1.);
#11469=VERTEX_POINT('',#16326);
#11470=CIRCLE('',#16327,6.9);
#11471=VERTEX_POINT('',#16331);
#11472=CIRCLE('',#16332,1.);
#11473=LINE('',#16336,#16337);
#11474=LINE('',#16339,#16340);
#11475=VERTEX_POINT('',#16342);
#11476=VERTEX_POINT('',#16343);
#11477=CIRCLE('',#16344,1.);
#11478=LINE('',#16348,#16349);
#11479=VERTEX_POINT('',#16351);
#11480=LINE('',#16352,#16353);
#11481=VERTEX_POINT('',#16355);
#11482=CIRCLE('',#16356,1.);
#11483=CIRCLE('',#16360,6.9);
#11484=VERTEX_POINT('',#16364);
#11485=B_SPLINE_CURVE_WITH_KNOTS('',3,
(#16365,#16366,#16367,#16368,#16369,#16370,#16371,#16372,#16373,#16374,#16375,#16376,
#16377),
.UNSPECIFIED.,.F.,.F.,
(4,1,1,1,1,1,1,1,1,1,4),
(0.,0.0974863198528672,0.195106565017307,0.292889192720598,0.422924760196124,0.583490569405247,
0.73430332743095,0.84327843813983,0.903728605735559,0.95601349452841,1.),
.UNSPECIFIED.);
#11486=VERTEX_POINT('',#16378);
#11487=CIRCLE('',#16379,5.9);
#11488=B_SPLINE_CURVE_WITH_KNOTS('',3,
(#16383,#16384,#16385,#16386,#16387,#16388,#16389,#16390,#16391,#16392,#16393,#16394),
.UNSPECIFIED.,.F.,.F.,
(4,1,1,1,1,1,1,1,1,4),
(0.,0.0887266089906851,0.210609290637207,0.368784935651014,0.56026315793834,0.713193149517112,
0.824448459108439,0.889974542683711,0.948482057529048,1.),
.UNSPECIFIED.);
#11489=VERTEX_POINT('',#16395);
#11490=B_SPLINE_CURVE_WITH_KNOTS('',3,
(#16396,#16397,#16398,#16399,#16400,#16401,#16402,#16403,#16404,#16405,#16406,#16407),
.UNSPECIFIED.,.F.,.F.,
(4,1,1,1,1,1,1,1,1,4),
(0.,0.0887266089906848,0.210609290637206,0.368784935651014,0.56026315793834,0.713193149517114,
0.824448459108437,0.88997454268371,0.948482057529048,1.),
.UNSPECIFIED.);
#11491=VERTEX_POINT('',#16408);
#11492=B_SPLINE_CURVE_WITH_KNOTS('',3,
(#16409,#16410,#16411,#16412,#16413,#16414,#16415,#16416,#16417,#16418,#16419,#16420,
#16421),
.UNSPECIFIED.,.F.,.F.,
(4,1,1,1,1,1,1,1,1,1,4),
(0.,0.0974863195386694,0.195106564403726,0.292889191915881,0.42292475955124,0.583490568944689,
0.734303327201375,0.843278438010471,0.903728605656796,0.956013494492847,1.),
.UNSPECIFIED.);
#11493=CIRCLE('',#16422,5.9);
#11494=VERTEX_POINT('',#16426);
#11495=B_SPLINE_CURVE_WITH_KNOTS('',3,
(#16427,#16428,#16429,#16430,#16431,#16432,#16433,#16434,#16435,#16436,#16437,#16438,
#16439),
.UNSPECIFIED.,.F.,.F.,
(4,1,1,1,1,1,1,1,1,1,4),
(0.,0.0974863198528666,0.195106565017308,0.292889192720597,0.422924760196123,0.583490569405249,
0.73430332743095,0.843278438139827,0.903728605735556,0.956013494528412,1.),
.UNSPECIFIED.);
#11496=VERTEX_POINT('',#16440);
#11497=CIRCLE('',#16441,5.9);
#11498=B_SPLINE_CURVE_WITH_KNOTS('',3,
(#16445,#16446,#16447,#16448,#16449,#16450,#16451,#16452,#16453,#16454,#16455,#16456),
.UNSPECIFIED.,.F.,.F.,
(4,1,1,1,1,1,1,1,1,4),
(0.,0.0887266089906852,0.210609290637206,0.368784935651014,0.560263157938342,0.713193149517115,
0.824448459108438,0.889974542683712,0.948482057529049,1.),
.UNSPECIFIED.);
#11499=VERTEX_POINT('',#16457);
#11500=B_SPLINE_CURVE_WITH_KNOTS('',3,
(#16458,#16459,#16460,#16461,#16462,#16463,#16464,#16465,#16466,#16467,#16468,#16469),
.UNSPECIFIED.,.F.,.F.,
(4,1,1,1,1,1,1,1,1,4),
(0.,0.0887266089906855,0.210609290637206,0.368784935651015,0.560263157938341,0.713193149517116,
0.824448459108439,0.889974542683712,0.948482057529048,1.),
.UNSPECIFIED.);
#11501=VERTEX_POINT('',#16470);
#11502=B_SPLINE_CURVE_WITH_KNOTS('',3,
(#16471,#16472,#16473,#16474,#16475,#16476,#16477,#16478,#16479,#16480,#16481,#16482,
#16483),
.UNSPECIFIED.,.F.,.F.,
(4,1,1,1,1,1,1,1,1,1,4),
(0.,0.0974863195386691,0.195106564403723,0.29288919191588,0.422924759551239,0.583490568944689,
0.734303327201375,0.843278438010472,0.903728605656798,0.956013494492849,1.),
.UNSPECIFIED.);
#11503=CIRCLE('',#16484,5.9);
#11504=VERTEX_POINT('',#16488);
#11505=CIRCLE('',#16489,1.);
#11506=VERTEX_POINT('',#16493);
#11507=LINE('',#16494,#16495);
#11508=CIRCLE('',#16497,1.);
#11509=VERTEX_POINT('',#16501);
#11510=CIRCLE('',#16502,1.);
#11511=VERTEX_POINT('',#16506);
#11512=LINE('',#16507,#16508);
#11513=CIRCLE('',#16510,1.);
#11514=VERTEX_POINT('',#16514);
#11515=CIRCLE('',#16515,1.);
#11516=VERTEX_POINT('',#16519);
#11517=LINE('',#16520,#16521);
#11518=CIRCLE('',#16523,1.);
#11519=VERTEX_POINT('',#16527);
#11520=CIRCLE('',#16528,1.);
#11521=VERTEX_POINT('',#16532);
#11522=LINE('',#16533,#16534);
#11523=CIRCLE('',#16536,1.);
#11524=LINE('',#16540,#16541);
#11525=LINE('',#16543,#16544);
#11526=LINE('',#16546,#16547);
#11527=LINE('',#16549,#16550);
#11528=LINE('',#16552,#16553);
#11529=LINE('',#16555,#16556);
#11530=LINE('',#16558,#16559);
#11531=LINE('',#16561,#16562);
#11532=LINE('',#16564,#16565);
#11533=LINE('',#16567,#16568);
#11534=LINE('',#16570,#16571);
#11535=LINE('',#16573,#16574);
#11536=LINE('',#16576,#16577);
#11537=LINE('',#16579,#16580);
#11538=LINE('',#16582,#16583);
#11539=LINE('',#16585,#16586);
#11540=CARTESIAN_POINT('',(4.,5.62339923155283,6.21028435180215));
#11541=CARTESIAN_POINT('',(-4.,5.62339923155283,6.21028435180217));
#11542=CARTESIAN_POINT('',(4.,5.62339923155284,6.21028435180216));
#11543=VECTOR('',#11544,1.);
#11544=DIRECTION('',(-1.,0.,0.));
#11545=CARTESIAN_POINT('',(4.,5.62339923155281,12.8071132945915));
#11546=CARTESIAN_POINT('',(4.,5.62339923155281,12.8071132945915));
#11547=VECTOR('',#11548,1.);
#11548=DIRECTION('',(0.,3.90447810526565E-15,-1.));
#11549=CARTESIAN_POINT('',(-4.,5.62339923155281,12.8071132945915));
#11550=CARTESIAN_POINT('',(4.,5.62339923155281,12.8071132945915));
#11551=VECTOR('',#11552,1.);
#11552=DIRECTION('',(-1.,0.,0.));
#11553=CARTESIAN_POINT('',(-4.,5.62339923155283,6.21028435180216));
#11554=VECTOR('',#11555,1.);
#11555=DIRECTION('',(0.,-3.76984092922202E-15,1.));
#11556=CARTESIAN_POINT('',(0.850000000000007,5.62339923155281,11.5));
#11557=AXIS2_PLACEMENT_3D('',#11558,#11559,#11560);
#11558=CARTESIAN_POINT('',(2.22044604925031E-16,5.62339923155281,11.5));
#11559=DIRECTION('',(0.,-1.,-3.94129173741931E-15));
#11560=DIRECTION('',(1.,1.781540225128E-29,-4.52019374311662E-15));
#11561=CARTESIAN_POINT('',(2.85000000000001,5.62339923155283,7.50000000000002));
#11562=AXIS2_PLACEMENT_3D('',#11563,#11564,#11565);
#11563=CARTESIAN_POINT('',(2.,5.62339923155283,7.50000000000002));
#11564=DIRECTION('',(0.,-1.,-3.94129173741931E-15));
#11565=DIRECTION('',(1.,1.781540225128E-29,-4.52019374311662E-15));
#11566=CARTESIAN_POINT('',(0.850000000000008,5.62339923155283,7.50000000000002));
#11567=AXIS2_PLACEMENT_3D('',#11568,#11569,#11570);
#11568=CARTESIAN_POINT('',(6.66133814775094E-16,5.62339923155283,7.50000000000002));
#11569=DIRECTION('',(0.,-1.,-3.94129173741931E-15));
#11570=DIRECTION('',(1.,1.781540225128E-29,-4.52019374311662E-15));
#11571=CARTESIAN_POINT('',(-1.14999999999999,5.62339923155283,7.50000000000002));
#11572=AXIS2_PLACEMENT_3D('',#11573,#11574,#11575);
#11573=CARTESIAN_POINT('',(-2.,5.62339923155283,7.50000000000002));
#11574=DIRECTION('',(0.,-1.,-3.94129173741931E-15));
#11575=DIRECTION('',(1.,1.781540225128E-29,-4.52019374311662E-15));
#11576=CARTESIAN_POINT('',(2.85000000000001,5.62339923155282,9.50000000000002));
#11577=AXIS2_PLACEMENT_3D('',#11578,#11579,#11580);
#11578=CARTESIAN_POINT('',(2.,5.62339923155282,9.50000000000002));
#11579=DIRECTION('',(0.,-1.,-3.94129173741931E-15));
#11580=DIRECTION('',(1.,1.781540225128E-29,-4.52019374311662E-15));
#11581=CARTESIAN_POINT('',(0.850000000000007,5.62339923155282,9.50000000000002));
#11582=AXIS2_PLACEMENT_3D('',#11583,#11584,#11585);
#11583=CARTESIAN_POINT('',(2.22044604925031E-16,5.62339923155282,9.50000000000002));
#11584=DIRECTION('',(0.,-1.,-3.94129173741931E-15));
#11585=DIRECTION('',(1.,1.781540225128E-29,-4.52019374311662E-15));
#11586=CARTESIAN_POINT('',(-1.14999999999999,5.62339923155282,9.50000000000002));
#11587=AXIS2_PLACEMENT_3D('',#11588,#11589,#11590);
#11588=CARTESIAN_POINT('',(-2.,5.62339923155282,9.50000000000002));
#11589=DIRECTION('',(0.,-1.,-3.94129173741931E-15));
#11590=DIRECTION('',(1.,1.781540225128E-29,-4.52019374311662E-15));
#11591=CARTESIAN_POINT('',(2.85000000000001,5.62339923155281,11.5));
#11592=AXIS2_PLACEMENT_3D('',#11593,#11594,#11595);
#11593=CARTESIAN_POINT('',(2.,5.62339923155281,11.5));
#11594=DIRECTION('',(0.,-1.,-3.94129173741931E-15));
#11595=DIRECTION('',(1.,1.781540225128E-29,-4.52019374311662E-15));
#11596=CARTESIAN_POINT('',(-1.14999999999999,5.62339923155281,11.5));
#11597=AXIS2_PLACEMENT_3D('',#11598,#11599,#11600);
#11598=CARTESIAN_POINT('',(-2.,5.62339923155281,11.5));
#11599=DIRECTION('',(0.,-1.,-3.94129173741931E-15));
#11600=DIRECTION('',(1.,0.,0.));
#11601=CARTESIAN_POINT('',(2.35,6.12339923155281,11.5));
#11602=AXIS2_PLACEMENT_3D('',#11603,#11604,#11605);
#11603=CARTESIAN_POINT('',(2.,6.12339923155282,11.5));
#11604=DIRECTION('',(2.80259692864963E-45,-1.,-3.9412917374193E-15));
#11605=DIRECTION('',(1.,2.00032586681039E-29,-5.07530525542921E-15));
#11606=CARTESIAN_POINT('',(-1.64999999999999,6.12339923155282,9.50000000000002));
#11607=AXIS2_PLACEMENT_3D('',#11608,#11609,#11610);
#11608=CARTESIAN_POINT('',(-2.,6.12339923155282,9.50000000000002));
#11609=DIRECTION('',(2.80259692864963E-45,-1.,-3.9412917374193E-15));
#11610=DIRECTION('',(1.,2.0003258668104E-29,-5.07530525542922E-15));
#11611=CARTESIAN_POINT('',(0.350000000000005,6.12339923155282,9.50000000000002));
#11612=AXIS2_PLACEMENT_3D('',#11613,#11614,#11615);
#11613=CARTESIAN_POINT('',(2.22044604925031E-16,6.12339923155282,9.50000000000002));
#11614=DIRECTION('',(2.80259692864963E-45,-1.,-3.9412917374193E-15));
#11615=DIRECTION('',(1.,2.0003258668104E-29,-5.07530525542922E-15));
#11616=CARTESIAN_POINT('',(2.35,6.12339923155282,9.50000000000002));
#11617=AXIS2_PLACEMENT_3D('',#11618,#11619,#11620);
#11618=CARTESIAN_POINT('',(2.,6.12339923155282,9.50000000000002));
#11619=DIRECTION('',(2.80259692864963E-45,-1.,-3.9412917374193E-15));
#11620=DIRECTION('',(1.,2.00032586681039E-29,-5.07530525542921E-15));
#11621=CARTESIAN_POINT('',(-1.64999999999999,6.12339923155283,7.50000000000002));
#11622=AXIS2_PLACEMENT_3D('',#11623,#11624,#11625);
#11623=CARTESIAN_POINT('',(-2.,6.12339923155283,7.50000000000002));
#11624=DIRECTION('',(2.80259692864963E-45,-1.,-3.9412917374193E-15));
#11625=DIRECTION('',(1.,2.0003258668104E-29,-5.07530525542922E-15));
#11626=CARTESIAN_POINT('',(0.350000000000005,6.12339923155283,7.50000000000002));
#11627=AXIS2_PLACEMENT_3D('',#11628,#11629,#11630);
#11628=CARTESIAN_POINT('',(6.66133814775094E-16,6.12339923155283,7.50000000000002));
#11629=DIRECTION('',(2.80259692864963E-45,-1.,-3.9412917374193E-15));
#11630=DIRECTION('',(1.,2.0003258668104E-29,-5.07530525542922E-15));
#11631=CARTESIAN_POINT('',(2.35,6.12339923155283,7.50000000000002));
#11632=AXIS2_PLACEMENT_3D('',#11633,#11634,#11635);
#11633=CARTESIAN_POINT('',(2.,6.12339923155283,7.50000000000002));
#11634=DIRECTION('',(2.80259692864963E-45,-1.,-3.9412917374193E-15));
#11635=DIRECTION('',(1.,2.00032586681039E-29,-5.07530525542921E-15));
#11636=CARTESIAN_POINT('',(0.350000000000005,6.12339923155281,11.5));
#11637=AXIS2_PLACEMENT_3D('',#11638,#11639,#11640);
#11638=CARTESIAN_POINT('',(2.22044604925031E-16,6.12339923155282,11.5));
#11639=DIRECTION('',(2.80259692864963E-45,-1.,-3.9412917374193E-15));
#11640=DIRECTION('',(1.,2.0003258668104E-29,-5.07530525542922E-15));
#11641=CARTESIAN_POINT('',(-4.,5.53297525369733,5.92349613362664));
#11642=AXIS2_PLACEMENT_3D('',#11643,#11644,#11645);
#11643=CARTESIAN_POINT('',(-4.,5.12339923155284,6.21028435180216));
#11644=DIRECTION('',(1.,9.09441460238406E-16,-6.36797766019376E-16));
#11645=DIRECTION('',(-1.11022302462516E-15,0.819152044288993,-0.573576436351045));
#11646=CARTESIAN_POINT('',(4.,5.53297525369733,5.92349613362664));
#11647=CARTESIAN_POINT('',(4.,5.53297525369733,5.92349613362663));
#11648=VECTOR('',#11649,1.);
#11649=DIRECTION('',(-1.,0.,0.));
#11650=AXIS2_PLACEMENT_3D('',#11651,#11652,#11653);
#11651=CARTESIAN_POINT('',(4.,5.12339923155284,6.21028435180216));
#11652=DIRECTION('',(-1.,0.,0.));
#11653=DIRECTION('',(0.,1.,-1.24344978758018E-14));
#11654=CARTESIAN_POINT('',(4.,6.02339923155284,6.21028435180216));
#11655=CARTESIAN_POINT('',(4.,6.02339923155284,6.21028435180215));
#11656=VECTOR('',#11657,1.);
#11657=DIRECTION('',(0.,-1.,2.22044604925031E-15));
#11658=CARTESIAN_POINT('',(4.,6.02339923155281,12.8071132945915));
#11659=CARTESIAN_POINT('',(4.,6.02339923155281,12.8071132945915));
#11660=VECTOR('',#11661,1.);
#11661=DIRECTION('',(0.,3.90447810526565E-15,-1.));
#11662=CARTESIAN_POINT('',(4.,6.02339923155281,12.8071132945915));
#11663=VECTOR('',#11664,1.);
#11664=DIRECTION('',(0.,-1.,0.));
#11665=CARTESIAN_POINT('',(4.,5.47695262214608,13.1606666851847));
#11666=CARTESIAN_POINT('',(-4.,5.47695262214609,13.1606666851847));
#11667=CARTESIAN_POINT('',(4.,5.47695262214609,13.1606666851847));
#11668=VECTOR('',#11669,1.);
#11669=DIRECTION('',(-1.,0.,0.));
#11670=AXIS2_PLACEMENT_3D('',#11671,#11672,#11673);
#11671=CARTESIAN_POINT('',(-4.,5.12339923155281,12.8071132945915));
#11672=DIRECTION('',(1.,1.11022302462516E-15,-7.49417859959961E-30));
#11673=DIRECTION('',(-1.11022302462516E-15,1.,-7.105427357601E-15));
#11674=AXIS2_PLACEMENT_3D('',#11675,#11676,#11677);
#11675=CARTESIAN_POINT('',(4.,5.12339923155281,12.8071132945915));
#11676=DIRECTION('',(-1.,0.,0.));
#11677=DIRECTION('',(0.,0.707106781186539,0.707106781186556));
#11678=CARTESIAN_POINT('',(-4.,6.02339923155284,6.21028435180217));
#11679=CARTESIAN_POINT('',(-4.,6.02339923155284,6.21028435180217));
#11680=VECTOR('',#11681,1.);
#11681=DIRECTION('',(1.11022302462515E-15,-1.,-8.88178419700123E-15));
#11682=CARTESIAN_POINT('',(-4.,6.02339923155281,12.8071132945915));
#11683=CARTESIAN_POINT('',(-4.,6.02339923155281,12.8071132945915));
#11684=VECTOR('',#11685,1.);
#11685=DIRECTION('',(1.11022302462516E-15,-1.,0.));
#11686=CARTESIAN_POINT('',(-4.,6.02339923155284,6.21028435180216));
#11687=VECTOR('',#11688,1.);
#11688=DIRECTION('',(0.,-4.0391152813093E-15,1.));
#11689=CARTESIAN_POINT('',(-1.65,6.12339923155281,11.5));
#11690=AXIS2_PLACEMENT_3D('',#11691,#11692,#11693);
#11691=CARTESIAN_POINT('',(-2.,6.12339923155282,11.5));
#11692=DIRECTION('',(-3.50324616081204E-46,-1.,-3.9412917374193E-15));
#11693=DIRECTION('',(1.,-3.50324616081204E-46,-1.38073151477544E-60));
#11694=CARTESIAN_POINT('',(2.25000000000001,6.22339923155281,11.5));
#11695=AXIS2_PLACEMENT_3D('',#11696,#11697,#11698);
#11696=CARTESIAN_POINT('',(2.,6.22339923155281,11.5));
#11697=DIRECTION('',(0.,-1.,-3.94129173741931E-15));
#11698=DIRECTION('',(1.,0.,0.));
#11699=CARTESIAN_POINT('',(-1.74999999999999,6.22339923155282,9.50000000000002));
#11700=AXIS2_PLACEMENT_3D('',#11701,#11702,#11703);
#11701=CARTESIAN_POINT('',(-2.,6.22339923155282,9.50000000000002));
#11702=DIRECTION('',(0.,-1.,-3.94129173741931E-15));
#11703=DIRECTION('',(1.,0.,0.));
#11704=CARTESIAN_POINT('',(0.250000000000005,6.22339923155282,9.50000000000002));
#11705=AXIS2_PLACEMENT_3D('',#11706,#11707,#11708);
#11706=CARTESIAN_POINT('',(2.22044604925031E-16,6.22339923155282,9.50000000000002));
#11707=DIRECTION('',(0.,-1.,-3.94129173741931E-15));
#11708=DIRECTION('',(1.,0.,0.));
#11709=CARTESIAN_POINT('',(2.25000000000001,6.22339923155282,9.50000000000002));
#11710=AXIS2_PLACEMENT_3D('',#11711,#11712,#11713);
#11711=CARTESIAN_POINT('',(2.,6.22339923155282,9.50000000000002));
#11712=DIRECTION('',(0.,-1.,-3.94129173741931E-15));
#11713=DIRECTION('',(1.,0.,0.));
#11714=CARTESIAN_POINT('',(-1.74999999999999,6.22339923155283,7.50000000000002));
#11715=AXIS2_PLACEMENT_3D('',#11716,#11717,#11718);
#11716=CARTESIAN_POINT('',(-2.,6.22339923155283,7.50000000000002));
#11717=DIRECTION('',(0.,-1.,-3.94129173741931E-15));
#11718=DIRECTION('',(1.,0.,0.));
#11719=CARTESIAN_POINT('',(0.250000000000006,6.22339923155283,7.50000000000002));
#11720=AXIS2_PLACEMENT_3D('',#11721,#11722,#11723);
#11721=CARTESIAN_POINT('',(6.66133814775094E-16,6.22339923155283,7.50000000000002));
#11722=DIRECTION('',(0.,-1.,-3.94129173741931E-15));
#11723=DIRECTION('',(1.,0.,0.));
#11724=CARTESIAN_POINT('',(2.25000000000001,6.22339923155283,7.50000000000002));
#11725=AXIS2_PLACEMENT_3D('',#11726,#11727,#11728);
#11726=CARTESIAN_POINT('',(2.,6.22339923155283,7.50000000000002));
#11727=DIRECTION('',(0.,-1.,-3.94129173741931E-15));
#11728=DIRECTION('',(1.,0.,0.));
#11729=CARTESIAN_POINT('',(0.250000000000005,6.22339923155281,11.5));
#11730=AXIS2_PLACEMENT_3D('',#11731,#11732,#11733);
#11731=CARTESIAN_POINT('',(2.22044604925031E-16,6.22339923155281,11.5));
#11732=DIRECTION('',(0.,-1.,-3.94129173741931E-15));
#11733=DIRECTION('',(1.,0.,0.));
#11734=CARTESIAN_POINT('',(-4.,5.86063607141293,5.69406555908622));
#11735=AXIS2_PLACEMENT_3D('',#11736,#11737,#11738);
#11736=CARTESIAN_POINT('',(-4.,5.12339923155283,6.21028435180216));
#11737=DIRECTION('',(1.,9.09441460238406E-16,-6.36797766019376E-16));
#11738=DIRECTION('',(-1.11022302462516E-15,0.819152044288993,-0.573576436351045));
#11739=CARTESIAN_POINT('',(-4.,5.86063607141293,5.69406555908622));
#11740=VECTOR('',#11741,1.);
#11741=DIRECTION('',(1.11022302462516E-15,-0.819152044288993,0.573576436351044));
#11742=CARTESIAN_POINT('',(4.,4.05859605974656,3.81786442660379));
#11743=CARTESIAN_POINT('',(-4.,4.05859605974657,3.81786442660379));
#11744=CARTESIAN_POINT('',(4.,4.05859605974656,3.81786442660379));
#11745=VECTOR('',#11746,1.);
#11746=DIRECTION('',(-1.,0.,0.));
#11747=CARTESIAN_POINT('',(4.,5.53297525369733,5.92349613362663));
#11748=VECTOR('',#11749,1.);
#11749=DIRECTION('',(0.,-0.573576436351045,-0.819152044288993));
#11750=CARTESIAN_POINT('',(-4.,4.05859605974656,3.81786442660379));
#11751=VECTOR('',#11752,1.);
#11752=DIRECTION('',(0.,0.573576436351045,0.819152044288993));
#11753=CARTESIAN_POINT('',(4.,5.86063607141293,5.69406555908622));
#11754=AXIS2_PLACEMENT_3D('',#11755,#11756,#11757);
#11755=CARTESIAN_POINT('',(4.,5.12339923155284,6.21028435180216));
#11756=DIRECTION('',(-1.,0.,0.));
#11757=DIRECTION('',(0.,1.,-9.86864910777918E-15));
#11758=CARTESIAN_POINT('',(4.,5.86063607141293,5.69406555908621));
#11759=VECTOR('',#11760,1.);
#11760=DIRECTION('',(0.,-0.819152044288992,0.573576436351045));
#11761=CARTESIAN_POINT('',(4.,6.02339923155284,6.21028435180216));
#11762=VECTOR('',#11763,1.);
#11763=DIRECTION('',(-1.,0.,0.));
#11764=CARTESIAN_POINT('',(4.,6.02339923155281,12.8071132945915));
#11765=VECTOR('',#11766,1.);
#11766=DIRECTION('',(-1.,0.,0.));
#11767=CARTESIAN_POINT('',(2.85,6.02339923155282,11.5));
#11768=AXIS2_PLACEMENT_3D('',#11769,#11770,#11771);
#11769=CARTESIAN_POINT('',(2.,6.02339923155282,11.5));
#11770=DIRECTION('',(0.,-1.,-3.94129173741931E-15));
#11771=DIRECTION('',(1.,-2.07117074125995E-30,5.25505564989239E-16));
#11772=CARTESIAN_POINT('',(0.850000000000001,6.02339923155283,7.50000000000002));
#11773=AXIS2_PLACEMENT_3D('',#11774,#11775,#11776);
#11774=CARTESIAN_POINT('',(6.66133814775094E-16,6.02339923155283,7.50000000000002));
#11775=DIRECTION('',(0.,-1.,-3.94129173741931E-15));
#11776=DIRECTION('',(1.,-2.07117074125995E-30,5.25505564989239E-16));
#11777=CARTESIAN_POINT('',(2.85,6.02339923155283,7.50000000000002));
#11778=AXIS2_PLACEMENT_3D('',#11779,#11780,#11781);
#11779=CARTESIAN_POINT('',(2.,6.02339923155283,7.50000000000002));
#11780=DIRECTION('',(0.,-1.,-3.94129173741931E-15));
#11781=DIRECTION('',(1.,-2.07117074125995E-30,5.25505564989239E-16));
#11782=CARTESIAN_POINT('',(0.85,6.02339923155282,9.50000000000002));
#11783=AXIS2_PLACEMENT_3D('',#11784,#11785,#11786);
#11784=CARTESIAN_POINT('',(2.22044604925031E-16,6.02339923155282,9.50000000000002));
#11785=DIRECTION('',(0.,-1.,-3.94129173741931E-15));
#11786=DIRECTION('',(1.,-2.07117074125995E-30,5.25505564989239E-16));
#11787=CARTESIAN_POINT('',(-1.15,6.02339923155283,7.50000000000002));
#11788=AXIS2_PLACEMENT_3D('',#11789,#11790,#11791);
#11789=CARTESIAN_POINT('',(-2.,6.02339923155283,7.50000000000002));
#11790=DIRECTION('',(0.,-1.,-3.94129173741931E-15));
#11791=DIRECTION('',(1.,-2.07117074125995E-30,5.25505564989239E-16));
#11792=CARTESIAN_POINT('',(2.85,6.02339923155282,9.50000000000002));
#11793=AXIS2_PLACEMENT_3D('',#11794,#11795,#11796);
#11794=CARTESIAN_POINT('',(2.,6.02339923155282,9.50000000000002));
#11795=DIRECTION('',(0.,-1.,-3.94129173741931E-15));
#11796=DIRECTION('',(1.,-2.07117074125995E-30,5.25505564989239E-16));
#11797=CARTESIAN_POINT('',(0.85,6.02339923155282,11.5));
#11798=AXIS2_PLACEMENT_3D('',#11799,#11800,#11801);
#11799=CARTESIAN_POINT('',(2.22044604925031E-16,6.02339923155282,11.5));
#11800=DIRECTION('',(0.,-1.,-3.94129173741931E-15));
#11801=DIRECTION('',(1.,-2.07117074125995E-30,5.25505564989239E-16));
#11802=CARTESIAN_POINT('',(-1.15,6.02339923155282,9.50000000000002));
#11803=AXIS2_PLACEMENT_3D('',#11804,#11805,#11806);
#11804=CARTESIAN_POINT('',(-2.,6.02339923155282,9.50000000000002));
#11805=DIRECTION('',(0.,-1.,-3.94129173741931E-15));
#11806=DIRECTION('',(1.,-2.07117074125995E-30,5.25505564989239E-16));
#11807=CARTESIAN_POINT('',(-1.15,6.02339923155282,11.5));
#11808=AXIS2_PLACEMENT_3D('',#11809,#11810,#11811);
#11809=CARTESIAN_POINT('',(-2.,6.02339923155282,11.5));
#11810=DIRECTION('',(0.,-1.,-3.94129173741931E-15));
#11811=DIRECTION('',(1.,3.73394161804612E-29,-9.473903143468E-15));
#11812=CARTESIAN_POINT('',(4.,5.75979533462069,13.4435093976594));
#11813=AXIS2_PLACEMENT_3D('',#11814,#11815,#11816);
#11814=CARTESIAN_POINT('',(4.,5.12339923155281,12.8071132945915));
#11815=DIRECTION('',(-1.,0.,0.));
#11816=DIRECTION('',(0.,0.707106781186542,0.707106781186553));
#11817=CARTESIAN_POINT('',(4.,5.7597953346207,13.4435093976594));
#11818=VECTOR('',#11819,1.);
#11819=DIRECTION('',(0.,-0.707106781186547,-0.707106781186547));
#11820=CARTESIAN_POINT('',(-4.,5.20709436147625,13.4305249458546));
#11821=CARTESIAN_POINT('',(-3.4,4.78283029276433,13.8547890145665));
#11822=AXIS2_PLACEMENT_3D('',#11823,#11824,#11825);
#11823=CARTESIAN_POINT('',(-3.4,5.20709436147625,13.4305249458546));
#11824=DIRECTION('',(0.,-0.707106781186547,-0.707106781186548));
#11825=DIRECTION('',(7.40148683083462E-16,-0.707106781186548,0.707106781186547));
#11826=CARTESIAN_POINT('',(-4.,5.4769526221461,13.1606666851847));
#11827=VECTOR('',#11828,1.);
#11828=DIRECTION('',(1.16364231710862E-15,-0.707106781186552,0.707106781186543));
#11829=CARTESIAN_POINT('',(4.,5.20709436147626,13.4305249458546));
#11830=CARTESIAN_POINT('',(4.,5.20709436147626,13.4305249458546));
#11831=VECTOR('',#11832,1.);
#11832=DIRECTION('',(0.,0.70710678118655,-0.707106781186545));
#11833=CARTESIAN_POINT('',(3.4,4.78283029276433,13.8547890145665));
#11834=AXIS2_PLACEMENT_3D('',#11835,#11836,#11837);
#11835=CARTESIAN_POINT('',(3.4,5.20709436147626,13.4305249458546));
#11836=DIRECTION('',(9.86076131526265E-32,-0.707106781186547,-0.707106781186548));
#11837=DIRECTION('',(1.,6.97261119368419E-32,6.9726111936842E-32));
#11838=CARTESIAN_POINT('',(-3.4,4.78283029276433,13.8547890145665));
#11839=VECTOR('',#11840,1.);
#11840=DIRECTION('',(1.,0.,0.));
#11841=CARTESIAN_POINT('',(-4.,5.7597953346207,13.4435093976594));
#11842=CARTESIAN_POINT('',(-4.,5.75979533462071,13.4435093976594));
#11843=VECTOR('',#11844,1.);
#11844=DIRECTION('',(0.,-0.707106781186547,-0.707106781186547));
#11845=AXIS2_PLACEMENT_3D('',#11846,#11847,#11848);
#11846=CARTESIAN_POINT('',(-4.,5.1233992315528,12.8071132945915));
#11847=DIRECTION('',(1.,1.11022302462516E-15,-7.49417859959961E-30));
#11848=DIRECTION('',(-1.11022302462516E-15,1.,-3.94745964311163E-15));
#11849=CARTESIAN_POINT('',(-1.74999999999999,6.22339923155281,11.5));
#11850=AXIS2_PLACEMENT_3D('',#11851,#11852,#11853);
#11851=CARTESIAN_POINT('',(-2.,6.22339923155281,11.5));
#11852=DIRECTION('',(0.,-1.,-3.94129173741931E-15));
#11853=DIRECTION('',(1.,0.,0.));
#11854=CARTESIAN_POINT('',(4.,5.86063607141293,5.69406555908622));
#11855=VECTOR('',#11856,1.);
#11856=DIRECTION('',(-1.,0.,0.));
#11857=CARTESIAN_POINT('',(-4.,4.38625687746216,3.58843385206337));
#11858=CARTESIAN_POINT('',(-4.,4.38625687746216,3.58843385206337));
#11859=VECTOR('',#11860,1.);
#11860=DIRECTION('',(2.22044604925031E-15,-0.819152044288993,0.573576436351045));
#11861=CARTESIAN_POINT('',(-4.,4.38625687746216,3.58843385206337));
#11862=VECTOR('',#11863,1.);
#11863=DIRECTION('',(0.,0.573576436351045,0.819152044288993));
#11864=CARTESIAN_POINT('',(-4.,2.60327442431537,4.27672557568463));
#11865=AXIS2_PLACEMENT_3D('',#11866,#11867,#11868);
#11866=CARTESIAN_POINT('',(-4.,3.40327442431537,4.27672557568463));
#11867=DIRECTION('',(1.,1.11022302462516E-15,0.));
#11868=DIRECTION('',(1.11022302462516E-15,-1.,0.));
#11869=CARTESIAN_POINT('',(4.,2.60327442431537,4.27672557568463));
#11870=CARTESIAN_POINT('',(4.,2.60327442431537,4.27672557568463));
#11871=VECTOR('',#11872,1.);
#11872=DIRECTION('',(-1.,0.,0.));
#11873=AXIS2_PLACEMENT_3D('',#11874,#11875,#11876);
#11874=CARTESIAN_POINT('',(4.,3.40327442431539,4.27672557568463));
#11875=DIRECTION('',(-1.,-2.22044604925031E-15,1.97215226305253E-31));
#11876=DIRECTION('',(-1.81888292047679E-15,0.819152044288986,-0.573576436351055));
#11877=CARTESIAN_POINT('',(4.,4.38625687746216,3.58843385206337));
#11878=CARTESIAN_POINT('',(4.,4.38625687746216,3.58843385206337));
#11879=VECTOR('',#11880,1.);
#11880=DIRECTION('',(2.22044604925031E-15,-0.819152044288993,0.573576436351045));
#11881=CARTESIAN_POINT('',(4.,5.86063607141293,5.69406555908621));
#11882=VECTOR('',#11883,1.);
#11883=DIRECTION('',(0.,-0.573576436351045,-0.819152044288993));
#11884=CARTESIAN_POINT('',(4.,5.7597953346207,13.4435093976594));
#11885=VECTOR('',#11886,1.);
#11886=DIRECTION('',(-1.,0.,0.));
#11887=CARTESIAN_POINT('',(2.75,6.12339923155281,11.5));
#11888=AXIS2_PLACEMENT_3D('',#11889,#11890,#11891);
#11889=CARTESIAN_POINT('',(2.,6.12339923155282,11.5));
#11890=DIRECTION('',(0.,-1.,-3.94129173741931E-15));
#11891=DIRECTION('',(1.,0.,0.));
#11892=CARTESIAN_POINT('',(0.750000000000001,6.12339923155283,7.50000000000002));
#11893=AXIS2_PLACEMENT_3D('',#11894,#11895,#11896);
#11894=CARTESIAN_POINT('',(6.66133814775094E-16,6.12339923155283,7.50000000000002));
#11895=DIRECTION('',(0.,-1.,-3.94129173741931E-15));
#11896=DIRECTION('',(1.,0.,0.));
#11897=CARTESIAN_POINT('',(2.75,6.12339923155283,7.50000000000002));
#11898=AXIS2_PLACEMENT_3D('',#11899,#11900,#11901);
#11899=CARTESIAN_POINT('',(2.,6.12339923155283,7.50000000000002));
#11900=DIRECTION('',(0.,-1.,-3.94129173741931E-15));
#11901=DIRECTION('',(1.,0.,0.));
#11902=CARTESIAN_POINT('',(0.75,6.12339923155282,9.50000000000002));
#11903=AXIS2_PLACEMENT_3D('',#11904,#11905,#11906);
#11904=CARTESIAN_POINT('',(2.22044604925031E-16,6.12339923155282,9.50000000000002));
#11905=DIRECTION('',(0.,-1.,-3.94129173741931E-15));
#11906=DIRECTION('',(1.,0.,0.));
#11907=CARTESIAN_POINT('',(-1.25,6.12339923155283,7.50000000000002));
#11908=AXIS2_PLACEMENT_3D('',#11909,#11910,#11911);
#11909=CARTESIAN_POINT('',(-2.,6.12339923155283,7.50000000000002));
#11910=DIRECTION('',(0.,-1.,-3.94129173741931E-15));
#11911=DIRECTION('',(1.,0.,0.));
#11912=CARTESIAN_POINT('',(2.75,6.12339923155282,9.50000000000002));
#11913=AXIS2_PLACEMENT_3D('',#11914,#11915,#11916);
#11914=CARTESIAN_POINT('',(2.,6.12339923155282,9.50000000000002));
#11915=DIRECTION('',(0.,-1.,-3.94129173741931E-15));
#11916=DIRECTION('',(1.,0.,0.));
#11917=CARTESIAN_POINT('',(0.75,6.12339923155281,11.5));
#11918=AXIS2_PLACEMENT_3D('',#11919,#11920,#11921);
#11919=CARTESIAN_POINT('',(2.22044604925031E-16,6.12339923155282,11.5));
#11920=DIRECTION('',(0.,-1.,-3.94129173741931E-15));
#11921=DIRECTION('',(1.,0.,0.));
#11922=CARTESIAN_POINT('',(-1.25,6.12339923155282,9.50000000000002));
#11923=AXIS2_PLACEMENT_3D('',#11924,#11925,#11926);
#11924=CARTESIAN_POINT('',(-2.,6.12339923155282,9.50000000000002));
#11925=DIRECTION('',(0.,-1.,-3.94129173741931E-15));
#11926=DIRECTION('',(1.,0.,0.));
#11927=CARTESIAN_POINT('',(-1.25,6.12339923155281,11.5));
#11928=AXIS2_PLACEMENT_3D('',#11929,#11930,#11931);
#11929=CARTESIAN_POINT('',(-2.,6.12339923155282,11.5));
#11930=DIRECTION('',(1.40129846432482E-45,-1.,-3.94129173741931E-15));
#11931=DIRECTION('',(1.,9.33485404511531E-30,-2.368475785867E-15));
#11932=CARTESIAN_POINT('',(4.,5.48993707395088,13.7133676583292));
#11933=CARTESIAN_POINT('',(4.,5.20709436147626,13.4305249458546));
#11934=VECTOR('',#11935,1.);
#11935=DIRECTION('',(0.,0.707106781186549,0.707106781186546));
#11936=CARTESIAN_POINT('',(4.,5.48993707395088,13.7133676583292));
#11937=VECTOR('',#11938,1.);
#11938=DIRECTION('',(0.,0.70710678118655,-0.707106781186545));
#11939=CARTESIAN_POINT('',(-3.4,5.06567300523894,14.1376317270411));
#11940=CARTESIAN_POINT('',(-3.4,4.78283029276433,13.8547890145665));
#11941=VECTOR('',#11942,1.);
#11942=DIRECTION('',(0.,0.707106781186549,0.707106781186546));
#11943=CARTESIAN_POINT('',(3.4,5.06567300523895,14.1376317270411));
#11944=CARTESIAN_POINT('',(3.4,4.78283029276433,13.8547890145665));
#11945=VECTOR('',#11946,1.);
#11946=DIRECTION('',(0.,0.707106781186547,0.707106781186547));
#11947=CARTESIAN_POINT('',(-3.4,5.06567300523895,14.1376317270411));
#11948=VECTOR('',#11949,1.);
#11949=DIRECTION('',(1.,0.,0.));
#11950=CARTESIAN_POINT('',(-4.,5.48993707395087,13.7133676583292));
#11951=CARTESIAN_POINT('',(-4.,5.20709436147625,13.4305249458546));
#11952=VECTOR('',#11953,1.);
#11953=DIRECTION('',(0.,0.707106781186546,0.707106781186549));
#11954=CARTESIAN_POINT('',(-4.,5.75979533462071,13.4435093976594));
#11955=VECTOR('',#11956,1.);
#11956=DIRECTION('',(1.16364231710862E-15,-0.707106781186552,0.707106781186543));
#11957=CARTESIAN_POINT('',(4.,4.38625687746216,3.58843385206337));
#11958=VECTOR('',#11959,1.);
#11959=DIRECTION('',(-1.,0.,0.));
#11960=CARTESIAN_POINT('',(-4.,2.20327442431537,4.27672557568463));
#11961=AXIS2_PLACEMENT_3D('',#11962,#11963,#11964);
#11962=CARTESIAN_POINT('',(-4.,3.40327442431536,4.27672557568463));
#11963=DIRECTION('',(1.,1.11022302462516E-15,-9.86076131526265E-32));
#11964=DIRECTION('',(1.11022302462516E-15,-1.,8.26494216590939E-61));
#11965=CARTESIAN_POINT('',(-4.,2.20327442431537,4.27672557568463));
#11966=VECTOR('',#11967,1.);
#11967=DIRECTION('',(-1.11022302462516E-15,1.,0.));
#11968=CARTESIAN_POINT('',(-4.,2.60327442431537,14.));
#11969=CARTESIAN_POINT('',(4.,2.60327442431537,14.));
#11970=CARTESIAN_POINT('',(-4.,2.60327442431537,14.));
#11971=VECTOR('',#11972,1.);
#11972=DIRECTION('',(1.,0.,0.));
#11973=CARTESIAN_POINT('',(4.,2.60327442431537,4.27672557568463));
#11974=VECTOR('',#11975,1.);
#11975=DIRECTION('',(0.,0.,1.));
#11976=CARTESIAN_POINT('',(-4.,2.60327442431537,14.));
#11977=VECTOR('',#11978,1.);
#11978=DIRECTION('',(-4.56728042910639E-17,0.,-1.));
#11979=CARTESIAN_POINT('',(4.,2.20327442431537,4.27672557568463));
#11980=AXIS2_PLACEMENT_3D('',#11981,#11982,#11983);
#11981=CARTESIAN_POINT('',(4.,3.40327442431537,4.27672557568463));
#11982=DIRECTION('',(-1.,-2.22044604925031E-15,1.97215226305253E-31));
#11983=DIRECTION('',(-1.81888292047681E-15,0.819152044288992,-0.573576436351045));
#11984=CARTESIAN_POINT('',(4.,2.20327442431537,4.27672557568463));
#11985=VECTOR('',#11986,1.);
#11986=DIRECTION('',(-1.11022302462516E-15,1.,0.));
#11987=AXIS2_PLACEMENT_3D('',#11988,#11989,#11990);
#11988=CARTESIAN_POINT('',(-3.4,5.48993707395087,13.7133676583292));
#11989=DIRECTION('',(0.,0.707106781186547,0.707106781186548));
#11990=DIRECTION('',(-1.,-8.14163551391782E-15,8.14163551391781E-15));
#11991=AXIS2_PLACEMENT_3D('',#11992,#11993,#11994);
#11992=CARTESIAN_POINT('',(3.4,5.48993707395087,13.7133676583292));
#11993=DIRECTION('',(0.,0.707106781186547,0.707106781186548));
#11994=DIRECTION('',(-2.22044604925033E-15,-0.707106781186548,0.707106781186547));
#11995=CARTESIAN_POINT('',(2.25,6.62339923155281,11.5));
#11996=AXIS2_PLACEMENT_3D('',#11997,#11998,#11999);
#11997=CARTESIAN_POINT('',(2.,6.62339923155281,11.5));
#11998=DIRECTION('',(0.,-1.,-3.94129173741931E-15));
#11999=DIRECTION('',(1.,0.,0.));
#12000=CARTESIAN_POINT('',(0.249999999999999,6.62339923155283,7.50000000000002));
#12001=AXIS2_PLACEMENT_3D('',#12002,#12003,#12004);
#12002=CARTESIAN_POINT('',(6.66133814775094E-16,6.62339923155283,7.50000000000003));
#12003=DIRECTION('',(0.,-1.,-3.94129173741931E-15));
#12004=DIRECTION('',(1.,0.,0.));
#12005=CARTESIAN_POINT('',(2.25,6.62339923155283,7.50000000000002));
#12006=AXIS2_PLACEMENT_3D('',#12007,#12008,#12009);
#12007=CARTESIAN_POINT('',(2.,6.62339923155283,7.50000000000003));
#12008=DIRECTION('',(0.,-1.,-3.94129173741931E-15));
#12009=DIRECTION('',(1.,0.,0.));
#12010=CARTESIAN_POINT('',(0.249999999999998,6.62339923155282,9.50000000000002));
#12011=AXIS2_PLACEMENT_3D('',#12012,#12013,#12014);
#12012=CARTESIAN_POINT('',(2.22044604925031E-16,6.62339923155282,9.50000000000003));
#12013=DIRECTION('',(0.,-1.,-3.94129173741931E-15));
#12014=DIRECTION('',(1.,0.,0.));
#12015=CARTESIAN_POINT('',(-1.75,6.62339923155283,7.50000000000002));
#12016=AXIS2_PLACEMENT_3D('',#12017,#12018,#12019);
#12017=CARTESIAN_POINT('',(-2.,6.62339923155283,7.50000000000003));
#12018=DIRECTION('',(0.,-1.,-3.94129173741931E-15));
#12019=DIRECTION('',(1.,0.,0.));
#12020=CARTESIAN_POINT('',(2.25,6.62339923155282,9.50000000000002));
#12021=AXIS2_PLACEMENT_3D('',#12022,#12023,#12024);
#12022=CARTESIAN_POINT('',(2.,6.62339923155282,9.50000000000003));
#12023=DIRECTION('',(0.,-1.,-3.94129173741931E-15));
#12024=DIRECTION('',(1.,0.,0.));
#12025=CARTESIAN_POINT('',(0.249999999999998,6.62339923155281,11.5));
#12026=AXIS2_PLACEMENT_3D('',#12027,#12028,#12029);
#12027=CARTESIAN_POINT('',(2.22044604925031E-16,6.62339923155281,11.5));
#12028=DIRECTION('',(0.,-1.,-3.94129173741931E-15));
#12029=DIRECTION('',(1.,0.,0.));
#12030=CARTESIAN_POINT('',(-1.75,6.62339923155282,9.50000000000002));
#12031=AXIS2_PLACEMENT_3D('',#12032,#12033,#12034);
#12032=CARTESIAN_POINT('',(-2.,6.62339923155282,9.50000000000003));
#12033=DIRECTION('',(0.,-1.,-3.94129173741931E-15));
#12034=DIRECTION('',(1.,0.,0.));
#12035=CARTESIAN_POINT('',(-1.75,6.62339923155281,11.5));
#12036=AXIS2_PLACEMENT_3D('',#12037,#12038,#12039);
#12037=CARTESIAN_POINT('',(-2.,6.62339923155281,11.5));
#12038=DIRECTION('',(0.,-1.,-3.94129173741931E-15));
#12039=DIRECTION('',(1.,0.,0.));
#12040=CARTESIAN_POINT('',(4.,2.20327442431537,4.27672557568463));
#12041=VECTOR('',#12042,1.);
#12042=DIRECTION('',(-1.,0.,0.));
#12043=CARTESIAN_POINT('',(-4.,2.20327442431537,14.));
#12044=CARTESIAN_POINT('',(-4.,2.20327442431537,14.));
#12045=VECTOR('',#12046,1.);
#12046=DIRECTION('',(0.,1.,4.44089209850063E-15));
#12047=CARTESIAN_POINT('',(-4.,2.20327442431537,14.));
#12048=VECTOR('',#12049,1.);
#12049=DIRECTION('',(-4.56728042910639E-17,0.,-1.));
#12050=CARTESIAN_POINT('',(-4.,1.70327442431537,14.9));
#12051=AXIS2_PLACEMENT_3D('',#12052,#12053,#12054);
#12052=CARTESIAN_POINT('',(-4.,1.70327442431537,14.));
#12053=DIRECTION('',(-1.,0.,0.));
#12054=DIRECTION('',(0.,-2.46716227694479E-16,1.));
#12055=CARTESIAN_POINT('',(4.,1.70327442431537,14.9));
#12056=CARTESIAN_POINT('',(-4.,1.70327442431537,14.9));
#12057=VECTOR('',#12058,1.);
#12058=DIRECTION('',(1.,0.,0.));
#12059=AXIS2_PLACEMENT_3D('',#12060,#12061,#12062);
#12060=CARTESIAN_POINT('',(4.,1.70327442431537,14.));
#12061=DIRECTION('',(1.,0.,0.));
#12062=DIRECTION('',(0.,1.,0.));
#12063=CARTESIAN_POINT('',(4.,2.20327442431537,14.));
#12064=CARTESIAN_POINT('',(4.,2.20327442431537,14.));
#12065=VECTOR('',#12066,1.);
#12066=DIRECTION('',(0.,1.,0.));
#12067=CARTESIAN_POINT('',(4.,2.20327442431537,4.27672557568463));
#12068=VECTOR('',#12069,1.);
#12069=DIRECTION('',(0.,0.,1.));
#12070=CARTESIAN_POINT('',(-4.,2.20327442431537,14.));
#12071=VECTOR('',#12072,1.);
#12072=DIRECTION('',(1.,0.,0.));
#12073=CARTESIAN_POINT('',(-4.,1.70327442431537,14.5));
#12074=AXIS2_PLACEMENT_3D('',#12075,#12076,#12077);
#12075=CARTESIAN_POINT('',(-4.,1.70327442431537,14.));
#12076=DIRECTION('',(-1.,0.,0.));
#12077=DIRECTION('',(0.,0.,1.));
#12078=CARTESIAN_POINT('',(-4.,1.70327442431537,14.5));
#12079=VECTOR('',#12080,1.);
#12080=DIRECTION('',(0.,0.,1.));
#12081=CARTESIAN_POINT('',(4.,0.500000000000002,14.9));
#12082=CARTESIAN_POINT('',(-4.,0.5,14.9));
#12083=CARTESIAN_POINT('',(4.,0.5,14.9));
#12084=VECTOR('',#12085,1.);
#12085=DIRECTION('',(-1.,0.,0.));
#12086=CARTESIAN_POINT('',(4.,1.70327442431537,14.9));
#12087=VECTOR('',#12088,1.);
#12088=DIRECTION('',(0.,-1.,0.));
#12089=CARTESIAN_POINT('',(-4.,0.5,14.9));
#12090=VECTOR('',#12091,1.);
#12091=DIRECTION('',(0.,1.,0.));
#12092=CARTESIAN_POINT('',(4.,1.70327442431537,14.5));
#12093=AXIS2_PLACEMENT_3D('',#12094,#12095,#12096);
#12094=CARTESIAN_POINT('',(4.,1.70327442431537,14.));
#12095=DIRECTION('',(1.,0.,0.));
#12096=DIRECTION('',(0.,1.,0.));
#12097=CARTESIAN_POINT('',(4.,1.70327442431537,14.5));
#12098=VECTOR('',#12099,1.);
#12099=DIRECTION('',(0.,0.,1.));
#12100=CARTESIAN_POINT('',(-4.,1.70327442431537,14.5));
#12101=VECTOR('',#12102,1.);
#12102=DIRECTION('',(1.,0.,0.));
#12103=CARTESIAN_POINT('',(-4.,0.5,14.5));
#12104=CARTESIAN_POINT('',(-4.,0.5,14.5));
#12105=VECTOR('',#12106,1.);
#12106=DIRECTION('',(0.,-2.77555756156289E-16,1.));
#12107=CARTESIAN_POINT('',(-4.,0.5,14.5));
#12108=VECTOR('',#12109,1.);
#12109=DIRECTION('',(0.,1.,0.));
#12110=CARTESIAN_POINT('',(-4.,-0.4,14.));
#12111=AXIS2_PLACEMENT_3D('',#12112,#12113,#12114);
#12112=CARTESIAN_POINT('',(-4.,0.5,14.));
#12113=DIRECTION('',(-1.,0.,0.));
#12114=DIRECTION('',(0.,-1.,-1.97372982155583E-15));
#12115=CARTESIAN_POINT('',(4.,-0.4,14.));
#12116=CARTESIAN_POINT('',(4.,-0.4,14.));
#12117=VECTOR('',#12118,1.);
#12118=DIRECTION('',(-1.,0.,0.));
#12119=AXIS2_PLACEMENT_3D('',#12120,#12121,#12122);
#12120=CARTESIAN_POINT('',(4.,0.5,14.));
#12121=DIRECTION('',(1.,0.,0.));
#12122=DIRECTION('',(0.,0.,1.));
#12123=CARTESIAN_POINT('',(4.,0.500000000000002,14.5));
#12124=CARTESIAN_POINT('',(4.,0.500000000000002,14.5));
#12125=VECTOR('',#12126,1.);
#12126=DIRECTION('',(0.,-5.55111512312578E-16,1.));
#12127=CARTESIAN_POINT('',(4.,1.70327442431537,14.5));
#12128=VECTOR('',#12129,1.);
#12129=DIRECTION('',(0.,-1.,0.));
#12130=CARTESIAN_POINT('',(4.,0.5,14.5));
#12131=VECTOR('',#12132,1.);
#12132=DIRECTION('',(-1.,0.,0.));
#12133=CARTESIAN_POINT('',(-4.,0.,14.));
#12134=AXIS2_PLACEMENT_3D('',#12135,#12136,#12137);
#12135=CARTESIAN_POINT('',(-4.,0.5,14.));
#12136=DIRECTION('',(-1.,0.,0.));
#12137=DIRECTION('',(0.,-1.,-3.5527136788005E-15));
#12138=CARTESIAN_POINT('',(-4.,0.,14.));
#12139=VECTOR('',#12140,1.);
#12140=DIRECTION('',(0.,-1.,0.));
#12141=CARTESIAN_POINT('',(3.,-0.4,-5.38585722145439E-16));
#12142=CARTESIAN_POINT('',(-3.,-0.4,4.96952358721996E-16));
#12143=CARTESIAN_POINT('',(3.,-0.4,-5.1676392725965E-16));
#12144=VECTOR('',#12145,1.);
#12145=DIRECTION('',(-1.,0.,1.72254642419883E-16));
#12146=CARTESIAN_POINT('',(3.,-0.4,0.2));
#12147=CARTESIAN_POINT('',(3.,-0.4,0.2));
#12148=VECTOR('',#12149,1.);
#12149=DIRECTION('',(0.,0.,-1.));
#12150=CARTESIAN_POINT('',(4.,-0.4,0.2));
#12151=CARTESIAN_POINT('',(4.,-0.4,0.2));
#12152=VECTOR('',#12153,1.);
#12153=DIRECTION('',(-1.,0.,-5.55111512312578E-17));
#12154=CARTESIAN_POINT('',(4.,-0.4,14.));
#12155=VECTOR('',#12156,1.);
#12156=DIRECTION('',(0.,0.,-1.));
#12157=CARTESIAN_POINT('',(-4.,-0.4,0.2));
#12158=CARTESIAN_POINT('',(-4.,-0.4,0.2));
#12159=VECTOR('',#12160,1.);
#12160=DIRECTION('',(3.21803775253669E-17,0.,1.));
#12161=CARTESIAN_POINT('',(-3.,-0.4,0.2));
#12162=CARTESIAN_POINT('',(-3.,-0.4,0.2));
#12163=VECTOR('',#12164,1.);
#12164=DIRECTION('',(-1.,0.,-5.55111512312578E-17));
#12165=CARTESIAN_POINT('',(-3.,-0.4,5.13478148889135E-16));
#12166=VECTOR('',#12167,1.);
#12167=DIRECTION('',(0.,0.,1.));
#12168=CARTESIAN_POINT('',(4.,0.,14.));
#12169=AXIS2_PLACEMENT_3D('',#12170,#12171,#12172);
#12170=CARTESIAN_POINT('',(4.,0.5,14.));
#12171=DIRECTION('',(1.,0.,0.));
#12172=DIRECTION('',(0.,0.,1.));
#12173=CARTESIAN_POINT('',(4.,0.,14.));
#12174=VECTOR('',#12175,1.);
#12175=DIRECTION('',(0.,-1.,0.));
#12176=CARTESIAN_POINT('',(4.,0.,14.));
#12177=VECTOR('',#12178,1.);
#12178=DIRECTION('',(-1.,0.,0.));
#12179=CARTESIAN_POINT('',(-4.,0.,0.2));
#12180=CARTESIAN_POINT('',(-4.,0.,0.2));
#12181=VECTOR('',#12182,1.);
#12182=DIRECTION('',(3.21803775253669E-17,0.,1.));
#12183=CARTESIAN_POINT('',(-4.,-0.4,0.2));
#12184=VECTOR('',#12185,1.);
#12185=DIRECTION('',(0.,1.,0.));
#12186=CARTESIAN_POINT('',(3.,-0.8,-0.4));
#12187=CARTESIAN_POINT('',(-3.,-0.8,-0.399999999999999));
#12188=CARTESIAN_POINT('',(3.,-0.8,-0.4));
#12189=VECTOR('',#12190,1.);
#12190=DIRECTION('',(-1.,0.,1.66533453693773E-16));
#12191=AXIS2_PLACEMENT_3D('',#12192,#12193,#12194);
#12192=CARTESIAN_POINT('',(3.,-0.8,-5.16763927259651E-16));
#12193=DIRECTION('',(-1.,-1.11022302462516E-15,8.79044571633998E-16));
#12194=DIRECTION('',(-1.11022302462516E-15,1.,-8.01466425239724E-17));
#12195=AXIS2_PLACEMENT_3D('',#12196,#12197,#12198);
#12196=CARTESIAN_POINT('',(-3.,-0.8,5.1676392725965E-16));
#12197=DIRECTION('',(1.,2.03331719710472E-32,-1.72254642419883E-16));
#12198=DIRECTION('',(-1.72254642419883E-16,-3.50248326713472E-48,-1.));
#12199=CARTESIAN_POINT('',(3.,2.77555756156289E-17,-5.38585722145439E-16));
#12200=CARTESIAN_POINT('',(3.,2.77555756156289E-17,-5.43503440812756E-16));
#12201=VECTOR('',#12202,1.);
#12202=DIRECTION('',(0.,-1.,9.45715128330268E-18));
#12203=CARTESIAN_POINT('',(3.,0.,0.2));
#12204=CARTESIAN_POINT('',(3.,0.,0.2));
#12205=VECTOR('',#12206,1.);
#12206=DIRECTION('',(0.,1.38777878078144E-16,-1.));
#12207=CARTESIAN_POINT('',(3.,-0.4,0.2));
#12208=VECTOR('',#12209,1.);
#12209=DIRECTION('',(0.,1.,0.));
#12210=CARTESIAN_POINT('',(4.,0.,0.2));
#12211=CARTESIAN_POINT('',(4.,0.,0.2));
#12212=VECTOR('',#12213,1.);
#12213=DIRECTION('',(-1.,0.,-5.55111512312578E-17));
#12214=CARTESIAN_POINT('',(4.,-0.4,0.200000000000002));
#12215=VECTOR('',#12216,1.);
#12216=DIRECTION('',(0.,1.,0.));
#12217=CARTESIAN_POINT('',(4.,0.,14.));
#12218=VECTOR('',#12219,1.);
#12219=DIRECTION('',(0.,0.,-1.));
#12220=CARTESIAN_POINT('',(-3.,0.,0.2));
#12221=CARTESIAN_POINT('',(-3.,0.,0.2));
#12222=VECTOR('',#12223,1.);
#12223=DIRECTION('',(-1.,0.,-5.55111512312578E-17));
#12224=CARTESIAN_POINT('',(-3.,-0.4,0.2));
#12225=VECTOR('',#12226,1.);
#12226=DIRECTION('',(0.,1.,0.));
#12227=CARTESIAN_POINT('',(-3.,0.,4.96952358721996E-16));
#12228=CARTESIAN_POINT('',(-3.,0.,5.2764311188954E-16));
#12229=VECTOR('',#12230,1.);
#12230=DIRECTION('',(0.,-1.,-5.90206791683546E-17));
#12231=CARTESIAN_POINT('',(-3.,0.,5.13478148889135E-16));
#12232=VECTOR('',#12233,1.);
#12233=DIRECTION('',(0.,0.,1.));
#12234=CARTESIAN_POINT('',(3.,0.,-5.1676392725965E-16));
#12235=VECTOR('',#12236,1.);
#12236=DIRECTION('',(-1.,0.,1.72254642419883E-16));
#12237=CARTESIAN_POINT('',(-3.,-0.920354056994858,-0.399999999999999));
#12238=CARTESIAN_POINT('',(-3.,-0.920354056994858,-0.399999999999999));
#12239=VECTOR('',#12240,1.);
#12240=DIRECTION('',(0.,1.,0.));
#12241=CARTESIAN_POINT('',(-4.,-0.920354056994859,-0.399999999999999));
#12242=CARTESIAN_POINT('',(-4.,-0.920354056994859,-0.399999999999999));
#12243=VECTOR('',#12244,1.);
#12244=DIRECTION('',(1.,4.44089209850063E-16,-1.66533453693774E-16));
#12245=CARTESIAN_POINT('',(-4.,-6.32035405699486,-0.399999999999998));
#12246=CARTESIAN_POINT('',(-4.,-6.32035405699486,-0.399999999999998));
#12247=VECTOR('',#12248,1.);
#12248=DIRECTION('',(-2.46716227694479E-16,1.,-1.64477485129653E-16));
#12249=CARTESIAN_POINT('',(4.,-6.32035405699486,-0.4));
#12250=CARTESIAN_POINT('',(4.,-6.32035405699486,-0.4));
#12251=VECTOR('',#12252,1.);
#12252=DIRECTION('',(-1.,-2.22044604925031E-16,1.73472347597681E-16));
#12253=CARTESIAN_POINT('',(4.,-0.920354056994857,-0.400000000000001));
#12254=CARTESIAN_POINT('',(4.,-0.920354056994857,-0.400000000000001));
#12255=VECTOR('',#12256,1.);
#12256=DIRECTION('',(3.28954970259306E-16,-1.,1.64477485129653E-16));
#12257=CARTESIAN_POINT('',(3.,-0.920354056994857,-0.4));
#12258=CARTESIAN_POINT('',(3.,-0.920354056994857,-0.4));
#12259=VECTOR('',#12260,1.);
#12260=DIRECTION('',(1.,3.33066907387547E-16,-1.66533453693773E-16));
#12261=CARTESIAN_POINT('',(3.,-0.8,-0.4));
#12262=VECTOR('',#12263,1.);
#12263=DIRECTION('',(0.,-1.,0.));
#12264=CARTESIAN_POINT('',(0.500000000000001,-4.62035405699486,-0.399999999999999));
#12265=CARTESIAN_POINT('',(-0.499999999999999,-4.62035405699486,-0.399999999999999));
#12266=CARTESIAN_POINT('',(0.500000000000001,-4.62035405699486,-0.399999999999999));
#12267=VECTOR('',#12268,1.);
#12268=DIRECTION('',(-1.,0.,2.22044604925031E-16));
#12269=CARTESIAN_POINT('',(-0.499999999999999,-3.22035405699486,-0.399999999999999));
#12270=AXIS2_PLACEMENT_3D('',#12271,#12272,#12273);
#12271=CARTESIAN_POINT('',(-0.499999999999999,-3.92035405699486,-0.399999999999999));
#12272=DIRECTION('',(-1.72254642419883E-16,-1.60812264967664E-16,-1.));
#12273=DIRECTION('',(6.34413156928661E-16,-1.,1.60812264967664E-16));
#12274=CARTESIAN_POINT('',(0.500000000000001,-3.22035405699486,-0.4));
#12275=CARTESIAN_POINT('',(-0.499999999999999,-3.22035405699486,-0.399999999999999));
#12276=VECTOR('',#12277,1.);
#12277=DIRECTION('',(1.,0.,-2.22044604925031E-16));
#12278=AXIS2_PLACEMENT_3D('',#12279,#12280,#12281);
#12279=CARTESIAN_POINT('',(0.500000000000001,-3.92035405699486,-0.4));
#12280=DIRECTION('',(-1.72254642419883E-16,-1.60812264967664E-16,-1.));
#12281=DIRECTION('',(-3.1720657846433E-16,1.,-1.60812264967664E-16));
#12282=CARTESIAN_POINT('',(3.,-0.8,-0.800000000000001));
#12283=CARTESIAN_POINT('',(3.,-0.8,-0.800000000000001));
#12284=VECTOR('',#12285,1.);
#12285=DIRECTION('',(0.,0.,1.));
#12286=AXIS2_PLACEMENT_3D('',#12287,#12288,#12289);
#12287=CARTESIAN_POINT('',(3.,-0.799999999999993,-4.75750350254434E-15));
#12288=DIRECTION('',(-1.,-1.11022302462516E-15,8.79044571633998E-16));
#12289=DIRECTION('',(-1.11022302462515E-15,1.,5.24892387567678E-15));
#12290=CARTESIAN_POINT('',(-3.,-0.8,-0.799999999999999));
#12291=AXIS2_PLACEMENT_3D('',#12292,#12293,#12294);
#12292=CARTESIAN_POINT('',(-3.,-0.8,5.1676392725965E-16));
#12293=DIRECTION('',(1.,2.03331719710472E-32,-1.72254642419883E-16));
#12294=DIRECTION('',(-1.72254642419883E-16,-3.50248326713473E-48,-1.));
#12295=CARTESIAN_POINT('',(-3.,-0.8,-0.799999999999999));
#12296=VECTOR('',#12297,1.);
#12297=DIRECTION('',(0.,5.55111512312578E-16,1.));
#12298=CARTESIAN_POINT('',(3.,-0.8,-0.800000000000001));
#12299=VECTOR('',#12300,1.);
#12300=DIRECTION('',(-1.,-1.85037170770859E-17,1.66533453693773E-16));
#12301=CARTESIAN_POINT('',(-3.,-0.920354056994858,-0.799999999999999));
#12302=CARTESIAN_POINT('',(-3.,-0.920354056994858,-0.799999999999999));
#12303=VECTOR('',#12304,1.);
#12304=DIRECTION('',(0.,1.,0.));
#12305=CARTESIAN_POINT('',(-3.,-0.920354056994858,-0.399999999999999));
#12306=VECTOR('',#12307,1.);
#12307=DIRECTION('',(0.,-2.77555756156289E-16,-1.));
#12308=CARTESIAN_POINT('',(-4.,-0.920354056994859,-0.799999999999999));
#12309=CARTESIAN_POINT('',(-4.,-0.920354056994859,-0.799999999999999));
#12310=VECTOR('',#12311,1.);
#12311=DIRECTION('',(1.,3.33066907387547E-16,-1.11022302462516E-16));
#12312=CARTESIAN_POINT('',(-4.,-0.920354056994858,-0.399999999999999));
#12313=VECTOR('',#12314,1.);
#12314=DIRECTION('',(0.,-2.77555756156289E-16,-1.));
#12315=CARTESIAN_POINT('',(-4.,-6.32035405699486,-0.799999999999998));
#12316=CARTESIAN_POINT('',(-4.,-6.32035405699486,-0.799999999999998));
#12317=VECTOR('',#12318,1.);
#12318=DIRECTION('',(-2.46716227694479E-16,1.,-1.64477485129653E-16));
#12319=CARTESIAN_POINT('',(-4.,-6.32035405699486,-0.399999999999998));
#12320=VECTOR('',#12321,1.);
#12321=DIRECTION('',(0.,0.,-1.));
#12322=CARTESIAN_POINT('',(4.,-6.32035405699486,-0.8));
#12323=CARTESIAN_POINT('',(4.,-6.32035405699486,-0.8));
#12324=VECTOR('',#12325,1.);
#12325=DIRECTION('',(-1.,-2.22044604925031E-16,1.66533453693773E-16));
#12326=CARTESIAN_POINT('',(4.,-6.32035405699486,-0.4));
#12327=VECTOR('',#12328,1.);
#12328=DIRECTION('',(0.,0.,-1.));
#12329=CARTESIAN_POINT('',(4.,-0.920354056994857,-0.800000000000001));
#12330=CARTESIAN_POINT('',(4.,-0.920354056994857,-0.800000000000001));
#12331=VECTOR('',#12332,1.);
#12332=DIRECTION('',(3.28954970259306E-16,-1.,1.64477485129653E-16));
#12333=CARTESIAN_POINT('',(4.,-0.920354056994857,-0.400000000000001));
#12334=VECTOR('',#12335,1.);
#12335=DIRECTION('',(0.,-2.77555756156289E-16,-1.));
#12336=CARTESIAN_POINT('',(3.,-0.920354056994857,-0.800000000000001));
#12337=CARTESIAN_POINT('',(3.,-0.920354056994857,-0.800000000000001));
#12338=VECTOR('',#12339,1.);
#12339=DIRECTION('',(1.,2.22044604925031E-16,-2.22044604925031E-16));
#12340=CARTESIAN_POINT('',(3.,-0.920354056994857,-0.4));
#12341=VECTOR('',#12342,1.);
#12342=DIRECTION('',(0.,-2.77555756156289E-16,-1.));
#12343=CARTESIAN_POINT('',(3.,-0.8,-0.800000000000001));
#12344=VECTOR('',#12345,1.);
#12345=DIRECTION('',(0.,-1.,0.));
#12346=CARTESIAN_POINT('',(-0.499999999999999,-4.62035405699486,-0.799999999999999));
#12347=CARTESIAN_POINT('',(0.500000000000001,-4.62035405699486,-0.799999999999999));
#12348=CARTESIAN_POINT('',(0.500000000000001,-4.62035405699486,-0.799999999999999));
#12349=VECTOR('',#12350,1.);
#12350=DIRECTION('',(-1.,0.,1.11022302462516E-16));
#12351=CARTESIAN_POINT('',(-0.499999999999999,-4.62035405699486,-0.399999999999999));
#12352=VECTOR('',#12353,1.);
#12353=DIRECTION('',(-1.38777878078145E-16,0.,-1.));
#12354=CARTESIAN_POINT('',(0.500000000000001,-4.62035405699486,-0.399999999999999));
#12355=VECTOR('',#12356,1.);
#12356=DIRECTION('',(-5.55111512312578E-16,0.,-1.));
#12357=CARTESIAN_POINT('',(-0.499999999999999,-3.22035405699486,-0.799999999999999));
#12358=AXIS2_PLACEMENT_3D('',#12359,#12360,#12361);
#12359=CARTESIAN_POINT('',(-0.499999999999999,-3.92035405699486,-0.799999999999999));
#12360=DIRECTION('',(-1.72254642419883E-16,-1.60812264967664E-16,-1.));
#12361=DIRECTION('',(6.34413156928661E-16,-1.,1.60812264967664E-16));
#12362=CARTESIAN_POINT('',(-0.499999999999999,-3.22035405699486,-0.399999999999999));
#12363=VECTOR('',#12364,1.);
#12364=DIRECTION('',(0.,0.,-1.));
#12365=CARTESIAN_POINT('',(0.500000000000001,-3.22035405699486,-0.8));
#12366=CARTESIAN_POINT('',(-0.499999999999999,-3.22035405699486,-0.799999999999999));
#12367=VECTOR('',#12368,1.);
#12368=DIRECTION('',(1.,0.,-1.11022302462516E-16));
#12369=CARTESIAN_POINT('',(0.500000000000001,-3.22035405699486,-0.4));
#12370=VECTOR('',#12371,1.);
#12371=DIRECTION('',(-5.55111512312578E-16,0.,-1.));
#12372=AXIS2_PLACEMENT_3D('',#12373,#12374,#12375);
#12373=CARTESIAN_POINT('',(0.500000000000001,-3.92035405699486,-0.8));
#12374=DIRECTION('',(-1.72254642419883E-16,-1.60812264967664E-16,-1.));
#12375=DIRECTION('',(-3.1720657846433E-16,1.,-1.60812264967664E-16));
#12376=CARTESIAN_POINT('',(3.,-0.4,-5.38585722145439E-16));
#12377=CARTESIAN_POINT('',(-3.,-0.4,4.76135677010274E-16));
#12378=CARTESIAN_POINT('',(3.,-0.4,-5.1676392725965E-16));
#12379=VECTOR('',#12380,1.);
#12380=DIRECTION('',(-1.,0.,1.72254642419883E-16));
#12381=CARTESIAN_POINT('',(3.,-0.4,0.2));
#12382=CARTESIAN_POINT('',(3.,-0.4,0.2));
#12383=VECTOR('',#12384,1.);
#12384=DIRECTION('',(2.2204460492503E-15,0.,-1.));
#12385=CARTESIAN_POINT('',(4.,-0.4,0.2));
#12386=CARTESIAN_POINT('',(4.,-0.4,0.2));
#12387=VECTOR('',#12388,1.);
#12388=DIRECTION('',(-1.,0.,0.));
#12389=CARTESIAN_POINT('',(4.,-0.4,14.));
#12390=CARTESIAN_POINT('',(4.,-0.4,14.));
#12391=VECTOR('',#12392,1.);
#12392=DIRECTION('',(0.,0.,-1.));
#12393=CARTESIAN_POINT('',(-4.,-0.4,14.));
#12394=CARTESIAN_POINT('',(4.,-0.4,14.));
#12395=VECTOR('',#12396,1.);
#12396=DIRECTION('',(-1.,0.,0.));
#12397=CARTESIAN_POINT('',(-4.,-0.4,0.2));
#12398=CARTESIAN_POINT('',(-4.,-0.4,0.2));
#12399=VECTOR('',#12400,1.);
#12400=DIRECTION('',(3.21803775253669E-17,0.,1.));
#12401=CARTESIAN_POINT('',(-3.,-0.4,0.2));
#12402=CARTESIAN_POINT('',(-3.,-0.4,0.2));
#12403=VECTOR('',#12404,1.);
#12404=DIRECTION('',(-1.,0.,0.));
#12405=CARTESIAN_POINT('',(-3.,-0.4,4.71844785465692E-16));
#12406=VECTOR('',#12407,1.);
#12407=DIRECTION('',(0.,0.,1.));
#12408=CARTESIAN_POINT('',(-3.,0.,4.76135677010274E-16));
#12409=CARTESIAN_POINT('',(-3.,0.,4.68166878427478E-16));
#12410=VECTOR('',#12411,1.);
#12411=DIRECTION('',(0.,-1.,1.53246126592232E-17));
#12412=CARTESIAN_POINT('',(-3.,0.,0.2));
#12413=CARTESIAN_POINT('',(-3.,-0.4,0.2));
#12414=VECTOR('',#12415,1.);
#12415=DIRECTION('',(0.,1.,0.));
#12416=CARTESIAN_POINT('',(-3.,0.,4.71844785465692E-16));
#12417=VECTOR('',#12418,1.);
#12418=DIRECTION('',(0.,0.,1.));
#12419=CARTESIAN_POINT('',(-4.,0.,0.2));
#12420=CARTESIAN_POINT('',(-4.,-0.4,0.2));
#12421=VECTOR('',#12422,1.);
#12422=DIRECTION('',(0.,1.,0.));
#12423=CARTESIAN_POINT('',(-3.,0.,0.2));
#12424=VECTOR('',#12425,1.);
#12425=DIRECTION('',(-1.,0.,0.));
#12426=CARTESIAN_POINT('',(-4.,0.,14.));
#12427=CARTESIAN_POINT('',(-4.,0.,14.));
#12428=VECTOR('',#12429,1.);
#12429=DIRECTION('',(0.,-1.,0.));
#12430=CARTESIAN_POINT('',(-4.,0.,0.2));
#12431=VECTOR('',#12432,1.);
#12432=DIRECTION('',(3.21803775253669E-17,0.,1.));
#12433=CARTESIAN_POINT('',(4.,0.5,14.9));
#12434=CARTESIAN_POINT('',(-4.,0.5,14.9));
#12435=CARTESIAN_POINT('',(4.,0.5,14.9));
#12436=VECTOR('',#12437,1.);
#12437=DIRECTION('',(-1.,0.,0.));
#12438=AXIS2_PLACEMENT_3D('',#12439,#12440,#12441);
#12439=CARTESIAN_POINT('',(-4.,0.5,14.));
#12440=DIRECTION('',(-1.,0.,0.));
#12441=DIRECTION('',(0.,-1.,0.));
#12442=AXIS2_PLACEMENT_3D('',#12443,#12444,#12445);
#12443=CARTESIAN_POINT('',(4.,0.5,14.));
#12444=DIRECTION('',(1.,0.,0.));
#12445=DIRECTION('',(0.,0.,1.));
#12446=CARTESIAN_POINT('',(4.,0.,14.));
#12447=CARTESIAN_POINT('',(4.,0.,14.));
#12448=VECTOR('',#12449,1.);
#12449=DIRECTION('',(0.,-1.,0.));
#12450=CARTESIAN_POINT('',(4.,0.,0.2));
#12451=CARTESIAN_POINT('',(4.,-0.4,0.2));
#12452=VECTOR('',#12453,1.);
#12453=DIRECTION('',(0.,1.,0.));
#12454=CARTESIAN_POINT('',(4.,0.,14.));
#12455=VECTOR('',#12456,1.);
#12456=DIRECTION('',(0.,0.,-1.));
#12457=CARTESIAN_POINT('',(3.,0.,0.2));
#12458=CARTESIAN_POINT('',(3.,-0.4,0.2));
#12459=VECTOR('',#12460,1.);
#12460=DIRECTION('',(0.,1.,0.));
#12461=CARTESIAN_POINT('',(4.,0.,0.2));
#12462=VECTOR('',#12463,1.);
#12463=DIRECTION('',(-1.,0.,0.));
#12464=CARTESIAN_POINT('',(3.,2.77555756156289E-17,-5.38585722145439E-16));
#12465=CARTESIAN_POINT('',(3.,2.77555756156289E-17,-5.43503440812757E-16));
#12466=VECTOR('',#12467,1.);
#12467=DIRECTION('',(0.,-1.,9.45715128330293E-18));
#12468=CARTESIAN_POINT('',(3.,0.,0.2));
#12469=VECTOR('',#12470,1.);
#12470=DIRECTION('',(2.2204460492503E-15,1.38777878078144E-16,-1.));
#12471=CARTESIAN_POINT('',(3.,-0.8,-0.4));
#12472=CARTESIAN_POINT('',(-3.,-0.8,-0.399999999999999));
#12473=CARTESIAN_POINT('',(3.,-0.8,-0.4));
#12474=VECTOR('',#12475,1.);
#12475=DIRECTION('',(-1.,0.,1.66533453693773E-16));
#12476=AXIS2_PLACEMENT_3D('',#12477,#12478,#12479);
#12477=CARTESIAN_POINT('',(3.,-0.8,-5.1676392725965E-16));
#12478=DIRECTION('',(-1.,3.25807642523221E-33,1.72254642419883E-16));
#12479=DIRECTION('',(-1.05475548238891E-32,1.,-8.01466425239739E-17));
#12480=AXIS2_PLACEMENT_3D('',#12481,#12482,#12483);
#12481=CARTESIAN_POINT('',(-3.,-0.8,5.1676392725965E-16));
#12482=DIRECTION('',(1.,-5.27947134767532E-33,-1.72254642419883E-16));
#12483=DIRECTION('',(-1.72254642419883E-16,9.09413449159832E-49,-1.));
#12484=CARTESIAN_POINT('',(3.,0.,-5.1676392725965E-16));
#12485=VECTOR('',#12486,1.);
#12486=DIRECTION('',(-1.,0.,1.72254642419883E-16));
#12487=CARTESIAN_POINT('',(4.,0.,14.));
#12488=VECTOR('',#12489,1.);
#12489=DIRECTION('',(-1.,0.,0.));
#12490=CARTESIAN_POINT('',(-4.,0.5,14.5));
#12491=CARTESIAN_POINT('',(-4.,0.5,14.5));
#12492=VECTOR('',#12493,1.);
#12493=DIRECTION('',(0.,8.32667268468867E-16,1.));
#12494=AXIS2_PLACEMENT_3D('',#12495,#12496,#12497);
#12495=CARTESIAN_POINT('',(-4.,0.5,14.));
#12496=DIRECTION('',(-1.,0.,0.));
#12497=DIRECTION('',(0.,-1.,0.));
#12498=CARTESIAN_POINT('',(4.,0.5,14.5));
#12499=AXIS2_PLACEMENT_3D('',#12500,#12501,#12502);
#12500=CARTESIAN_POINT('',(4.,0.5,14.));
#12501=DIRECTION('',(1.,0.,0.));
#12502=DIRECTION('',(0.,0.,1.));
#12503=CARTESIAN_POINT('',(4.,0.5,14.5));
#12504=VECTOR('',#12505,1.);
#12505=DIRECTION('',(0.,-5.55111512312578E-16,1.));
#12506=CARTESIAN_POINT('',(4.,1.70327442431537,14.9));
#12507=CARTESIAN_POINT('',(4.,1.70327442431537,14.9));
#12508=VECTOR('',#12509,1.);
#12509=DIRECTION('',(0.,-1.,0.));
#12510=CARTESIAN_POINT('',(-4.,1.70327442431536,14.9));
#12511=CARTESIAN_POINT('',(-4.,1.70327442431537,14.9));
#12512=VECTOR('',#12513,1.);
#12513=DIRECTION('',(1.,0.,0.));
#12514=CARTESIAN_POINT('',(-4.,0.500000000000001,14.9));
#12515=VECTOR('',#12516,1.);
#12516=DIRECTION('',(0.,1.,0.));
#12517=CARTESIAN_POINT('',(-3.,-0.920354056994858,-0.399999999999999));
#12518=CARTESIAN_POINT('',(-3.,-0.920354056994858,-0.399999999999999));
#12519=VECTOR('',#12520,1.);
#12520=DIRECTION('',(0.,1.,0.));
#12521=CARTESIAN_POINT('',(-4.,-0.920354056994859,-0.399999999999999));
#12522=CARTESIAN_POINT('',(-4.,-0.920354056994859,-0.399999999999999));
#12523=VECTOR('',#12524,1.);
#12524=DIRECTION('',(1.,4.44089209850063E-16,-1.66533453693774E-16));
#12525=CARTESIAN_POINT('',(-4.,-6.32035405699486,-0.399999999999998));
#12526=CARTESIAN_POINT('',(-4.,-6.32035405699486,-0.399999999999998));
#12527=VECTOR('',#12528,1.);
#12528=DIRECTION('',(-2.46716227694479E-16,1.,-1.64477485129653E-16));
#12529=CARTESIAN_POINT('',(4.,-6.32035405699486,-0.4));
#12530=CARTESIAN_POINT('',(4.,-6.32035405699486,-0.4));
#12531=VECTOR('',#12532,1.);
#12532=DIRECTION('',(-1.,-2.22044604925031E-16,1.73472347597681E-16));
#12533=CARTESIAN_POINT('',(4.,-0.920354056994857,-0.400000000000001));
#12534=CARTESIAN_POINT('',(4.,-0.920354056994857,-0.400000000000001));
#12535=VECTOR('',#12536,1.);
#12536=DIRECTION('',(3.28954970259306E-16,-1.,1.64477485129653E-16));
#12537=CARTESIAN_POINT('',(3.,-0.920354056994857,-0.4));
#12538=CARTESIAN_POINT('',(3.,-0.920354056994857,-0.4));
#12539=VECTOR('',#12540,1.);
#12540=DIRECTION('',(1.,3.33066907387547E-16,-1.66533453693773E-16));
#12541=CARTESIAN_POINT('',(3.,-0.8,-0.4));
#12542=VECTOR('',#12543,1.);
#12543=DIRECTION('',(0.,-1.,0.));
#12544=CARTESIAN_POINT('',(0.500000000000001,-4.62035405699486,-0.399999999999999));
#12545=CARTESIAN_POINT('',(-0.499999999999999,-4.62035405699486,-0.399999999999999));
#12546=CARTESIAN_POINT('',(0.500000000000001,-4.62035405699486,-0.399999999999999));
#12547=VECTOR('',#12548,1.);
#12548=DIRECTION('',(-1.,0.,2.22044604925031E-16));
#12549=CARTESIAN_POINT('',(-0.499999999999999,-3.22035405699486,-0.399999999999999));
#12550=AXIS2_PLACEMENT_3D('',#12551,#12552,#12553);
#12551=CARTESIAN_POINT('',(-0.499999999999999,-3.92035405699486,-0.399999999999999));
#12552=DIRECTION('',(-1.72254642419883E-16,-1.60812264967664E-16,-1.));
#12553=DIRECTION('',(6.34413156928661E-16,-1.,1.60812264967664E-16));
#12554=CARTESIAN_POINT('',(0.500000000000001,-3.22035405699486,-0.4));
#12555=CARTESIAN_POINT('',(-0.499999999999999,-3.22035405699486,-0.399999999999999));
#12556=VECTOR('',#12557,1.);
#12557=DIRECTION('',(1.,0.,-2.22044604925031E-16));
#12558=AXIS2_PLACEMENT_3D('',#12559,#12560,#12561);
#12559=CARTESIAN_POINT('',(0.500000000000001,-3.92035405699486,-0.4));
#12560=DIRECTION('',(-1.72254642419883E-16,-1.60812264967664E-16,-1.));
#12561=DIRECTION('',(-3.1720657846433E-16,1.,-1.60812264967664E-16));
#12562=CARTESIAN_POINT('',(4.,0.5,14.5));
#12563=VECTOR('',#12564,1.);
#12564=DIRECTION('',(-1.,0.,0.));
#12565=CARTESIAN_POINT('',(3.,-0.8,-0.800000000000001));
#12566=CARTESIAN_POINT('',(-3.,-0.8,-0.799999999999999));
#12567=CARTESIAN_POINT('',(3.,-0.8,-0.800000000000001));
#12568=VECTOR('',#12569,1.);
#12569=DIRECTION('',(-1.,-1.85037170770859E-17,1.66533453693773E-16));
#12570=AXIS2_PLACEMENT_3D('',#12571,#12572,#12573);
#12571=CARTESIAN_POINT('',(-3.,-0.8,5.1676392725965E-16));
#12572=DIRECTION('',(1.,-5.27947134767532E-33,-1.72254642419883E-16));
#12573=DIRECTION('',(-1.72254642419883E-16,-1.38777878078145E-16,-1.));
#12574=AXIS2_PLACEMENT_3D('',#12575,#12576,#12577);
#12575=CARTESIAN_POINT('',(3.,-0.8,-5.1676392725965E-16));
#12576=DIRECTION('',(-1.,3.25807642523221E-33,1.72254642419883E-16));
#12577=DIRECTION('',(-1.05475548238891E-32,1.,-8.01466425239739E-17));
#12578=CARTESIAN_POINT('',(-3.,-0.8,-0.799999999999999));
#12579=VECTOR('',#12580,1.);
#12580=DIRECTION('',(0.,2.77555756156289E-16,1.));
#12581=CARTESIAN_POINT('',(-3.,-0.920354056994858,-0.799999999999999));
#12582=CARTESIAN_POINT('',(-3.,-0.920354056994858,-0.799999999999999));
#12583=VECTOR('',#12584,1.);
#12584=DIRECTION('',(0.,1.,0.));
#12585=CARTESIAN_POINT('',(-3.,-0.920354056994858,-0.399999999999999));
#12586=VECTOR('',#12587,1.);
#12587=DIRECTION('',(0.,-2.77555756156289E-16,-1.));
#12588=CARTESIAN_POINT('',(-4.,1.70327442431536,14.5));
#12589=CARTESIAN_POINT('',(-4.,1.70327442431536,14.5));
#12590=VECTOR('',#12591,1.);
#12591=DIRECTION('',(0.,0.,1.));
#12592=CARTESIAN_POINT('',(-4.,0.500000000000001,14.5));
#12593=VECTOR('',#12594,1.);
#12594=DIRECTION('',(0.,1.,0.));
#12595=CARTESIAN_POINT('',(4.,1.70327442431537,14.5));
#12596=CARTESIAN_POINT('',(4.,1.70327442431537,14.5));
#12597=VECTOR('',#12598,1.);
#12598=DIRECTION('',(0.,-1.,0.));
#12599=CARTESIAN_POINT('',(4.,1.70327442431537,14.5));
#12600=VECTOR('',#12601,1.);
#12601=DIRECTION('',(0.,0.,1.));
#12602=CARTESIAN_POINT('',(-4.,2.60327442431537,14.));
#12603=CARTESIAN_POINT('',(4.,2.60327442431537,14.));
#12604=CARTESIAN_POINT('',(-4.,2.60327442431537,14.));
#12605=VECTOR('',#12606,1.);
#12606=DIRECTION('',(1.,0.,0.));
#12607=AXIS2_PLACEMENT_3D('',#12608,#12609,#12610);
#12608=CARTESIAN_POINT('',(-4.,1.70327442431537,14.));
#12609=DIRECTION('',(-1.,0.,0.));
#12610=DIRECTION('',(0.,-3.94745964311167E-15,1.));
#12611=AXIS2_PLACEMENT_3D('',#12612,#12613,#12614);
#12612=CARTESIAN_POINT('',(4.,1.70327442431537,14.));
#12613=DIRECTION('',(1.,0.,0.));
#12614=DIRECTION('',(0.,1.,0.));
#12615=CARTESIAN_POINT('',(3.,-0.8,-0.800000000000001));
#12616=VECTOR('',#12617,1.);
#12617=DIRECTION('',(0.,0.,1.));
#12618=CARTESIAN_POINT('',(3.,-0.920354056994857,-0.800000000000001));
#12619=CARTESIAN_POINT('',(3.,-0.920354056994857,-0.4));
#12620=VECTOR('',#12621,1.);
#12621=DIRECTION('',(0.,-2.77555756156289E-16,-1.));
#12622=CARTESIAN_POINT('',(3.,-0.8,-0.800000000000001));
#12623=VECTOR('',#12624,1.);
#12624=DIRECTION('',(0.,-1.,0.));
#12625=CARTESIAN_POINT('',(0.500000000000001,-4.62035405699486,-0.799999999999999));
#12626=CARTESIAN_POINT('',(0.500000000000001,-3.22035405699486,-0.8));
#12627=AXIS2_PLACEMENT_3D('',#12628,#12629,#12630);
#12628=CARTESIAN_POINT('',(0.500000000000001,-3.92035405699486,-0.8));
#12629=DIRECTION('',(-1.72254642419883E-16,-1.60812264967664E-16,-1.));
#12630=DIRECTION('',(-3.1720657846433E-16,1.,-1.60812264967664E-16));
#12631=CARTESIAN_POINT('',(0.500000000000001,-4.62035405699486,-0.399999999999999));
#12632=VECTOR('',#12633,1.);
#12633=DIRECTION('',(-5.55111512312578E-16,0.,-1.));
#12634=CARTESIAN_POINT('',(0.500000000000001,-3.22035405699486,-0.4));
#12635=VECTOR('',#12636,1.);
#12636=DIRECTION('',(-5.55111512312578E-16,0.,-1.));
#12637=CARTESIAN_POINT('',(-0.499999999999999,-3.22035405699486,-0.799999999999999));
#12638=CARTESIAN_POINT('',(-0.499999999999999,-3.22035405699486,-0.799999999999999));
#12639=VECTOR('',#12640,1.);
#12640=DIRECTION('',(1.,0.,-1.11022302462516E-16));
#12641=CARTESIAN_POINT('',(-0.499999999999999,-3.22035405699486,-0.399999999999999));
#12642=VECTOR('',#12643,1.);
#12643=DIRECTION('',(0.,0.,-1.));
#12644=CARTESIAN_POINT('',(-0.499999999999999,-4.62035405699486,-0.799999999999999));
#12645=AXIS2_PLACEMENT_3D('',#12646,#12647,#12648);
#12646=CARTESIAN_POINT('',(-0.499999999999999,-3.92035405699486,-0.799999999999999));
#12647=DIRECTION('',(-1.72254642419883E-16,-1.60812264967664E-16,-1.));
#12648=DIRECTION('',(6.34413156928661E-16,-1.,1.60812264967664E-16));
#12649=CARTESIAN_POINT('',(-0.499999999999999,-4.62035405699486,-0.399999999999999));
#12650=VECTOR('',#12651,1.);
#12651=DIRECTION('',(-1.38777878078145E-16,0.,-1.));
#12652=CARTESIAN_POINT('',(0.500000000000001,-4.62035405699486,-0.799999999999999));
#12653=VECTOR('',#12654,1.);
#12654=DIRECTION('',(-1.,0.,1.11022302462516E-16));
#12655=CARTESIAN_POINT('',(4.,-0.920354056994857,-0.800000000000001));
#12656=CARTESIAN_POINT('',(4.,-0.920354056994857,-0.400000000000001));
#12657=VECTOR('',#12658,1.);
#12658=DIRECTION('',(0.,-2.77555756156289E-16,-1.));
#12659=CARTESIAN_POINT('',(3.,-0.920354056994857,-0.800000000000001));
#12660=VECTOR('',#12661,1.);
#12661=DIRECTION('',(1.,2.22044604925031E-16,-2.22044604925031E-16));
#12662=CARTESIAN_POINT('',(4.,-6.32035405699486,-0.8));
#12663=CARTESIAN_POINT('',(4.,-6.32035405699486,-0.4));
#12664=VECTOR('',#12665,1.);
#12665=DIRECTION('',(0.,0.,-1.));
#12666=CARTESIAN_POINT('',(4.,-0.920354056994857,-0.800000000000001));
#12667=VECTOR('',#12668,1.);
#12668=DIRECTION('',(3.28954970259306E-16,-1.,1.64477485129653E-16));
#12669=CARTESIAN_POINT('',(-4.,-6.32035405699486,-0.799999999999998));
#12670=CARTESIAN_POINT('',(-4.,-6.32035405699486,-0.399999999999998));
#12671=VECTOR('',#12672,1.);
#12672=DIRECTION('',(0.,0.,-1.));
#12673=CARTESIAN_POINT('',(4.,-6.32035405699486,-0.8));
#12674=VECTOR('',#12675,1.);
#12675=DIRECTION('',(-1.,-2.22044604925031E-16,1.66533453693773E-16));
#12676=CARTESIAN_POINT('',(-4.,-0.920354056994859,-0.799999999999999));
#12677=CARTESIAN_POINT('',(-4.,-0.920354056994858,-0.399999999999999));
#12678=VECTOR('',#12679,1.);
#12679=DIRECTION('',(0.,-2.77555756156289E-16,-1.));
#12680=CARTESIAN_POINT('',(-4.,-6.32035405699486,-0.799999999999998));
#12681=VECTOR('',#12682,1.);
#12682=DIRECTION('',(-2.46716227694479E-16,1.,-1.64477485129653E-16));
#12683=CARTESIAN_POINT('',(-4.,-0.920354056994859,-0.799999999999999));
#12684=VECTOR('',#12685,1.);
#12685=DIRECTION('',(1.,3.33066907387547E-16,-1.11022302462516E-16));
#12686=CARTESIAN_POINT('',(-4.,1.70327442431537,14.5));
#12687=VECTOR('',#12688,1.);
#12688=DIRECTION('',(1.,0.,0.));
#12689=CARTESIAN_POINT('',(-4.,2.20327442431537,14.));
#12690=CARTESIAN_POINT('',(-4.,2.20327442431537,14.));
#12691=VECTOR('',#12692,1.);
#12692=DIRECTION('',(0.,1.,0.));
#12693=AXIS2_PLACEMENT_3D('',#12694,#12695,#12696);
#12694=CARTESIAN_POINT('',(-4.,1.70327442431537,14.));
#12695=DIRECTION('',(-1.,0.,0.));
#12696=DIRECTION('',(0.,-7.105427357601E-15,1.));
#12697=CARTESIAN_POINT('',(4.,2.20327442431537,14.));
#12698=AXIS2_PLACEMENT_3D('',#12699,#12700,#12701);
#12699=CARTESIAN_POINT('',(4.,1.70327442431537,14.));
#12700=DIRECTION('',(1.,0.,0.));
#12701=DIRECTION('',(0.,1.,0.));
#12702=CARTESIAN_POINT('',(4.,2.20327442431537,14.));
#12703=VECTOR('',#12704,1.);
#12704=DIRECTION('',(0.,1.,0.));
#12705=CARTESIAN_POINT('',(2.,2.60327442431537,2.55672557568463));
#12706=CARTESIAN_POINT('',(4.,2.60327442431537,4.55672557568463));
#12707=AXIS2_PLACEMENT_3D('',#12708,#12709,#12710);
#12708=CARTESIAN_POINT('',(2.,2.60327442431537,4.55672557568463));
#12709=DIRECTION('',(0.,1.,0.));
#12710=DIRECTION('',(1.,0.,0.));
#12711=CARTESIAN_POINT('',(-2.,2.60327442431537,2.55672557568463));
#12712=CARTESIAN_POINT('',(-2.,2.60327442431537,2.55672557568463));
#12713=VECTOR('',#12714,1.);
#12714=DIRECTION('',(1.,0.,0.));
#12715=CARTESIAN_POINT('',(-4.,2.60327442431537,4.55672557568462));
#12716=AXIS2_PLACEMENT_3D('',#12717,#12718,#12719);
#12717=CARTESIAN_POINT('',(-2.,2.60327442431537,4.55672557568462));
#12718=DIRECTION('',(0.,1.,0.));
#12719=DIRECTION('',(-2.22044604925032E-16,0.,-1.));
#12720=CARTESIAN_POINT('',(-4.,2.60327442431537,14.));
#12721=VECTOR('',#12722,1.);
#12722=DIRECTION('',(-4.70270363748598E-17,0.,-1.));
#12723=CARTESIAN_POINT('',(4.,2.60327442431537,4.55672557568463));
#12724=VECTOR('',#12725,1.);
#12725=DIRECTION('',(0.,0.,1.));
#12726=CARTESIAN_POINT('',(3.42890285822722,2.60327442431537,10.));
#12727=AXIS2_PLACEMENT_3D('',#12728,#12729,#12730);
#12728=CARTESIAN_POINT('',(3.63954851659161E-16,2.60327442431537,10.));
#12729=DIRECTION('',(0.,-1.,0.));
#12730=DIRECTION('',(1.,0.,0.));
#12731=CARTESIAN_POINT('',(-4.,2.20327442431537,14.));
#12732=VECTOR('',#12733,1.);
#12733=DIRECTION('',(1.,0.,0.));
#12734=CARTESIAN_POINT('',(-4.,2.20327442431537,4.55672557568462));
#12735=CARTESIAN_POINT('',(-4.,2.60327442431537,4.55672557568462));
#12736=VECTOR('',#12737,1.);
#12737=DIRECTION('',(0.,-1.,0.));
#12738=CARTESIAN_POINT('',(-4.,2.20327442431537,14.));
#12739=VECTOR('',#12740,1.);
#12740=DIRECTION('',(-4.70270363748598E-17,0.,-1.));
#12741=CARTESIAN_POINT('',(4.,2.20327442431537,4.55672557568463));
#12742=CARTESIAN_POINT('',(4.,2.60327442431537,4.55672557568463));
#12743=VECTOR('',#12744,1.);
#12744=DIRECTION('',(0.,-1.,0.));
#12745=CARTESIAN_POINT('',(4.,2.20327442431537,4.55672557568463));
#12746=VECTOR('',#12747,1.);
#12747=DIRECTION('',(0.,0.,1.));
#12748=CARTESIAN_POINT('',(2.,2.20327442431537,2.55672557568463));
#12749=CARTESIAN_POINT('',(2.,2.60327442431537,2.55672557568463));
#12750=VECTOR('',#12751,1.);
#12751=DIRECTION('',(0.,-1.,0.));
#12752=CARTESIAN_POINT('',(-2.,2.20327442431537,2.55672557568463));
#12753=CARTESIAN_POINT('',(-2.,2.20327442431537,2.55672557568463));
#12754=VECTOR('',#12755,1.);
#12755=DIRECTION('',(1.,0.,0.));
#12756=CARTESIAN_POINT('',(-2.,2.60327442431537,2.55672557568463));
#12757=VECTOR('',#12758,1.);
#12758=DIRECTION('',(0.,-1.,0.));
#12759=AXIS2_PLACEMENT_3D('',#12760,#12761,#12762);
#12760=CARTESIAN_POINT('',(2.,2.20327442431537,4.55672557568463));
#12761=DIRECTION('',(0.,-1.,0.));
#12762=DIRECTION('',(-2.22044604925031E-16,0.,-1.));
#12763=AXIS2_PLACEMENT_3D('',#12764,#12765,#12766);
#12764=CARTESIAN_POINT('',(-2.,2.20327442431537,4.55672557568462));
#12765=DIRECTION('',(0.,-1.,0.));
#12766=DIRECTION('',(-1.,0.,-3.5527136788005E-15));
#12767=CARTESIAN_POINT('',(3.42890285822722,2.20327442431537,10.));
#12768=AXIS2_PLACEMENT_3D('',#12769,#12770,#12771);
#12769=CARTESIAN_POINT('',(3.63954851659161E-16,2.20327442431537,10.));
#12770=DIRECTION('',(0.,-1.,0.));
#12771=DIRECTION('',(1.,0.,0.));
#12772=CARTESIAN_POINT('',(2.27999032891962,3.20327442431537,10.));
#12773=AXIS2_PLACEMENT_3D('',#12774,#12775,#12776);
#12774=CARTESIAN_POINT('',(3.63954851659161E-16,3.20327442431537,10.));
#12775=DIRECTION('',(0.,-1.,0.));
#12776=DIRECTION('',(1.,0.,0.));
#12777=CARTESIAN_POINT('',(-2.09641016151378,3.20327442431537,10.));
#12778=AXIS2_PLACEMENT_3D('',#12779,#12780,#12781);
#12779=CARTESIAN_POINT('',(-1.43981379871659E-15,3.20327442431537,10.));
#12780=DIRECTION('',(0.,1.,0.));
#12781=DIRECTION('',(-1.,0.,1.22464679914735E-16));
#12782=CARTESIAN_POINT('',(3.01857695490308,2.81756013860108,10.));
#12783=AXIS2_PLACEMENT_3D('',#12784,#12785,#12786);
#12784=CARTESIAN_POINT('',(3.63954851659161E-16,2.81756013860108,10.));
#12785=DIRECTION('',(0.,-1.,0.));
#12786=DIRECTION('',(1.,0.,5.88474922434862E-16));
#12787=CARTESIAN_POINT('',(2.27999032891962,2.80327442431537,10.));
#12788=AXIS2_PLACEMENT_3D('',#12789,#12790,#12791);
#12789=CARTESIAN_POINT('',(3.63954851659161E-16,2.80327442431537,10.));
#12790=DIRECTION('',(0.,-1.,0.));
#12791=DIRECTION('',(1.,0.,0.));
#12792=CARTESIAN_POINT('',(-2.09641016151378,2.80327442431537,10.));
#12793=AXIS2_PLACEMENT_3D('',#12794,#12795,#12796);
#12794=CARTESIAN_POINT('',(-1.43981379871659E-15,2.80327442431537,10.));
#12795=DIRECTION('',(0.,1.,0.));
#12796=DIRECTION('',(-1.,0.,1.22464679914735E-16));
#12797=CARTESIAN_POINT('',(2.69031623224376,2.58898871002965,10.));
#12798=AXIS2_PLACEMENT_3D('',#12799,#12800,#12801);
#12799=CARTESIAN_POINT('',(3.63954851659161E-16,2.58898871002965,10.));
#12800=DIRECTION('',(0.,-1.,0.));
#12801=DIRECTION('',(1.,0.,6.60278081108236E-16));
#12802=CARTESIAN_POINT('',(-1.57679491924311,2.70327442431537,10.));
#12803=AXIS2_PLACEMENT_3D('',#12804,#12805,#12806);
#12804=CARTESIAN_POINT('',(-1.43981379871659E-15,2.70327442431537,10.));
#12805=DIRECTION('',(0.,1.,0.));
#12806=DIRECTION('',(-1.,0.,-1.22464679914735E-16));
#12807=CARTESIAN_POINT('',(-1.91083328927426,2.76756013860108,10.));
#12808=AXIS2_PLACEMENT_3D('',#12809,#12810,#12811);
#12809=CARTESIAN_POINT('',(-1.43981379871659E-15,2.76756013860108,10.));
#12810=DIRECTION('',(0.,1.,0.));
#12811=DIRECTION('',(-1.,0.,0.));
#12812=CARTESIAN_POINT('',(-1.57679491924311,3.10327442431537,10.));
#12813=AXIS2_PLACEMENT_3D('',#12814,#12815,#12816);
#12814=CARTESIAN_POINT('',(-1.43981379871659E-15,3.10327442431537,10.));
#12815=DIRECTION('',(0.,1.,0.));
#12816=DIRECTION('',(-1.,0.,-1.22464679914735E-16));
#12817=CARTESIAN_POINT('',(-1.76237179148264,3.13898871002965,10.));
#12818=AXIS2_PLACEMENT_3D('',#12819,#12820,#12821);
#12819=CARTESIAN_POINT('',(-1.43981379871659E-15,3.13898871002965,10.));
#12820=DIRECTION('',(0.,1.,0.));
#12821=DIRECTION('',(-1.,0.,0.));
#12822=CARTESIAN_POINT('',(30.4,-37.4,16.));
#12823=CARTESIAN_POINT('',(30.4,-37.4,1.29264970719629));
#12824=CARTESIAN_POINT('',(30.4,-37.4,16.));
#12825=VECTOR('',#12826,1.);
#12826=DIRECTION('',(2.4156041761913E-16,0.,-1.));
#12827=CARTESIAN_POINT('',(30.4,-41.25,16.));
#12828=CARTESIAN_POINT('',(30.4,-37.4,16.));
#12829=VECTOR('',#12830,1.);
#12830=DIRECTION('',(0.,-1.,0.));
#12831=CARTESIAN_POINT('',(30.4,-41.25,2.));
#12832=CARTESIAN_POINT('',(30.4,-41.25,16.));
#12833=VECTOR('',#12834,1.);
#12834=DIRECTION('',(5.07530525542929E-16,0.,-1.));
#12835=CARTESIAN_POINT('',(30.4,-40.5,2.));
#12836=CARTESIAN_POINT('',(30.4,-40.5,2.));
#12837=VECTOR('',#12838,1.);
#12838=DIRECTION('',(0.,-1.,0.));
#12839=CARTESIAN_POINT('',(30.4,-40.5,0.));
#12840=CARTESIAN_POINT('',(30.4,-40.5,0.));
#12841=VECTOR('',#12842,1.);
#12842=DIRECTION('',(0.,0.,1.));
#12843=CARTESIAN_POINT('',(30.4,-40.,0.));
#12844=CARTESIAN_POINT('',(30.4,-40.5,0.));
#12845=VECTOR('',#12846,1.);
#12846=DIRECTION('',(0.,1.,0.));
#12847=CARTESIAN_POINT('',(30.4,-40.,15.));
#12848=CARTESIAN_POINT('',(30.4,-40.,0.));
#12849=VECTOR('',#12850,1.);
#12850=DIRECTION('',(0.,0.,1.));
#12851=CARTESIAN_POINT('',(30.4,-38.,15.));
#12852=CARTESIAN_POINT('',(30.4,-40.,15.));
#12853=VECTOR('',#12854,1.);
#12854=DIRECTION('',(0.,1.,0.));
#12855=CARTESIAN_POINT('',(30.4,-38.,3.59793924706825E-15));
#12856=CARTESIAN_POINT('',(30.4,-38.,15.));
#12857=VECTOR('',#12858,1.);
#12858=DIRECTION('',(0.,0.,-1.));
#12859=CARTESIAN_POINT('',(30.4,37.4,0.));
#12860=CARTESIAN_POINT('',(30.4,-38.,0.));
#12861=VECTOR('',#12862,1.);
#12862=DIRECTION('',(-9.42364371034616E-17,1.,0.));
#12863=CARTESIAN_POINT('',(30.4,37.4,1.29264970719629));
#12864=CARTESIAN_POINT('',(30.4,37.4,0.));
#12865=VECTOR('',#12866,1.);
#12866=DIRECTION('',(0.,0.,1.));
#12867=CARTESIAN_POINT('',(30.4,37.4,1.29264970719629));
#12868=VECTOR('',#12869,1.);
#12869=DIRECTION('',(0.,-1.,4.74961721764773E-17));
#12870=CARTESIAN_POINT('',(38.6,-7.99999999999999,1.29264970719629));
#12871=CARTESIAN_POINT('',(38.6,-37.4,1.29264970719629));
#12872=CARTESIAN_POINT('',(38.6,-7.99999999999998,1.29264970719629));
#12873=VECTOR('',#12874,1.);
#12874=DIRECTION('',(2.4168120263949E-16,-1.,1.20840601319745E-16));
#12875=CARTESIAN_POINT('',(38.6,-8.,1.07561197260482));
#12876=CARTESIAN_POINT('',(38.6,-8.,1.07561197260482));
#12877=VECTOR('',#12878,1.);
#12878=DIRECTION('',(0.,0.,1.));
#12879=CARTESIAN_POINT('',(38.6,8.,1.07561197260482));
#12880=CARTESIAN_POINT('',(38.6,8.,1.07561197260482));
#12881=VECTOR('',#12882,1.);
#12882=DIRECTION('',(4.44089209850063E-16,-1.,0.));
#12883=CARTESIAN_POINT('',(38.6,8.00000000000001,1.29264970719629));
#12884=CARTESIAN_POINT('',(38.6,8.,1.07561197260482));
#12885=VECTOR('',#12886,1.);
#12886=DIRECTION('',(0.,0.,1.));
#12887=CARTESIAN_POINT('',(38.6,37.4,1.29264970719629));
#12888=CARTESIAN_POINT('',(38.6,37.4,1.29264970719629));
#12889=VECTOR('',#12890,1.);
#12890=DIRECTION('',(0.,-1.,0.));
#12891=CARTESIAN_POINT('',(38.6,37.4,0.));
#12892=CARTESIAN_POINT('',(38.6,37.4,0.));
#12893=VECTOR('',#12894,1.);
#12894=DIRECTION('',(0.,0.,1.));
#12895=CARTESIAN_POINT('',(38.6,-38.,4.61806672183312E-15));
#12896=CARTESIAN_POINT('',(38.6,37.4,0.));
#12897=VECTOR('',#12898,1.);
#12898=DIRECTION('',(1.88472874206923E-16,-1.,0.));
#12899=CARTESIAN_POINT('',(38.6,-38.,15.));
#12900=CARTESIAN_POINT('',(38.6,-38.,4.61806672183312E-15));
#12901=VECTOR('',#12902,1.);
#12902=DIRECTION('',(0.,0.,1.));
#12903=CARTESIAN_POINT('',(38.6,-40.,15.));
#12904=CARTESIAN_POINT('',(38.6,-40.,15.));
#12905=VECTOR('',#12906,1.);
#12906=DIRECTION('',(0.,1.,0.));
#12907=CARTESIAN_POINT('',(38.6,-40.,0.));
#12908=CARTESIAN_POINT('',(38.6,-40.,0.));
#12909=VECTOR('',#12910,1.);
#12910=DIRECTION('',(0.,0.,1.));
#12911=CARTESIAN_POINT('',(38.6,-40.5,0.));
#12912=CARTESIAN_POINT('',(38.6,-40.,0.));
#12913=VECTOR('',#12914,1.);
#12914=DIRECTION('',(0.,-1.,0.));
#12915=CARTESIAN_POINT('',(38.6,-40.5,2.));
#12916=CARTESIAN_POINT('',(38.6,-40.5,0.));
#12917=VECTOR('',#12918,1.);
#12918=DIRECTION('',(0.,0.,1.));
#12919=CARTESIAN_POINT('',(38.6,-41.25,2.));
#12920=CARTESIAN_POINT('',(38.6,-40.5,2.));
#12921=VECTOR('',#12922,1.);
#12922=DIRECTION('',(0.,-1.,0.));
#12923=CARTESIAN_POINT('',(38.6,-41.25,16.));
#12924=CARTESIAN_POINT('',(38.6,-41.25,2.));
#12925=VECTOR('',#12926,1.);
#12926=DIRECTION('',(0.,0.,1.));
#12927=CARTESIAN_POINT('',(38.6,-37.4,16.));
#12928=CARTESIAN_POINT('',(38.6,-41.25,16.));
#12929=VECTOR('',#12930,1.);
#12930=DIRECTION('',(0.,1.,0.));
#12931=CARTESIAN_POINT('',(38.6,-37.4,1.29264970719629));
#12932=VECTOR('',#12933,1.);
#12933=DIRECTION('',(0.,0.,1.));
#12934=CARTESIAN_POINT('',(7.40000000000001,-37.4,16.));
#12935=CARTESIAN_POINT('',(7.4,-37.4,1.29264970719629));
#12936=CARTESIAN_POINT('',(7.4,-37.4,16.));
#12937=VECTOR('',#12938,1.);
#12938=DIRECTION('',(0.,0.,-1.));
#12939=CARTESIAN_POINT('',(7.4,-41.25,16.));
#12940=CARTESIAN_POINT('',(7.4,-37.4,16.));
#12941=VECTOR('',#12942,1.);
#12942=DIRECTION('',(-9.22782773714414E-16,-1.,0.));
#12943=CARTESIAN_POINT('',(7.40000000000001,-41.25,2.));
#12944=CARTESIAN_POINT('',(7.4,-41.25,16.));
#12945=VECTOR('',#12946,1.);
#12946=DIRECTION('',(3.80647894157197E-16,0.,-1.));
#12947=CARTESIAN_POINT('',(7.4,-40.5,2.));
#12948=CARTESIAN_POINT('',(7.40000000000001,-40.5,2.));
#12949=VECTOR('',#12950,1.);
#12950=DIRECTION('',(0.,-1.,0.));
#12951=CARTESIAN_POINT('',(7.4,-40.5,0.));
#12952=CARTESIAN_POINT('',(7.4,-40.5,0.));
#12953=VECTOR('',#12954,1.);
#12954=DIRECTION('',(0.,0.,1.));
#12955=CARTESIAN_POINT('',(7.4,-40.,0.));
#12956=CARTESIAN_POINT('',(7.4,-40.5,0.));
#12957=VECTOR('',#12958,1.);
#12958=DIRECTION('',(0.,1.,0.));
#12959=CARTESIAN_POINT('',(7.4,-40.,15.));
#12960=CARTESIAN_POINT('',(7.4,-40.,0.));
#12961=VECTOR('',#12962,1.);
#12962=DIRECTION('',(0.,0.,1.));
#12963=CARTESIAN_POINT('',(7.4,-38.,15.));
#12964=CARTESIAN_POINT('',(7.4,-40.,15.));
#12965=VECTOR('',#12966,1.);
#12966=DIRECTION('',(0.,1.,0.));
#12967=CARTESIAN_POINT('',(7.4,-38.,6.67877134592266E-16));
#12968=CARTESIAN_POINT('',(7.4,-38.,15.));
#12969=VECTOR('',#12970,1.);
#12970=DIRECTION('',(0.,0.,-1.));
#12971=CARTESIAN_POINT('',(7.4,37.4,0.));
#12972=CARTESIAN_POINT('',(7.4,-38.,0.));
#12973=VECTOR('',#12974,1.);
#12974=DIRECTION('',(2.35591092758654E-17,1.,0.));
#12975=CARTESIAN_POINT('',(7.4,37.4,1.29264970719628));
#12976=CARTESIAN_POINT('',(7.4,37.4,0.));
#12977=VECTOR('',#12978,1.);
#12978=DIRECTION('',(0.,0.,1.));
#12979=CARTESIAN_POINT('',(7.4,37.4,1.29264970719629));
#12980=VECTOR('',#12981,1.);
#12981=DIRECTION('',(-1.18740430441193E-17,-1.,4.74961721764773E-17));
#12982=CARTESIAN_POINT('',(15.6,37.4,1.29264970719629));
#12983=CARTESIAN_POINT('',(15.6,-37.4,1.29264970719629));
#12984=CARTESIAN_POINT('',(15.6,37.4,1.29264970719629));
#12985=VECTOR('',#12986,1.);
#12986=DIRECTION('',(9.49923443529546E-17,-1.,2.37480860882386E-17));
#12987=CARTESIAN_POINT('',(15.6,37.4,0.));
#12988=CARTESIAN_POINT('',(15.6,37.4,0.));
#12989=VECTOR('',#12990,1.);
#12990=DIRECTION('',(0.,0.,1.));
#12991=CARTESIAN_POINT('',(15.6,-38.,1.79429838410649E-15));
#12992=CARTESIAN_POINT('',(15.6,37.4,0.));
#12993=VECTOR('',#12994,1.);
#12994=DIRECTION('',(-2.35591092758654E-17,-1.,0.));
#12995=CARTESIAN_POINT('',(15.6,-38.,15.));
#12996=CARTESIAN_POINT('',(15.6,-38.,1.79429838410649E-15));
#12997=VECTOR('',#12998,1.);
#12998=DIRECTION('',(0.,0.,1.));
#12999=CARTESIAN_POINT('',(15.6,-40.,15.));
#13000=CARTESIAN_POINT('',(15.6,-40.,15.));
#13001=VECTOR('',#13002,1.);
#13002=DIRECTION('',(0.,1.,0.));
#13003=CARTESIAN_POINT('',(15.6,-40.,0.));
#13004=CARTESIAN_POINT('',(15.6,-40.,0.));
#13005=VECTOR('',#13006,1.);
#13006=DIRECTION('',(0.,0.,1.));
#13007=CARTESIAN_POINT('',(15.6,-40.5,0.));
#13008=CARTESIAN_POINT('',(15.6,-40.,0.));
#13009=VECTOR('',#13010,1.);
#13010=DIRECTION('',(0.,-1.,0.));
#13011=CARTESIAN_POINT('',(15.6,-40.5,2.));
#13012=CARTESIAN_POINT('',(15.6,-40.5,0.));
#13013=VECTOR('',#13014,1.);
#13014=DIRECTION('',(0.,0.,1.));
#13015=CARTESIAN_POINT('',(15.6,-41.25,2.));
#13016=CARTESIAN_POINT('',(15.6,-40.5,2.));
#13017=VECTOR('',#13018,1.);
#13018=DIRECTION('',(0.,-1.,0.));
#13019=CARTESIAN_POINT('',(15.6,-41.25,16.));
#13020=CARTESIAN_POINT('',(15.6,-41.25,2.));
#13021=VECTOR('',#13022,1.);
#13022=DIRECTION('',(-2.53765262771464E-16,0.,1.));
#13023=CARTESIAN_POINT('',(15.6,-37.4,16.));
#13024=CARTESIAN_POINT('',(15.6,-41.25,16.));
#13025=VECTOR('',#13026,1.);
#13026=DIRECTION('',(1.84556554742883E-15,1.,0.));
#13027=CARTESIAN_POINT('',(15.6,-37.4,1.29264970719629));
#13028=VECTOR('',#13029,1.);
#13029=DIRECTION('',(0.,0.,1.));
#13030=CARTESIAN_POINT('',(-15.6,-37.4,16.));
#13031=CARTESIAN_POINT('',(-15.6,-37.4,1.29264970719629));
#13032=CARTESIAN_POINT('',(-15.6,-37.4,16.));
#13033=VECTOR('',#13034,1.);
#13034=DIRECTION('',(0.,0.,-1.));
#13035=CARTESIAN_POINT('',(-15.6,-41.25,16.));
#13036=CARTESIAN_POINT('',(-15.6,-37.4,16.));
#13037=VECTOR('',#13038,1.);
#13038=DIRECTION('',(0.,-1.,0.));
#13039=CARTESIAN_POINT('',(-15.6,-41.25,2.));
#13040=CARTESIAN_POINT('',(-15.6,-41.25,16.));
#13041=VECTOR('',#13042,1.);
#13042=DIRECTION('',(2.53765262771464E-16,0.,-1.));
#13043=CARTESIAN_POINT('',(-15.6,-40.5,2.));
#13044=CARTESIAN_POINT('',(-15.6,-40.5,2.));
#13045=VECTOR('',#13046,1.);
#13046=DIRECTION('',(0.,-1.,0.));
#13047=CARTESIAN_POINT('',(-15.6,-40.5,0.));
#13048=CARTESIAN_POINT('',(-15.6,-40.5,0.));
#13049=VECTOR('',#13050,1.);
#13050=DIRECTION('',(0.,0.,1.));
#13051=CARTESIAN_POINT('',(-15.6,-40.,0.));
#13052=CARTESIAN_POINT('',(-15.6,-40.5,0.));
#13053=VECTOR('',#13054,1.);
#13054=DIRECTION('',(0.,1.,0.));
#13055=CARTESIAN_POINT('',(-15.6,-40.,15.));
#13056=CARTESIAN_POINT('',(-15.6,-40.,0.));
#13057=VECTOR('',#13058,1.);
#13058=DIRECTION('',(0.,0.,1.));
#13059=CARTESIAN_POINT('',(-15.6,-38.,15.));
#13060=CARTESIAN_POINT('',(-15.6,-40.,15.));
#13061=VECTOR('',#13062,1.);
#13062=DIRECTION('',(0.,1.,0.));
#13063=CARTESIAN_POINT('',(-15.6,-38.,-1.92280891143621E-15));
#13064=CARTESIAN_POINT('',(-15.6,-38.,15.));
#13065=VECTOR('',#13066,1.);
#13066=DIRECTION('',(0.,0.,-1.));
#13067=CARTESIAN_POINT('',(-15.6,37.4,0.));
#13068=CARTESIAN_POINT('',(-15.6,-38.,0.));
#13069=VECTOR('',#13070,1.);
#13070=DIRECTION('',(-2.35591092758654E-17,1.,0.));
#13071=CARTESIAN_POINT('',(-15.6,37.4,1.29264970719629));
#13072=CARTESIAN_POINT('',(-15.6,37.4,0.));
#13073=VECTOR('',#13074,1.);
#13074=DIRECTION('',(0.,0.,1.));
#13075=CARTESIAN_POINT('',(-15.6,37.4,1.29264970719629));
#13076=VECTOR('',#13077,1.);
#13077=DIRECTION('',(0.,-1.,4.74961721764773E-17));
#13078=CARTESIAN_POINT('',(-38.6,-37.4,16.));
#13079=CARTESIAN_POINT('',(-38.6,-37.4,1.29264970719629));
#13080=CARTESIAN_POINT('',(-38.6,-37.4,16.));
#13081=VECTOR('',#13082,1.);
#13082=DIRECTION('',(0.,0.,-1.));
#13083=CARTESIAN_POINT('',(-38.6,-41.25,16.));
#13084=CARTESIAN_POINT('',(-38.6,-37.4,16.));
#13085=VECTOR('',#13086,1.);
#13086=DIRECTION('',(0.,-1.,0.));
#13087=CARTESIAN_POINT('',(-38.6,-41.25,2.));
#13088=CARTESIAN_POINT('',(-38.6,-41.25,16.));
#13089=VECTOR('',#13090,1.);
#13090=DIRECTION('',(0.,0.,-1.));
#13091=CARTESIAN_POINT('',(-38.6,-40.5,2.));
#13092=CARTESIAN_POINT('',(-38.6,-40.5,2.));
#13093=VECTOR('',#13094,1.);
#13094=DIRECTION('',(0.,-1.,0.));
#13095=CARTESIAN_POINT('',(-38.6,-40.5,0.));
#13096=CARTESIAN_POINT('',(-38.6,-40.5,0.));
#13097=VECTOR('',#13098,1.);
#13098=DIRECTION('',(0.,0.,1.));
#13099=CARTESIAN_POINT('',(-38.6,-40.,0.));
#13100=CARTESIAN_POINT('',(-38.6,-40.5,0.));
#13101=VECTOR('',#13102,1.);
#13102=DIRECTION('',(0.,1.,0.));
#13103=CARTESIAN_POINT('',(-38.6,-40.,15.));
#13104=CARTESIAN_POINT('',(-38.6,-40.,0.));
#13105=VECTOR('',#13106,1.);
#13106=DIRECTION('',(0.,0.,1.));
#13107=CARTESIAN_POINT('',(-38.6,-38.,15.));
#13108=CARTESIAN_POINT('',(-38.6,-40.,15.));
#13109=VECTOR('',#13110,1.);
#13110=DIRECTION('',(0.,1.,0.));
#13111=CARTESIAN_POINT('',(-38.6,-38.,-4.82325116729962E-15));
#13112=CARTESIAN_POINT('',(-38.6,-38.,15.));
#13113=VECTOR('',#13114,1.);
#13114=DIRECTION('',(0.,0.,-1.));
#13115=CARTESIAN_POINT('',(-38.6,37.4,0.));
#13116=CARTESIAN_POINT('',(-38.6,-38.,0.));
#13117=VECTOR('',#13118,1.);
#13118=DIRECTION('',(0.,1.,0.));
#13119=CARTESIAN_POINT('',(-38.6,37.4,1.29264970719629));
#13120=CARTESIAN_POINT('',(-38.6,37.4,0.));
#13121=VECTOR('',#13122,1.);
#13122=DIRECTION('',(0.,0.,1.));
#13123=CARTESIAN_POINT('',(-38.6,8.,1.29264970719629));
#13124=CARTESIAN_POINT('',(-38.6,37.4,1.29264970719629));
#13125=VECTOR('',#13126,1.);
#13126=DIRECTION('',(0.,-1.,0.));
#13127=CARTESIAN_POINT('',(-38.6,7.99999999999999,1.22214559413006));
#13128=CARTESIAN_POINT('',(-38.6,8.,1.29264970719629));
#13129=VECTOR('',#13130,1.);
#13130=DIRECTION('',(0.,0.,-1.));
#13131=CARTESIAN_POINT('',(-38.6,-8.,1.22214559413006));
#13132=CARTESIAN_POINT('',(-38.6,8.,1.22214559413006));
#13133=VECTOR('',#13134,1.);
#13134=DIRECTION('',(0.,-1.,0.));
#13135=CARTESIAN_POINT('',(-38.6,-8.,1.29264970719629));
#13136=CARTESIAN_POINT('',(-38.6,-8.,1.29264970719629));
#13137=VECTOR('',#13138,1.);
#13138=DIRECTION('',(0.,0.,-1.));
#13139=CARTESIAN_POINT('',(-38.6,-7.99999999999998,1.29264970719629));
#13140=VECTOR('',#13141,1.);
#13141=DIRECTION('',(0.,-1.,1.20840601319745E-16));
#13142=CARTESIAN_POINT('',(-30.4,37.4,1.29264970719629));
#13143=CARTESIAN_POINT('',(-30.4,-37.4,1.29264970719629));
#13144=CARTESIAN_POINT('',(-30.4,37.4,1.29264970719629));
#13145=VECTOR('',#13146,1.);
#13146=DIRECTION('',(4.74961721764773E-17,-1.,0.));
#13147=CARTESIAN_POINT('',(-30.4,37.4,0.));
#13148=CARTESIAN_POINT('',(-30.4,37.4,0.));
#13149=VECTOR('',#13150,1.);
#13150=DIRECTION('',(0.,0.,1.));
#13151=CARTESIAN_POINT('',(-30.4,-38.,-3.79113613858445E-15));
#13152=CARTESIAN_POINT('',(-30.4,37.4,0.));
#13153=VECTOR('',#13154,1.);
#13154=DIRECTION('',(0.,-1.,0.));
#13155=CARTESIAN_POINT('',(-30.4,-38.,15.));
#13156=CARTESIAN_POINT('',(-30.4,-38.,-3.79113613858445E-15));
#13157=VECTOR('',#13158,1.);
#13158=DIRECTION('',(0.,0.,1.));
#13159=CARTESIAN_POINT('',(-30.4,-40.,15.));
#13160=CARTESIAN_POINT('',(-30.4,-40.,15.));
#13161=VECTOR('',#13162,1.);
#13162=DIRECTION('',(0.,1.,8.88178419700128E-16));
#13163=CARTESIAN_POINT('',(-30.4,-40.,0.));
#13164=CARTESIAN_POINT('',(-30.4,-40.,0.));
#13165=VECTOR('',#13166,1.);
#13166=DIRECTION('',(0.,0.,1.));
#13167=CARTESIAN_POINT('',(-30.4,-40.5,0.));
#13168=CARTESIAN_POINT('',(-30.4,-40.,0.));
#13169=VECTOR('',#13170,1.);
#13170=DIRECTION('',(0.,-1.,0.));
#13171=CARTESIAN_POINT('',(-30.4,-40.5,2.));
#13172=CARTESIAN_POINT('',(-30.4,-40.5,0.));
#13173=VECTOR('',#13174,1.);
#13174=DIRECTION('',(0.,0.,1.));
#13175=CARTESIAN_POINT('',(-30.4,-41.25,2.));
#13176=CARTESIAN_POINT('',(-30.4,-40.5,2.));
#13177=VECTOR('',#13178,1.);
#13178=DIRECTION('',(0.,-1.,0.));
#13179=CARTESIAN_POINT('',(-30.4,-41.25,16.));
#13180=CARTESIAN_POINT('',(-30.4,-41.25,2.));
#13181=VECTOR('',#13182,1.);
#13182=DIRECTION('',(-5.07530525542929E-16,0.,1.));
#13183=CARTESIAN_POINT('',(-30.4,-37.4,16.));
#13184=CARTESIAN_POINT('',(-30.4,-41.25,16.));
#13185=VECTOR('',#13186,1.);
#13186=DIRECTION('',(1.84556554742883E-15,1.,0.));
#13187=CARTESIAN_POINT('',(-30.4,-37.4,1.29264970719629));
#13188=VECTOR('',#13189,1.);
#13189=DIRECTION('',(0.,0.,1.));
#13190=CARTESIAN_POINT('',(38.599999836766,38.,15.));
#13191=CARTESIAN_POINT('',(38.5999997823546,38.,4.6));
#13192=CARTESIAN_POINT('',(38.599999836766,38.,15.));
#13193=VECTOR('',#13194,1.);
#13194=DIRECTION('',(0.,0.,-1.));
#13195=CARTESIAN_POINT('',(38.5999997823546,37.4,4.6));
#13196=CARTESIAN_POINT('',(38.599999836766,37.4,4.6));
#13197=VECTOR('',#13198,1.);
#13198=DIRECTION('',(0.,1.,0.));
#13199=CARTESIAN_POINT('',(38.5999998911773,37.4,16.));
#13200=CARTESIAN_POINT('',(38.599999836766,37.4,4.6));
#13201=VECTOR('',#13202,1.);
#13202=DIRECTION('',(1.43187761842343E-8,0.,1.));
#13203=CARTESIAN_POINT('',(38.6,41.25,16.));
#13204=CARTESIAN_POINT('',(38.6,37.4,16.));
#13205=VECTOR('',#13206,1.);
#13206=DIRECTION('',(0.,1.,0.));
#13207=CARTESIAN_POINT('',(38.6,41.25,2.));
#13208=CARTESIAN_POINT('',(38.6,41.25,2.));
#13209=VECTOR('',#13210,1.);
#13210=DIRECTION('',(5.07530525542929E-16,0.,1.));
#13211=CARTESIAN_POINT('',(38.6,40.5,2.));
#13212=CARTESIAN_POINT('',(38.6,41.25,2.));
#13213=VECTOR('',#13214,1.);
#13214=DIRECTION('',(0.,-1.,0.));
#13215=CARTESIAN_POINT('',(38.6,40.5,0.));
#13216=CARTESIAN_POINT('',(38.6,40.5,0.));
#13217=VECTOR('',#13218,1.);
#13218=DIRECTION('',(0.,0.,1.));
#13219=CARTESIAN_POINT('',(38.6,40.,0.));
#13220=CARTESIAN_POINT('',(38.6,40.5,0.));
#13221=VECTOR('',#13222,1.);
#13222=DIRECTION('',(0.,-1.,0.));
#13223=CARTESIAN_POINT('',(38.6,40.,15.));
#13224=CARTESIAN_POINT('',(38.6,40.,0.));
#13225=VECTOR('',#13226,1.);
#13226=DIRECTION('',(0.,0.,1.));
#13227=CARTESIAN_POINT('',(38.6,38.,15.));
#13228=VECTOR('',#13229,1.);
#13229=DIRECTION('',(0.,1.,0.));
#13230=CARTESIAN_POINT('',(30.4,37.4,4.6));
#13231=CARTESIAN_POINT('',(30.4,37.4,16.));
#13232=CARTESIAN_POINT('',(30.4,37.4,16.));
#13233=VECTOR('',#13234,1.);
#13234=DIRECTION('',(0.,0.,-1.));
#13235=CARTESIAN_POINT('',(30.4,38.,4.6));
#13236=CARTESIAN_POINT('',(30.4,37.4,4.6));
#13237=VECTOR('',#13238,1.);
#13238=DIRECTION('',(0.,1.,0.));
#13239=CARTESIAN_POINT('',(30.4,38.,15.));
#13240=CARTESIAN_POINT('',(30.4,38.,4.6));
#13241=VECTOR('',#13242,1.);
#13242=DIRECTION('',(0.,0.,1.));
#13243=CARTESIAN_POINT('',(30.4,40.,15.));
#13244=CARTESIAN_POINT('',(30.4,38.,15.));
#13245=VECTOR('',#13246,1.);
#13246=DIRECTION('',(0.,1.,0.));
#13247=CARTESIAN_POINT('',(30.4,40.,0.));
#13248=CARTESIAN_POINT('',(30.4,40.,0.));
#13249=VECTOR('',#13250,1.);
#13250=DIRECTION('',(0.,0.,1.));
#13251=CARTESIAN_POINT('',(30.4,40.5,0.));
#13252=CARTESIAN_POINT('',(30.4,40.,0.));
#13253=VECTOR('',#13254,1.);
#13254=DIRECTION('',(0.,1.,0.));
#13255=CARTESIAN_POINT('',(30.4,40.5,2.));
#13256=CARTESIAN_POINT('',(30.4,40.5,0.));
#13257=VECTOR('',#13258,1.);
#13258=DIRECTION('',(0.,0.,1.));
#13259=CARTESIAN_POINT('',(30.4,41.25,2.));
#13260=CARTESIAN_POINT('',(30.4,41.25,2.));
#13261=VECTOR('',#13262,1.);
#13262=DIRECTION('',(0.,-1.,0.));
#13263=CARTESIAN_POINT('',(30.4,41.25,16.));
#13264=CARTESIAN_POINT('',(30.4,41.25,16.));
#13265=VECTOR('',#13266,1.);
#13266=DIRECTION('',(2.53765262771464E-16,0.,-1.));
#13267=CARTESIAN_POINT('',(30.4,41.25,16.));
#13268=VECTOR('',#13269,1.);
#13269=DIRECTION('',(0.,-1.,0.));
#13270=CARTESIAN_POINT('',(15.6,41.25,16.));
#13271=CARTESIAN_POINT('',(15.6,37.4,16.));
#13272=CARTESIAN_POINT('',(15.6,37.4,16.));
#13273=VECTOR('',#13274,1.);
#13274=DIRECTION('',(0.,1.,0.));
#13275=CARTESIAN_POINT('',(15.6,41.25,2.));
#13276=CARTESIAN_POINT('',(15.6,41.25,2.));
#13277=VECTOR('',#13278,1.);
#13278=DIRECTION('',(1.26882631385732E-16,0.,1.));
#13279=CARTESIAN_POINT('',(15.6,40.5,2.));
#13280=CARTESIAN_POINT('',(15.6,41.25,2.));
#13281=VECTOR('',#13282,1.);
#13282=DIRECTION('',(0.,-1.,0.));
#13283=CARTESIAN_POINT('',(15.6,40.5,0.));
#13284=CARTESIAN_POINT('',(15.6,40.5,0.));
#13285=VECTOR('',#13286,1.);
#13286=DIRECTION('',(0.,0.,1.));
#13287=CARTESIAN_POINT('',(15.6,40.,0.));
#13288=CARTESIAN_POINT('',(15.6,40.5,0.));
#13289=VECTOR('',#13290,1.);
#13290=DIRECTION('',(0.,-1.,0.));
#13291=CARTESIAN_POINT('',(15.6,40.,15.));
#13292=CARTESIAN_POINT('',(15.6,40.,0.));
#13293=VECTOR('',#13294,1.);
#13294=DIRECTION('',(0.,0.,1.));
#13295=CARTESIAN_POINT('',(15.6,38.,15.));
#13296=CARTESIAN_POINT('',(15.6,38.,15.));
#13297=VECTOR('',#13298,1.);
#13298=DIRECTION('',(0.,1.,0.));
#13299=CARTESIAN_POINT('',(15.6,38.,4.6));
#13300=CARTESIAN_POINT('',(15.6,38.,15.));
#13301=VECTOR('',#13302,1.);
#13302=DIRECTION('',(1.70803542250024E-16,0.,-1.));
#13303=CARTESIAN_POINT('',(15.6,37.4,4.6));
#13304=CARTESIAN_POINT('',(15.6,37.4,4.6));
#13305=VECTOR('',#13306,1.);
#13306=DIRECTION('',(0.,1.,0.));
#13307=CARTESIAN_POINT('',(15.6,37.4,4.6));
#13308=VECTOR('',#13309,1.);
#13309=DIRECTION('',(-3.11641550771974E-16,0.,1.));
#13310=CARTESIAN_POINT('',(7.4,37.4,4.6));
#13311=CARTESIAN_POINT('',(7.4,37.4,16.));
#13312=CARTESIAN_POINT('',(7.4,37.4,16.));
#13313=VECTOR('',#13314,1.);
#13314=DIRECTION('',(-7.79103876929934E-17,0.,-1.));
#13315=CARTESIAN_POINT('',(7.4,38.,4.6));
#13316=CARTESIAN_POINT('',(7.4,37.4,4.6));
#13317=VECTOR('',#13318,1.);
#13318=DIRECTION('',(0.,1.,0.));
#13319=CARTESIAN_POINT('',(7.4,38.,15.));
#13320=CARTESIAN_POINT('',(7.4,38.,4.6));
#13321=VECTOR('',#13322,1.);
#13322=DIRECTION('',(8.5401771125012E-17,0.,1.));
#13323=CARTESIAN_POINT('',(7.4,40.,15.));
#13324=CARTESIAN_POINT('',(7.4,38.,15.));
#13325=VECTOR('',#13326,1.);
#13326=DIRECTION('',(0.,1.,0.));
#13327=CARTESIAN_POINT('',(7.40000000000001,40.,0.));
#13328=CARTESIAN_POINT('',(7.40000000000001,40.,0.));
#13329=VECTOR('',#13330,1.);
#13330=DIRECTION('',(0.,0.,1.));
#13331=CARTESIAN_POINT('',(7.40000000000001,40.5,0.));
#13332=CARTESIAN_POINT('',(7.40000000000001,40.,0.));
#13333=VECTOR('',#13334,1.);
#13334=DIRECTION('',(0.,1.,0.));
#13335=CARTESIAN_POINT('',(7.4,40.5,2.));
#13336=CARTESIAN_POINT('',(7.40000000000001,40.5,0.));
#13337=VECTOR('',#13338,1.);
#13338=DIRECTION('',(0.,0.,1.));
#13339=CARTESIAN_POINT('',(7.4,41.25,2.));
#13340=CARTESIAN_POINT('',(7.4,41.25,2.));
#13341=VECTOR('',#13342,1.);
#13342=DIRECTION('',(0.,-1.,0.));
#13343=CARTESIAN_POINT('',(7.39999999999999,41.25,16.));
#13344=CARTESIAN_POINT('',(7.4,41.25,16.));
#13345=VECTOR('',#13346,1.);
#13346=DIRECTION('',(0.,0.,-1.));
#13347=CARTESIAN_POINT('',(7.4,41.25,16.));
#13348=VECTOR('',#13349,1.);
#13349=DIRECTION('',(0.,-1.,0.));
#13350=CARTESIAN_POINT('',(-15.6,37.4,4.6));
#13351=CARTESIAN_POINT('',(-15.6,37.4,16.));
#13352=CARTESIAN_POINT('',(-15.6,37.4,16.));
#13353=VECTOR('',#13354,1.);
#13354=DIRECTION('',(0.,0.,-1.));
#13355=CARTESIAN_POINT('',(-15.6,38.,4.6));
#13356=CARTESIAN_POINT('',(-15.6,37.4,4.6));
#13357=VECTOR('',#13358,1.);
#13358=DIRECTION('',(0.,1.,0.));
#13359=CARTESIAN_POINT('',(-15.6,38.,15.));
#13360=CARTESIAN_POINT('',(-15.6,38.,4.6));
#13361=VECTOR('',#13362,1.);
#13362=DIRECTION('',(0.,0.,1.));
#13363=CARTESIAN_POINT('',(-15.6,40.,15.));
#13364=CARTESIAN_POINT('',(-15.6,38.,15.));
#13365=VECTOR('',#13366,1.);
#13366=DIRECTION('',(0.,1.,0.));
#13367=CARTESIAN_POINT('',(-15.6,40.,0.));
#13368=CARTESIAN_POINT('',(-15.6,40.,0.));
#13369=VECTOR('',#13370,1.);
#13370=DIRECTION('',(0.,0.,1.));
#13371=CARTESIAN_POINT('',(-15.6,40.5,0.));
#13372=CARTESIAN_POINT('',(-15.6,40.,0.));
#13373=VECTOR('',#13374,1.);
#13374=DIRECTION('',(0.,1.,0.));
#13375=CARTESIAN_POINT('',(-15.6,40.5,2.));
#13376=CARTESIAN_POINT('',(-15.6,40.5,0.));
#13377=VECTOR('',#13378,1.);
#13378=DIRECTION('',(0.,0.,1.));
#13379=CARTESIAN_POINT('',(-15.6,41.25,2.));
#13380=CARTESIAN_POINT('',(-15.6,41.25,2.));
#13381=VECTOR('',#13382,1.);
#13382=DIRECTION('',(0.,-1.,0.));
#13383=CARTESIAN_POINT('',(-15.6,41.25,16.));
#13384=CARTESIAN_POINT('',(-15.6,41.25,16.));
#13385=VECTOR('',#13386,1.);
#13386=DIRECTION('',(0.,0.,-1.));
#13387=CARTESIAN_POINT('',(-15.6,41.25,16.));
#13388=VECTOR('',#13389,1.);
#13389=DIRECTION('',(0.,-1.,0.));
#13390=CARTESIAN_POINT('',(-30.400000163234,38.,15.));
#13391=CARTESIAN_POINT('',(-30.4000002176454,38.,4.6));
#13392=CARTESIAN_POINT('',(-30.400000163234,38.,15.));
#13393=VECTOR('',#13394,1.);
#13394=DIRECTION('',(0.,0.,-1.));
#13395=CARTESIAN_POINT('',(-30.4000002176454,37.4,4.6));
#13396=CARTESIAN_POINT('',(-30.400000163234,37.4,4.6));
#13397=VECTOR('',#13398,1.);
#13398=DIRECTION('',(0.,1.,0.));
#13399=CARTESIAN_POINT('',(-30.4000001088227,37.4,16.));
#13400=CARTESIAN_POINT('',(-30.400000163234,37.4,4.6));
#13401=VECTOR('',#13402,1.);
#13402=DIRECTION('',(1.43187758725928E-8,0.,1.));
#13403=CARTESIAN_POINT('',(-30.4,41.25,16.));
#13404=CARTESIAN_POINT('',(-30.4,37.4,16.));
#13405=VECTOR('',#13406,1.);
#13406=DIRECTION('',(0.,1.,0.));
#13407=CARTESIAN_POINT('',(-30.4,41.25,2.));
#13408=CARTESIAN_POINT('',(-30.4,41.25,2.));
#13409=VECTOR('',#13410,1.);
#13410=DIRECTION('',(-2.53765262771464E-16,0.,1.));
#13411=CARTESIAN_POINT('',(-30.4,40.5,2.));
#13412=CARTESIAN_POINT('',(-30.4,41.25,2.));
#13413=VECTOR('',#13414,1.);
#13414=DIRECTION('',(0.,-1.,0.));
#13415=CARTESIAN_POINT('',(-30.4,40.5,0.));
#13416=CARTESIAN_POINT('',(-30.4,40.5,0.));
#13417=VECTOR('',#13418,1.);
#13418=DIRECTION('',(0.,0.,1.));
#13419=CARTESIAN_POINT('',(-30.4,40.,0.));
#13420=CARTESIAN_POINT('',(-30.4,40.5,0.));
#13421=VECTOR('',#13422,1.);
#13422=DIRECTION('',(0.,-1.,0.));
#13423=CARTESIAN_POINT('',(-30.4,40.,15.));
#13424=CARTESIAN_POINT('',(-30.4,40.,0.));
#13425=VECTOR('',#13426,1.);
#13426=DIRECTION('',(0.,0.,1.));
#13427=CARTESIAN_POINT('',(-30.4,38.,15.));
#13428=VECTOR('',#13429,1.);
#13429=DIRECTION('',(0.,1.,8.88178419700125E-16));
#13430=CARTESIAN_POINT('',(-38.6,37.4,4.6));
#13431=CARTESIAN_POINT('',(-38.6,37.4,16.));
#13432=CARTESIAN_POINT('',(-38.6,37.4,16.));
#13433=VECTOR('',#13434,1.);
#13434=DIRECTION('',(0.,0.,-1.));
#13435=CARTESIAN_POINT('',(-38.6,38.,4.6));
#13436=CARTESIAN_POINT('',(-38.6,37.4,4.6));
#13437=VECTOR('',#13438,1.);
#13438=DIRECTION('',(0.,1.,0.));
#13439=CARTESIAN_POINT('',(-38.6,38.,15.));
#13440=CARTESIAN_POINT('',(-38.6,38.,4.6));
#13441=VECTOR('',#13442,1.);
#13442=DIRECTION('',(0.,0.,1.));
#13443=CARTESIAN_POINT('',(-38.6,40.,15.));
#13444=CARTESIAN_POINT('',(-38.6,38.,15.));
#13445=VECTOR('',#13446,1.);
#13446=DIRECTION('',(0.,1.,0.));
#13447=CARTESIAN_POINT('',(-38.6,40.,0.));
#13448=CARTESIAN_POINT('',(-38.6,40.,0.));
#13449=VECTOR('',#13450,1.);
#13450=DIRECTION('',(0.,0.,1.));
#13451=CARTESIAN_POINT('',(-38.6,40.5,0.));
#13452=CARTESIAN_POINT('',(-38.6,40.,0.));
#13453=VECTOR('',#13454,1.);
#13454=DIRECTION('',(0.,1.,0.));
#13455=CARTESIAN_POINT('',(-38.6,40.5,2.));
#13456=CARTESIAN_POINT('',(-38.6,40.5,0.));
#13457=VECTOR('',#13458,1.);
#13458=DIRECTION('',(0.,0.,1.));
#13459=CARTESIAN_POINT('',(-38.6,41.25,2.));
#13460=CARTESIAN_POINT('',(-38.6,41.25,2.));
#13461=VECTOR('',#13462,1.);
#13462=DIRECTION('',(0.,-1.,0.));
#13463=CARTESIAN_POINT('',(-38.6,41.25,16.));
#13464=CARTESIAN_POINT('',(-38.6,41.25,16.));
#13465=VECTOR('',#13466,1.);
#13466=DIRECTION('',(-5.07530525542929E-16,0.,-1.));
#13467=CARTESIAN_POINT('',(-38.6,41.25,16.));
#13468=VECTOR('',#13469,1.);
#13469=DIRECTION('',(0.,-1.,0.));
#13470=CARTESIAN_POINT('',(-7.39999999999999,-41.25,16.));
#13471=CARTESIAN_POINT('',(-7.4,-41.25,2.));
#13472=CARTESIAN_POINT('',(-7.4,-41.25,2.));
#13473=VECTOR('',#13474,1.);
#13474=DIRECTION('',(0.,0.,1.));
#13475=CARTESIAN_POINT('',(-7.4,-40.,16.));
#13476=CARTESIAN_POINT('',(-7.4,-41.25,16.));
#13477=VECTOR('',#13478,1.);
#13478=DIRECTION('',(0.,1.,0.));
#13479=CARTESIAN_POINT('',(-7.4,-40.,0.));
#13480=CARTESIAN_POINT('',(-7.4,-40.,0.));
#13481=VECTOR('',#13482,1.);
#13482=DIRECTION('',(0.,0.,1.));
#13483=CARTESIAN_POINT('',(-7.4,-40.5,0.));
#13484=CARTESIAN_POINT('',(-7.4,-40.,0.));
#13485=VECTOR('',#13486,1.);
#13486=DIRECTION('',(0.,-1.,0.));
#13487=CARTESIAN_POINT('',(-7.4,-40.5,2.));
#13488=CARTESIAN_POINT('',(-7.4,-40.5,0.));
#13489=VECTOR('',#13490,1.);
#13490=DIRECTION('',(0.,0.,1.));
#13491=CARTESIAN_POINT('',(-7.4,-40.5,2.));
#13492=VECTOR('',#13493,1.);
#13493=DIRECTION('',(0.,-1.,0.));
#13494=CARTESIAN_POINT('',(-7.40000000000001,41.25,16.));
#13495=CARTESIAN_POINT('',(-7.39999999999999,40.,16.));
#13496=CARTESIAN_POINT('',(-7.4,40.,16.));
#13497=VECTOR('',#13498,1.);
#13498=DIRECTION('',(-5.6843418860808E-15,1.,0.));
#13499=CARTESIAN_POINT('',(-7.40000000000001,41.25,2.));
#13500=CARTESIAN_POINT('',(-7.40000000000001,41.25,2.));
#13501=VECTOR('',#13502,1.);
#13502=DIRECTION('',(0.,0.,1.));
#13503=CARTESIAN_POINT('',(-7.4,40.5,2.));
#13504=CARTESIAN_POINT('',(-7.40000000000001,41.25,2.));
#13505=VECTOR('',#13506,1.);
#13506=DIRECTION('',(0.,-1.,0.));
#13507=CARTESIAN_POINT('',(-7.39999999999999,40.5,0.));
#13508=CARTESIAN_POINT('',(-7.4,40.5,0.));
#13509=VECTOR('',#13510,1.);
#13510=DIRECTION('',(0.,0.,1.));
#13511=CARTESIAN_POINT('',(-7.39999999999999,40.,0.));
#13512=CARTESIAN_POINT('',(-7.4,40.5,0.));
#13513=VECTOR('',#13514,1.);
#13514=DIRECTION('',(0.,-1.,0.));
#13515=CARTESIAN_POINT('',(-7.4,40.,0.));
#13516=VECTOR('',#13517,1.);
#13517=DIRECTION('',(0.,0.,1.));
#13518=CARTESIAN_POINT('',(-8.50000000000001,40.5,2.));
#13519=CARTESIAN_POINT('',(-8.50000000000001,40.5,2.));
#13520=VECTOR('',#13521,1.);
#13521=DIRECTION('',(1.,0.,0.));
#13522=CARTESIAN_POINT('',(-8.50000000000001,41.25,2.));
#13523=CARTESIAN_POINT('',(-8.50000000000001,41.25,2.));
#13524=VECTOR('',#13525,1.);
#13525=DIRECTION('',(1.,0.,0.));
#13526=CARTESIAN_POINT('',(-8.50000000000001,41.25,2.));
#13527=VECTOR('',#13528,1.);
#13528=DIRECTION('',(0.,-1.,0.));
#13529=CARTESIAN_POINT('',(-37.5,40.5,2.));
#13530=CARTESIAN_POINT('',(-38.6,40.5,2.));
#13531=VECTOR('',#13532,1.);
#13532=DIRECTION('',(1.,0.,-1.21115239050018E-15));
#13533=CARTESIAN_POINT('',(-37.5,41.25,2.));
#13534=CARTESIAN_POINT('',(-37.5,41.25,2.));
#13535=VECTOR('',#13536,1.);
#13536=DIRECTION('',(0.,-1.,0.));
#13537=CARTESIAN_POINT('',(-38.6,41.25,2.));
#13538=VECTOR('',#13539,1.);
#13539=DIRECTION('',(1.,0.,-1.21115239050016E-15));
#13540=CARTESIAN_POINT('',(-30.4,40.,15.));
#13541=VECTOR('',#13542,1.);
#13542=DIRECTION('',(-1.,0.,-4.33257765707378E-16));
#13543=CARTESIAN_POINT('',(-30.4000003264681,38.,15.));
#13544=VECTOR('',#13545,1.);
#13545=DIRECTION('',(-1.,0.,-4.33257782956747E-16));
#13546=CARTESIAN_POINT('',(-31.5,40.5,2.));
#13547=CARTESIAN_POINT('',(-31.5,40.5,2.));
#13548=VECTOR('',#13549,1.);
#13549=DIRECTION('',(1.,0.,0.));
#13550=CARTESIAN_POINT('',(-31.5,41.25,2.));
#13551=CARTESIAN_POINT('',(-31.5,41.25,2.));
#13552=VECTOR('',#13553,1.);
#13553=DIRECTION('',(1.,0.,0.));
#13554=CARTESIAN_POINT('',(-31.5,41.25,2.));
#13555=VECTOR('',#13556,1.);
#13556=DIRECTION('',(0.,-1.,0.));
#13557=CARTESIAN_POINT('',(-14.5,40.5,2.));
#13558=CARTESIAN_POINT('',(-15.6,40.5,2.));
#13559=VECTOR('',#13560,1.);
#13560=DIRECTION('',(1.,0.,-1.21115239050018E-15));
#13561=CARTESIAN_POINT('',(-14.5,41.25,2.));
#13562=CARTESIAN_POINT('',(-14.5,41.25,2.));
#13563=VECTOR('',#13564,1.);
#13564=DIRECTION('',(0.,-1.,0.));
#13565=CARTESIAN_POINT('',(-15.6,41.25,2.));
#13566=VECTOR('',#13567,1.);
#13567=DIRECTION('',(1.,0.,-1.21115239050017E-15));
#13568=CARTESIAN_POINT('',(-7.6,40.,15.));
#13569=CARTESIAN_POINT('',(-7.6,40.,15.));
#13570=VECTOR('',#13571,1.);
#13571=DIRECTION('',(-1.,0.,-2.22044604925031E-16));
#13572=CARTESIAN_POINT('',(-7.6,38.,15.));
#13573=CARTESIAN_POINT('',(-7.6,38.,15.));
#13574=VECTOR('',#13575,1.);
#13575=DIRECTION('',(-1.,0.,-4.44089209850063E-16));
#13576=CARTESIAN_POINT('',(-7.6,38.,15.));
#13577=VECTOR('',#13578,1.);
#13578=DIRECTION('',(0.,1.,0.));
#13579=CARTESIAN_POINT('',(-7.6,40.,16.));
#13580=CARTESIAN_POINT('',(-7.6,40.,16.));
#13581=VECTOR('',#13582,1.);
#13582=DIRECTION('',(0.,0.,-1.));
#13583=CARTESIAN_POINT('',(-7.6,38.,16.));
#13584=CARTESIAN_POINT('',(-7.6,38.,16.));
#13585=VECTOR('',#13586,1.);
#13586=DIRECTION('',(0.,0.,-1.));
#13587=CARTESIAN_POINT('',(-7.6,38.,16.));
#13588=VECTOR('',#13589,1.);
#13589=DIRECTION('',(-4.44089209850063E-16,1.,0.));
#13590=CARTESIAN_POINT('',(8.49999999999999,40.5,2.));
#13591=CARTESIAN_POINT('',(7.40000000000001,40.5,2.));
#13592=VECTOR('',#13593,1.);
#13593=DIRECTION('',(1.,0.,0.));
#13594=CARTESIAN_POINT('',(8.49999999999999,41.25,2.));
#13595=CARTESIAN_POINT('',(8.49999999999999,41.25,2.));
#13596=VECTOR('',#13597,1.);
#13597=DIRECTION('',(0.,-1.,0.));
#13598=CARTESIAN_POINT('',(7.4,41.25,2.));
#13599=VECTOR('',#13600,1.);
#13600=DIRECTION('',(1.,0.,0.));
#13601=CARTESIAN_POINT('',(15.6,40.,15.));
#13602=VECTOR('',#13603,1.);
#13603=DIRECTION('',(-1.,0.,-2.16628882853689E-16));
#13604=CARTESIAN_POINT('',(15.6,38.,15.));
#13605=VECTOR('',#13606,1.);
#13606=DIRECTION('',(-1.,0.,-2.16628882853689E-16));
#13607=CARTESIAN_POINT('',(14.5,40.5,2.));
#13608=CARTESIAN_POINT('',(14.5,40.5,2.));
#13609=VECTOR('',#13610,1.);
#13610=DIRECTION('',(1.,0.,1.21115239050017E-15));
#13611=CARTESIAN_POINT('',(14.5,41.25,2.));
#13612=CARTESIAN_POINT('',(14.5,41.25,2.));
#13613=VECTOR('',#13614,1.);
#13614=DIRECTION('',(1.,0.,8.07434927000113E-16));
#13615=CARTESIAN_POINT('',(14.5,41.25,2.));
#13616=VECTOR('',#13617,1.);
#13617=DIRECTION('',(0.,-1.,0.));
#13618=CARTESIAN_POINT('',(31.5,40.5,2.));
#13619=CARTESIAN_POINT('',(30.4,40.5,2.));
#13620=VECTOR('',#13621,1.);
#13621=DIRECTION('',(1.,0.,4.03717463500058E-16));
#13622=CARTESIAN_POINT('',(31.5,41.25,2.));
#13623=CARTESIAN_POINT('',(31.5,41.25,2.));
#13624=VECTOR('',#13625,1.);
#13625=DIRECTION('',(0.,-1.,0.));
#13626=CARTESIAN_POINT('',(30.4,41.25,2.));
#13627=VECTOR('',#13628,1.);
#13628=DIRECTION('',(1.,0.,4.03717463500056E-16));
#13629=CARTESIAN_POINT('',(38.6,40.,15.));
#13630=VECTOR('',#13631,1.);
#13631=DIRECTION('',(-1.,0.,-2.16628882853689E-16));
#13632=CARTESIAN_POINT('',(38.5999996735319,38.,15.));
#13633=VECTOR('',#13634,1.);
#13634=DIRECTION('',(-1.,0.,-2.16628891478374E-16));
#13635=CARTESIAN_POINT('',(37.5,40.5,2.));
#13636=CARTESIAN_POINT('',(37.5,40.5,2.));
#13637=VECTOR('',#13638,1.);
#13638=DIRECTION('',(1.,0.,0.));
#13639=CARTESIAN_POINT('',(37.5,41.25,2.));
#13640=CARTESIAN_POINT('',(37.5,41.25,2.));
#13641=VECTOR('',#13642,1.);
#13642=DIRECTION('',(1.,0.,0.));
#13643=CARTESIAN_POINT('',(37.5,41.25,2.));
#13644=VECTOR('',#13645,1.);
#13645=DIRECTION('',(0.,-1.,0.));
#13646=CARTESIAN_POINT('',(-8.49999999999999,-40.5,2.));
#13647=CARTESIAN_POINT('',(-7.4,-40.5,2.));
#13648=VECTOR('',#13649,1.);
#13649=DIRECTION('',(-1.,0.,0.));
#13650=CARTESIAN_POINT('',(-8.49999999999999,-41.25,2.));
#13651=CARTESIAN_POINT('',(-8.49999999999999,-40.5,2.));
#13652=VECTOR('',#13653,1.);
#13653=DIRECTION('',(0.,-1.,0.));
#13654=CARTESIAN_POINT('',(-8.49999999999999,-41.25,2.));
#13655=VECTOR('',#13656,1.);
#13656=DIRECTION('',(1.,0.,0.));
#13657=CARTESIAN_POINT('',(-7.6,-40.,15.));
#13658=CARTESIAN_POINT('',(-7.6,-40.,16.));
#13659=CARTESIAN_POINT('',(-7.6,-40.,15.));
#13660=VECTOR('',#13661,1.);
#13661=DIRECTION('',(0.,0.,1.));
#13662=CARTESIAN_POINT('',(-7.6,-38.,16.));
#13663=CARTESIAN_POINT('',(-7.6,-40.,16.));
#13664=VECTOR('',#13665,1.);
#13665=DIRECTION('',(0.,1.,0.));
#13666=CARTESIAN_POINT('',(-7.6,-38.,15.));
#13667=CARTESIAN_POINT('',(-7.6,-38.,15.));
#13668=VECTOR('',#13669,1.);
#13669=DIRECTION('',(0.,0.,1.));
#13670=CARTESIAN_POINT('',(-7.6,-40.,15.));
#13671=VECTOR('',#13672,1.);
#13672=DIRECTION('',(0.,1.,0.));
#13673=CARTESIAN_POINT('',(37.5,40.5,4.88958512972418E-15));
#13674=CARTESIAN_POINT('',(37.5,40.5,0.));
#13675=VECTOR('',#13676,1.);
#13676=DIRECTION('',(0.,0.,1.));
#13677=CARTESIAN_POINT('',(37.5,41.25,0.));
#13678=CARTESIAN_POINT('',(37.5,41.25,4.88958512972418E-15));
#13679=VECTOR('',#13680,1.);
#13680=DIRECTION('',(0.,0.,1.));
#13681=CARTESIAN_POINT('',(37.5,41.25,0.));
#13682=VECTOR('',#13683,1.);
#13683=DIRECTION('',(0.,-1.,0.));
#13684=CARTESIAN_POINT('',(31.5,40.5,4.07018299759438E-15));
#13685=CARTESIAN_POINT('',(31.5,40.5,2.));
#13686=VECTOR('',#13687,1.);
#13687=DIRECTION('',(0.,0.,-1.));
#13688=CARTESIAN_POINT('',(31.5,41.25,0.));
#13689=CARTESIAN_POINT('',(31.5,40.5,0.));
#13690=VECTOR('',#13691,1.);
#13691=DIRECTION('',(0.,1.,0.));
#13692=CARTESIAN_POINT('',(31.5,41.25,2.));
#13693=VECTOR('',#13694,1.);
#13694=DIRECTION('',(0.,0.,-1.));
#13695=CARTESIAN_POINT('',(14.5,40.5,1.9076098447332E-15));
#13696=CARTESIAN_POINT('',(14.5,40.5,0.));
#13697=VECTOR('',#13698,1.);
#13698=DIRECTION('',(0.,0.,1.));
#13699=CARTESIAN_POINT('',(14.5,41.25,0.));
#13700=CARTESIAN_POINT('',(14.5,41.25,1.9076098447332E-15));
#13701=VECTOR('',#13702,1.);
#13702=DIRECTION('',(0.,0.,1.));
#13703=CARTESIAN_POINT('',(14.5,41.25,0.));
#13704=VECTOR('',#13705,1.);
#13705=DIRECTION('',(0.,-1.,0.));
#13706=CARTESIAN_POINT('',(8.49999999999999,40.5,1.07252119659472E-15));
#13707=CARTESIAN_POINT('',(8.49999999999999,40.5,2.));
#13708=VECTOR('',#13709,1.);
#13709=DIRECTION('',(0.,0.,-1.));
#13710=CARTESIAN_POINT('',(8.5,41.25,-9.86076131526265E-32));
#13711=CARTESIAN_POINT('',(8.49999999999999,40.5,0.));
#13712=VECTOR('',#13713,1.);
#13713=DIRECTION('',(0.,1.,0.));
#13714=CARTESIAN_POINT('',(8.49999999999999,41.25,2.));
#13715=VECTOR('',#13716,1.);
#13716=DIRECTION('',(0.,0.,-1.));
#13717=CARTESIAN_POINT('',(-8.50000000000001,40.5,-7.75753927885296E-16));
#13718=CARTESIAN_POINT('',(-8.50000000000001,40.5,0.));
#13719=VECTOR('',#13720,1.);
#13720=DIRECTION('',(0.,0.,1.));
#13721=CARTESIAN_POINT('',(-8.50000000000001,41.25,-2.95822839457879E-31));
#13722=CARTESIAN_POINT('',(-8.50000000000001,41.25,-7.75753927885296E-16));
#13723=VECTOR('',#13724,1.);
#13724=DIRECTION('',(0.,0.,1.));
#13725=CARTESIAN_POINT('',(-8.50000000000001,41.25,0.));
#13726=VECTOR('',#13727,1.);
#13727=DIRECTION('',(0.,-1.,0.));
#13728=CARTESIAN_POINT('',(-14.5,40.5,-1.59673608008631E-15));
#13729=CARTESIAN_POINT('',(-14.5,40.5,2.));
#13730=VECTOR('',#13731,1.);
#13731=DIRECTION('',(0.,0.,-1.));
#13732=CARTESIAN_POINT('',(-14.5,41.25,-3.94430452610506E-31));
#13733=CARTESIAN_POINT('',(-14.5,40.5,0.));
#13734=VECTOR('',#13735,1.);
#13735=DIRECTION('',(0.,1.,0.));
#13736=CARTESIAN_POINT('',(-14.5,41.25,2.));
#13737=VECTOR('',#13738,1.);
#13738=DIRECTION('',(0.,0.,-1.));
#13739=CARTESIAN_POINT('',(-31.5,40.5,-3.63841173803759E-15));
#13740=CARTESIAN_POINT('',(-31.5,40.5,0.));
#13741=VECTOR('',#13742,1.);
#13742=DIRECTION('',(0.,0.,1.));
#13743=CARTESIAN_POINT('',(-31.5,41.25,-3.94430452610506E-31));
#13744=CARTESIAN_POINT('',(-31.5,41.25,-3.63841173803759E-15));
#13745=VECTOR('',#13746,1.);
#13746=DIRECTION('',(0.,0.,1.));
#13747=CARTESIAN_POINT('',(-31.5,41.25,0.));
#13748=VECTOR('',#13749,1.);
#13749=DIRECTION('',(0.,-1.,0.));
#13750=CARTESIAN_POINT('',(-37.5,40.5,-4.43543302222667E-15));
#13751=CARTESIAN_POINT('',(-37.5,40.5,2.));
#13752=VECTOR('',#13753,1.);
#13753=DIRECTION('',(0.,0.,-1.));
#13754=CARTESIAN_POINT('',(-37.5,41.25,0.));
#13755=CARTESIAN_POINT('',(-37.5,40.5,0.));
#13756=VECTOR('',#13757,1.);
#13757=DIRECTION('',(0.,1.,0.));
#13758=CARTESIAN_POINT('',(-37.5,41.25,2.));
#13759=VECTOR('',#13760,1.);
#13760=DIRECTION('',(0.,0.,-1.));
#13761=CARTESIAN_POINT('',(-37.5,-40.5,-4.43543302222667E-15));
#13762=CARTESIAN_POINT('',(-37.5,-40.5,2.));
#13763=CARTESIAN_POINT('',(-37.5,-40.5,0.));
#13764=VECTOR('',#13765,1.);
#13765=DIRECTION('',(0.,0.,1.));
#13766=CARTESIAN_POINT('',(-37.5,-41.25,2.));
#13767=CARTESIAN_POINT('',(-37.5,-40.5,2.));
#13768=VECTOR('',#13769,1.);
#13769=DIRECTION('',(0.,-1.,0.));
#13770=CARTESIAN_POINT('',(-37.5,-41.25,0.));
#13771=CARTESIAN_POINT('',(-37.5,-41.25,2.));
#13772=VECTOR('',#13773,1.);
#13773=DIRECTION('',(0.,0.,-1.));
#13774=CARTESIAN_POINT('',(-37.5,-41.25,0.));
#13775=VECTOR('',#13776,1.);
#13776=DIRECTION('',(9.473903143468E-15,1.,0.));
#13777=CARTESIAN_POINT('',(-31.5,-40.5,2.));
#13778=CARTESIAN_POINT('',(-31.5,-40.5,-3.63841173803759E-15));
#13779=CARTESIAN_POINT('',(-31.5,-40.5,2.));
#13780=VECTOR('',#13781,1.);
#13781=DIRECTION('',(0.,0.,-1.));
#13782=CARTESIAN_POINT('',(-31.5,-41.25,3.94430452610506E-31));
#13783=CARTESIAN_POINT('',(-31.5,-40.5,0.));
#13784=VECTOR('',#13785,1.);
#13785=DIRECTION('',(4.736951571734E-15,-1.,0.));
#13786=CARTESIAN_POINT('',(-31.5,-41.25,2.));
#13787=CARTESIAN_POINT('',(-31.5,-41.25,-3.63841173803759E-15));
#13788=VECTOR('',#13789,1.);
#13789=DIRECTION('',(0.,0.,1.));
#13790=CARTESIAN_POINT('',(-31.5,-40.5,2.));
#13791=VECTOR('',#13792,1.);
#13792=DIRECTION('',(0.,-1.,0.));
#13793=CARTESIAN_POINT('',(-14.5,-40.5,-1.59673608008631E-15));
#13794=CARTESIAN_POINT('',(-14.5,-40.5,2.));
#13795=CARTESIAN_POINT('',(-14.5,-40.5,0.));
#13796=VECTOR('',#13797,1.);
#13797=DIRECTION('',(0.,0.,1.));
#13798=CARTESIAN_POINT('',(-14.5,-41.25,2.));
#13799=CARTESIAN_POINT('',(-14.5,-40.5,2.));
#13800=VECTOR('',#13801,1.);
#13801=DIRECTION('',(0.,-1.,0.));
#13802=CARTESIAN_POINT('',(-14.5,-41.25,3.94430452610506E-31));
#13803=CARTESIAN_POINT('',(-14.5,-41.25,2.));
#13804=VECTOR('',#13805,1.);
#13805=DIRECTION('',(0.,0.,-1.));
#13806=CARTESIAN_POINT('',(-14.5,-41.25,0.));
#13807=VECTOR('',#13808,1.);
#13808=DIRECTION('',(0.,1.,0.));
#13809=CARTESIAN_POINT('',(-8.49999999999999,-40.5,-7.75753927885296E-16));
#13810=CARTESIAN_POINT('',(-8.49999999999999,-40.5,2.));
#13811=VECTOR('',#13812,1.);
#13812=DIRECTION('',(0.,0.,-1.));
#13813=CARTESIAN_POINT('',(-8.5,-41.25,2.95822839457879E-31));
#13814=CARTESIAN_POINT('',(-8.49999999999999,-40.5,0.));
#13815=VECTOR('',#13816,1.);
#13816=DIRECTION('',(0.,-1.,0.));
#13817=CARTESIAN_POINT('',(-8.49999999999999,-41.25,-7.75753927885296E-16));
#13818=VECTOR('',#13819,1.);
#13819=DIRECTION('',(0.,0.,1.));
#13820=CARTESIAN_POINT('',(8.50000000000001,-40.5,1.07252119659472E-15));
#13821=CARTESIAN_POINT('',(8.50000000000001,-40.5,2.));
#13822=CARTESIAN_POINT('',(8.50000000000001,-40.5,0.));
#13823=VECTOR('',#13824,1.);
#13824=DIRECTION('',(0.,0.,1.));
#13825=CARTESIAN_POINT('',(8.50000000000001,-41.25,2.));
#13826=CARTESIAN_POINT('',(8.50000000000001,-40.5,2.));
#13827=VECTOR('',#13828,1.);
#13828=DIRECTION('',(0.,-1.,0.));
#13829=CARTESIAN_POINT('',(8.5,-41.25,1.97215226305253E-31));
#13830=CARTESIAN_POINT('',(8.50000000000001,-41.25,2.));
#13831=VECTOR('',#13832,1.);
#13832=DIRECTION('',(0.,0.,-1.));
#13833=CARTESIAN_POINT('',(8.50000000000001,-41.25,0.));
#13834=VECTOR('',#13835,1.);
#13835=DIRECTION('',(0.,1.,0.));
#13836=CARTESIAN_POINT('',(14.5,-40.5,2.));
#13837=CARTESIAN_POINT('',(14.5,-40.5,1.9076098447332E-15));
#13838=CARTESIAN_POINT('',(14.5,-40.5,2.));
#13839=VECTOR('',#13840,1.);
#13840=DIRECTION('',(0.,0.,-1.));
#13841=CARTESIAN_POINT('',(14.5,-41.25,1.97215226305253E-31));
#13842=CARTESIAN_POINT('',(14.5,-40.5,0.));
#13843=VECTOR('',#13844,1.);
#13844=DIRECTION('',(0.,-1.,0.));
#13845=CARTESIAN_POINT('',(14.5,-41.25,2.));
#13846=CARTESIAN_POINT('',(14.5,-41.25,1.9076098447332E-15));
#13847=VECTOR('',#13848,1.);
#13848=DIRECTION('',(0.,0.,1.));
#13849=CARTESIAN_POINT('',(14.5,-40.5,2.));
#13850=VECTOR('',#13851,1.);
#13851=DIRECTION('',(0.,-1.,0.));
#13852=CARTESIAN_POINT('',(31.5,-40.5,4.07018299759438E-15));
#13853=CARTESIAN_POINT('',(31.5,-40.5,2.));
#13854=CARTESIAN_POINT('',(31.5,-40.5,0.));
#13855=VECTOR('',#13856,1.);
#13856=DIRECTION('',(0.,0.,1.));
#13857=CARTESIAN_POINT('',(31.5,-41.25,2.));
#13858=CARTESIAN_POINT('',(31.5,-40.5,2.));
#13859=VECTOR('',#13860,1.);
#13860=DIRECTION('',(0.,-1.,0.));
#13861=CARTESIAN_POINT('',(31.5,-41.25,0.));
#13862=CARTESIAN_POINT('',(31.5,-41.25,2.));
#13863=VECTOR('',#13864,1.);
#13864=DIRECTION('',(0.,0.,-1.));
#13865=CARTESIAN_POINT('',(31.5,-41.25,0.));
#13866=VECTOR('',#13867,1.);
#13867=DIRECTION('',(-4.736951571734E-15,1.,0.));
#13868=CARTESIAN_POINT('',(37.5,-40.5,2.));
#13869=CARTESIAN_POINT('',(37.5,-40.5,4.88958512972418E-15));
#13870=CARTESIAN_POINT('',(37.5,-40.5,2.));
#13871=VECTOR('',#13872,1.);
#13872=DIRECTION('',(0.,0.,-1.));
#13873=CARTESIAN_POINT('',(37.5,-41.25,0.));
#13874=CARTESIAN_POINT('',(37.5,-40.5,0.));
#13875=VECTOR('',#13876,1.);
#13876=DIRECTION('',(0.,-1.,0.));
#13877=CARTESIAN_POINT('',(37.5,-41.25,2.));
#13878=CARTESIAN_POINT('',(37.5,-41.25,4.88958512972418E-15));
#13879=VECTOR('',#13880,1.);
#13880=DIRECTION('',(0.,0.,1.));
#13881=CARTESIAN_POINT('',(37.5,-40.5,2.));
#13882=VECTOR('',#13883,1.);
#13883=DIRECTION('',(0.,-1.,0.));
#13884=CARTESIAN_POINT('',(-7.6,40.,16.));
#13885=VECTOR('',#13886,1.);
#13886=DIRECTION('',(1.,0.,0.));
#13887=CARTESIAN_POINT('',(-7.4000003264681,38.,16.));
#13888=CARTESIAN_POINT('',(-7.40000032646807,38.,16.));
#13889=VECTOR('',#13890,1.);
#13890=DIRECTION('',(-1.,0.,0.));
#13891=CARTESIAN_POINT('',(-7.4000003264681,37.4,16.));
#13892=CARTESIAN_POINT('',(-7.4000003264681,37.4,16.));
#13893=VECTOR('',#13894,1.);
#13894=DIRECTION('',(0.,1.,0.));
#13895=CARTESIAN_POINT('',(-7.4000003264681,37.4,16.));
#13896=VECTOR('',#13897,1.);
#13897=DIRECTION('',(1.,0.,0.));
#13898=CARTESIAN_POINT('',(7.39999999999999,41.25,16.));
#13899=VECTOR('',#13900,1.);
#13900=DIRECTION('',(-1.,0.,0.));
#13901=CARTESIAN_POINT('',(-30.4,-40.5,2.));
#13902=VECTOR('',#13903,1.);
#13903=DIRECTION('',(-1.,0.,0.));
#13904=CARTESIAN_POINT('',(-31.5,-41.25,2.));
#13905=VECTOR('',#13906,1.);
#13906=DIRECTION('',(1.,0.,0.));
#13907=CARTESIAN_POINT('',(-38.6,-40.,15.));
#13908=VECTOR('',#13909,1.);
#13909=DIRECTION('',(1.,0.,4.33257765707378E-16));
#13910=CARTESIAN_POINT('',(-38.6,-38.,15.));
#13911=VECTOR('',#13912,1.);
#13912=DIRECTION('',(1.,0.,4.33257765707379E-16));
#13913=CARTESIAN_POINT('',(-37.5,-40.5,2.));
#13914=VECTOR('',#13915,1.);
#13915=DIRECTION('',(-1.,0.,1.21115239050017E-15));
#13916=CARTESIAN_POINT('',(-38.6,-41.25,2.));
#13917=VECTOR('',#13918,1.);
#13918=DIRECTION('',(1.,0.,-1.21115239050018E-15));
#13919=CARTESIAN_POINT('',(-15.6,-40.,15.));
#13920=VECTOR('',#13921,1.);
#13921=DIRECTION('',(1.,0.,2.22044604925031E-16));
#13922=CARTESIAN_POINT('',(-15.6,-38.,15.));
#13923=VECTOR('',#13924,1.);
#13924=DIRECTION('',(1.,0.,2.22044604925031E-16));
#13925=CARTESIAN_POINT('',(-14.5,-40.5,2.));
#13926=VECTOR('',#13927,1.);
#13927=DIRECTION('',(-1.,0.,1.21115239050017E-15));
#13928=CARTESIAN_POINT('',(-15.6,-41.25,2.));
#13929=VECTOR('',#13930,1.);
#13930=DIRECTION('',(1.,0.,-1.21115239050017E-15));
#13931=CARTESIAN_POINT('',(15.6,-40.5,2.));
#13932=VECTOR('',#13933,1.);
#13933=DIRECTION('',(-1.,0.,-1.21115239050017E-15));
#13934=CARTESIAN_POINT('',(14.5,-41.25,2.));
#13935=VECTOR('',#13936,1.);
#13936=DIRECTION('',(1.,0.,8.07434927000113E-16));
#13937=CARTESIAN_POINT('',(7.4,-40.,15.));
#13938=VECTOR('',#13939,1.);
#13939=DIRECTION('',(1.,0.,2.16628882853689E-16));
#13940=CARTESIAN_POINT('',(7.4,-38.,15.));
#13941=VECTOR('',#13942,1.);
#13942=DIRECTION('',(1.,0.,2.16628882853689E-16));
#13943=CARTESIAN_POINT('',(8.50000000000001,-40.5,2.));
#13944=VECTOR('',#13945,1.);
#13945=DIRECTION('',(-1.,0.,0.));
#13946=CARTESIAN_POINT('',(7.40000000000001,-41.25,2.));
#13947=VECTOR('',#13948,1.);
#13948=DIRECTION('',(1.,0.,0.));
#13949=CARTESIAN_POINT('',(-7.39999999999999,-40.,16.));
#13950=VECTOR('',#13951,1.);
#13951=DIRECTION('',(-1.,0.,0.));
#13952=CARTESIAN_POINT('',(7.4,-41.25,16.));
#13953=VECTOR('',#13954,1.);
#13954=DIRECTION('',(-1.,0.,0.));
#13955=CARTESIAN_POINT('',(-7.4,-37.4,16.));
#13956=CARTESIAN_POINT('',(-7.4,-37.4,16.));
#13957=VECTOR('',#13958,1.);
#13958=DIRECTION('',(1.,0.,0.));
#13959=CARTESIAN_POINT('',(-7.4,-38.,16.));
#13960=CARTESIAN_POINT('',(-7.4,-38.,16.));
#13961=VECTOR('',#13962,1.);
#13962=DIRECTION('',(0.,1.,0.));
#13963=CARTESIAN_POINT('',(-7.6,-38.,16.));
#13964=VECTOR('',#13965,1.);
#13965=DIRECTION('',(1.,0.,0.));
#13966=CARTESIAN_POINT('',(38.6,-40.5,2.));
#13967=VECTOR('',#13968,1.);
#13968=DIRECTION('',(-1.,0.,0.));
#13969=CARTESIAN_POINT('',(37.5,-41.25,2.));
#13970=VECTOR('',#13971,1.);
#13971=DIRECTION('',(1.,0.,0.));
#13972=CARTESIAN_POINT('',(30.4,-40.,15.));
#13973=VECTOR('',#13974,1.);
#13974=DIRECTION('',(1.,0.,2.16628882853689E-16));
#13975=CARTESIAN_POINT('',(30.4,-38.,15.));
#13976=VECTOR('',#13977,1.);
#13977=DIRECTION('',(1.,0.,0.));
#13978=CARTESIAN_POINT('',(31.5,-40.5,2.));
#13979=VECTOR('',#13980,1.);
#13980=DIRECTION('',(-1.,0.,-4.03717463500056E-16));
#13981=CARTESIAN_POINT('',(30.4,-41.25,2.));
#13982=VECTOR('',#13983,1.);
#13983=DIRECTION('',(1.,0.,4.03717463500056E-16));
#13984=CARTESIAN_POINT('',(30.4,40.5,0.));
#13985=VECTOR('',#13986,1.);
#13986=DIRECTION('',(1.,0.,0.));
#13987=CARTESIAN_POINT('',(38.6,40.,0.));
#13988=VECTOR('',#13989,1.);
#13989=DIRECTION('',(-1.,0.,0.));
#13990=CARTESIAN_POINT('',(37.5,40.5,0.));
#13991=VECTOR('',#13992,1.);
#13992=DIRECTION('',(1.,0.,0.));
#13993=CARTESIAN_POINT('',(46.,41.25,3.46776932879554E-16));
#13994=CARTESIAN_POINT('',(37.5,41.25,0.));
#13995=VECTOR('',#13996,1.);
#13996=DIRECTION('',(1.,0.,0.));
#13997=CARTESIAN_POINT('',(47.,40.25,5.18104078158406E-16));
#13998=AXIS2_PLACEMENT_3D('',#13999,#14000,#14001);
#13999=CARTESIAN_POINT('',(46.,40.25,0.));
#14000=DIRECTION('',(0.,0.,-1.));
#14001=DIRECTION('',(0.,1.,0.));
#14002=CARTESIAN_POINT('',(47.,4.,0.));
#14003=CARTESIAN_POINT('',(47.,40.25,0.));
#14004=VECTOR('',#14005,1.);
#14005=DIRECTION('',(1.960117891752E-16,-1.,0.));
#14006=CARTESIAN_POINT('',(45.,4.,0.));
#14007=CARTESIAN_POINT('',(45.,4.,0.));
#14008=VECTOR('',#14009,1.);
#14009=DIRECTION('',(1.,0.,0.));
#14010=CARTESIAN_POINT('',(45.,-4.,0.));
#14011=CARTESIAN_POINT('',(45.,-3.99999999999999,0.));
#14012=VECTOR('',#14013,1.);
#14013=DIRECTION('',(0.,1.,0.));
#14014=CARTESIAN_POINT('',(47.,-4.,0.));
#14015=CARTESIAN_POINT('',(47.,-4.,0.));
#14016=VECTOR('',#14017,1.);
#14017=DIRECTION('',(-1.,0.,0.));
#14018=CARTESIAN_POINT('',(47.,-40.25,5.18104078158406E-16));
#14019=CARTESIAN_POINT('',(47.,-4.,0.));
#14020=VECTOR('',#14021,1.);
#14021=DIRECTION('',(1.960117891752E-16,-1.,0.));
#14022=CARTESIAN_POINT('',(46.,-41.25,3.46776932879554E-16));
#14023=AXIS2_PLACEMENT_3D('',#14024,#14025,#14026);
#14024=CARTESIAN_POINT('',(46.,-40.25,0.));
#14025=DIRECTION('',(0.,0.,-1.));
#14026=DIRECTION('',(1.,0.,0.));
#14027=CARTESIAN_POINT('',(37.5,-41.25,0.));
#14028=VECTOR('',#14029,1.);
#14029=DIRECTION('',(1.,0.,4.64035826600596E-32));
#14030=CARTESIAN_POINT('',(38.6,-40.5,0.));
#14031=VECTOR('',#14032,1.);
#14032=DIRECTION('',(-1.,0.,0.));
#14033=CARTESIAN_POINT('',(30.4,-40.,0.));
#14034=VECTOR('',#14035,1.);
#14035=DIRECTION('',(1.,0.,0.));
#14036=CARTESIAN_POINT('',(31.5,-40.5,0.));
#14037=VECTOR('',#14038,1.);
#14038=DIRECTION('',(-1.,0.,0.));
#14039=CARTESIAN_POINT('',(14.5,-41.25,1.97215226305253E-31));
#14040=VECTOR('',#14041,1.);
#14041=DIRECTION('',(1.,4.17966315153E-16,-1.16008956650149E-32));
#14042=CARTESIAN_POINT('',(15.6,-40.5,0.));
#14043=VECTOR('',#14044,1.);
#14044=DIRECTION('',(-1.,-6.45947941600095E-15,0.));
#14045=CARTESIAN_POINT('',(7.4,-40.,0.));
#14046=VECTOR('',#14047,1.);
#14047=DIRECTION('',(1.,0.,0.));
#14048=CARTESIAN_POINT('',(8.50000000000001,-40.5,0.));
#14049=VECTOR('',#14050,1.);
#14050=DIRECTION('',(-1.,0.,0.));
#14051=CARTESIAN_POINT('',(-8.5,-41.25,2.95822839457879E-31));
#14052=VECTOR('',#14053,1.);
#14053=DIRECTION('',(1.,0.,-5.80044783250744E-33));
#14054=CARTESIAN_POINT('',(-7.39999999999999,-40.5,0.));
#14055=VECTOR('',#14056,1.);
#14056=DIRECTION('',(-1.,0.,0.));
#14057=CARTESIAN_POINT('',(-15.6,-40.,0.));
#14058=VECTOR('',#14059,1.);
#14059=DIRECTION('',(1.,0.,0.));
#14060=CARTESIAN_POINT('',(-14.5,-40.5,0.));
#14061=VECTOR('',#14062,1.);
#14062=DIRECTION('',(-1.,0.,0.));
#14063=CARTESIAN_POINT('',(-31.5,-41.25,3.94430452610506E-31));
#14064=VECTOR('',#14065,1.);
#14065=DIRECTION('',(1.,4.17966315153E-16,0.));
#14066=CARTESIAN_POINT('',(-30.4,-40.5,0.));
#14067=VECTOR('',#14068,1.);
#14068=DIRECTION('',(-1.,0.,0.));
#14069=CARTESIAN_POINT('',(-38.6,-40.,0.));
#14070=VECTOR('',#14071,1.);
#14071=DIRECTION('',(1.,0.,0.));
#14072=CARTESIAN_POINT('',(-37.5,-40.5,0.));
#14073=VECTOR('',#14074,1.);
#14074=DIRECTION('',(-1.,0.,0.));
#14075=CARTESIAN_POINT('',(-46.,-41.25,-1.23495535257968E-15));
#14076=CARTESIAN_POINT('',(-46.,-41.25,-3.94430452610506E-31));
#14077=VECTOR('',#14078,1.);
#14078=DIRECTION('',(1.,0.,4.64035826600595E-32));
#14079=CARTESIAN_POINT('',(-47.,-40.25,5.9211894646675E-16));
#14080=AXIS2_PLACEMENT_3D('',#14081,#14082,#14083);
#14081=CARTESIAN_POINT('',(-46.,-40.25,0.));
#14082=DIRECTION('',(0.,0.,-1.));
#14083=DIRECTION('',(0.,-1.,0.));
#14084=CARTESIAN_POINT('',(-47.,-4.00000000000001,0.));
#14085=CARTESIAN_POINT('',(-47.,-4.00000000000001,0.));
#14086=VECTOR('',#14087,1.);
#14087=DIRECTION('',(1.960117891752E-16,-1.,0.));
#14088=CARTESIAN_POINT('',(-45.,-4.,0.));
#14089=CARTESIAN_POINT('',(-45.,-4.,0.));
#14090=VECTOR('',#14091,1.);
#14091=DIRECTION('',(-1.,0.,0.));
#14092=CARTESIAN_POINT('',(-45.,4.,0.));
#14093=CARTESIAN_POINT('',(-45.,3.99999999999999,0.));
#14094=VECTOR('',#14095,1.);
#14095=DIRECTION('',(0.,-1.,0.));
#14096=CARTESIAN_POINT('',(-47.,3.99999999999999,0.));
#14097=CARTESIAN_POINT('',(-47.,4.,0.));
#14098=VECTOR('',#14099,1.);
#14099=DIRECTION('',(1.,0.,0.));
#14100=CARTESIAN_POINT('',(-47.,40.25,5.9211894646675E-16));
#14101=CARTESIAN_POINT('',(-47.,40.25,0.));
#14102=VECTOR('',#14103,1.);
#14103=DIRECTION('',(1.960117891752E-16,-1.,0.));
#14104=CARTESIAN_POINT('',(-46.,41.25,-1.23495535257968E-15));
#14105=AXIS2_PLACEMENT_3D('',#14106,#14107,#14108);
#14106=CARTESIAN_POINT('',(-46.,40.25,0.));
#14107=DIRECTION('',(0.,0.,-1.));
#14108=DIRECTION('',(-1.,0.,0.));
#14109=CARTESIAN_POINT('',(-46.,41.25,-3.94430452610506E-31));
#14110=VECTOR('',#14111,1.);
#14111=DIRECTION('',(1.,0.,4.64035826600595E-32));
#14112=CARTESIAN_POINT('',(-38.6,40.5,0.));
#14113=VECTOR('',#14114,1.);
#14114=DIRECTION('',(1.,0.,0.));
#14115=CARTESIAN_POINT('',(-30.4,40.,0.));
#14116=VECTOR('',#14117,1.);
#14117=DIRECTION('',(-1.,0.,0.));
#14118=CARTESIAN_POINT('',(-31.5,40.5,0.));
#14119=VECTOR('',#14120,1.);
#14120=DIRECTION('',(1.,0.,0.));
#14121=CARTESIAN_POINT('',(-31.5,41.25,-3.94430452610506E-31));
#14122=VECTOR('',#14123,1.);
#14123=DIRECTION('',(1.,4.17966315153E-16,0.));
#14124=CARTESIAN_POINT('',(-15.6,40.5,0.));
#14125=VECTOR('',#14126,1.);
#14126=DIRECTION('',(1.,0.,0.));
#14127=CARTESIAN_POINT('',(-7.39999999999999,40.,0.));
#14128=VECTOR('',#14129,1.);
#14129=DIRECTION('',(-1.,0.,0.));
#14130=CARTESIAN_POINT('',(-8.5,40.5,0.));
#14131=VECTOR('',#14132,1.);
#14132=DIRECTION('',(1.,0.,0.));
#14133=CARTESIAN_POINT('',(-8.50000000000001,41.25,-2.95822839457879E-31));
#14134=VECTOR('',#14135,1.);
#14135=DIRECTION('',(1.,0.,1.16008956650149E-32));
#14136=CARTESIAN_POINT('',(7.40000000000001,40.5,0.));
#14137=VECTOR('',#14138,1.);
#14138=DIRECTION('',(1.,0.,0.));
#14139=CARTESIAN_POINT('',(15.6,40.,0.));
#14140=VECTOR('',#14141,1.);
#14141=DIRECTION('',(-1.,0.,0.));
#14142=CARTESIAN_POINT('',(14.5,40.5,0.));
#14143=VECTOR('',#14144,1.);
#14144=DIRECTION('',(1.,0.,0.));
#14145=CARTESIAN_POINT('',(14.5,41.25,0.));
#14146=VECTOR('',#14147,1.);
#14147=DIRECTION('',(1.,4.17966315153E-16,0.));
#14148=CARTESIAN_POINT('',(-46.75,38.6,-5.72522378601388E-15));
#14149=AXIS2_PLACEMENT_3D('',#14150,#14151,#14152);
#14150=CARTESIAN_POINT('',(-46.,38.6,0.));
#14151=DIRECTION('',(0.,0.,-1.));
#14152=DIRECTION('',(-1.,0.,0.));
#14153=CARTESIAN_POINT('',(24.6,-34.,0.));
#14154=AXIS2_PLACEMENT_3D('',#14155,#14156,#14157);
#14155=CARTESIAN_POINT('',(23.,-34.,0.));
#14156=DIRECTION('',(0.,0.,-1.));
#14157=DIRECTION('',(1.,1.22464679914735E-16,0.));
#14158=CARTESIAN_POINT('',(24.6,34.,0.));
#14159=AXIS2_PLACEMENT_3D('',#14160,#14161,#14162);
#14160=CARTESIAN_POINT('',(23.,34.,0.));
#14161=DIRECTION('',(0.,0.,-1.));
#14162=DIRECTION('',(1.,1.22464679914735E-16,0.));
#14163=CARTESIAN_POINT('',(-21.4,34.,0.));
#14164=AXIS2_PLACEMENT_3D('',#14165,#14166,#14167);
#14165=CARTESIAN_POINT('',(-23.,34.,0.));
#14166=DIRECTION('',(0.,0.,-1.));
#14167=DIRECTION('',(1.,1.22464679914735E-16,0.));
#14168=CARTESIAN_POINT('',(-21.4,-34.,0.));
#14169=AXIS2_PLACEMENT_3D('',#14170,#14171,#14172);
#14170=CARTESIAN_POINT('',(-23.,-34.,0.));
#14171=DIRECTION('',(0.,0.,-1.));
#14172=DIRECTION('',(1.,1.22464679914735E-16,0.));
#14173=CARTESIAN_POINT('',(30.4,37.4,0.));
#14174=VECTOR('',#14175,1.);
#14175=DIRECTION('',(1.,0.,0.));
#14176=CARTESIAN_POINT('',(38.6,-38.,0.));
#14177=VECTOR('',#14178,1.);
#14178=DIRECTION('',(-1.,0.,0.));
#14179=CARTESIAN_POINT('',(7.4,37.4,9.86076131526265E-32));
#14180=VECTOR('',#14181,1.);
#14181=DIRECTION('',(1.,0.,-1.20253186771496E-32));
#14182=CARTESIAN_POINT('',(15.6,-38.,0.));
#14183=VECTOR('',#14184,1.);
#14184=DIRECTION('',(-1.,0.,0.));
#14185=CARTESIAN_POINT('',(-7.4,37.4,0.));
#14186=CARTESIAN_POINT('',(-15.6,37.4,0.));
#14187=VECTOR('',#14188,1.);
#14188=DIRECTION('',(1.,0.,0.));
#14189=CARTESIAN_POINT('',(-7.4,-38.,-9.42667824364554E-16));
#14190=CARTESIAN_POINT('',(-7.39999999999999,-38.,0.));
#14191=VECTOR('',#14192,1.);
#14192=DIRECTION('',(-1.,0.,0.));
#14193=CARTESIAN_POINT('',(-7.4,37.4,0.));
#14194=VECTOR('',#14195,1.);
#14195=DIRECTION('',(-2.35591092758654E-17,-1.,0.));
#14196=CARTESIAN_POINT('',(-38.6,37.4,0.));
#14197=VECTOR('',#14198,1.);
#14198=DIRECTION('',(1.,0.,0.));
#14199=CARTESIAN_POINT('',(-30.4,-38.,0.));
#14200=VECTOR('',#14201,1.);
#14201=DIRECTION('',(-1.,0.,0.));
#14202=CARTESIAN_POINT('',(15.6,-37.4,16.));
#14203=VECTOR('',#14204,1.);
#14204=DIRECTION('',(1.,9.60192886162298E-16,0.));
#14205=CARTESIAN_POINT('',(28.9547317467954,-37.4,1.99999999999995));
#14206=AXIS2_PLACEMENT_3D('',#14207,#14208,#14209);
#14207=CARTESIAN_POINT('',(34.5,-37.4,11.5));
#14208=DIRECTION('',(1.22464679914735E-16,-1.,0.));
#14209=DIRECTION('',(-0.504115295745883,-6.17363183336417E-17,-0.863636363636363));
#14210=CARTESIAN_POINT('',(17.0452682532047,-37.4,1.99999999999999));
#14211=CARTESIAN_POINT('',(17.0452682532048,-37.4,2.));
#14212=VECTOR('',#14213,1.);
#14213=DIRECTION('',(1.,0.,-1.49155068182228E-16));
#14214=AXIS2_PLACEMENT_3D('',#14215,#14216,#14217);
#14215=CARTESIAN_POINT('',(11.5,-37.4,11.5));
#14216=DIRECTION('',(1.22464679914735E-16,-1.,0.));
#14217=DIRECTION('',(0.372727272727273,4.56459261500378E-17,-0.927940935709428));
#14218=CARTESIAN_POINT('',(30.4,-41.25,16.));
#14219=VECTOR('',#14220,1.);
#14220=DIRECTION('',(-1.,-4.80096443081149E-16,0.));
#14221=CARTESIAN_POINT('',(37.,37.4,3.00000000000002));
#14222=AXIS2_PLACEMENT_3D('',#14223,#14224,#14225);
#14223=CARTESIAN_POINT('',(37.,37.4,4.59999967353198));
#14224=DIRECTION('',(-1.22464679914735E-16,1.,0.));
#14225=DIRECTION('',(0.999999999999979,1.22464679914733E-16,2.04042553963998E-7));
#14226=CARTESIAN_POINT('',(32.,37.4,2.99999999999998));
#14227=CARTESIAN_POINT('',(32.,37.4,2.99999999999998));
#14228=VECTOR('',#14229,1.);
#14229=DIRECTION('',(1.,0.,4.61852778244065E-15));
#14230=AXIS2_PLACEMENT_3D('',#14231,#14232,#14233);
#14231=CARTESIAN_POINT('',(32.,37.4,4.6));
#14232=DIRECTION('',(-1.22464679914735E-16,1.,0.));
#14233=DIRECTION('',(-1.33226762955017E-14,-1.63155728813625E-30,-1.));
#14234=CARTESIAN_POINT('',(15.6,37.4,16.));
#14235=VECTOR('',#14236,1.);
#14236=DIRECTION('',(1.,0.,0.));
#14237=CARTESIAN_POINT('',(14.,37.4,3.));
#14238=AXIS2_PLACEMENT_3D('',#14239,#14240,#14241);
#14239=CARTESIAN_POINT('',(14.,37.4,4.6));
#14240=DIRECTION('',(-1.22464679914735E-16,1.,0.));
#14241=DIRECTION('',(1.,1.22464679914735E-16,0.));
#14242=CARTESIAN_POINT('',(9.,37.4,3.));
#14243=CARTESIAN_POINT('',(9.,37.4,3.));
#14244=VECTOR('',#14245,1.);
#14245=DIRECTION('',(1.,0.,1.77635683940025E-16));
#14246=AXIS2_PLACEMENT_3D('',#14247,#14248,#14249);
#14247=CARTESIAN_POINT('',(9.,37.4,4.6));
#14248=DIRECTION('',(-1.22464679914735E-16,1.,0.));
#14249=DIRECTION('',(-1.11022302462516E-15,-1.35963107344689E-31,-1.));
#14250=CARTESIAN_POINT('',(-7.4000003264681,37.4,4.6));
#14251=CARTESIAN_POINT('',(-7.4000003264681,37.4,4.6));
#14252=VECTOR('',#14253,1.);
#14253=DIRECTION('',(0.,0.,1.));
#14254=CARTESIAN_POINT('',(-9.,37.4,3.00000000000002));
#14255=AXIS2_PLACEMENT_3D('',#14256,#14257,#14258);
#14256=CARTESIAN_POINT('',(-9.00000000000001,37.4,4.59999967353198));
#14257=DIRECTION('',(-1.22464679914735E-16,1.,2.93873587705572E-39));
#14258=DIRECTION('',(0.999999999999979,1.22464679914733E-16,2.04042553963997E-7));
#14259=CARTESIAN_POINT('',(-14.,37.4,2.99999999999998));
#14260=CARTESIAN_POINT('',(-14.,37.4,2.99999999999998));
#14261=VECTOR('',#14262,1.);
#14262=DIRECTION('',(1.,0.,4.61852778244065E-15));
#14263=AXIS2_PLACEMENT_3D('',#14264,#14265,#14266);
#14264=CARTESIAN_POINT('',(-14.,37.4,4.6));
#14265=DIRECTION('',(-1.22464679914735E-16,1.,0.));
#14266=DIRECTION('',(-1.33226762955017E-14,-1.63155728813625E-30,-1.));
#14267=CARTESIAN_POINT('',(-30.4000003264681,37.4,16.));
#14268=VECTOR('',#14269,1.);
#14269=DIRECTION('',(1.,9.60192864981734E-16,0.));
#14270=CARTESIAN_POINT('',(-32.,37.4,3.00000000000002));
#14271=AXIS2_PLACEMENT_3D('',#14272,#14273,#14274);
#14272=CARTESIAN_POINT('',(-32.,37.4,4.59999967353198));
#14273=DIRECTION('',(-1.22464679914735E-16,1.,0.));
#14274=DIRECTION('',(0.999999999999979,1.22464679914733E-16,2.04042553963998E-7));
#14275=CARTESIAN_POINT('',(-37.,37.4,2.99999999999998));
#14276=CARTESIAN_POINT('',(-37.,37.4,2.99999999999998));
#14277=VECTOR('',#14278,1.);
#14278=DIRECTION('',(1.,0.,4.61852778244064E-15));
#14279=AXIS2_PLACEMENT_3D('',#14280,#14281,#14282);
#14280=CARTESIAN_POINT('',(-37.,37.4,4.6));
#14281=DIRECTION('',(-1.22464679914735E-16,1.,0.));
#14282=DIRECTION('',(-1.33226762955017E-14,-1.63155728813625E-30,-1.));
#14283=CARTESIAN_POINT('',(-45.5,37.4,16.));
#14284=CARTESIAN_POINT('',(-45.5,37.4,16.));
#14285=VECTOR('',#14286,1.);
#14286=DIRECTION('',(1.,0.,0.));
#14287=CARTESIAN_POINT('',(-45.5,37.4,11.5));
#14288=CARTESIAN_POINT('',(-45.5,37.4,16.));
#14289=VECTOR('',#14290,1.);
#14290=DIRECTION('',(0.,0.,-1.));
#14291=CARTESIAN_POINT('',(-45.,37.4,8.22128073784898));
#14292=AXIS2_PLACEMENT_3D('',#14293,#14294,#14295);
#14293=CARTESIAN_POINT('',(-34.5,37.4,11.5));
#14294=DIRECTION('',(1.22464679914735E-16,-1.,0.));
#14295=DIRECTION('',(-1.,-1.22464679914735E-16,0.));
#14296=CARTESIAN_POINT('',(-45.,37.4,2.00000000000001));
#14297=CARTESIAN_POINT('',(-45.,37.4,2.00000000000001));
#14298=VECTOR('',#14299,1.);
#14299=DIRECTION('',(0.,0.,1.));
#14300=CARTESIAN_POINT('',(-40.0452682532047,37.4,2.00000000000001));
#14301=CARTESIAN_POINT('',(-45.,37.4,2.00000000000001));
#14302=VECTOR('',#14303,1.);
#14303=DIRECTION('',(1.,0.,-1.7925862894083E-16));
#14304=AXIS2_PLACEMENT_3D('',#14305,#14306,#14307);
#14305=CARTESIAN_POINT('',(-34.5,37.4,11.5));
#14306=DIRECTION('',(1.22464679914735E-16,-1.,0.));
#14307=DIRECTION('',(-0.504115295745884,-6.17363183336418E-17,-0.863636363636363));
#14308=CARTESIAN_POINT('',(-28.9547317467953,37.4,2.00000000000001));
#14309=AXIS2_PLACEMENT_3D('',#14310,#14311,#14312);
#14310=CARTESIAN_POINT('',(-34.5,37.4,11.5));
#14311=DIRECTION('',(1.22464679914735E-16,-1.,0.));
#14312=DIRECTION('',(0.372727272727272,4.56459261500377E-17,-0.927940935709429));
#14313=CARTESIAN_POINT('',(-17.0452682532047,37.4,2.00000000000001));
#14314=CARTESIAN_POINT('',(-28.9547317467953,37.4,2.00000000000001));
#14315=VECTOR('',#14316,1.);
#14316=DIRECTION('',(1.,0.,-1.11866301136671E-16));
#14317=AXIS2_PLACEMENT_3D('',#14318,#14319,#14320);
#14318=CARTESIAN_POINT('',(-11.5,37.4,11.5));
#14319=DIRECTION('',(1.22464679914735E-16,-1.,0.));
#14320=DIRECTION('',(-0.504115295745883,-6.17363183336417E-17,-0.863636363636363));
#14321=CARTESIAN_POINT('',(-7.4,37.4,1.29264970719629));
#14322=CARTESIAN_POINT('',(-7.4,37.4,0.));
#14323=VECTOR('',#14324,1.);
#14324=DIRECTION('',(0.,0.,1.));
#14325=CARTESIAN_POINT('',(-5.95473174679528,37.4,2.00000000000001));
#14326=AXIS2_PLACEMENT_3D('',#14327,#14328,#14329);
#14327=CARTESIAN_POINT('',(-11.5,37.4,11.5));
#14328=DIRECTION('',(1.22464679914735E-16,-1.,0.));
#14329=DIRECTION('',(0.372727272727273,4.56459261500378E-17,-0.927940935709428));
#14330=CARTESIAN_POINT('',(5.9547317467952,37.4,2.00000000000002));
#14331=CARTESIAN_POINT('',(-5.95473174679527,37.4,2.));
#14332=VECTOR('',#14333,1.);
#14333=DIRECTION('',(1.,0.,-7.4577534091114E-17));
#14334=AXIS2_PLACEMENT_3D('',#14335,#14336,#14337);
#14335=CARTESIAN_POINT('',(11.5,37.4,11.5));
#14336=DIRECTION('',(1.22464679914735E-16,-1.,0.));
#14337=DIRECTION('',(-0.504115295745883,-6.17363183336417E-17,-0.863636363636363));
#14338=CARTESIAN_POINT('',(17.0452682532047,37.4,1.99999999999999));
#14339=AXIS2_PLACEMENT_3D('',#14340,#14341,#14342);
#14340=CARTESIAN_POINT('',(11.5,37.4,11.5));
#14341=DIRECTION('',(1.22464679914735E-16,-1.,0.));
#14342=DIRECTION('',(0.372727272727273,4.56459261500378E-17,-0.927940935709428));
#14343=CARTESIAN_POINT('',(28.9547317467952,37.4,2.00000000000002));
#14344=CARTESIAN_POINT('',(17.0452682532047,37.4,2.));
#14345=VECTOR('',#14346,1.);
#14346=DIRECTION('',(1.,0.,-1.11866301136671E-16));
#14347=AXIS2_PLACEMENT_3D('',#14348,#14349,#14350);
#14348=CARTESIAN_POINT('',(34.5,37.4,11.5));
#14349=DIRECTION('',(1.22464679914735E-16,-1.,0.));
#14350=DIRECTION('',(-0.504115295745883,-6.17363183336417E-17,-0.863636363636363));
#14351=CARTESIAN_POINT('',(40.0452682532048,37.4,2.00000000000002));
#14352=AXIS2_PLACEMENT_3D('',#14353,#14354,#14355);
#14353=CARTESIAN_POINT('',(34.5,37.4,11.5));
#14354=DIRECTION('',(1.22464679914735E-16,-1.,0.));
#14355=DIRECTION('',(0.372727272727273,4.56459261500377E-17,-0.927940935709428));
#14356=CARTESIAN_POINT('',(45.,37.4,2.));
#14357=CARTESIAN_POINT('',(40.0452682532047,37.4,2.));
#14358=VECTOR('',#14359,1.);
#14359=DIRECTION('',(1.,0.,-1.79258628940829E-16));
#14360=CARTESIAN_POINT('',(45.,37.4,8.22128073784901));
#14361=CARTESIAN_POINT('',(45.,37.4,2.));
#14362=VECTOR('',#14363,1.);
#14363=DIRECTION('',(0.,0.,1.));
#14364=CARTESIAN_POINT('',(45.5,37.4,11.5));
#14365=AXIS2_PLACEMENT_3D('',#14366,#14367,#14368);
#14366=CARTESIAN_POINT('',(34.5,37.4,11.5));
#14367=DIRECTION('',(1.22464679914735E-16,-1.,0.));
#14368=DIRECTION('',(0.954545454545455,1.16898103554975E-16,-0.298065387468271));
#14369=CARTESIAN_POINT('',(45.5,37.4,16.));
#14370=CARTESIAN_POINT('',(45.5,37.4,11.5));
#14371=VECTOR('',#14372,1.);
#14372=DIRECTION('',(0.,0.,1.));
#14373=CARTESIAN_POINT('',(38.5999996735319,37.4,16.));
#14374=VECTOR('',#14375,1.);
#14375=DIRECTION('',(1.,0.,0.));
#14376=CARTESIAN_POINT('',(28.9547317467953,30.,2.));
#14377=CARTESIAN_POINT('',(28.9547317467951,37.4,2.00000000000006));
#14378=VECTOR('',#14379,1.);
#14379=DIRECTION('',(1.44028932924345E-15,-1.,0.));
#14380=CARTESIAN_POINT('',(23.6027526411483,19.,10.));
#14381=CARTESIAN_POINT('',(23.6027526411483,19.,10.));
#14382=CARTESIAN_POINT('',(24.0717733908879,23.6851155324839,6.59264324910264));
#14383=CARTESIAN_POINT('',(25.9842669984447,27.6158912825104,3.73389724908336));
#14384=CARTESIAN_POINT('',(28.9547317467953,30.,2.));
#14385=CARTESIAN_POINT('',(23.6027526411483,-19.,10.));
#14386=CARTESIAN_POINT('',(23.6027526411483,19.,10.));
#14387=VECTOR('',#14388,1.);
#14388=DIRECTION('',(2.80477395694776E-16,-1.,-4.6746232615796E-17));
#14389=CARTESIAN_POINT('',(28.9547317467953,-30.,1.99999999999999));
#14390=CARTESIAN_POINT('',(23.6027526411483,-19.,10.));
#14391=CARTESIAN_POINT('',(24.0717733908879,-23.6851155324839,6.59264324910264));
#14392=CARTESIAN_POINT('',(25.9842669984448,-27.6158912825104,3.73389724908336));
#14393=CARTESIAN_POINT('',(28.9547317467953,-30.,1.99999999999999));
#14394=CARTESIAN_POINT('',(28.9547317467958,-30.,1.99999999999986));
#14395=VECTOR('',#14396,1.);
#14396=DIRECTION('',(0.,-1.,1.20024110770287E-16));
#14397=CARTESIAN_POINT('',(40.0452682532045,-37.4,1.99999999999995));
#14398=AXIS2_PLACEMENT_3D('',#14399,#14400,#14401);
#14399=CARTESIAN_POINT('',(34.5,-37.4,11.5));
#14400=DIRECTION('',(1.22464679914735E-16,-1.,0.));
#14401=DIRECTION('',(0.372727272727273,4.56459261500377E-17,-0.927940935709428));
#14402=CARTESIAN_POINT('',(40.0452682532047,-30.,1.99999999999999));
#14403=CARTESIAN_POINT('',(40.0452682532042,-30.,1.99999999999986));
#14404=VECTOR('',#14405,1.);
#14405=DIRECTION('',(9.60192886162295E-16,-1.,1.20024110770287E-16));
#14406=CARTESIAN_POINT('',(45.,-21.4457389854577,8.22128073784895));
#14407=CARTESIAN_POINT('',(40.0452682532047,-30.,1.99999999999999));
#14408=CARTESIAN_POINT('',(42.4429371591215,-28.0756198694416,3.39954918586064));
#14409=CARTESIAN_POINT('',(44.1724965025169,-25.0895647569496,5.5712256313094));
#14410=CARTESIAN_POINT('',(45.,-21.4457389854577,8.22128073784895));
#14411=CARTESIAN_POINT('',(45.,-37.4,8.22128073784899));
#14412=CARTESIAN_POINT('',(45.,-21.4457389854576,8.221280737849));
#14413=VECTOR('',#14414,1.);
#14414=DIRECTION('',(0.,-1.,0.));
#14415=CARTESIAN_POINT('',(45.5,-37.4,11.5));
#14416=AXIS2_PLACEMENT_3D('',#14417,#14418,#14419);
#14417=CARTESIAN_POINT('',(34.5,-37.4,11.5));
#14418=DIRECTION('',(1.22464679914735E-16,-1.,0.));
#14419=DIRECTION('',(0.954545454545454,1.16898103554975E-16,-0.298065387468275));
#14420=CARTESIAN_POINT('',(45.5,-32.2,11.5));
#14421=CARTESIAN_POINT('',(45.5,-32.2,11.5));
#14422=VECTOR('',#14423,1.);
#14423=DIRECTION('',(0.,-1.,0.));
#14424=CARTESIAN_POINT('',(45.488630487918,-32.,11.));
#14425=CARTESIAN_POINT('',(45.488630487918,-32.,11.));
#14426=CARTESIAN_POINT('',(45.4962095095848,-32.0666264548458,11.1665661371145));
#14427=CARTESIAN_POINT('',(45.5,-32.1333046093315,11.3332615233287));
#14428=CARTESIAN_POINT('',(45.5,-32.2,11.5));
#14429=CARTESIAN_POINT('',(45.488630487918,-9.,11.));
#14430=CARTESIAN_POINT('',(45.488630487918,-8.99999999999999,11.));
#14431=VECTOR('',#14432,1.);
#14432=DIRECTION('',(3.08931624243522E-16,-1.,0.));
#14433=CARTESIAN_POINT('',(45.3972473588517,-7.99999999999999,9.99999999999999));
#14434=CARTESIAN_POINT('',(45.3972473588517,-8.,9.99999999999999));
#14435=CARTESIAN_POINT('',(45.4429230386732,-8.33182612086612,10.3318261208661));
#14436=CARTESIAN_POINT('',(45.4734052613108,-8.66539122143766,10.6653912214377));
#14437=CARTESIAN_POINT('',(45.488630487918,-9.,11.));
#14438=AXIS2_PLACEMENT_3D('',#14439,#14440,#14441);
#14439=CARTESIAN_POINT('',(34.5,-8.,11.5));
#14440=DIRECTION('',(1.22464679914735E-16,-1.,0.));
#14441=DIRECTION('',(0.372727272727273,4.56459261500377E-17,-0.927940935709428));
#14442=CARTESIAN_POINT('',(47.,-8.,9.99999999999999));
#14443=CARTESIAN_POINT('',(45.3972473588517,-8.,9.99999999999999));
#14444=VECTOR('',#14445,1.);
#14445=DIRECTION('',(1.,0.,-1.10831627650762E-15));
#14446=CARTESIAN_POINT('',(47.,-8.,7.99999999999999));
#14447=CARTESIAN_POINT('',(47.,-8.,9.99999999999999));
#14448=VECTOR('',#14449,1.);
#14449=DIRECTION('',(0.,0.,-1.));
#14450=CARTESIAN_POINT('',(45.7836777379547,-7.99999999999999,7.99999999999999));
#14451=CARTESIAN_POINT('',(45.7836777379547,-8.,7.99999999999999));
#14452=VECTOR('',#14453,1.);
#14453=DIRECTION('',(1.,0.,-7.30216364046994E-16));
#14454=AXIS2_PLACEMENT_3D('',#14455,#14456,#14457);
#14455=CARTESIAN_POINT('',(34.9719460193702,-8.,12.0280539806298));
#14456=DIRECTION('',(1.22464679914735E-16,-1.,0.));
#14457=DIRECTION('',(0.314451814966972,3.85092408685378E-17,-0.949273435878186));
#14458=CARTESIAN_POINT('',(45.7836777379547,8.,7.99999999999999));
#14459=CARTESIAN_POINT('',(45.7836777379547,8.,7.99999999999999));
#14460=VECTOR('',#14461,1.);
#14461=DIRECTION('',(0.,-1.,-5.55111512312578E-17));
#14462=AXIS2_PLACEMENT_3D('',#14463,#14464,#14465);
#14463=CARTESIAN_POINT('',(34.9719460193702,8.,12.0280539806298));
#14464=DIRECTION('',(1.22464679914735E-16,-1.,0.));
#14465=DIRECTION('',(0.314451814966972,3.85092408685378E-17,-0.949273435878186));
#14466=CARTESIAN_POINT('',(47.,8.,7.99999999999999));
#14467=CARTESIAN_POINT('',(45.7836777379547,8.,7.99999999999999));
#14468=VECTOR('',#14469,1.);
#14469=DIRECTION('',(1.,0.,0.));
#14470=CARTESIAN_POINT('',(47.,8.,9.99999999999999));
#14471=CARTESIAN_POINT('',(47.,8.,7.99999999999999));
#14472=VECTOR('',#14473,1.);
#14473=DIRECTION('',(0.,0.,1.));
#14474=CARTESIAN_POINT('',(45.3972473588517,8.,9.99999999999999));
#14475=CARTESIAN_POINT('',(45.3972473588517,8.,9.99999999999999));
#14476=VECTOR('',#14477,1.);
#14477=DIRECTION('',(1.,0.,0.));
#14478=AXIS2_PLACEMENT_3D('',#14479,#14480,#14481);
#14479=CARTESIAN_POINT('',(34.5,8.,11.5));
#14480=DIRECTION('',(1.22464679914735E-16,-1.,0.));
#14481=DIRECTION('',(0.372727272727273,4.56459261500377E-17,-0.927940935709428));
#14482=CARTESIAN_POINT('',(45.488630487918,9.,11.));
#14483=CARTESIAN_POINT('',(45.3972473588517,8.,9.99999999999999));
#14484=CARTESIAN_POINT('',(45.4429230386732,8.33182612086612,10.3318261208661));
#14485=CARTESIAN_POINT('',(45.4734052613108,8.66539122143766,10.6653912214377));
#14486=CARTESIAN_POINT('',(45.4886304879179,9.,11.));
#14487=CARTESIAN_POINT('',(45.4886304879179,32.,11.));
#14488=CARTESIAN_POINT('',(45.4886304879179,32.,11.));
#14489=VECTOR('',#14490,1.);
#14490=DIRECTION('',(3.08931624243522E-16,-1.,-7.72329060608804E-17));
#14491=CARTESIAN_POINT('',(45.5,32.2,11.5));
#14492=CARTESIAN_POINT('',(45.4886304879179,32.,11.));
#14493=CARTESIAN_POINT('',(45.4962095095848,32.0666264548458,11.1665661371145));
#14494=CARTESIAN_POINT('',(45.5,32.1333046093315,11.3332615233287));
#14495=CARTESIAN_POINT('',(45.5,32.2,11.5));
#14496=CARTESIAN_POINT('',(45.5,37.4,11.5));
#14497=VECTOR('',#14498,1.);
#14498=DIRECTION('',(0.,-1.,0.));
#14499=CARTESIAN_POINT('',(45.,21.4457389854576,8.221280737849));
#14500=CARTESIAN_POINT('',(45.,37.4,8.221280737849));
#14501=VECTOR('',#14502,1.);
#14502=DIRECTION('',(0.,-1.,0.));
#14503=CARTESIAN_POINT('',(40.0452682532047,30.,2.));
#14504=CARTESIAN_POINT('',(40.0452682532047,30.,1.99999999999999));
#14505=CARTESIAN_POINT('',(42.4429371591215,28.0756198694416,3.39954918586065));
#14506=CARTESIAN_POINT('',(44.1724965025169,25.0895647569495,5.57122563130941));
#14507=CARTESIAN_POINT('',(45.,21.4457389854576,8.22128073784899));
#14508=CARTESIAN_POINT('',(40.0452682532049,37.4,2.00000000000006));
#14509=VECTOR('',#14510,1.);
#14510=DIRECTION('',(0.,-1.,-6.00120553851435E-17));
#14511=CARTESIAN_POINT('',(46.,-41.25,16.));
#14512=CARTESIAN_POINT('',(46.,-41.25,5.96241588788599E-16));
#14513=VECTOR('',#14514,1.);
#14514=DIRECTION('',(0.,0.,1.));
#14515=CARTESIAN_POINT('',(46.,-41.25,16.));
#14516=VECTOR('',#14517,1.);
#14517=DIRECTION('',(-1.,0.,0.));
#14518=CARTESIAN_POINT('',(47.,-40.25,16.));
#14519=AXIS2_PLACEMENT_3D('',#14520,#14521,#14522);
#14520=CARTESIAN_POINT('',(46.,-40.25,16.));
#14521=DIRECTION('',(0.,0.,1.));
#14522=DIRECTION('',(0.,-1.,0.));
#14523=CARTESIAN_POINT('',(47.,-34.,16.));
#14524=CARTESIAN_POINT('',(47.,-34.,16.));
#14525=VECTOR('',#14526,1.);
#14526=DIRECTION('',(0.,-1.,0.));
#14527=CARTESIAN_POINT('',(45.5,-34.,16.));
#14528=CARTESIAN_POINT('',(45.5,-34.,16.));
#14529=VECTOR('',#14530,1.);
#14530=DIRECTION('',(1.,0.,0.));
#14531=CARTESIAN_POINT('',(45.5,-37.4,16.));
#14532=CARTESIAN_POINT('',(45.5,-37.4,16.));
#14533=VECTOR('',#14534,1.);
#14534=DIRECTION('',(0.,1.,0.));
#14535=CARTESIAN_POINT('',(38.6,-37.4,16.));
#14536=VECTOR('',#14537,1.);
#14537=DIRECTION('',(1.,0.,0.));
#14538=CARTESIAN_POINT('',(45.5,-37.4,11.5));
#14539=VECTOR('',#14540,1.);
#14540=DIRECTION('',(0.,0.,1.));
#14541=CARTESIAN_POINT('',(45.,-37.4,1.99999999999999));
#14542=CARTESIAN_POINT('',(45.,-37.4,8.22128073784898));
#14543=VECTOR('',#14544,1.);
#14544=DIRECTION('',(0.,0.,-1.));
#14545=CARTESIAN_POINT('',(40.0452682532047,-37.4,1.99999999999999));
#14546=VECTOR('',#14547,1.);
#14547=DIRECTION('',(1.,0.,0.));
#14548=CARTESIAN_POINT('',(-7.39999999999999,-37.4,1.29264970719629));
#14549=CARTESIAN_POINT('',(-7.4,-37.4,1.29264970719629));
#14550=VECTOR('',#14551,1.);
#14551=DIRECTION('',(0.,0.,1.));
#14552=CARTESIAN_POINT('',(5.95473174679532,-37.4,1.99999999999999));
#14553=AXIS2_PLACEMENT_3D('',#14554,#14555,#14556);
#14554=CARTESIAN_POINT('',(11.5,-37.4,11.5));
#14555=DIRECTION('',(1.22464679914735E-16,-1.,0.));
#14556=DIRECTION('',(-0.504115295745883,-6.17363183336417E-17,-0.863636363636363));
#14557=CARTESIAN_POINT('',(-5.95473174679527,-37.4,2.00000000000001));
#14558=CARTESIAN_POINT('',(-5.95473174679527,-37.4,2.));
#14559=VECTOR('',#14560,1.);
#14560=DIRECTION('',(1.,0.,-1.49155068182228E-16));
#14561=AXIS2_PLACEMENT_3D('',#14562,#14563,#14564);
#14562=CARTESIAN_POINT('',(-11.5,-37.4,11.5));
#14563=DIRECTION('',(1.22464679914735E-16,-1.,0.));
#14564=DIRECTION('',(0.372727272727273,4.56459261500378E-17,-0.927940935709428));
#14565=CARTESIAN_POINT('',(5.95473174679528,30.,2.));
#14566=CARTESIAN_POINT('',(5.95473174679507,37.4,2.00000000000006));
#14567=VECTOR('',#14568,1.);
#14568=DIRECTION('',(6.00120553851436E-16,-1.,0.));
#14569=CARTESIAN_POINT('',(0.602752641148314,19.,10.));
#14570=CARTESIAN_POINT('',(0.602752641148308,19.,10.));
#14571=CARTESIAN_POINT('',(1.07177339088787,23.6851155324839,6.59264324910264));
#14572=CARTESIAN_POINT('',(2.98426699844474,27.6158912825104,3.73389724908337));
#14573=CARTESIAN_POINT('',(5.95473174679527,30.,2.00000000000001));
#14574=CARTESIAN_POINT('',(0.602752641148314,-19.,10.));
#14575=CARTESIAN_POINT('',(0.602752641148315,19.,9.99999999999999));
#14576=VECTOR('',#14577,1.);
#14577=DIRECTION('',(7.01193489236941E-17,-1.,0.));
#14578=CARTESIAN_POINT('',(5.95473174679529,-30.,2.));
#14579=CARTESIAN_POINT('',(0.602752641148316,-19.,10.));
#14580=CARTESIAN_POINT('',(1.07177339088787,-23.6851155324839,6.59264324910264));
#14581=CARTESIAN_POINT('',(2.98426699844475,-27.6158912825104,3.73389724908336));
#14582=CARTESIAN_POINT('',(5.95473174679529,-30.,1.99999999999999));
#14583=CARTESIAN_POINT('',(5.95473174679542,-30.,1.99999999999996));
#14584=VECTOR('',#14585,1.);
#14585=DIRECTION('',(1.20024110770287E-16,-1.,1.20024110770287E-16));
#14586=CARTESIAN_POINT('',(17.0452682532047,-30.,2.));
#14587=CARTESIAN_POINT('',(17.0452682532046,-30.,1.99999999999996));
#14588=VECTOR('',#14589,1.);
#14589=DIRECTION('',(0.,-1.,1.20024110770287E-16));
#14590=CARTESIAN_POINT('',(22.3972473588517,-19.,10.));
#14591=CARTESIAN_POINT('',(17.0452682532047,-30.,1.99999999999999));
#14592=CARTESIAN_POINT('',(20.0157330015552,-27.6158912825104,3.73389724908336));
#14593=CARTESIAN_POINT('',(21.9282266091121,-23.6851155324839,6.59264324910263));
#14594=CARTESIAN_POINT('',(22.3972473588517,-19.,9.99999999999999));
#14595=CARTESIAN_POINT('',(22.3972473588517,19.,10.));
#14596=CARTESIAN_POINT('',(22.3972473588517,19.,9.99999999999999));
#14597=VECTOR('',#14598,1.);
#14598=DIRECTION('',(2.80477395694776E-16,-1.,0.));
#14599=CARTESIAN_POINT('',(17.0452682532047,30.,2.));
#14600=CARTESIAN_POINT('',(17.0452682532047,30.,1.99999999999999));
#14601=CARTESIAN_POINT('',(20.0157330015552,27.6158912825104,3.73389724908336));
#14602=CARTESIAN_POINT('',(21.9282266091121,23.6851155324839,6.59264324910263));
#14603=CARTESIAN_POINT('',(22.3972473588517,19.,10.));
#14604=CARTESIAN_POINT('',(17.0452682532046,37.4,1.99999999999996));
#14605=VECTOR('',#14606,1.);
#14606=DIRECTION('',(0.,-1.,0.));
#14607=CARTESIAN_POINT('',(-30.4,-37.4,16.));
#14608=VECTOR('',#14609,1.);
#14609=DIRECTION('',(1.,0.,0.));
#14610=CARTESIAN_POINT('',(-17.0452682532047,-37.4,2.00000000000001));
#14611=AXIS2_PLACEMENT_3D('',#14612,#14613,#14614);
#14612=CARTESIAN_POINT('',(-11.5,-37.4,11.5));
#14613=DIRECTION('',(1.22464679914735E-16,-1.,0.));
#14614=DIRECTION('',(-0.504115295745883,-6.17363183336417E-17,-0.863636363636363));
#14615=CARTESIAN_POINT('',(-28.9547317467953,-37.4,2.));
#14616=CARTESIAN_POINT('',(-28.9547317467953,-37.4,2.));
#14617=VECTOR('',#14618,1.);
#14618=DIRECTION('',(1.,0.,-7.45775340911139E-17));
#14619=AXIS2_PLACEMENT_3D('',#14620,#14621,#14622);
#14620=CARTESIAN_POINT('',(-34.5,-37.4,11.5));
#14621=DIRECTION('',(1.22464679914735E-16,-1.,0.));
#14622=DIRECTION('',(0.372727272727274,4.56459261500378E-17,-0.927940935709428));
#14623=CARTESIAN_POINT('',(-15.6,-41.25,16.));
#14624=VECTOR('',#14625,1.);
#14625=DIRECTION('',(-1.,-4.80096443081149E-16,0.));
#14626=CARTESIAN_POINT('',(-7.4,-38.,-9.42667824364554E-16));
#14627=VECTOR('',#14628,1.);
#14628=DIRECTION('',(0.,0.,1.));
#14629=CARTESIAN_POINT('',(-17.0452682532047,30.,2.));
#14630=CARTESIAN_POINT('',(-17.0452682532048,37.4,2.00000000000002));
#14631=VECTOR('',#14632,1.);
#14632=DIRECTION('',(0.,-1.,-6.00120553851435E-17));
#14633=CARTESIAN_POINT('',(-22.3972473588517,19.,10.));
#14634=CARTESIAN_POINT('',(-22.3972473588517,19.,10.));
#14635=CARTESIAN_POINT('',(-21.9282266091121,23.6851155324839,6.59264324910264));
#14636=CARTESIAN_POINT('',(-20.0157330015553,27.6158912825104,3.73389724908337));
#14637=CARTESIAN_POINT('',(-17.0452682532047,30.,2.));
#14638=CARTESIAN_POINT('',(-22.3972473588517,-19.,10.));
#14639=CARTESIAN_POINT('',(-22.3972473588517,19.,10.));
#14640=VECTOR('',#14641,1.);
#14641=DIRECTION('',(9.34924652315921E-17,-1.,-4.6746232615796E-17));
#14642=CARTESIAN_POINT('',(-17.0452682532047,-30.,2.));
#14643=CARTESIAN_POINT('',(-22.3972473588517,-19.,10.));
#14644=CARTESIAN_POINT('',(-21.9282266091121,-23.6851155324839,6.59264324910264));
#14645=CARTESIAN_POINT('',(-20.0157330015553,-27.6158912825104,3.73389724908337));
#14646=CARTESIAN_POINT('',(-17.0452682532047,-30.,2.));
#14647=CARTESIAN_POINT('',(-17.0452682532048,-30.,2.00000000000001));
#14648=VECTOR('',#14649,1.);
#14649=DIRECTION('',(0.,-1.,1.20024110770287E-16));
#14650=CARTESIAN_POINT('',(-40.0452682532047,-37.4,2.00000000000001));
#14651=AXIS2_PLACEMENT_3D('',#14652,#14653,#14654);
#14652=CARTESIAN_POINT('',(-34.5,-37.4,11.5));
#14653=DIRECTION('',(1.22464679914735E-16,-1.,0.));
#14654=DIRECTION('',(-0.504115295745883,-6.17363183336417E-17,-0.863636363636363));
#14655=CARTESIAN_POINT('',(-45.,-37.4,2.00000000000001));
#14656=CARTESIAN_POINT('',(-45.,-37.4,2.00000000000001));
#14657=VECTOR('',#14658,1.);
#14658=DIRECTION('',(1.,0.,0.));
#14659=CARTESIAN_POINT('',(-45.,-37.4,8.22128073784901));
#14660=CARTESIAN_POINT('',(-45.,-37.4,8.22128073784902));
#14661=VECTOR('',#14662,1.);
#14662=DIRECTION('',(0.,0.,-1.));
#14663=CARTESIAN_POINT('',(-45.5,-37.4,11.5));
#14664=AXIS2_PLACEMENT_3D('',#14665,#14666,#14667);
#14665=CARTESIAN_POINT('',(-34.5,-37.4,11.5));
#14666=DIRECTION('',(1.22464679914735E-16,-1.,0.));
#14667=DIRECTION('',(-1.,-1.22464679914735E-16,0.));
#14668=CARTESIAN_POINT('',(-45.5,-37.4,16.));
#14669=CARTESIAN_POINT('',(-45.5,-37.4,16.));
#14670=VECTOR('',#14671,1.);
#14671=DIRECTION('',(0.,0.,-1.));
#14672=CARTESIAN_POINT('',(-45.5,-37.4,16.));
#14673=VECTOR('',#14674,1.);
#14674=DIRECTION('',(1.,0.,0.));
#14675=CARTESIAN_POINT('',(-46.,-41.25,16.));
#14676=CARTESIAN_POINT('',(-47.,-40.25,16.));
#14677=AXIS2_PLACEMENT_3D('',#14678,#14679,#14680);
#14678=CARTESIAN_POINT('',(-46.,-40.25,16.));
#14679=DIRECTION('',(0.,0.,1.));
#14680=DIRECTION('',(-1.,0.,0.));
#14681=CARTESIAN_POINT('',(-38.6,-41.25,16.));
#14682=VECTOR('',#14683,1.);
#14683=DIRECTION('',(-1.,0.,0.));
#14684=CARTESIAN_POINT('',(-45.5,-34.,16.));
#14685=CARTESIAN_POINT('',(-45.5,-34.,16.));
#14686=VECTOR('',#14687,1.);
#14687=DIRECTION('',(0.,-1.,0.));
#14688=CARTESIAN_POINT('',(-47.,-34.,16.));
#14689=CARTESIAN_POINT('',(-47.,-34.,16.));
#14690=VECTOR('',#14691,1.);
#14691=DIRECTION('',(1.,0.,0.));
#14692=CARTESIAN_POINT('',(-47.,-34.,16.));
#14693=VECTOR('',#14694,1.);
#14694=DIRECTION('',(0.,-1.,0.));
#14695=CARTESIAN_POINT('',(-46.,-41.25,16.));
#14696=VECTOR('',#14697,1.);
#14697=DIRECTION('',(0.,0.,-1.));
#14698=CARTESIAN_POINT('',(-40.0452682532047,30.,2.00000000000001));
#14699=CARTESIAN_POINT('',(-40.0452682532047,37.4,2.00000000000001));
#14700=VECTOR('',#14701,1.);
#14701=DIRECTION('',(0.,-1.,0.));
#14702=CARTESIAN_POINT('',(-45.,21.4457389854577,8.22128073784898));
#14703=CARTESIAN_POINT('',(-45.,21.4457389854577,8.22128073784898));
#14704=CARTESIAN_POINT('',(-44.1724965025169,25.0895647569496,5.57122563130941));
#14705=CARTESIAN_POINT('',(-42.4429371591215,28.0756198694416,3.39954918586066));
#14706=CARTESIAN_POINT('',(-40.0452682532047,30.,2.));
#14707=CARTESIAN_POINT('',(-45.,37.4,8.22128073784899));
#14708=VECTOR('',#14709,1.);
#14709=DIRECTION('',(0.,-1.,1.11340590315095E-16));
#14710=CARTESIAN_POINT('',(-45.5,32.2,11.5));
#14711=CARTESIAN_POINT('',(-45.5,37.4,11.5));
#14712=VECTOR('',#14713,1.);
#14713=DIRECTION('',(0.,-1.,0.));
#14714=CARTESIAN_POINT('',(-45.488630487918,32.,11.));
#14715=CARTESIAN_POINT('',(-45.5,32.2,11.5));
#14716=CARTESIAN_POINT('',(-45.5,32.1333046093315,11.3332615233287));
#14717=CARTESIAN_POINT('',(-45.4962095095848,32.0666264548458,11.1665661371145));
#14718=CARTESIAN_POINT('',(-45.488630487918,32.,11.));
#14719=CARTESIAN_POINT('',(-45.488630487918,9.,11.));
#14720=CARTESIAN_POINT('',(-45.488630487918,32.,11.));
#14721=VECTOR('',#14722,1.);
#14722=DIRECTION('',(0.,-1.,0.));
#14723=CARTESIAN_POINT('',(-45.3972473588517,8.,10.));
#14724=CARTESIAN_POINT('',(-45.488630487918,9.,11.));
#14725=CARTESIAN_POINT('',(-45.4734052613108,8.66539122143766,10.6653912214377));
#14726=CARTESIAN_POINT('',(-45.4429230386732,8.33182612086613,10.3318261208661));
#14727=CARTESIAN_POINT('',(-45.3972473588517,8.,10.));
#14728=AXIS2_PLACEMENT_3D('',#14729,#14730,#14731);
#14729=CARTESIAN_POINT('',(-34.5,8.,11.5));
#14730=DIRECTION('',(1.22464679914735E-16,-1.,0.));
#14731=DIRECTION('',(-0.990658850804699,-1.21320719068497E-16,-0.136363636363636));
#14732=CARTESIAN_POINT('',(-47.,8.,10.));
#14733=CARTESIAN_POINT('',(-47.,8.,10.));
#14734=VECTOR('',#14735,1.);
#14735=DIRECTION('',(1.,0.,0.));
#14736=CARTESIAN_POINT('',(-47.,8.,8.00000000000001));
#14737=CARTESIAN_POINT('',(-47.,8.,10.));
#14738=VECTOR('',#14739,1.);
#14739=DIRECTION('',(0.,0.,-1.));
#14740=CARTESIAN_POINT('',(-45.6242977306435,7.99999999999999,8.00000000000001));
#14741=CARTESIAN_POINT('',(-47.,8.,8.00000000000001));
#14742=VECTOR('',#14743,1.);
#14743=DIRECTION('',(1.,0.,0.));
#14744=AXIS2_PLACEMENT_3D('',#14745,#14746,#14747);
#14745=CARTESIAN_POINT('',(-34.5,8.,12.5));
#14746=DIRECTION('',(1.22464679914735E-16,-1.,0.));
#14747=DIRECTION('',(-0.927024810886958,-1.13527796738289E-16,-0.374999999999999));
#14748=CARTESIAN_POINT('',(-45.6242977306435,-8.,8.00000000000001));
#14749=CARTESIAN_POINT('',(-45.6242977306435,7.99999999999999,8.00000000000001));
#14750=VECTOR('',#14751,1.);
#14751=DIRECTION('',(0.,-1.,-1.11022302462516E-16));
#14752=AXIS2_PLACEMENT_3D('',#14753,#14754,#14755);
#14753=CARTESIAN_POINT('',(-34.5,-8.,12.5));
#14754=DIRECTION('',(1.22464679914735E-16,-1.,0.));
#14755=DIRECTION('',(-0.927024810886958,-1.13527796738289E-16,-0.374999999999999));
#14756=CARTESIAN_POINT('',(-47.,-8.,8.00000000000001));
#14757=CARTESIAN_POINT('',(-47.,-8.,8.00000000000001));
#14758=VECTOR('',#14759,1.);
#14759=DIRECTION('',(1.,0.,0.));
#14760=CARTESIAN_POINT('',(-47.,-8.,10.));
#14761=CARTESIAN_POINT('',(-47.,-8.,8.00000000000001));
#14762=VECTOR('',#14763,1.);
#14763=DIRECTION('',(0.,0.,1.));
#14764=CARTESIAN_POINT('',(-45.3972473588517,-8.,10.));
#14765=CARTESIAN_POINT('',(-47.,-8.,10.));
#14766=VECTOR('',#14767,1.);
#14767=DIRECTION('',(1.,0.,0.));
#14768=AXIS2_PLACEMENT_3D('',#14769,#14770,#14771);
#14769=CARTESIAN_POINT('',(-34.5,-8.,11.5));
#14770=DIRECTION('',(1.22464679914735E-16,-1.,0.));
#14771=DIRECTION('',(-0.990658850804699,-1.21320719068497E-16,-0.136363636363636));
#14772=CARTESIAN_POINT('',(-45.488630487918,-9.,11.));
#14773=CARTESIAN_POINT('',(-45.488630487918,-9.,11.));
#14774=CARTESIAN_POINT('',(-45.4734052613108,-8.66539122143766,10.6653912214377));
#14775=CARTESIAN_POINT('',(-45.4429230386732,-8.33182612086613,10.3318261208661));
#14776=CARTESIAN_POINT('',(-45.3972473588517,-8.,10.));
#14777=CARTESIAN_POINT('',(-45.488630487918,-32.,11.));
#14778=CARTESIAN_POINT('',(-45.488630487918,-8.99999999999999,11.));
#14779=VECTOR('',#14780,1.);
#14780=DIRECTION('',(3.08931624243522E-16,-1.,0.));
#14781=CARTESIAN_POINT('',(-45.5,-32.2,11.5));
#14782=CARTESIAN_POINT('',(-45.5,-32.2,11.5));
#14783=CARTESIAN_POINT('',(-45.5,-32.1333046093315,11.3332615233287));
#14784=CARTESIAN_POINT('',(-45.4962095095848,-32.0666264548458,11.1665661371145));
#14785=CARTESIAN_POINT('',(-45.488630487918,-32.,11.));
#14786=CARTESIAN_POINT('',(-45.5,-32.2,11.5));
#14787=VECTOR('',#14788,1.);
#14788=DIRECTION('',(0.,-1.,0.));
#14789=CARTESIAN_POINT('',(-45.,-21.4457389854576,8.221280737849));
#14790=CARTESIAN_POINT('',(-45.,-21.4457389854576,8.22128073784899));
#14791=VECTOR('',#14792,1.);
#14792=DIRECTION('',(0.,-1.,1.11340590315095E-16));
#14793=CARTESIAN_POINT('',(-40.0452682532047,-30.,2.));
#14794=CARTESIAN_POINT('',(-45.,-21.4457389854576,8.22128073784901));
#14795=CARTESIAN_POINT('',(-44.1724965025169,-25.0895647569495,5.57122563130943));
#14796=CARTESIAN_POINT('',(-42.4429371591215,-28.0756198694416,3.39954918586066));
#14797=CARTESIAN_POINT('',(-40.0452682532047,-30.,2.));
#14798=CARTESIAN_POINT('',(-40.0452682532047,-30.,2.00000000000001));
#14799=VECTOR('',#14800,1.);
#14800=DIRECTION('',(0.,-1.,1.20024110770287E-16));
#14801=CARTESIAN_POINT('',(-28.9547317467953,-30.,2.));
#14802=CARTESIAN_POINT('',(-28.9547317467953,-30.,2.00000000000001));
#14803=VECTOR('',#14804,1.);
#14804=DIRECTION('',(0.,-1.,1.20024110770287E-16));
#14805=CARTESIAN_POINT('',(-23.6027526411483,-19.,10.));
#14806=CARTESIAN_POINT('',(-28.9547317467953,-30.,2.));
#14807=CARTESIAN_POINT('',(-25.9842669984447,-27.6158912825104,3.73389724908336));
#14808=CARTESIAN_POINT('',(-24.0717733908879,-23.6851155324839,6.59264324910264));
#14809=CARTESIAN_POINT('',(-23.6027526411483,-19.,10.));
#14810=CARTESIAN_POINT('',(-23.6027526411483,19.,10.));
#14811=CARTESIAN_POINT('',(-23.6027526411483,19.,10.));
#14812=VECTOR('',#14813,1.);
#14813=DIRECTION('',(9.34924652315921E-17,-1.,-9.34924652315921E-17));
#14814=CARTESIAN_POINT('',(-28.9547317467953,30.,2.00000000000001));
#14815=CARTESIAN_POINT('',(-28.9547317467953,30.,2.));
#14816=CARTESIAN_POINT('',(-25.9842669984448,27.6158912825104,3.73389724908336));
#14817=CARTESIAN_POINT('',(-24.0717733908879,23.6851155324839,6.59264324910264));
#14818=CARTESIAN_POINT('',(-23.6027526411483,19.,10.));
#14819=CARTESIAN_POINT('',(-28.9547317467953,37.4,2.00000000000001));
#14820=VECTOR('',#14821,1.);
#14821=DIRECTION('',(0.,-1.,0.));
#14822=CARTESIAN_POINT('',(32.,38.,2.99999999999998));
#14823=AXIS2_PLACEMENT_3D('',#14824,#14825,#14826);
#14824=CARTESIAN_POINT('',(32.,38.,4.6));
#14825=DIRECTION('',(0.,1.,0.));
#14826=DIRECTION('',(-1.33226762955017E-14,0.,-1.));
#14827=CARTESIAN_POINT('',(37.,38.,3.00000000000002));
#14828=CARTESIAN_POINT('',(37.,38.,3.));
#14829=VECTOR('',#14830,1.);
#14830=DIRECTION('',(-1.,0.,-4.61852778244065E-15));
#14831=AXIS2_PLACEMENT_3D('',#14832,#14833,#14834);
#14832=CARTESIAN_POINT('',(37.,38.,4.59999967353198));
#14833=DIRECTION('',(0.,1.,0.));
#14834=DIRECTION('',(0.999999999999979,0.,2.04042553963998E-7));
#14835=CARTESIAN_POINT('',(37.,37.4,3.00000000000002));
#14836=VECTOR('',#14837,1.);
#14837=DIRECTION('',(0.,1.,0.));
#14838=CARTESIAN_POINT('',(46.,41.25,16.));
#14839=CARTESIAN_POINT('',(47.,40.25,16.));
#14840=AXIS2_PLACEMENT_3D('',#14841,#14842,#14843);
#14841=CARTESIAN_POINT('',(46.,40.25,16.));
#14842=DIRECTION('',(0.,0.,1.));
#14843=DIRECTION('',(1.,0.,0.));
#14844=CARTESIAN_POINT('',(46.,41.25,16.));
#14845=VECTOR('',#14846,1.);
#14846=DIRECTION('',(-1.,0.,0.));
#14847=CARTESIAN_POINT('',(45.5,34.,16.));
#14848=CARTESIAN_POINT('',(45.5,34.,16.));
#14849=VECTOR('',#14850,1.);
#14850=DIRECTION('',(0.,1.,0.));
#14851=CARTESIAN_POINT('',(47.,34.,16.));
#14852=CARTESIAN_POINT('',(47.,34.,16.));
#14853=VECTOR('',#14854,1.);
#14854=DIRECTION('',(-1.,0.,0.));
#14855=CARTESIAN_POINT('',(47.,40.25,16.));
#14856=VECTOR('',#14857,1.);
#14857=DIRECTION('',(0.,-1.,0.));
#14858=CARTESIAN_POINT('',(46.,41.25,5.96241588788599E-16));
#14859=VECTOR('',#14860,1.);
#14860=DIRECTION('',(0.,0.,1.));
#14861=CARTESIAN_POINT('',(32.,37.4,2.99999999999998));
#14862=VECTOR('',#14863,1.);
#14863=DIRECTION('',(0.,1.,0.));
#14864=CARTESIAN_POINT('',(30.4,41.25,16.));
#14865=VECTOR('',#14866,1.);
#14866=DIRECTION('',(-1.,-4.80096443081149E-16,0.));
#14867=CARTESIAN_POINT('',(9.,38.,3.));
#14868=AXIS2_PLACEMENT_3D('',#14869,#14870,#14871);
#14869=CARTESIAN_POINT('',(9.,38.,4.6));
#14870=DIRECTION('',(0.,1.,0.));
#14871=DIRECTION('',(-1.11022302462516E-15,0.,-1.));
#14872=CARTESIAN_POINT('',(14.,38.,3.));
#14873=CARTESIAN_POINT('',(14.,38.,3.));
#14874=VECTOR('',#14875,1.);
#14875=DIRECTION('',(-1.,0.,-1.77635683940025E-16));
#14876=AXIS2_PLACEMENT_3D('',#14877,#14878,#14879);
#14877=CARTESIAN_POINT('',(14.,38.,4.6));
#14878=DIRECTION('',(0.,1.,0.));
#14879=DIRECTION('',(1.,0.,0.));
#14880=CARTESIAN_POINT('',(14.,37.4,3.));
#14881=VECTOR('',#14882,1.);
#14882=DIRECTION('',(0.,1.,0.));
#14883=CARTESIAN_POINT('',(9.,37.4,3.));
#14884=VECTOR('',#14885,1.);
#14885=DIRECTION('',(0.,1.,0.));
#14886=CARTESIAN_POINT('',(-14.,38.,2.99999999999998));
#14887=CARTESIAN_POINT('',(-14.,37.4,2.99999999999998));
#14888=VECTOR('',#14889,1.);
#14889=DIRECTION('',(0.,1.,0.));
#14890=AXIS2_PLACEMENT_3D('',#14891,#14892,#14893);
#14891=CARTESIAN_POINT('',(-14.,38.,4.6));
#14892=DIRECTION('',(0.,1.,0.));
#14893=DIRECTION('',(-1.33226762955017E-14,0.,-1.));
#14894=CARTESIAN_POINT('',(-9.,38.,3.00000000000002));
#14895=CARTESIAN_POINT('',(-9.,38.,3.));
#14896=VECTOR('',#14897,1.);
#14897=DIRECTION('',(-1.,0.,-4.61852778244065E-15));
#14898=CARTESIAN_POINT('',(-7.4000003264681,38.,4.6));
#14899=AXIS2_PLACEMENT_3D('',#14900,#14901,#14902);
#14900=CARTESIAN_POINT('',(-9.00000000000001,38.,4.59999967353198));
#14901=DIRECTION('',(0.,1.,0.));
#14902=DIRECTION('',(0.999999999999979,0.,2.04042553963997E-7));
#14903=CARTESIAN_POINT('',(-7.4000003264681,38.,16.));
#14904=VECTOR('',#14905,1.);
#14905=DIRECTION('',(0.,0.,-1.));
#14906=CARTESIAN_POINT('',(-15.6,41.25,16.));
#14907=VECTOR('',#14908,1.);
#14908=DIRECTION('',(-1.,-4.80096443081149E-16,0.));
#14909=CARTESIAN_POINT('',(-37.,38.,2.99999999999998));
#14910=AXIS2_PLACEMENT_3D('',#14911,#14912,#14913);
#14911=CARTESIAN_POINT('',(-37.,38.,4.6));
#14912=DIRECTION('',(0.,1.,0.));
#14913=DIRECTION('',(-1.33226762955017E-14,0.,-1.));
#14914=CARTESIAN_POINT('',(-32.,38.,3.00000000000002));
#14915=CARTESIAN_POINT('',(-32.,38.,3.));
#14916=VECTOR('',#14917,1.);
#14917=DIRECTION('',(-1.,0.,-4.61852778244065E-15));
#14918=AXIS2_PLACEMENT_3D('',#14919,#14920,#14921);
#14919=CARTESIAN_POINT('',(-32.,38.,4.59999967353198));
#14920=DIRECTION('',(0.,1.,0.));
#14921=DIRECTION('',(0.999999999999979,0.,2.04042553963998E-7));
#14922=CARTESIAN_POINT('',(-32.,37.4,3.00000000000002));
#14923=VECTOR('',#14924,1.);
#14924=DIRECTION('',(0.,1.,0.));
#14925=CARTESIAN_POINT('',(-37.,37.4,2.99999999999998));
#14926=VECTOR('',#14927,1.);
#14927=DIRECTION('',(0.,1.,0.));
#14928=CARTESIAN_POINT('',(-46.,41.25,16.));
#14929=CARTESIAN_POINT('',(-46.,41.25,16.));
#14930=VECTOR('',#14931,1.);
#14931=DIRECTION('',(0.,0.,-1.));
#14932=CARTESIAN_POINT('',(-38.6,41.25,16.));
#14933=VECTOR('',#14934,1.);
#14934=DIRECTION('',(-1.,0.,0.));
#14935=CARTESIAN_POINT('',(-47.,40.25,16.));
#14936=AXIS2_PLACEMENT_3D('',#14937,#14938,#14939);
#14937=CARTESIAN_POINT('',(-46.,40.25,16.));
#14938=DIRECTION('',(0.,0.,1.));
#14939=DIRECTION('',(0.,1.,0.));
#14940=CARTESIAN_POINT('',(-47.,34.,16.));
#14941=CARTESIAN_POINT('',(-47.,40.25,16.));
#14942=VECTOR('',#14943,1.);
#14943=DIRECTION('',(0.,-1.,0.));
#14944=CARTESIAN_POINT('',(-45.5,34.,16.));
#14945=CARTESIAN_POINT('',(-45.5,34.,16.));
#14946=VECTOR('',#14947,1.);
#14947=DIRECTION('',(-1.,0.,0.));
#14948=CARTESIAN_POINT('',(-45.5,37.4,16.));
#14949=VECTOR('',#14950,1.);
#14950=DIRECTION('',(0.,-1.,0.));
#14951=CARTESIAN_POINT('',(-7.4000003264681,37.4,4.6));
#14952=VECTOR('',#14953,1.);
#14953=DIRECTION('',(0.,1.,0.));
#14954=CARTESIAN_POINT('',(-7.4,37.4,1.29264970719629));
#14955=VECTOR('',#14956,1.);
#14956=DIRECTION('',(1.06866387397074E-16,-1.,2.37480860882386E-17));
#14957=CARTESIAN_POINT('',(47.,40.25,1.11022302462516E-15));
#14958=VECTOR('',#14959,1.);
#14959=DIRECTION('',(0.,0.,1.));
#14960=CARTESIAN_POINT('',(47.,32.,11.));
#14961=CARTESIAN_POINT('',(47.,32.,11.));
#14962=VECTOR('',#14963,1.);
#14963=DIRECTION('',(0.,0.371390676354104,0.928476690885259));
#14964=CARTESIAN_POINT('',(47.,9.,11.));
#14965=CARTESIAN_POINT('',(47.,9.,11.));
#14966=VECTOR('',#14967,1.);
#14967=DIRECTION('',(-3.08931624243522E-16,1.,7.72329060608805E-17));
#14968=CARTESIAN_POINT('',(47.,8.,9.99999999999999));
#14969=VECTOR('',#14970,1.);
#14970=DIRECTION('',(0.,0.707106781186547,0.707106781186547));
#14971=CARTESIAN_POINT('',(47.,-8.,7.99999999999999));
#14972=VECTOR('',#14973,1.);
#14973=DIRECTION('',(0.,1.,1.11022302462516E-16));
#14974=CARTESIAN_POINT('',(47.,-9.,11.));
#14975=CARTESIAN_POINT('',(47.,-9.,11.));
#14976=VECTOR('',#14977,1.);
#14977=DIRECTION('',(0.,0.707106781186547,-0.707106781186548));
#14978=CARTESIAN_POINT('',(47.,-32.,11.));
#14979=CARTESIAN_POINT('',(47.,-32.,11.));
#14980=VECTOR('',#14981,1.);
#14981=DIRECTION('',(-3.08931624243522E-16,1.,7.72329060608805E-17));
#14982=CARTESIAN_POINT('',(47.,-34.,16.));
#14983=VECTOR('',#14984,1.);
#14984=DIRECTION('',(0.,0.371390676354104,-0.928476690885259));
#14985=CARTESIAN_POINT('',(47.,-40.25,1.11022302462516E-15));
#14986=VECTOR('',#14987,1.);
#14987=DIRECTION('',(0.,0.,1.));
#14988=CARTESIAN_POINT('',(47.,-4.,4.));
#14989=CARTESIAN_POINT('',(47.,-4.,4.));
#14990=VECTOR('',#14991,1.);
#14991=DIRECTION('',(0.,0.,-1.));
#14992=CARTESIAN_POINT('',(47.,4.,4.));
#14993=CARTESIAN_POINT('',(47.,-4.,4.));
#14994=VECTOR('',#14995,1.);
#14995=DIRECTION('',(0.,1.,0.));
#14996=CARTESIAN_POINT('',(47.,4.,0.));
#14997=VECTOR('',#14998,1.);
#14998=DIRECTION('',(0.,0.,1.));
#14999=CARTESIAN_POINT('',(45.,4.,4.));
#15000=CARTESIAN_POINT('',(45.,4.,4.));
#15001=VECTOR('',#15002,1.);
#15002=DIRECTION('',(1.,0.,0.));
#15003=CARTESIAN_POINT('',(45.,4.,4.));
#15004=VECTOR('',#15005,1.);
#15005=DIRECTION('',(0.,0.,-1.));
#15006=CARTESIAN_POINT('',(45.,-4.,4.));
#15007=CARTESIAN_POINT('',(45.,-4.,4.));
#15008=VECTOR('',#15009,1.);
#15009=DIRECTION('',(0.,1.,0.));
#15010=CARTESIAN_POINT('',(45.,-4.,4.));
#15011=VECTOR('',#15012,1.);
#15012=DIRECTION('',(0.,0.,-1.));
#15013=CARTESIAN_POINT('',(47.,-4.,4.));
#15014=VECTOR('',#15015,1.);
#15015=DIRECTION('',(-1.,0.,0.));
#15016=CARTESIAN_POINT('',(-47.,-40.25,16.));
#15017=VECTOR('',#15018,1.);
#15018=DIRECTION('',(0.,0.,-1.));
#15019=CARTESIAN_POINT('',(-47.,40.25,16.));
#15020=VECTOR('',#15021,1.);
#15021=DIRECTION('',(0.,0.,-1.));
#15022=CARTESIAN_POINT('',(-47.,4.,4.));
#15023=CARTESIAN_POINT('',(-47.,4.,4.));
#15024=VECTOR('',#15025,1.);
#15025=DIRECTION('',(0.,0.,-1.));
#15026=CARTESIAN_POINT('',(-47.,-4.,4.));
#15027=CARTESIAN_POINT('',(-47.,4.,4.));
#15028=VECTOR('',#15029,1.);
#15029=DIRECTION('',(0.,-1.,0.));
#15030=CARTESIAN_POINT('',(-47.,-4.,0.));
#15031=VECTOR('',#15032,1.);
#15032=DIRECTION('',(0.,0.,1.));
#15033=CARTESIAN_POINT('',(-47.,-32.,11.));
#15034=CARTESIAN_POINT('',(-47.,-32.,11.));
#15035=VECTOR('',#15036,1.);
#15036=DIRECTION('',(0.,-0.371390676354104,0.928476690885259));
#15037=CARTESIAN_POINT('',(-47.,-9.,11.));
#15038=CARTESIAN_POINT('',(-47.,-9.00000000000001,11.));
#15039=VECTOR('',#15040,1.);
#15040=DIRECTION('',(3.08931624243522E-16,-1.,-1.54465812121761E-16));
#15041=CARTESIAN_POINT('',(-47.,-8.,10.));
#15042=VECTOR('',#15043,1.);
#15043=DIRECTION('',(0.,-0.707106781186548,0.707106781186547));
#15044=CARTESIAN_POINT('',(-47.,8.,8.00000000000001));
#15045=VECTOR('',#15046,1.);
#15046=DIRECTION('',(0.,-1.,-2.22044604925031E-16));
#15047=CARTESIAN_POINT('',(-47.,9.,11.));
#15048=CARTESIAN_POINT('',(-47.,9.,11.));
#15049=VECTOR('',#15050,1.);
#15050=DIRECTION('',(0.,-0.707106781186547,-0.707106781186548));
#15051=CARTESIAN_POINT('',(-47.,32.,11.));
#15052=CARTESIAN_POINT('',(-47.,32.,11.));
#15053=VECTOR('',#15054,1.);
#15054=DIRECTION('',(3.08931624243522E-16,-1.,0.));
#15055=CARTESIAN_POINT('',(-47.,34.,16.));
#15056=VECTOR('',#15057,1.);
#15057=DIRECTION('',(0.,-0.371390676354104,-0.928476690885259));
#15058=CARTESIAN_POINT('',(-45.,-4.,4.));
#15059=CARTESIAN_POINT('',(-45.,-4.,4.));
#15060=VECTOR('',#15061,1.);
#15061=DIRECTION('',(-1.,0.,0.));
#15062=CARTESIAN_POINT('',(-45.,-4.,4.));
#15063=VECTOR('',#15064,1.);
#15064=DIRECTION('',(0.,0.,-1.));
#15065=CARTESIAN_POINT('',(-45.,4.,4.));
#15066=CARTESIAN_POINT('',(-45.,4.,4.));
#15067=VECTOR('',#15068,1.);
#15068=DIRECTION('',(0.,-1.,0.));
#15069=CARTESIAN_POINT('',(-45.,4.,4.));
#15070=VECTOR('',#15071,1.);
#15071=DIRECTION('',(0.,0.,-1.));
#15072=CARTESIAN_POINT('',(-47.,4.,4.));
#15073=VECTOR('',#15074,1.);
#15074=DIRECTION('',(1.,0.,0.));
#15075=CARTESIAN_POINT('',(-46.75,38.6,-1.30000000000001));
#15076=AXIS2_PLACEMENT_3D('',#15077,#15078,#15079);
#15077=CARTESIAN_POINT('',(-46.,38.6,-1.30000000000001));
#15078=DIRECTION('',(1.22464679914735E-16,0.,-1.));
#15079=DIRECTION('',(-1.,0.,-1.22464679914735E-16));
#15080=CARTESIAN_POINT('',(24.6,-34.,1.));
#15081=AXIS2_PLACEMENT_3D('',#15082,#15083,#15084);
#15082=CARTESIAN_POINT('',(23.,-34.,0.999999999999995));
#15083=DIRECTION('',(-1.25825276124184E-16,6.00120553851436E-17,-1.));
#15084=DIRECTION('',(1.,1.22464679914735E-16,-1.25825276124184E-16));
#15085=CARTESIAN_POINT('',(24.6,34.,1.));
#15086=AXIS2_PLACEMENT_3D('',#15087,#15088,#15089);
#15087=CARTESIAN_POINT('',(23.,34.,0.999999999999999));
#15088=DIRECTION('',(-1.25825276124184E-16,6.00120553851436E-17,-1.));
#15089=DIRECTION('',(1.,1.22464679914735E-16,-1.25825276124184E-16));
#15090=CARTESIAN_POINT('',(-21.4,34.,1.));
#15091=AXIS2_PLACEMENT_3D('',#15092,#15093,#15094);
#15092=CARTESIAN_POINT('',(-23.,34.,1.));
#15093=DIRECTION('',(-1.25825276124184E-16,6.00120553851436E-17,-1.));
#15094=DIRECTION('',(1.,1.22464679914735E-16,-1.25825276124184E-16));
#15095=CARTESIAN_POINT('',(-21.4,-34.,1.));
#15096=AXIS2_PLACEMENT_3D('',#15097,#15098,#15099);
#15097=CARTESIAN_POINT('',(-23.,-34.,1.));
#15098=DIRECTION('',(-1.25825276124184E-16,6.00120553851436E-17,-1.));
#15099=DIRECTION('',(1.,1.22464679914735E-16,-1.25825276124184E-16));
#15100=CARTESIAN_POINT('',(17.0452682532047,-30.,2.));
#15101=VECTOR('',#15102,1.);
#15102=DIRECTION('',(1.,0.,-1.11866301136671E-16));
#15103=CARTESIAN_POINT('',(23.,-31.,2.));
#15104=AXIS2_PLACEMENT_3D('',#15105,#15106,#15107);
#15105=CARTESIAN_POINT('',(23.,-34.,2.));
#15106=DIRECTION('',(1.20890951570295E-16,2.40048221540574E-16,1.));
#15107=DIRECTION('',(6.12323399573676E-17,1.,-2.40048221540574E-16));
#15108=CARTESIAN_POINT('',(-9.,37.4,3.00000000000002));
#15109=VECTOR('',#15110,1.);
#15110=DIRECTION('',(0.,1.,0.));
#15111=CARTESIAN_POINT('',(-45.5,34.,16.));
#15112=VECTOR('',#15113,1.);
#15113=DIRECTION('',(0.,-0.371390676354104,-0.928476690885259));
#15114=CARTESIAN_POINT('',(-45.,30.,2.00000000000001));
#15115=CARTESIAN_POINT('',(-45.,21.4457389854577,8.22128073784898));
#15116=VECTOR('',#15117,1.);
#15117=DIRECTION('',(0.,0.808736084303188,-0.588171697675046));
#15118=CARTESIAN_POINT('',(-45.,30.,2.00000000000001));
#15119=VECTOR('',#15120,1.);
#15120=DIRECTION('',(0.,1.,6.00120553851436E-17));
#15121=CARTESIAN_POINT('',(-45.,30.,2.00000000000001));
#15122=VECTOR('',#15123,1.);
#15123=DIRECTION('',(1.,0.,0.));
#15124=CARTESIAN_POINT('',(-44.,33.7,2.00000000000001));
#15125=CARTESIAN_POINT('',(-44.9,33.7,2.00000000000001));
#15126=CARTESIAN_POINT('',(-44.,33.7,2.00000000000001));
#15127=VECTOR('',#15128,1.);
#15128=DIRECTION('',(-1.,0.,0.));
#15129=CARTESIAN_POINT('',(-44.9,34.3,2.00000000000001));
#15130=CARTESIAN_POINT('',(-44.9,33.7,2.00000000000001));
#15131=VECTOR('',#15132,1.);
#15132=DIRECTION('',(0.,1.,0.));
#15133=CARTESIAN_POINT('',(-44.,34.3,2.00000000000001));
#15134=CARTESIAN_POINT('',(-44.9,34.3,2.00000000000001));
#15135=VECTOR('',#15136,1.);
#15136=DIRECTION('',(1.,0.,0.));
#15137=CARTESIAN_POINT('',(-44.,35.2,2.00000000000001));
#15138=CARTESIAN_POINT('',(-44.,34.3,2.00000000000001));
#15139=VECTOR('',#15140,1.);
#15140=DIRECTION('',(0.,1.,0.));
#15141=CARTESIAN_POINT('',(-43.4,35.2,2.00000000000001));
#15142=CARTESIAN_POINT('',(-44.,35.2,2.00000000000001));
#15143=VECTOR('',#15144,1.);
#15144=DIRECTION('',(1.,0.,0.));
#15145=CARTESIAN_POINT('',(-43.4,34.3,2.00000000000001));
#15146=CARTESIAN_POINT('',(-43.4,35.2,2.00000000000001));
#15147=VECTOR('',#15148,1.);
#15148=DIRECTION('',(0.,-1.,0.));
#15149=CARTESIAN_POINT('',(-42.5,34.3,2.00000000000001));
#15150=CARTESIAN_POINT('',(-43.4,34.3,2.00000000000001));
#15151=VECTOR('',#15152,1.);
#15152=DIRECTION('',(1.,0.,-4.93432455388959E-16));
#15153=CARTESIAN_POINT('',(-42.5,33.7,2.00000000000001));
#15154=CARTESIAN_POINT('',(-42.5,34.3,2.00000000000001));
#15155=VECTOR('',#15156,1.);
#15156=DIRECTION('',(0.,-1.,0.));
#15157=CARTESIAN_POINT('',(-43.4,33.7,2.00000000000001));
#15158=CARTESIAN_POINT('',(-42.5,33.7,2.00000000000001));
#15159=VECTOR('',#15160,1.);
#15160=DIRECTION('',(-1.,0.,4.93432455388963E-16));
#15161=CARTESIAN_POINT('',(-43.4,32.8,2.00000000000001));
#15162=CARTESIAN_POINT('',(-43.4,33.7,2.00000000000001));
#15163=VECTOR('',#15164,1.);
#15164=DIRECTION('',(0.,-1.,-4.93432455388955E-16));
#15165=CARTESIAN_POINT('',(-44.,32.8,2.00000000000001));
#15166=CARTESIAN_POINT('',(-43.4,32.8,2.00000000000001));
#15167=VECTOR('',#15168,1.);
#15168=DIRECTION('',(-1.,0.,0.));
#15169=CARTESIAN_POINT('',(-44.,32.8,2.00000000000001));
#15170=VECTOR('',#15171,1.);
#15171=DIRECTION('',(0.,1.,4.93432455388955E-16));
#15172=CARTESIAN_POINT('',(-28.9547317467953,30.,2.00000000000001));
#15173=VECTOR('',#15174,1.);
#15174=DIRECTION('',(1.,0.,-7.45775340911138E-17));
#15175=CARTESIAN_POINT('',(-23.,37.,2.00000000000001));
#15176=AXIS2_PLACEMENT_3D('',#15177,#15178,#15179);
#15177=CARTESIAN_POINT('',(-23.,34.,2.));
#15178=DIRECTION('',(1.25825276124184E-16,-6.00120553851436E-17,1.));
#15179=DIRECTION('',(6.12323399573676E-17,1.,6.00120553851436E-17));
#15180=CARTESIAN_POINT('',(-5.95473174679529,-30.,2.));
#15181=CARTESIAN_POINT('',(-5.95473174679525,-30.,2.00000000000001));
#15182=VECTOR('',#15183,1.);
#15183=DIRECTION('',(1.20024110770287E-16,-1.,6.00120553851435E-17));
#15184=CARTESIAN_POINT('',(-0.602752641148314,-19.,10.));
#15185=CARTESIAN_POINT('',(-5.95473174679534,-30.,1.99999999999997));
#15186=CARTESIAN_POINT('',(-2.98426699844477,-27.6158912825104,3.73389724908333));
#15187=CARTESIAN_POINT('',(-1.07177339088788,-23.6851155324839,6.59264324910261));
#15188=CARTESIAN_POINT('',(-0.602752641148317,-19.,10.));
#15189=CARTESIAN_POINT('',(-0.602752641148328,19.,10.));
#15190=CARTESIAN_POINT('',(-0.602752641148325,19.,10.));
#15191=VECTOR('',#15192,1.);
#15192=DIRECTION('',(2.57104279386878E-16,-1.,0.));
#15193=CARTESIAN_POINT('',(-5.95473174679529,30.,2.));
#15194=CARTESIAN_POINT('',(-5.95473174679532,30.,1.99999999999998));
#15195=CARTESIAN_POINT('',(-2.98426699844477,27.6158912825104,3.73389724908335));
#15196=CARTESIAN_POINT('',(-1.07177339088789,23.6851155324839,6.59264324910262));
#15197=CARTESIAN_POINT('',(-0.602752641148324,19.,10.));
#15198=CARTESIAN_POINT('',(-5.95473174679525,37.4,2.00000000000002));
#15199=VECTOR('',#15200,1.);
#15200=DIRECTION('',(1.20024110770287E-16,-1.,-6.00120553851436E-17));
#15201=CARTESIAN_POINT('',(-5.95473174679529,30.,2.));
#15202=VECTOR('',#15203,1.);
#15203=DIRECTION('',(1.,0.,-1.11866301136671E-16));
#15204=CARTESIAN_POINT('',(-0.299999999999996,33.7,2.));
#15205=CARTESIAN_POINT('',(-1.2,33.7,2.));
#15206=CARTESIAN_POINT('',(-0.299999999999997,33.7,2.));
#15207=VECTOR('',#15208,1.);
#15208=DIRECTION('',(-1.,0.,4.93432455388959E-16));
#15209=CARTESIAN_POINT('',(-1.2,34.3,2.));
#15210=CARTESIAN_POINT('',(-1.2,33.7,2.));
#15211=VECTOR('',#15212,1.);
#15212=DIRECTION('',(0.,1.,0.));
#15213=CARTESIAN_POINT('',(-0.299999999999996,34.3,2.));
#15214=CARTESIAN_POINT('',(-1.2,34.3,2.));
#15215=VECTOR('',#15216,1.);
#15216=DIRECTION('',(1.,0.,-4.93432455388959E-16));
#15217=CARTESIAN_POINT('',(-0.299999999999996,35.2,2.));
#15218=CARTESIAN_POINT('',(-0.299999999999996,34.3,2.));
#15219=VECTOR('',#15220,1.);
#15220=DIRECTION('',(1.23358113847239E-16,1.,0.));
#15221=CARTESIAN_POINT('',(0.300000000000004,35.2,2.));
#15222=CARTESIAN_POINT('',(-0.299999999999997,35.2,2.));
#15223=VECTOR('',#15224,1.);
#15224=DIRECTION('',(1.,0.,0.));
#15225=CARTESIAN_POINT('',(0.300000000000004,34.3,2.));
#15226=CARTESIAN_POINT('',(0.300000000000004,35.2,2.));
#15227=VECTOR('',#15228,1.);
#15228=DIRECTION('',(0.,-1.,0.));
#15229=CARTESIAN_POINT('',(1.2,34.3,2.));
#15230=CARTESIAN_POINT('',(0.300000000000004,34.3,2.));
#15231=VECTOR('',#15232,1.);
#15232=DIRECTION('',(1.,0.,0.));
#15233=CARTESIAN_POINT('',(1.2,33.7,2.));
#15234=CARTESIAN_POINT('',(1.2,34.3,2.));
#15235=VECTOR('',#15236,1.);
#15236=DIRECTION('',(0.,-1.,0.));
#15237=CARTESIAN_POINT('',(0.300000000000004,33.7,2.));
#15238=CARTESIAN_POINT('',(1.2,33.7,2.));
#15239=VECTOR('',#15240,1.);
#15240=DIRECTION('',(-1.,0.,0.));
#15241=CARTESIAN_POINT('',(0.300000000000004,32.8,2.));
#15242=CARTESIAN_POINT('',(0.300000000000004,33.7,2.));
#15243=VECTOR('',#15244,1.);
#15244=DIRECTION('',(0.,-1.,-4.93432455388955E-16));
#15245=CARTESIAN_POINT('',(-0.299999999999996,32.8,2.));
#15246=CARTESIAN_POINT('',(0.300000000000004,32.8,2.));
#15247=VECTOR('',#15248,1.);
#15248=DIRECTION('',(-1.,0.,0.));
#15249=CARTESIAN_POINT('',(-0.299999999999997,32.8,2.));
#15250=VECTOR('',#15251,1.);
#15251=DIRECTION('',(1.23358113847239E-16,1.,4.93432455388955E-16));
#15252=CARTESIAN_POINT('',(17.0452682532047,30.,2.));
#15253=VECTOR('',#15254,1.);
#15254=DIRECTION('',(1.,0.,-9.32219176138921E-17));
#15255=CARTESIAN_POINT('',(23.,37.,2.));
#15256=AXIS2_PLACEMENT_3D('',#15257,#15258,#15259);
#15257=CARTESIAN_POINT('',(23.,34.,2.));
#15258=DIRECTION('',(1.25825276124184E-16,-6.00120553851436E-17,1.));
#15259=DIRECTION('',(6.12323399573676E-17,1.,6.00120553851436E-17));
#15260=CARTESIAN_POINT('',(42.5,33.7,2.));
#15261=CARTESIAN_POINT('',(42.5,34.3,2.));
#15262=CARTESIAN_POINT('',(42.5,33.7,2.));
#15263=VECTOR('',#15264,1.);
#15264=DIRECTION('',(0.,1.,7.40148683083445E-16));
#15265=CARTESIAN_POINT('',(43.4,34.3,2.));
#15266=CARTESIAN_POINT('',(42.5,34.3,2.));
#15267=VECTOR('',#15268,1.);
#15268=DIRECTION('',(1.,0.,0.));
#15269=CARTESIAN_POINT('',(43.4,35.2,2.));
#15270=CARTESIAN_POINT('',(43.4,34.3,2.));
#15271=VECTOR('',#15272,1.);
#15272=DIRECTION('',(0.,1.,0.));
#15273=CARTESIAN_POINT('',(44.1,35.2,2.));
#15274=CARTESIAN_POINT('',(43.4,35.2,2.));
#15275=VECTOR('',#15276,1.);
#15276=DIRECTION('',(1.,0.,0.));
#15277=CARTESIAN_POINT('',(44.1,34.3,2.));
#15278=CARTESIAN_POINT('',(44.1,35.2,2.));
#15279=VECTOR('',#15280,1.);
#15280=DIRECTION('',(0.,-1.,0.));
#15281=CARTESIAN_POINT('',(45.,34.3,2.));
#15282=CARTESIAN_POINT('',(44.1,34.3,2.));
#15283=VECTOR('',#15284,1.);
#15284=DIRECTION('',(1.,0.,-2.46716227694478E-16));
#15285=CARTESIAN_POINT('',(45.,34.3,2.));
#15286=VECTOR('',#15287,1.);
#15287=DIRECTION('',(0.,1.,0.));
#15288=CARTESIAN_POINT('',(45.,30.,2.));
#15289=CARTESIAN_POINT('',(40.0452682532047,30.,2.));
#15290=VECTOR('',#15291,1.);
#15291=DIRECTION('',(1.,0.,-8.96293144704145E-17));
#15292=CARTESIAN_POINT('',(45.,33.7,2.));
#15293=CARTESIAN_POINT('',(45.,30.,2.));
#15294=VECTOR('',#15295,1.);
#15295=DIRECTION('',(0.,1.,6.00120553851437E-17));
#15296=CARTESIAN_POINT('',(44.1,33.7,2.));
#15297=CARTESIAN_POINT('',(45.,33.7,2.));
#15298=VECTOR('',#15299,1.);
#15299=DIRECTION('',(-1.,0.,2.46716227694478E-16));
#15300=CARTESIAN_POINT('',(44.1,32.8,2.));
#15301=CARTESIAN_POINT('',(44.1,33.7,2.));
#15302=VECTOR('',#15303,1.);
#15303=DIRECTION('',(0.,-1.,0.));
#15304=CARTESIAN_POINT('',(43.4,32.8,2.));
#15305=CARTESIAN_POINT('',(44.1,32.8,2.));
#15306=VECTOR('',#15307,1.);
#15307=DIRECTION('',(-1.,0.,0.));
#15308=CARTESIAN_POINT('',(43.4,33.7,2.));
#15309=CARTESIAN_POINT('',(43.4,32.8,2.));
#15310=VECTOR('',#15311,1.);
#15311=DIRECTION('',(0.,1.,0.));
#15312=CARTESIAN_POINT('',(43.4,33.7,2.));
#15313=VECTOR('',#15314,1.);
#15314=DIRECTION('',(-1.,0.,0.));
#15315=CARTESIAN_POINT('',(45.,34.3,1.5));
#15316=CARTESIAN_POINT('',(45.,34.3,1.5));
#15317=VECTOR('',#15318,1.);
#15318=DIRECTION('',(0.,0.,1.));
#15319=CARTESIAN_POINT('',(45.,33.7,1.5));
#15320=CARTESIAN_POINT('',(45.,33.7,1.5));
#15321=VECTOR('',#15322,1.);
#15322=DIRECTION('',(0.,1.,0.));
#15323=CARTESIAN_POINT('',(45.,33.7,1.5));
#15324=VECTOR('',#15325,1.);
#15325=DIRECTION('',(0.,0.,1.));
#15326=CARTESIAN_POINT('',(45.,21.4457389854576,8.221280737849));
#15327=VECTOR('',#15328,1.);
#15328=DIRECTION('',(0.,0.808736084303188,-0.588171697675046));
#15329=CARTESIAN_POINT('',(45.5,32.2,11.5));
#15330=VECTOR('',#15331,1.);
#15331=DIRECTION('',(0.,0.371390676354104,0.928476690885259));
#15332=CARTESIAN_POINT('',(22.3972473588517,19.,10.));
#15333=VECTOR('',#15334,1.);
#15334=DIRECTION('',(1.,0.,-1.47353716776428E-15));
#15335=CARTESIAN_POINT('',(22.3972473588517,-19.,10.));
#15336=VECTOR('',#15337,1.);
#15337=DIRECTION('',(1.,0.,0.));
#15338=CARTESIAN_POINT('',(45.,-30.,1.99999999999999));
#15339=CARTESIAN_POINT('',(45.,-37.4,1.99999999999999));
#15340=VECTOR('',#15341,1.);
#15341=DIRECTION('',(0.,1.,-2.40048221540574E-16));
#15342=CARTESIAN_POINT('',(40.0452682532047,-30.,1.99999999999999));
#15343=VECTOR('',#15344,1.);
#15344=DIRECTION('',(1.,0.,-1.34443971705623E-16));
#15345=CARTESIAN_POINT('',(43.4,-35.2,1.99999999999999));
#15346=CARTESIAN_POINT('',(43.4,-32.8,1.99999999999999));
#15347=CARTESIAN_POINT('',(43.4,-35.2,1.99999999999999));
#15348=VECTOR('',#15349,1.);
#15349=DIRECTION('',(0.,1.,-1.85037170770859E-16));
#15350=CARTESIAN_POINT('',(44.1,-32.8,1.99999999999999));
#15351=CARTESIAN_POINT('',(43.4,-32.8,1.99999999999999));
#15352=VECTOR('',#15353,1.);
#15353=DIRECTION('',(1.,0.,-3.17206578464323E-16));
#15354=CARTESIAN_POINT('',(44.1,-35.2,1.99999999999999));
#15355=CARTESIAN_POINT('',(44.1,-32.8,1.99999999999999));
#15356=VECTOR('',#15357,1.);
#15357=DIRECTION('',(0.,-1.,1.85037170770859E-16));
#15358=CARTESIAN_POINT('',(44.1,-35.2,1.99999999999999));
#15359=VECTOR('',#15360,1.);
#15360=DIRECTION('',(-1.,0.,3.17206578464329E-16));
#15361=CARTESIAN_POINT('',(45.,-30.,1.99999999999999));
#15362=VECTOR('',#15363,1.);
#15363=DIRECTION('',(0.,0.808736084303189,0.588171697675046));
#15364=CARTESIAN_POINT('',(45.5,-34.,16.));
#15365=VECTOR('',#15366,1.);
#15366=DIRECTION('',(0.,0.371390676354104,-0.928476690885259));
#15367=CARTESIAN_POINT('',(45.488630487918,-32.,11.));
#15368=VECTOR('',#15369,1.);
#15369=DIRECTION('',(1.,0.,0.));
#15370=CARTESIAN_POINT('',(45.488630487918,-9.,11.));
#15371=VECTOR('',#15372,1.);
#15372=DIRECTION('',(1.,0.,0.));
#15373=CARTESIAN_POINT('',(45.488630487918,9.,11.));
#15374=VECTOR('',#15375,1.);
#15375=DIRECTION('',(1.,0.,0.));
#15376=CARTESIAN_POINT('',(45.4886304879179,32.,11.));
#15377=VECTOR('',#15378,1.);
#15378=DIRECTION('',(1.,0.,0.));
#15379=CARTESIAN_POINT('',(-5.95473174679529,-30.,2.));
#15380=VECTOR('',#15381,1.);
#15381=DIRECTION('',(1.,0.,-1.11866301136671E-16));
#15382=CARTESIAN_POINT('',(-0.300000000000004,-35.2,2.));
#15383=CARTESIAN_POINT('',(-0.300000000000004,-32.8,2.));
#15384=CARTESIAN_POINT('',(-0.300000000000004,-35.2,2.));
#15385=VECTOR('',#15386,1.);
#15386=DIRECTION('',(4.62592926927147E-17,1.,-1.85037170770859E-16));
#15387=CARTESIAN_POINT('',(0.299999999999996,-32.8,2.));
#15388=CARTESIAN_POINT('',(-0.300000000000004,-32.8,2.));
#15389=VECTOR('',#15390,1.);
#15390=DIRECTION('',(1.,0.,-3.70074341541718E-16));
#15391=CARTESIAN_POINT('',(0.299999999999996,-35.2,2.));
#15392=CARTESIAN_POINT('',(0.299999999999997,-32.8,2.));
#15393=VECTOR('',#15394,1.);
#15394=DIRECTION('',(-9.25185853854295E-17,-1.,1.85037170770859E-16));
#15395=CARTESIAN_POINT('',(0.299999999999997,-35.2,2.));
#15396=VECTOR('',#15397,1.);
#15397=DIRECTION('',(-1.,0.,3.70074341541718E-16));
#15398=CARTESIAN_POINT('',(-0.602752641148328,19.,10.));
#15399=VECTOR('',#15400,1.);
#15400=DIRECTION('',(1.,0.,0.));
#15401=CARTESIAN_POINT('',(-0.602752641148314,-19.,10.));
#15402=VECTOR('',#15403,1.);
#15403=DIRECTION('',(1.,0.,0.));
#15404=CARTESIAN_POINT('',(-28.9547317467953,-30.,2.));
#15405=VECTOR('',#15406,1.);
#15406=DIRECTION('',(1.,0.,-1.49155068182228E-16));
#15407=CARTESIAN_POINT('',(-23.,-31.,2.));
#15408=AXIS2_PLACEMENT_3D('',#15409,#15410,#15411);
#15409=CARTESIAN_POINT('',(-23.,-34.,2.));
#15410=DIRECTION('',(1.20890951570295E-16,2.40048221540574E-16,1.));
#15411=DIRECTION('',(6.12323399573676E-17,1.,-2.40048221540574E-16));
#15412=CARTESIAN_POINT('',(-23.6027526411483,19.,10.));
#15413=VECTOR('',#15414,1.);
#15414=DIRECTION('',(1.,0.,-1.47353716776428E-15));
#15415=CARTESIAN_POINT('',(-23.6027526411483,-19.,10.));
#15416=VECTOR('',#15417,1.);
#15417=DIRECTION('',(1.,0.,-1.47353716776428E-15));
#15418=CARTESIAN_POINT('',(-45.,-30.,2.));
#15419=CARTESIAN_POINT('',(-45.,-30.,2.));
#15420=VECTOR('',#15421,1.);
#15421=DIRECTION('',(1.,0.,-8.96293144704149E-17));
#15422=CARTESIAN_POINT('',(-45.,-37.4,2.00000000000001));
#15423=VECTOR('',#15424,1.);
#15424=DIRECTION('',(0.,1.,-2.40048221540574E-16));
#15425=CARTESIAN_POINT('',(-44.,-35.2,2.));
#15426=CARTESIAN_POINT('',(-44.,-32.8,2.));
#15427=CARTESIAN_POINT('',(-44.,-35.2,2.));
#15428=VECTOR('',#15429,1.);
#15429=DIRECTION('',(0.,1.,-1.85037170770859E-16));
#15430=CARTESIAN_POINT('',(-43.4,-32.8,2.));
#15431=CARTESIAN_POINT('',(-44.,-32.8,2.));
#15432=VECTOR('',#15433,1.);
#15433=DIRECTION('',(1.,0.,0.));
#15434=CARTESIAN_POINT('',(-43.4,-35.2,2.));
#15435=CARTESIAN_POINT('',(-43.4,-32.8,2.));
#15436=VECTOR('',#15437,1.);
#15437=DIRECTION('',(0.,-1.,1.85037170770859E-16));
#15438=CARTESIAN_POINT('',(-43.4,-35.2,2.));
#15439=VECTOR('',#15440,1.);
#15440=DIRECTION('',(-1.,0.,0.));
#15441=CARTESIAN_POINT('',(-45.,-30.,2.));
#15442=VECTOR('',#15443,1.);
#15443=DIRECTION('',(0.,0.808736084303188,0.588171697675046));
#15444=CARTESIAN_POINT('',(-45.5,-32.2,11.5));
#15445=VECTOR('',#15446,1.);
#15446=DIRECTION('',(0.,-0.371390676354103,0.92847669088526));
#15447=CARTESIAN_POINT('',(-47.,-32.,11.));
#15448=VECTOR('',#15449,1.);
#15449=DIRECTION('',(1.,0.,0.));
#15450=CARTESIAN_POINT('',(-47.,32.,11.));
#15451=VECTOR('',#15452,1.);
#15452=DIRECTION('',(1.,0.,0.));
#15453=CARTESIAN_POINT('',(-47.,9.,11.));
#15454=VECTOR('',#15455,1.);
#15455=DIRECTION('',(1.,0.,0.));
#15456=CARTESIAN_POINT('',(-47.,-9.,11.));
#15457=VECTOR('',#15458,1.);
#15458=DIRECTION('',(1.,0.,0.));
#15459=CARTESIAN_POINT('',(23.,-31.,0.999999999999995));
#15460=AXIS2_PLACEMENT_3D('',#15461,#15462,#15463);
#15461=CARTESIAN_POINT('',(23.,-34.,0.999999999999995));
#15462=DIRECTION('',(1.25825276124184E-16,-6.00120553851436E-17,1.));
#15463=DIRECTION('',(6.12323399573677E-17,1.,6.00120553851436E-17));
#15464=CARTESIAN_POINT('',(23.,37.,0.999999999999999));
#15465=AXIS2_PLACEMENT_3D('',#15466,#15467,#15468);
#15466=CARTESIAN_POINT('',(23.,34.,0.999999999999999));
#15467=DIRECTION('',(1.25825276124184E-16,-6.00120553851436E-17,1.));
#15468=DIRECTION('',(6.12323399573677E-17,1.,6.00120553851436E-17));
#15469=CARTESIAN_POINT('',(-23.,37.,1.00000000000001));
#15470=AXIS2_PLACEMENT_3D('',#15471,#15472,#15473);
#15471=CARTESIAN_POINT('',(-23.,34.,1.));
#15472=DIRECTION('',(1.25825276124184E-16,-6.00120553851436E-17,1.));
#15473=DIRECTION('',(6.12323399573677E-17,1.,6.00120553851436E-17));
#15474=CARTESIAN_POINT('',(-23.,-31.,1.));
#15475=AXIS2_PLACEMENT_3D('',#15476,#15477,#15478);
#15476=CARTESIAN_POINT('',(-23.,-34.,1.));
#15477=DIRECTION('',(1.25825276124184E-16,-6.00120553851436E-17,1.));
#15478=DIRECTION('',(6.12323399573677E-17,1.,6.00120553851436E-17));
#15479=CARTESIAN_POINT('',(-44.,33.7,1.50000000000001));
#15480=CARTESIAN_POINT('',(-44.,33.7,1.50000000000001));
#15481=VECTOR('',#15482,1.);
#15482=DIRECTION('',(0.,0.,1.));
#15483=CARTESIAN_POINT('',(-44.9,33.7,1.50000000000001));
#15484=CARTESIAN_POINT('',(-44.9,33.7,1.50000000000001));
#15485=VECTOR('',#15486,1.);
#15486=DIRECTION('',(1.,0.,0.));
#15487=CARTESIAN_POINT('',(-44.9,33.7,1.50000000000001));
#15488=VECTOR('',#15489,1.);
#15489=DIRECTION('',(0.,0.,1.));
#15490=CARTESIAN_POINT('',(-44.9,34.3,1.50000000000001));
#15491=CARTESIAN_POINT('',(-44.9,34.3,1.50000000000001));
#15492=VECTOR('',#15493,1.);
#15493=DIRECTION('',(0.,-1.,0.));
#15494=CARTESIAN_POINT('',(-44.9,34.3,1.50000000000001));
#15495=VECTOR('',#15496,1.);
#15496=DIRECTION('',(0.,0.,1.));
#15497=CARTESIAN_POINT('',(-44.,34.3,1.50000000000001));
#15498=CARTESIAN_POINT('',(-44.,34.3,1.50000000000001));
#15499=VECTOR('',#15500,1.);
#15500=DIRECTION('',(-1.,0.,0.));
#15501=CARTESIAN_POINT('',(-44.,34.3,1.50000000000001));
#15502=VECTOR('',#15503,1.);
#15503=DIRECTION('',(0.,0.,1.));
#15504=CARTESIAN_POINT('',(-44.,35.2,1.50000000000001));
#15505=CARTESIAN_POINT('',(-44.,35.2,1.50000000000001));
#15506=VECTOR('',#15507,1.);
#15507=DIRECTION('',(0.,-1.,-2.46716227694478E-16));
#15508=CARTESIAN_POINT('',(-44.,35.2,1.50000000000001));
#15509=VECTOR('',#15510,1.);
#15510=DIRECTION('',(0.,0.,1.));
#15511=CARTESIAN_POINT('',(-43.4,35.2,1.50000000000001));
#15512=CARTESIAN_POINT('',(-43.4,35.2,1.50000000000001));
#15513=VECTOR('',#15514,1.);
#15514=DIRECTION('',(-1.,0.,0.));
#15515=CARTESIAN_POINT('',(-43.4,35.2,1.50000000000001));
#15516=VECTOR('',#15517,1.);
#15517=DIRECTION('',(0.,0.,1.));
#15518=CARTESIAN_POINT('',(-43.4,34.3,1.50000000000001));
#15519=CARTESIAN_POINT('',(-43.4,34.3,1.50000000000001));
#15520=VECTOR('',#15521,1.);
#15521=DIRECTION('',(0.,1.,2.46716227694476E-16));
#15522=CARTESIAN_POINT('',(-43.4,34.3,1.50000000000001));
#15523=VECTOR('',#15524,1.);
#15524=DIRECTION('',(0.,0.,1.));
#15525=CARTESIAN_POINT('',(-42.5,34.3,1.50000000000001));
#15526=CARTESIAN_POINT('',(-42.5,34.3,1.50000000000001));
#15527=VECTOR('',#15528,1.);
#15528=DIRECTION('',(-1.,0.,2.4671622769448E-16));
#15529=CARTESIAN_POINT('',(-42.5,34.3,1.50000000000001));
#15530=VECTOR('',#15531,1.);
#15531=DIRECTION('',(0.,0.,1.));
#15532=CARTESIAN_POINT('',(-42.5,33.7,1.50000000000001));
#15533=CARTESIAN_POINT('',(-42.5,33.7,1.50000000000001));
#15534=VECTOR('',#15535,1.);
#15535=DIRECTION('',(0.,1.,0.));
#15536=CARTESIAN_POINT('',(-42.5,33.7,1.50000000000001));
#15537=VECTOR('',#15538,1.);
#15538=DIRECTION('',(0.,0.,1.));
#15539=CARTESIAN_POINT('',(-43.4,33.7,1.50000000000001));
#15540=CARTESIAN_POINT('',(-43.4,33.7,1.50000000000001));
#15541=VECTOR('',#15542,1.);
#15542=DIRECTION('',(1.,0.,-2.46716227694482E-16));
#15543=CARTESIAN_POINT('',(-43.4,33.7,1.50000000000001));
#15544=VECTOR('',#15545,1.);
#15545=DIRECTION('',(0.,0.,1.));
#15546=CARTESIAN_POINT('',(-43.4,32.8,1.50000000000001));
#15547=CARTESIAN_POINT('',(-43.4,32.8,1.50000000000001));
#15548=VECTOR('',#15549,1.);
#15549=DIRECTION('',(0.,1.,0.));
#15550=CARTESIAN_POINT('',(-43.4,32.8,1.50000000000001));
#15551=VECTOR('',#15552,1.);
#15552=DIRECTION('',(0.,0.,1.));
#15553=CARTESIAN_POINT('',(-44.,32.8,1.50000000000001));
#15554=CARTESIAN_POINT('',(-44.,32.8,1.50000000000001));
#15555=VECTOR('',#15556,1.);
#15556=DIRECTION('',(1.,0.,0.));
#15557=CARTESIAN_POINT('',(-44.,32.8,1.50000000000001));
#15558=VECTOR('',#15559,1.);
#15559=DIRECTION('',(0.,0.,1.));
#15560=CARTESIAN_POINT('',(-44.,33.7,1.50000000000001));
#15561=VECTOR('',#15562,1.);
#15562=DIRECTION('',(0.,-1.,0.));
#15563=CARTESIAN_POINT('',(-0.299999999999996,33.7,1.5));
#15564=CARTESIAN_POINT('',(-0.299999999999996,33.7,1.5));
#15565=VECTOR('',#15566,1.);
#15566=DIRECTION('',(2.22044604925031E-16,0.,1.));
#15567=CARTESIAN_POINT('',(-1.2,33.7,1.5));
#15568=CARTESIAN_POINT('',(-1.2,33.7,1.5));
#15569=VECTOR('',#15570,1.);
#15570=DIRECTION('',(1.,0.,-2.46716227694479E-16));
#15571=CARTESIAN_POINT('',(-1.2,33.7,1.5));
#15572=VECTOR('',#15573,1.);
#15573=DIRECTION('',(0.,0.,1.));
#15574=CARTESIAN_POINT('',(-1.2,34.3,1.5));
#15575=CARTESIAN_POINT('',(-1.2,34.3,1.5));
#15576=VECTOR('',#15577,1.);
#15577=DIRECTION('',(0.,-1.,0.));
#15578=CARTESIAN_POINT('',(-1.2,34.3,1.5));
#15579=VECTOR('',#15580,1.);
#15580=DIRECTION('',(0.,0.,1.));
#15581=CARTESIAN_POINT('',(-0.299999999999996,34.3,1.5));
#15582=CARTESIAN_POINT('',(-0.299999999999996,34.3,1.5));
#15583=VECTOR('',#15584,1.);
#15584=DIRECTION('',(-1.,0.,2.46716227694479E-16));
#15585=CARTESIAN_POINT('',(-0.299999999999996,34.3,1.5));
#15586=VECTOR('',#15587,1.);
#15587=DIRECTION('',(1.11022302462516E-16,0.,1.));
#15588=CARTESIAN_POINT('',(-0.299999999999996,35.2,1.5));
#15589=CARTESIAN_POINT('',(-0.299999999999996,35.2,1.5));
#15590=VECTOR('',#15591,1.);
#15591=DIRECTION('',(-1.23358113847239E-16,-1.,-2.46716227694478E-16));
#15592=CARTESIAN_POINT('',(-0.299999999999996,35.2,1.5));
#15593=VECTOR('',#15594,1.);
#15594=DIRECTION('',(2.22044604925031E-16,0.,1.));
#15595=CARTESIAN_POINT('',(0.300000000000004,35.2,1.5));
#15596=CARTESIAN_POINT('',(0.300000000000004,35.2,1.5));
#15597=VECTOR('',#15598,1.);
#15598=DIRECTION('',(-1.,0.,0.));
#15599=CARTESIAN_POINT('',(0.300000000000004,35.2,1.5));
#15600=VECTOR('',#15601,1.);
#15601=DIRECTION('',(1.11022302462516E-16,0.,1.));
#15602=CARTESIAN_POINT('',(0.300000000000004,34.3,1.5));
#15603=CARTESIAN_POINT('',(0.300000000000004,34.3,1.5));
#15604=VECTOR('',#15605,1.);
#15605=DIRECTION('',(1.23358113847239E-16,1.,2.46716227694478E-16));
#15606=CARTESIAN_POINT('',(0.300000000000004,34.3,1.5));
#15607=VECTOR('',#15608,1.);
#15608=DIRECTION('',(2.22044604925031E-16,0.,1.));
#15609=CARTESIAN_POINT('',(1.2,34.3,1.5));
#15610=CARTESIAN_POINT('',(1.2,34.3,1.5));
#15611=VECTOR('',#15612,1.);
#15612=DIRECTION('',(-1.,0.,2.46716227694479E-16));
#15613=CARTESIAN_POINT('',(1.2,34.3,1.5));
#15614=VECTOR('',#15615,1.);
#15615=DIRECTION('',(0.,0.,1.));
#15616=CARTESIAN_POINT('',(1.2,33.7,1.5));
#15617=CARTESIAN_POINT('',(1.2,33.7,1.5));
#15618=VECTOR('',#15619,1.);
#15619=DIRECTION('',(0.,1.,0.));
#15620=CARTESIAN_POINT('',(1.2,33.7,1.5));
#15621=VECTOR('',#15622,1.);
#15622=DIRECTION('',(0.,0.,1.));
#15623=CARTESIAN_POINT('',(0.300000000000004,33.7,1.5));
#15624=CARTESIAN_POINT('',(0.300000000000004,33.7,1.5));
#15625=VECTOR('',#15626,1.);
#15626=DIRECTION('',(1.,0.,-2.46716227694479E-16));
#15627=CARTESIAN_POINT('',(0.300000000000004,33.7,1.5));
#15628=VECTOR('',#15629,1.);
#15629=DIRECTION('',(1.11022302462516E-16,0.,1.));
#15630=CARTESIAN_POINT('',(0.300000000000004,32.8,1.5));
#15631=CARTESIAN_POINT('',(0.300000000000004,32.8,1.5));
#15632=VECTOR('',#15633,1.);
#15633=DIRECTION('',(1.23358113847239E-16,1.,0.));
#15634=CARTESIAN_POINT('',(0.300000000000004,32.8,1.5));
#15635=VECTOR('',#15636,1.);
#15636=DIRECTION('',(2.22044604925031E-16,0.,1.));
#15637=CARTESIAN_POINT('',(-0.299999999999996,32.8,1.5));
#15638=CARTESIAN_POINT('',(-0.299999999999996,32.8,1.5));
#15639=VECTOR('',#15640,1.);
#15640=DIRECTION('',(1.,0.,0.));
#15641=CARTESIAN_POINT('',(-0.299999999999996,32.8,1.5));
#15642=VECTOR('',#15643,1.);
#15643=DIRECTION('',(1.11022302462516E-16,0.,1.));
#15644=CARTESIAN_POINT('',(-0.299999999999996,33.7,1.5));
#15645=VECTOR('',#15646,1.);
#15646=DIRECTION('',(-1.23358113847239E-16,-1.,0.));
#15647=CARTESIAN_POINT('',(42.5,33.7,1.5));
#15648=CARTESIAN_POINT('',(42.5,33.7,1.5));
#15649=VECTOR('',#15650,1.);
#15650=DIRECTION('',(0.,0.,1.));
#15651=CARTESIAN_POINT('',(42.5,34.3,1.5));
#15652=CARTESIAN_POINT('',(42.5,34.3,1.5));
#15653=VECTOR('',#15654,1.);
#15654=DIRECTION('',(0.,-1.,0.));
#15655=CARTESIAN_POINT('',(42.5,34.3,1.5));
#15656=VECTOR('',#15657,1.);
#15657=DIRECTION('',(0.,0.,1.));
#15658=CARTESIAN_POINT('',(43.4,34.3,1.5));
#15659=CARTESIAN_POINT('',(43.4,34.3,1.5));
#15660=VECTOR('',#15661,1.);
#15661=DIRECTION('',(-1.,0.,2.4671622769448E-16));
#15662=CARTESIAN_POINT('',(43.4,34.3,1.5));
#15663=VECTOR('',#15664,1.);
#15664=DIRECTION('',(0.,0.,1.));
#15665=CARTESIAN_POINT('',(43.4,35.2,1.5));
#15666=CARTESIAN_POINT('',(43.4,35.2,1.5));
#15667=VECTOR('',#15668,1.);
#15668=DIRECTION('',(0.,-1.,-2.46716227694478E-16));
#15669=CARTESIAN_POINT('',(43.4,35.2,1.5));
#15670=VECTOR('',#15671,1.);
#15671=DIRECTION('',(0.,0.,1.));
#15672=CARTESIAN_POINT('',(44.1,35.2,1.5));
#15673=CARTESIAN_POINT('',(44.1,35.2,1.5));
#15674=VECTOR('',#15675,1.);
#15675=DIRECTION('',(-1.,0.,0.));
#15676=CARTESIAN_POINT('',(44.1,35.2,1.5));
#15677=VECTOR('',#15678,1.);
#15678=DIRECTION('',(0.,0.,1.));
#15679=CARTESIAN_POINT('',(44.1,34.3,1.5));
#15680=CARTESIAN_POINT('',(44.1,34.3,1.5));
#15681=VECTOR('',#15682,1.);
#15682=DIRECTION('',(0.,1.,2.46716227694478E-16));
#15683=CARTESIAN_POINT('',(44.1,34.3,1.5));
#15684=VECTOR('',#15685,1.);
#15685=DIRECTION('',(0.,0.,1.));
#15686=CARTESIAN_POINT('',(45.,34.3,1.5));
#15687=VECTOR('',#15688,1.);
#15688=DIRECTION('',(-1.,0.,0.));
#15689=CARTESIAN_POINT('',(44.1,33.7,1.5));
#15690=CARTESIAN_POINT('',(44.1,33.7,1.5));
#15691=VECTOR('',#15692,1.);
#15692=DIRECTION('',(1.,0.,0.));
#15693=CARTESIAN_POINT('',(44.1,33.7,1.5));
#15694=VECTOR('',#15695,1.);
#15695=DIRECTION('',(0.,0.,1.));
#15696=CARTESIAN_POINT('',(44.1,32.8,1.5));
#15697=CARTESIAN_POINT('',(44.1,32.8,1.5));
#15698=VECTOR('',#15699,1.);
#15699=DIRECTION('',(0.,1.,0.));
#15700=CARTESIAN_POINT('',(44.1,32.8,1.5));
#15701=VECTOR('',#15702,1.);
#15702=DIRECTION('',(0.,0.,1.));
#15703=CARTESIAN_POINT('',(43.4,32.8,1.5));
#15704=CARTESIAN_POINT('',(43.4,32.8,1.5));
#15705=VECTOR('',#15706,1.);
#15706=DIRECTION('',(1.,0.,0.));
#15707=CARTESIAN_POINT('',(43.4,32.8,1.5));
#15708=VECTOR('',#15709,1.);
#15709=DIRECTION('',(0.,0.,1.));
#15710=CARTESIAN_POINT('',(43.4,33.7,1.5));
#15711=CARTESIAN_POINT('',(43.4,33.7,1.5));
#15712=VECTOR('',#15713,1.);
#15713=DIRECTION('',(0.,-1.,0.));
#15714=CARTESIAN_POINT('',(43.4,33.7,1.5));
#15715=VECTOR('',#15716,1.);
#15716=DIRECTION('',(0.,0.,1.));
#15717=CARTESIAN_POINT('',(42.5,33.7,1.5));
#15718=VECTOR('',#15719,1.);
#15719=DIRECTION('',(1.,0.,-2.4671622769448E-16));
#15720=CARTESIAN_POINT('',(43.4,-35.2,1.49999999999999));
#15721=CARTESIAN_POINT('',(43.4,-35.2,1.49999999999999));
#15722=VECTOR('',#15723,1.);
#15723=DIRECTION('',(0.,0.,1.));
#15724=CARTESIAN_POINT('',(43.4,-32.8,1.49999999999999));
#15725=CARTESIAN_POINT('',(43.4,-32.8,1.49999999999999));
#15726=VECTOR('',#15727,1.);
#15727=DIRECTION('',(0.,-1.,-9.25185853854295E-17));
#15728=CARTESIAN_POINT('',(43.4,-32.8,1.49999999999999));
#15729=VECTOR('',#15730,1.);
#15730=DIRECTION('',(0.,0.,1.));
#15731=CARTESIAN_POINT('',(44.1,-32.8,1.49999999999999));
#15732=CARTESIAN_POINT('',(44.1,-32.8,1.49999999999999));
#15733=VECTOR('',#15734,1.);
#15734=DIRECTION('',(-1.,0.,0.));
#15735=CARTESIAN_POINT('',(44.1,-32.8,1.49999999999999));
#15736=VECTOR('',#15737,1.);
#15737=DIRECTION('',(0.,0.,1.));
#15738=CARTESIAN_POINT('',(44.1,-35.2,1.49999999999999));
#15739=CARTESIAN_POINT('',(44.1,-35.2,1.49999999999999));
#15740=VECTOR('',#15741,1.);
#15741=DIRECTION('',(0.,1.,9.25185853854295E-17));
#15742=CARTESIAN_POINT('',(44.1,-35.2,1.49999999999999));
#15743=VECTOR('',#15744,1.);
#15744=DIRECTION('',(0.,0.,1.));
#15745=CARTESIAN_POINT('',(43.4,-35.2,1.49999999999999));
#15746=VECTOR('',#15747,1.);
#15747=DIRECTION('',(1.,0.,0.));
#15748=CARTESIAN_POINT('',(-0.300000000000004,-35.2,1.5));
#15749=CARTESIAN_POINT('',(-0.300000000000004,-35.2,1.5));
#15750=VECTOR('',#15751,1.);
#15751=DIRECTION('',(1.11022302462516E-16,0.,1.));
#15752=CARTESIAN_POINT('',(-0.300000000000004,-32.8,1.5));
#15753=CARTESIAN_POINT('',(-0.300000000000004,-32.8,1.5));
#15754=VECTOR('',#15755,1.);
#15755=DIRECTION('',(-1.38777878078144E-16,-1.,-9.25185853854295E-17));
#15756=CARTESIAN_POINT('',(-0.300000000000004,-32.8,1.5));
#15757=VECTOR('',#15758,1.);
#15758=DIRECTION('',(2.22044604925031E-16,0.,1.));
#15759=CARTESIAN_POINT('',(0.299999999999996,-32.8,1.5));
#15760=CARTESIAN_POINT('',(0.299999999999996,-32.8,1.5));
#15761=VECTOR('',#15762,1.);
#15762=DIRECTION('',(-1.,0.,0.));
#15763=CARTESIAN_POINT('',(0.299999999999996,-32.8,1.5));
#15764=VECTOR('',#15765,1.);
#15765=DIRECTION('',(1.11022302462516E-16,0.,1.));
#15766=CARTESIAN_POINT('',(0.299999999999996,-35.2,1.5));
#15767=CARTESIAN_POINT('',(0.299999999999996,-35.2,1.5));
#15768=VECTOR('',#15769,1.);
#15769=DIRECTION('',(1.38777878078144E-16,1.,9.25185853854295E-17));
#15770=CARTESIAN_POINT('',(0.299999999999996,-35.2,1.5));
#15771=VECTOR('',#15772,1.);
#15772=DIRECTION('',(2.22044604925031E-16,0.,1.));
#15773=CARTESIAN_POINT('',(-0.300000000000004,-35.2,1.5));
#15774=VECTOR('',#15775,1.);
#15775=DIRECTION('',(1.,0.,0.));
#15776=CARTESIAN_POINT('',(-44.,-35.2,1.5));
#15777=CARTESIAN_POINT('',(-44.,-35.2,1.5));
#15778=VECTOR('',#15779,1.);
#15779=DIRECTION('',(0.,0.,1.));
#15780=CARTESIAN_POINT('',(-44.,-32.8,1.5));
#15781=CARTESIAN_POINT('',(-44.,-32.8,1.5));
#15782=VECTOR('',#15783,1.);
#15783=DIRECTION('',(0.,-1.,-9.25185853854295E-17));
#15784=CARTESIAN_POINT('',(-44.,-32.8,1.5));
#15785=VECTOR('',#15786,1.);
#15786=DIRECTION('',(0.,0.,1.));
#15787=CARTESIAN_POINT('',(-43.4,-32.8,1.5));
#15788=CARTESIAN_POINT('',(-43.4,-32.8,1.5));
#15789=VECTOR('',#15790,1.);
#15790=DIRECTION('',(-1.,0.,0.));
#15791=CARTESIAN_POINT('',(-43.4,-32.8,1.5));
#15792=VECTOR('',#15793,1.);
#15793=DIRECTION('',(0.,0.,1.));
#15794=CARTESIAN_POINT('',(-43.4,-35.2,1.5));
#15795=CARTESIAN_POINT('',(-43.4,-35.2,1.5));
#15796=VECTOR('',#15797,1.);
#15797=DIRECTION('',(0.,1.,9.25185853854295E-17));
#15798=CARTESIAN_POINT('',(-43.4,-35.2,1.5));
#15799=VECTOR('',#15800,1.);
#15800=DIRECTION('',(0.,0.,1.));
#15801=CARTESIAN_POINT('',(-44.,-35.2,1.5));
#15802=VECTOR('',#15803,1.);
#15803=DIRECTION('',(1.,0.,0.));
#15804=CARTESIAN_POINT('',(-8.57252759403147E-15,9.29,-70.));
#15805=AXIS2_PLACEMENT_3D('',#15806,#15807,#15808);
#15806=CARTESIAN_POINT('',(-8.57252759403147E-15,8.57252759403147E-15,-70.));
#15807=DIRECTION('',(-1.22464679914735E-16,8.02143653441516E-15,-1.));
#15808=DIRECTION('',(9.82342657643516E-31,1.,8.02143653441516E-15));
#15809=CARTESIAN_POINT('',(-8.5112952540741E-15,9.29,-69.5));
#15810=AXIS2_PLACEMENT_3D('',#15811,#15812,#15813);
#15811=CARTESIAN_POINT('',(-8.51129525407411E-15,4.56180932682449E-15,-69.5000000000001));
#15812=DIRECTION('',(-1.22464679914735E-16,8.02143653441516E-15,-1.));
#15813=DIRECTION('',(1.06465611217441E-30,1.,8.02143653441516E-15));
#15814=CARTESIAN_POINT('',(-2.44929359829464E-17,9.5,-0.199999999999995));
#15815=AXIS2_PLACEMENT_3D('',#15816,#15817,#15818);
#15816=CARTESIAN_POINT('',(0.,0.,-0.199999999999999));
#15817=DIRECTION('',(0.,0.,-1.));
#15818=DIRECTION('',(-2.57820378767857E-18,1.,0.));
#15819=CARTESIAN_POINT('',(-2.44929359829471E-17,7.,-0.2));
#15820=AXIS2_PLACEMENT_3D('',#15821,#15822,#15823);
#15821=CARTESIAN_POINT('',(0.,0.,-0.199999999999999));
#15822=DIRECTION('',(0.,0.,-1.));
#15823=DIRECTION('',(-2.57820378767857E-18,1.,0.));
#15824=CARTESIAN_POINT('',(1.12481983699639E-31,8.,9.18485099360515E-16));
#15825=AXIS2_PLACEMENT_3D('',#15826,#15827,#15828);
#15826=CARTESIAN_POINT('',(0.,0.,7.19325249339923E-16));
#15827=DIRECTION('',(0.,0.,-1.));
#15828=DIRECTION('',(9.27283541210535E-33,1.,0.));
#15829=CARTESIAN_POINT('',(-1.00421037530083E-15,8.,-0.1));
#15830=AXIS2_PLACEMENT_3D('',#15831,#15832,#15833);
#15831=CARTESIAN_POINT('',(0.,0.,-0.1));
#15832=DIRECTION('',(0.,0.,-1.));
#15833=DIRECTION('',(-3.06161699786837E-18,1.,0.));
#15834=CARTESIAN_POINT('',(-1.22464679914735E-17,7.,-0.0999999999999996));
#15835=AXIS2_PLACEMENT_3D('',#15836,#15837,#15838);
#15836=CARTESIAN_POINT('',(0.,0.,-0.1));
#15837=DIRECTION('',(0.,0.,-1.));
#15838=DIRECTION('',(-1.25091603590128E-18,1.,0.));
#15839=CARTESIAN_POINT('',(-1.22464679914735E-16,10.3,-0.999999999999999));
#15840=AXIS2_PLACEMENT_3D('',#15841,#15842,#15843);
#15841=CARTESIAN_POINT('',(0.,0.,-0.999999999999999));
#15842=DIRECTION('',(0.,0.,-1.));
#15843=DIRECTION('',(-1.28910189383932E-17,1.,0.));
#15844=CARTESIAN_POINT('',(8.80919364150008E-32,9.5,7.19325249339923E-16));
#15845=AXIS2_PLACEMENT_3D('',#15846,#15847,#15848);
#15846=CARTESIAN_POINT('',(0.,0.,7.19325249339923E-16));
#15847=DIRECTION('',(0.,0.,-1.));
#15848=DIRECTION('',(9.27283541210535E-33,1.,0.));
#15849=CARTESIAN_POINT('',(-3.67394039744206E-16,10.3,-3.));
#15850=AXIS2_PLACEMENT_3D('',#15851,#15852,#15853);
#15851=CARTESIAN_POINT('',(0.,0.,-3.));
#15852=DIRECTION('',(0.,0.,-1.));
#15853=DIRECTION('',(-3.56693242470103E-17,1.,0.));
#15854=CARTESIAN_POINT('',(-1.22464679914735E-16,10.5,-0.999999999999999));
#15855=AXIS2_PLACEMENT_3D('',#15856,#15857,#15858);
#15856=CARTESIAN_POINT('',(0.,0.,-0.999999999999999));
#15857=DIRECTION('',(0.,0.,-1.));
#15858=DIRECTION('',(-1.16633028490224E-17,1.,0.));
#15859=CARTESIAN_POINT('',(-3.91886975727153E-16,10.1,-3.2));
#15860=AXIS2_PLACEMENT_3D('',#15861,#15862,#15863);
#15861=CARTESIAN_POINT('',(0.,0.,-3.2));
#15862=DIRECTION('',(0.,0.,-1.));
#15863=DIRECTION('',(-3.53824007668878E-17,1.,0.));
#15864=CARTESIAN_POINT('',(-3.91886975727153E-16,10.5,-3.2));
#15865=AXIS2_PLACEMENT_3D('',#15866,#15867,#15868);
#15866=CARTESIAN_POINT('',(0.,0.,-3.2));
#15867=DIRECTION('',(0.,0.,-1.));
#15868=DIRECTION('',(-3.72342516073919E-17,1.,0.));
#15869=CARTESIAN_POINT('',(-5.87830463590729E-16,10.1,-4.8));
#15870=AXIS2_PLACEMENT_3D('',#15871,#15872,#15873);
#15871=CARTESIAN_POINT('',(0.,0.,-4.8));
#15872=DIRECTION('',(0.,0.,-1.));
#15873=DIRECTION('',(-4.44681884714642E-17,1.,0.));
#15874=CARTESIAN_POINT('',(-4.163799117101E-16,10.3,-3.4));
#15875=AXIS2_PLACEMENT_3D('',#15876,#15877,#15878);
#15876=CARTESIAN_POINT('',(0.,0.,-3.4));
#15877=DIRECTION('',(0.,0.,-1.));
#15878=DIRECTION('',(-4.55699432565716E-17,1.,0.));
#15879=CARTESIAN_POINT('',(-6.12323399573676E-16,10.3,-5.));
#15880=AXIS2_PLACEMENT_3D('',#15881,#15882,#15883);
#15881=CARTESIAN_POINT('',(0.,0.,-5.));
#15882=DIRECTION('',(0.,0.,-1.));
#15883=DIRECTION('',(-6.34418573446529E-17,1.,0.));
#15884=CARTESIAN_POINT('',(-5.63337527607783E-16,10.3,-4.6));
#15885=AXIS2_PLACEMENT_3D('',#15886,#15887,#15888);
#15886=CARTESIAN_POINT('',(0.,0.,-4.6));
#15887=DIRECTION('',(0.,0.,-1.));
#15888=DIRECTION('',(-5.84931491798674E-17,1.,0.));
#15889=CARTESIAN_POINT('',(-8.45006291411674E-15,10.3,-69.));
#15890=AXIS2_PLACEMENT_3D('',#15891,#15892,#15893);
#15891=CARTESIAN_POINT('',(0.,0.,-69.));
#15892=DIRECTION('',(0.,0.,-1.));
#15893=DIRECTION('',(-8.20394457681236E-16,1.,0.));
#15894=CARTESIAN_POINT('',(-5.87830463590729E-16,10.5,-4.8));
#15895=AXIS2_PLACEMENT_3D('',#15896,#15897,#15898);
#15896=CARTESIAN_POINT('',(0.,0.,-4.8));
#15897=DIRECTION('',(0.,0.,-1.));
#15898=DIRECTION('',(-5.59838536753075E-17,1.,0.));
#15899=CARTESIAN_POINT('',(-8.54803465804854E-15,9.4999999999998,-69.8000000000001));
#15900=AXIS2_PLACEMENT_3D('',#15901,#15902,#15903);
#15901=CARTESIAN_POINT('',(0.,0.,-69.8000000000001));
#15902=DIRECTION('',(0.,0.,-1.));
#15903=DIRECTION('',(-8.99793121899865E-16,1.,0.));
#15904=CARTESIAN_POINT('',(-8.45006291411674E-15,10.5,-69.));
#15905=AXIS2_PLACEMENT_3D('',#15906,#15907,#15908);
#15906=CARTESIAN_POINT('',(0.,0.,-69.));
#15907=DIRECTION('',(0.,0.,-1.));
#15908=DIRECTION('',(-8.89480306749129E-16,1.,0.));
#15909=CARTESIAN_POINT('',(-8.54803465804852E-15,9.30000000000001,-69.8));
#15910=AXIS2_PLACEMENT_3D('',#15911,#15912,#15913);
#15911=CARTESIAN_POINT('',(0.,0.,-69.8000000000001));
#15912=DIRECTION('',(0.,0.,-1.));
#15913=DIRECTION('',(-8.99793121899865E-16,1.,0.));
#15914=CARTESIAN_POINT('',(-8.57252759403147E-15,9.50000000000001,-70.));
#15915=AXIS2_PLACEMENT_3D('',#15916,#15917,#15918);
#15916=CARTESIAN_POINT('',(0.,0.,-70.));
#15917=DIRECTION('',(0.,0.,-1.));
#15918=DIRECTION('',(-9.02371325687523E-16,1.,0.));
#15919=CARTESIAN_POINT('',(-8.57252759403147E-15,9.30000000000001,-70.));
#15920=AXIS2_PLACEMENT_3D('',#15921,#15922,#15923);
#15921=CARTESIAN_POINT('',(0.,0.,-70.));
#15922=DIRECTION('',(0.,0.,-1.));
#15923=DIRECTION('',(-9.02371325687523E-16,1.,0.));
#15924=CARTESIAN_POINT('',(-7.77650717458569E-15,10.,-63.5));
#15925=AXIS2_PLACEMENT_3D('',#15926,#15927,#15928);
#15926=CARTESIAN_POINT('',(0.,0.,-63.5));
#15927=DIRECTION('',(0.,0.,-1.));
#15928=DIRECTION('',(-7.77650717458569E-16,1.,0.));
#15929=CARTESIAN_POINT('',(-8.57252759403147E-17,10.,-0.699999999999999));
#15930=AXIS2_PLACEMENT_3D('',#15931,#15932,#15933);
#15931=CARTESIAN_POINT('',(0.,0.,-0.699999999999999));
#15932=DIRECTION('',(0.,0.,-1.));
#15933=DIRECTION('',(-8.57252759403147E-18,1.,0.));
#15934=CARTESIAN_POINT('',(-8.57252759403147E-17,6.9,-0.7));
#15935=AXIS2_PLACEMENT_3D('',#15936,#15937,#15938);
#15936=CARTESIAN_POINT('',(0.,0.,-0.699999999999999));
#15937=DIRECTION('',(0.,0.,-1.));
#15938=DIRECTION('',(-8.57252759403147E-18,1.,0.));
#15939=CARTESIAN_POINT('',(8.84858271770496E-32,5.9,7.22541611496938E-16));
#15940=AXIS2_PLACEMENT_3D('',#15941,#15942,#15943);
#15941=CARTESIAN_POINT('',(0.,0.,7.22541611496938E-16));
#15942=DIRECTION('',(0.,0.,-1.));
#15943=DIRECTION('',(1.49975978266186E-32,1.,0.));
#15944=CARTESIAN_POINT('',(-2.,5.5,0.2));
#15945=CARTESIAN_POINT('',(-2.29393379207701,5.54417421782245,0.2));
#15946=AXIS2_PLACEMENT_3D('',#15947,#15948,#15949);
#15947=CARTESIAN_POINT('',(-2.,6.5,0.2));
#15948=DIRECTION('',(0.,0.,1.));
#15949=DIRECTION('',(-0.293933792076941,-0.955825782177521,0.));
#15950=CARTESIAN_POINT('',(-5.54417421782246,2.29393379207698,0.2));
#15951=AXIS2_PLACEMENT_3D('',#15952,#15953,#15954);
#15952=CARTESIAN_POINT('',(0.,0.,0.2));
#15953=DIRECTION('',(0.,0.,-1.));
#15954=DIRECTION('',(-0.924029036303743,0.382322298679497,0.));
#15955=CARTESIAN_POINT('',(-5.5,2.,0.2));
#15956=AXIS2_PLACEMENT_3D('',#15957,#15958,#15959);
#15957=CARTESIAN_POINT('',(-6.5,2.,0.2));
#15958=DIRECTION('',(0.,0.,1.));
#15959=DIRECTION('',(1.,0.,0.));
#15960=CARTESIAN_POINT('',(-5.5,-2.,0.2));
#15961=CARTESIAN_POINT('',(-5.5,-2.,0.2));
#15962=VECTOR('',#15963,1.);
#15963=DIRECTION('',(0.,1.,0.));
#15964=CARTESIAN_POINT('',(-5.54417421782245,-2.29393379207701,0.2));
#15965=AXIS2_PLACEMENT_3D('',#15966,#15967,#15968);
#15966=CARTESIAN_POINT('',(-6.5,-2.,0.2));
#15967=DIRECTION('',(0.,0.,1.));
#15968=DIRECTION('',(0.955825782177521,-0.293933792076942,0.));
#15969=CARTESIAN_POINT('',(-2.29393379207698,-5.54417421782246,0.2));
#15970=AXIS2_PLACEMENT_3D('',#15971,#15972,#15973);
#15971=CARTESIAN_POINT('',(0.,0.,0.2));
#15972=DIRECTION('',(0.,0.,-1.));
#15973=DIRECTION('',(-0.382322298679497,-0.924029036303743,0.));
#15974=CARTESIAN_POINT('',(-2.,-5.5,0.2));
#15975=AXIS2_PLACEMENT_3D('',#15976,#15977,#15978);
#15976=CARTESIAN_POINT('',(-2.,-6.5,0.2));
#15977=DIRECTION('',(0.,0.,1.));
#15978=DIRECTION('',(0.,1.,0.));
#15979=CARTESIAN_POINT('',(2.,-5.5,0.2));
#15980=CARTESIAN_POINT('',(2.,-5.5,0.2));
#15981=VECTOR('',#15982,1.);
#15982=DIRECTION('',(-1.,0.,0.));
#15983=CARTESIAN_POINT('',(2.293933792077,-5.54417421782246,0.2));
#15984=AXIS2_PLACEMENT_3D('',#15985,#15986,#15987);
#15985=CARTESIAN_POINT('',(2.,-6.5,0.2));
#15986=DIRECTION('',(0.,0.,1.));
#15987=DIRECTION('',(0.293933792076943,0.95582578217752,0.));
#15988=CARTESIAN_POINT('',(5.54417421782248,-2.29393379207695,0.2));
#15989=AXIS2_PLACEMENT_3D('',#15990,#15991,#15992);
#15990=CARTESIAN_POINT('',(0.,0.,0.2));
#15991=DIRECTION('',(0.,0.,-1.));
#15992=DIRECTION('',(0.924029036303746,-0.382322298679492,0.));
#15993=CARTESIAN_POINT('',(5.5,-2.,0.2));
#15994=AXIS2_PLACEMENT_3D('',#15995,#15996,#15997);
#15995=CARTESIAN_POINT('',(6.5,-2.,0.2));
#15996=DIRECTION('',(0.,0.,1.));
#15997=DIRECTION('',(-1.,2.22044604925031E-16,0.));
#15998=CARTESIAN_POINT('',(5.5,2.,0.2));
#15999=CARTESIAN_POINT('',(5.5,2.,0.2));
#16000=VECTOR('',#16001,1.);
#16001=DIRECTION('',(0.,-1.,0.));
#16002=CARTESIAN_POINT('',(5.54417421782246,2.293933792077,0.2));
#16003=AXIS2_PLACEMENT_3D('',#16004,#16005,#16006);
#16004=CARTESIAN_POINT('',(6.5,2.,0.2));
#16005=DIRECTION('',(0.,0.,1.));
#16006=DIRECTION('',(-0.955825782177521,0.293933792076942,0.));
#16007=CARTESIAN_POINT('',(2.29393379207695,5.54417421782248,0.2));
#16008=AXIS2_PLACEMENT_3D('',#16009,#16010,#16011);
#16009=CARTESIAN_POINT('',(0.,0.,0.2));
#16010=DIRECTION('',(0.,0.,-1.));
#16011=DIRECTION('',(0.382322298679491,0.924029036303746,0.));
#16012=CARTESIAN_POINT('',(2.,5.5,0.2));
#16013=AXIS2_PLACEMENT_3D('',#16014,#16015,#16016);
#16014=CARTESIAN_POINT('',(2.,6.5,0.2));
#16015=DIRECTION('',(0.,0.,1.));
#16016=DIRECTION('',(-2.22044604925031E-16,-1.,0.));
#16017=CARTESIAN_POINT('',(-2.,5.5,0.2));
#16018=VECTOR('',#16019,1.);
#16019=DIRECTION('',(1.,0.,0.));
#16020=CARTESIAN_POINT('',(-2.98567282423141,6.33133143869803,-0.3));
#16021=CARTESIAN_POINT('',(-2.98567282484018,6.33133144225561,-0.3));
#16022=CARTESIAN_POINT('',(-2.98244248634011,6.3124515943734,-0.290773249382061));
#16023=CARTESIAN_POINT('',(-2.97263835479207,6.26365028487192,-0.266619291932069));
#16024=CARTESIAN_POINT('',(-2.9466327198849,6.17070104946205,-0.219068759301229));
#16025=CARTESIAN_POINT('',(-2.89249497193385,6.03849508845887,-0.14776043049366));
#16026=CARTESIAN_POINT('',(-2.80178501275247,5.8926598129279,-0.0623990671690083));
#16027=CARTESIAN_POINT('',(-2.6842711377488,5.76476961397866,0.0205124213879657));
#16028=CARTESIAN_POINT('',(-2.57262389078433,5.67705537042801,0.0836759411647886));
#16029=CARTESIAN_POINT('',(-2.47415120317196,5.61769161549345,0.130853579893171));
#16030=CARTESIAN_POINT('',(-2.38561354253361,5.57565101764779,0.167777025557102));
#16031=CARTESIAN_POINT('',(-2.32454797661659,5.55359005474356,0.18979636709404));
#16032=CARTESIAN_POINT('',(-2.29393379207699,5.54417421782247,0.2));
#16033=CARTESIAN_POINT('',(-6.33133143869803,2.98567282423141,-0.3));
#16034=AXIS2_PLACEMENT_3D('',#16035,#16036,#16037);
#16035=CARTESIAN_POINT('',(0.,0.,-0.3));
#16036=DIRECTION('',(0.,0.,-1.));
#16037=DIRECTION('',(-0.904475919814004,0.426524689175915,0.));
#16038=CARTESIAN_POINT('',(-5.54417421782248,2.29393379207698,0.2));
#16039=CARTESIAN_POINT('',(-5.55543305020586,2.33053378665081,0.187799397432267));
#16040=CARTESIAN_POINT('',(-5.58198850092623,2.40191014407882,0.161671802005462));
#16041=CARTESIAN_POINT('',(-5.63296343297606,2.50243605416293,0.118156822977615));
#16042=CARTESIAN_POINT('',(-5.70133870412037,2.60650519243004,0.0656032437718032));
#16043=CARTESIAN_POINT('',(-5.79014099768081,2.70948098234416,0.00366590800512863));
#16044=CARTESIAN_POINT('',(-5.9014365976178,2.80551657401507,-0.0671714933639343));
#16045=CARTESIAN_POINT('',(-6.01419948319097,2.87716036156865,-0.133491071993585));
#16046=CARTESIAN_POINT('',(-6.12336574716113,2.92845960112646,-0.193798835907262));
#16047=CARTESIAN_POINT('',(-6.22548462858372,2.96359731013036,-0.247442549956255));
#16048=CARTESIAN_POINT('',(-6.29580300235679,2.97959549463225,-0.282638751504214));
#16049=CARTESIAN_POINT('',(-6.33133143869802,2.98567282423141,-0.3));
#16050=CARTESIAN_POINT('',(2.98567282423141,6.33133143869803,-0.3));
#16051=CARTESIAN_POINT('',(2.29393379207695,5.54417421782248,0.2));
#16052=CARTESIAN_POINT('',(2.33053378665065,5.55543305020582,0.187799397432315));
#16053=CARTESIAN_POINT('',(2.40191014407845,5.58198850092609,0.161671802005604));
#16054=CARTESIAN_POINT('',(2.50243605416231,5.63296343297572,0.118156822977896));
#16055=CARTESIAN_POINT('',(2.60650519242934,5.70133870411984,0.0656032437721857));
#16056=CARTESIAN_POINT('',(2.70948098234352,5.79014099768017,0.00366590800556043));
#16057=CARTESIAN_POINT('',(2.80551657401458,5.90143659761713,-0.0671714933635272));
#16058=CARTESIAN_POINT('',(2.87716036156832,6.01419948319037,-0.133491071993242));
#16059=CARTESIAN_POINT('',(2.92845960112629,6.12336574716067,-0.193798835907016));
#16060=CARTESIAN_POINT('',(2.96359731013029,6.22548462858347,-0.247442549956126));
#16061=CARTESIAN_POINT('',(2.97959549463223,6.2958030023567,-0.282638751504168));
#16062=CARTESIAN_POINT('',(2.98567282423141,6.33133143869802,-0.3));
#16063=CARTESIAN_POINT('',(6.33133143869803,2.98567282423141,-0.3));
#16064=CARTESIAN_POINT('',(6.33133144225561,2.98567282484018,-0.3));
#16065=CARTESIAN_POINT('',(6.3124515943734,2.98244248634011,-0.29077324938206));
#16066=CARTESIAN_POINT('',(6.26365028487192,2.97263835479207,-0.266619291932068));
#16067=CARTESIAN_POINT('',(6.17070104946204,2.9466327198849,-0.219068759301228));
#16068=CARTESIAN_POINT('',(6.03849508845888,2.89249497193385,-0.14776043049366));
#16069=CARTESIAN_POINT('',(5.89265981292791,2.80178501275247,-0.0623990671690078));
#16070=CARTESIAN_POINT('',(5.76476961397866,2.6842711377488,0.0205124213879657));
#16071=CARTESIAN_POINT('',(5.67705537042801,2.57262389078433,0.0836759411647877));
#16072=CARTESIAN_POINT('',(5.61769161549345,2.47415120317197,0.130853579893171));
#16073=CARTESIAN_POINT('',(5.57565101764779,2.38561354253361,0.167777025557102));
#16074=CARTESIAN_POINT('',(5.55359005474356,2.32454797661659,0.189796367094039));
#16075=CARTESIAN_POINT('',(5.54417421782247,2.29393379207699,0.2));
#16076=AXIS2_PLACEMENT_3D('',#16077,#16078,#16079);
#16077=CARTESIAN_POINT('',(0.,0.,-0.3));
#16078=DIRECTION('',(0.,0.,-1.));
#16079=DIRECTION('',(0.426524689175915,0.904475919814004,0.));
#16080=CARTESIAN_POINT('',(-6.33133143869803,-2.98567282423141,-0.3));
#16081=CARTESIAN_POINT('',(-6.33133144225561,-2.98567282484019,-0.3));
#16082=CARTESIAN_POINT('',(-6.3124515943734,-2.98244248634011,-0.290773249382061));
#16083=CARTESIAN_POINT('',(-6.26365028487193,-2.97263835479207,-0.26661929193207));
#16084=CARTESIAN_POINT('',(-6.17070104946205,-2.9466327198849,-0.21906875930123));
#16085=CARTESIAN_POINT('',(-6.03849508845887,-2.89249497193385,-0.147760430493659));
#16086=CARTESIAN_POINT('',(-5.89265981292791,-2.80178501275247,-0.0623990671690105));
#16087=CARTESIAN_POINT('',(-5.76476961397866,-2.6842711377488,0.0205124213879653));
#16088=CARTESIAN_POINT('',(-5.67705537042801,-2.57262389078433,0.0836759411647869));
#16089=CARTESIAN_POINT('',(-5.61769161549345,-2.47415120317197,0.130853579893171));
#16090=CARTESIAN_POINT('',(-5.57565101764779,-2.38561354253362,0.167777025557101));
#16091=CARTESIAN_POINT('',(-5.55359005474356,-2.32454797661659,0.189796367094039));
#16092=CARTESIAN_POINT('',(-5.54417421782247,-2.29393379207699,0.2));
#16093=CARTESIAN_POINT('',(-2.98567282423141,-6.33133143869803,-0.3));
#16094=AXIS2_PLACEMENT_3D('',#16095,#16096,#16097);
#16095=CARTESIAN_POINT('',(0.,0.,-0.3));
#16096=DIRECTION('',(0.,0.,-1.));
#16097=DIRECTION('',(-0.426524689175915,-0.904475919814004,0.));
#16098=CARTESIAN_POINT('',(-2.29393379207698,-5.54417421782248,0.2));
#16099=CARTESIAN_POINT('',(-2.33053378665081,-5.55543305020586,0.187799397432267));
#16100=CARTESIAN_POINT('',(-2.40191014407882,-5.58198850092624,0.161671802005462));
#16101=CARTESIAN_POINT('',(-2.50243605416293,-5.63296343297606,0.118156822977614));
#16102=CARTESIAN_POINT('',(-2.60650519243004,-5.70133870412037,0.0656032437718019));
#16103=CARTESIAN_POINT('',(-2.70948098234416,-5.79014099768081,0.00366590800512921));
#16104=CARTESIAN_POINT('',(-2.80551657401507,-5.9014365976178,-0.0671714933639354));
#16105=CARTESIAN_POINT('',(-2.87716036156865,-6.01419948319097,-0.133491071993585));
#16106=CARTESIAN_POINT('',(-2.92845960112647,-6.12336574716113,-0.193798835907262));
#16107=CARTESIAN_POINT('',(-2.96359731013036,-6.22548462858372,-0.247442549956256));
#16108=CARTESIAN_POINT('',(-2.97959549463225,-6.29580300235679,-0.282638751504214));
#16109=CARTESIAN_POINT('',(-2.98567282423141,-6.33133143869802,-0.3));
#16110=CARTESIAN_POINT('',(6.33133143869803,-2.98567282423141,-0.3));
#16111=CARTESIAN_POINT('',(5.54417421782248,-2.29393379207695,0.2));
#16112=CARTESIAN_POINT('',(5.55543305020582,-2.33053378665065,0.187799397432316));
#16113=CARTESIAN_POINT('',(5.58198850092609,-2.40191014407845,0.161671802005605));
#16114=CARTESIAN_POINT('',(5.63296343297572,-2.50243605416231,0.118156822977895));
#16115=CARTESIAN_POINT('',(5.70133870411984,-2.60650519242934,0.0656032437721863));
#16116=CARTESIAN_POINT('',(5.79014099768017,-2.70948098234352,0.00366590800555894));
#16117=CARTESIAN_POINT('',(5.90143659761713,-2.80551657401458,-0.0671714933635261));
#16118=CARTESIAN_POINT('',(6.01419948319036,-2.87716036156832,-0.133491071993242));
#16119=CARTESIAN_POINT('',(6.12336574716067,-2.92845960112629,-0.193798835907016));
#16120=CARTESIAN_POINT('',(6.22548462858347,-2.96359731013029,-0.247442549956126));
#16121=CARTESIAN_POINT('',(6.2958030023567,-2.97959549463223,-0.282638751504169));
#16122=CARTESIAN_POINT('',(6.33133143869802,-2.98567282423141,-0.3));
#16123=CARTESIAN_POINT('',(2.98567282423141,-6.33133143869803,-0.3));
#16124=CARTESIAN_POINT('',(2.98567282484018,-6.33133144225561,-0.3));
#16125=CARTESIAN_POINT('',(2.98244248634011,-6.3124515943734,-0.29077324938206));
#16126=CARTESIAN_POINT('',(2.97263835479207,-6.26365028487192,-0.266619291932068));
#16127=CARTESIAN_POINT('',(2.9466327198849,-6.17070104946204,-0.219068759301228));
#16128=CARTESIAN_POINT('',(2.89249497193385,-6.03849508845887,-0.147760430493658));
#16129=CARTESIAN_POINT('',(2.80178501275247,-5.89265981292791,-0.0623990671690079));
#16130=CARTESIAN_POINT('',(2.68427113774879,-5.76476961397866,0.0205124213879666));
#16131=CARTESIAN_POINT('',(2.57262389078433,-5.67705537042801,0.0836759411647883));
#16132=CARTESIAN_POINT('',(2.47415120317196,-5.61769161549344,0.130853579893171));
#16133=CARTESIAN_POINT('',(2.38561354253362,-5.57565101764779,0.167777025557103));
#16134=CARTESIAN_POINT('',(2.32454797661659,-5.55359005474356,0.18979636709404));
#16135=CARTESIAN_POINT('',(2.29393379207699,-5.54417421782247,0.2));
#16136=AXIS2_PLACEMENT_3D('',#16137,#16138,#16139);
#16137=CARTESIAN_POINT('',(0.,0.,-0.3));
#16138=DIRECTION('',(0.,0.,-1.));
#16139=DIRECTION('',(0.904475919814004,-0.426524689175916,0.));
#16140=CARTESIAN_POINT('',(-3.,6.5,-0.3));
#16141=AXIS2_PLACEMENT_3D('',#16142,#16143,#16144);
#16142=CARTESIAN_POINT('',(-2.,6.5,-0.3));
#16143=DIRECTION('',(0.,0.,1.));
#16144=DIRECTION('',(-1.,0.,0.));
#16145=CARTESIAN_POINT('',(-3.,9.53939201416946,-0.3));
#16146=CARTESIAN_POINT('',(-3.,9.53939201416945,-0.3));
#16147=VECTOR('',#16148,1.);
#16148=DIRECTION('',(0.,-1.,0.));
#16149=CARTESIAN_POINT('',(-9.53939201416945,3.,-0.3));
#16150=AXIS2_PLACEMENT_3D('',#16151,#16152,#16153);
#16151=CARTESIAN_POINT('',(0.,0.,-0.3));
#16152=DIRECTION('',(0.,0.,-1.));
#16153=DIRECTION('',(-0.953939201416946,0.3,0.));
#16154=CARTESIAN_POINT('',(-6.5,3.,-0.3));
#16155=CARTESIAN_POINT('',(-6.5,3.,-0.3));
#16156=VECTOR('',#16157,1.);
#16157=DIRECTION('',(-1.,0.,0.));
#16158=AXIS2_PLACEMENT_3D('',#16159,#16160,#16161);
#16159=CARTESIAN_POINT('',(-6.5,2.,-0.3));
#16160=DIRECTION('',(0.,0.,1.));
#16161=DIRECTION('',(0.168668561301972,0.985672824231409,0.));
#16162=CARTESIAN_POINT('',(3.,6.5,-0.3));
#16163=AXIS2_PLACEMENT_3D('',#16164,#16165,#16166);
#16164=CARTESIAN_POINT('',(2.,6.5,-0.3));
#16165=DIRECTION('',(0.,0.,1.));
#16166=DIRECTION('',(0.985672824231409,-0.168668561301973,0.));
#16167=CARTESIAN_POINT('',(6.5,3.,-0.3));
#16168=AXIS2_PLACEMENT_3D('',#16169,#16170,#16171);
#16169=CARTESIAN_POINT('',(6.5,2.,-0.3));
#16170=DIRECTION('',(0.,0.,1.));
#16171=DIRECTION('',(0.,1.,0.));
#16172=CARTESIAN_POINT('',(9.53939201416946,3.,-0.3));
#16173=CARTESIAN_POINT('',(9.53939201416945,3.,-0.3));
#16174=VECTOR('',#16175,1.);
#16175=DIRECTION('',(-1.,0.,0.));
#16176=CARTESIAN_POINT('',(3.,9.53939201416946,-0.3));
#16177=AXIS2_PLACEMENT_3D('',#16178,#16179,#16180);
#16178=CARTESIAN_POINT('',(0.,0.,-0.3));
#16179=DIRECTION('',(0.,0.,-1.));
#16180=DIRECTION('',(0.3,0.953939201416946,0.));
#16181=CARTESIAN_POINT('',(3.,6.5,-0.3));
#16182=VECTOR('',#16183,1.);
#16183=DIRECTION('',(0.,1.,0.));
#16184=CARTESIAN_POINT('',(-6.5,-3.,-0.3));
#16185=AXIS2_PLACEMENT_3D('',#16186,#16187,#16188);
#16186=CARTESIAN_POINT('',(-6.5,-2.,-0.3));
#16187=DIRECTION('',(0.,0.,1.));
#16188=DIRECTION('',(0.,-1.,0.));
#16189=CARTESIAN_POINT('',(-9.53939201416945,-3.00000000000001,-0.3));
#16190=CARTESIAN_POINT('',(-9.53939201416945,-3.,-0.3));
#16191=VECTOR('',#16192,1.);
#16192=DIRECTION('',(1.,0.,0.));
#16193=CARTESIAN_POINT('',(-3.,-9.53939201416946,-0.3));
#16194=AXIS2_PLACEMENT_3D('',#16195,#16196,#16197);
#16195=CARTESIAN_POINT('',(0.,0.,-0.3));
#16196=DIRECTION('',(0.,0.,-1.));
#16197=DIRECTION('',(-0.3,-0.953939201416946,0.));
#16198=CARTESIAN_POINT('',(-3.,-6.5,-0.3));
#16199=CARTESIAN_POINT('',(-3.,-6.5,-0.3));
#16200=VECTOR('',#16201,1.);
#16201=DIRECTION('',(0.,-1.,0.));
#16202=AXIS2_PLACEMENT_3D('',#16203,#16204,#16205);
#16203=CARTESIAN_POINT('',(-2.,-6.5,-0.3));
#16204=DIRECTION('',(0.,0.,1.));
#16205=DIRECTION('',(-0.985672824231409,0.168668561301972,0.));
#16206=CARTESIAN_POINT('',(6.5,-3.,-0.3));
#16207=AXIS2_PLACEMENT_3D('',#16208,#16209,#16210);
#16208=CARTESIAN_POINT('',(6.5,-2.,-0.3));
#16209=DIRECTION('',(0.,0.,1.));
#16210=DIRECTION('',(-0.168668561301971,-0.98567282423141,0.));
#16211=CARTESIAN_POINT('',(3.,-6.5,-0.3));
#16212=AXIS2_PLACEMENT_3D('',#16213,#16214,#16215);
#16213=CARTESIAN_POINT('',(2.,-6.5,-0.3));
#16214=DIRECTION('',(0.,0.,1.));
#16215=DIRECTION('',(1.,0.,0.));
#16216=CARTESIAN_POINT('',(3.,-9.53939201416946,-0.3));
#16217=CARTESIAN_POINT('',(3.,-9.53939201416945,-0.3));
#16218=VECTOR('',#16219,1.);
#16219=DIRECTION('',(0.,1.,0.));
#16220=CARTESIAN_POINT('',(9.53939201416946,-3.,-0.3));
#16221=AXIS2_PLACEMENT_3D('',#16222,#16223,#16224);
#16222=CARTESIAN_POINT('',(0.,0.,-0.3));
#16223=DIRECTION('',(0.,0.,-1.));
#16224=DIRECTION('',(0.953939201416946,-0.3,0.));
#16225=CARTESIAN_POINT('',(6.5,-3.,-0.3));
#16226=VECTOR('',#16227,1.);
#16227=DIRECTION('',(1.,0.,0.));
#16228=CARTESIAN_POINT('',(3.,9.53939201416946,-0.5));
#16229=CARTESIAN_POINT('',(3.,9.53939201416946,-0.3));
#16230=VECTOR('',#16231,1.);
#16231=DIRECTION('',(0.,0.,-1.));
#16232=CARTESIAN_POINT('',(9.53939201416946,3.,-0.5));
#16233=CARTESIAN_POINT('',(9.53939201416946,3.,-0.3));
#16234=VECTOR('',#16235,1.);
#16235=DIRECTION('',(0.,0.,-1.));
#16236=AXIS2_PLACEMENT_3D('',#16237,#16238,#16239);
#16237=CARTESIAN_POINT('',(0.,0.,-0.5));
#16238=DIRECTION('',(0.,0.,-1.));
#16239=DIRECTION('',(0.3,0.953939201416946,0.));
#16240=CARTESIAN_POINT('',(-3.,9.53939201416946,-0.5));
#16241=CARTESIAN_POINT('',(-3.,9.53939201416946,-0.3));
#16242=VECTOR('',#16243,1.);
#16243=DIRECTION('',(0.,0.,-1.));
#16244=CARTESIAN_POINT('',(-9.53939201416945,3.,-0.5));
#16245=AXIS2_PLACEMENT_3D('',#16246,#16247,#16248);
#16246=CARTESIAN_POINT('',(0.,0.,-0.5));
#16247=DIRECTION('',(0.,0.,-1.));
#16248=DIRECTION('',(-0.953939201416946,0.3,0.));
#16249=CARTESIAN_POINT('',(-9.53939201416946,3.,-0.3));
#16250=VECTOR('',#16251,1.);
#16251=DIRECTION('',(0.,0.,-1.));
#16252=CARTESIAN_POINT('',(-9.53939201416946,-3.,-0.5));
#16253=CARTESIAN_POINT('',(-9.53939201416946,-3.,-0.3));
#16254=VECTOR('',#16255,1.);
#16255=DIRECTION('',(0.,0.,-1.));
#16256=CARTESIAN_POINT('',(-3.,-9.53939201416945,-0.5));
#16257=AXIS2_PLACEMENT_3D('',#16258,#16259,#16260);
#16258=CARTESIAN_POINT('',(0.,0.,-0.5));
#16259=DIRECTION('',(0.,0.,-1.));
#16260=DIRECTION('',(-0.3,-0.953939201416946,0.));
#16261=CARTESIAN_POINT('',(-3.,-9.53939201416946,-0.3));
#16262=VECTOR('',#16263,1.);
#16263=DIRECTION('',(0.,0.,-1.));
#16264=CARTESIAN_POINT('',(9.53939201416946,-3.,-0.5));
#16265=CARTESIAN_POINT('',(9.53939201416946,-3.,-0.3));
#16266=VECTOR('',#16267,1.);
#16267=DIRECTION('',(0.,0.,-1.));
#16268=CARTESIAN_POINT('',(2.99999999999999,-9.53939201416946,-0.5));
#16269=CARTESIAN_POINT('',(3.,-9.53939201416946,-0.3));
#16270=VECTOR('',#16271,1.);
#16271=DIRECTION('',(0.,0.,-1.));
#16272=AXIS2_PLACEMENT_3D('',#16273,#16274,#16275);
#16273=CARTESIAN_POINT('',(0.,0.,-0.5));
#16274=DIRECTION('',(0.,0.,-1.));
#16275=DIRECTION('',(0.953939201416946,-0.3,0.));
#16276=CARTESIAN_POINT('',(-3.,6.5,-0.5));
#16277=CARTESIAN_POINT('',(-2.96322794665525,6.2313144789973,-0.5));
#16278=AXIS2_PLACEMENT_3D('',#16279,#16280,#16281);
#16279=CARTESIAN_POINT('',(-2.,6.5,-0.5));
#16280=DIRECTION('',(0.,0.,1.));
#16281=DIRECTION('',(-1.,0.,0.));
#16282=CARTESIAN_POINT('',(-6.23131447603641,2.96322795288164,-0.5));
#16283=AXIS2_PLACEMENT_3D('',#16284,#16285,#16286);
#16284=CARTESIAN_POINT('',(0.,0.,-0.5));
#16285=DIRECTION('',(0.,0.,-1.));
#16286=DIRECTION('',(-0.90308905449803,0.429453326504585,0.));
#16287=CARTESIAN_POINT('',(-6.5,3.,-0.5));
#16288=AXIS2_PLACEMENT_3D('',#16289,#16290,#16291);
#16289=CARTESIAN_POINT('',(-6.5,2.,-0.5));
#16290=DIRECTION('',(0.,0.,1.));
#16291=DIRECTION('',(0.26868552396356,0.963227952881574,0.));
#16292=CARTESIAN_POINT('',(-9.53939201416945,3.,-0.5));
#16293=VECTOR('',#16294,1.);
#16294=DIRECTION('',(1.,0.,0.));
#16295=CARTESIAN_POINT('',(-3.,6.5,-0.5));
#16296=VECTOR('',#16297,1.);
#16297=DIRECTION('',(0.,1.,0.));
#16298=CARTESIAN_POINT('',(2.96322795288164,6.23131447603641,-0.5));
#16299=CARTESIAN_POINT('',(3.,6.5,-0.5));
#16300=AXIS2_PLACEMENT_3D('',#16301,#16302,#16303);
#16301=CARTESIAN_POINT('',(2.,6.5,-0.5));
#16302=DIRECTION('',(0.,0.,1.));
#16303=DIRECTION('',(0.963227952881574,-0.26868552396356,0.));
#16304=CARTESIAN_POINT('',(3.,9.53939201416945,-0.5));
#16305=VECTOR('',#16306,1.);
#16306=DIRECTION('',(0.,-1.,0.));
#16307=CARTESIAN_POINT('',(6.5,3.,-0.5));
#16308=CARTESIAN_POINT('',(6.5,3.,-0.5));
#16309=VECTOR('',#16310,1.);
#16310=DIRECTION('',(1.,0.,0.));
#16311=CARTESIAN_POINT('',(6.2313144760381,2.96322795287809,-0.5));
#16312=AXIS2_PLACEMENT_3D('',#16313,#16314,#16315);
#16313=CARTESIAN_POINT('',(6.5,2.,-0.5));
#16314=DIRECTION('',(0.,0.,1.));
#16315=DIRECTION('',(0.,1.,0.));
#16316=AXIS2_PLACEMENT_3D('',#16317,#16318,#16319);
#16317=CARTESIAN_POINT('',(0.,0.,-0.5));
#16318=DIRECTION('',(0.,0.,-1.));
#16319=DIRECTION('',(0.429453326504585,0.90308905449803,0.));
#16320=CARTESIAN_POINT('',(-6.5,-3.,-0.5));
#16321=CARTESIAN_POINT('',(-6.2313144789973,-2.96322794665524,-0.5));
#16322=AXIS2_PLACEMENT_3D('',#16323,#16324,#16325);
#16323=CARTESIAN_POINT('',(-6.5,-2.,-0.5));
#16324=DIRECTION('',(0.,0.,1.));
#16325=DIRECTION('',(0.,-1.,0.));
#16326=CARTESIAN_POINT('',(-2.96322795288164,-6.23131447603641,-0.5));
#16327=AXIS2_PLACEMENT_3D('',#16328,#16329,#16330);
#16328=CARTESIAN_POINT('',(0.,0.,-0.5));
#16329=DIRECTION('',(0.,0.,-1.));
#16330=DIRECTION('',(-0.429453326504585,-0.90308905449803,0.));
#16331=CARTESIAN_POINT('',(-3.,-6.5,-0.5));
#16332=AXIS2_PLACEMENT_3D('',#16333,#16334,#16335);
#16333=CARTESIAN_POINT('',(-2.,-6.5,-0.5));
#16334=DIRECTION('',(0.,0.,1.));
#16335=DIRECTION('',(-0.963227952881573,0.268685523963561,0.));
#16336=CARTESIAN_POINT('',(-3.,-9.53939201416945,-0.5));
#16337=VECTOR('',#16338,1.);
#16338=DIRECTION('',(0.,1.,0.));
#16339=CARTESIAN_POINT('',(-6.5,-3.,-0.5));
#16340=VECTOR('',#16341,1.);
#16341=DIRECTION('',(-1.,0.,0.));
#16342=CARTESIAN_POINT('',(6.23131447603641,-2.96322795288164,-0.5));
#16343=CARTESIAN_POINT('',(6.5,-3.,-0.5));
#16344=AXIS2_PLACEMENT_3D('',#16345,#16346,#16347);
#16345=CARTESIAN_POINT('',(6.5,-2.,-0.5));
#16346=DIRECTION('',(0.,0.,1.));
#16347=DIRECTION('',(-0.26868552396356,-0.963227952881574,0.));
#16348=CARTESIAN_POINT('',(9.53939201416945,-3.,-0.5));
#16349=VECTOR('',#16350,1.);
#16350=DIRECTION('',(-1.,0.,0.));
#16351=CARTESIAN_POINT('',(3.,-6.5,-0.5));
#16352=CARTESIAN_POINT('',(3.,-6.5,-0.5));
#16353=VECTOR('',#16354,1.);
#16354=DIRECTION('',(0.,-1.,0.));
#16355=CARTESIAN_POINT('',(2.96322795287809,-6.2313144760381,-0.5));
#16356=AXIS2_PLACEMENT_3D('',#16357,#16358,#16359);
#16357=CARTESIAN_POINT('',(2.,-6.5,-0.5));
#16358=DIRECTION('',(0.,0.,1.));
#16359=DIRECTION('',(1.,0.,0.));
#16360=AXIS2_PLACEMENT_3D('',#16361,#16362,#16363);
#16361=CARTESIAN_POINT('',(0.,0.,-0.5));
#16362=DIRECTION('',(0.,0.,-1.));
#16363=DIRECTION('',(0.90308905449803,-0.429453326504585,0.));
#16364=CARTESIAN_POINT('',(-2.11749051528625,5.50692599529654,0.));
#16365=CARTESIAN_POINT('',(-2.96322794976314,6.23131447749797,-0.5));
#16366=CARTESIAN_POINT('',(-2.95316619393761,6.19522951548377,-0.481548249551039));
#16367=CARTESIAN_POINT('',(-2.92899206933302,6.12426991749538,-0.444320059488021));
#16368=CARTESIAN_POINT('',(-2.8810722033794,6.02258235318408,-0.388116297557641));
#16369=CARTESIAN_POINT('',(-2.81543343959504,5.91616682703349,-0.325956484846031));
#16370=CARTESIAN_POINT('',(-2.72065294979971,5.79985318330228,-0.253099846280531));
#16371=CARTESIAN_POINT('',(-2.59070031992686,5.68614473621998,-0.174149397165613));
#16372=CARTESIAN_POINT('',(-2.4467520220257,5.60074212616383,-0.105785539676647));
#16373=CARTESIAN_POINT('',(-2.32620571010809,5.55275150606132,-0.0600710696394431));
#16374=CARTESIAN_POINT('',(-2.23875004361411,5.52808650284369,-0.0320576191095815));
#16375=CARTESIAN_POINT('',(-2.17536957535409,5.51488900925126,-0.0141760506354509));
#16376=CARTESIAN_POINT('',(-2.13572873797384,5.50908341587401,-0.00427962779973996));
#16377=CARTESIAN_POINT('',(-2.11749051528625,5.50692599529654,0.));
#16378=CARTESIAN_POINT('',(-5.50692599529654,2.11749051528625,0.));
#16379=AXIS2_PLACEMENT_3D('',#16380,#16381,#16382);
#16380=CARTESIAN_POINT('',(0.,0.,0.));
#16381=DIRECTION('',(0.,0.,-1.));
#16382=DIRECTION('',(-0.933377287338396,0.358896697506144,0.));
#16383=CARTESIAN_POINT('',(-6.23131447603642,2.9632279528816,-0.5));
#16384=CARTESIAN_POINT('',(-6.19847004861503,2.95406993064541,-0.483205843321883));
#16385=CARTESIAN_POINT('',(-6.1217523693434,2.92836629646993,-0.443048385384853));
#16386=CARTESIAN_POINT('',(-5.99386563895517,2.86749470886922,-0.372234741802812));
#16387=CARTESIAN_POINT('',(-5.84436272934686,2.76411227929004,-0.282498123346225));
#16388=CARTESIAN_POINT('',(-5.70859209036898,2.62248238265508,-0.190955230700081));
#16389=CARTESIAN_POINT('',(-5.61220985464367,2.46937003825185,-0.115583774721075));
#16390=CARTESIAN_POINT('',(-5.5599613325241,2.34684579885594,-0.0673921474190757));
#16391=CARTESIAN_POINT('',(-5.53199974891466,2.25480133201423,-0.0368836556155995));
#16392=CARTESIAN_POINT('',(-5.51630283065057,2.18411861152133,-0.0164308238290241));
#16393=CARTESIAN_POINT('',(-5.50945373966205,2.13885979242958,-0.00501431606127144));
#16394=CARTESIAN_POINT('',(-5.50692599529654,2.11749051528625,0.));
#16395=CARTESIAN_POINT('',(2.11749051528625,5.50692599529654,0.));
#16396=CARTESIAN_POINT('',(2.9632279528816,6.23131447603642,-0.5));
#16397=CARTESIAN_POINT('',(2.95406993064541,6.19847004861503,-0.483205843321883));
#16398=CARTESIAN_POINT('',(2.92836629646993,6.1217523693434,-0.443048385384853));
#16399=CARTESIAN_POINT('',(2.86749470886922,5.99386563895517,-0.372234741802812));
#16400=CARTESIAN_POINT('',(2.76411227929005,5.84436272934686,-0.282498123346226));
#16401=CARTESIAN_POINT('',(2.62248238265508,5.70859209036899,-0.190955230700081));
#16402=CARTESIAN_POINT('',(2.46937003825185,5.61220985464367,-0.115583774721075));
#16403=CARTESIAN_POINT('',(2.34684579885594,5.5599613325241,-0.0673921474190742));
#16404=CARTESIAN_POINT('',(2.25480133201422,5.53199974891466,-0.0368836556156002));
#16405=CARTESIAN_POINT('',(2.18411861152133,5.51630283065057,-0.0164308238290233));
#16406=CARTESIAN_POINT('',(2.13885979242958,5.50945373966205,-0.00501431606127078));
#16407=CARTESIAN_POINT('',(2.11749051528625,5.50692599529654,0.));
#16408=CARTESIAN_POINT('',(5.50692599529654,2.11749051528625,0.));
#16409=CARTESIAN_POINT('',(6.23131447515538,2.96322795263383,-0.5));
#16410=CARTESIAN_POINT('',(6.19522951416744,2.95316619489144,-0.481548249331527));
#16411=CARTESIAN_POINT('',(6.12426991726271,2.92899206855948,-0.444320059137952));
#16412=CARTESIAN_POINT('',(6.02258235297356,2.88107220343782,-0.388116297496089));
#16413=CARTESIAN_POINT('',(5.9161668270655,2.81543343953801,-0.325956484840583));
#16414=CARTESIAN_POINT('',(5.79985318342987,2.72065294995171,-0.253099846373568));
#16415=CARTESIAN_POINT('',(5.68614473625719,2.59070031998284,-0.174149397193222));
#16416=CARTESIAN_POINT('',(5.60074212617085,2.44675202204655,-0.105785539684097));
#16417=CARTESIAN_POINT('',(5.55275150605821,2.32620571009898,-0.0600710696362265));
#16418=CARTESIAN_POINT('',(5.52808650284135,2.23875004360436,-0.0320576191066746));
#16419=CARTESIAN_POINT('',(5.51488900925042,2.17536957534876,-0.0141760506340869));
#16420=CARTESIAN_POINT('',(5.50908341587378,2.13572873797195,-0.00427962779929583));
#16421=CARTESIAN_POINT('',(5.50692599529654,2.11749051528625,0.));
#16422=AXIS2_PLACEMENT_3D('',#16423,#16424,#16425);
#16423=CARTESIAN_POINT('',(0.,0.,0.));
#16424=DIRECTION('',(0.,0.,-1.));
#16425=DIRECTION('',(0.358896697506144,0.933377287338396,0.));
#16426=CARTESIAN_POINT('',(-5.50692599529654,-2.11749051528625,0.));
#16427=CARTESIAN_POINT('',(-6.23131447749798,-2.96322794976314,-0.5));
#16428=CARTESIAN_POINT('',(-6.19522951548377,-2.95316619393761,-0.481548249551039));
#16429=CARTESIAN_POINT('',(-6.12426991749538,-2.92899206933302,-0.444320059488022));
#16430=CARTESIAN_POINT('',(-6.02258235318407,-2.8810722033794,-0.388116297557641));
#16431=CARTESIAN_POINT('',(-5.91616682703348,-2.81543343959504,-0.32595648484603));
#16432=CARTESIAN_POINT('',(-5.79985318330228,-2.72065294979971,-0.253099846280532));
#16433=CARTESIAN_POINT('',(-5.68614473621997,-2.59070031992686,-0.174149397165615));
#16434=CARTESIAN_POINT('',(-5.60074212616383,-2.4467520220257,-0.105785539676646));
#16435=CARTESIAN_POINT('',(-5.55275150606132,-2.32620571010809,-0.0600710696394453));
#16436=CARTESIAN_POINT('',(-5.52808650284369,-2.23875004361412,-0.0320576191095801));
#16437=CARTESIAN_POINT('',(-5.51488900925126,-2.17536957535409,-0.0141760506354514));
#16438=CARTESIAN_POINT('',(-5.50908341587401,-2.13572873797384,-0.00427962779974025));
#16439=CARTESIAN_POINT('',(-5.50692599529654,-2.11749051528625,0.));
#16440=CARTESIAN_POINT('',(-2.11749051528625,-5.50692599529654,0.));
#16441=AXIS2_PLACEMENT_3D('',#16442,#16443,#16444);
#16442=CARTESIAN_POINT('',(0.,0.,0.));
#16443=DIRECTION('',(0.,0.,-1.));
#16444=DIRECTION('',(-0.358896697506144,-0.933377287338396,0.));
#16445=CARTESIAN_POINT('',(-2.9632279528816,-6.23131447603642,-0.5));
#16446=CARTESIAN_POINT('',(-2.95406993064541,-6.19847004861503,-0.483205843321883));
#16447=CARTESIAN_POINT('',(-2.92836629646993,-6.1217523693434,-0.443048385384853));
#16448=CARTESIAN_POINT('',(-2.86749470886923,-5.99386563895517,-0.372234741802812));
#16449=CARTESIAN_POINT('',(-2.76411227929004,-5.84436272934686,-0.282498123346226));
#16450=CARTESIAN_POINT('',(-2.62248238265508,-5.70859209036899,-0.19095523070008));
#16451=CARTESIAN_POINT('',(-2.46937003825185,-5.61220985464367,-0.115583774721075));
#16452=CARTESIAN_POINT('',(-2.34684579885594,-5.55996133252409,-0.0673921474190731));
#16453=CARTESIAN_POINT('',(-2.25480133201422,-5.53199974891466,-0.0368836556156009));
#16454=CARTESIAN_POINT('',(-2.18411861152133,-5.51630283065057,-0.0164308238290224));
#16455=CARTESIAN_POINT('',(-2.13885979242958,-5.50945373966205,-0.00501431606127022));
#16456=CARTESIAN_POINT('',(-2.11749051528625,-5.50692599529654,0.));
#16457=CARTESIAN_POINT('',(5.50692599529654,-2.11749051528625,0.));
#16458=CARTESIAN_POINT('',(6.23131447603642,-2.9632279528816,-0.5));
#16459=CARTESIAN_POINT('',(6.19847004861503,-2.95406993064541,-0.483205843321883));
#16460=CARTESIAN_POINT('',(6.1217523693434,-2.92836629646993,-0.443048385384854));
#16461=CARTESIAN_POINT('',(5.99386563895517,-2.86749470886922,-0.372234741802811));
#16462=CARTESIAN_POINT('',(5.84436272934686,-2.76411227929005,-0.282498123346227));
#16463=CARTESIAN_POINT('',(5.70859209036899,-2.62248238265507,-0.19095523070008));
#16464=CARTESIAN_POINT('',(5.61220985464366,-2.46937003825185,-0.115583774721075));
#16465=CARTESIAN_POINT('',(5.5599613325241,-2.34684579885594,-0.0673921474190745));
#16466=CARTESIAN_POINT('',(5.53199974891466,-2.25480133201422,-0.0368836556156005));
#16467=CARTESIAN_POINT('',(5.51630283065057,-2.18411861152133,-0.0164308238290234));
#16468=CARTESIAN_POINT('',(5.50945373966205,-2.13885979242958,-0.00501431606127087));
#16469=CARTESIAN_POINT('',(5.50692599529654,-2.11749051528625,0.));
#16470=CARTESIAN_POINT('',(2.11749051528625,-5.50692599529654,0.));
#16471=CARTESIAN_POINT('',(2.96322795263383,-6.23131447515538,-0.5));
#16472=CARTESIAN_POINT('',(2.95316619489144,-6.19522951416744,-0.481548249331528));
#16473=CARTESIAN_POINT('',(2.92899206855948,-6.12426991726271,-0.444320059137953));
#16474=CARTESIAN_POINT('',(2.88107220343782,-6.02258235297356,-0.388116297496088));
#16475=CARTESIAN_POINT('',(2.81543343953801,-5.91616682706551,-0.325956484840585));
#16476=CARTESIAN_POINT('',(2.72065294995171,-5.79985318342987,-0.253099846373568));
#16477=CARTESIAN_POINT('',(2.59070031998284,-5.68614473625719,-0.174149397193223));
#16478=CARTESIAN_POINT('',(2.44675202204655,-5.60074212617085,-0.105785539684097));
#16479=CARTESIAN_POINT('',(2.32620571009898,-5.55275150605821,-0.0600710696362258));
#16480=CARTESIAN_POINT('',(2.23875004360436,-5.52808650284136,-0.0320576191066749));
#16481=CARTESIAN_POINT('',(2.17536957534876,-5.51488900925042,-0.0141760506340863));
#16482=CARTESIAN_POINT('',(2.13572873797194,-5.50908341587378,-0.00427962779929547));
#16483=CARTESIAN_POINT('',(2.11749051528625,-5.50692599529654,0.));
#16484=AXIS2_PLACEMENT_3D('',#16485,#16486,#16487);
#16485=CARTESIAN_POINT('',(0.,0.,0.));
#16486=DIRECTION('',(0.,0.,-1.));
#16487=DIRECTION('',(0.933377287338396,-0.358896697506144,0.));
#16488=CARTESIAN_POINT('',(-2.,5.5,0.));
#16489=AXIS2_PLACEMENT_3D('',#16490,#16491,#16492);
#16490=CARTESIAN_POINT('',(-2.,6.5,0.));
#16491=DIRECTION('',(0.,0.,1.));
#16492=DIRECTION('',(-0.117490515286251,-0.993074004703462,0.));
#16493=CARTESIAN_POINT('',(2.,5.5,0.));
#16494=CARTESIAN_POINT('',(2.,5.5,0.));
#16495=VECTOR('',#16496,1.);
#16496=DIRECTION('',(-1.,0.,0.));
#16497=AXIS2_PLACEMENT_3D('',#16498,#16499,#16500);
#16498=CARTESIAN_POINT('',(2.,6.5,0.));
#16499=DIRECTION('',(0.,0.,1.));
#16500=DIRECTION('',(-2.22044604925031E-16,-1.,0.));
#16501=CARTESIAN_POINT('',(5.5,2.,0.));
#16502=AXIS2_PLACEMENT_3D('',#16503,#16504,#16505);
#16503=CARTESIAN_POINT('',(6.5,2.,0.));
#16504=DIRECTION('',(0.,0.,1.));
#16505=DIRECTION('',(-0.993074004703462,0.117490515286251,0.));
#16506=CARTESIAN_POINT('',(5.5,-2.,0.));
#16507=CARTESIAN_POINT('',(5.5,-2.,0.));
#16508=VECTOR('',#16509,1.);
#16509=DIRECTION('',(0.,1.,0.));
#16510=AXIS2_PLACEMENT_3D('',#16511,#16512,#16513);
#16511=CARTESIAN_POINT('',(6.5,-2.,0.));
#16512=DIRECTION('',(0.,0.,1.));
#16513=DIRECTION('',(-1.,2.22044604925031E-16,0.));
#16514=CARTESIAN_POINT('',(2.,-5.5,0.));
#16515=AXIS2_PLACEMENT_3D('',#16516,#16517,#16518);
#16516=CARTESIAN_POINT('',(2.,-6.5,0.));
#16517=DIRECTION('',(0.,0.,1.));
#16518=DIRECTION('',(0.117490515286252,0.993074004703462,0.));
#16519=CARTESIAN_POINT('',(-2.,-5.5,0.));
#16520=CARTESIAN_POINT('',(-2.,-5.5,0.));
#16521=VECTOR('',#16522,1.);
#16522=DIRECTION('',(1.,0.,0.));
#16523=AXIS2_PLACEMENT_3D('',#16524,#16525,#16526);
#16524=CARTESIAN_POINT('',(-2.,-6.5,0.));
#16525=DIRECTION('',(0.,0.,1.));
#16526=DIRECTION('',(0.,1.,0.));
#16527=CARTESIAN_POINT('',(-5.5,-2.,0.));
#16528=AXIS2_PLACEMENT_3D('',#16529,#16530,#16531);
#16529=CARTESIAN_POINT('',(-6.5,-2.,0.));
#16530=DIRECTION('',(0.,0.,1.));
#16531=DIRECTION('',(0.993074004703462,-0.117490515286251,0.));
#16532=CARTESIAN_POINT('',(-5.5,2.,0.));
#16533=CARTESIAN_POINT('',(-5.5,2.,0.));
#16534=VECTOR('',#16535,1.);
#16535=DIRECTION('',(0.,-1.,0.));
#16536=AXIS2_PLACEMENT_3D('',#16537,#16538,#16539);
#16537=CARTESIAN_POINT('',(-6.5,2.,0.));
#16538=DIRECTION('',(0.,0.,1.));
#16539=DIRECTION('',(1.,0.,0.));
#16540=CARTESIAN_POINT('',(3.,-6.5,-0.5));
#16541=VECTOR('',#16542,1.);
#16542=DIRECTION('',(0.,0.,1.));
#16543=CARTESIAN_POINT('',(2.,-5.5,0.));
#16544=VECTOR('',#16545,1.);
#16545=DIRECTION('',(0.,0.,1.));
#16546=CARTESIAN_POINT('',(-3.,-6.5,-0.5));
#16547=VECTOR('',#16548,1.);
#16548=DIRECTION('',(0.,0.,1.));
#16549=CARTESIAN_POINT('',(-2.,-5.5,0.));
#16550=VECTOR('',#16551,1.);
#16551=DIRECTION('',(0.,0.,1.));
#16552=CARTESIAN_POINT('',(6.5,-3.,-0.5));
#16553=VECTOR('',#16554,1.);
#16554=DIRECTION('',(0.,0.,1.));
#16555=CARTESIAN_POINT('',(5.5,-2.,0.));
#16556=VECTOR('',#16557,1.);
#16557=DIRECTION('',(0.,0.,1.));
#16558=CARTESIAN_POINT('',(5.5,2.,0.));
#16559=VECTOR('',#16560,1.);
#16560=DIRECTION('',(0.,0.,1.));
#16561=CARTESIAN_POINT('',(6.5,3.,-0.5));
#16562=VECTOR('',#16563,1.);
#16563=DIRECTION('',(0.,0.,1.));
#16564=CARTESIAN_POINT('',(-6.5,-3.,-0.5));
#16565=VECTOR('',#16566,1.);
#16566=DIRECTION('',(0.,0.,1.));
#16567=CARTESIAN_POINT('',(-6.5,3.,-0.5));
#16568=VECTOR('',#16569,1.);
#16569=DIRECTION('',(0.,0.,1.));
#16570=CARTESIAN_POINT('',(-5.5,2.,0.));
#16571=VECTOR('',#16572,1.);
#16572=DIRECTION('',(0.,0.,1.));
#16573=CARTESIAN_POINT('',(-5.5,-2.,0.));
#16574=VECTOR('',#16575,1.);
#16575=DIRECTION('',(0.,0.,1.));
#16576=CARTESIAN_POINT('',(-3.,6.5,-0.5));
#16577=VECTOR('',#16578,1.);
#16578=DIRECTION('',(0.,0.,1.));
#16579=CARTESIAN_POINT('',(3.,6.5,-0.5));
#16580=VECTOR('',#16581,1.);
#16581=DIRECTION('',(0.,0.,1.));
#16582=CARTESIAN_POINT('',(2.,5.5,0.));
#16583=VECTOR('',#16584,1.);
#16584=DIRECTION('',(0.,0.,1.));
#16585=CARTESIAN_POINT('',(-2.,5.5,0.));
#16586=VECTOR('',#16587,1.);
#16587=DIRECTION('',(0.,0.,1.));
ENDSEC;
END-ISO-10303-21;
